{
    "min_berries": {
        "baseline_mean": 3.8918367016984337,
        "maximin_mean": 3.96457123356874,
        "baseline_stdev": 2.5654258856443066,
        "maximin_stdev": 2.555036084493544,
        "cohens_d": -0.02840930469384859
    },
    "total_berries": {
        "baseline_mean": 17.232530333352937,
        "maximin_mean": 17.756898069837927,
        "baseline_stdev": 10.919129879889022,
        "maximin_stdev": 11.129937926791234,
        "cohens_d": -0.04756153652273275
    },
    "gini_berries": {
        "baseline_mean": 0.08417364409100321,
        "maximin_mean": 0.04836735375339339,
        "baseline_stdev": 0.09067031896056219,
        "maximin_stdev": 0.04505873128681683,
        "cohens_d": 0.5001299024148703
    }
}