,episode,end_day,epsilon,mean_reward,mean_loss,max_berries,mean_berries,max_berries_consumed,mean_berries_consumed,gini_berries_consumed,mean_berries_thrown,max_health,mean_health,median_health,variance_health,deceased,num_emerged_norms
0,1,10,0.9990004998333751,-2.3499999999999996,0,1.0,0.030303030303030304,0.0,0.0,0,0.0,0.7000000000000001,0.3393939393939395,0.30000000000000016,0.0562121212121212,4,
0,2,9,0.9980019986673332,-1.9,0,1.0,0.09090909090909091,0.0,0.0,0,0.0,0.7000000000000001,0.3393939393939395,0.30000000000000016,0.0562121212121212,4,
0,3,9,0.9970044955033731,-2.55,0.2527261155622977,0.0,0.0,0.0,0.0,0,0.0,0.7000000000000001,0.3393939393939395,0.30000000000000016,0.0562121212121212,4,
0,4,9,0.9960079893439916,-2.05,0.8252216519580946,1.0,0.18181818181818182,0.0,0.0,0,0.0,0.7000000000000001,0.3393939393939395,0.30000000000000016,0.0562121212121212,4,
0,5,10,0.9950124791926824,-1.2999999999999998,1.0786793924328208,2.0,0.18181818181818182,0.0,0.0,0.75,0.0,0.7000000000000001,0.3393939393939395,0.30000000000000016,0.0562121212121212,4,
0,6,10,0.9940179640539354,-2.2249999999999996,1.2230401188335835,1.0,0.030303030303030304,1.0,0.21212121212121213,0.75,0.24242424242424243,1.2000000000000002,0.46666666666666684,0.5000000000000001,0.10791666666666666,4,
0,7,10,0.9930244429332352,-1.325,1.318379695720286,1.0,0.05714285714285714,1.0,0.3142857142857143,0.5,0.22857142857142856,1.2,0.5028571428571429,0.5000000000000001,0.09205042016806718,4,
0,8,10,0.9920319148370607,-1.25,1.3401430063404802,2.0,0.18181818181818182,0.0,0.0,0.75,0.0,0.7000000000000001,0.3393939393939395,0.30000000000000016,0.0562121212121212,4,
