,episode,end_day,epsilon,mean_reward,mean_loss,max_berries,mean_berries,max_berries_consumed,mean_berries_consumed,gini_berries_consumed,mean_berries_thrown,max_health,mean_health,median_health,variance_health,deceased,num_emerged_norms
0,1,10,0.9990004998333751,-2.1,0,0.0,0.0,0.0,0.0,0,0.0,0.7000000000000001,0.3393939393939395,0.30000000000000016,0.0562121212121212,4,
0,2,10,0.9980019986673332,-1.7999999999999998,0,1.0,0.09090909090909091,1.0,0.06060606060606061,0.75,0.0,0.7000000000000002,0.3757575757575759,0.40000000000000013,0.055643939393939384,4,
0,3,9,0.9970044955033731,-2.5,0.4525584477596182,0.0,0.0,0.0,0.0,0,0.0,0.7000000000000001,0.3393939393939395,0.30000000000000016,0.0562121212121212,4,
0,4,9,0.9960079893439916,-2.65,1.5704260104008623,0.0,0.0,0.0,0.0,0,0.0,0.7000000000000001,0.3393939393939395,0.30000000000000016,0.0562121212121212,4,
0,5,9,0.9950124791926824,-1.7999999999999998,2.1451369735065864,1.0,0.24242424242424243,0.0,0.0,0,0.0,0.7000000000000001,0.3393939393939395,0.30000000000000016,0.0562121212121212,4,
0,6,9,0.9940179640539354,-2.6499999999999995,2.479802382744924,0.0,0.0,0.0,0.0,0,0.0,0.7000000000000001,0.3393939393939395,0.30000000000000016,0.0562121212121212,4,
0,7,10,0.9930244429332352,-1.7999999999999998,2.693826723484475,1.0,0.030303030303030304,1.0,0.12121212121212122,0.75,0.0,0.9,0.4121212121212122,0.40000000000000013,0.06734848484848484,4,
0,8,10,0.9920319148370607,-2.2749999999999995,2.753402698731583,1.0,0.029411764705882353,1.0,0.23529411764705882,0.75,0.23529411764705882,1.2,0.46764705882352947,0.5,0.10467914438502668,4,
0,9,9,0.9910403787728838,-2.25,2.72710683013183,1.0,0.15151515151515152,0.0,0.0,0,0.0,0.7000000000000001,0.3393939393939395,0.30000000000000016,0.0562121212121212,4,
0,10,10,0.9900498337491681,-1.8,2.6586333820713315,1.0,0.058823529411764705,1.0,0.14705882352941177,0.75,0.0,0.9,0.41470588235294126,0.4500000000000001,0.06553475935828877,4,
0,11,9,0.9890602787753687,-2.0,2.570222885130417,1.0,0.15151515151515152,0.0,0.0,0,0.0,0.7000000000000001,0.3393939393939395,0.30000000000000016,0.0562121212121212,4,
0,12,9,0.9880717128619306,-2.55,2.4772863243465073,0.0,0.0,0.0,0.0,0,0.0,0.7000000000000001,0.3393939393939395,0.30000000000000016,0.0562121212121212,4,
