{
    "min_berries": {
        "baseline_mean": 4.20029925059877,
        "maximin_mean": 4.465543075224755,
        "baseline_stdev": 2.718193303206566,
        "maximin_stdev": 2.8044481155211893,
        "cohens_d": -0.09604515643649138
    },
    "total_berries": {
        "baseline_mean": 20.248813796980354,
        "maximin_mean": 20.974445747576997,
        "baseline_stdev": 12.430863452166266,
        "maximin_stdev": 12.952058940986797,
        "cohens_d": -0.057162766237256926
    },
    "gini_berries": {
        "baseline_mean": 0.11126923093291924,
        "maximin_mean": 0.06489520584185676,
        "baseline_stdev": 0.06501961658324541,
        "maximin_stdev": 0.03154883142929509,
        "cohens_d": 0.9074752633532239
    }
}