df_label,reward_mean,reward_median,reward_stdev,numerosity_mean,numerosity_median,numerosity_stdev,fitness_mean,fitness_median,fitness_stdev
baseline,0.0,0.0,0.0,0.0,0.0,0.0,0.0,0.0,0.0
utilitarian,-1.1234640140433,0.0,2.5172385485066573,147.76614004291008,42.0,197.57488176879238,-3.4363955529549446,0.0,9.885820731693272
maximin,-1.2148729446935724,0.0,5.038348475113789,216.902466367713,48.0,376.93414426126077,-0.7192825112107623,0.0,6.895851079375355
egalitarian,-0.982098458478369,0.0,3.709084182972745,159.69865738438588,36.0,281.89519310153923,-0.4806066633515664,0.0,4.796140050072471
average,-0.8311573747353563,0.0,3.7834775329568933,170.44477769936486,36.0,295.0574458773083,-0.28803810868031055,0.0,4.009676600167824
majoritarian,-1.2225824909403014,0.0,3.974624927007777,214.2975395765783,36.0,388.7071277692338,-0.5709326721342742,0.0,4.71293385732702
veto,-1.2446961894953656,0.0,5.008918723158931,323.551596292482,48.0,562.8638805313635,-0.4964984552008239,0.0,6.794950748947474
optimist,-1.243660855784469,0.0,4.71813605524685,265.0275356576862,48.0,460.86360967999235,-0.5875198098256735,0.0,6.085806972981262
