,reward,numerosity,fitness
0,7.5,15,7.199999999999999
1,105.59999999999984,288,288.0
