df_label,mean_days,median_days,stdev_days,mean_berries,median_berries,stdev_berries
baseline,16873.531,16663.0,5401.074014262955,93.367,97.0,28.264132255779092
egalitarian,16453.2,17039.5,6046.1507279114885,101.85,109.0,32.10508115915978
maximin,17959.642,18273.5,5690.77800587478,103.978,104.0,26.514270167638454
utilitarian,18341.954,18623.5,4953.8216088608215,105.024,106.0,22.810211084725406
average,14452.576,14999.5,5611.196907876515,95.994,100.0,28.436113949985792
majoritarian,14302.933,13098.0,5818.085112034876,84.515,78.0,33.53789745296454
veto,16439.333,16900.0,5693.8149531603,103.054,106.0,26.325160932045563
optimist,17151.723,17619.0,5889.058674044379,103.925,114.0,28.438286008673433
