{
    "min_well_being": {
        "baseline_mean": 6.446525206500162,
        "maximin_mean": 7.528871707190572,
        "baseline_stdev": 0.6558007444464328,
        "maximin_stdev": 0.7896943988195099,
        "cohens_d": -1.4911608837010695
    },
    "total_well_being": {
        "baseline_mean": 40.905183967412434,
        "maximin_mean": 39.24040535790187,
        "baseline_stdev": 7.993192702743471,
        "maximin_stdev": 6.482010599882838,
        "cohens_d": 0.2287746713319263
    },
    "gini_well_being": {
        "baseline_mean": 0.18497267820792396,
        "maximin_mean": 0.12747693624351555,
        "baseline_stdev": 0.05530135283466553,
        "maximin_stdev": 0.0363674995570467,
        "cohens_d": 1.2284917658244252
    }
}