{
    "min_berries": {
        "baseline_mean": 3.5801509322063363,
        "maximin_mean": 3.879019496251416,
        "baseline_stdev": 2.577850082871274,
        "maximin_stdev": 2.5619287464815264,
        "cohens_d": -0.11629571624501671
    },
    "total_berries": {
        "baseline_mean": 17.12066737362107,
        "maximin_mean": 17.229992408006748,
        "baseline_stdev": 10.901729673780048,
        "maximin_stdev": 10.730525810179785,
        "cohens_d": -0.010107278068168532
    },
    "gini_berries": {
        "baseline_mean": 0.14137983457752662,
        "maximin_mean": 0.08580168682804228,
        "baseline_stdev": 0.12775434506301866,
        "maximin_stdev": 0.08410291916539912,
        "cohens_d": 0.5138808421128389
    }
}