{
    "min_well_being": {
        "baseline_mean": 7.924071408879534,
        "maximin_mean": 7.77236295685077,
        "baseline_stdev": 1.0691974239610387,
        "maximin_stdev": 0.9850276657542658,
        "cohens_d": 0.14757999385235562
    },
    "total_well_being": {
        "baseline_mean": 40.27252213929445,
        "maximin_mean": 45.146708614798584,
        "baseline_stdev": 7.982372146655229,
        "maximin_stdev": 10.759773673976747,
        "cohens_d": -0.5145123527938877
    },
    "gini_well_being": {
        "baseline_mean": 0.12035741625067076,
        "maximin_mean": 0.09360404917950652,
        "baseline_stdev": 0.04046224243062935,
        "maximin_stdev": 0.02450803644475026,
        "cohens_d": 0.7997960033177853
    }
}