,reward,numerosity,fitness
0,1.6,4,2.16
1,9.5,15,21.0
2,16.5,33,35.640000000000015
3,1.5,3,6.12
4,18.0,36,93.59999999999998
5,11.4,18,40.32
6,9.0,18,21.6
7,14.0,28,170.10000000000002
8,14.299999999999997,39,14.040000000000001
