{
    "min_berries": {
        "baseline_mean": 3.6086718954617836,
        "maximin_mean": 4.009401846096644,
        "baseline_stdev": 2.5878059218320812,
        "maximin_stdev": 2.6799090395719105,
        "cohens_d": -0.1521223964517217
    },
    "total_berries": {
        "baseline_mean": 17.22644999057901,
        "maximin_mean": 17.380138195296006,
        "baseline_stdev": 10.972775703673998,
        "maximin_stdev": 11.130093149904363,
        "cohens_d": -0.013906277328864017
    },
    "gini_berries": {
        "baseline_mean": 0.14090515037543022,
        "maximin_mean": 0.06176464043771878,
        "baseline_stdev": 0.128809167002475,
        "maximin_stdev": 0.06576678821312966,
        "cohens_d": 0.7738617785143177
    }
}