{
    "min_well_being": {
        "baseline_mean": 6.4884382140880215,
        "maximin_mean": 7.765688796212641,
        "baseline_stdev": 0.6172749658097593,
        "maximin_stdev": 1.7006357124522706,
        "cohens_d": -0.9984020989410958
    },
    "total_well_being": {
        "baseline_mean": 41.33316708241829,
        "maximin_mean": 40.47291127387048,
        "baseline_stdev": 8.04737927365603,
        "maximin_stdev": 9.684184827198337,
        "cohens_d": 0.09662022619507947
    },
    "gini_well_being": {
        "baseline_mean": 0.18615494481772302,
        "maximin_mean": 0.11176308775422546,
        "baseline_stdev": 0.05861480883040619,
        "maximin_stdev": 0.027162833383952673,
        "cohens_d": 1.6285061067133386
    }
}