df_label,reward_mean,reward_median,reward_stdev,numerosity_mean,numerosity_median,numerosity_stdev,fitness_mean,fitness_median,fitness_stdev
baseline,0.0,0.0,0.0,0.0,0.0,0.0,0.0,0.0,0.0
utilitarian,0.0,0.0,0.0,0.0,0.0,0.0,0.0,0.0,0.0
maximin,1.3333333333333333,1.0,0.5773502691896257,28.333333333333332,26.0,5.8594652770823155,439.40000000000003,183.6,496.46522536830315
egalitarian,0.0,0.0,0.0,0.0,0.0,0.0,0.0,0.0,0.0
average,1.0,1.0,0.0,9.615384615384615,9.0,3.9272225456519427,119.0769230769231,91.2,111.9141721279165
majoritarian,-1.966937354988399,0.0,16.507426623711595,276.95533642691413,205.5,304.4066238840466,-7.559860788863111,0.0,87.1808163709372
veto,-0.8710762331838565,0.0,10.137670399553558,200.36883408071748,108.0,244.5534046724983,-4.6473094170403595,0.0,126.85893419334654
optimist,-0.330625,0.0,5.434245025414998,314.926875,180.0,388.0544651787944,1.6736250000000004,0.0,34.04476642135768
