episode,min_days,max_days,average_days,total_days,gini_days,min_berries,max_berries,average_berries,total_berries,gini_berries,min_days_survived,max_days_survived,average_days_survived,total_days_survived,gini_days_survived
1,74.0,8394.0,4190.0,16760.0,0.38251789976133654,2,46,29.75,119,0.28361344537815125,16,200,154.0,616,0.22402597402597402
2,65.0,1923.0,812.75,3251.0,0.515149184866195,1,30,12.0,48,0.53125,9,170,74.5,298,0.47986577181208057
3,636.0,7590.0,3772.5,15090.0,0.42514910536779327,13,43,28.25,113,0.25442477876106195,80,200,146.0,584,0.1952054794520548
4,132.0,9834.0,2601.75,10407.0,0.7027241279907754,2,45,14.0,56,0.5892857142857143,21,200,73.25,293,0.4735494880546075
5,119.0,7692.0,2645.75,10583.0,0.5879948974770859,3,42,21.25,85,0.42647058823529416,21,200,116.5,466,0.371244635193133
6,93.0,501.0,244.5,978.0,0.3358895705521472,1,8,4.75,19,0.32894736842105265,15,51,35.75,143,0.22902097902097895
7,120.0,6438.0,2586.75,10347.0,0.5389243258915628,2,40,21.5,86,0.43023255813953487,21,200,115.0,460,0.3793478260869565
8,270.0,8076.0,3651.75,14607.0,0.48444239063462724,6,44,26.0,104,0.34615384615384615,45,200,129.75,519,0.2846820809248555
9,47.0,7296.0,2962.25,11849.0,0.5352983374124398,1,43,21.5,86,0.42441860465116277,9,200,119.5,478,0.36192468619246865
10,89.0,7992.0,2140.0,8560.0,0.6961448598130842,3,45,14.75,59,0.5466101694915254,21,200,74.75,299,0.46906354515050164
11,141.0,11244.0,3834.0,15336.0,0.5602503912363067,3,50,24.0,96,0.36979166666666663,27,200,125.25,501,0.2619760479041916
12,231.0,5136.0,2202.0,8808.0,0.48961171662125336,5,38,21.75,87,0.36494252873563215,39,200,122.25,489,0.3236196319018405
13,90.0,7830.0,2513.25,10053.0,0.6195911668158759,2,42,19.25,77,0.4642857142857143,21,200,109.0,436,0.38646788990825687
14,71.0,194.0,114.25,457.0,0.21498905908096289,1,6,2.75,11,0.34090909090909094,9,27,19.5,78,0.17307692307692313
15,159.0,4098.0,1348.5,5394.0,0.5820355951056729,3,39,14.25,57,0.5043859649122807,27,200,80.5,322,0.42546583850931674
16,71.0,7800.0,2796.5,11186.0,0.5862685499731808,1,44,21.0,84,0.4821428571428571,9,200,109.0,436,0.4277522935779816
17,101.0,7164.0,3332.0,13328.0,0.5070153061224489,3,43,21.75,87,0.4454022988505747,21,200,112.0,448,0.3962053571428571
18,53.0,1812.0,671.5,2686.0,0.5292256142963514,1,20,9.5,38,0.4078947368421053,9,104,56.5,226,0.35398230088495575
19,36.0,2478.0,677.75,2711.0,0.6806528956104758,0,34,9.25,37,0.6959459459459459,9,200,59.75,239,0.6119246861924686
20,36.0,2136.0,629.0,2516.0,0.6267885532591415,0,33,10.25,41,0.6036585365853658,9,200,67.25,269,0.5381040892193308
21,69.0,10644.0,2727.75,10911.0,0.7270415177343965,1,48,13.25,53,0.6650943396226415,15,200,64.25,257,0.5398832684824902
22,104.0,9756.0,3162.5,12650.0,0.6055731225296442,2,44,22.5,90,0.41666666666666663,15,200,121.0,484,0.35433884297520657
23,1146.0,7752.0,4110.0,16440.0,0.35273722627737225,20,46,33.75,135,0.14629629629629637,128,200,182.0,728,0.07417582417582413
24,405.0,5742.0,3167.25,12669.0,0.37573999526403035,9,43,30.75,123,0.217479674796748,63,200,165.75,663,0.15497737556561075
25,68.0,6204.0,3161.0,12644.0,0.4254191711483708,2,40,27.0,108,0.29166666666666663,15,200,144.75,579,0.2551813471502591
26,63.0,7704.0,1981.25,7925.0,0.724006309148265,1,43,11.5,46,0.6847826086956522,9,200,59.75,239,0.5993723849372385
27,36.0,389.0,137.25,549.0,0.49590163934426235,0,9,2.75,11,0.6136363636363636,9,57,21.0,84,0.4285714285714286
28,41.0,6234.0,3197.75,12791.0,0.3809514502384489,1,42,28.25,113,0.2765486725663717,9,200,152.25,609,0.2352216748768472
29,206.0,3978.0,1925.75,7703.0,0.46569518369466445,5,40,22.25,89,0.3848314606741573,39,200,119.5,478,0.33682008368200833
30,71.0,2898.0,852.25,3409.0,0.6300234672924612,1,35,11.5,46,0.5760869565217391,9,200,70.25,281,0.5258007117437722
31,53.0,533.0,292.5,1170.0,0.40213675213675215,1,13,6.5,26,0.4423076923076923,9,81,43.5,174,0.4051724137931034
32,164.0,6426.0,1877.0,7508.0,0.6289291422482686,4,42,16.0,64,0.453125,27,200,88.0,352,0.37784090909090906
33,42.0,11304.0,4053.75,16215.0,0.5396392229417206,0,47,25.75,103,0.366504854368932,9,200,138.75,555,0.28243243243243243
34,63.0,6576.0,1722.0,6888.0,0.7131968641114983,1,42,11.5,46,0.6739130434782609,15,200,62.5,250,0.56
35,57.0,10146.0,2650.5,10602.0,0.715195246179966,1,48,14.5,58,0.6120689655172413,15,200,71.75,287,0.48867595818815335
36,53.0,99.0,78.25,313.0,0.1190095846645367,1,3,1.75,7,0.25,9,27,16.5,66,0.20454545454545459
37,3204.0,11616.0,5445.0,21780.0,0.28994490358126723,34,48,38.0,152,0.07236842105263164,200,200,200.0,800,0.0
38,59.0,854.0,270.0,1080.0,0.5578703703703703,1,18,5.75,23,0.5543478260869565,9,99,34.5,138,0.5108695652173914
39,36.0,119.0,88.0,352.0,0.1946022727272727,0,3,2.0,8,0.3125,9,27,18.0,72,0.20833333333333326
40,150.0,10182.0,3781.5,15126.0,0.5281634272114241,2,48,24.5,98,0.3571428571428571,21,200,131.25,525,0.26142857142857145
41,41.0,5754.0,2232.5,8930.0,0.5381858902575588,1,42,22.0,88,0.4204545454545454,9,200,117.75,471,0.3773885350318471
42,42.0,6936.0,1850.75,7403.0,0.6990746994461705,0,43,13.0,52,0.625,9,200,68.75,275,0.5209090909090909
43,261.0,10674.0,3177.75,12711.0,0.6147628038706632,5,47,19.5,78,0.40384615384615385,39,200,102.75,411,0.29379562043795615
44,219.0,5508.0,3572.25,14289.0,0.2953495695989923,5,42,30.75,123,0.22967479674796754,39,200,159.75,639,0.18896713615023475
45,75.0,7392.0,2085.75,8343.0,0.6588457389428263,1,43,16.5,66,0.48484848484848486,15,200,91.25,365,0.3883561643835617
46,198.0,10476.0,2786.25,11145.0,0.6925302826379542,4,47,15.0,60,0.5416666666666666,33,200,76.25,305,0.41557377049180333
47,831.0,9054.0,3147.75,12591.0,0.5089945198951632,15,45,25.5,102,0.22549019607843146,98,200,141.75,567,0.13977072310405636
48,191.0,5820.0,2818.25,11273.0,0.4462210591679233,5,41,25.75,103,0.308252427184466,33,200,137.25,549,0.26639344262295084
49,36.0,6240.0,2729.25,10917.0,0.5265869744435284,0,42,20.75,83,0.4849397590361446,9,200,109.0,436,0.4277522935779816
50,126.0,9828.0,2952.0,11808.0,0.6478658536585366,2,45,18.25,73,0.5034246575342466,21,200,98.5,394,0.40862944162436543
51,150.0,7698.0,2639.25,10557.0,0.5590366581415175,2,45,21.0,84,0.38690476190476186,21,200,115.0,460,0.29565217391304344
52,150.0,7116.0,3411.75,13647.0,0.4213563420531985,4,47,28.75,115,0.2934782608695652,33,200,153.75,615,0.21097560975609753
53,36.0,6786.0,2321.25,9285.0,0.5944264943457189,0,46,20.75,83,0.47891566265060237,9,200,112.0,448,0.3895089285714286
54,65.0,2664.0,737.75,2951.0,0.6610471026770586,1,36,10.25,41,0.6402439024390244,9,200,62.75,251,0.5707171314741036
55,71.0,7722.0,2072.0,8288.0,0.7025820463320464,1,43,13.5,54,0.6111111111111112,9,200,70.0,280,0.5375
56,71.0,1065.0,371.0,1484.0,0.5043800539083558,1,18,6.75,27,0.4722222222222222,9,110,46.25,185,0.4094594594594595
57,63.0,555.0,266.75,1067.0,0.41776007497656986,1,11,5.25,21,0.44047619047619047,9,62,35.75,143,0.35139860139860135
58,42.0,9546.0,2493.75,9975.0,0.7203759398496241,0,44,13.25,53,0.6462264150943396,9,200,70.25,281,0.5364768683274022
59,147.0,8274.0,2294.25,9177.0,0.6672932330827067,3,43,15.5,62,0.49193548387096775,27,200,85.25,341,0.38929618768328444
60,122.0,831.0,346.75,1387.0,0.4089762076423936,2,14,6.5,26,0.3653846153846154,15,86,43.25,173,0.3338150289017341
61,57.0,3099.0,847.5,3390.0,0.6783185840707965,1,26,7.75,31,0.6209677419354839,15,158,53.75,215,0.5127906976744186
62,131.0,3966.0,1648.0,6592.0,0.5178246359223301,3,38,19.75,79,0.43354430379746833,21,200,110.5,442,0.40497737556561086
63,372.0,10062.0,4353.0,17412.0,0.4216057891109579,8,47,31.0,124,0.24193548387096775,57,200,164.25,657,0.16324200913242004
64,36.0,9060.0,3673.5,14694.0,0.5148019599836668,0,45,24.75,99,0.36616161616161613,9,200,137.5,550,0.28727272727272724
65,126.0,8364.0,3662.25,14649.0,0.42427810772066354,2,46,27.25,109,0.30963302752293576,21,200,150.75,603,0.23009950248756228
66,69.0,8346.0,2276.75,9107.0,0.6837322938399034,1,44,15.25,61,0.5286885245901639,15,200,80.75,323,0.4342105263157895
67,108.0,7200.0,4033.5,16134.0,0.3567311268129416,2,45,29.0,116,0.2844827586206896,21,200,155.25,621,0.21618357487922713
68,36.0,6732.0,1725.5,6902.0,0.7281947261663286,0,44,11.5,46,0.717391304347826,9,200,58.25,233,0.621244635193133
69,93.0,9060.0,2373.75,9495.0,0.7119273301737756,1,45,13.0,52,0.6442307692307693,15,200,67.25,269,0.5269516728624535
70,509.0,7344.0,3938.75,15755.0,0.3376547127895906,11,45,32.25,129,0.1996124031007751,69,200,167.25,669,0.14686098654708513
71,282.0,8172.0,4028.25,16113.0,0.4673710668404394,6,44,26.75,107,0.32943925233644855,45,200,136.0,544,0.2601102941176471
72,111.0,11472.0,3963.0,15852.0,0.573334595003785,3,49,24.25,97,0.39432989690721654,27,200,128.25,513,0.29678362573099415
73,47.0,5292.0,1438.0,5752.0,0.6934979137691237,1,42,13.0,52,0.6153846153846154,9,200,68.75,275,0.5427272727272727
74,516.0,7116.0,3285.0,13140.0,0.40593607305936075,8,40,30.0,120,0.20833333333333326,56,200,164.0,656,0.16463414634146334
75,492.0,10674.0,3264.75,13059.0,0.5970020675396278,10,46,23.25,93,0.3091397849462365,69,200,127.0,508,0.2135826771653544
76,63.0,2967.0,805.0,3220.0,0.679192546583851,1,31,9.0,36,0.6388888888888888,9,182,56.75,227,0.5781938325991189
77,221.0,7188.0,3680.75,14723.0,0.4689091897031855,6,44,24.5,98,0.37755102040816324,45,200,122.5,490,0.3163265306122449
78,1818.0,6726.0,4294.5,17178.0,0.2515717778553964,30,41,36.0,144,0.06597222222222232,188,200,197.0,788,0.011421319796954377
79,42.0,11406.0,3668.25,14673.0,0.5811183806992435,0,47,23.25,93,0.40053763440860213,9,200,123.75,495,0.31060606060606055
80,296.0,8688.0,4334.75,17339.0,0.45084779975777145,8,46,29.5,118,0.2838983050847458,51,200,146.25,585,0.21923076923076934
81,41.0,9348.0,3259.75,13039.0,0.6017907815016489,1,47,21.25,85,0.5029411764705882,9,200,106.0,424,0.44693396226415094
82,36.0,441.0,165.75,663.0,0.501131221719457,0,8,3.0,12,0.5833333333333334,9,50,25.25,101,0.36386138613861385
83,165.0,7086.0,2848.5,11394.0,0.5289626119010006,3,45,23.0,92,0.4130434782608695,27,200,122.5,490,0.3346938775510204
84,272.0,8082.0,2438.0,9752.0,0.6177194421657096,6,43,18.25,73,0.40753424657534243,39,200,100.0,400,0.33125000000000004
85,111.0,7848.0,3819.0,15276.0,0.4313629222309505,3,46,27.25,109,0.3188073394495413,27,200,146.25,585,0.23974358974358978
86,621.0,6744.0,4154.25,16617.0,0.28412168261419024,10,43,31.75,127,0.19881889763779537,62,200,165.5,662,0.15634441087613293
87,321.0,8964.0,4047.0,16188.0,0.4665492957746479,6,43,27.5,110,0.2954545454545454,38,200,143.0,572,0.24125874125874125
88,387.0,2139.0,901.25,3605.0,0.37565880721220524,5,25,13.25,53,0.30660377358490565,38,158,86.5,346,0.2774566473988439
89,1272.0,7176.0,4447.5,17790.0,0.2918212478920742,18,48,34.75,139,0.16726618705035978,116,200,179.0,716,0.08798882681564235
90,198.0,7272.0,3820.5,15282.0,0.3970357283078131,4,49,30.0,120,0.2833333333333333,33,200,158.25,633,0.19786729857819907
91,41.0,5502.0,3199.25,12797.0,0.3344729233414081,1,40,28.5,114,0.25877192982456143,9,200,152.25,609,0.2352216748768472
92,71.0,5172.0,2316.5,9266.0,0.5034534858622922,1,37,19.75,79,0.42721518987341767,9,200,115.0,460,0.3923913043478261
93,177.0,5562.0,2478.5,9914.0,0.4984869880976397,3,42,21.75,87,0.41666666666666663,27,200,118.0,472,0.3569915254237288
94,63.0,623.0,207.0,828.0,0.5108695652173914,1,12,4.0,16,0.53125,9,57,22.5,90,0.41666666666666663
95,201.0,8724.0,3590.25,14361.0,0.5311781909337789,4,48,23.0,92,0.4402173913043478,33,200,118.0,472,0.350635593220339
96,144.0,6840.0,3082.5,12330.0,0.5001216545012166,4,40,22.5,90,0.3833333333333333,33,200,122.5,490,0.3285714285714286
97,80.0,10128.0,2988.5,11954.0,0.6602810774636105,2,48,19.5,78,0.5128205128205128,15,200,100.0,400,0.42874999999999996
98,98.0,7224.0,3182.0,12728.0,0.4534883720930233,2,43,28.5,114,0.27192982456140347,15,200,153.75,615,0.22560975609756095
99,63.0,8802.0,3828.75,15315.0,0.5128795298726738,1,45,24.25,97,0.4097938144329897,15,200,124.0,496,0.3397177419354839
100,77.0,891.0,410.75,1643.0,0.4341144248326233,1,17,8.25,33,0.446969696969697,9,111,57.0,228,0.4078947368421053
101,2796.0,7584.0,4662.0,18648.0,0.2183075933075933,35,40,37.5,150,0.030000000000000027,200,200,200.0,800,0.0
102,53.0,6942.0,1896.25,7585.0,0.6846736980883322,1,42,14.25,57,0.5482456140350878,9,200,76.25,305,0.4844262295081967
103,219.0,8964.0,2821.5,11286.0,0.588782562466773,5,43,19.75,79,0.37658227848101267,39,200,110.25,441,0.2908163265306123
104,231.0,6156.0,3203.25,12813.0,0.3511472723015687,5,41,29.0,116,0.23706896551724133,39,200,159.75,639,0.18896713615023475
105,71.0,6384.0,1717.25,6869.0,0.6989008589314311,1,42,13.25,53,0.6179245283018868,9,200,71.75,287,0.5409407665505227
106,71.0,4788.0,1805.5,7222.0,0.5630019385211853,1,38,18.75,75,0.47,9,200,107.5,430,0.4372093023255814
107,291.0,7326.0,3778.5,15114.0,0.44382691544263597,5,46,27.75,111,0.32657657657657657,39,200,140.5,562,0.2491103202846976
108,110.0,3282.0,1451.5,5806.0,0.502669652084051,2,36,18.75,75,0.44999999999999996,15,200,107.5,430,0.43023255813953487
109,36.0,8142.0,2109.0,8436.0,0.7210170697012802,0,44,12.5,50,0.66,9,200,65.75,263,0.5446768060836502
110,93.0,5424.0,1903.5,7614.0,0.5829393223010244,1,41,17.75,71,0.4964788732394366,15,200,101.5,406,0.41871921182266014
111,204.0,8112.0,3404.25,13617.0,0.43968935888962324,4,46,27.25,109,0.30963302752293576,33,200,147.75,591,0.22969543147208116
112,221.0,9114.0,3128.0,12512.0,0.5774856138107417,5,44,23.25,93,0.3844086021505376,33,200,124.0,496,0.32157258064516125
113,41.0,9192.0,2418.5,9674.0,0.7109261939218524,1,45,13.75,55,0.6045454545454545,9,200,70.25,281,0.5151245551601423
114,77.0,5562.0,1542.5,6170.0,0.6736628849270665,1,39,12.75,51,0.5735294117647058,9,200,73.25,293,0.5042662116040956
115,41.0,8256.0,2540.5,10162.0,0.6427868529816965,1,47,18.25,73,0.523972602739726,9,200,92.5,370,0.4513513513513514
116,158.0,7140.0,3127.25,12509.0,0.5164081861060037,3,42,22.0,88,0.43181818181818177,27,200,113.5,454,0.3810572687224669
117,194.0,9912.0,2673.5,10694.0,0.6818309332335889,6,45,15.75,63,0.4642857142857143,39,200,82.25,329,0.3670212765957447
118,59.0,1323.0,566.0,2264.0,0.49690812720848054,1,20,9.5,38,0.4736842105263158,9,110,58.0,232,0.41594827586206895
119,261.0,8520.0,3616.5,14466.0,0.5149315636665284,3,44,23.5,94,0.4042553191489362,26,200,122.25,489,0.3369120654396728
120,231.0,12072.0,3940.5,15762.0,0.5754663113818044,5,48,23.5,94,0.3670212765957447,39,200,125.25,501,0.26796407185628746
121,78.0,11868.0,3883.5,15534.0,0.5728080339899575,2,51,24.0,96,0.38541666666666663,21,200,122.25,489,0.27453987730061347
122,126.0,12876.0,4331.0,17324.0,0.6066728238282152,2,49,24.0,96,0.44270833333333337,21,200,118.0,472,0.3633474576271186
123,36.0,8736.0,2268.0,9072.0,0.7197420634920635,0,43,12.25,49,0.6581632653061225,9,200,65.75,263,0.5446768060836502
124,71.0,1119.0,503.75,2015.0,0.46861042183622825,1,20,9.0,36,0.4722222222222222,9,110,56.5,226,0.4070796460176991
125,249.0,11208.0,3808.5,15234.0,0.5852697912564001,5,49,24.25,97,0.4149484536082474,39,200,122.25,489,0.3236196319018405
126,1209.0,12294.0,5253.0,21012.0,0.4003426613363792,20,48,33.5,134,0.16417910447761197,122,200,179.0,716,0.08379888268156432
127,165.0,4770.0,2765.25,11061.0,0.31644968809330076,3,39,27.5,110,0.25,27,200,156.75,627,0.2069377990430623
128,36.0,9666.0,3068.25,12273.0,0.6391469078464923,0,45,19.0,76,0.5460526315789473,9,200,103.0,412,0.4599514563106796
129,125.0,10110.0,2773.25,11093.0,0.681984134138646,3,47,16.5,66,0.5151515151515151,21,200,83.75,335,0.41865671641791047
130,180.0,8538.0,3604.5,14418.0,0.5167498959633791,4,44,23.25,93,0.3897849462365591,33,200,125.5,502,0.31474103585657376
131,564.0,10926.0,4941.5,19766.0,0.4789790549428311,10,45,28.25,113,0.2898230088495575,69,200,142.0,568,0.21742957746478875
132,47.0,12534.0,3471.5,13886.0,0.6896154400115224,1,49,17.75,71,0.545774647887324,9,200,88.0,352,0.453125
133,395.0,7212.0,3569.0,14276.0,0.43699215466517227,9,42,26.25,105,0.3023809523809524,57,200,135.75,543,0.25
134,125.0,8046.0,3483.25,13933.0,0.5139776071197876,3,45,24.25,97,0.3891752577319587,21,200,124.0,496,0.33366935483870963
135,294.0,6816.0,3461.25,13845.0,0.45097508125677144,6,43,24.5,98,0.3520408163265306,45,200,129.75,519,0.2846820809248555
136,80.0,7962.0,2099.75,8399.0,0.7057090129777355,2,43,13.0,52,0.5961538461538461,15,200,68.75,275,0.51
137,183.0,10548.0,3646.5,14586.0,0.5678733031674208,3,47,25.25,101,0.3787128712871287,27,200,131.25,525,0.2957142857142857
138,126.0,9198.0,3919.5,15678.0,0.5230577879831612,2,45,23.75,95,0.4236842105263158,21,200,119.5,478,0.35564853556485354
139,123.0,1845.0,633.0,2532.0,0.5296208530805687,3,22,9.25,37,0.42567567567567566,27,134,62.75,251,0.3555776892430279
140,36.0,7086.0,1821.5,7286.0,0.7281087016195443,0,42,11.5,46,0.6956521739130435,9,200,61.25,245,0.6030612244897959
141,327.0,705.0,552.75,2211.0,0.15366350067842616,9,16,11.25,45,0.12777777777777777,62,105,76.25,305,0.11557377049180317
142,47.0,419.0,151.5,606.0,0.4744224422442245,1,9,3.0,12,0.5,9,45,19.5,78,0.3653846153846154
143,69.0,8022.0,3040.5,12162.0,0.5229403058707449,1,46,26.25,105,0.3547619047619047,15,200,137.25,549,0.2827868852459017
144,71.0,6270.0,1823.0,7292.0,0.6650438837081734,1,42,14.5,58,0.5862068965517241,9,200,79.0,316,0.5142405063291139
145,47.0,6612.0,2770.75,11083.0,0.5371966074167644,1,42,21.25,85,0.44999999999999996,9,200,112.0,448,0.4095982142857143
146,153.0,5994.0,2827.5,11310.0,0.4676392572944297,3,40,25.0,100,0.33499999999999996,27,200,134.5,538,0.2825278810408922
147,1293.0,3702.0,3008.25,12033.0,0.15700573423086506,27,40,35.25,141,0.06914893617021267,171,200,192.75,771,0.02821011673151741
148,99.0,8394.0,3117.0,12468.0,0.5042107795957652,1,47,24.0,96,0.36458333333333337,15,200,128.25,513,0.2733918128654971
149,36.0,7674.0,3543.0,14172.0,0.4472904318374259,0,47,27.0,108,0.3472222222222222,9,200,143.25,573,0.2657068062827225
150,300.0,8532.0,2952.75,11811.0,0.5711836423672847,6,45,22.5,90,0.3833333333333333,45,200,124.0,496,0.2973790322580645
151,69.0,5244.0,1629.0,6516.0,0.6254604051565378,1,34,13.75,55,0.5045454545454545,15,200,86.25,345,0.45869565217391306
152,69.0,8538.0,2322.0,9288.0,0.6891149870801033,1,44,14.5,58,0.5689655172413793,15,200,77.75,311,0.46061093247588425
153,210.0,3729.0,1308.0,5232.0,0.5169151376146789,4,22,12.75,51,0.2892156862745098,33,134,83.5,334,0.24850299401197606
154,104.0,3858.0,1575.25,6301.0,0.5225757816219647,2,39,20.5,82,0.4207317073170732,15,200,115.0,460,0.38586956521739135
155,41.0,9570.0,2477.75,9911.0,0.7212440722429624,1,44,12.75,51,0.6323529411764706,9,200,65.75,263,0.5446768060836502
156,116.0,609.0,282.75,1131.0,0.33885941644562334,2,15,7.25,29,0.3362068965517241,15,99,48.0,192,0.328125
157,141.0,8214.0,3184.5,12738.0,0.5247291568535092,3,43,24.25,97,0.36340206185567014,27,200,131.25,525,0.2957142857142857
158,36.0,1842.0,523.25,2093.0,0.6616101290014333,0,21,6.5,26,0.6346153846153846,9,128,44.75,179,0.5321229050279329
159,41.0,1815.0,554.5,2218.0,0.6203787195671776,1,26,8.75,35,0.5642857142857143,9,158,56.75,227,0.512114537444934
160,71.0,3246.0,912.25,3649.0,0.6627158125513839,1,36,11.25,45,0.6055555555555555,9,200,67.25,269,0.5604089219330854
161,36.0,9228.0,2622.0,10488.0,0.6847826086956522,0,47,16.75,67,0.6007462686567164,9,200,86.5,346,0.5
162,65.0,3840.0,1847.0,7388.0,0.4424066053059015,1,36,22.5,90,0.34444444444444444,9,200,130.0,520,0.31826923076923075
163,117.0,7560.0,4061.25,16245.0,0.4429824561403509,3,43,25.5,102,0.3529411764705882,27,200,132.75,531,0.28954802259887
164,360.0,11232.0,3680.25,14721.0,0.5658752802119421,8,45,23.0,92,0.3315217391304348,57,200,126.75,507,0.24408284023668636
165,59.0,3312.0,1562.0,6248.0,0.5005601792573624,1,36,18.25,73,0.476027397260274,9,200,106.0,424,0.44693396226415094
166,1380.0,10344.0,4653.0,18612.0,0.36589297227595097,22,52,33.75,135,0.17592592592592582,140,200,179.0,716,0.07122905027932958
167,36.0,5772.0,2862.0,11448.0,0.49318658280922434,0,43,21.25,85,0.4911764705882353,9,200,107.5,430,0.4372093023255814
168,144.0,12234.0,3629.25,14517.0,0.6262140938210374,4,49,20.0,80,0.42500000000000004,33,200,99.75,399,0.3176691729323309
169,36.0,747.0,226.25,905.0,0.6002762430939227,0,17,4.75,19,0.6710526315789473,9,111,36.0,144,0.5416666666666666
170,36.0,9138.0,2978.25,11913.0,0.5754847645429363,0,47,23.5,94,0.38829787234042556,9,200,126.75,507,0.2973372781065089
171,180.0,7494.0,2148.0,8592.0,0.6525837988826816,4,45,16.0,64,0.5078125,33,200,83.5,334,0.4011976047904192
172,114.0,10530.0,3050.25,12201.0,0.6525079911482665,2,46,19.0,76,0.4605263157894737,21,200,100.0,400,0.36124999999999996
173,65.0,617.0,224.25,897.0,0.4729654403567447,1,13,4.75,19,0.5131578947368421,9,81,33.0,132,0.43181818181818177
174,135.0,3978.0,1700.25,6801.0,0.5060652845169828,3,40,17.5,70,0.4571428571428572,27,200,100.0,400,0.38375000000000004
175,65.0,6396.0,1732.25,6929.0,0.6874368595756963,1,41,13.0,52,0.5865384615384616,9,200,71.75,287,0.509581881533101
176,177.0,11922.0,4454.25,17817.0,0.5075349385418421,3,50,26.75,107,0.3481308411214953,27,200,141.75,567,0.25
177,173.0,6497.999999999999,3216.5,12866.0,0.4749727965179543,5,41,22.5,90,0.38888888888888884,33,200,117.75,471,0.3519108280254777
178,65.0,6882.0,2398.25,9593.0,0.5959814448035026,1,43,20.0,80,0.49375,9,200,107.5,430,0.4372093023255814
179,84.0,7782.0,2363.25,9453.0,0.6435258648048239,2,45,16.5,66,0.5303030303030303,21,200,88.0,352,0.42755681818181823
180,606.0,8988.0,4358.25,17433.0,0.4090948201686456,10,50,30.75,123,0.2621951219512195,68,200,159.5,638,0.16692789968652044
181,47.0,2388.0,1058.75,4235.0,0.4988783943329398,1,35,17.0,68,0.4632352941176471,9,200,104.5,418,0.4282296650717703
182,57.0,191.0,103.0,412.0,0.25,1,5,2.0,8,0.375,9,21,15.0,60,0.1499999999999999
183,69.0,8928.0,2314.5,9258.0,0.720349967595593,1,46,13.0,52,0.6634615384615384,15,200,65.75,263,0.5446768060836502
184,347.0,8544.0,2553.5,10214.0,0.6059330330918348,7,42,17.5,70,0.37857142857142856,45,200,93.75,375,0.31399999999999995
185,41.0,7134.0,1828.0,7312.0,0.7279814004376368,1,43,11.75,47,0.675531914893617,9,200,59.75,239,0.5993723849372385
186,717.0,9846.0,3777.75,15111.0,0.46302362517371454,13,48,30.5,122,0.23360655737704916,86,200,162.5,650,0.14538461538461545
187,69.0,9012.0,4425.0,17700.0,0.3935593220338983,1,49,29.0,116,0.31896551724137934,15,200,152.25,609,0.23029556650246308
188,57.0,10428.0,3636.75,14547.0,0.564085378428542,1,47,25.75,103,0.3810679611650486,15,200,132.75,531,0.3008474576271186
189,156.0,378.0,243.0,972.0,0.18209876543209869,2,7,4.25,17,0.22058823529411775,21,44,32.75,131,0.13167938931297707
190,65.0,1047.0,394.25,1577.0,0.4713062777425492,1,16,7.0,28,0.4107142857142857,9,98,47.75,191,0.35732984293193715
191,65.0,497.0,183.0,732.0,0.44398907103825136,1,11,3.75,15,0.5166666666666667,9,69,25.5,102,0.4558823529411765
192,71.0,7122.0,1862.0,7448.0,0.7117346938775511,1,45,12.75,51,0.6519607843137255,9,200,64.25,257,0.5632295719844358
193,41.0,7068.0,1940.0,7760.0,0.6844716494845361,1,45,14.75,59,0.5720338983050848,9,200,76.25,305,0.4844262295081967
194,162.0,11262.0,3687.0,14748.0,0.5929617575264443,2,48,22.0,88,0.4204545454545454,21,200,116.25,465,0.32096774193548383
195,3822.0,7050.0,5443.5,21774.0,0.13715899696886202,37,43,39.5,158,0.03164556962025311,200,200,200.0,800,0.0
196,98.0,6768.0,3256.75,13027.0,0.45576494971981274,2,42,27.25,109,0.30963302752293576,15,200,142.0,568,0.2649647887323944
197,36.0,8070.0,3995.25,15981.0,0.4644734372066829,0,46,26.75,107,0.37149532710280375,9,200,132.75,531,0.306497175141243
198,237.0,9762.0,2870.25,11481.0,0.6362032923961327,5,47,19.75,79,0.43354430379746833,39,200,103.0,412,0.3288834951456311
199,141.0,8730.0,2893.5,11574.0,0.5881285640228098,3,45,24.0,96,0.38541666666666663,27,200,128.5,514,0.30739299610894943
200,53.0,894.0,318.25,1273.0,0.5280832678711704,1,11,5.0,20,0.42500000000000004,9,68,34.25,137,0.3777372262773723
201,123.0,10452.0,3446.0,13784.0,0.5878192106790482,3,47,22.25,89,0.3735955056179775,27,200,118.0,472,0.2807203389830508
202,36.0,7614.0,2285.0,9140.0,0.6603391684901532,0,44,17.25,69,0.5615942028985508,9,200,91.0,364,0.4876373626373627
203,69.0,222.0,112.25,449.0,0.2577951002227171,1,6,2.25,9,0.41666666666666663,9,45,21.0,84,0.3214285714285714
204,47.0,2406.0,652.5,2610.0,0.6781609195402298,1,33,9.25,37,0.6554054054054054,9,200,58.25,233,0.621244635193133
205,42.0,7956.0,2084.5,8338.0,0.7179779323578795,0,46,13.5,54,0.6574074074074074,9,200,65.75,263,0.5674904942965779
206,225.0,6132.0,3047.25,12189.0,0.4675732217573222,5,43,24.25,97,0.36855670103092786,39,200,127.0,508,0.3021653543307087
207,36.0,7434.0,2480.25,9921.0,0.6142273964318113,0,45,21.0,84,0.5,9,200,109.0,436,0.4277522935779816
208,36.0,5796.0,2550.0,10200.0,0.5226470588235295,0,41,20.0,80,0.49375,9,200,107.25,429,0.43881118881118886
209,42.0,10026.0,3051.0,12204.0,0.6542527040314651,0,46,18.0,72,0.5625,9,200,95.5,382,0.46858638743455494
210,47.0,1038.0,533.5,2134.0,0.45313964386129335,1,18,9.25,37,0.45270270270270274,9,116,59.5,238,0.4369747899159664
211,47.0,6216.0,1893.5,7574.0,0.6283997887509902,1,42,17.0,68,0.4852941176470589,9,200,94.0,376,0.4162234042553191
212,96.0,7044.0,2371.5,9486.0,0.6042061986084757,2,38,19.25,77,0.45779220779220775,21,200,110.5,442,0.40497737556561086
213,42.0,1713.0,672.0,2688.0,0.5223214285714286,0,18,8.75,35,0.4642857142857143,9,110,59.5,238,0.38655462184873945
214,102.0,8886.0,2465.25,9861.0,0.6756160632795862,2,46,17.25,69,0.4963768115942029,21,200,91.25,365,0.3883561643835617
215,108.0,9072.0,2718.75,10875.0,0.6422758620689655,2,46,19.75,79,0.46518987341772156,21,200,106.0,424,0.36910377358490565
216,354.0,7194.0,3506.25,14025.0,0.46272727272727276,8,42,25.75,103,0.3228155339805825,57,200,133.0,532,0.26033834586466165
217,36.0,1890.0,1031.25,4125.0,0.3929090909090909,0,33,18.0,72,0.375,9,200,115.0,460,0.3402173913043478
218,120.0,7572.0,3900.0,15600.0,0.385,2,45,29.5,118,0.27542372881355937,21,200,155.25,621,0.21618357487922713
219,71.0,3492.0,1163.0,4652.0,0.5536328460877042,1,38,16.5,66,0.43181818181818177,9,200,97.25,389,0.37982005141388175
220,36.0,2712.0,1371.0,5484.0,0.42450765864332607,0,36,21.5,86,0.35465116279069764,9,200,131.5,526,0.311787072243346
221,47.0,6204.0,1979.75,7919.0,0.5937302689733552,1,41,17.0,68,0.4632352941176471,9,200,95.25,381,0.3996062992125984
222,42.0,540.0,321.75,1287.0,0.3245920745920746,0,10,6.0,24,0.33333333333333337,9,56,40.0,160,0.2281249999999999
223,282.0,8598.0,3222.75,12891.0,0.5158831743076565,4,46,26.25,105,0.32619047619047614,32,200,141.5,566,0.25176678445229683
224,87.0,6624.0,3074.25,12297.0,0.5078677726274701,1,42,21.0,84,0.47619047619047616,15,200,109.0,436,0.42087155963302747
225,81.0,9774.0,2633.25,10533.0,0.7008686983765309,1,47,14.5,58,0.6206896551724138,15,200,73.0,292,0.5051369863013698
226,53.0,153.0,102.25,409.0,0.21332518337408324,1,3,1.75,7,0.25,9,27,16.5,66,0.25
227,114.0,7314.0,3669.0,14676.0,0.4082174979558463,2,43,28.5,114,0.27192982456140347,21,200,155.25,621,0.21618357487922713
228,114.0,6012.0,2904.5,11618.0,0.48566878980891715,2,42,22.75,91,0.4148351648351648,21,200,118.0,472,0.3633474576271186
229,65.0,3132.0,1190.0,4760.0,0.5221638655462185,1,31,14.75,59,0.4194915254237288,9,188,94.0,376,0.39228723404255317
230,92.0,1932.0,566.25,2265.0,0.6129139072847682,2,35,10.5,42,0.5952380952380952,15,200,62.75,251,0.5587649402390438
231,71.0,96.0,84.75,339.0,0.06415929203539816,1,2,1.75,7,0.1071428571428572,9,21,15.0,60,0.1499999999999999
232,192.0,12120.0,3186.75,12747.0,0.7018710284772888,4,47,15.0,60,0.5416666666666666,33,200,76.25,305,0.41557377049180333
233,59.0,237.0,114.0,456.0,0.305921052631579,1,5,2.5,10,0.30000000000000004,9,39,19.5,78,0.28846153846153844
234,36.0,1437.0,441.75,1767.0,0.6260611205432938,0,18,6.0,24,0.625,9,110,43.25,173,0.4898843930635838
235,71.0,1539.0,462.25,1849.0,0.5969442942130881,1,28,8.5,34,0.6029411764705882,9,170,55.25,221,0.5463800904977375
236,219.0,8640.0,3426.0,13704.0,0.4822679509632224,4,47,24.5,98,0.33673469387755106,26,200,131.0,524,0.25763358778625955
237,132.0,5676.0,2972.25,11889.0,0.45275044158465805,2,41,23.75,95,0.37631578947368416,21,200,127.0,508,0.3198818897637795
238,146.0,7278.0,3684.5,14738.0,0.47621794001899853,4,43,23.5,94,0.4042553191489362,27,200,118.0,472,0.3569915254237288
239,36.0,5934.0,2877.0,11508.0,0.5031282586027112,0,42,20.25,81,0.5092592592592593,9,200,104.5,418,0.4569377990430622
240,147.0,8472.0,3579.75,14319.0,0.5012046930651581,3,41,25.5,102,0.33333333333333337,27,200,135.75,543,0.27762430939226523
241,47.0,5526.0,1457.0,5828.0,0.7083047357584077,1,41,11.75,47,0.6436170212765957,9,200,64.25,257,0.5632295719844358
242,204.0,6768.0,3398.25,13593.0,0.4736813065548444,4,43,23.0,92,0.4130434782608695,33,200,118.0,472,0.350635593220339
243,47.0,3828.0,1517.75,6071.0,0.5528331411629056,1,36,16.75,67,0.49626865671641796,9,200,101.5,406,0.4556650246305419
244,80.0,6810.0,2471.0,9884.0,0.580028328611898,2,44,20.75,83,0.47891566265060237,15,200,109.0,436,0.42087155963302747
245,252.0,6384.0,3579.0,14316.0,0.4012992455993294,6,44,28.75,115,0.258695652173913,45,200,158.25,633,0.18838862559241698
246,186.0,7470.0,2871.75,11487.0,0.5465526247061896,4,45,22.75,91,0.42582417582417587,33,200,118.0,472,0.350635593220339
247,327.0,6210.0,3954.75,15819.0,0.30841077185662813,7,44,31.0,124,0.22983870967741926,51,200,162.75,651,0.1716589861751152
248,75.0,8280.0,2161.5,8646.0,0.71235253296322,1,44,13.0,52,0.625,15,200,68.75,275,0.51
249,186.0,9804.0,2816.25,11265.0,0.642809587217044,4,48,18.75,75,0.44999999999999996,33,200,97.25,389,0.33354755784061696
250,131.0,386.0,232.5,930.0,0.24086021505376354,3,10,5.5,22,0.2727272727272727,21,63,37.5,150,0.22999999999999998
251,59.0,197.0,132.25,529.0,0.1970699432892249,1,5,2.75,11,0.2954545454545454,9,33,22.5,90,0.21666666666666656
252,2331.0,7074.0,4409.25,17637.0,0.21972274196291885,32,46,36.5,146,0.07191780821917804,194,200,198.5,794,0.005667506297229119
253,348.0,9684.0,3704.25,14817.0,0.5353816562057097,8,44,23.75,95,0.35,57,200,129.75,519,0.273121387283237
254,150.0,9822.0,3616.5,14466.0,0.5731024471173787,4,47,23.25,93,0.43817204301075274,33,200,116.5,466,0.3583690987124464
255,36.0,9018.0,2329.5,9318.0,0.7248873148744366,0,46,13.0,52,0.6730769230769231,9,200,65.75,263,0.5560836501901141
256,99.0,12066.0,3170.25,12681.0,0.7077714691270405,3,50,16.25,65,0.5423076923076923,27,200,79.25,317,0.40930599369085174
257,57.0,4500.0,1187.75,4751.0,0.7019048621342875,1,40,11.25,45,0.65,15,200,62.75,251,0.5587649402390438
258,93.0,7344.0,3507.75,14031.0,0.40501389779773356,1,44,28.5,114,0.2850877192982456,15,200,153.75,615,0.22560975609756095
259,1410.0,6144.0,3764.25,15057.0,0.2656405658497709,29,44,35.5,142,0.09507042253521125,182,200,192.75,771,0.021076523994811858
260,1431.0,9576.0,4614.75,18459.0,0.3473508857467902,29,52,37.25,149,0.11912751677852351,183,200,195.75,783,0.016283524904214586
261,90.0,1187.0,591.5,2366.0,0.3626373626373627,2,25,13.0,52,0.33653846153846156,21,141,82.5,330,0.2772727272727272
262,206.0,8724.0,2907.5,11630.0,0.5984522785898538,5,44,20.0,80,0.42500000000000004,39,200,109.0,436,0.3451834862385321
263,90.0,2691.0,795.0,3180.0,0.6141509433962264,2,26,8.75,35,0.5214285714285715,21,158,59.75,239,0.4361924686192469
264,59.0,3978.0,1052.0,4208.0,0.6990256653992395,1,38,10.5,42,0.6666666666666666,9,200,61.25,245,0.5908163265306122
265,36.0,2322.0,648.0,2592.0,0.6707175925925926,0,21,6.25,25,0.65,9,128,44.75,179,0.5153631284916201
266,36.0,7482.0,3443.25,13773.0,0.5164996732737965,0,45,21.75,87,0.5028735632183908,9,200,106.0,424,0.44693396226415094
267,47.0,8754.0,2457.5,9830.0,0.6717192268565615,1,44,16.5,66,0.5,9,200,88.0,352,0.41903409090909094
268,47.0,3006.0,879.5,3518.0,0.6318931210915293,1,36,12.0,48,0.5520833333333334,9,200,73.25,293,0.4940273037542662
269,77.0,1233.0,739.0,2956.0,0.2980378890392422,1,25,14.75,59,0.326271186440678,9,159,92.75,371,0.32412398921832886
270,90.0,6564.0,3391.5,13566.0,0.46782397169394074,2,42,24.75,99,0.3712121212121212,21,200,128.5,514,0.3132295719844358
271,171.0,10110.0,3589.5,14358.0,0.5208942749686586,3,47,26.25,105,0.3214285714285714,27,200,143.25,573,0.23429319371727741
272,2040.0,6786.0,3520.5,14082.0,0.25660417554324666,35,42,37.0,148,0.03716216216216206,200,200,200.0,800,0.0
273,144.0,5010.0,2277.0,9108.0,0.49275362318840576,2,37,20.75,83,0.4006024096385542,21,200,119.5,478,0.35564853556485354
274,36.0,8586.0,2274.75,9099.0,0.7130728651500164,0,44,13.25,53,0.6556603773584906,9,200,70.25,281,0.547153024911032
275,75.0,9234.0,3709.5,14838.0,0.4697735543873838,1,46,26.75,107,0.32943925233644855,15,200,146.25,585,0.25
276,36.0,8556.0,3269.25,13077.0,0.5079720119293416,0,46,27.0,108,0.3379629629629629,9,200,144.75,579,0.26036269430051817
277,36.0,6510.0,1814.25,7257.0,0.6865440264572137,0,42,12.75,51,0.6421568627450981,9,200,70.0,280,0.5375
278,99.0,7416.0,3550.5,14202.0,0.4416983523447402,1,46,27.0,108,0.31481481481481477,15,200,149.25,597,0.23492462311557794
279,159.0,10602.0,2947.5,11790.0,0.6790076335877863,3,45,16.25,65,0.5192307692307693,27,200,86.5,346,0.41329479768786126
280,36.0,7962.0,3554.25,14217.0,0.5252690441021313,0,44,21.25,85,0.5029411764705882,9,200,106.0,424,0.44693396226415094
281,68.0,4164.0,1678.75,6715.0,0.5441921072226359,1,37,19.0,76,0.4671052631578947,9,200,106.0,424,0.44693396226415094
282,36.0,7944.0,3585.0,14340.0,0.4169456066945607,0,45,28.5,114,0.29824561403508776,9,200,152.25,609,0.2352216748768472
283,168.0,9156.0,3060.75,12243.0,0.6005268316589071,4,46,20.75,83,0.4487951807228916,33,200,112.0,448,0.3560267857142857
284,71.0,593.0,202.25,809.0,0.48485784919653896,1,11,3.75,15,0.5166666666666667,9,57,22.5,90,0.41666666666666663
285,1413.0,8640.0,3860.25,15441.0,0.36870992811346415,22,46,33.25,133,0.13721804511278202,134,200,183.5,734,0.06743869209809272
286,41.0,7152.0,1943.75,7775.0,0.6977170418006431,1,44,14.25,57,0.6008771929824561,9,200,74.75,299,0.5192307692307693
287,59.0,234.0,163.5,654.0,0.2339449541284404,1,6,4.0,16,0.28125,9,45,28.5,114,0.2763157894736842
288,36.0,9018.0,2368.5,9474.0,0.7181760607979734,0,45,13.25,53,0.6650943396226415,9,200,68.75,275,0.5536363636363636
289,36.0,2418.0,1072.5,4290.0,0.5,0,36,15.0,60,0.525,9,200,92.5,370,0.45945945945945943
290,47.0,7680.0,2079.5,8318.0,0.6966217840827121,1,44,15.0,60,0.5666666666666667,9,200,79.25,317,0.48501577287066244
291,591.0,7002.0,4659.75,18639.0,0.29458393690648643,13,48,32.5,130,0.20769230769230762,87,200,171.75,687,0.1233624454148472
292,36.0,9084.0,2994.0,11976.0,0.6157314629258517,0,45,21.25,85,0.4794117647058823,9,200,113.5,454,0.4008810572687225
293,57.0,6834.0,3540.75,14163.0,0.3885299724634611,1,43,28.75,115,0.2804347826086957,15,200,153.75,615,0.22560975609756095
294,78.0,7170.0,2156.25,8625.0,0.6440869565217391,2,45,18.0,72,0.5069444444444444,21,200,97.25,389,0.4106683804627249
295,41.0,5592.0,1459.25,5837.0,0.715564502312832,1,41,11.5,46,0.6630434782608695,9,200,62.75,251,0.5826693227091634
296,42.0,8892.0,2305.5,9222.0,0.7220234222511386,0,43,12.25,49,0.6683673469387755,9,200,65.75,263,0.5560836501901141
297,63.0,98.0,79.5,318.0,0.08490566037735858,1,2,1.75,7,0.1071428571428572,9,15,13.5,54,0.08333333333333326
298,74.0,311.0,144.0,576.0,0.3246527777777778,1,7,3.0,12,0.375,9,33,19.5,78,0.25
299,77.0,8088.0,2111.75,8447.0,0.7150171658577009,1,43,12.5,50,0.64,9,200,65.75,263,0.5560836501901141
300,132.0,8214.0,2642.25,10569.0,0.6075078058472893,2,42,21.75,87,0.41666666666666663,21,200,121.0,484,0.34814049586776863
301,47.0,10194.0,3349.25,13397.0,0.6220235873703068,1,47,20.0,80,0.51875,9,200,104.5,418,0.4425837320574163
302,77.0,2952.0,1624.25,6497.0,0.3919116515314761,1,36,23.75,95,0.3026315789473685,9,200,140.5,562,0.2758007117437722
303,47.0,11568.0,2980.25,11921.0,0.7253376394597769,1,49,14.0,56,0.6428571428571429,9,200,65.75,263,0.5446768060836502
304,104.0,7362.0,4478.0,17912.0,0.3291089772219741,2,43,30.0,120,0.2666666666666667,15,200,153.75,615,0.22560975609756095
305,1839.0,8466.0,5114.25,20457.0,0.26481155594661976,31,50,37.5,150,0.09666666666666668,194,200,198.5,794,0.005667506297229119
306,1145.0,10512.0,4391.0,17564.0,0.4364894101571396,23,49,33.0,132,0.16666666666666674,141,200,174.75,699,0.07832618025751081
307,47.0,7152.0,1984.75,7939.0,0.6807847335936515,1,43,15.0,60,0.5583333333333333,9,200,79.25,317,0.49447949526813884
308,69.0,6042.0,3099.0,12396.0,0.4751936108422071,1,41,21.75,87,0.4339080459770115,15,200,116.5,466,0.37768240343347637
309,41.0,6666.0,1904.75,7619.0,0.6694776217351358,1,42,14.75,59,0.5550847457627118,9,200,80.5,322,0.48136645962732916
310,648.0,4986.0,3598.5,14394.0,0.241871613172155,12,38,31.5,126,0.15476190476190466,80,200,170.0,680,0.13235294117647056
311,834.0,5826.0,3784.5,15138.0,0.2668450257629805,14,40,31.75,127,0.15944881889763773,92,200,173.0,692,0.11705202312138718
312,77.0,422.0,199.0,796.0,0.3636934673366834,1,9,3.75,15,0.44999999999999996,9,39,24.0,96,0.28125
313,77.0,7470.0,2140.25,8561.0,0.6524062609508235,2,43,16.25,65,0.4884615384615385,9,200,86.75,347,0.4301152737752162
314,36.0,9426.0,3066.0,12264.0,0.5876956947162426,0,45,22.5,90,0.37777777777777777,9,200,122.25,489,0.29907975460122704
315,36.0,9708.0,2646.75,10587.0,0.6893595919523945,0,47,16.5,66,0.553030303030303,9,200,85.25,341,0.4420821114369502
316,93.0,10236.0,3589.5,14358.0,0.5921437526117844,1,49,22.0,88,0.48863636363636365,15,200,113.5,454,0.3942731277533039
317,141.0,8178.0,2279.25,9117.0,0.670533070088845,3,44,15.25,61,0.5286885245901639,27,200,81.75,327,0.42431192660550454
318,168.0,5244.0,2881.25,11525.0,0.41689804772234273,4,40,26.25,105,0.2928571428571428,33,200,143.5,574,0.24390243902439024
319,405.0,6492.0,3049.5,12198.0,0.456222331529759,9,45,25.25,101,0.3242574257425742,63,200,134.25,537,0.25
320,69.0,8364.0,2182.5,8730.0,0.7149484536082474,1,44,13.0,52,0.6346153846153846,15,200,68.75,275,0.5209090909090909
321,101.0,1118.0,411.75,1647.0,0.4910443230115361,2,22,8.25,33,0.4772727272727273,15,135,54.0,216,0.4444444444444444
322,69.0,8868.0,2304.0,9216.0,0.7198893229166666,1,45,12.75,51,0.6617647058823529,15,200,65.75,263,0.5446768060836502
323,546.0,5412.0,1878.75,7515.0,0.48892215568862274,12,34,20.75,83,0.20180722891566272,81,200,130.25,521,0.17418426103646834
324,41.0,11904.0,3955.75,15823.0,0.621231751248183,1,49,22.0,88,0.5056818181818182,9,200,106.0,424,0.44693396226415094
325,41.0,7062.0,2784.5,11138.0,0.5421978811276711,1,45,23.0,92,0.42391304347826086,9,200,121.0,484,0.3605371900826446
326,41.0,5568.0,2323.75,9295.0,0.5414470145239376,1,41,20.25,81,0.4783950617283951,9,200,106.0,424,0.44693396226415094
327,77.0,4182.0,1885.25,7541.0,0.42557353136188836,1,36,23.5,94,0.31382978723404253,9,200,137.25,549,0.2882513661202186
328,83.0,7662.0,2086.25,8345.0,0.6914020371479929,2,45,14.75,59,0.5720338983050848,9,200,74.75,299,0.5091973244147158
329,63.0,197.0,105.75,423.0,0.25,1,5,2.25,9,0.36111111111111116,9,33,18.0,72,0.25
330,47.0,6456.0,1830.25,7321.0,0.6796544187952466,1,41,15.0,60,0.5666666666666667,9,200,82.25,329,0.5129179331306991
331,156.0,8064.0,2489.25,9957.0,0.6029677613739078,4,42,18.0,72,0.4027777777777778,33,200,99.75,399,0.325187969924812
332,74.0,10338.0,2697.25,10789.0,0.7138057280563537,2,46,14.25,57,0.5833333333333334,15,200,70.25,281,0.5044483985765125
333,41.0,7236.0,2306.0,9224.0,0.6299869904596704,1,44,18.5,74,0.5067567567567568,9,200,100.0,400,0.43625
334,188.0,5988.0,3585.5,14342.0,0.36197880351415423,6,42,29.75,119,0.23739495798319332,39,200,159.75,639,0.18896713615023475
335,1365.0,8928.0,4673.25,18693.0,0.3746990852190659,21,46,34.0,136,0.16176470588235303,134,200,177.5,710,0.07816901408450705
336,200.0,6372.0,2297.0,9188.0,0.5625816282107097,4,42,21.0,84,0.4285714285714286,27,200,115.0,460,0.37282608695652175
337,57.0,5700.0,3395.25,13581.0,0.3224541639054561,1,44,29.0,116,0.2801724137931034,15,200,153.75,615,0.22560975609756095
338,41.0,9462.0,3271.0,13084.0,0.606886273310914,1,48,21.25,85,0.5147058823529411,9,200,104.5,418,0.4569377990430622
339,150.0,11742.0,4032.0,16128.0,0.5438058035714286,4,49,26.0,104,0.32692307692307687,33,200,137.25,549,0.22814207650273222
340,53.0,335.0,138.75,555.0,0.39234234234234233,1,9,3.25,13,0.4807692307692307,9,57,24.0,96,0.40625
341,36.0,7602.0,2745.0,10980.0,0.590983606557377,0,44,20.0,80,0.525,9,200,104.5,418,0.4569377990430622
342,81.0,4698.0,1770.0,7080.0,0.5641949152542373,1,38,18.5,74,0.4864864864864865,15,200,107.5,430,0.43023255813953487
343,47.0,9672.0,2987.75,11951.0,0.6416827043762028,1,47,21.25,85,0.4911764705882353,9,200,110.5,442,0.418552036199095
344,47.0,7746.0,3873.5,15494.0,0.47921776171421193,1,44,24.75,99,0.3964646464646465,9,200,124.0,496,0.3457661290322581
345,122.0,7032.0,2018.75,8075.0,0.65656346749226,4,42,15.75,63,0.48809523809523814,27,200,86.75,347,0.41282420749279536
346,53.0,6648.0,2930.0,11720.0,0.5151450511945392,1,42,21.75,87,0.43965517241379315,9,200,115.0,460,0.3923913043478261
347,120.0,8346.0,4214.25,16857.0,0.4677433707065314,2,46,27.0,108,0.3657407407407407,21,200,133.0,532,0.2941729323308271
348,153.0,8502.0,2941.5,11766.0,0.5716471188169301,3,45,21.25,85,0.41470588235294115,27,200,116.25,465,0.32741935483870965
349,53.0,966.0,402.25,1609.0,0.4989123679303915,1,20,8.25,33,0.5075757575757576,9,129,55.5,222,0.4797297297297297
350,36.0,5676.0,1632.0,6528.0,0.6714154411764706,0,40,13.0,52,0.6153846153846154,9,200,74.5,298,0.5201342281879194
351,62.0,5616.0,2624.75,10499.0,0.5056910181922087,2,43,21.0,84,0.4642857142857143,15,200,110.5,442,0.4117647058823529
352,71.0,7314.0,2129.5,8518.0,0.6393519605541207,1,43,16.75,67,0.47388059701492535,9,200,89.75,359,0.40738161559888575
353,1299.0,8688.0,4615.5,18462.0,0.364478388040299,21,43,32.25,129,0.1647286821705427,134,200,170.0,680,0.0926470588235293
354,53.0,324.0,138.25,553.0,0.39376130198915005,1,8,3.25,13,0.4423076923076923,9,57,25.5,102,0.3970588235294118
355,36.0,11064.0,3344.25,13377.0,0.6218322493832698,0,47,20.5,82,0.4390243902439024,9,200,108.75,435,0.33965517241379306
356,77.0,9162.0,2353.75,9415.0,0.7241370154009559,1,46,12.75,51,0.6617647058823529,9,200,61.25,245,0.5908163265306122
357,110.0,3024.0,1400.0,5600.0,0.47464285714285714,2,36,20.25,81,0.39814814814814814,15,200,118.0,472,0.36970338983050843
358,78.0,416.0,193.75,775.0,0.3467741935483871,2,10,4.25,17,0.36764705882352944,15,51,28.5,114,0.25
359,57.0,6312.0,1723.5,6894.0,0.6832027850304613,1,42,13.5,54,0.5740740740740741,15,200,74.75,299,0.46906354515050164
360,122.0,2844.0,850.75,3403.0,0.6140905083749633,2,35,12.0,48,0.5520833333333334,15,200,73.25,293,0.514505119453925
361,36.0,6582.0,1712.0,6848.0,0.7223276869158879,0,43,12.25,49,0.6785714285714286,9,200,64.25,257,0.5865758754863813
362,71.0,8772.0,3035.0,12140.0,0.5389621087314662,1,46,22.5,90,0.37777777777777777,9,200,120.75,483,0.2996894409937888
363,78.0,7386.0,2905.5,11622.0,0.5326535880227156,2,39,23.0,92,0.3532608695652174,21,200,131.5,526,0.30038022813688214
364,63.0,10206.0,2722.5,10890.0,0.7068870523415978,1,46,15.0,60,0.5916666666666667,15,200,77.75,311,0.479903536977492
365,68.0,6480.0,1734.25,6937.0,0.6973835952140695,2,43,13.5,54,0.5833333333333334,15,200,70.25,281,0.5151245551601423
366,77.0,288.0,163.5,654.0,0.25688073394495414,1,8,4.0,16,0.34375,9,57,28.5,114,0.32894736842105265
367,183.0,5484.0,2126.25,8505.0,0.5304232804232805,5,41,21.5,86,0.39534883720930236,39,200,120.75,483,0.3307453416149069
368,47.0,6690.0,1741.0,6964.0,0.7184807581849512,1,45,12.75,51,0.6617647058823529,9,200,62.75,251,0.5946215139442231
369,36.0,413.0,132.75,531.0,0.5324858757062146,0,11,3.25,13,0.6346153846153846,9,57,21.0,84,0.4285714285714286
370,96.0,4818.0,1553.25,6213.0,0.5737566393046837,2,41,17.0,68,0.4411764705882353,21,200,97.25,389,0.35668380462724936
371,47.0,9396.0,3065.0,12260.0,0.6238580750407831,1,46,21.25,85,0.4911764705882353,9,200,109.0,436,0.4277522935779816
372,324.0,8670.0,3660.75,14643.0,0.4451444376152428,10,45,28.5,114,0.24122807017543857,69,200,159.75,639,0.16549295774647876
373,41.0,8772.0,2258.75,9035.0,0.7270890979524073,1,44,12.25,49,0.6683673469387755,9,200,62.75,251,0.5826693227091634
374,128.0,6906.0,2490.25,9961.0,0.575720309205903,2,42,21.0,84,0.45238095238095233,15,200,109.0,436,0.42087155963302747
375,89.0,11160.0,3008.0,12032.0,0.6978889627659575,2,48,16.25,65,0.5576923076923077,9,200,79.25,317,0.48501577287066244
376,768.0,6816.0,3489.0,13956.0,0.40348237317282887,14,41,28.0,112,0.2366071428571428,92,200,149.0,596,0.1761744966442953
377,77.0,4524.0,1486.25,5945.0,0.5733809924306139,1,38,17.25,69,0.4311594202898551,9,200,101.75,407,0.3814496314496314
378,116.0,8280.0,2235.5,8942.0,0.6875978528293447,3,45,15.5,62,0.5161290322580645,15,200,79.25,317,0.4471608832807571
379,36.0,146.0,104.0,416.0,0.2235576923076923,0,4,2.5,10,0.35,9,33,22.5,90,0.21666666666666656
380,131.0,5496.0,1720.25,6881.0,0.5984958581601512,3,41,17.0,68,0.4338235294117647,21,200,95.5,382,0.3664921465968587
381,75.0,321.0,176.75,707.0,0.2698019801980198,1,7,3.75,15,0.31666666666666665,15,51,30.0,120,0.25
382,77.0,2736.0,941.5,3766.0,0.5768720127456187,1,33,13.25,53,0.5235849056603774,9,200,83.75,335,0.49029850746268655
383,71.0,198.0,132.5,530.0,0.18113207547169807,1,4,2.5,10,0.25,9,33,22.5,90,0.21666666666666656
384,53.0,8580.0,2200.25,8801.0,0.7268208158163845,1,45,12.0,48,0.6875,9,200,59.75,239,0.5993723849372385
385,156.0,6546.0,3339.0,13356.0,0.4079065588499551,4,44,29.25,117,0.2585470085470085,33,200,158.25,633,0.19786729857819907
386,1011.0,8556.0,3669.0,14676.0,0.4087285363859362,19,45,31.5,126,0.16666666666666674,122,200,173.0,692,0.09537572254335269
387,53.0,7488.0,2701.25,10805.0,0.5543961129106895,1,43,23.0,92,0.3967391304347826,9,200,125.25,501,0.33982035928143717
388,387.0,10470.0,3755.25,15021.0,0.5157279808268425,9,48,27.75,111,0.2635135135135135,63,200,150.75,603,0.17039800995024867
389,81.0,11394.0,3255.0,13020.0,0.6732718894009216,1,48,19.0,76,0.5263157894736842,15,200,98.5,394,0.42385786802030456
390,47.0,90.0,71.5,286.0,0.1398601398601398,1,2,1.5,6,0.16666666666666674,9,21,15.0,60,0.19999999999999996
391,75.0,216.0,122.0,488.0,0.23872950819672134,1,4,2.0,8,0.3125,9,33,19.5,78,0.25
392,36.0,6408.0,1970.25,7881.0,0.649314807765512,0,42,15.75,63,0.5833333333333334,9,200,88.0,352,0.49573863636363635
393,53.0,357.0,166.75,667.0,0.3849325337331334,1,7,3.25,13,0.40384615384615385,9,51,25.5,102,0.36764705882352944
394,309.0,5190.0,2825.25,11301.0,0.4228165649057606,6,40,24.25,97,0.33247422680412375,38,200,129.75,519,0.2914258188824663
395,47.0,7686.0,1976.75,7907.0,0.726476539774883,1,43,12.0,48,0.6666666666666666,9,200,62.75,251,0.5826693227091634
396,96.0,8088.0,2526.5,10106.0,0.6310607559865427,2,45,20.75,83,0.46084337349397586,21,200,112.0,448,0.3828125
397,110.0,6324.0,2429.0,9716.0,0.5446685878962536,2,42,21.5,86,0.42441860465116277,15,200,118.0,472,0.36970338983050843
398,65.0,548.0,297.5,1190.0,0.32016806722689073,1,12,6.5,26,0.34615384615384615,9,75,42.0,168,0.3214285714285714
399,53.0,3060.0,951.5,3806.0,0.6254598003152917,1,36,12.75,51,0.5637254901960784,9,200,76.0,304,0.5148026315789473
400,189.0,5082.0,1958.0,7832.0,0.5306435137895812,3,41,20.25,81,0.404320987654321,27,200,115.0,460,0.3402173913043478
401,41.0,9342.0,3246.5,12986.0,0.5521330663791776,1,45,23.75,95,0.35526315789473684,9,200,129.75,519,0.2846820809248555
402,42.0,8934.0,2478.5,9914.0,0.6901351623966109,0,45,16.25,65,0.573076923076923,9,200,85.25,341,0.4772727272727273
403,53.0,363.0,232.75,931.0,0.28383458646616544,1,9,5.25,21,0.3214285714285714,9,63,37.5,150,0.31000000000000005
404,63.0,9840.0,2532.0,10128.0,0.7245260663507109,1,44,12.5,50,0.65,15,200,65.75,263,0.5332699619771863
405,162.0,7098.0,3560.0,14240.0,0.45660112359550564,4,43,27.25,109,0.3188073394495413,33,200,139.0,556,0.2598920863309353
406,1542.0,6468.0,4519.5,18078.0,0.23871556588118148,26,44,35.25,141,0.10106382978723394,164,200,191.0,764,0.035340314136125706
407,71.0,8142.0,2558.0,10232.0,0.6315480844409695,1,47,19.25,77,0.5162337662337663,9,200,100.0,400,0.43625
408,1149.0,7530.0,3803.25,15213.0,0.35885426937487674,17,40,31.25,125,0.15799999999999992,110,200,171.5,686,0.1071428571428572
409,71.0,8184.0,2192.0,8768.0,0.7012431569343066,1,44,14.0,56,0.5982142857142857,9,200,73.25,293,0.514505119453925
410,165.0,6642.0,3239.25,12957.0,0.4771359110905302,3,41,23.0,92,0.3967391304347826,27,200,121.0,484,0.3419421487603306
411,222.0,5256.0,2866.5,11466.0,0.4250392464678179,4,41,24.5,98,0.34693877551020413,33,200,131.25,525,0.29000000000000004
412,444.0,5592.0,2091.0,8364.0,0.5,8,44,22.0,88,0.3522727272727273,56,200,122.25,489,0.2694274028629857
413,78.0,8082.0,3675.0,14700.0,0.41387755102040813,2,45,29.25,117,0.2799145299145299,21,200,155.25,621,0.21618357487922713
414,116.0,2502.0,752.0,3008.0,0.597905585106383,2,36,12.0,48,0.53125,15,200,73.25,293,0.4735494880546075
415,36.0,681.0,205.25,821.0,0.5922655298416565,0,10,3.0,12,0.625,9,62,23.75,95,0.4342105263157895
416,65.0,939.0,444.25,1777.0,0.44330332020258867,1,19,8.75,35,0.4642857142857143,9,110,55.25,221,0.42420814479638014
417,90.0,8472.0,4245.0,16980.0,0.39805653710247346,2,51,30.5,122,0.30327868852459017,21,200,155.25,621,0.21618357487922713
418,384.0,6972.0,4153.5,16614.0,0.3169916937522571,8,43,30.5,122,0.22131147540983598,57,200,164.25,657,0.16324200913242004
419,1902.0,8010.0,5275.5,21102.0,0.24402900199033262,34,42,38.0,152,0.05263157894736836,200,200,200.0,800,0.0
420,98.0,8568.0,2980.25,11921.0,0.5914562536699941,2,45,21.25,85,0.46176470588235297,15,200,113.5,454,0.3942731277533039
421,74.0,12594.0,3599.0,14396.0,0.6615379272020006,2,51,20.75,83,0.44277108433734935,15,200,103.0,412,0.337378640776699
422,96.0,2445.0,856.5,3426.0,0.5481611208406305,2,32,12.75,51,0.4852941176470589,21,194,83.75,335,0.42761194029850746
423,69.0,506.0,255.5,1022.0,0.37426614481409004,1,12,6.0,24,0.41666666666666663,15,75,43.5,174,0.31896551724137934
424,36.0,8046.0,2381.0,9524.0,0.6620642587148257,0,43,17.75,71,0.5316901408450704,9,200,97.0,388,0.45747422680412375
425,75.0,207.0,126.5,506.0,0.23023715415019752,1,5,2.5,10,0.35,9,39,22.5,90,0.2833333333333333
426,63.0,7074.0,3455.25,13821.0,0.4978836553071413,1,44,21.75,87,0.4798850574712644,15,200,109.0,436,0.42087155963302747
427,330.0,8070.0,3308.25,13233.0,0.48226025844479714,8,45,25.5,102,0.2990196078431373,57,200,141.75,567,0.21825396825396814
428,71.0,371.0,162.0,648.0,0.3672839506172839,1,8,3.25,13,0.4423076923076923,9,33,19.5,78,0.28846153846153844
429,36.0,6486.0,2706.0,10824.0,0.5412971175166297,0,44,20.0,80,0.5125,9,200,107.5,430,0.4372093023255814
430,47.0,7320.0,2546.5,10186.0,0.600922835264088,1,42,19.5,78,0.5,9,200,104.5,418,0.4569377990430622
431,41.0,2040.0,556.0,2224.0,0.6760341726618705,1,25,7.25,29,0.6293103448275862,9,152,47.75,191,0.5615183246073299
432,36.0,6672.0,3235.5,12942.0,0.42663421418636993,0,40,28.0,112,0.2767857142857143,9,200,152.25,609,0.2352216748768472
433,447.0,10368.0,3770.25,15081.0,0.530286453152974,9,47,27.5,110,0.30000000000000004,63,200,144.75,579,0.21373056994818662
434,483.0,12918.0,4563.75,18255.0,0.522062448644207,9,49,26.25,105,0.30714285714285716,63,200,138.75,555,0.20675675675675675
435,65.0,9528.0,2515.25,10061.0,0.7116837292515654,1,46,13.75,55,0.6318181818181818,9,200,68.5,274,0.5437956204379562
436,41.0,7242.0,1969.25,7877.0,0.6936333629554399,1,44,14.25,57,0.5921052631578947,9,200,74.75,299,0.5091973244147158
437,957.0,6822.0,3921.75,15687.0,0.34103078982597057,17,45,32.75,131,0.166030534351145,110,200,177.5,710,0.09507042253521125
438,59.0,2712.0,809.5,3238.0,0.6391290920321185,1,25,9.25,37,0.5337837837837838,9,152,59.75,239,0.4989539748953975
439,59.0,87.0,75.25,301.0,0.07392026578073096,1,2,1.25,5,0.1499999999999999,9,15,13.5,54,0.08333333333333326
440,431.0,9144.0,3785.75,15143.0,0.4587763322987519,9,46,28.25,113,0.25442477876106195,57,200,155.25,621,0.18236714975845403
441,255.0,8952.0,3464.25,13857.0,0.520080103918597,5,49,25.5,102,0.36764705882352944,39,200,132.75,531,0.2725988700564972
442,98.0,1566.0,509.5,2038.0,0.5502944062806673,2,26,9.5,38,0.48684210526315785,15,165,63.0,252,0.4642857142857143
443,36.0,7824.0,3614.25,14457.0,0.43510064328698905,0,48,28.0,112,0.3303571428571429,9,200,147.75,591,0.25
444,273.0,9894.0,3676.5,14706.0,0.5011219910240718,5,48,26.75,107,0.30140186915887845,39,200,143.25,573,0.21335078534031404
445,42.0,9306.0,2741.75,10967.0,0.6352922403574359,0,45,20.5,82,0.43292682926829273,9,200,110.5,442,0.34502262443438914
446,57.0,8028.0,2329.5,9318.0,0.6572762395363811,1,43,16.75,67,0.5111940298507462,15,200,92.5,370,0.41891891891891897
447,63.0,1271.0,380.5,1522.0,0.6047963206307491,1,23,7.0,28,0.6071428571428571,9,141,48.0,192,0.53125
448,42.0,8232.0,2223.0,8892.0,0.7012483130904184,0,45,14.25,57,0.618421052631579,9,200,74.75,299,0.5091973244147158
449,459.0,7356.0,4491.75,17967.0,0.29742027049590913,8,44,31.5,126,0.21825396825396814,50,200,162.5,650,0.17307692307692313
450,36.0,3504.0,1380.75,5523.0,0.5490222705051603,0,36,17.25,69,0.48913043478260865,9,200,106.0,424,0.4327830188679245
451,59.0,2820.0,961.0,3844.0,0.583636836628512,1,35,13.75,55,0.5227272727272727,9,200,83.75,335,0.49029850746268655
452,75.0,7788.0,2560.25,10241.0,0.6191534029879895,1,44,18.75,75,0.5233333333333333,9,200,101.5,406,0.4556650246305419
453,96.0,9510.0,3441.75,13767.0,0.5300174329919373,2,46,24.25,97,0.3530927835051546,21,200,132.75,531,0.26694915254237284
454,146.0,7338.0,3566.0,14264.0,0.48520751542344365,4,43,23.5,94,0.3936170212765957,27,200,121.0,484,0.3419421487603306
455,299.0,7332.0,2276.0,9104.0,0.6027021089630932,6,43,18.25,73,0.4143835616438356,45,200,100.0,400,0.33125000000000004
456,71.0,1926.0,624.0,2496.0,0.5811298076923077,1,33,11.25,45,0.5611111111111111,9,200,70.25,281,0.5364768683274022
457,702.0,8652.0,4418.25,17673.0,0.35872517399422843,14,45,32.0,128,0.1953125,93,200,171.75,687,0.11899563318777284
458,69.0,7602.0,3531.5,14126.0,0.5097692198782388,1,43,21.5,86,0.4709302325581395,15,200,109.0,436,0.42087155963302747
459,87.0,8844.0,3180.75,12723.0,0.5827045508134874,1,47,21.75,87,0.48563218390804597,15,200,112.0,448,0.4029017857142857
460,120.0,10236.0,2919.75,11679.0,0.6634343693809401,2,43,16.75,67,0.48880597014925375,21,200,91.0,364,0.396978021978022
461,98.0,9258.0,3460.75,13843.0,0.5706313660333743,2,47,22.75,91,0.4587912087912088,15,200,112.0,448,0.4029017857142857
462,71.0,2922.0,1471.75,5887.0,0.4431374214370647,1,37,21.0,84,0.38690476190476186,9,200,121.0,484,0.3605371900826446
463,41.0,6966.0,3325.25,13301.0,0.42735508608375306,1,43,27.75,111,0.2995495495495496,9,200,149.25,597,0.24497487437185939
464,69.0,12528.0,3933.0,15732.0,0.6391113653699466,1,50,22.25,89,0.5028089887640449,15,200,110.5,442,0.4117647058823529
465,47.0,7332.0,3366.25,13465.0,0.513349424433717,1,43,22.0,88,0.4602272727272727,9,200,109.0,436,0.4277522935779816
466,41.0,10134.0,3361.25,13445.0,0.6222573447378208,0,49,21.75,87,0.5258620689655172,9,200,104.5,418,0.4569377990430622
467,141.0,3294.0,1072.5,4290.0,0.5692307692307692,3,36,14.0,56,0.4732142857142857,27,200,86.75,347,0.40417867435158505
468,36.0,8688.0,2281.25,9125.0,0.718054794520548,0,43,13.0,52,0.6442307692307693,9,200,68.75,275,0.5536363636363636
469,1965.0,9018.0,3924.0,15696.0,0.34403669724770647,22,47,31.25,125,0.15799999999999992,140,200,170.0,680,0.07499999999999996
470,231.0,7332.0,2879.25,11517.0,0.5039723886428757,4,42,24.25,97,0.33762886597938147,26,200,132.5,530,0.29150943396226414
471,53.0,5442.0,1739.5,6958.0,0.6201494682379994,1,42,17.5,70,0.5,9,200,95.5,382,0.4450261780104712
472,41.0,5346.0,1397.75,5591.0,0.7151225183330352,1,36,10.25,41,0.6524390243902439,9,200,62.75,251,0.5826693227091634
473,41.0,7464.0,2362.75,9451.0,0.6045656544281028,1,43,19.0,76,0.4144736842105263,9,200,103.0,412,0.35072815533980584
474,41.0,6294.0,2384.0,9536.0,0.503984899328859,1,33,20.0,80,0.30625,9,200,123.75,495,0.2924242424242425
475,594.0,6756.0,3994.5,15978.0,0.35589560645888096,14,48,31.75,127,0.2027559055118111,93,200,173.25,693,0.1158008658008658
476,77.0,3228.0,1717.25,6869.0,0.4051899839860241,1,35,22.0,88,0.3352272727272727,9,200,131.25,525,0.31285714285714283
477,191.0,11430.0,3548.0,14192.0,0.6078424464487034,5,47,23.25,93,0.3682795698924731,33,200,123.75,495,0.2863636363636364
478,114.0,7974.0,3652.5,14610.0,0.42145790554414786,2,48,29.5,118,0.2966101694915254,21,200,155.25,621,0.21618357487922713
479,36.0,10308.0,2953.25,11813.0,0.6810082112926437,0,47,17.5,70,0.5785714285714286,9,200,89.5,358,0.4916201117318436
480,65.0,4728.0,1388.0,5552.0,0.6578710374639769,1,36,13.0,52,0.5673076923076923,9,200,79.25,317,0.5134069400630915
481,590.0,6948.0,3312.5,13250.0,0.36984905660377354,16,40,31.75,127,0.14370078740157477,99,200,174.75,699,0.10836909871244638
482,75.0,213.0,116.75,467.0,0.23501070663811574,1,5,2.25,9,0.36111111111111116,9,39,21.0,84,0.2857142857142857
483,120.0,6018.0,2249.75,8999.0,0.5637570841204578,2,41,20.0,80,0.4625,21,200,110.5,442,0.40497737556561086
484,41.0,8352.0,3941.75,15767.0,0.401328724551278,1,46,28.75,115,0.2978260869565217,9,200,152.25,609,0.2352216748768472
485,122.0,6726.0,3449.75,13799.0,0.47367562866874413,4,43,23.0,92,0.4130434782608695,27,200,116.5,466,0.36480686695278974
486,36.0,264.0,144.75,579.0,0.33290155440414504,0,6,2.75,11,0.43181818181818177,9,45,25.5,102,0.27941176470588236
487,141.0,1407.0,496.5,1986.0,0.48640483383685795,3,14,6.75,27,0.32407407407407407,27,86,47.75,191,0.2473821989528795
488,75.0,8112.0,4334.25,17337.0,0.35728499740439523,1,44,30.0,120,0.275,15,200,153.75,615,0.22560975609756095
489,84.0,207.0,142.25,569.0,0.17618629173989464,2,5,3.25,13,0.17307692307692313,21,39,27.0,108,0.13888888888888884
490,1053.0,9966.0,3801.0,15204.0,0.4588595106550908,15,48,29.0,116,0.22413793103448265,98,200,158.25,633,0.13309636650868883
491,47.0,341.0,167.25,669.0,0.3613602391629297,1,9,4.25,17,0.3970588235294118,9,45,27.0,108,0.3055555555555556
492,41.0,6756.0,1879.0,7516.0,0.6856705694518361,1,43,13.75,55,0.5954545454545455,9,200,71.5,286,0.5314685314685315
493,561.0,9258.0,3823.5,15294.0,0.49744998038446453,9,44,24.5,98,0.33673469387755106,62,200,131.0,524,0.26335877862595425
494,36.0,2970.0,1377.0,5508.0,0.5098039215686274,0,35,17.25,69,0.5036231884057971,9,200,104.5,418,0.4569377990430622
495,65.0,7242.0,1895.5,7582.0,0.7113558427855448,1,44,13.0,52,0.625,9,200,65.75,263,0.5446768060836502
496,87.0,9762.0,3091.5,12366.0,0.6271227559437167,1,47,20.25,81,0.48456790123456794,15,200,107.5,430,0.3883720930232558
497,87.0,10200.0,2772.0,11088.0,0.698051948051948,1,46,15.75,63,0.5833333333333334,15,200,80.5,322,0.48136645962732916
498,78.0,8766.0,2907.0,11628.0,0.5942982456140351,2,45,21.75,87,0.4109195402298851,21,200,119.5,478,0.32426778242677823
499,80.0,6510.0,2981.75,11927.0,0.5107948352477572,2,42,21.25,85,0.4558823529411765,15,200,110.5,442,0.4117647058823529
500,222.0,4692.0,3054.0,12216.0,0.31286836935166995,4,38,28.5,114,0.2236842105263157,33,200,158.25,633,0.19786729857819907
501,36.0,7908.0,2202.0,8808.0,0.6927792915531336,0,44,14.5,58,0.6293103448275862,9,200,77.5,310,0.5290322580645161
502,77.0,725.0,331.75,1327.0,0.37923888470233613,1,15,7.25,29,0.3706896551724138,9,81,46.5,186,0.2983870967741935
503,59.0,2382.0,680.5,2722.0,0.6544819985304923,1,33,10.25,41,0.6036585365853658,9,200,65.75,263,0.5674904942965779
504,588.0,6792.0,4132.5,16530.0,0.34274047186932854,11,45,31.5,126,0.22222222222222232,68,200,164.0,656,0.1554878048780488
505,53.0,2394.0,1193.5,4774.0,0.48219522413070803,1,34,17.25,69,0.4746376811594203,9,200,104.5,418,0.4569377990430622
506,77.0,299.0,138.0,552.0,0.30797101449275366,1,7,3.25,13,0.3653846153846154,9,33,19.5,78,0.25
507,2328.0,6912.0,3948.0,15792.0,0.22834346504559266,34,41,36.75,147,0.04251700680272119,200,200,200.0,800,0.0
508,42.0,4452.0,2106.75,8427.0,0.45202919188323243,0,34,20.25,81,0.37962962962962965,9,200,123.75,495,0.34696969696969693
509,2112.0,6564.0,3889.5,15558.0,0.2150983416891632,33,39,36.25,145,0.036206896551724155,200,200,200.0,800,0.0
510,141.0,8538.0,4595.25,18381.0,0.34694793536804314,3,48,30.0,120,0.2833333333333333,27,200,156.75,627,0.2069377990430623
511,147.0,6816.0,2962.5,11850.0,0.49012658227848105,3,44,25.0,100,0.345,27,200,137.5,550,0.2709090909090909
512,342.0,8136.0,2364.0,9456.0,0.6234137055837563,8,42,17.0,68,0.38235294117647056,57,200,95.5,382,0.2879581151832461
513,117.0,7230.0,3483.0,13932.0,0.4893410852713178,3,44,23.25,93,0.41666666666666663,27,200,119.5,478,0.34937238493723854
514,213.0,8226.0,4002.75,16011.0,0.3834082818062582,5,43,29.5,118,0.2457627118644068,39,200,159.75,639,0.18896713615023475
515,42.0,11016.0,2824.5,11298.0,0.7310143388210303,0,47,12.75,51,0.7009803921568627,9,200,62.75,251,0.5826693227091634
516,197.0,6786.0,1879.25,7517.0,0.6612012771052281,4,42,14.75,59,0.4957627118644068,33,200,80.75,323,0.4063467492260062
517,47.0,6636.0,1732.75,6931.0,0.7150122637426057,1,41,12.0,48,0.6354166666666666,9,200,64.25,257,0.5632295719844358
518,77.0,5388.0,1813.25,7253.0,0.5973735006204329,1,40,18.0,72,0.47916666666666663,9,200,101.5,406,0.42610837438423643
519,41.0,10962.0,3709.25,14837.0,0.5858158657410528,1,47,24.0,96,0.40104166666666663,9,200,125.25,501,0.3338323353293413
520,62.0,120.0,79.5,318.0,0.14150943396226423,1,2,1.5,6,0.16666666666666674,9,21,13.5,54,0.19444444444444442
521,42.0,9480.0,3320.25,13281.0,0.5826180257510729,0,45,23.0,92,0.42391304347826086,9,200,124.0,496,0.3457661290322581
522,47.0,6096.0,2197.25,8789.0,0.5841108203436113,1,41,18.0,72,0.5,9,200,101.5,406,0.4408866995073891
523,278.0,9228.0,2731.25,10925.0,0.6179176201372998,8,43,20.0,80,0.33125000000000004,51,200,110.5,442,0.25678733031674206
524,2190.0,8232.0,4693.5,18774.0,0.2739693192713327,32,44,37.5,150,0.06666666666666665,200,200,200.0,800,0.0
525,71.0,6852.0,2392.25,9569.0,0.5962221757759432,2,42,20.0,80,0.475,9,200,107.5,430,0.4372093023255814
526,200.0,6510.0,2043.25,8173.0,0.5961397283739142,4,44,18.75,75,0.42333333333333334,27,200,100.0,400,0.35375
527,71.0,7302.0,1925.0,7700.0,0.7094805194805195,1,44,13.0,52,0.6346153846153846,9,200,67.25,269,0.5492565055762082
528,53.0,798.0,314.5,1258.0,0.49443561208267095,1,13,5.75,23,0.46739130434782605,9,68,35.75,143,0.39335664335664333
529,86.0,291.0,172.75,691.0,0.26953690303907385,2,5,3.25,13,0.21153846153846145,15,39,25.5,102,0.22058823529411775
530,42.0,9756.0,2585.25,10341.0,0.7146069045546852,0,43,13.0,52,0.6538461538461539,9,200,70.0,280,0.5482142857142858
531,86.0,5412.0,2319.5,9278.0,0.5071674929941797,2,44,22.25,89,0.4185393258426966,15,200,121.0,484,0.35433884297520657
532,150.0,6762.0,3358.5,13434.0,0.39984368021438144,2,47,29.25,117,0.2927350427350427,21,200,155.25,621,0.21618357487922713
533,63.0,11340.0,4198.5,16794.0,0.5095569846373705,1,49,25.75,103,0.3567961165048543,15,200,137.25,549,0.2609289617486339
534,333.0,6138.0,3551.25,14205.0,0.3501055966209081,7,41,30.25,121,0.2169421487603307,51,200,162.75,651,0.1716589861751152
535,162.0,5988.0,2643.0,10572.0,0.5085130533484676,4,42,22.25,89,0.4185393258426966,33,200,116.5,466,0.3583690987124464
536,147.0,5478.0,3596.25,14385.0,0.31548488008342024,3,40,28.75,115,0.2543478260869565,27,200,156.75,627,0.2069377990430623
537,59.0,6582.0,1897.75,7591.0,0.6627914635752865,1,45,15.5,62,0.5564516129032258,9,200,79.0,316,0.4857594936708861
538,77.0,2508.0,811.0,3244.0,0.5815351418002466,1,23,9.75,39,0.4551282051282052,9,140,62.75,251,0.4272908366533864
539,93.0,5994.0,3806.25,15225.0,0.3227093596059113,1,40,29.0,116,0.2586206896551724,15,200,153.75,615,0.22560975609756095
540,81.0,9504.0,2940.0,11760.0,0.630484693877551,1,46,19.0,76,0.48026315789473684,15,200,101.5,406,0.38177339901477836
541,675.0,10092.0,3202.5,12810.0,0.5624121779859484,12,46,22.0,88,0.30113636363636365,80,200,119.0,476,0.2016806722689075
542,360.0,5826.0,2858.25,11433.0,0.4506035161374967,6,38,22.5,90,0.34444444444444444,45,200,126.75,507,0.2973372781065089
543,47.0,921.0,273.0,1092.0,0.6016483516483516,1,12,3.75,15,0.55,9,62,22.25,89,0.4466292134831461
544,41.0,9768.0,3548.75,14195.0,0.5250264177527298,1,48,25.0,100,0.355,9,200,131.25,525,0.2785714285714286
545,557.0,6840.0,2825.75,11303.0,0.46640272494028134,11,39,26.25,105,0.24523809523809526,69,200,146.5,586,0.20307167235494883
546,65.0,2874.0,1466.5,5866.0,0.4742584384589158,1,37,19.25,77,0.45779220779220775,9,200,107.5,430,0.4372093023255814
547,612.0,7632.0,4212.0,16848.0,0.3577279202279202,12,47,31.75,127,0.2106299212598426,81,200,170.25,681,0.13105726872246692
548,36.0,9324.0,2523.75,10095.0,0.6951708766716196,0,45,15.5,62,0.5645161290322581,9,200,82.25,329,0.45820668693009114
549,41.0,6186.0,1610.75,6443.0,0.7162424336489213,1,42,11.75,47,0.6542553191489362,9,200,62.75,251,0.5707171314741036
550,53.0,222.0,123.25,493.0,0.3017241379310345,1,6,2.75,11,0.38636363636363635,9,45,22.5,90,0.35
551,420.0,7212.0,3340.5,13362.0,0.4037943421643466,10,45,29.5,118,0.23728813559322037,69,200,161.25,645,0.16162790697674412
552,57.0,8796.0,2561.0,10244.0,0.6702948067161265,1,46,16.5,66,0.5757575757575758,9,200,85.0,340,0.49558823529411766
553,411.0,3882.0,2627.25,10509.0,0.2645589494718813,9,39,30.0,120,0.1958333333333333,63,200,165.75,663,0.15497737556561075
554,114.0,3159.0,1132.5,4530.0,0.5049668874172185,2,28,13.75,55,0.38636363636363635,21,170,89.5,358,0.3421787709497207
555,75.0,6672.0,3243.0,12972.0,0.43374190564292325,1,41,26.75,107,0.3060747663551402,15,200,146.25,585,0.25
556,59.0,275.0,126.75,507.0,0.34072978303747536,1,7,2.75,11,0.43181818181818177,9,33,18.0,72,0.29166666666666663
557,57.0,1815.0,600.75,2403.0,0.5908239700374532,1,25,9.75,39,0.532051282051282,15,158,67.25,269,0.46003717472118955
558,41.0,434.0,198.25,793.0,0.37168978562421184,1,8,3.75,15,0.35,9,39,25.5,102,0.22058823529411775
559,77.0,7386.0,2039.5,8158.0,0.6824589360137289,1,43,14.25,57,0.5745614035087719,9,200,74.5,298,0.5100671140939598
560,36.0,6954.0,2135.25,8541.0,0.6479627678257815,0,43,17.0,68,0.5514705882352942,9,200,94.0,376,0.464095744680851
561,57.0,9900.0,4544.25,18177.0,0.4292374979369533,1,50,30.0,120,0.30833333333333335,15,200,153.75,615,0.22560975609756095
562,47.0,5160.0,1390.75,5563.0,0.698409131763437,1,38,11.25,45,0.6388888888888888,9,200,64.25,257,0.5865758754863813
563,41.0,7416.0,2121.5,8486.0,0.6628564694791421,1,43,16.25,65,0.5115384615384615,9,200,88.25,353,0.43555240793201133
564,53.0,1998.0,878.5,3514.0,0.5091064314171884,1,33,17.0,68,0.47058823529411764,9,200,104.5,418,0.4569377990430622
565,53.0,4902.0,1679.0,6716.0,0.593210244192972,1,41,17.25,69,0.5036231884057971,9,200,97.0,388,0.4420103092783505
566,357.0,7458.0,3789.0,15156.0,0.39677355502771183,7,47,29.75,119,0.2668067226890757,51,200,158.25,633,0.18364928909952605
567,348.0,8190.0,2410.5,9642.0,0.6135656502800249,7,44,19.0,76,0.381578947368421,50,200,104.5,418,0.2870813397129187
568,192.0,3300.0,1639.5,6558.0,0.41514181152790486,4,34,21.0,84,0.33333333333333337,33,200,128.25,513,0.3026315789473685
569,228.0,1389.0,536.0,2144.0,0.41324626865671643,4,13,7.0,28,0.25,33,86,49.25,197,0.21700507614213205
570,53.0,458.0,183.0,732.0,0.41666666666666663,1,12,4.5,18,0.4722222222222222,9,75,31.5,126,0.3928571428571429
571,36.0,254.0,109.75,439.0,0.392369020501139,0,4,1.75,7,0.4642857142857143,9,27,16.5,66,0.20454545454545459
572,522.0,6642.0,4098.0,16392.0,0.2999633967789166,14,40,32.25,129,0.1531007751937985,93,200,173.25,693,0.1158008658008658
573,485.0,8442.0,3807.5,15230.0,0.47196323046618516,13,42,27.5,110,0.26363636363636367,81,200,142.0,568,0.2068661971830985
574,660.0,9858.0,3464.25,13857.0,0.50297683481273,10,47,26.75,107,0.25934579439252337,68,200,144.5,578,0.1738754325259515
575,123.0,3405.0,1147.5,4590.0,0.5781045751633986,3,27,12.0,48,0.4375,27,170,80.5,322,0.38819875776397517
576,114.0,7962.0,2112.75,8451.0,0.6978168264110756,2,42,12.75,51,0.5931372549019608,21,200,70.25,281,0.48309608540925264
577,753.0,6312.0,3054.75,12219.0,0.36637613552663884,15,40,30.0,120,0.18333333333333335,99,200,165.75,663,0.12782805429864252
578,71.0,10398.0,2679.5,10718.0,0.7239690240716552,1,48,13.5,54,0.6574074074074074,9,200,64.25,257,0.5632295719844358
579,195.0,5406.0,3771.75,15087.0,0.25934579439252337,5,40,29.75,119,0.22478991596638664,39,200,159.75,639,0.18896713615023475
580,63.0,7158.0,1873.25,7493.0,0.7140998265047378,1,44,12.75,51,0.6519607843137255,9,200,65.75,263,0.5674904942965779
581,71.0,6504.0,1838.75,7355.0,0.6684228416043508,1,43,15.5,62,0.5403225806451613,9,200,83.75,335,0.46343283582089556
582,63.0,10344.0,3162.75,12651.0,0.6490988854635997,1,47,18.5,74,0.5405405405405406,15,200,97.0,388,0.4420103092783505
583,53.0,651.0,226.0,904.0,0.5154867256637168,1,15,5.0,20,0.55,9,99,36.0,144,0.5
584,36.0,204.0,120.0,480.0,0.26875000000000004,0,4,2.0,8,0.375,9,33,21.0,84,0.2142857142857142
585,57.0,1110.0,471.75,1887.0,0.4821144674085851,1,21,8.5,34,0.5,15,128,58.0,232,0.41594827586206895
586,42.0,13422.0,3911.25,15645.0,0.6517257909875359,0,50,20.5,82,0.49390243902439024,9,200,102.75,411,0.38868613138686137
587,192.0,4494.0,2512.5,10050.0,0.332089552238806,4,39,28.0,112,0.2366071428571428,33,200,158.25,633,0.19786729857819907
588,993.0,8190.0,4727.25,18909.0,0.314413771220054,19,46,34.25,137,0.1478102189781021,122,200,180.5,722,0.0810249307479225
589,36.0,10926.0,2998.5,11994.0,0.682591295647824,0,47,17.25,69,0.5108695652173914,9,200,89.5,358,0.40083798882681565
590,180.0,6582.0,3072.0,12288.0,0.471435546875,4,41,24.5,98,0.34693877551020413,33,200,131.25,525,0.29000000000000004
591,104.0,7770.0,2116.25,8465.0,0.6865623154164205,2,45,15.0,60,0.5666666666666667,15,200,77.75,311,0.479903536977492
592,1974.0,8094.0,4050.0,16200.0,0.3046296296296296,28,41,35.75,143,0.07867132867132876,176,200,194.0,776,0.02319587628865971
593,825.0,11928.0,4257.75,17031.0,0.5240884269860842,14,50,28.0,112,0.28125,92,200,147.5,590,0.18050847457627128
594,65.0,8874.0,2799.5,11198.0,0.6365422396856582,1,45,19.5,78,0.5192307692307693,9,200,103.0,412,0.4526699029126213
595,123.0,7344.0,2597.25,10389.0,0.5761622870343632,3,47,21.5,86,0.4476744186046512,27,200,115.0,460,0.3532608695652174
596,71.0,507.0,251.5,1006.0,0.3374751491053678,1,11,5.5,22,0.34090909090909094,9,75,39.0,156,0.32692307692307687
597,192.0,8502.0,3664.5,14658.0,0.4567130577159231,4,46,28.25,113,0.2942477876106194,33,200,152.25,609,0.21551724137931028
598,77.0,2946.0,823.25,3293.0,0.661630731855451,1,37,11.0,44,0.6363636363636364,9,200,65.75,263,0.5674904942965779
599,57.0,542.0,208.5,834.0,0.460431654676259,1,10,4.0,16,0.46875,9,51,25.5,102,0.3382352941176471
600,77.0,8136.0,2321.0,9284.0,0.6750323136579061,2,43,15.5,62,0.5483870967741935,9,200,82.0,328,0.49542682926829273
601,113.0,7164.0,1991.75,7967.0,0.6752541734655454,3,41,14.5,58,0.5172413793103449,21,200,80.75,323,0.4434984520123839
602,65.0,3534.0,1908.5,7634.0,0.3666492009431491,1,36,25.25,101,0.2747524752475248,9,200,147.75,591,0.25
603,63.0,6780.0,2522.25,10089.0,0.5735206660719595,1,40,20.25,81,0.4722222222222222,15,200,109.0,436,0.42087155963302747
604,36.0,8382.0,2147.5,8590.0,0.7313154831199069,0,44,12.0,48,0.6979166666666666,9,200,59.75,239,0.6119246861924686
605,204.0,9612.0,2571.75,10287.0,0.6864246135899679,4,46,14.75,59,0.538135593220339,33,200,76.25,305,0.41557377049180333
606,57.0,2532.0,1223.25,4893.0,0.47992029429797667,1,34,18.25,73,0.4417808219178082,15,200,112.0,448,0.4029017857142857
607,36.0,8496.0,2169.0,8676.0,0.7315006915629322,0,43,11.25,45,0.7166666666666667,9,200,59.75,239,0.5993723849372385
608,42.0,6414.0,3511.5,14046.0,0.3570055531824007,0,41,28.5,114,0.27192982456140347,9,200,152.25,609,0.2352216748768472
609,119.0,8664.0,2463.5,9854.0,0.6572965293281916,3,43,16.5,66,0.46212121212121215,21,200,88.0,352,0.38494318181818177
610,69.0,10074.0,3029.75,12119.0,0.6539112137965178,1,47,19.5,78,0.5128205128205128,15,200,101.5,406,0.42610837438423643
611,42.0,10524.0,2691.0,10764.0,0.7304905239687849,0,46,12.5,50,0.69,9,200,62.75,251,0.5707171314741036
612,123.0,6174.0,4391.25,17565.0,0.2713492741246798,3,42,30.75,123,0.24186991869918706,27,200,156.75,627,0.2069377990430623
613,2976.0,9804.0,5257.5,21030.0,0.2470042796005707,35,46,38.25,153,0.05392156862745101,200,200,200.0,800,0.0
614,168.0,6666.0,3466.5,13866.0,0.4429900475984422,4,42,25.75,103,0.337378640776699,33,200,134.25,537,0.2779329608938548
615,92.0,4236.0,1422.25,5689.0,0.5780014062225347,2,40,18.25,73,0.42808219178082196,15,200,103.25,413,0.3795399515738499
616,36.0,8682.0,4226.75,16907.0,0.5016413319926658,0,45,22.75,91,0.4807692307692307,9,200,107.5,430,0.4372093023255814
617,153.0,11748.0,4571.25,18285.0,0.5175963904840033,3,52,28.25,113,0.334070796460177,27,200,144.75,579,0.23445595854922274
618,194.0,8448.0,4241.0,16964.0,0.3986088186748409,4,45,29.5,118,0.26694915254237284,27,200,156.75,627,0.2069377990430623
619,42.0,9630.0,2487.75,9951.0,0.7233192643955382,0,44,12.25,49,0.6785714285714286,9,200,64.25,257,0.5632295719844358
620,65.0,2640.0,1206.25,4825.0,0.4831606217616581,1,35,19.0,76,0.4276315789473685,9,200,112.0,448,0.4095982142857143
621,42.0,11694.0,3646.5,14586.0,0.6387289181406829,0,51,22.25,89,0.5028089887640449,9,200,113.5,454,0.4008810572687225
622,63.0,7800.0,3258.75,13035.0,0.4766973532796318,1,47,27.0,108,0.3287037037037037,15,200,147.75,591,0.2449238578680204
623,161.0,6594.0,3222.5,12890.0,0.4808378588052754,5,42,23.0,92,0.3967391304347826,33,200,117.75,471,0.3519108280254777
624,65.0,1380.0,649.25,2597.0,0.4161532537543319,1,22,11.75,47,0.3670212765957447,9,140,77.75,311,0.344855305466238
625,942.0,10038.0,3610.5,14442.0,0.474761113419194,18,46,28.0,112,0.1964285714285714,117,200,155.25,621,0.10990338164251212
626,53.0,264.0,143.25,573.0,0.3075916230366492,1,6,3.25,13,0.32692307692307687,9,45,24.0,96,0.3125
627,41.0,7860.0,3722.75,14891.0,0.4190954267678464,1,47,29.0,116,0.3017241379310345,9,200,152.25,609,0.2352216748768472
628,57.0,7824.0,2994.0,11976.0,0.5662575150300602,1,47,21.5,86,0.4941860465116279,15,200,110.5,442,0.4117647058823529
629,53.0,102.0,76.0,304.0,0.14638157894736836,1,2,1.5,6,0.16666666666666674,9,21,15.0,60,0.19999999999999996
630,600.0,8190.0,3795.0,15180.0,0.408498023715415,14,44,31.25,125,0.18999999999999995,93,200,170.25,681,0.12224669603524219
631,525.0,5940.0,3834.75,15339.0,0.3000684529630354,13,46,31.75,127,0.2027559055118111,87,200,171.75,687,0.1233624454148472
632,36.0,6960.0,1822.5,7290.0,0.7195473251028807,0,42,11.5,46,0.7065217391304348,9,200,62.75,251,0.5946215139442231
633,177.0,7380.0,2091.0,8364.0,0.646700143472023,5,41,14.75,59,0.461864406779661,39,200,83.5,334,0.36676646706586824
634,96.0,995.0,425.5,1702.0,0.4518213866039953,2,17,7.5,30,0.43333333333333335,15,93,48.0,192,0.359375
635,87.0,9792.0,2945.25,11781.0,0.6461038961038961,1,46,20.75,83,0.4849397590361446,15,200,112.25,449,0.3958797327394209
636,36.0,9666.0,2570.0,10280.0,0.7032587548638133,0,45,14.75,59,0.5720338983050848,9,200,76.25,305,0.4745901639344262
637,147.0,5688.0,2676.0,10704.0,0.49285313901345296,3,40,21.0,84,0.42261904761904767,27,200,116.5,466,0.36480686695278974
638,173.0,7050.0,3617.0,14468.0,0.44612247719104225,5,44,27.75,111,0.3085585585585585,33,200,142.0,568,0.24911971830985924
639,36.0,722.0,228.25,913.0,0.5835158817086528,0,16,4.75,19,0.6447368421052632,9,87,31.5,126,0.48809523809523814
640,80.0,6534.0,3024.5,12098.0,0.4482145809224666,2,40,25.5,102,0.3088235294117647,15,200,141.75,567,0.2658730158730159
641,2694.0,7500.0,4981.5,19926.0,0.1986600421559772,34,48,38.25,153,0.07352941176470584,200,200,200.0,800,0.0
642,36.0,8976.0,2499.0,9996.0,0.6713685474189676,0,45,15.75,63,0.5436507936507936,9,200,83.5,334,0.43862275449101795
643,87.0,10212.0,2877.0,11508.0,0.6643639207507821,1,45,17.25,69,0.4818840579710145,15,200,92.5,370,0.3783783783783784
644,215.0,8412.0,2695.25,10781.0,0.6033531212317966,5,44,21.25,85,0.4088235294117647,33,200,116.5,466,0.3390557939914163
645,36.0,8910.0,3206.0,12824.0,0.5893636930754834,0,46,21.5,86,0.4941860465116279,9,200,109.0,436,0.4277522935779816
646,59.0,3834.0,1268.75,5075.0,0.586551724137931,1,33,14.5,58,0.4482758620689655,9,200,92.5,370,0.41891891891891897
647,69.0,7362.0,4359.75,17439.0,0.3411749526922415,1,45,29.25,117,0.2841880341880342,15,200,153.75,615,0.22560975609756095
648,36.0,10626.0,2755.25,11021.0,0.7269530895563016,0,49,14.0,56,0.6785714285714286,9,200,65.75,263,0.5788973384030418
649,71.0,5922.0,1620.5,6482.0,0.6840481332921937,2,41,13.5,54,0.5648148148148148,9,200,73.25,293,0.514505119453925
650,62.0,10272.0,4266.5,17066.0,0.4529180827376069,2,48,28.5,114,0.3114035087719298,15,200,150.75,603,0.2350746268656716
651,348.0,6534.0,3341.25,13365.0,0.45101010101010097,8,43,25.0,100,0.32999999999999996,57,200,133.0,532,0.26033834586466165
652,59.0,96.0,76.5,306.0,0.10294117647058831,1,2,1.75,7,0.1071428571428572,9,21,13.5,54,0.19444444444444442
653,65.0,389.0,204.25,817.0,0.2983476132190942,1,11,4.75,19,0.4078947368421053,9,69,34.5,138,0.3369565217391305
654,68.0,7422.0,2069.75,8279.0,0.685861819060273,1,45,15.25,61,0.5860655737704918,15,200,77.5,310,0.5
655,171.0,2613.0,863.25,3453.0,0.5306255430060817,5,20,9.0,36,0.3194444444444444,39,122,61.25,245,0.2602040816326531
656,36.0,6054.0,2775.0,11100.0,0.40891891891891896,0,43,27.75,111,0.29504504504504503,9,200,152.25,609,0.2352216748768472
657,36.0,7542.0,1948.5,7794.0,0.724788298691301,0,42,11.5,46,0.6956521739130435,9,200,62.75,251,0.5826693227091634
658,180.0,3096.0,1791.75,7167.0,0.375366262034324,4,37,23.25,93,0.3198924731182796,33,200,132.75,531,0.2838983050847458
659,57.0,7278.0,2065.25,8261.0,0.6644171407819877,1,43,16.0,64,0.515625,15,200,86.75,347,0.4301152737752162
660,92.0,1812.0,530.5,2122.0,0.6081526861451461,2,34,10.0,40,0.6,15,200,62.75,251,0.5587649402390438
661,36.0,174.0,89.75,359.0,0.32660167130919215,0,4,1.75,7,0.4642857142857143,9,33,18.0,72,0.29166666666666663
662,41.0,6564.0,3327.5,13310.0,0.4268970698722765,1,42,27.5,110,0.30000000000000004,9,200,147.75,591,0.25
663,36.0,7188.0,2147.25,8589.0,0.6398009081383165,0,43,16.25,65,0.5269230769230769,9,200,87.75,351,0.44658119658119655
664,132.0,10698.0,2815.25,11261.0,0.7055989698961016,2,46,14.75,59,0.5635593220338984,21,200,74.75,299,0.45903010033444813
665,77.0,2718.0,1810.25,7241.0,0.28493992542466506,1,36,26.0,104,0.2548076923076923,9,200,152.25,609,0.2352216748768472
666,47.0,9210.0,2517.5,10070.0,0.6872889771598808,1,46,15.25,61,0.5614754098360656,9,200,75.75,303,0.4876237623762376
667,65.0,1157.0,433.0,1732.0,0.5023094688221709,1,21,8.5,34,0.4852941176470589,9,129,57.0,228,0.4342105263157895
668,42.0,1470.0,545.75,2183.0,0.5401969766376546,0,19,8.0,32,0.5,9,116,53.5,214,0.4299065420560748
669,36.0,4224.0,1187.0,4748.0,0.6709140690817186,0,39,12.25,49,0.6173469387755102,9,200,70.25,281,0.5364768683274022
670,1830.0,9684.0,4212.75,16851.0,0.3566405554566494,28,48,33.25,133,0.11466165413533824,176,200,183.5,734,0.026566757493188042
671,219.0,5550.0,3296.25,13185.0,0.34283276450511946,5,41,29.25,117,0.24145299145299148,39,200,159.75,639,0.18896713615023475
672,36.0,6756.0,1781.25,7125.0,0.7150526315789474,0,42,11.75,47,0.6861702127659575,9,200,64.0,256,0.576171875
673,36.0,6762.0,3260.25,13041.0,0.4935012652403957,0,40,21.75,87,0.43965517241379315,9,200,115.0,460,0.3923913043478261
674,141.0,7374.0,3839.25,15357.0,0.4224946278570033,3,44,28.0,112,0.3035714285714286,27,200,147.75,591,0.23477157360406098
675,92.0,8088.0,3736.25,14945.0,0.4145700903312145,2,45,28.25,113,0.2942477876106194,15,200,152.25,609,0.23029556650246308
676,164.0,10500.0,4613.0,18452.0,0.4812486451333189,4,49,28.0,112,0.3526785714285714,27,200,135.75,543,0.27762430939226523
677,47.0,6858.0,2680.25,10721.0,0.5427898516929391,1,44,22.0,88,0.44318181818181823,9,200,116.25,465,0.38548387096774195
678,65.0,734.0,421.5,1686.0,0.37959667852906287,1,18,9.75,39,0.3910256410256411,9,99,58.25,233,0.35300429184549353
679,41.0,3693.0,1137.5,4550.0,0.6405494505494506,1,28,10.75,43,0.5406976744186046,9,158,67.0,268,0.48320895522388063
680,42.0,10224.0,3234.75,12939.0,0.6298979828425689,0,46,21.0,84,0.48809523809523814,9,200,111.75,447,0.4110738255033557
681,188.0,7632.0,2795.75,11183.0,0.5450460520432799,4,45,24.75,99,0.36111111111111116,27,200,131.5,526,0.2946768060836502
682,47.0,5928.0,2004.25,8017.0,0.6000686042160409,1,40,17.25,69,0.48913043478260865,9,200,97.0,388,0.4420103092783505
683,42.0,5598.0,2586.75,10347.0,0.5061612061467092,0,40,20.5,82,0.46341463414634143,9,200,112.0,448,0.4095982142857143
684,63.0,7488.0,1964.75,7859.0,0.7136086016032575,1,42,12.25,49,0.6479591836734694,15,200,65.75,263,0.5446768060836502
685,102.0,8376.0,3567.75,14271.0,0.48365566533529536,2,46,24.75,99,0.3762626262626263,21,200,132.75,531,0.2951977401129944
686,87.0,10902.0,3801.5,15206.0,0.5992371432329344,1,50,22.25,89,0.5028089887640449,15,200,109.0,436,0.42087155963302747
687,71.0,4032.0,1285.25,5141.0,0.6131589184983466,1,34,13.25,53,0.5141509433962265,9,200,83.5,334,0.4730538922155688
688,125.0,10566.0,2857.75,11431.0,0.6858761263231563,3,46,16.25,65,0.5038461538461538,21,200,82.25,329,0.41261398176291797
689,227.0,14676.0,4028.0,16112.0,0.6818520357497517,5,52,19.0,76,0.48684210526315785,33,200,91.0,364,0.37225274725274726
690,210.0,9804.0,2706.0,10824.0,0.6682372505543237,4,46,17.0,68,0.47058823529411764,33,200,89.75,359,0.3572423398328691
691,147.0,8958.0,3973.5,15894.0,0.5111362778406946,3,47,23.75,95,0.42894736842105263,27,200,119.5,478,0.34937238493723854
692,62.0,6624.0,2248.25,8993.0,0.5750305793394863,2,41,19.5,78,0.41025641025641024,15,200,110.25,441,0.3520408163265306
693,2430.0,5496.0,3874.5,15498.0,0.18399148277197064,34,43,37.0,148,0.04729729729729737,200,200,200.0,800,0.0
694,261.0,7422.0,4740.75,18963.0,0.30853504192374626,5,44,31.25,125,0.238,39,200,159.75,639,0.18896713615023475
695,408.0,10560.0,3944.25,15777.0,0.5009032135386956,12,48,28.75,115,0.2630434782608696,81,200,153.75,615,0.17195121951219505
696,77.0,2580.0,899.0,3596.0,0.5376807563959956,1,36,14.5,58,0.4655172413793104,9,200,88.25,353,0.41855524079320117
697,71.0,8010.0,2651.75,10607.0,0.5923211087018007,1,43,22.25,89,0.4129213483146067,9,200,122.25,489,0.3542944785276073
698,62.0,153.0,105.75,423.0,0.17907801418439706,2,3,2.5,10,0.10000000000000009,9,27,18.0,72,0.20833333333333326
699,36.0,9204.0,2381.25,9525.0,0.722755905511811,0,44,12.25,49,0.6785714285714286,9,200,64.25,257,0.5632295719844358
700,98.0,6852.0,1867.0,7468.0,0.685457953936797,2,43,14.25,57,0.5570175438596491,15,200,74.75,299,0.48913043478260865
701,83.0,1200.0,400.5,1602.0,0.5290262172284644,2,18,7.25,29,0.4224137931034483,9,117,46.5,186,0.44354838709677424
702,59.0,1002.0,359.5,1438.0,0.5326842837273992,1,14,6.0,24,0.47916666666666663,9,68,35.75,143,0.39335664335664333
703,110.0,1682.0,572.25,2289.0,0.5407383136740935,2,34,11.75,47,0.5372340425531915,15,195,72.0,288,0.5
704,429.0,10116.0,4106.25,16425.0,0.4998630136986302,9,48,27.25,109,0.30963302752293576,63,200,141.75,567,0.2235449735449735
705,200.0,8478.0,2989.25,11957.0,0.57637785397675,5,46,23.5,94,0.40957446808510634,38,200,119.25,477,0.33909853249475896
706,84.0,7896.0,2353.25,9413.0,0.6246414533092531,2,45,20.0,80,0.40625,21,200,107.75,431,0.31844547563805103
707,59.0,6606.0,2730.25,10921.0,0.5117892134419925,1,43,24.5,98,0.36734693877551017,9,200,130.0,520,0.31826923076923075
708,96.0,9984.0,2700.75,10803.0,0.6984865315190225,2,46,14.75,59,0.5889830508474576,21,200,76.0,304,0.475328947368421
709,507.0,5658.0,3123.0,12492.0,0.3653938520653218,11,39,28.75,115,0.2065217391304348,75,200,161.25,645,0.15697674418604657
710,3042.0,10632.0,5152.5,20610.0,0.28508005822416305,34,49,38.75,155,0.07258064516129026,200,200,200.0,800,0.0
711,77.0,1752.0,605.0,2420.0,0.5590909090909091,1,19,8.75,35,0.4642857142857143,9,116,58.25,233,0.41523605150214593
712,239.0,6570.0,2729.5,10918.0,0.5144715149294743,5,41,22.25,89,0.3848314606741573,33,200,119.5,478,0.34309623430962344
713,366.0,12858.0,3930.75,15723.0,0.6018412516695287,8,49,22.0,88,0.3522727272727273,57,200,114.75,459,0.23692810457516345
714,36.0,7206.0,2549.75,10199.0,0.5942004118050789,0,42,20.0,80,0.49375,9,200,107.5,430,0.4372093023255814
715,59.0,114.0,86.5,346.0,0.13583815028901736,1,2,1.5,6,0.16666666666666674,9,21,15.0,60,0.1499999999999999
716,71.0,3084.0,1892.75,7571.0,0.3012481838594637,1,35,25.5,102,0.2549019607843137,9,200,152.25,609,0.2352216748768472
717,41.0,10080.0,3494.0,13976.0,0.5897610188895249,1,48,23.0,92,0.4619565217391305,9,200,114.75,459,0.39379084967320266
718,36.0,6006.0,2762.25,11049.0,0.4211919630735813,0,39,25.75,103,0.29854368932038833,9,200,147.75,591,0.25
719,47.0,7854.0,3803.75,15215.0,0.39400262898455474,1,43,28.25,113,0.28539823008849563,9,200,152.25,609,0.2352216748768472
720,93.0,7800.0,2711.75,10847.0,0.5928597768968379,1,45,21.25,85,0.4794117647058823,15,200,110.5,442,0.4117647058823529
721,36.0,2268.0,957.75,3831.0,0.5283868441660141,0,26,11.25,45,0.5277777777777778,9,164,76.0,304,0.4654605263157895
722,41.0,8478.0,2244.5,8978.0,0.7122410336377812,1,46,13.75,55,0.6318181818181818,9,200,67.0,268,0.5503731343283582
723,120.0,9918.0,3273.0,13092.0,0.6136571952337305,2,48,20.0,80,0.5125,21,200,104.5,418,0.4138755980861244
724,135.0,191.0,162.25,649.0,0.08359013867488452,3,4,3.5,14,0.0714285714285714,21,33,25.5,102,0.10294117647058831
725,42.0,1365.0,647.75,2591.0,0.4580277884986492,0,18,9.0,36,0.4305555555555556,9,98,56.5,226,0.35398230088495575
726,180.0,12756.0,3593.75,14375.0,0.6741739130434783,3,49,20.25,81,0.49691358024691357,20,200,101.5,406,0.4137931034482759
727,69.0,2022.0,569.0,2276.0,0.6476274165202109,1,27,8.25,33,0.5984848484848485,15,164,55.25,221,0.5192307692307693
728,65.0,429.0,198.5,794.0,0.3664987405541562,1,8,3.75,15,0.3833333333333333,9,38,25.25,101,0.24504950495049505
729,138.0,5376.0,3820.5,15282.0,0.26393796623478605,2,41,29.25,117,0.25427350427350426,21,200,155.25,621,0.21618357487922713
730,36.0,5400.0,1629.5,6518.0,0.655569193003989,0,42,16.0,64,0.5703125,9,200,88.0,352,0.49573863636363635
731,867.0,6132.0,3000.75,12003.0,0.3512246938265433,15,39,30.0,120,0.1625000000000001,98,200,171.5,686,0.11588921282798825
732,102.0,9372.0,2902.5,11610.0,0.610077519379845,2,46,19.5,78,0.4487179487179487,21,200,104.25,417,0.3507194244604317
733,156.0,7398.0,2502.75,10011.0,0.5946209169913096,4,43,19.5,78,0.4487179487179487,33,200,109.0,436,0.36582568807339455
734,297.0,9330.0,2775.0,11100.0,0.6217567567567568,5,44,18.0,72,0.42361111111111116,38,200,98.25,393,0.3276081424936387
735,36.0,3864.0,1007.75,4031.0,0.7126643512775986,0,35,9.5,38,0.6973684210526315,9,200,59.75,239,0.5993723849372385
736,65.0,4176.0,1792.25,7169.0,0.48113404937927184,2,39,21.25,85,0.35,9,200,122.5,490,0.3163265306122449
737,80.0,1130.0,431.25,1725.0,0.4775362318840579,2,22,8.75,35,0.4357142857142857,15,123,54.0,216,0.38888888888888884
738,42.0,5598.0,2388.5,9554.0,0.4995289930918987,0,39,22.0,88,0.3920454545454546,9,200,124.0,496,0.3457661290322581
739,71.0,6708.0,3033.5,12134.0,0.44428877534201416,1,43,26.5,106,0.3113207547169812,9,200,144.75,579,0.26036269430051817
740,792.0,9756.0,4082.25,16329.0,0.45255373874701454,16,46,29.5,118,0.22881355932203395,104,200,156.5,626,0.14616613418530355
741,47.0,4860.0,1552.25,6209.0,0.6110887421484941,1,33,14.5,58,0.4655172413793104,9,200,92.5,370,0.43513513513513513
742,120.0,4758.0,2403.0,9612.0,0.47596754057428214,2,39,19.75,79,0.4525316455696202,20,200,110.25,441,0.4075963718820862
743,132.0,7722.0,3221.0,12884.0,0.530037255510711,2,45,22.5,90,0.4444444444444444,21,200,115.0,460,0.3793478260869565
744,36.0,3180.0,852.0,3408.0,0.6927816901408451,0,36,10.0,40,0.675,9,200,62.75,251,0.5707171314741036
745,144.0,5592.0,1734.75,6939.0,0.5971681798530047,2,34,14.75,59,0.43644067796610164,21,200,94.0,376,0.3856382978723404
746,42.0,8094.0,2690.75,10763.0,0.5973473938492985,0,43,20.75,83,0.44277108433734935,9,200,113.5,454,0.3744493392070485
747,90.0,6600.0,3258.75,13035.0,0.48095512082853853,2,40,22.75,91,0.3983516483516484,21,200,121.0,484,0.34814049586776863
748,123.0,7320.0,3462.5,13850.0,0.4984837545126354,3,44,23.25,93,0.42741935483870963,27,200,115.0,460,0.37282608695652175
749,65.0,1311.0,461.5,1846.0,0.5100216684723727,1,27,9.5,38,0.5131578947368421,9,171,63.0,252,0.48809523809523814
750,77.0,648.0,234.25,937.0,0.4709178228388474,1,14,4.75,19,0.5131578947368421,9,93,34.5,138,0.46739130434782605
751,47.0,8472.0,2771.0,11084.0,0.624413569108625,1,47,19.25,77,0.5292207792207793,9,200,100.0,400,0.45125000000000004
752,59.0,6294.0,3575.75,14303.0,0.33627560651611554,1,42,29.5,118,0.2627118644067796,9,200,152.25,609,0.2352216748768472
753,609.0,8874.0,4973.25,19893.0,0.34380183984316093,9,45,31.75,127,0.21456692913385833,62,200,165.5,662,0.15634441087613293
754,120.0,11784.0,3174.75,12699.0,0.6938932199385779,2,48,16.75,67,0.5335820895522388,21,200,85.25,341,0.41568914956011727
755,71.0,801.0,326.75,1307.0,0.42176740627390974,1,13,5.75,23,0.40217391304347827,9,86,41.75,167,0.35479041916167664
756,36.0,5880.0,1650.75,6603.0,0.6682189913675602,0,42,13.75,55,0.5772727272727273,9,200,76.0,304,0.4769736842105263
757,42.0,1839.0,576.0,2304.0,0.6067708333333334,0,16,6.25,25,0.51,9,98,44.75,179,0.39804469273743015
758,149.0,5922.0,2164.25,8657.0,0.5606156867275037,3,43,21.75,87,0.42816091954022983,21,200,116.5,466,0.371244635193133
759,75.0,1200.0,372.75,1491.0,0.573943661971831,1,13,4.5,18,0.5,15,80,34.25,137,0.3558394160583942
760,36.0,9744.0,2710.25,10841.0,0.6738538880177105,0,45,17.0,68,0.5,9,200,89.5,358,0.40083798882681565
761,59.0,702.0,272.0,1088.0,0.4742647058823529,1,13,5.25,21,0.4642857142857143,9,80,37.25,149,0.38758389261744963
762,59.0,6666.0,2209.25,8837.0,0.6131888649994341,1,42,17.25,69,0.5181159420289855,9,200,95.5,382,0.45287958115183247
763,609.0,5730.0,3440.25,13761.0,0.31714628297362113,11,42,30.75,123,0.19308943089430897,74,200,168.5,674,0.14020771513353125
764,41.0,138.0,87.25,349.0,0.20988538681948432,1,2,1.75,7,0.1071428571428572,9,21,16.5,66,0.15909090909090917
765,129.0,10032.0,2758.5,11034.0,0.677542142468733,3,46,17.0,68,0.4779411764705882,27,200,89.5,358,0.36592178770949724
766,99.0,9720.0,4109.25,16437.0,0.5349060047453915,1,47,22.25,89,0.4803370786516854,15,200,112.0,448,0.4029017857142857
767,41.0,96.0,77.5,310.0,0.1483870967741936,1,2,1.5,6,0.16666666666666674,9,21,15.0,60,0.19999999999999996
768,114.0,8910.0,3277.25,13109.0,0.5763788237089023,2,48,22.25,89,0.4803370786516854,21,200,110.5,442,0.40497737556561086
769,36.0,6546.0,2556.75,10227.0,0.5625550014667058,0,44,20.0,80,0.51875,9,200,106.0,424,0.44693396226415094
770,2880.0,11304.0,5418.0,21672.0,0.2995570321151716,33,49,38.25,153,0.08006535947712412,200,200,200.0,800,0.0
771,53.0,3192.0,914.75,3659.0,0.647103033615742,1,35,11.5,46,0.5652173913043478,9,200,71.75,287,0.509581881533101
772,243.0,9618.0,2876.25,11505.0,0.6157105606258149,5,46,20.25,81,0.37962962962962965,39,200,109.0,436,0.27752293577981646
773,2214.0,6300.0,4129.5,16518.0,0.23910279694878311,34,43,36.5,146,0.047945205479452024,200,200,200.0,800,0.0
774,71.0,617.0,322.5,1290.0,0.3484496124031008,1,12,6.25,25,0.35,9,57,37.5,150,0.27
775,138.0,7728.0,3342.75,13371.0,0.44306708548350904,2,44,27.5,110,0.30000000000000004,21,200,150.75,603,0.23009950248756228
776,77.0,5730.0,1848.5,7394.0,0.6152961860968352,1,42,18.25,73,0.4965753424657534,9,200,100.0,400,0.43625
777,68.0,1110.0,352.0,1408.0,0.5589488636363636,2,22,7.0,28,0.5357142857142857,15,141,48.0,192,0.5
778,63.0,10050.0,2574.0,10296.0,0.7275641025641025,1,46,12.5,50,0.68,15,200,62.75,251,0.5587649402390438
779,65.0,2742.0,880.0,3520.0,0.6041193181818182,1,35,12.75,51,0.5441176470588235,9,200,77.75,311,0.5088424437299035
780,36.0,10260.0,3140.25,12561.0,0.6366730355863387,0,46,19.5,78,0.4935897435897436,9,200,102.75,411,0.40328467153284675
781,65.0,2154.0,704.5,2818.0,0.5901348474095103,1,34,11.5,46,0.5652173913043478,9,200,71.5,286,0.5314685314685315
782,126.0,6786.0,3315.75,13263.0,0.436496267812712,2,42,28.0,112,0.2901785714285714,21,200,150.75,603,0.23009950248756228
783,555.0,6726.0,2193.0,8772.0,0.5347127222982216,12,45,21.5,86,0.2965116279069767,74,200,116.5,466,0.21244635193133043
784,41.0,5772.0,2980.25,11921.0,0.46097223387299724,1,40,23.25,93,0.3790322580645161,9,200,125.5,502,0.33864541832669326
785,57.0,7938.0,3855.0,15420.0,0.47791828793774316,1,45,25.75,103,0.38592233009708743,15,200,128.5,514,0.31906614785992216
786,2436.0,8874.0,4339.5,17358.0,0.2845661942620118,35,46,38.0,152,0.05592105263157898,200,200,200.0,800,0.0
787,432.0,6288.0,3960.0,15840.0,0.30113636363636365,10,42,31.5,126,0.19444444444444442,69,200,167.25,669,0.14686098654708513
788,219.0,4146.0,2426.25,9705.0,0.33346213292117466,7,40,29.5,118,0.21610169491525433,51,200,162.75,651,0.1716589861751152
789,288.0,7380.0,3570.0,14280.0,0.4571428571428572,6,45,27.0,108,0.33333333333333337,45,200,134.25,537,0.2667597765363129
790,648.0,10920.0,3740.25,14961.0,0.5188991377581712,12,49,26.5,106,0.2688679245283019,81,200,141.75,567,0.16534391534391535
791,192.0,7842.0,2220.75,8883.0,0.6495271867612293,4,42,16.25,65,0.44999999999999996,33,200,91.25,365,0.3554794520547945
792,71.0,2880.0,850.0,3400.0,0.6351470588235294,1,34,11.5,46,0.5652173913043478,9,200,71.75,287,0.5304878048780488
793,63.0,132.0,86.75,347.0,0.15634005763688763,1,4,1.75,7,0.3214285714285714,9,33,18.0,72,0.25
794,65.0,2046.0,651.0,2604.0,0.5985023041474654,1,30,10.5,42,0.5476190476190477,9,189,67.5,270,0.5277777777777778
795,162.0,5394.0,2079.5,8318.0,0.5275907670113008,4,37,21.0,84,0.36309523809523814,33,200,124.0,496,0.32157258064516125
796,153.0,11130.0,3491.25,13965.0,0.5923200859291085,3,48,22.75,91,0.3873626373626373,27,200,120.75,483,0.2872670807453416
797,188.0,7242.0,2174.75,8699.0,0.6294689044717784,4,44,18.25,73,0.45547945205479456,27,200,98.5,394,0.3781725888324873
798,53.0,450.0,197.75,791.0,0.37831858407079644,1,10,4.25,17,0.3970588235294118,9,69,33.0,132,0.34090909090909094
799,59.0,6450.0,1690.0,6760.0,0.711094674556213,1,42,12.0,48,0.6458333333333334,9,200,62.75,251,0.5826693227091634
800,41.0,7650.0,1977.5,7910.0,0.7223135271807838,1,44,12.5,50,0.65,9,200,64.25,257,0.5632295719844358
801,75.0,7434.0,2464.5,9858.0,0.6151856360316494,1,44,19.0,76,0.5131578947368421,15,200,104.5,418,0.4282296650717703
802,273.0,6702.0,3647.25,14589.0,0.349527040921242,5,40,30.25,121,0.22107438016528924,39,200,159.75,639,0.18896713615023475
803,65.0,1025.0,341.75,1367.0,0.5338332114118508,1,21,7.25,29,0.5258620689655172,9,129,46.5,186,0.49193548387096775
804,59.0,3882.0,1330.25,5321.0,0.5955177598195828,1,34,13.75,55,0.5318181818181819,9,188,83.5,334,0.48203592814371254
805,126.0,5112.0,2203.5,8814.0,0.5154867256637168,2,38,19.75,79,0.439873417721519,21,200,113.5,454,0.3876651982378855
806,225.0,7626.0,2232.75,8931.0,0.6374706079946255,5,44,17.75,71,0.454225352112676,39,200,97.25,389,0.35668380462724936
807,471.0,7542.0,3447.0,13788.0,0.4637728459530026,13,41,27.25,109,0.25,87,200,146.5,586,0.18771331058020468
808,77.0,353.0,147.0,588.0,0.3537414965986394,1,11,3.5,14,0.5357142857142857,9,69,25.5,102,0.4558823529411765
809,47.0,4758.0,1507.75,6031.0,0.6282954733874979,1,37,13.0,52,0.5576923076923077,9,200,76.0,304,0.5148026315789473
810,59.0,84.0,67.75,271.0,0.07103321033210341,1,2,1.5,6,0.16666666666666674,9,21,13.5,54,0.19444444444444442
811,308.0,9588.0,4053.5,16214.0,0.4994757616874306,8,48,28.25,113,0.30309734513274333,51,200,145.0,580,0.22327586206896544
812,98.0,3306.0,1638.5,6554.0,0.4785627097955447,2,38,19.25,77,0.45779220779220775,15,200,109.0,436,0.42087155963302747
813,36.0,6618.0,3066.5,12266.0,0.5111283221914235,0,42,21.5,86,0.4709302325581395,9,200,109.0,436,0.4277522935779816
814,47.0,6168.0,1682.75,6731.0,0.6902763333828554,1,44,13.75,55,0.6045454545454545,9,200,71.75,287,0.5200348432055749
815,77.0,1239.0,397.0,1588.0,0.5673803526448362,1,23,7.5,30,0.5833333333333334,9,147,51.0,204,0.5441176470588235
816,141.0,12312.0,3969.0,15876.0,0.5985449735449735,3,49,24.5,98,0.3877551020408163,27,200,128.25,513,0.29678362573099415
817,630.0,7896.0,4954.5,19818.0,0.299349076597033,10,49,32.25,129,0.23062015503875966,68,200,167.0,668,0.14820359281437123
818,74.0,9432.0,2815.25,11261.0,0.6310496403516561,2,45,19.5,78,0.42307692307692313,15,200,104.5,418,0.3421052631578947
819,63.0,9012.0,2306.5,9226.0,0.7277259917624106,1,47,12.75,51,0.6813725490196079,9,200,59.75,239,0.5993723849372385
820,63.0,8634.0,2232.75,8931.0,0.7224554921061471,1,42,11.75,47,0.6648936170212766,15,200,64.25,257,0.5515564202334631
821,47.0,9018.0,2697.5,10790.0,0.6517145505097313,1,46,17.5,70,0.5285714285714286,9,200,91.0,364,0.4464285714285714
822,77.0,5628.0,2650.0,10600.0,0.4884433962264151,1,42,22.25,89,0.4241573033707865,9,200,116.5,466,0.38412017167381973
823,2226.0,10698.0,4780.5,19122.0,0.3431910887982429,32,46,37.25,149,0.07214765100671139,200,200,200.0,800,0.0
824,92.0,9870.0,3247.25,12989.0,0.6167333897913619,2,47,22.0,88,0.4772727272727273,15,200,110.5,442,0.4117647058823529
825,36.0,7230.0,2371.5,9486.0,0.6089500316255535,0,43,19.25,77,0.4772727272727273,9,200,107.5,430,0.39534883720930236
826,156.0,9900.0,2706.75,10827.0,0.6851620947630923,3,45,16.5,66,0.5151515151515151,27,200,88.25,353,0.41005665722379603
827,1131.0,7194.0,3452.25,13809.0,0.3762220291114491,25,45,33.5,134,0.12686567164179108,159,200,184.0,736,0.049592391304347894
828,450.0,7902.0,2790.0,11160.0,0.5379032258064517,8,45,24.5,98,0.33673469387755106,56,200,134.25,537,0.2565176908752328
829,71.0,1655.0,478.75,1915.0,0.6254569190600522,1,27,7.75,31,0.6370967741935484,9,165,52.5,210,0.5642857142857143
830,462.0,8178.0,2916.75,11667.0,0.5363203908459758,9,40,23.25,93,0.3145161290322581,62,200,132.75,531,0.25659133709981163
831,77.0,7404.0,1921.25,7685.0,0.7164281067013663,1,43,12.0,48,0.6666666666666666,9,200,62.75,251,0.5826693227091634
832,942.0,7884.0,4353.0,17412.0,0.3645761543762922,14,49,31.5,126,0.22222222222222232,92,200,167.0,668,0.13023952095808378
833,372.0,6846.0,3092.25,12369.0,0.4778680572398739,10,40,25.0,100,0.29500000000000004,69,200,136.0,544,0.23805147058823528
834,65.0,2898.0,1766.0,7064.0,0.3028029445073612,1,33,23.25,93,0.260752688172043,9,200,144.75,579,0.25
835,59.0,3216.0,868.25,3473.0,0.6821911891736251,1,33,9.5,38,0.631578947368421,9,200,62.75,251,0.5707171314741036
836,153.0,9804.0,3663.75,14655.0,0.5544012282497441,3,46,23.5,94,0.40957446808510634,27,200,123.75,495,0.32878787878787874
837,201.0,9204.0,2623.25,10493.0,0.6584151338987897,3,46,18.25,73,0.48972602739726023,27,200,95.75,383,0.389686684073107
838,36.0,2826.0,802.25,3209.0,0.6689778747273294,0,35,10.5,42,0.6547619047619048,9,200,65.75,263,0.5788973384030418
839,36.0,9726.0,3132.75,12531.0,0.623952597558056,0,45,19.5,78,0.4871794871794872,9,200,106.0,424,0.39740566037735847
840,465.0,10302.0,4327.5,17310.0,0.4533795493934142,11,46,29.0,116,0.2456896551724137,75,200,158.25,633,0.1646919431279621
841,78.0,7566.0,3663.0,14652.0,0.4312039312039312,2,41,28.5,114,0.26315789473684215,21,200,155.25,621,0.21618357487922713
842,65.0,1737.0,754.0,3016.0,0.4927055702917772,1,24,12.0,48,0.44791666666666663,9,134,71.5,286,0.41608391608391604
843,209.0,1959.0,676.25,2705.0,0.4860443622920517,4,18,8.0,32,0.328125,32,110,53.5,214,0.28037383177570097
844,114.0,7974.0,3674.25,14697.0,0.48586446213512957,2,43,24.75,99,0.36616161616161613,21,200,129.75,519,0.30780346820809246
845,36.0,6816.0,1871.75,7487.0,0.6954387605182316,0,41,13.5,54,0.6111111111111112,9,200,74.75,299,0.5292642140468228
846,68.0,9606.0,2575.25,10301.0,0.6985972235705271,2,46,15.75,63,0.5357142857142857,15,200,80.75,323,0.4434984520123839
847,363.0,4944.0,1818.0,7272.0,0.4936056105610561,6,42,21.75,87,0.3591954022988506,38,200,122.0,488,0.30122950819672134
848,93.0,6558.0,3178.25,12713.0,0.49203571147644143,1,45,22.0,88,0.4602272727272727,15,200,113.5,454,0.3942731277533039
849,36.0,2802.0,871.5,3486.0,0.6234939759036144,0,33,10.75,43,0.6104651162790697,9,200,71.5,286,0.5314685314685315
850,36.0,9066.0,2520.0,10080.0,0.6883928571428571,0,43,15.5,62,0.5645161290322581,9,200,83.5,334,0.4730538922155688
851,69.0,10422.0,2800.5,11202.0,0.6949651847884306,1,47,15.75,63,0.5515873015873016,15,200,80.75,323,0.4342105263157895
852,210.0,6660.0,3486.0,13944.0,0.3780120481927711,4,43,29.5,118,0.2542372881355932,33,200,158.25,633,0.19786729857819907
853,74.0,5016.0,2415.5,9662.0,0.4022459118194991,2,40,24.75,99,0.29040404040404044,15,200,141.75,567,0.24470899470899465
854,53.0,5358.0,2896.25,11585.0,0.3738670694864048,1,38,28.0,112,0.25,9,200,152.25,609,0.2352216748768472
855,59.0,183.0,110.0,440.0,0.23181818181818192,1,5,2.5,10,0.35,9,39,22.5,90,0.2833333333333333
856,63.0,6810.0,3608.25,14433.0,0.4256391602577426,1,42,29.25,117,0.27564102564102566,15,200,153.75,615,0.22560975609756095
857,47.0,9138.0,2453.5,9814.0,0.704401874872631,1,44,14.0,56,0.5982142857142857,9,200,71.5,286,0.5314685314685315
858,53.0,1704.0,476.5,1906.0,0.6511017838405037,1,34,9.5,38,0.6578947368421053,9,200,59.75,239,0.5993723849372385
859,36.0,147.0,98.75,395.0,0.22848101265822796,0,3,1.75,7,0.3214285714285714,9,27,18.0,72,0.20833333333333326
860,36.0,9486.0,4317.0,17268.0,0.42963863794301593,0,50,29.25,117,0.3226495726495726,9,200,152.25,609,0.2352216748768472
861,98.0,6174.0,2114.75,8459.0,0.5870374748788273,2,43,20.5,82,0.4512195121951219,15,200,113.5,454,0.3876651982378855
862,165.0,8892.0,4265.25,17061.0,0.4075523122911905,3,48,30.5,122,0.2786885245901639,27,200,156.75,627,0.2069377990430623
863,108.0,9102.0,3209.25,12837.0,0.5604697359196074,2,47,24.75,99,0.39141414141414144,21,200,129.75,519,0.30780346820809246
864,84.0,6768.0,1968.75,7875.0,0.6631428571428571,1,43,15.5,62,0.5645161290322581,15,200,85.0,340,0.46911764705882353
865,36.0,10776.0,2930.75,11723.0,0.6903309733003498,0,46,17.0,68,0.5147058823529411,9,200,86.5,346,0.4234104046242775
866,59.0,6258.0,2683.25,10733.0,0.5293254448895929,1,43,21.25,85,0.4676470588235294,9,200,110.5,442,0.418552036199095
867,57.0,5958.0,1980.75,7923.0,0.5807459295721318,1,42,18.25,73,0.46232876712328763,15,200,102.75,411,0.38138686131386856
868,354.0,10008.0,2999.25,11997.0,0.6108402100525131,8,47,22.0,88,0.34659090909090906,57,200,118.0,472,0.24258474576271194
869,453.0,7746.0,4625.25,18501.0,0.34988649262202043,9,43,31.5,126,0.20634920634920628,63,200,165.75,663,0.15497737556561075
870,81.0,7416.0,2137.5,8550.0,0.6543859649122807,1,43,16.25,65,0.5115384615384615,15,200,89.75,359,0.41573816155988863
871,36.0,5970.0,2598.5,10394.0,0.5287184914373677,0,42,20.25,81,0.49691358024691357,9,200,106.0,424,0.44693396226415094
872,108.0,8922.0,4295.25,17181.0,0.4229526802863628,2,46,28.5,114,0.29824561403508776,21,200,153.75,615,0.22073170731707314
873,636.0,7734.0,4552.5,18210.0,0.34752883031301485,10,45,32.75,131,0.20801526717557262,68,200,167.0,668,0.14820359281437123
874,36.0,6996.0,2006.25,8025.0,0.6767289719626168,0,43,14.0,56,0.625,9,200,76.0,304,0.524671052631579
875,80.0,8160.0,2322.5,9290.0,0.6642626480086115,2,44,16.5,66,0.5,15,200,88.0,352,0.41903409090909094
876,63.0,8262.0,2128.5,8514.0,0.7226920366455251,1,45,12.25,49,0.6785714285714286,15,200,62.75,251,0.5587649402390438
877,135.0,8550.0,2801.25,11205.0,0.6076974564926372,3,44,22.0,88,0.43181818181818177,27,200,118.0,472,0.3569915254237288
878,36.0,86.0,60.5,242.0,0.16115702479338845,0,2,1.0,4,0.375,9,15,13.5,54,0.08333333333333326
879,563.0,10080.0,3559.25,14237.0,0.5087272599564515,13,47,25.5,102,0.2598039215686274,81,200,137.25,549,0.17349726775956276
880,65.0,6474.0,2260.25,9041.0,0.5952051764185378,1,43,19.75,79,0.49683544303797467,9,200,107.5,430,0.4372093023255814
881,59.0,4440.0,2225.75,8903.0,0.4711614062675502,1,38,20.75,83,0.4186746987951807,9,200,116.5,466,0.38412017167381973
882,36.0,3996.0,2478.0,9912.0,0.3187046004842615,0,37,26.75,107,0.264018691588785,9,200,152.25,609,0.2352216748768472
883,200.0,8736.0,4225.25,16901.0,0.40919176380095856,4,48,28.75,115,0.2891304347826087,27,200,155.25,621,0.21135265700483097
884,69.0,11184.0,3392.25,13569.0,0.6486292283882379,1,45,19.5,78,0.5,15,200,106.0,424,0.41155660377358494
885,369.0,6780.0,4065.75,16263.0,0.3621564287031913,6,48,31.0,124,0.25806451612903225,38,200,159.5,638,0.19043887147335425
886,41.0,10344.0,2679.25,10717.0,0.7227535690958291,1,48,14.25,57,0.6271929824561403,9,200,67.25,269,0.5381040892193308
887,114.0,6708.0,2001.75,8007.0,0.6465904833270888,2,42,16.25,65,0.5192307692307693,21,200,91.0,364,0.42994505494505497
888,288.0,5880.0,1721.25,6885.0,0.6094771241830066,6,42,15.25,61,0.44672131147540983,45,200,85.25,341,0.3453079178885631
889,86.0,6834.0,3609.5,14438.0,0.42772544673777535,2,44,27.75,111,0.3130630630630631,15,200,144.75,579,0.2551813471502591
890,71.0,7158.0,2230.0,8920.0,0.6387892376681614,2,45,19.0,76,0.506578947368421,9,200,98.5,394,0.46192893401015234
891,59.0,941.0,344.25,1377.0,0.4881989832970225,1,17,7.25,29,0.4224137931034483,9,93,45.0,180,0.3666666666666667
892,53.0,690.0,280.75,1123.0,0.4312110418521816,1,11,5.0,20,0.4,9,56,31.25,125,0.29400000000000004
893,2373.0,7884.0,4047.75,16191.0,0.2587085417824717,30,45,35.5,142,0.08098591549295775,182,200,195.5,782,0.017263427109974527
894,36.0,108.0,72.25,289.0,0.19982698961937717,0,2,1.25,5,0.35,9,21,13.5,54,0.19444444444444442
895,108.0,1611.0,604.5,2418.0,0.5049627791563276,2,22,9.75,39,0.4294871794871795,21,134,65.75,263,0.36216730038022815
896,155.0,461.0,250.0,1000.0,0.24,3,9,5.0,20,0.25,21,45,33.0,132,0.15909090909090917
897,108.0,5394.0,3226.5,12906.0,0.34042305904230585,2,40,28.5,114,0.2543859649122807,21,200,155.25,621,0.21618357487922713
898,75.0,10680.0,4848.75,19395.0,0.46129156999226606,1,51,28.25,113,0.3606194690265486,15,200,141.75,567,0.2658730158730159
899,42.0,7260.0,3383.25,13533.0,0.45849035690534246,0,46,27.0,108,0.3379629629629629,9,200,144.75,579,0.26036269430051817
900,78.0,6744.0,3215.25,12861.0,0.49620947049218567,2,42,22.25,89,0.4353932584269663,21,200,115.0,460,0.3793478260869565
901,57.0,8742.0,2470.5,9882.0,0.682301153612629,1,44,16.0,64,0.5625,15,200,86.5,346,0.4653179190751445
902,96.0,7014.0,2757.0,11028.0,0.5549510337323177,2,42,20.5,82,0.4695121951219512,21,200,110.5,442,0.40497737556561086
903,96.0,6600.0,3212.25,12849.0,0.4945715619892599,2,43,22.0,88,0.4545454545454546,21,200,112.0,448,0.3962053571428571
904,77.0,698.0,288.0,1152.0,0.42751736111111116,1,12,5.5,22,0.40909090909090906,9,63,34.5,138,0.3152173913043478
905,90.0,8676.0,2991.75,11967.0,0.6010904988718977,1,46,21.0,84,0.5,15,200,109.0,436,0.42087155963302747
906,53.0,7752.0,2053.25,8213.0,0.7085413369049068,1,44,13.25,53,0.6273584905660378,9,200,68.75,275,0.5427272727272727
907,47.0,7506.0,2796.5,11186.0,0.5139907026640443,1,43,25.0,100,0.31999999999999995,9,200,138.75,555,0.26621621621621616
908,95.0,7596.0,3094.75,12379.0,0.5412997818886824,3,43,22.0,88,0.4375,21,200,112.0,448,0.3962053571428571
909,42.0,7812.0,2124.0,8496.0,0.6882062146892656,0,43,14.25,57,0.5745614035087719,9,200,77.75,311,0.4702572347266881
910,99.0,7422.0,1993.25,7973.0,0.6923052803210836,1,44,13.75,55,0.6045454545454545,15,200,71.75,287,0.49912891986062713
911,36.0,5796.0,2768.25,11073.0,0.4955973990788404,0,40,21.5,86,0.4418604651162791,9,200,115.0,460,0.3923913043478261
912,62.0,458.0,176.0,704.0,0.421875,2,10,4.0,16,0.375,15,63,27.0,108,0.33333333333333337
913,57.0,6876.0,1911.75,7647.0,0.6880149078069832,1,45,15.0,60,0.6,15,200,79.25,317,0.49447949526813884
914,47.0,5742.0,3118.25,12473.0,0.3515794115289024,1,41,28.0,112,0.2678571428571429,9,200,152.25,609,0.2352216748768472
915,234.0,7902.0,3710.25,14841.0,0.4813523347483323,4,43,25.5,102,0.3578431372549019,33,200,130.0,520,0.29519230769230764
916,41.0,9348.0,3869.75,15479.0,0.46160927708508304,1,48,27.25,109,0.32798165137614677,9,200,146.25,585,0.25
917,326.0,4476.0,2777.0,11108.0,0.3378646020885848,8,40,29.75,119,0.20378151260504196,51,200,162.75,651,0.1716589861751152
918,159.0,7302.0,4029.75,16119.0,0.4152707984366276,3,43,28.75,115,0.2891304347826087,27,200,150.75,603,0.22512437810945274
919,149.0,6408.0,2786.0,11144.0,0.4782394113424264,3,42,24.5,98,0.34693877551020413,21,200,132.75,531,0.2951977401129944
920,81.0,11550.0,3109.5,12438.0,0.7034491075735649,1,48,16.0,64,0.59375,15,200,80.5,322,0.48136645962732916
921,36.0,5508.0,1648.25,6593.0,0.6552783254967389,0,39,14.0,56,0.5803571428571429,9,200,80.5,322,0.5093167701863354
922,75.0,7704.0,2150.0,8600.0,0.6667441860465116,1,43,15.75,63,0.503968253968254,15,200,85.25,341,0.406891495601173
923,53.0,5082.0,2064.5,8258.0,0.5467425526761928,1,38,18.75,75,0.4833333333333333,9,200,106.0,424,0.44693396226415094
924,201.0,5958.0,2871.75,11487.0,0.4518803865238966,5,41,25.0,100,0.32999999999999996,39,200,132.75,531,0.27824858757062143
925,53.0,2874.0,763.75,3055.0,0.6927168576104746,1,35,9.5,38,0.6710526315789473,9,200,58.25,233,0.621244635193133
926,252.0,6732.0,4111.5,16446.0,0.350875592849325,6,46,30.25,121,0.25,45,200,161.25,645,0.18023255813953498
927,950.0,7056.0,4214.0,16856.0,0.29170621737066915,20,49,33.75,135,0.1611111111111112,123,200,180.75,723,0.07987551867219911
928,57.0,7950.0,2139.25,8557.0,0.7033715087063223,1,45,15.0,60,0.6,9,200,76.25,305,0.5237704918032787
929,36.0,630.0,206.0,824.0,0.554004854368932,0,16,5.0,20,0.625,9,105,37.5,150,0.49
930,2265.0,7434.0,4799.25,19197.0,0.25468823253633377,32,48,38.25,153,0.08333333333333326,194,200,198.5,794,0.005667506297229119
931,77.0,6756.0,1844.0,7376.0,0.6906182212581344,2,43,14.0,56,0.5803571428571429,9,200,73.25,293,0.5247440273037542
932,303.0,10572.0,4032.0,16128.0,0.5079055059523809,7,50,28.75,115,0.3065217391304348,51,200,149.25,597,0.20979899497487442
933,147.0,8088.0,4704.75,18819.0,0.3389526542324247,3,44,30.5,122,0.25409836065573765,27,200,156.75,627,0.2069377990430623
934,744.0,5010.0,3426.0,13704.0,0.26028896672504376,14,42,32.25,129,0.16860465116279078,93,200,173.25,693,0.1158008658008658
935,42.0,10320.0,3560.25,14241.0,0.595797345692016,0,46,22.25,89,0.4578651685393258,9,200,118.0,472,0.37605932203389836
936,96.0,7566.0,2907.75,11631.0,0.5384962599948414,2,45,23.25,93,0.41129032258064513,21,200,123.75,495,0.33484848484848484
937,59.0,3012.0,810.5,3242.0,0.6847624922887107,1,35,9.75,39,0.6602564102564102,9,200,61.25,245,0.5908163265306122
938,270.0,5244.0,3106.5,12426.0,0.36830033800096573,6,43,29.5,118,0.24152542372881358,45,200,161.25,645,0.18023255813953498
939,36.0,8196.0,4005.75,16023.0,0.45623478749297885,0,43,26.5,106,0.3443396226415094,9,200,138.75,555,0.28243243243243243
940,75.0,8346.0,3602.25,14409.0,0.4769414948990215,1,47,29.0,116,0.2974137931034483,15,200,153.75,615,0.22560975609756095
941,180.0,8076.0,2924.25,11697.0,0.5455886124647346,4,46,24.25,97,0.3582474226804123,33,200,133.0,532,0.2716165413533834
942,405.0,9768.0,3507.0,14028.0,0.5371043627031651,7,45,24.5,98,0.34183673469387754,50,200,134.0,536,0.2630597014925373
943,1527.0,10134.0,4761.75,19047.0,0.36356119073869897,21,48,31.5,126,0.1865079365079365,134,200,168.5,674,0.0956973293768546
944,846.0,10764.0,4080.5,16322.0,0.4969672834211494,14,48,29.25,117,0.24145299145299148,92,200,156.75,627,0.15510366826156297
945,3492.0,10068.0,5376.0,21504.0,0.2331194196428572,36,48,39.25,157,0.05891719745222934,200,200,200.0,800,0.0
946,75.0,8466.0,2547.0,10188.0,0.6492932862190812,1,44,17.5,70,0.5214285714285715,15,200,95.5,382,0.4293193717277487
947,42.0,6864.0,2383.25,9533.0,0.6018829329696842,0,43,19.5,78,0.5192307692307693,9,200,104.5,418,0.4569377990430622
948,36.0,1608.0,440.0,1760.0,0.6761363636363636,0,22,6.0,24,0.7083333333333334,9,141,43.5,174,0.5775862068965517
949,135.0,7452.0,4403.25,17613.0,0.32068642479986376,3,43,30.5,122,0.25,27,200,156.75,627,0.2069377990430623
950,65.0,3384.0,910.0,3640.0,0.6864010989010989,1,37,10.25,41,0.6646341463414634,9,200,59.75,239,0.6119246861924686
951,68.0,7110.0,3176.75,12707.0,0.4400133784528213,2,45,28.5,114,0.2894736842105263,15,200,152.25,609,0.23029556650246308
952,53.0,2808.0,1322.0,5288.0,0.48364220877458397,1,35,18.5,74,0.43918918918918914,9,200,112.0,448,0.4095982142857143
953,104.0,10596.0,2787.5,11150.0,0.7065470852017938,2,46,14.5,58,0.5689655172413793,15,200,73.25,293,0.4735494880546075
954,42.0,8046.0,3150.75,12603.0,0.5410021423470602,0,43,23.0,92,0.4130434782608695,9,200,124.0,496,0.3457661290322581
955,59.0,7812.0,2031.25,8125.0,0.7161538461538461,1,43,12.5,50,0.63,9,200,64.25,257,0.5632295719844358
956,81.0,11340.0,3709.25,14837.0,0.6221776639482375,1,49,22.5,90,0.48888888888888893,15,200,110.5,442,0.4117647058823529
957,165.0,7344.0,3429.75,13719.0,0.47436037612070847,5,41,24.75,99,0.33585858585858586,39,200,132.75,531,0.27824858757062143
958,36.0,288.0,190.25,761.0,0.28350854139290405,0,6,4.25,17,0.27941176470588236,9,45,33.0,132,0.20454545454545459
959,230.0,8466.0,2557.25,10229.0,0.6244745331899502,6,44,18.75,75,0.41666666666666663,39,200,101.5,406,0.3374384236453202
960,53.0,7266.0,2183.75,8735.0,0.6237836290784201,1,43,16.5,66,0.48484848484848486,9,200,89.25,357,0.4096638655462185
961,236.0,8100.0,3919.25,15677.0,0.46085029023410096,6,43,26.25,105,0.32619047619047614,39,200,134.25,537,0.2723463687150838
962,116.0,497.0,280.25,1121.0,0.26293487957181083,2,13,7.0,28,0.3214285714285714,15,81,43.5,174,0.31896551724137934
963,261.0,6768.0,3653.25,14613.0,0.43456169164442615,5,43,25.75,103,0.337378640776699,39,200,132.75,531,0.27824858757062143
964,59.0,9762.0,2548.25,10193.0,0.7157117629745904,2,47,14.75,59,0.5805084745762712,9,200,71.75,287,0.509581881533101
965,47.0,2904.0,768.75,3075.0,0.6973170731707317,1,35,9.5,38,0.6710526315789473,9,200,56.75,227,0.6310572687224669
966,59.0,558.0,260.0,1040.0,0.42836538461538465,1,12,5.5,22,0.4545454545454546,9,81,40.5,162,0.39814814814814814
967,41.0,5850.0,2056.75,8227.0,0.5958733438677525,1,41,17.25,69,0.5253623188405797,9,200,94.0,376,0.48005319148936165
968,65.0,239.0,157.5,630.0,0.2134920634920634,1,7,3.5,14,0.3214285714285714,9,45,25.5,102,0.27941176470588236
969,413.0,10140.0,3738.5,14954.0,0.5344389461013775,11,46,27.0,108,0.29166666666666663,69,200,142.0,568,0.21742957746478875
970,150.0,11112.0,3449.25,13797.0,0.5976842791911285,4,46,22.25,89,0.3567415730337079,33,200,120.75,483,0.26242236024844723
971,65.0,6918.0,1850.5,7402.0,0.699067819508241,2,43,13.5,54,0.5740740740740741,9,200,68.75,275,0.5318181818181819
972,1818.0,5388.0,3226.5,12906.0,0.2251278475127847,33,40,36.5,146,0.044520547945205546,200,200,200.0,800,0.0
973,41.0,8964.0,2330.0,9320.0,0.7221566523605151,1,47,13.75,55,0.65,9,200,67.25,269,0.5604089219330854
974,53.0,2562.0,1144.75,4579.0,0.5107556234985805,1,36,18.0,72,0.4722222222222222,9,200,106.0,424,0.44693396226415094
975,309.0,5916.0,2992.5,11970.0,0.41328320802005014,7,40,26.25,105,0.2833333333333333,51,200,143.25,573,0.22905759162303663
976,75.0,8964.0,2323.25,9293.0,0.7187937156999893,1,44,12.75,51,0.6323529411764706,15,200,65.75,263,0.5332699619771863
977,36.0,7278.0,3475.5,13902.0,0.5078765645230902,0,45,21.25,85,0.5147058823529411,9,200,104.5,418,0.4569377990430622
978,456.0,9288.0,2755.25,11021.0,0.6044596679067236,10,44,19.75,79,0.32594936708860756,69,200,107.5,430,0.22906976744186047
979,105.0,7086.0,4050.75,16203.0,0.37108868728013333,3,46,29.0,116,0.2844827586206896,27,200,156.75,627,0.2069377990430623
980,110.0,4314.0,2123.75,8495.0,0.47065921130076516,2,36,20.0,80,0.40625,15,200,116.5,466,0.37768240343347637
981,162.0,5658.0,2711.25,10845.0,0.46922544951590595,4,39,23.25,93,0.3575268817204301,33,200,127.0,508,0.3080708661417323
982,36.0,6612.0,1742.25,6969.0,0.7166379681446405,0,43,12.0,48,0.6979166666666666,9,200,64.0,256,0.587890625
983,93.0,8172.0,2566.5,10266.0,0.6038866160140269,1,43,20.25,81,0.404320987654321,15,200,113.5,454,0.3215859030837004
984,53.0,2886.0,845.75,3383.0,0.6285101980490688,1,35,11.5,46,0.5543478260869565,9,200,71.75,287,0.49912891986062713
985,69.0,9102.0,3303.75,13215.0,0.5535187287173666,1,46,24.5,98,0.3928571428571429,15,200,129.75,519,0.31358381502890176
986,102.0,9558.0,2992.5,11970.0,0.6343358395989975,2,47,18.25,73,0.523972602739726,21,200,95.5,382,0.4214659685863874
987,246.0,411.0,302.0,1208.0,0.11258278145695355,6,8,6.75,27,0.06481481481481488,38,57,46.25,185,0.07702702702702702
988,42.0,1065.0,506.25,2025.0,0.42925925925925923,0,14,8.0,32,0.390625,9,86,55.0,220,0.3159090909090909
989,53.0,7818.0,2038.75,8155.0,0.7151747394236665,1,43,12.5,50,0.63,9,200,64.25,257,0.5632295719844358
990,42.0,6102.0,2097.75,8391.0,0.5996603503754022,0,42,18.75,75,0.5033333333333333,9,200,106.0,424,0.4257075471698113
991,194.0,6174.0,3179.75,12719.0,0.4695534240113216,4,41,22.5,90,0.40555555555555556,27,200,116.5,466,0.36480686695278974
992,47.0,729.0,335.5,1342.0,0.44783904619970194,1,15,7.0,28,0.4464285714285714,9,99,48.0,192,0.421875
993,63.0,6912.0,3129.75,12519.0,0.5171938653247065,1,43,21.0,84,0.4821428571428571,15,200,109.0,436,0.42087155963302747
994,53.0,3270.0,883.25,3533.0,0.6833427681856779,1,36,10.25,41,0.6402439024390244,9,200,62.75,251,0.5707171314741036
995,68.0,10434.0,2878.25,11513.0,0.6916311995135933,2,47,17.5,70,0.5357142857142857,15,200,89.75,359,0.4491643454038997
996,372.0,11004.0,4235.25,16941.0,0.5226226314857446,8,49,27.5,110,0.32272727272727275,57,200,141.75,567,0.22883597883597884
997,98.0,2181.0,704.5,2818.0,0.5731014904187367,2,26,10.25,41,0.4695121951219512,15,158,65.75,263,0.4420152091254753
998,68.0,7218.0,1935.25,7741.0,0.7028484691900271,1,44,13.75,55,0.6136363636363636,9,200,70.25,281,0.547153024911032
999,41.0,7884.0,2144.0,8576.0,0.6896571828358209,1,45,15.25,61,0.5614754098360656,9,200,79.25,317,0.47555205047318616
1000,90.0,2727.0,774.0,3096.0,0.6390503875968992,2,28,9.25,37,0.5337837837837838,21,170,62.75,251,0.451195219123506
