,episode,end_day,epsilon,mean_reward,mean_loss,max_berries,mean_berries,max_berries_consumed,mean_berries_consumed,gini_berries_consumed,mean_berries_thrown,max_health,mean_health,median_health,variance_health,deceased,num_emerged_norms
0,1,50,0,8.225000000000001,0,2.0,0.2890625,11.0,3.875,0.475,0.0625,2.999999999999998,0.9968749999999995,0.8,0.5111712598425187,2,6
0,2,50,0,8.150000000000002,0,2.0,0.28169014084507044,9.0,3.5704225352112675,0.36904761904761907,0.176056338028169,1.7999999999999994,0.7211267605633801,0.7000000000000001,0.14621716112276464,2,7
0,3,50,0,11.225000000000003,0,1.0,0.23270440251572327,10.0,4.3081761006289305,0.2870370370370371,0.0,2.1999999999999975,0.9515723270440245,0.8999999999999997,0.18542472733062598,1,7
