,episode,end_day,epsilon,mean_reward,mean_loss,max_berries,mean_berries,max_berries_consumed,mean_berries_consumed,gini_berries_consumed,mean_berries_thrown,max_health,mean_health,median_health,variance_health,deceased,num_emerged_norms
0,1,200,0,38.849999999999966,0,2.0,0.3473491773308958,40.0,16.0,0.33163265306122447,1.0548446069469835,5.000000000000003,1.572577696526506,1.0999999999999996,1.4648510356188587,2,
0,2,200,0,18.599999999999977,0,1.0,0.23574144486692014,40.0,15.634980988593156,0.6630434782608695,0.0,5.400000000000006,2.2212927756653977,1.8999999999999995,2.459926566626997,3,
0,3,200,0,25.024999999999974,0,2.0,0.3236994219653179,43.0,13.757225433526012,0.4801587301587301,0.5722543352601156,6.600000000000015,2.106358381502891,1.0999999999999996,3.8982203233643355,3,
0,4,200,0,20.87499999999998,0,1.0,0.20735785953177258,40.0,15.070234113712374,0.5961538461538461,0.0,5.300000000000013,2.3290969899665557,2.199999999999998,2.9604592489506443,3,
