,episode,end_day,epsilon,mean_reward,mean_loss,max_berries,mean_berries,max_berries_consumed,mean_berries_consumed,gini_berries_consumed,mean_berries_thrown,max_health,mean_health,median_health,variance_health,deceased,num_emerged_norms
0,1,50,0,12.975000000000003,0,2.0,0.2552083333333333,9.0,3.96875,0.07258064516129026,0.5677083333333334,1.9999999999999991,0.7286458333333332,0.6000000000000003,0.2229971095113435,1,4
0,2,50,0,11.200000000000005,0,2.0,0.34375,11.0,3.75,0.2685185185185185,0.1125,2.4999999999999973,0.8706249999999998,0.6500000000000004,0.4251065251572318,2,9
0,3,50,0,8.875000000000002,0,2.0,0.41911764705882354,10.0,3.3823529411764706,0.41666666666666663,0.0,2.0999999999999988,0.6448529411764707,0.6000000000000001,0.21093627450980357,2,6
0,4,50,0,10.625000000000004,0,2.0,0.2972972972972973,12.0,4.04054054054054,0.3846153846153846,0.0,3.099999999999997,0.9452702702702701,0.7000000000000003,0.49854890604890467,2,4
0,5,50,0,12.525000000000002,0,2.0,0.3559322033898305,9.0,3.76271186440678,0.1637931034482758,0.0,1.7999999999999998,0.6836158192090394,0.6000000000000001,0.20001412429378485,1,6
