episode,end_day,epsilon,mean_reward,mean_loss,max_berries,mean_berries,max_berries_consumed,mean_berries_consumed,gini_berries_consumed,mean_berries_thrown,max_health,mean_health,median_health,variance_health,deceased,num_emerged_norms
1,22,0.999000499833375,-1.65,0,1.0,0.0,2.0,0.5208333333333334,0,0.0,0.8000000000000003,0.3583333333333335,0.40000000000000013,0.05870603560573165,4,
2,15,0.9980019986673331,-2.325,0,1.0,0.0,1.0,0.4791666666666667,0,0.16666666666666666,1.2000000000000002,0.4083333333333335,0.40000000000000013,0.09538862353452017,4,
3,9,0.997004495503373,-2.325,1.7830014975384025,1.0,0.0,0.0,0.0,0,0.0,0.7000000000000001,0.3111111111111112,0.30000000000000016,0.058810810810810805,4,
4,15,0.9960079893439915,-2.0749999999999997,2.725229833886106,2.0,0.0,1.0,0.21428571428571427,0,0.16666666666666666,0.7000000000000001,0.33095238095238105,0.3000000000000002,0.054072603516732834,4,
5,9,0.9950124791926823,-2.425,3.1576030384481344,1.0,0.0,0.0,0.0,0,0.0,0.7000000000000001,0.3111111111111112,0.30000000000000016,0.058810810810810805,4,
6,27,0.9940179640539353,-1.4999999999999998,3.3628954475275195,1.0,0.0,3.0,0.9666666666666667,0,0.23333333333333334,1.1,0.4066666666666668,0.40000000000000013,0.09664906918588495,4,
7,21,0.9930244429332351,-1.6999999999999997,3.3563832995087775,1.0,0.0,2.0,0.8,0,0.0,0.9,0.3666666666666668,0.40000000000000013,0.061572659071964436,4,
8,9,0.9920319148370607,-2.375,3.2768337711055056,1.0,0.0,0.0,0.0,0,0.0,0.7000000000000001,0.3111111111111112,0.30000000000000016,0.058810810810810805,4,
9,15,0.9910403787728836,-1.8499999999999999,3.128023374277991,1.0,0.0,1.0,0.4583333333333333,0,0.0,1.0,0.3958333333333335,0.40000000000000013,0.07543204515848893,4,
10,15,0.9900498337491681,-2.1,3.008542558540875,1.0,0.0,1.0,0.3125,0,0.0,0.7000000000000001,0.30833333333333346,0.30000000000000016,0.05203647416413374,4,
11,15,0.9890602787753687,-2.1999999999999997,2.890900081482064,1.0,0.0,1.0,0.2619047619047619,0,0.0,0.9,0.3595238095238097,0.40000000000000013,0.06863868406125921,4,
12,15,0.9880717128619305,-1.775,2.7440101921931572,1.0,0.0,1.0,0.4375,0,0.16666666666666666,1.2,0.38333333333333336,0.3500000000000001,0.09768128528006945,4,
13,21,0.9870841350202876,-1.9749999999999996,2.6342642211632756,1.0,0.0,2.0,0.5208333333333334,0,0.0,0.9000000000000002,0.3583333333333335,0.40000000000000013,0.0637082066869301,4,
14,9,0.9860975442628619,-2.5,2.53212326387593,0.0,0.0,0.0,0.0,0,0.0,0.7000000000000001,0.3111111111111112,0.30000000000000016,0.058810810810810805,4,
15,15,0.9851119396030626,-1.975,2.4193738658913952,2.0,0.0,1.0,0.16666666666666666,0,0.0,0.7000000000000001,0.3023809523809525,0.30000000000000016,0.055025524673851384,4,
16,15,0.9841273200552851,-2.1999999999999997,2.3272259835177187,1.0,0.0,1.0,0.21428571428571427,0,0.0,0.7000000000000002,0.33095238095238105,0.3000000000000002,0.05693136698808848,4,
17,9,0.9831436846349096,-1.9,2.2440291950801416,2.0,0.0,0.0,0.0,0,0.0,0.7000000000000001,0.3111111111111112,0.30000000000000016,0.058810810810810805,4,
18,9,0.9821610323583008,-2.325,2.1683300289109813,1.0,0.0,0.0,0.0,0,0.0,0.7000000000000001,0.3111111111111112,0.30000000000000016,0.058810810810810805,4,
19,15,0.981179362242806,-1.875,2.0867392083141407,1.0,0.0,1.0,0.21428571428571427,0,0.0,0.7000000000000002,0.33095238095238105,0.3000000000000002,0.05693136698808848,4,
20,9,0.9801986733067553,-2.3249999999999997,2.0221299038297436,1.0,0.0,0.0,0.0,0,0.0,0.7000000000000001,0.3111111111111112,0.30000000000000016,0.058810810810810805,4,
21,27,0.9792189645694596,-1.0999999999999999,1.9348994129067425,1.0,0.0,3.0,0.9848484848484849,0,0.0,1.0,0.39242424242424256,0.40000000000000013,0.074353616532721,4,
22,15,0.97824023505121,-2.15,1.872430821043122,1.0,0.0,1.0,0.2857142857142857,0,0.0,1.0,0.37380952380952387,0.40000000000000013,0.07816789563244468,4,
23,15,0.9772624837732771,-2.025,1.8123711214549822,1.0,0.0,1.0,0.375,0,0.0,0.7000000000000002,0.3458333333333335,0.3500000000000002,0.05500651324359531,4,
24,15,0.9762857097579093,-2.15,1.760315345402319,1.0,0.0,1.0,0.16666666666666666,0,0.0,0.7000000000000001,0.3023809523809525,0.30000000000000016,0.055025524673851384,4,
25,21,0.9753099120283326,-1.8249999999999997,1.7073501079714926,1.0,0.0,2.0,0.625,0,0.16666666666666666,1.2000000000000002,0.42083333333333345,0.40000000000000013,0.09752496743378201,4,
26,15,0.9743350896087494,-1.9749999999999999,1.6710885209995652,1.0,0.0,1.0,0.16666666666666666,0,0.0,0.7000000000000001,0.3023809523809525,0.30000000000000016,0.055025524673851384,4,
27,15,0.9733612415243368,-2.0999999999999996,1.6290055279883573,1.0,0.0,1.0,0.23809523809523808,0,0.0,0.8000000000000002,0.34523809523809534,0.3500000000000002,0.061559841179807145,4,
28,15,0.9723883668012469,-2.05,1.590390044806585,1.0,0.0,1.0,0.19047619047619047,0,0.0,0.7000000000000001,0.31666666666666676,0.30000000000000016,0.05475326148610323,4,
29,15,0.9714164644666048,-2.4499999999999997,1.553745163574772,1.0,0.0,1.0,0.30952380952380953,0,0.16666666666666666,1.1,0.38809523809523816,0.40000000000000013,0.09014747589336358,4,
30,15,0.9704455335485082,-1.9249999999999998,1.5234348310679375,1.0,0.0,1.0,0.19047619047619047,0,0.0,0.7000000000000001,0.31666666666666676,0.30000000000000016,0.05475326148610323,4,
31,15,0.9694755730760259,-2.0999999999999996,1.4834533553754894,1.0,0.0,1.0,0.3958333333333333,0,0.0,0.8000000000000002,0.3583333333333335,0.40000000000000013,0.05870603560573165,4,
32,9,0.9685065820791976,-2.55,1.4585266225546463,0.0,0.0,0.0,0.0,0,0.0,0.7000000000000001,0.3111111111111112,0.30000000000000016,0.058810810810810805,4,
33,15,0.967538559589032,-2.275,1.4276368681335216,1.0,0.0,1.0,0.30952380952380953,0,0.16666666666666666,1.1,0.38809523809523816,0.40000000000000013,0.09014747589336357,4,
34,15,0.9665715046375066,-2.425,1.3981739341783894,1.0,0.0,1.0,0.19047619047619047,0,0.0,0.7000000000000001,0.31666666666666676,0.30000000000000016,0.05475326148610323,4,
35,15,0.9656054162575665,-2.275,1.372277514841793,1.0,0.0,1.0,0.30952380952380953,0,0.16666666666666666,1.1,0.38809523809523816,0.40000000000000013,0.09014747589336357,4,
36,9,0.9646402934831231,-2.4,1.3516124771657307,0.0,0.0,0.0,0.0,0,0.0,0.7000000000000001,0.3111111111111112,0.30000000000000016,0.058810810810810805,4,
37,9,0.9636761353490535,-2.5,1.3306204662031462,0.0,0.0,0.0,0.0,0,0.0,0.7000000000000001,0.3111111111111112,0.30000000000000016,0.058810810810810805,4,
38,9,0.9627129408911995,-2.5999999999999996,1.3103320772483589,0.0,0.0,0.0,0.0,0,0.0,0.7000000000000001,0.3111111111111112,0.30000000000000016,0.058810810810810805,4,
39,15,0.9617507091463667,-2.3249999999999997,1.2881980571815101,1.0,0.0,1.0,0.21428571428571427,0,0.0,0.7000000000000002,0.33095238095238105,0.3000000000000002,0.05693136698808848,4,
40,9,0.9607894391523232,-2.425,1.2702667010122426,1.0,0.0,0.0,0.0,0,0.0,0.7000000000000001,0.3111111111111112,0.30000000000000016,0.058810810810810805,4,
41,15,0.9598291299477989,-2.2249999999999996,1.249111794097424,1.0,0.0,1.0,0.19047619047619047,0,0.0,0.7000000000000001,0.31666666666666676,0.30000000000000016,0.05475326148610323,4,
42,15,0.9588697805724845,-2.375,1.2263327421123214,1.0,0.0,1.0,0.4791666666666667,0,0.14583333333333334,1.1,0.4083333333333335,0.40000000000000013,0.08538428137212331,4,
43,15,0.9579113900670306,-1.7499999999999998,1.2067394391865442,1.0,0.0,1.0,0.16666666666666666,0,0.0,0.7000000000000001,0.3023809523809525,0.30000000000000016,0.055025524673851384,4,
44,21,0.9569539574730467,-1.575,1.1859121560783699,1.0,0.0,2.0,0.5925925925925926,0,0.0,0.9000000000000002,0.34629629629629644,0.35000000000000026,0.06102572898799315,4,
45,15,0.9559974818331,-1.7249999999999999,1.1687553331408918,1.0,0.0,1.0,0.23809523809523808,0,0.0,0.8000000000000002,0.34523809523809534,0.3500000000000002,0.061559841179807145,4,
46,21,0.9550419621907147,-1.5499999999999998,1.1465783450542126,1.0,1.0,2.0,0.7592592592592593,0,0.14814814814814814,1.2000000000000002,0.44629629629629647,0.4500000000000002,0.099557461406518,4,
47,27,0.9540873975903711,-1.4,1.126974221882416,1.0,0.0,3.0,0.9848484848484849,0,0.6515151515151515,1.1,0.39242424242424256,0.40000000000000013,0.07253501722158438,4,
48,9,0.9531337870775047,-2.15,1.114819206950937,1.0,0.0,0.0,0.0,0,0.0,0.7000000000000001,0.3111111111111112,0.30000000000000016,0.058810810810810805,4,
49,15,0.9521811296985049,-1.825,1.099754342228339,1.0,0.0,1.0,0.3541666666666667,0,0.0,0.8000000000000002,0.3333333333333334,0.3000000000000002,0.05849761181068172,4,
50,15,0.951229424500714,-2.1999999999999997,1.0861885253817374,1.0,0.0,1.0,0.23809523809523808,0,0.0,0.8000000000000002,0.34523809523809534,0.3500000000000002,0.061559841179807145,4,
51,21,0.950278670532427,-1.9499999999999997,1.0702431779498236,1.0,0.0,2.0,0.6666666666666666,0,0.0,1.1,0.44583333333333347,0.4500000000000001,0.1058619192357794,4,
52,38,0.9493288668428895,-0.6250000000000002,1.0443282415047002,2.0,0.0,5.0,1.8051948051948052,0,0.09090909090909091,1.2999999999999998,0.5077922077922078,0.5000000000000001,0.10645074224021586,4,
53,15,0.9483800124822982,-1.375,1.0329995334932947,2.0,0.0,1.0,0.16666666666666666,0,0.0,0.7000000000000001,0.3023809523809525,0.30000000000000016,0.055025524673851384,4,
54,9,0.9474321065017983,-1.625,1.023355845881492,2.0,0.0,0.0,0.0,0,0.0,0.7000000000000001,0.3111111111111112,0.30000000000000016,0.058810810810810805,4,
55,27,0.9464851479534838,-1.1749999999999998,1.0066253231862312,1.0,0.0,3.0,0.9393939393939394,0,0.10606060606060606,1.1,0.36515151515151534,0.3500000000000002,0.06955912743972445,4,
56,27,0.9455391358903963,-1.4499999999999997,0.9904846327077974,1.0,0.0,3.0,1.1111111111111112,0,0.0,1.2,0.39722222222222237,0.40000000000000013,0.07584024696121934,4,
57,32,0.9445940693665233,-1.2500000000000004,0.9741845433959104,1.0,1.0,4.0,1.5846153846153845,0,0.6461538461538462,1.4999999999999996,0.6199999999999998,0.6000000000000001,0.17056344696969683,4,
58,9,0.9436499474367985,-2.275,0.9667189467982298,1.0,0.0,0.0,0.0,0,0.0,0.7000000000000001,0.3111111111111112,0.30000000000000016,0.058810810810810805,4,
59,15,0.9427067691570997,-2.3249999999999997,0.9589028155367895,1.0,0.0,1.0,0.16666666666666666,0,0.0,0.7000000000000001,0.3023809523809525,0.30000000000000016,0.055025524673851384,4,
60,9,0.9417645335842487,-2.2,0.9514537029372778,1.0,0.0,0.0,0.0,0,0.0,0.7000000000000001,0.3111111111111112,0.30000000000000016,0.058810810810810805,4,
61,32,0.9408232397760097,-1.5499999999999998,0.9359951586813084,2.0,0.0,4.0,1.647887323943662,0,0.352112676056338,1.5,0.5971830985915493,0.5999999999999998,0.16424999999999992,4,
62,21,0.9398828867910889,-1.35,0.9245477593075093,1.0,0.0,2.0,0.7166666666666667,0,0.35,1.1,0.3766666666666668,0.40000000000000013,0.07414281744929145,4,
63,21,0.9389434736891332,-2.3499999999999996,0.9154419329965366,1.0,0.0,2.0,0.5208333333333334,0,0.0,1.0,0.3583333333333335,0.35000000000000014,0.07371254884932696,4,
64,15,0.9380049995307295,-1.575,0.9079701580175907,2.0,0.0,1.0,0.2857142857142857,0,0.0,1.0,0.37380952380952387,0.40000000000000013,0.0781678956324447,4,
65,15,0.9370674633774034,-2.2249999999999996,0.9003400981322893,1.0,0.0,1.0,0.19047619047619047,0,0.0,0.7000000000000001,0.31666666666666676,0.30000000000000016,0.05475326148610323,4,
66,15,0.9361308642916188,-2.175,0.8911445388508441,1.0,1.0,1.0,0.5555555555555556,0,0.4074074074074074,1.2000000000000002,0.39074074074074094,0.40000000000000013,0.08827787307032589,4,
67,15,0.9351952013367766,-1.9999999999999998,0.8835678776997458,1.0,0.0,1.0,0.2619047619047619,0,0.0,0.9,0.3595238095238097,0.40000000000000013,0.06863868406125921,4,
68,15,0.9342604735772135,-2.15,0.8766737667149568,1.0,0.0,1.0,0.16666666666666666,0,0.0,0.7000000000000001,0.3023809523809525,0.30000000000000016,0.055025524673851384,4,
69,9,0.933326680078202,-2.3249999999999997,0.8710334495031864,1.0,0.0,0.0,0.0,0,0.0,0.7000000000000001,0.3111111111111112,0.30000000000000016,0.058810810810810805,4,
70,15,0.9323938199059483,-2.3,0.8645149380754333,1.0,0.0,1.0,0.16666666666666666,0,0.0,0.7000000000000001,0.3023809523809525,0.30000000000000016,0.055025524673851384,4,
71,9,0.9314618921275921,-2.0500000000000003,0.8590766859817124,1.0,0.0,0.0,0.0,0,0.0,0.7000000000000001,0.3111111111111112,0.30000000000000016,0.058810810810810805,4,
72,27,0.9305308958112057,-1.25,0.8487936939924441,1.0,0.0,3.0,0.9833333333333333,0,0.0,1.0,0.4166666666666668,0.40000000000000024,0.07240900250069461,4,
73,27,0.9296008300257927,-0.725,0.8374790092168984,2.0,0.0,3.0,1.4698795180722892,0,0.6024096385542169,1.7000000000000002,0.474698795180723,0.40000000000000024,0.13950058072009286,4,
74,26,0.9286716938412872,-1.9249999999999998,0.8304596353072937,1.0,0.0,3.0,1.0754716981132075,0,0.0,1.4,0.5339622641509434,0.5000000000000001,0.14606837606837597,4,
75,26,0.9277434863285529,-2.15,0.8231621771592688,1.0,0.0,3.0,1.0566037735849056,0,0.1509433962264151,1.2999999999999998,0.5226415094339623,0.5000000000000001,0.13311965811965804,4,
76,26,0.9268162065593822,-1.9,0.8167125234944771,1.0,0.0,3.0,1.1355932203389831,0,0.3559322033898305,1.7000000000000002,0.535593220338983,0.4999999999999999,0.17691954022988501,4,
77,9,0.9258898536064953,-2.3499999999999996,0.8120940112017352,0.0,0.0,0.0,0.0,0,0.0,0.7000000000000001,0.3111111111111112,0.30000000000000016,0.058810810810810805,4,
78,15,0.9249644265435393,-2.425,0.8069727792742593,1.0,0.0,1.0,0.19047619047619047,0,0.0,0.7000000000000001,0.31666666666666676,0.30000000000000016,0.05475326148610323,4,
79,21,0.9240399244450868,-1.5999999999999996,0.8007898031255468,2.0,0.0,2.0,0.6666666666666666,0,0.0,1.1,0.44583333333333347,0.4500000000000001,0.1058619192357794,4,
80,21,0.9231163463866358,-1.775,0.7946524322262263,1.0,0.0,2.0,0.4583333333333333,0,0.0,0.7000000000000001,0.32083333333333347,0.3000000000000002,0.051671732522796346,4,
81,9,0.922193691444608,-2.0,0.7907980975445641,1.0,0.0,0.0,0.0,0,0.0,0.7000000000000001,0.3111111111111112,0.30000000000000016,0.058810810810810805,4,
82,21,0.9212719586963487,-1.95,0.7847554377352373,1.0,0.0,2.0,0.6666666666666666,0,0.12962962962962962,1.1,0.39074074074074094,0.40000000000000013,0.07716295025728988,4,
83,15,0.9203511472201247,-2.375,0.7797890141127192,1.0,0.0,1.0,0.23809523809523808,0,0.0,0.8000000000000002,0.34523809523809534,0.3500000000000002,0.061559841179807145,4,
84,15,0.9194312560951247,-1.8250000000000002,0.7735078227616664,1.0,0.0,1.0,0.3541666666666667,0,0.0,0.8000000000000002,0.3333333333333334,0.3000000000000002,0.05849761181068172,4,
85,9,0.9185122844014574,-2.1999999999999997,0.7691111019167303,1.0,0.0,0.0,0.0,0,0.0,0.7000000000000001,0.3111111111111112,0.30000000000000016,0.058810810810810805,4,
86,20,0.9175942312201509,-1.35,0.7641399194273385,2.0,0.0,2.0,0.6382978723404256,0,0.0,1.2999999999999998,0.4553191489361702,0.40000000000000013,0.11401268115942022,4,
87,27,0.9166770956331523,-1.5499999999999998,0.7569924492141962,1.0,0.0,3.0,1.05,0,0.23333333333333334,1.2000000000000002,0.4566666666666668,0.5000000000000001,0.08948041122534037,4,
88,15,0.9157608767233256,-2.15,0.7523893104804592,1.0,0.0,1.0,0.30952380952380953,0,0.16666666666666666,1.1,0.38809523809523816,0.40000000000000013,0.09014747589336357,4,
89,33,0.914845573574452,-1.075,0.7459932570237795,1.0,0.0,4.0,1.4871794871794872,0,0.19230769230769232,1.2,0.5166666666666667,0.5000000000000002,0.100379746835443,4,
90,15,0.9139311852712282,-1.5999999999999999,0.7412131272431738,1.0,0.0,1.0,0.3541666666666667,0,0.0,0.8000000000000002,0.3333333333333334,0.3000000000000002,0.05849761181068172,4,
91,21,0.9130177108992658,-1.625,0.7366495701437398,1.0,0.0,2.0,0.5,0,0.0,0.9,0.34583333333333344,0.35000000000000014,0.06501085540599218,4,
92,21,0.9121051495450904,-1.875,0.7307210757266108,1.0,0.0,2.0,0.7407407407407407,0,0.12962962962962962,1.1,0.43518518518518534,0.4500000000000002,0.08490222984562605,4,
93,33,0.9111935002961405,-0.5750000000000001,0.7216484098431988,1.0,0.0,4.0,1.4230769230769231,0,0.08974358974358974,1.1,0.43205128205128224,0.4000000000000003,0.07142035180009863,4,
94,63,0.910282762240767,0.3499999999999986,0.7126503446812438,2.0,0.0,9.0,3.466666666666667,0,0.0,1.2,0.4944444444444446,0.5000000000000001,0.09142486726756387,4,
95,15,0.9093729344682314,-2.0,0.7085207157576069,1.0,0.0,1.0,0.2857142857142857,0,0.0,1.0,0.37380952380952387,0.40000000000000013,0.07816789563244468,4,
96,21,0.9084640160687062,-1.4499999999999997,0.7045718397721905,2.0,0.0,2.0,0.5740740740740741,0,0.14814814814814814,0.7000000000000002,0.33518518518518536,0.30000000000000027,0.05081646655231561,4,
97,27,0.9075560061332727,-1.1500000000000001,0.6993124367858811,1.0,0.0,3.0,1.3472222222222223,0,0.0,1.0,0.43888888888888905,0.5000000000000001,0.06933436233841403,4,
98,9,0.9066489037539209,-2.325,0.6959994454904408,1.0,0.0,0.0,0.0,0,0.0,0.7000000000000001,0.3111111111111112,0.30000000000000016,0.058810810810810805,4,
99,9,0.9057427080235485,-2.7,0.6931033134096417,0.0,0.0,0.0,0.0,0,0.0,0.7000000000000001,0.3111111111111112,0.30000000000000016,0.058810810810810805,4,
100,9,0.9048374180359595,-2.1999999999999997,0.6897545326237613,1.0,0.0,0.0,0.0,0,0.0,0.7000000000000001,0.3111111111111112,0.30000000000000016,0.058810810810810805,4,
101,15,0.9039330328858641,-1.45,0.6856257324191657,1.0,0.0,1.0,0.3541666666666667,0,0.0,0.7000000000000002,0.3333333333333335,0.30000000000000027,0.053495440729483285,4,
102,21,0.9030295516688768,-1.4499999999999997,0.679758313064088,1.0,1.0,2.0,0.8787878787878788,0,0.12121212121212122,1.2,0.437878787878788,0.40000000000000024,0.09843628013777264,4,
103,15,0.9021269734815165,-2.375,0.6762175918610513,1.0,0.0,1.0,0.16666666666666666,0,0.0,0.7000000000000001,0.3023809523809525,0.30000000000000016,0.055025524673851384,4,
104,15,0.9012252974212047,-1.9,0.6728775915133067,1.0,1.0,1.0,0.5625,0,0.4375,1.2,0.4583333333333334,0.45000000000000007,0.11706469821971338,4,
105,21,0.9003245225862656,-1.325,0.6690720825648304,2.0,0.0,2.0,0.7407407407407407,0,0.12962962962962962,1.1,0.43518518518518534,0.4000000000000002,0.09824013722126927,4,
106,15,0.899424648075924,-1.825,0.6657744464937774,1.0,0.0,1.0,0.375,0,0.0,0.7000000000000002,0.3458333333333335,0.3500000000000002,0.05500651324359531,4,
107,21,0.8985256729903055,-1.5999999999999999,0.6617631573734551,2.0,1.0,2.0,0.7222222222222222,0,0.0,1.2,0.4240740740740742,0.40000000000000013,0.10334476843910805,4,
108,27,0.8976275964304349,-1.4249999999999998,0.6570158450992043,1.0,0.0,3.0,0.9090909090909091,0,0.0,0.9,0.3469696969696971,0.3500000000000002,0.0606865671641791,4,
109,9,0.8967304174982355,-2.0999999999999996,0.6546546482971842,1.0,0.0,0.0,0.0,0,0.0,0.7000000000000001,0.3111111111111112,0.30000000000000016,0.058810810810810805,4,
110,9,0.8958341352965282,-2.325,0.6520900689402905,1.0,0.0,0.0,0.0,0,0.0,0.7000000000000001,0.3111111111111112,0.30000000000000016,0.058810810810810805,4,
111,9,0.894938748929031,-1.9749999999999999,0.6494639318934265,1.0,0.0,0.0,0.0,0,0.0,0.7000000000000001,0.3111111111111112,0.30000000000000016,0.058810810810810805,4,
112,15,0.8940442575003572,-2.175,0.6462849755577588,1.0,0.0,1.0,0.4583333333333333,0,0.14583333333333334,1.1,0.3958333333333335,0.40000000000000013,0.08293530178028659,4,
113,15,0.8931506601160155,-2.225,0.6434353261481998,1.0,0.0,1.0,0.4166666666666667,0,0.14583333333333334,1.1,0.3708333333333334,0.35000000000000014,0.08460269214068605,4,
114,15,0.8922579558824083,-1.775,0.640435204938011,1.0,0.0,1.0,0.3125,0,0.0,0.7000000000000001,0.30833333333333346,0.30000000000000016,0.05203647416413375,4,
115,21,0.8913661439068313,-1.2,0.6364437342240692,2.0,0.0,2.0,0.5925925925925926,0,0.0,0.9,0.34629629629629644,0.3500000000000002,0.061025728987993126,4,
116,21,0.8904752232974726,-1.4249999999999998,0.6326469739519747,1.0,0.0,2.0,0.7166666666666667,0,0.0,1.1,0.3766666666666668,0.40000000000000013,0.07414281744929146,4,
117,21,0.8895851931634113,-1.1999999999999997,0.6289697615179964,1.0,1.0,2.0,0.8833333333333333,0,0.0,1.2,0.4166666666666668,0.40000000000000013,0.08241178105029172,4,
118,15,0.8886960526146174,-2.15,0.6262060543837679,1.0,0.0,1.0,0.19047619047619047,0,0.0,0.7000000000000001,0.31666666666666676,0.30000000000000016,0.05475326148610323,4,
119,21,0.8878078007619501,-1.5249999999999997,0.6229256157158573,1.0,1.0,2.0,0.7037037037037037,0,0.25925925925925924,1.2000000000000002,0.41296296296296303,0.40000000000000013,0.08819554030874782,4,
120,21,0.8869204367171575,-1.375,0.6195044788386193,1.0,0.0,2.0,0.5185185185185185,0,0.0,0.7000000000000001,0.301851851851852,0.30000000000000016,0.04982847341337907,4,
121,27,0.8860339595928756,-0.8500000000000003,0.6170072561988816,2.0,0.0,3.0,0.8518518518518519,0,0.0,1.0,0.36851851851851863,0.40000000000000013,0.06736535162950257,4,
122,15,0.8851483685026271,-1.875,0.6144037843143546,1.0,0.0,1.0,0.4166666666666667,0,0.0,0.9,0.37083333333333346,0.40000000000000013,0.06459400781589231,4,
123,15,0.8842636625608209,-1.65,0.6112851167884915,1.0,0.0,1.0,0.3958333333333333,0,0.0,0.8000000000000002,0.3583333333333335,0.40000000000000013,0.05870603560573165,4,
124,27,0.8833798408827509,-1.275,0.6075747816447634,1.0,0.0,3.0,0.9666666666666667,0,0.16666666666666666,1.0,0.40666666666666684,0.4000000000000003,0.0746429563767713,4,
125,9,0.8824969025845955,-2.0749999999999997,0.6055983834772933,1.0,0.0,0.0,0.0,0,0.0,0.7000000000000001,0.3111111111111112,0.30000000000000016,0.058810810810810805,4,
126,27,0.8816148467834161,-0.6500000000000002,0.6013181837533864,2.0,0.0,3.0,1.1388888888888888,0,0.0,1.1,0.413888888888889,0.40000000000000013,0.07898900250819986,4,
127,27,0.880733672597157,-1.1,0.5983564470982907,1.0,0.0,3.0,0.95,0,0.0,1.1,0.39666666666666683,0.40000000000000013,0.07267574326201721,4,
128,15,0.8798533791446438,-1.825,0.5955057195269433,2.0,0.0,1.0,0.3541666666666667,0,0.0,0.8000000000000002,0.3333333333333335,0.3000000000000002,0.05849761181068173,4,
129,15,0.8789739655455832,-1.6,0.5927553602282515,1.0,0.0,1.0,0.5185185185185185,0,0.0,1.1,0.36851851851851863,0.3500000000000002,0.07848027444253859,4,
130,33,0.8780954309205613,-0.8500000000000003,0.5886569192314342,1.0,0.0,4.0,1.4285714285714286,0,0.4523809523809524,1.1,0.3904761904761906,0.40000000000000013,0.06515662650602408,4,
131,21,0.8772177743910435,-1.7499999999999998,0.5857116606870548,1.0,0.0,2.0,0.9333333333333333,0,0.6166666666666667,1.2,0.44666666666666677,0.40000000000000024,0.10451792164490133,4,
132,15,0.8763409950793732,-2.0999999999999996,0.5831983037501298,1.0,0.0,1.0,0.3541666666666667,0,0.0,0.7000000000000002,0.3333333333333335,0.30000000000000027,0.053495440729483285,4,
133,21,0.8754650921087711,-0.9500000000000001,0.5793233285923297,1.0,0.0,2.0,1.0416666666666667,0,0.1111111111111111,1.0,0.40555555555555567,0.4000000000000002,0.06748215319313139,4,
134,15,0.874590064603334,-1.5999999999999999,0.5770423546113055,1.0,0.0,1.0,0.4375,0,0.0,0.9,0.38333333333333347,0.40000000000000013,0.06766825879287884,4,
135,27,0.8737159116880344,-1.6,0.5749180315305386,2.0,0.0,3.0,0.9444444444444444,0,0.0,1.2000000000000002,0.4240740740740742,0.40000000000000013,0.09000686106346482,4,
136,15,0.8728426324887193,-1.75,0.5729664216705266,2.0,0.0,1.0,0.2619047619047619,0,0.0,0.9,0.35952380952380963,0.40000000000000013,0.0686386840612592,4,
137,15,0.8719702261321094,-2.3249999999999997,0.570836400797614,1.0,0.0,1.0,0.19047619047619047,0,0.0,0.7000000000000001,0.31666666666666676,0.30000000000000016,0.05475326148610323,4,
138,39,0.8710986917457983,-0.025000000000000522,0.5663423222855595,1.0,0.0,5.0,1.8444444444444446,0,0.4444444444444444,1.1,0.44111111111111134,0.4000000000000005,0.0773194221508828,4,
139,21,0.8702280284582515,-1.9499999999999997,0.5641381714779634,1.0,0.0,2.0,0.7037037037037037,0,0.14814814814814814,1.1,0.41296296296296303,0.40000000000000013,0.08374957118353345,4,
140,21,0.8693582353988059,-1.7999999999999998,0.5609574669896452,1.0,0.0,2.0,1.0454545454545454,0,0.6060606060606061,1.2,0.48333333333333345,0.5000000000000001,0.10747416762342134,4,
141,44,0.8684893116976679,-0.7000000000000006,0.5571221335010761,1.0,0.0,6.0,2.202247191011236,0,0.38202247191011235,1.5,0.5674157303370787,0.5000000000000002,0.14850757575757564,4,
142,15,0.867621256485914,-2.275,0.555297912194513,1.0,0.0,1.0,0.30952380952380953,0,0.16666666666666666,1.1,0.38809523809523816,0.40000000000000013,0.09014747589336357,4,
143,27,0.8667540688954889,-1.35,0.5526442000895082,1.0,0.0,3.0,0.8833333333333333,0,0.0,1.0,0.3566666666666668,0.3500000000000002,0.06480689080300082,4,
144,27,0.865887748059205,-1.0250000000000001,0.5501529207421668,2.0,0.0,3.0,0.9833333333333333,0,0.0,1.1,0.4166666666666668,0.40000000000000013,0.08641289247013059,4,
145,21,0.8650222931107413,-1.3250000000000002,0.5481645744411605,1.0,0.0,2.0,0.9166666666666666,0,0.31666666666666665,1.1,0.4366666666666668,0.40000000000000024,0.0913475965545985,4,
146,27,0.8641577031846428,-1.2500000000000002,0.5455117098693414,1.0,0.0,3.0,0.9393939393939394,0,0.10606060606060606,1.1,0.36515151515151534,0.3500000000000002,0.07137772675086106,4,
147,69,0.8632939774163194,0.10000000000000109,0.5406336182659361,2.0,0.0,10.0,3.8645833333333335,0,0.0,1.2000000000000002,0.4666666666666669,0.5000000000000001,0.08535648399348884,4,
148,27,0.8624311149420455,-1.1999999999999997,0.5376457604800298,1.0,1.0,3.0,1.375,0,0.3194444444444444,1.2000000000000002,0.4555555555555556,0.40000000000000013,0.10943469033378352,4,
149,15,0.8615691148989583,-2.0,0.5356109727842182,1.0,0.0,1.0,0.5740740740740741,0,0.4444444444444444,1.2000000000000002,0.4018518518518519,0.40000000000000013,0.09280617495711835,4,
150,21,0.8607079764250578,-1.8499999999999999,0.5336049259763043,1.0,0.0,2.0,0.8148148148148148,0,0.2962962962962963,1.2000000000000002,0.47962962962962974,0.5,0.11758833619210977,4,
151,15,0.8598476986592055,-2.1249999999999996,0.5320317416649109,1.0,0.0,1.0,0.23809523809523808,0,0.0,0.8000000000000002,0.34523809523809534,0.3500000000000002,0.061559841179807145,4,
152,21,0.8589882807411234,-1.45,0.5298578227836841,1.0,0.0,2.0,0.7333333333333333,0,0.0,0.9,0.38666666666666677,0.40000000000000013,0.06450680744651291,4,
153,21,0.8581297218113938,-1.75,0.5277895828890964,1.0,0.0,2.0,0.6481481481481481,0,0.0,0.9,0.37962962962962976,0.40000000000000013,0.06349571183533448,4,
154,27,0.8572720210114575,-1.1500000000000001,0.5256212945291158,1.0,0.0,3.0,1.0,0,0.0,1.1,0.4266666666666668,0.4000000000000002,0.09198110586273964,4,
155,32,0.8564151774836135,-1.7000000000000004,0.5233038563647668,1.0,0.0,4.0,1.4067796610169492,0,0.0,1.2999999999999998,0.5254237288135593,0.5000000000000001,0.11650574712643672,4,
156,15,0.8555591903710185,-1.4749999999999999,0.5217630256391936,2.0,0.0,1.0,0.16666666666666666,0,0.0,0.7000000000000001,0.3023809523809525,0.30000000000000016,0.055025524673851384,4,
157,21,0.8547040588176851,-1.3,0.5193352733719672,2.0,0.0,2.0,0.803030303030303,0,0.19696969696969696,0.8000000000000003,0.337878787878788,0.3000000000000003,0.052365097588978185,4,
158,27,0.8538497819684817,-1.225,0.5169066291904465,1.0,0.0,3.0,1.1666666666666667,0,0.2777777777777778,1.1,0.43055555555555575,0.40000000000000036,0.07158016592706924,4,
159,15,0.8529963589691315,-1.6749999999999998,0.5157598203629787,1.0,0.0,1.0,0.16666666666666666,0,0.0,0.7000000000000001,0.3023809523809525,0.30000000000000016,0.055025524673851384,4,
160,27,0.8521437889662113,-1.0999999999999999,0.513512589570335,1.0,0.0,3.0,0.9333333333333333,0,0.0,1.0,0.38666666666666677,0.40000000000000013,0.06450680744651291,4,
161,21,0.8512920711071511,-1.4499999999999997,0.5116639660290099,1.0,0.0,2.0,0.6111111111111112,0,0.0,0.9,0.3574074074074075,0.40000000000000013,0.06209605488850772,4,
162,15,0.850441204540233,-1.5999999999999999,0.5102435183963611,2.0,0.0,1.0,0.21428571428571427,0,0.0,0.7000000000000002,0.33095238095238105,0.3000000000000002,0.05693136698808848,4,
163,15,0.8495911884145902,-1.8999999999999997,0.5089901552710501,1.0,0.0,1.0,0.2857142857142857,0,0.0,1.0,0.37380952380952387,0.40000000000000013,0.07816789563244468,4,
164,21,0.8487420218802068,-1.525,0.5073495975750245,1.0,0.0,2.0,0.4583333333333333,0,0.0,0.7000000000000001,0.32083333333333347,0.3000000000000002,0.051671732522796346,4,
165,27,0.8478937040879159,-1.6749999999999998,0.5060821531098804,1.0,0.0,3.0,0.8703703703703703,0,0.0,0.9000000000000002,0.37962962962962976,0.40000000000000013,0.06127272727272728,4,
166,27,0.8470462341893996,-1.7249999999999999,0.5044343025517264,1.0,0.0,3.0,1.037037037037037,0,0.12962962962962962,1.1,0.47962962962962974,0.5000000000000001,0.10647341337907373,4,
167,21,0.8461996113371882,-1.4999999999999998,0.5027864823342044,1.0,0.0,2.0,0.6851851851851852,0,0.0,1.0,0.40185185185185207,0.4000000000000002,0.0750222984562607,4,
168,21,0.8453538346846587,-2.05,0.5013942282519844,1.0,0.0,2.0,0.6458333333333334,0,0.16666666666666666,1.2000000000000002,0.4333333333333334,0.40000000000000013,0.10184976118106817,4,
169,27,0.8445089033860343,-1.625,0.500147141449621,1.0,0.0,3.0,0.8148148148148148,0,0.0,0.7000000000000004,0.3462962962962965,0.3500000000000003,0.05213379073756432,4,
170,27,0.8436648165963837,-1.1000000000000005,0.49824793241786236,2.0,0.0,3.0,1.0909090909090908,0,0.30303030303030304,0.9000000000000005,0.4015151515151517,0.40000000000000024,0.06167853042479909,4,
171,9,0.8428215734716199,-2.5,0.4971013604537843,0.0,0.0,0.0,0.0,0,0.0,0.7000000000000001,0.3111111111111112,0.30000000000000016,0.058810810810810805,4,
172,21,0.8419791731684999,-1.8749999999999998,0.4955991258154699,1.0,0.0,2.0,0.625,0,0.16666666666666666,1.2,0.4208333333333334,0.40000000000000013,0.097524967433782,4,
173,27,0.8411376148446232,-1.025,0.4936313960294967,1.0,0.0,3.0,1.0166666666666666,0,0.3,1.1,0.43666666666666687,0.4500000000000003,0.08334537371492079,4,
174,27,0.8402968976584314,-0.825,0.4917882649710448,2.0,0.0,3.0,1.25,0,0.0,1.2000000000000002,0.3805555555555557,0.40000000000000013,0.07713679336291722,4,
175,15,0.8394570207692074,-1.9499999999999997,0.4904463218665406,1.0,0.0,1.0,0.46296296296296297,0,0.12962962962962962,0.9,0.3351851851851853,0.30000000000000016,0.06193138936535162,4,
176,27,0.838617983337074,-0.875,0.4887648242264714,1.0,0.0,3.0,0.95,0,0.0,1.0,0.3966666666666668,0.4000000000000002,0.0706751875520978,4,
177,9,0.8377797845229938,-2.15,0.48771142093000747,1.0,0.0,0.0,0.0,0,0.0,0.7000000000000001,0.3111111111111112,0.30000000000000016,0.058810810810810805,4,
178,21,0.8369424234887681,-1.7249999999999999,0.4862882435555739,1.0,0.0,2.0,0.8833333333333333,0,0.23333333333333334,1.1,0.4766666666666668,0.5000000000000001,0.09481522645179215,4,
179,9,0.8361058993970355,-2.05,0.4853334950326161,1.0,0.0,0.0,0.0,0,0.0,0.7000000000000001,0.3111111111111112,0.30000000000000016,0.058810810810810805,4,
180,27,0.835270211411272,-1.0749999999999997,0.4836605081221794,2.0,0.0,3.0,0.85,0,0.0,0.8000000000000002,0.3366666666666668,0.30000000000000027,0.054670741872742436,4,
181,9,0.8344353586957896,-2.25,0.4827156574863455,1.0,0.0,0.0,0.0,0,0.0,0.7000000000000001,0.3111111111111112,0.30000000000000016,0.058810810810810805,4,
182,27,0.8336013404157353,-1.3499999999999999,0.4811091722155361,1.0,0.0,3.0,0.9333333333333333,0,0.0,1.0,0.38666666666666694,0.40000000000000013,0.06650736315643234,4,
183,15,0.832768155737091,-1.475,0.4799879918400556,3.0,0.0,1.0,0.3958333333333333,0,0.0,0.8000000000000002,0.3583333333333335,0.40000000000000013,0.05870603560573165,4,
184,27,0.8319358038266718,-0.7499999999999998,0.4780866029388208,1.0,0.0,3.0,1.0555555555555556,0,0.0,1.0,0.3638888888888891,0.40000000000000013,0.06287478294424077,4,
185,27,0.8311042838521256,-0.9250000000000003,0.47637357800954966,1.0,1.0,3.0,1.4722222222222223,0,0.0,1.1,0.5138888888888891,0.5500000000000002,0.09788153579008294,4,
186,15,0.8302735949819326,-1.65,0.47544275777747547,1.0,0.0,1.0,0.2857142857142857,0,0.0,1.0,0.37380952380952387,0.40000000000000013,0.07816789563244468,4,
187,38,0.8294437363854039,-0.9500000000000004,0.4736893431568865,1.0,0.0,5.0,1.8153846153846154,0,0.0,1.2999999999999998,0.5461538461538461,0.5999999999999998,0.11635890151515144,4,
188,27,0.8286147072326806,-1.725,0.4724418085209281,1.0,0.0,3.0,0.8518518518518519,0,0.0,0.9000000000000002,0.36851851851851863,0.40000000000000013,0.06514236706689537,4,
189,33,0.8277865066947336,-0.8500000000000003,0.47060958989378726,1.0,0.0,4.0,1.6538461538461537,0,0.47435897435897434,1.1,0.4782051282051283,0.5000000000000001,0.08787276015124115,4,
190,21,0.8269591339433623,-1.4,0.4690841084826098,1.0,1.0,2.0,0.7833333333333333,0,0.2833333333333333,1.2,0.41666666666666674,0.40000000000000013,0.08841344818005,4,
191,33,0.8261325881511938,-0.8,0.4667275984118464,2.0,0.0,4.0,2.0224719101123596,0,0.8651685393258427,1.9,0.6078651685393257,0.5000000000000001,0.21558333333333324,4,
192,15,0.8253068684916823,-2.0,0.4656113790344961,1.0,0.0,1.0,0.23809523809523808,0,0.0,0.8000000000000002,0.34523809523809534,0.3500000000000002,0.061559841179807145,4,
193,15,0.8244819741391082,-0.975,0.46441064733955106,2.0,0.0,1.0,0.4375,0,0.14583333333333334,1.1,0.38333333333333347,0.40000000000000013,0.08267477203647414,4,
194,15,0.8236579042685769,-2.0,0.4633565227303172,1.0,0.0,1.0,0.2619047619047619,0,0.0,0.9,0.3595238095238097,0.40000000000000013,0.06863868406125921,4,
195,33,0.8228346580560184,-0.5750000000000005,0.4615907914125199,2.0,0.0,4.0,1.5595238095238095,0,0.17857142857142858,1.2000000000000002,0.4261904761904763,0.40000000000000013,0.09027923458540042,4,
196,21,0.8220122346781865,-1.4999999999999998,0.46034232235196587,1.0,0.0,2.0,0.6296296296296297,0,0.0,1.0,0.36851851851851863,0.40000000000000013,0.06958833619210976,4,
197,39,0.821190633312658,-0.65,0.4580833029361626,2.0,0.0,5.0,2.0526315789473686,0,1.4,1.2999999999999998,0.5473684210526317,0.5000000000000002,0.12040115248226946,4,
198,15,0.8203698531378311,-2.15,0.4572234347012494,1.0,0.0,1.0,0.21428571428571427,0,0.0,0.7000000000000002,0.33095238095238105,0.3000000000000002,0.05693136698808848,4,
199,21,0.8195498933329256,-1.2999999999999998,0.455961841620213,1.0,0.0,2.0,0.7666666666666667,0,0.0,0.8000000000000003,0.3466666666666668,0.35000000000000026,0.05783828841344819,4,
200,27,0.8187307530779818,-0.6749999999999997,0.4544323373469641,1.0,1.0,3.0,1.2820512820512822,0,0.08974358974358974,1.2,0.39358974358974375,0.40000000000000013,0.07548413611704749,4,
201,27,0.8179124315538594,-1.8249999999999997,0.45291794875703606,1.0,0.0,3.0,1.1363636363636365,0,0.7272727272727273,1.1,0.48333333333333345,0.5000000000000001,0.09838117106773822,4,
202,21,0.8170949279422366,-1.8249999999999997,0.45185056073727525,1.0,0.0,2.0,0.6296296296296297,0,0.0,0.8000000000000003,0.36851851851851863,0.40000000000000013,0.05847341337907375,4,
203,38,0.8162782414256099,-1.375,0.45023827502995883,2.0,0.0,5.0,1.8153846153846154,0,0.2153846153846154,1.7000000000000002,0.546153846153846,0.49999999999999956,0.18652935606060603,4,
204,9,0.8154623711872927,-2.1,0.44941428610167156,1.0,0.0,0.0,0.0,0,0.0,0.7000000000000001,0.3111111111111112,0.30000000000000016,0.058810810810810805,4,
205,21,0.8146473164114145,-0.9999999999999998,0.4481197570330888,2.0,1.0,2.0,1.1692307692307693,0,0.2153846153846154,1.6,0.5738461538461539,0.5999999999999998,0.1665861742424242,4,
206,15,0.8138330762829207,-1.125,0.44697983612041936,2.0,0.0,1.0,0.2916666666666667,0,0.0,0.7000000000000001,0.29583333333333345,0.30000000000000016,0.05208858011289622,4,
207,15,0.813019649987571,-2.05,0.4460145376874367,1.0,0.0,1.0,0.3958333333333333,0,0.0,0.8000000000000002,0.3583333333333335,0.40000000000000013,0.05870603560573165,4,
208,27,0.812207036711939,-1.2999999999999998,0.4445708653339634,1.0,0.0,3.0,1.1923076923076923,0,0.3717948717948718,1.1,0.43205128205128224,0.4000000000000003,0.08065263850073974,4,
209,27,0.8113952356434114,-1.4,0.44360126946167727,1.0,0.0,3.0,0.9333333333333333,0,0.45,1.1,0.3866666666666669,0.40000000000000013,0.07250903028619059,4,
210,45,0.8105842459701871,-0.1500000000000007,0.4421244644334084,1.0,0.0,6.0,1.9487179487179487,0,0.0,0.9000000000000005,0.3782051282051285,0.4000000000000002,0.05350813743218807,4,
211,51,0.8097740668812763,-0.2500000000000008,0.4402958756909676,2.0,0.0,7.0,2.4895833333333335,0,0.6979166666666666,1.3000000000000003,0.5041666666666669,0.5000000000000002,0.08645035268583828,4,
212,21,0.8089646975664998,-1.25,0.43933575052287693,1.0,1.0,2.0,0.7777777777777778,0,0.0,1.2,0.4574074074074075,0.5,0.10062778730703256,4,
213,15,0.8081561372164884,-1.5,0.4386853635561373,1.0,0.0,1.0,0.21428571428571427,0,0.0,0.7000000000000002,0.33095238095238105,0.3000000000000002,0.05693136698808848,4,
214,33,0.8073483850226815,-1.0500000000000003,0.4372768722941594,1.0,0.0,4.0,1.3333333333333333,0,0.0,1.1,0.44666666666666677,0.5000000000000001,0.0825118088357877,4,
215,38,0.8065414401773269,-1.125,0.4362211515180095,1.0,0.0,5.0,1.8732394366197183,0,0.11267605633802817,1.5,0.5887323943661972,0.5999999999999998,0.13708333333333325,4,
216,15,0.8057353018734796,-1.5999999999999999,0.4352472628341292,1.0,0.0,1.0,0.4583333333333333,0,0.14583333333333334,0.9,0.39583333333333354,0.40000000000000013,0.06542770299609203,4,
217,21,0.8049299693050015,-0.8250000000000002,0.4339933288102796,1.0,0.0,2.0,1.1971830985915493,0,1.267605633802817,1.4999999999999998,0.5126760563380282,0.5000000000000001,0.1380357142857142,4,
218,15,0.8041254416665596,-2.3249999999999997,0.43340380067522677,1.0,0.0,1.0,0.16666666666666666,0,0.0,0.7000000000000001,0.3023809523809525,0.30000000000000016,0.055025524673851384,4,
219,21,0.8033217181536265,-1.6999999999999997,0.4322562174449544,1.0,0.0,2.0,0.9666666666666667,0,0.55,1.1,0.4666666666666668,0.5000000000000001,0.10025006946373992,4,
220,15,0.8025187979624785,-1.95,0.43139720399858594,1.0,0.0,1.0,0.4583333333333333,0,0.0,1.0,0.3958333333333334,0.40000000000000013,0.07543204515848892,4,
221,33,0.8017166802901953,-0.9000000000000001,0.43004817504734394,1.0,0.0,4.0,1.2166666666666666,0,0.0,1.0000000000000002,0.37666666666666687,0.40000000000000013,0.06614059460961377,4,
222,21,0.8009153643346592,-0.6499999999999999,0.4288994212151917,2.0,0.0,2.0,0.8787878787878788,0,0.19696969696969696,0.9000000000000002,0.38333333333333347,0.40000000000000013,0.06322158438576347,4,
223,15,0.8001148492945541,-1.6500000000000001,0.42809583570942744,1.0,0.0,1.0,0.16666666666666666,0,0.0,0.7000000000000001,0.3023809523809525,0.30000000000000016,0.055025524673851384,4,
224,15,0.7993151343693651,-1.375,0.42740920929135356,2.0,0.0,1.0,0.2857142857142857,0,0.0,1.0,0.3738095238095239,0.40000000000000013,0.0781678956324447,4,
225,21,0.7985162187593771,-1.5249999999999997,0.42644191755204863,1.0,0.0,2.0,0.6296296296296297,0,0.12962962962962962,1.0,0.36851851851851863,0.40000000000000013,0.06736535162950255,4,
226,15,0.7977181016656743,-1.6749999999999998,0.4256889277811675,1.0,0.0,1.0,0.4166666666666667,0,0.0,0.9,0.37083333333333346,0.40000000000000013,0.06459400781589231,4,
227,27,0.7969207822901396,-1.15,0.4245939390290427,1.0,0.0,3.0,1.1666666666666667,0,0.0,1.0,0.4469696969696971,0.5000000000000001,0.07766016073478758,4,
228,57,0.7961242598354538,0.2749999999999992,0.42283344326214156,1.0,0.0,8.0,2.9313725490196076,0,0.46078431372549017,1.2,0.48333333333333356,0.5000000000000001,0.0782591560126886,4,
229,33,0.7953285335050939,-0.9750000000000001,0.42173002016244676,1.0,0.0,4.0,1.3181818181818181,0,0.0,1.0,0.42878787878787894,0.45000000000000023,0.06994489092996554,4,
230,21,0.794533602503334,-1.4,0.42068654262870164,1.0,0.0,2.0,0.9661016949152542,0,0.4576271186440678,1.2999999999999998,0.4847457627118644,0.4999999999999998,0.11895402298850569,4,
231,21,0.7937394660352427,-0.9249999999999998,0.41958562586028675,1.0,0.0,2.0,0.9242424242424242,0,0.0,1.0,0.4106060606060608,0.4000000000000002,0.07611710677382318,4,
232,21,0.7929461233066837,-0.4999999999999997,0.41842432716790107,1.0,0.0,2.0,0.9090909090909091,0,0.0,1.2,0.4015151515151516,0.40000000000000013,0.08168312284730193,4,
233,51,0.792153573524314,0.29999999999999916,0.4171830066403753,3.0,0.0,7.0,2.423076923076923,0,0.0,0.9,0.38589743589743614,0.40000000000000013,0.05840046029919447,4,
234,27,0.7913618158955839,-0.8250000000000001,0.41622485465047704,1.0,0.0,3.0,0.9722222222222222,0,0.0,1.1,0.3638888888888891,0.3500000000000002,0.06787574763650393,4,
235,15,0.7905708496287356,-1.5499999999999998,0.41559913631594386,2.0,0.0,1.0,0.3333333333333333,0,0.0,1.2,0.4023809523809525,0.4000000000000001,0.10457742484401585,4,
236,39,0.7897806739328027,-0.3750000000000005,0.41415939390318185,1.0,0.0,5.0,1.6785714285714286,0,0.15476190476190477,1.1,0.4119047619047621,0.4000000000000003,0.0679631467044649,4,
237,45,0.7889912880176096,-0.1500000000000007,0.4127621406287151,2.0,0.0,6.0,2.2888888888888888,0,0.08888888888888889,1.2,0.5077777777777779,0.5000000000000002,0.08339424620323493,4,
238,39,0.7882026910937704,0.22499999999999964,0.41137152655209747,1.0,0.0,5.0,2.1052631578947367,0,0.07368421052631578,1.4,0.5157894736842106,0.5000000000000001,0.0983931737588652,4,
239,45,0.7874148823726879,0.22499999999999926,0.4099045367479432,2.0,0.0,6.0,2.2,0,0.07777777777777778,1.6,0.5344444444444445,0.5000000000000001,0.13427460180269166,4,
240,33,0.7866278610665535,-1.2000000000000006,0.40898047898994017,2.0,0.0,4.0,1.2878787878787878,0,0.0,0.9000000000000005,0.4106060606060608,0.4000000000000003,0.06702411021814006,4,
241,39,0.7858416263883455,-0.2250000000000006,0.40780544200377056,2.0,0.0,5.0,1.6666666666666667,0,0.0,0.9000000000000002,0.40476190476190504,0.40000000000000024,0.0566520198440822,4,
242,15,0.7850561775518295,-2.4999999999999996,0.4070982008687598,1.0,0.0,1.0,0.30952380952380953,0,0.16666666666666666,1.1,0.38809523809523816,0.40000000000000013,0.09014747589336357,4,
243,21,0.7842715137715565,-1.8249999999999997,0.4063068417825764,1.0,0.0,2.0,0.85,0,0.16666666666666666,1.3,0.4566666666666667,0.40000000000000013,0.11548763545429282,4,
244,27,0.7834876342628625,-0.6750000000000004,0.40532655502979587,2.0,0.0,3.0,1.5584415584415585,0,0.6493506493506493,1.6999999999999997,0.577922077922078,0.5000000000000002,0.16902159244264497,4,
245,27,0.7827045382418681,-0.47500000000000037,0.40418896786222486,1.0,0.0,3.0,1.3661971830985915,0,0.0,1.2999999999999998,0.47042253521126765,0.4999999999999998,0.10351190476190468,4,
246,9,0.7819222249254772,-1.875,0.40374348006704136,2.0,0.0,0.0,0.0,0,0.0,0.7000000000000001,0.3111111111111112,0.30000000000000016,0.058810810810810805,4,
247,21,0.7811406935313765,-1.6749999999999998,0.4028714027944369,1.0,0.0,2.0,0.65,0,0.11666666666666667,0.7000000000000002,0.33666666666666684,0.30000000000000027,0.05066963045290358,4,
248,38,0.7803599432780343,-0.7250000000000003,0.40173651984392333,2.0,1.0,5.0,1.7746478873239437,0,0.11267605633802817,1.2999999999999998,0.5295774647887324,0.5000000000000001,0.1390119047619047,4,
249,15,0.7795799733847004,-1.2499999999999998,0.4009969386882281,1.0,0.0,1.0,0.5185185185185185,0,0.0,0.9,0.36851851851851863,0.40000000000000013,0.06514236706689537,4,
250,33,0.7788007830714049,-1.0000000000000004,0.400201162723628,1.0,0.0,4.0,1.4444444444444444,0,0.0,1.1,0.4472222222222225,0.5000000000000001,0.07861856067914333,4,
251,21,0.7780223715589573,-0.6000000000000001,0.39937076185857173,1.0,1.0,2.0,0.8484848484848485,0,0.21212121212121213,1.1,0.41969696969696985,0.4000000000000002,0.07584156142365096,4,
252,33,0.7772447380689461,-0.7750000000000001,0.39836954172112116,1.0,0.0,4.0,1.3194444444444444,0,0.0,1.0,0.42222222222222244,0.4000000000000005,0.06535211267605633,4,
253,27,0.7764678818237378,-0.8750000000000001,0.39771487060841715,2.0,0.0,3.0,0.9,0,0.0,1.0,0.3666666666666668,0.40000000000000013,0.06957488191164211,4,
254,38,0.775691802046476,-0.47500000000000037,0.39693423556228025,2.0,0.0,5.0,1.896103896103896,0,0.36363636363636365,1.2999999999999998,0.6090909090909091,0.6000000000000001,0.12890013495276648,4,
255,15,0.774916497961081,-1.8,0.3962993693762844,1.0,0.0,1.0,0.4375,0,0.0,0.9,0.38333333333333347,0.40000000000000013,0.06766825879287884,4,
256,21,0.7741419687922484,-1.5499999999999998,0.39561249732277987,1.0,0.0,2.0,0.8333333333333334,0,0.13333333333333333,1.1,0.44666666666666677,0.5000000000000001,0.08851347596554597,4,
257,21,0.7733682137654491,-0.9500000000000001,0.3949245659382044,1.0,0.0,2.0,0.6333333333333333,0,0.0,0.7000000000000002,0.32666666666666677,0.3000000000000002,0.05130313976104473,4,
258,9,0.772595232106928,-2.175,0.3944490826316023,1.0,0.0,0.0,0.0,0,0.0,0.7000000000000001,0.3111111111111112,0.30000000000000016,0.058810810810810805,4,
259,27,0.7718230230437034,-0.49999999999999994,0.3933953760925241,1.0,1.0,3.0,1.4871794871794872,0,0.20512820512820512,1.2000000000000002,0.5166666666666667,0.5000000000000002,0.1034571757356567,4,
260,21,0.7710515858035663,-1.475,0.3928365860168871,1.0,0.0,2.0,0.5208333333333334,0,0.2708333333333333,0.8000000000000002,0.3583333333333335,0.40000000000000013,0.05620495006513244,4,
261,33,0.7702809196150792,-0.25000000000000006,0.39194621074462976,2.0,0.0,4.0,1.5119047619047619,0,0.0,1.1,0.44047619047619074,0.45000000000000034,0.07218143160878808,4,
262,32,0.7695110237075758,-0.9750000000000004,0.39091898133826564,2.0,0.0,4.0,1.7108433734939759,0,0.6987951807228916,1.6999999999999997,0.5397590361445782,0.5000000000000001,0.16747967479674788,4,
263,62,0.7687418973111603,-0.049999999999998934,0.38985621298780376,1.0,0.0,9.0,3.606741573033708,0,0.0,1.4,0.6213483146067413,0.6000000000000001,0.1261893939393938,4,
264,15,0.7679735396567061,-0.9749999999999999,0.38915698725777276,2.0,0.0,1.0,0.48148148148148145,0,0.0,0.8000000000000002,0.34629629629629644,0.3500000000000002,0.056579759862778724,4,
265,15,0.7672059499758557,-2.2249999999999996,0.38869678737555047,1.0,0.0,1.0,0.2619047619047619,0,0.0,0.9,0.35952380952380963,0.40000000000000013,0.0686386840612592,4,
266,15,0.7664391275010192,-1.9,0.3881305409046689,1.0,0.0,1.0,0.375,0,0.0,0.7000000000000002,0.3458333333333335,0.3500000000000002,0.05500651324359531,4,
267,21,0.7656730714653739,-0.7249999999999999,0.38723009013135296,1.0,0.0,2.0,0.9545454545454546,0,0.0,1.1,0.42878787878787894,0.40000000000000024,0.0808564867967853,4,
268,27,0.764907781102864,-1.2249999999999999,0.38645897447676164,1.0,0.0,3.0,0.9696969696969697,0,0.0,0.9,0.38333333333333347,0.40000000000000013,0.06322158438576347,4,
269,21,0.764143255648199,-0.8500000000000001,0.3855009361293437,1.0,0.0,2.0,1.0138888888888888,0,0.19444444444444445,1.2000000000000002,0.43888888888888905,0.4000000000000002,0.08933822110746671,4,
270,15,0.7633794943368531,-1.5499999999999998,0.38491197334161287,1.0,0.0,1.0,0.3958333333333333,0,0.0,0.9,0.3583333333333335,0.40000000000000013,0.06370820668693007,4,
271,9,0.7626164964050653,-1.925,0.38454674568538794,2.0,0.0,0.0,0.0,0,0.0,0.7000000000000001,0.3111111111111112,0.30000000000000016,0.058810810810810805,4,
272,27,0.7618542610898376,-0.7,0.38396120948477186,2.0,0.0,3.0,1.0909090909090908,0,0.0,0.8000000000000004,0.4015151515151517,0.4000000000000003,0.05622273249138921,4,
273,15,0.7610927876289343,-1.75,0.3834840291032357,2.0,0.0,1.0,0.21428571428571427,0,0.0,0.7000000000000002,0.33095238095238105,0.3000000000000002,0.05693136698808848,4,
274,50,0.7603320752608821,-0.37500000000000056,0.38290406347036016,2.0,0.0,7.0,2.857142857142857,0,0.1038961038961039,1.6999999999999997,0.6870129870129865,0.699999999999999,0.18687584345479064,4,
275,27,0.7595721232249685,-0.17499999999999982,0.38209093683716916,2.0,0.0,3.0,0.9393939393939394,0,0.0,1.0,0.3651515151515153,0.40000000000000013,0.0659219288174512,4,
276,39,0.7588129307612413,-0.2750000000000005,0.38089848289466754,2.0,0.0,5.0,2.610526315789474,0,1.1263157894736842,1.9,0.6736842105263156,0.6000000000000001,0.2352282801418438,4,
277,21,0.7580544971105083,-1.3249999999999997,0.38021164177206535,1.0,0.0,2.0,0.8,0,0.0,1.0,0.4266666666666668,0.4500000000000002,0.07197554876354542,4,
278,21,0.7572968215143355,-1.725,0.37951827760603973,1.0,0.0,2.0,1.0,0,0.26666666666666666,1.4000000000000001,0.4866666666666668,0.5,0.12318977493748261,4,
279,9,0.7565399032150474,-2.0,0.37916462338723544,2.0,0.0,0.0,0.0,0,0.0,0.7000000000000001,0.3111111111111112,0.30000000000000016,0.058810810810810805,4,
280,45,0.7557837414557255,1.2749999999999995,0.3778418162143856,2.0,0.0,6.0,2.316666666666667,0,0.0,1.2,0.4783333333333335,0.5000000000000001,0.08003611361900129,4,
281,27,0.755028335480208,-1.6749999999999998,0.377107352026725,1.0,0.0,3.0,1.0757575757575757,0,0.5606060606060606,1.2,0.4469696969696972,0.4500000000000003,0.09039035591274396,4,
282,33,0.754273684533089,-0.07500000000000023,0.3759345564780018,2.0,0.0,4.0,1.6777777777777778,0,0.16666666666666666,1.3,0.46111111111111125,0.4500000000000002,0.08860970490183971,4,
283,15,0.7535197878597172,-1.675,0.375398122512169,1.0,0.0,1.0,0.5740740740740741,0,0.42592592592592593,1.1,0.401851851851852,0.40000000000000013,0.07946826758147513,4,
284,38,0.7527666447061963,-0.525,0.374451322556341,3.0,0.0,5.0,1.9438202247191012,0,0.2696629213483146,1.6,0.6078651685393258,0.6000000000000001,0.1495075757575757,4,
285,51,0.7520142543193826,-0.3500000000000002,0.3738067780253932,2.0,0.0,7.0,2.6923076923076925,0,0.1794871794871795,1.7000000000000002,0.5474358974358975,0.5000000000000001,0.1491846128554989,4,
286,27,0.751262615946886,-1.5,0.37334112177566536,1.0,0.0,3.0,0.9166666666666666,0,0.35,0.9,0.37666666666666687,0.40000000000000013,0.05813837176993608,4,
287,57,0.750511728837068,0.27499999999999936,0.3721238998873726,2.0,0.0,8.0,2.8796296296296298,0,0.0,1.2,0.49814814814814834,0.5000000000000002,0.08704107005058734,4,
288,15,0.7497615922390413,-1.5,0.3716512358394958,2.0,0.0,1.0,0.3333333333333333,0,0.0,0.7000000000000002,0.32083333333333347,0.30000000000000016,0.054172818063395564,4,
289,21,0.7490122054026693,-0.45000000000000023,0.37099327462502896,1.0,0.0,2.0,1.1267605633802817,0,0.2676056338028169,1.7000000000000002,0.4704225352112677,0.40000000000000013,0.1576071428571428,4,
290,50,0.7482635675785653,-0.7750000000000006,0.3703332154277055,2.0,1.0,7.0,3.038961038961039,0,0.19480519480519481,2.099999999999999,0.7961038961038952,0.6999999999999985,0.33367746288798894,4,
291,21,0.747515678018091,-1.4749999999999996,0.36994102982576105,1.0,0.0,2.0,0.5740740740740741,0,0.0,0.8000000000000002,0.3351851851851853,0.30000000000000027,0.05526243567753001,4,
292,21,0.7467685359733571,-0.8,0.36926767913639225,2.0,0.0,2.0,1.0138888888888888,0,0.5416666666666666,1.1,0.43888888888888905,0.40000000000000024,0.08267026818444914,4,
293,69,0.7460221406972215,0.37500000000000133,0.36820944244374976,1.0,0.0,10.0,3.5277777777777777,0,0.12962962962962962,1.2000000000000002,0.4203703703703706,0.40000000000000024,0.08403669724770642,4,
294,9,0.7452764914432887,-2.1,0.3679085115155709,1.0,0.0,0.0,0.0,0,0.0,0.7000000000000001,0.3111111111111112,0.30000000000000016,0.058810810810810805,4,
295,15,0.7445315874659094,-1.325,0.3673144287617832,1.0,0.0,1.0,0.5370370370370371,0,0.0,1.0,0.37962962962962976,0.40000000000000013,0.06794168096054887,4,
296,39,0.7437874280201796,-0.7500000000000004,0.3667113223478955,1.0,0.0,5.0,1.6388888888888888,0,0.0,1.2000000000000002,0.41388888888888903,0.40000000000000013,0.07898900250819987,4,
297,51,0.7430440123619398,0.8999999999999988,0.36549486515873475,2.0,0.0,7.0,2.808,0,0.4,1.6999999999999997,0.5192000000000001,0.5000000000000001,0.12923963133640542,4,
298,45,0.7423013397477743,0.24999999999999944,0.3647107101341937,2.0,0.0,6.0,2.15625,0,0.07291666666666667,1.2000000000000002,0.45416666666666683,0.40000000000000024,0.08936733586543677,4,
299,27,0.7415594094350105,-1.3499999999999999,0.3640699840268938,1.0,0.0,3.0,1.121212121212121,0,0.10606060606060606,1.1,0.41969696969696985,0.4000000000000003,0.0703857634902411,4,
300,57,0.7408182206817179,0.3499999999999997,0.36318353417970667,1.0,0.0,8.0,2.8555555555555556,0,0.1,1.3000000000000003,0.447777777777778,0.40000000000000047,0.08072725027781204,4,
301,33,0.7400777727467076,-1.0500000000000003,0.362542583262094,1.0,0.0,4.0,1.15,0,0.0,0.8000000000000003,0.3366666666666668,0.3000000000000003,0.054670741872742436,4,
302,15,0.7393380648895319,-1.375,0.3620111666223247,1.0,0.0,1.0,0.5370370370370371,0,0.0,0.9,0.37962962962962976,0.40000000000000013,0.06349571183533448,4,
303,51,0.7385990963704826,0.7749999999999992,0.3611341241696256,1.0,0.0,7.0,2.5,0,0.46875,1.2,0.5104166666666669,0.5000000000000002,0.0838589256646771,4,
304,20,0.7378608664505911,-1.4500000000000002,0.3606547051136115,1.0,0.0,2.0,0.7358490566037735,0,0.0,1.2999999999999998,0.45471698113207554,0.40000000000000024,0.11119658119658114,4,
305,21,0.7371233743916278,-1.6749999999999998,0.36013780045307453,1.0,0.0,2.0,0.8833333333333333,0,0.7,1.1,0.4766666666666668,0.5000000000000001,0.09481522645179213,4,
306,39,0.7363866194561001,-0.2750000000000004,0.35948689702752945,2.0,0.0,5.0,1.6527777777777777,0,0.0,1.1,0.42222222222222244,0.4000000000000004,0.07368705382982828,4,
307,27,0.7356506009072533,-0.7250000000000001,0.3588616141557466,1.0,0.0,3.0,1.0,0,0.0,1.1,0.4015151515151517,0.4000000000000002,0.06895292766934558,4,
308,39,0.7349153180090687,0.4499999999999989,0.35791612865484174,1.0,0.0,5.0,1.8725490196078431,0,0.0,1.0000000000000002,0.37745098039215713,0.40000000000000013,0.056457752571373636,4,
309,51,0.7341807700262634,0.1999999999999991,0.3569242353578192,1.0,0.0,7.0,2.4313725490196076,0,0.0,1.0,0.4656862745098041,0.5000000000000001,0.07618283187542053,4,
310,26,0.7334469562242892,-1.2749999999999997,0.35642208780061196,1.0,0.0,3.0,1.1016949152542372,0,0.22033898305084745,1.2,0.5152542372881357,0.5000000000000001,0.11895402298850569,4,
311,75,0.7327138758693325,0.950000000000002,0.35550669347424807,2.0,0.0,11.0,4.064814814814815,0,0.0,1.0000000000000004,0.40925925925925977,0.40000000000000063,0.05769699048272316,4,
312,15,0.7319815282283126,-1.1500000000000001,0.35502600210426327,1.0,0.0,1.0,0.4074074074074074,0,0.0,0.7000000000000001,0.301851851851852,0.30000000000000016,0.04982847341337907,4,
313,51,0.731249912568882,0.2499999999999991,0.35413784417360944,2.0,0.0,7.0,2.5157894736842104,0,0.09473684210526316,1.4,0.522105263157895,0.5000000000000003,0.10447030141843967,4,
314,51,0.7305190281594249,-0.35000000000000075,0.3533820983298858,1.0,0.0,7.0,2.488095238095238,0,0.0,1.3000000000000003,0.4690476190476192,0.5000000000000001,0.08905457122608078,4,
315,39,0.7297888742690568,-5.551115123125783e-17,0.3525107258947529,1.0,0.0,5.0,1.9791666666666667,0,0.19791666666666666,1.2000000000000002,0.497916666666667,0.5000000000000002,0.076462289744981,4,
316,15,0.7290594501676237,-1.7249999999999999,0.3520556945732476,1.0,0.0,1.0,0.3958333333333333,0,0.0,0.9,0.3583333333333335,0.40000000000000013,0.06370820668693007,4,
317,44,0.7283307551257017,-0.10000000000000064,0.3514144573945132,2.0,0.0,6.0,2.272727272727273,0,0.0,1.5999999999999992,0.6090909090909088,0.5000000000000002,0.1865721997300943,4,
318,27,0.7276027884145955,0.14999999999999997,0.35047613704979563,1.0,0.0,3.0,1.5666666666666667,0,0.1,1.2,0.5144444444444445,0.5000000000000001,0.10724904309173967,4,
319,75,0.7268755493063382,2.650000000000003,0.3490583083618477,2.0,0.0,11.0,4.407407407407407,0,0.0,1.5,0.49691358024691373,0.5000000000000001,0.09375947871813428,4,
320,141,0.7261490370736909,3.4000000000000066,0.3477097666044332,2.0,0.0,22.0,9.28735632183908,0,0.0,1.3000000000000007,0.5005747126436785,0.5000000000000003,0.0867266721717589,4,
321,62,0.7254232509901412,2.774999999999999,0.34642279455933433,2.0,0.0,9.0,3.5369127516778525,0,0.7449664429530202,1.3999999999999995,0.6087248322147649,0.6000000000000001,0.11811711711711696,4,
322,21,0.7246981903299029,-1.025,0.34600897133644937,2.0,0.0,2.0,0.6296296296296297,0,0.0,0.9,0.36851851851851863,0.40000000000000013,0.06069639794168096,4,
323,33,0.7239738543679153,-0.8000000000000003,0.34534223081565385,1.0,1.0,4.0,1.3055555555555556,0,0.1111111111111111,1.2,0.41388888888888914,0.4000000000000002,0.08398996720046303,4,
324,33,0.7232502423798424,-0.4500000000000005,0.34476590564679,2.0,0.0,4.0,1.5138888888888888,0,0.2222222222222222,1.3,0.488888888888889,0.5000000000000001,0.10628593478680298,4,
325,21,0.7225273536420722,-1.1749999999999998,0.34425804732740034,1.0,0.0,2.0,0.7666666666666667,0,0.11666666666666667,1.1,0.40666666666666673,0.40000000000000013,0.08064462350652958,4,
326,33,0.7218051874317158,0.42499999999999943,0.343413559023665,2.0,0.0,4.0,2.0,0,0.21782178217821782,1.4000000000000001,0.5772277227722773,0.6000000000000001,0.10652156862745096,4,
327,21,0.721083743026607,-0.7999999999999998,0.34288821121544316,1.0,0.0,2.0,1.106060606060606,0,0.0,1.2000000000000002,0.5196969696969698,0.5000000000000001,0.11281974741676233,4,
328,32,0.7203630197053014,-0.6250000000000004,0.3423155890886085,1.0,0.0,4.0,1.5194805194805194,0,0.16883116883116883,1.2999999999999996,0.5623376623376622,0.6000000000000001,0.13068151147098506,4,
329,27,0.7196430167470754,-1.6653345369377348e-16,0.3415866678760303,2.0,0.0,3.0,1.25,0,0.15476190476190477,1.2,0.411904761904762,0.40000000000000013,0.08367965981573351,4,
330,56,0.7189237334319262,1.2499999999999993,0.3405121701855939,2.0,0.0,8.0,3.295302013422819,0,1.2483221476510067,1.4,0.6530201342281878,0.6999999999999991,0.12424144144144139,4,
331,21,0.7182051690405703,-0.8500000000000002,0.34008206035000144,2.0,0.0,2.0,0.85,0,0.21666666666666667,1.1,0.3966666666666668,0.40000000000000013,0.08067796610169489,4,
332,15,0.7174873228544433,-1.575,0.3397508505215356,2.0,0.0,1.0,0.16666666666666666,0,0.0,0.7000000000000001,0.3023809523809525,0.30000000000000016,0.055025524673851384,4,
333,32,0.716770194155699,-0.5250000000000004,0.33920592804217264,1.0,0.0,4.0,1.6753246753246753,0,0.2857142857142857,1.2999999999999998,0.5155844155844156,0.5000000000000002,0.10470985155195678,4,
334,51,0.7160537822272085,0.6999999999999993,0.33843893436901146,1.0,0.0,7.0,2.3055555555555554,0,0.0,0.9000000000000005,0.42037037037037067,0.40000000000000047,0.052922918631569914,4,
335,45,0.7153380863525599,2.0499999999999985,0.3375565077903733,3.0,0.0,6.0,2.963768115942029,0,0.35507246376811596,1.3000000000000003,0.4833333333333336,0.5000000000000001,0.07124770256787269,4,
336,21,0.7146231058160573,-1.225,0.3372230260292473,1.0,0.0,2.0,0.6296296296296297,0,0.0,1.1,0.36851851851851863,0.3500000000000002,0.07848027444253859,4,
337,38,0.71390883990272,-0.6500000000000006,0.33685229087502777,1.0,0.0,5.0,1.9156626506024097,0,0.5060240963855421,1.4,0.5831325301204817,0.5999999999999993,0.1317828106852496,4,
338,39,0.7131952878982822,-0.55,0.33626850502608474,1.0,1.0,5.0,1.7179487179487178,0,0.10256410256410256,1.2000000000000002,0.4243589743589745,0.40000000000000024,0.07800920598388952,4,
339,15,0.7124824490891918,-1.4999999999999998,0.3358789142092299,1.0,0.0,1.0,0.6111111111111112,0,0.0,1.2,0.4240740740740742,0.40000000000000013,0.09445283018867923,4,
340,21,0.7117703227626097,-0.7749999999999999,0.335441056856319,1.0,0.0,2.0,0.9242424242424242,0,0.0,1.1,0.4106060606060608,0.4000000000000002,0.07429850746268656,4,
341,21,0.7110589082064097,-1.4749999999999999,0.3351759371602455,1.0,0.0,2.0,0.5625,0,0.2708333333333333,1.1,0.38333333333333347,0.40000000000000013,0.08267477203647414,4,
342,63,0.7103482047091773,0.9999999999999998,0.3344041752681443,1.0,0.0,9.0,3.1481481481481484,0,0.0,1.1000000000000003,0.4592592592592596,0.5000000000000001,0.05871559633027523,4,
343,57,0.7096382115602087,0.574999999999999,0.3339161780783657,1.0,0.0,8.0,3.019607843137255,0,0.0784313725490196,1.2000000000000002,0.5362745098039217,0.5500000000000002,0.08898683072190712,4,
344,75,0.7089289280495107,0.5250000000000015,0.33311935364571055,3.0,0.0,11.0,4.149122807017544,0,0.06140350877192982,1.6,0.5429824561403509,0.5000000000000001,0.12017929973066557,4,
345,15,0.7082203534678,-1.5999999999999999,0.33277082437444816,1.0,0.0,1.0,0.16666666666666666,0,0.0,0.7000000000000001,0.3023809523809525,0.30000000000000016,0.055025524673851384,4,
346,27,0.7075124871065016,-1.0499999999999998,0.33235850262286193,1.0,0.0,3.0,0.9166666666666666,0,0.0,1.0,0.37666666666666687,0.40000000000000013,0.06814115031953319,4,
347,27,0.7068053282577494,-0.8500000000000005,0.3319579420954836,1.0,0.0,3.0,1.2575757575757576,0,0.3333333333333333,1.2,0.5015151515151516,0.5000000000000002,0.10047531572904704,4,
348,45,0.7060988762143844,0.44999999999999946,0.33122580237576926,3.0,0.0,6.0,2.6134453781512605,0,1.0672268907563025,1.5,0.5478991596638656,0.5000000000000001,0.10804943502824856,4,
349,27,0.7053931302699543,-0.32499999999999996,0.33063245504482147,2.0,0.0,3.0,1.3214285714285714,0,0.15476190476190477,1.1,0.4547619047619049,0.5000000000000001,0.0722494684620836,4,
350,15,0.7046880897187134,-1.65,0.330312619261799,1.0,0.0,1.0,0.19047619047619047,0,0.0,0.7000000000000001,0.31666666666666676,0.30000000000000016,0.05475326148610323,4,
351,15,0.703983753855621,-1.4000000000000001,0.33007206470065953,1.0,0.0,1.0,0.3333333333333333,0,0.0,0.7000000000000001,0.3208333333333335,0.3000000000000002,0.05167173252279635,4,
352,57,0.7032801219763409,2.674999999999998,0.32908576166132664,1.0,0.0,8.0,2.9133333333333336,0,0.0,1.2000000000000004,0.448666666666667,0.4000000000000007,0.07450153340148451,4,
353,44,0.7025771933772416,-0.17500000000000038,0.32859009473911227,1.0,1.0,6.0,2.340909090909091,0,0.2159090909090909,1.6,0.655681818181818,0.6000000000000001,0.16862585561152,4,
354,44,0.701874967355394,0.1999999999999998,0.32790472729828696,2.0,0.0,6.0,2.376237623762376,0,0.1782178217821782,1.6999999999999997,0.6722772277227721,0.6000000000000001,0.20519215686274483,4,
355,33,0.7011734432085724,-0.575,0.32750365469072995,1.0,0.0,4.0,1.2777777777777777,0,0.25,1.1,0.3972222222222225,0.4000000000000002,0.06583831757669302,4,
356,105,0.7004726202352524,2.9250000000000047,0.3263997135679505,1.0,0.0,16.0,6.086206896551724,0,0.7873563218390804,1.3000000000000003,0.5660919540229887,0.6000000000000001,0.09270388109000821,4,
357,27,0.699772497734611,0.2749999999999996,0.3259954906139726,2.0,0.0,3.0,1.2820512820512822,0,0.2564102564102564,1.2000000000000002,0.4397435897435899,0.4000000000000003,0.08471642281768862,4,
358,27,0.6990730750065257,-1.025,0.3256490694174334,1.0,0.0,3.0,1.0606060606060606,0,0.36363636363636365,1.2000000000000002,0.4378787878787881,0.4000000000000004,0.08388748564867966,4,
359,21,0.6983743513515736,-1.0749999999999997,0.32528033224686814,1.0,0.0,2.0,0.8166666666666667,0,0.0,1.0,0.3766666666666668,0.40000000000000013,0.06614059460961377,4,
360,63,0.697676326071031,1.775,0.32450470852199287,2.0,0.0,9.0,3.717391304347826,0,0.4927536231884058,1.2999999999999998,0.49202898550724644,0.5000000000000001,0.08537572861418888,4,
361,68,0.6969789984668727,1.1749999999999987,0.32362556953148636,2.0,0.0,10.0,3.7846153846153845,0,0.27692307692307694,1.6,0.6492307692307691,0.6000000000000001,0.13235339369193436,4,
362,15,0.696282367841771,-1.125,0.3232949469674258,2.0,0.0,1.0,0.3958333333333333,0,0.0,1.0,0.35833333333333345,0.35000000000000014,0.07371254884932694,4,
363,27,0.6955864334990951,-0.9500000000000002,0.3228185728160044,1.0,1.0,3.0,1.2987012987012987,0,0.922077922077922,1.2999999999999998,0.4610389610389612,0.40000000000000024,0.10499325236167335,4,
364,15,0.6948911947429106,-1.7000000000000002,0.3226123428838899,1.0,0.0,1.0,0.21428571428571427,0,0.0,0.7000000000000002,0.33095238095238105,0.3000000000000002,0.05693136698808847,4,
365,27,0.6941966508779789,-0.6749999999999998,0.3222205128288923,1.0,0.0,3.0,1.5714285714285714,0,0.19480519480519481,1.6999999999999997,0.5857142857142856,0.5999999999999994,0.1583940620782725,4,
366,51,0.6935028012097558,0.34999999999999987,0.32182779451227234,2.0,0.0,7.0,2.3555555555555556,0,0.0,1.0000000000000004,0.427777777777778,0.4000000000000006,0.07023706630448205,4,
367,21,0.6928096450443917,-0.95,0.3214230195227755,1.0,0.0,2.0,0.6666666666666666,0,0.0,0.8000000000000002,0.3466666666666668,0.3500000000000002,0.053837176993609334,4,
368,56,0.6921171816887304,2.2499999999999982,0.32063245895833864,3.0,0.0,8.0,3.3587786259541983,0,0.5343511450381679,2.299999999999999,0.7908396946564881,0.7000000000000001,0.29062004662004626,4,
369,45,0.6914254104503085,-0.5750000000000004,0.32014802825522903,1.0,0.0,6.0,2.1923076923076925,0,0.08974358974358974,1.1,0.5243589743589745,0.6000000000000001,0.10314154200230147,4,
370,122,0.6907343306373547,4.100000000000006,0.31917628417606414,2.0,0.0,19.0,7.582089552238806,0,1.955223880597015,1.9999999999999982,0.855721393034825,0.8000000000000002,0.2038653465346531,4,
371,33,0.690043941558789,-0.425,0.31867769364594345,1.0,0.0,4.0,1.7228915662650603,0,0.5301204819277109,1.7000000000000002,0.5759036144578314,0.6000000000000001,0.1416085946573751,4,
372,56,0.6893542425242224,0.09999999999999898,0.3180590562589018,1.0,0.0,8.0,3.303370786516854,0,0.0898876404494382,1.5999999999999988,0.7561797752808981,0.7999999999999997,0.21956818181818136,4,
373,99,0.6886652328439558,1.9250000000000032,0.31732899816008475,1.0,0.0,15.0,5.946969696969697,0,0.0,1.1,0.46212121212121265,0.5000000000000001,0.06735694197325373,4,
374,27,0.6879769118289795,-1.225,0.31704022362405015,1.0,0.0,3.0,0.9166666666666666,0,0.0,1.1,0.3766666666666668,0.40000000000000013,0.07414281744929146,4,
375,33,0.6872892787909722,-0.3750000000000002,0.3165452241765515,1.0,0.0,4.0,1.5777777777777777,0,0.5666666666666667,1.1,0.44111111111111134,0.45000000000000034,0.07198543030003703,4,
376,26,0.686602333042301,-1.7249999999999999,0.3162291236545218,1.0,0.0,3.0,1.0754716981132075,0,0.1320754716981132,1.7000000000000002,0.5339622641509434,0.4999999999999999,0.18457264957264957,4,
377,38,0.6859160738960202,-0.30000000000000043,0.315774611140224,1.0,0.0,5.0,1.8051948051948052,0,0.0,1.2999999999999998,0.5077922077922079,0.5000000000000001,0.10177462887989203,4,
378,62,0.6852305006658703,1.4499999999999977,0.31499211416223527,1.0,0.0,9.0,3.927007299270073,0,0.7372262773722628,1.4,0.6445255474452553,0.6999999999999993,0.11240302642796243,4,
379,39,0.6845456126662782,-0.27500000000000036,0.31450547951574165,1.0,1.0,5.0,2.337078651685393,0,0.6966292134831461,1.2999999999999998,0.6348314606741573,0.7000000000000001,0.11464393939393937,4,
380,27,0.6838614092123558,-1.5,0.3141994832157222,1.0,0.0,3.0,0.9074074074074074,0,0.0,1.1,0.401851851851852,0.40000000000000013,0.07946826758147513,4,
381,86,0.6831778896198997,1.8250000000000035,0.3136514441335989,1.0,0.0,13.0,5.068702290076335,0,0.0,1.5999999999999988,0.6854961832061065,0.6999999999999984,0.16124941724941697,4,
382,27,0.6824950532053901,-1.0999999999999999,0.313359208556511,1.0,1.0,3.0,1.352112676056338,0,0.8309859154929577,1.4,0.5549295774647889,0.6000000000000001,0.11996428571428569,4,
383,45,0.6818128992859905,1.124999999999999,0.3127554677669392,2.0,0.0,6.0,2.6,0,0.058333333333333334,1.2,0.4983333333333335,0.5000000000000001,0.09150357663726644,4,
384,68,0.6811314271795471,1.124999999999998,0.3120170916197089,2.0,0.0,10.0,4.008,0,0.552,2.4,0.8071999999999994,0.6999999999999975,0.36741167434715777,4,
385,27,0.6804506362045877,-1.375,0.3117349765422731,1.0,0.0,3.0,1.0833333333333333,0,0.5666666666666667,1.1,0.4766666666666668,0.5000000000000001,0.098816337871631,4,
386,57,0.679770525680321,0.6250000000000004,0.31121877619411586,2.0,0.0,8.0,2.8703703703703702,0,0.4722222222222222,1.2000000000000002,0.525925925925926,0.5000000000000002,0.09192832032924632,4,
387,50,0.6790910949266368,0.29999999999999916,0.31072794802990567,1.0,0.0,7.0,2.7009345794392523,0,0.5887850467289719,1.7000000000000002,0.6205607476635513,0.6000000000000001,0.13491614255765194,4,
388,44,0.678412343264104,0.4749999999999991,0.31022096351672507,1.0,0.0,6.0,2.4356435643564356,0,0.1782178217821782,1.4000000000000004,0.6366336633663366,0.6999999999999997,0.119956862745098,4,
389,15,0.6777342700139711,-1.65,0.30997781635248023,2.0,0.0,1.0,0.3125,0,0.14583333333333334,0.7000000000000001,0.30833333333333346,0.30000000000000016,0.05203647416413374,4,
390,27,0.6770568744981647,-1.1249999999999998,0.30963814028982356,2.0,0.0,3.0,1.25,0,0.4305555555555556,1.1,0.4805555555555557,0.5000000000000001,0.08602739726027396,4,
391,57,0.6763801560392891,1.5499999999999994,0.3089693732432489,2.0,0.0,8.0,2.7142857142857144,0,0.373015873015873,1.2,0.39603174603174623,0.4000000000000002,0.0673694488188976,4,
392,62,0.675704113960626,-0.30000000000000104,0.3087208347812653,1.0,0.0,9.0,3.6853932584269664,0,0.07865168539325842,1.5999999999999996,0.6685393258426959,0.6000000000000001,0.17858333333333318,4,
393,39,0.6750287475861332,0.1999999999999994,0.30834732403442566,2.0,0.0,5.0,2.1176470588235294,0,0.12745098039215685,1.2,0.4892156862745099,0.5000000000000001,0.08783331731231374,4,
394,57,0.6743540562404442,0.474999999999999,0.3078387332637967,1.0,0.0,8.0,2.784313725490196,0,0.0,1.1,0.4656862745098041,0.5000000000000001,0.07382966451985004,4,
395,50,0.6736800392488677,-0.02500000000000069,0.30746527823507924,1.0,0.0,7.0,2.707865168539326,0,0.19101123595505617,1.4999999999999987,0.675280898876404,0.6000000000000002,0.17761363636363614,4,
396,21,0.6730066959373864,-0.8500000000000003,0.30717606605461933,1.0,0.0,2.0,0.9583333333333334,0,0.19444444444444445,1.0,0.3555555555555557,0.3500000000000002,0.058869380667567035,4,
397,39,0.6723340256326572,-0.9250000000000007,0.3067475053060583,1.0,0.0,5.0,1.8194444444444444,0,0.0,1.2,0.5222222222222224,0.55,0.10591549295774644,4,
398,9,0.6716620276620098,-2.275,0.3065978975747369,1.0,0.0,0.0,0.0,0,0.0,0.7000000000000001,0.3111111111111112,0.30000000000000016,0.058810810810810805,4,
399,44,0.6709907013534459,-0.7999999999999998,0.306212079934309,1.0,0.0,6.0,2.4507042253521125,0,0.19718309859154928,2.0,0.6901408450704222,0.6000000000000001,0.26939285714285705,4,
400,27,0.6703200460356393,-0.675,0.3058666295907531,1.0,0.0,3.0,1.0757575757575757,0,0.0,0.9000000000000002,0.3924242424242427,0.40000000000000024,0.06526061997703789,4,
401,44,0.6696500610379346,-0.14999999999999986,0.3054762727101886,1.0,0.0,6.0,2.2771084337349397,0,0.26506024096385544,1.7999999999999998,0.6337349397590357,0.5999999999999991,0.19744483159117285,4,
402,38,0.6689807456903467,-0.12500000000000072,0.3050983807704422,1.0,0.0,5.0,1.9325842696629214,0,0.5842696629213483,1.3999999999999995,0.5202247191011236,0.5000000000000001,0.12567424242424233,4,
403,21,0.6683120993235603,-0.5000000000000002,0.3048104304680762,2.0,0.0,2.0,0.8,0,0.0,1.1,0.3666666666666668,0.35000000000000014,0.07557654904140039,4,
404,21,0.6676441212689289,-1.3499999999999996,0.3046090952947016,3.0,0.0,2.0,0.5416666666666666,0,0.0,0.8000000000000003,0.37083333333333346,0.40000000000000013,0.062092922275293096,4,
405,27,0.6669768108584744,-0.55,0.30419422685446645,1.0,0.0,3.0,1.0897435897435896,0,0.0,0.8000000000000003,0.3705128205128207,0.40000000000000013,0.05311359526549399,4,
406,63,0.6663101674248864,0.95,0.30366716681244743,2.0,0.0,9.0,3.287037037037037,0,0.0,1.4,0.5425925925925927,0.55,0.09411986624367653,4,
407,45,0.6656441903015212,0.8249999999999993,0.30319274602717705,1.0,0.0,6.0,2.543859649122807,0,0.631578947368421,1.1,0.4956140350877195,0.5000000000000002,0.07674105425163523,4,
408,87,0.6649788788224019,2.0750000000000046,0.30275976981401614,2.0,0.0,13.0,4.72463768115942,0,0.572463768115942,1.1000000000000005,0.47028985507246407,0.5000000000000001,0.07151236674893666,4,
409,57,0.6643142323222168,0.9499999999999994,0.3021880585149175,1.0,0.0,8.0,2.9916666666666667,0,1.1583333333333334,1.3,0.6133333333333335,0.6000000000000003,0.10166261545940684,4,
410,45,0.6636502501363194,0.5249999999999999,0.3016716261981486,2.0,0.0,6.0,2.4526315789473685,0,0.07368421052631578,1.6999999999999997,0.5347368421052631,0.5000000000000001,0.14923093971631188,4,
411,51,0.6629869316007274,0.6749999999999992,0.3011285664555008,2.0,0.0,7.0,2.549019607843137,0,0.0,1.5,0.5009803921568629,0.5000000000000001,0.10795059117562238,4,
412,68,0.6623242760521222,1.3999999999999981,0.3005688684223475,2.0,0.0,10.0,4.370629370629371,0,0.8601398601398601,1.6999999999999997,0.741258741258741,0.7000000000000001,0.1547388497652581,4,
413,45,0.6616622828278483,0.5999999999999992,0.30006242997669225,1.0,0.0,6.0,2.2254901960784315,0,0.0,1.0,0.41274509803921594,0.4000000000000003,0.05915697394982215,4,
414,21,0.6610009512659124,-1.05,0.29979491451446144,1.0,0.0,2.0,0.75,0,0.0,0.7000000000000002,0.3366666666666668,0.30000000000000027,0.04866907474298416,4,
415,21,0.6603402807049829,-1.0,0.29959612012360415,1.0,0.0,2.0,0.6481481481481481,0,0.0,0.9,0.37962962962962976,0.40000000000000013,0.06349571183533448,4,
416,81,0.659680270484389,1.1250000000000027,0.29913243227763686,2.0,0.0,12.0,4.649122807017544,0,0.0,1.2000000000000006,0.4956140350877197,0.5000000000000002,0.07568834166987304,4,
417,74,0.6590209199441207,2.3250000000000015,0.29836480100650536,2.0,0.0,11.0,3.915492957746479,0,0.5985915492957746,1.5,0.6197183098591549,0.6000000000000001,0.1239835341963001,4,
418,38,0.6583622284248272,0.19999999999999912,0.2979427790484129,2.0,0.0,5.0,2.630630630630631,0,1.2612612612612613,1.6,0.6873873873873871,0.6999999999999993,0.15913311688311685,4,
419,21,0.657704195267817,-1.0750000000000002,0.29767451545991963,2.0,1.0,2.0,0.8833333333333333,0,0.13333333333333333,1.3,0.4766666666666668,0.4500000000000001,0.12082245068074463,4,
420,51,0.6570468198150567,1.1499999999999995,0.2971603170238881,2.0,0.0,7.0,2.7583333333333333,0,0.31666666666666665,1.4,0.4733333333333334,0.4999999999999998,0.09579554135703866,4,
421,21,0.6563901014091712,-1.3499999999999996,0.2970139734663135,1.0,0.0,2.0,0.7592592592592593,0,0.24074074074074073,1.2,0.4462962962962963,0.4000000000000002,0.1084493996569468,4,
422,45,0.6557340393934418,0.9999999999999996,0.2966563943609761,1.0,0.0,6.0,2.2685185185185186,0,0.5,1.3000000000000003,0.4648148148148149,0.4500000000000001,0.0891400154334219,4,
423,93,0.6550786331118063,3.4500000000000015,0.29610037632432995,2.0,0.0,14.0,5.564245810055866,0,0.41899441340782123,1.7999999999999985,0.6726256983240221,0.6000000000000002,0.18154681647940052,4,
424,134,0.6544238819088586,3.175000000000007,0.29544127373598544,2.0,0.0,21.0,9.317365269461078,0,0.11976047904191617,1.6999999999999988,0.8502994011976034,0.899999999999997,0.15831397016637952,4,
425,21,0.6537697851298473,-1.5999999999999999,0.29518933077067233,1.0,1.0,2.0,0.85,0,0.25,1.2,0.4566666666666667,0.4500000000000001,0.10148374548485688,4,
426,21,0.6531163421206756,-1.2000000000000002,0.2949562514547811,1.0,0.0,2.0,0.6833333333333333,0,0.0,1.0,0.3566666666666668,0.3500000000000002,0.06680744651292025,4,
427,32,0.6524635522279004,0.0999999999999992,0.29462110162687716,1.0,0.0,4.0,1.8426966292134832,0,0.42696629213483145,1.2999999999999998,0.5808988764044944,0.6000000000000001,0.12358333333333324,4,
428,39,0.651811414798732,0.4749999999999992,0.29427442029346096,1.0,0.0,5.0,2.1485148514851486,0,0.4158415841584158,1.5999999999999996,0.5534653465346535,0.5000000000000001,0.1417098039215685,4,
429,15,0.6511599291810325,-1.725,0.29412817060074425,1.0,1.0,1.0,0.4791666666666667,0,0.0,1.2,0.40833333333333344,0.40000000000000013,0.09538862353452016,4,
430,69,0.6505090947233165,0.7500000000000009,0.29370923637163576,2.0,0.0,10.0,3.843137254901961,0,0.0,1.4000000000000001,0.5362745098039218,0.5000000000000002,0.11369508795539746,4,
431,33,0.6498589107747496,-0.4499999999999998,0.293356559382266,1.0,0.0,4.0,1.6547619047619047,0,0.34523809523809523,1.2,0.48333333333333345,0.5000000000000001,0.09116371367824234,4,
432,27,0.6492093766851474,-1.6653345369377348e-16,0.2930505796519749,1.0,0.0,3.0,1.3333333333333333,0,0.0,1.1,0.4243589743589745,0.4000000000000002,0.07647049153378267,4,
433,21,0.6485604918049761,-1.0499999999999998,0.2927932506636334,1.0,0.0,2.0,0.803030303030303,0,0.0,0.7000000000000002,0.337878787878788,0.30000000000000027,0.04872789896670493,4,
434,33,0.6479122554853506,-0.2250000000000001,0.2925348322681386,1.0,0.0,4.0,1.358974358974359,0,0.08974358974358974,0.9000000000000005,0.3935897435897438,0.40000000000000024,0.06317442051619267,4,
435,117,0.6472646670780347,3.975000000000003,0.29186395743009635,2.0,0.0,18.0,6.620689655172414,0,0.9556650246305419,1.4,0.6403940886699505,0.6000000000000002,0.09649873810910498,4,
436,50,0.6466177259354396,1.0999999999999992,0.2914329722912624,2.0,0.0,7.0,2.966386554621849,0,0.36134453781512604,1.8999999999999995,0.6235294117647057,0.6000000000000001,0.15861723163841793,4,
437,170,0.6459714314106245,5.000000000000008,0.2904404931773734,2.0,0.0,27.0,11.822660098522167,0,0.0,1.4,0.6315270935960591,0.6000000000000003,0.10186565715395063,4,
438,98,0.6453257828572946,2.5000000000000027,0.2898386913034031,2.0,0.0,15.0,5.690322580645161,0,0.7161290322580646,1.4999999999999993,0.7109677419354831,0.7000000000000001,0.14898268398268372,4,
439,33,0.6446807796298013,-0.1750000000000002,0.28955130300127196,2.0,0.0,4.0,1.6888888888888889,0,0.32222222222222224,1.3,0.4677777777777779,0.4500000000000001,0.10241881713791823,4,
440,105,0.6440364210831414,2.075000000000004,0.2891858900217629,2.0,0.0,16.0,6.409722222222222,0,0.09722222222222222,1.2999999999999998,0.5611111111111111,0.5999999999999999,0.10279816734989142,4,
441,33,0.6433927065729562,0.9499999999999993,0.2888187143516635,1.0,1.0,4.0,2.0353982300884956,0,0.46017699115044247,1.5,0.5212389380530974,0.5000000000000001,0.11407111528822049,4,
442,50,0.6427496354555312,0.5999999999999992,0.2885223187051244,1.0,0.0,7.0,2.869158878504673,0,0.5233644859813084,1.3000000000000003,0.6542056074766355,0.7000000000000001,0.11221174004192867,4,
443,98,0.6421072070877952,2.5250000000000066,0.28823118796482117,3.0,0.0,15.0,6.5036496350364965,0,0.6204379562043796,2.0999999999999988,0.9291970802919696,0.8999999999999992,0.2687968883205451,4,
444,21,0.6414654208273198,-1.275,0.2880271532768902,2.0,0.0,2.0,0.5925925925925926,0,0.0,0.8000000000000003,0.34629629629629644,0.35000000000000026,0.05435677530017152,4,
445,45,0.6408242760323187,1.1499999999999992,0.28772636101873644,1.0,0.0,6.0,2.7681159420289854,0,1.2246376811594204,1.2000000000000002,0.470289855072464,0.5000000000000001,0.08455652995851491,4,
446,39,0.6401837720616471,-0.5250000000000006,0.28750920892760756,1.0,0.0,5.0,1.75,0,0.0,1.1,0.4805555555555558,0.5000000000000002,0.08102643256801081,4,
447,93,0.6395439082748009,1.9000000000000028,0.28697757706767135,2.0,0.0,14.0,5.1521739130434785,0,0.0,1.2000000000000002,0.4659420289855075,0.5000000000000001,0.070365488630993,4,
448,21,0.6389046840319162,-0.37499999999999967,0.28670001091217484,1.0,1.0,2.0,1.3452380952380953,0,0.0,1.2,0.5119047619047621,0.5000000000000002,0.08987101346562718,4,
449,104,0.6382660986937688,2.2500000000000053,0.28647955195726454,2.0,0.0,16.0,6.908396946564886,0,0.0,1.5999999999999996,0.6763358778625949,0.6999999999999987,0.13799766899766885,4,
450,27,0.6376281516217733,-1.0000000000000002,0.28622629527089694,1.0,0.0,3.0,1.25,0,0.0,1.2,0.4805555555555557,0.5000000000000001,0.09769631487555466,4,
451,86,0.6369908421779825,4.325000000000001,0.2853358438658101,2.0,0.0,13.0,5.296137339055794,0,2.1030042918454934,1.5999999999999996,0.6364806866952789,0.6000000000000001,0.11296308576480985,4,
452,21,0.6363541697250871,-1.1749999999999998,0.2851269222828864,1.0,1.0,2.0,0.8833333333333333,0,0.11666666666666667,1.1,0.4166666666666668,0.4000000000000002,0.08241178105029173,4,
453,104,0.6357181336264143,2.9750000000000045,0.28450563736397105,2.0,0.0,16.0,5.791907514450867,0,0.5202312138728323,1.3999999999999995,0.5936416184971096,0.5999999999999995,0.11100374231488899,4,
454,86,0.6350827332459281,2.850000000000004,0.28404964084055184,2.0,0.0,13.0,4.864516129032258,0,0.4774193548387097,1.2999999999999998,0.649032258064516,0.6999999999999997,0.10856809856809846,4,
455,68,0.6344479679482282,1.3499999999999992,0.2836380522303374,1.0,0.0,10.0,3.76,0,0.136,1.8999999999999995,0.7159999999999993,0.699999999999998,0.208717357910906,4,
456,27,0.633813837098549,-1.1249999999999998,0.2833815640458016,1.0,0.0,3.0,1.3055555555555556,0,0.6527777777777778,1.3000000000000003,0.513888888888889,0.5000000000000001,0.10454948871310049,4,
457,33,0.6331803400627598,-0.6250000000000004,0.28319503027750664,1.0,0.0,4.0,1.5,0,0.0,1.2,0.4805555555555557,0.5000000000000001,0.08936137372178274,4,
458,27,0.6325474762073634,-0.8750000000000002,0.2829771268746439,1.0,0.0,3.0,0.9090909090909091,0,0.0,0.8000000000000003,0.34696969696969715,0.35000000000000026,0.05523076923076922,4,
459,63,0.6319152448994959,0.499999999999999,0.2827563265650297,2.0,1.0,9.0,3.4019607843137254,0,0.06862745098039216,1.4,0.5892156862745097,0.6000000000000001,0.11764010381620683,4,
460,51,0.631283645506926,0.8999999999999991,0.28246408274541457,2.0,0.0,7.0,2.9074074074074074,0,0.2962962962962963,1.2999999999999998,0.514814814814815,0.5000000000000002,0.10460430420989446,4,
461,33,0.6306526773980542,-0.3500000000000001,0.2822481863443117,1.0,0.0,4.0,1.3472222222222223,0,0.0,0.9,0.38888888888888906,0.40000000000000013,0.0607215898128497,4,
462,21,0.6300223399419123,-0.8499999999999999,0.28204404674330974,1.0,0.0,2.0,0.8181818181818182,0,0.0,1.1,0.4015151515151516,0.40000000000000013,0.08168312284730193,4,
463,27,0.6293926325081629,-1.6653345369377348e-16,0.28178219594205545,1.0,0.0,3.0,1.2564102564102564,0,0.0,1.1,0.37820512820512836,0.40000000000000013,0.0719727108334703,4,
464,39,0.6287635544670984,0.6499999999999998,0.2815531527676246,2.0,0.0,5.0,1.7142857142857142,0,0.10714285714285714,1.0,0.43333333333333346,0.4500000000000002,0.069851169383416,4,
465,26,0.6281351051896408,-0.7249999999999999,0.28133726742656484,1.0,0.0,3.0,1.1549295774647887,0,0.22535211267605634,1.4,0.495774647887324,0.5000000000000001,0.1178928571428571,4,
466,27,0.6275072840473407,-0.39999999999999986,0.2811279851390964,2.0,0.0,3.0,1.0972222222222223,0,0.0,1.2,0.38888888888888895,0.40000000000000013,0.08405942504341113,4,
467,27,0.626880090412377,0.5749999999999997,0.2808803588110977,1.0,0.0,3.0,1.5294117647058822,0,0.13725490196078433,1.0,0.38333333333333347,0.40000000000000013,0.05904162260886282,4,
468,74,0.6262535236575559,2.350000000000002,0.2805053162365223,2.0,0.0,11.0,4.073529411764706,0,0.6617647058823529,1.4,0.6139705882352942,0.6000000000000001,0.1097372262773722,4,
469,21,0.6256275831563107,-0.39999999999999997,0.2802746903337856,1.0,0.0,2.0,0.7666666666666667,0,0.0,0.9,0.4066666666666668,0.40000000000000024,0.06263962211725478,4,
470,122,0.6250022682827008,3.8500000000000063,0.2798806798326219,2.0,1.0,19.0,7.803468208092486,0,0.0,1.8999999999999972,0.8537572254335245,0.8999999999999979,0.1770582731889863,4,
471,15,0.6243775784114112,-1.75,0.27972559432627386,1.0,0.0,1.0,0.19047619047619047,0,0.0,0.7000000000000001,0.31666666666666676,0.30000000000000016,0.05475326148610323,4,
472,57,0.623753512917752,-0.0750000000000004,0.27941149161168877,2.0,0.0,8.0,2.9404761904761907,0,0.0,1.1000000000000005,0.44047619047619074,0.4000000000000005,0.08075407512402555,4,
473,45,0.6231300711776578,-0.17500000000000066,0.279207578001921,2.0,0.0,6.0,2.0714285714285716,0,0.0,1.1,0.47619047619047633,0.5000000000000001,0.07944436569808647,4,
474,27,0.6225072525676867,-0.7500000000000001,0.2789659001873364,2.0,0.0,3.0,1.2380952380952381,0,0.30952380952380953,1.1,0.4047619047619049,0.40000000000000013,0.06951098511693835,4,
475,69,0.62188505646502,1.150000000000002,0.27855317543974506,2.0,0.0,10.0,3.712962962962963,0,0.6296296296296297,1.1,0.4981481481481483,0.5000000000000002,0.07481779987996225,4,
476,39,0.6212634822474616,-0.6750000000000005,0.2783195797879694,2.0,0.0,5.0,1.7222222222222223,0,0.0,1.1,0.463888888888889,0.5000000000000001,0.0884352691491414,4,
477,140,0.6206425292934373,3.9250000000000074,0.2778075963906764,2.0,0.0,22.0,8.852791878172589,0,0.24873096446700507,1.8999999999999972,0.7893401015228421,0.7999999999999966,0.1788249845392698,4,
478,33,0.6200221969819939,0.4999999999999998,0.27765054806702144,2.0,0.0,4.0,1.875,0,0.4375,1.2,0.5104166666666667,0.5000000000000001,0.09386001085187191,4,
479,27,0.6194024846927992,-1.0750000000000002,0.27747059359355214,1.0,0.0,3.0,0.8518518518518519,0,0.0,1.0,0.36851851851851863,0.40000000000000013,0.06958833619210976,4,
480,27,0.6187833918061408,-0.2749999999999999,0.2772420702650332,1.0,0.0,3.0,1.294871794871795,0,0.46153846153846156,1.1,0.44743589743589757,0.5000000000000001,0.07942955778398814,4,
481,38,0.6181649177029258,0.24999999999999956,0.27699429347169535,2.0,0.0,5.0,1.7746478873239437,0,0.0,1.4,0.5295774647887325,0.5000000000000001,0.11534523809523803,4,
482,27,0.61754706176468,-0.7000000000000001,0.2768401899048092,2.0,0.0,3.0,0.8333333333333334,0,0.0,0.7000000000000003,0.3266666666666669,0.3000000000000003,0.0493025840511253,4,
483,98,0.6169298233735474,4.825000000000004,0.2762626626430928,1.0,0.0,15.0,5.197044334975369,0,0.6600985221674877,1.5,0.5931034482758621,0.6,0.12645796932634434,4,
484,9,0.6163132019122897,-1.8249999999999997,0.2761730126209528,1.0,0.0,0.0,0.0,0,0.0,0.7000000000000001,0.3111111111111112,0.30000000000000016,0.058810810810810805,4,
485,21,0.6156971967642851,-1.3249999999999997,0.276003545274169,1.0,0.0,2.0,0.6111111111111112,0,0.0,0.8000000000000002,0.3574074074074075,0.40000000000000013,0.05542710120068611,4,
486,21,0.6150818073135287,-0.8749999999999999,0.27581263793517724,1.0,0.0,2.0,0.8333333333333334,0,0.0,1.1,0.44666666666666677,0.5000000000000001,0.08451236454570714,4,
487,86,0.6144670329446308,2.9250000000000003,0.2754131199041211,2.0,0.0,13.0,5.4397590361445785,0,1.1626506024096386,1.5999999999999996,0.7506024096385537,0.7999999999999993,0.10852767192886945,4,
488,39,0.6138528730428171,0.09999999999999959,0.2751261828083222,2.0,0.0,5.0,1.9111111111111112,0,0.5333333333333333,1.2000000000000002,0.5611111111111112,0.6000000000000001,0.09838868996172363,4,
489,33,0.6132393269939275,0.12499999999999944,0.2748876506282841,2.0,0.0,4.0,1.5952380952380953,0,0.35714285714285715,1.2000000000000002,0.4904761904761906,0.5000000000000001,0.08706449326718636,4,
490,51,0.6126263941844161,0.9249999999999994,0.2745107833685433,1.0,0.0,7.0,2.3947368421052633,0,0.6228070175438597,1.1,0.43771929824561434,0.4000000000000009,0.07077568295498265,4,
491,33,0.6120140740013499,0.6999999999999995,0.2741893656899907,1.0,0.0,4.0,1.9906542056074767,0,0.12149532710280374,1.2999999999999998,0.5476635514018692,0.5999999999999998,0.10119496855345908,4,
492,27,0.6114023658324087,-1.025,0.27398794287654,2.0,0.0,3.0,1.121212121212121,0,0.0,1.2000000000000002,0.41969696969696985,0.40000000000000013,0.08311595866819746,4,
493,39,0.6107912690658842,0.22499999999999942,0.27369338837002066,2.0,0.0,5.0,1.9,0,0.07777777777777778,1.1000000000000005,0.47444444444444467,0.5000000000000001,0.080134584516607,4,
494,38,0.6101807830906798,1.0249999999999995,0.273368048027805,1.0,0.0,5.0,2.05,0,0.21,1.4,0.583,0.5999999999999998,0.12582358235823574,4,
495,152,0.6095709072963093,4.800000000000006,0.27265176044332917,1.0,0.0,24.0,9.702325581395348,0,0.10232558139534884,1.899999999999999,0.8251162790697653,0.7999999999999957,0.20504802699896132,4,
496,45,0.6089616410728969,0.7749999999999999,0.2723561028712694,1.0,0.0,6.0,2.3627450980392157,0,0.0784313725490196,1.2000000000000002,0.49509803921568646,0.5000000000000002,0.07968951264058444,4,
497,21,0.6083529838111763,-0.9249999999999996,0.2721831749953166,1.0,0.0,2.0,0.8636363636363636,0,0.19696969696969696,1.1,0.42878787878787894,0.4000000000000003,0.07903788748564866,4,
498,68,0.6077449349024902,2.800000000000001,0.27181918001168826,2.0,0.0,10.0,4.0979020979020975,0,0.3076923076923077,1.6,0.5776223776223776,0.5000000000000004,0.12216255868544594,4,
499,39,0.6071374937387897,0.7749999999999987,0.27150374953304346,2.0,1.0,5.0,2.4867256637168142,0,0.23008849557522124,1.9999999999999996,0.6380530973451327,0.6000000000000001,0.21547149122807002,4,
500,200,0.6065306597126334,9.775000000000004,0.27097791919662345,2.0,0.0,34.0,12.87900355871886,0.5988372093023255,0.0,2.099999999999998,0.882206405693948,0.8000000000000003,0.24559397163120442,3,
501,63,0.6059244322171875,2.0249999999999977,0.27056719766940407,2.0,0.0,9.0,3.6933333333333334,0,0.5533333333333333,1.4000000000000004,0.5806666666666668,0.6000000000000001,0.10663096137606115,4,
502,21,0.6053188106462243,-1.0499999999999998,0.27035416024052583,1.0,0.0,2.0,0.8636363636363636,0,0.0,0.8000000000000002,0.37424242424242443,0.40000000000000013,0.05556142365097588,4,
503,68,0.6047137943941221,2.2250000000000023,0.2699522268392473,2.0,1.0,10.0,4.275,0,1.0375,1.6999999999999997,0.6831249999999999,0.6999999999999993,0.15503379038243673,4,
504,51,0.6041093828558647,1.4999999999999987,0.2695746502532335,2.0,0.0,7.0,2.7899159663865545,0,0.5462184873949579,1.4,0.5630252100840337,0.6000000000000001,0.09426977401129938,4,
505,134,0.6035055754270405,3.625000000000007,0.2691378687505087,2.0,0.0,21.0,9.071856287425149,0,0.0,1.3999999999999995,0.7029940119760467,0.7000000000000001,0.12700157773952933,4,
506,68,0.6029023715038421,1.1249999999999978,0.2688058722734885,2.0,0.0,10.0,4.061946902654867,0,0.0,1.8999999999999986,0.7495575221238929,0.6999999999999975,0.22959743107769393,4,
507,27,0.6022997704830654,-0.07500000000000001,0.26863199368689505,1.0,0.0,3.0,1.2564102564102564,0,0.16666666666666666,1.1,0.37820512820512836,0.40000000000000013,0.06735656748314975,4,
508,68,0.6016977717621094,0.6250000000000009,0.268237185099385,2.0,0.0,10.0,3.7815126050420167,0,0.3865546218487395,1.6999999999999984,0.7042016806722686,0.7,0.20075282485875676,4,
509,26,0.6010963747389753,-0.9249999999999999,0.26802770837556833,1.0,0.0,3.0,1.1692307692307693,0,0.0,1.2999999999999998,0.4723076923076924,0.40000000000000024,0.11033617424242417,4,
510,33,0.6004955788122659,-5.551115123125783e-16,0.2678084358130194,1.0,0.0,4.0,1.6753246753246753,0,0.0,1.4,0.5077922077922079,0.5000000000000002,0.10021592442645069,4,
511,68,0.5998953833811855,1.1250000000000018,0.26749122713794216,2.0,0.0,10.0,3.6814159292035398,0,0.0,1.4999999999999996,0.5849557522123893,0.5000000000000002,0.14553728070175423,4,
512,56,0.5992957878455384,0.4749999999999991,0.2672658701127423,1.0,0.0,8.0,3.1782178217821784,0,0.0891089108910891,1.7999999999999985,0.7376237623762373,0.7000000000000001,0.21999215686274476,4,
513,176,0.5986967916057292,6.775000000000012,0.26655371859871363,2.0,0.0,28.0,10.893536121673003,0,0.6615969581749049,1.9999999999999956,0.8593155893536105,0.8,0.24614301411057038,4,
514,68,0.5980983940627613,1.2749999999999988,0.26624990738687165,1.0,0.0,10.0,3.904,0,0.12,1.7000000000000002,0.5719999999999998,0.5000000000000003,0.14650537634408586,4,
515,45,0.5975005946182375,0.8499999999999999,0.26594093609271363,1.0,0.0,6.0,2.196078431372549,0,0.22549019607843138,1.3,0.4656862745098041,0.45000000000000023,0.09383158704219934,4,
516,116,0.596903392674358,5.075000000000005,0.26544497095585773,2.0,0.0,18.0,6.841584158415841,0,0.6089108910891089,2.1999999999999975,0.8277227722772267,0.7999999999999995,0.2059691689336563,4,
517,21,0.596306787633921,-0.6249999999999998,0.26532054200109245,1.0,0.0,2.0,0.803030303030303,0,0.0,1.0,0.39242424242424256,0.40000000000000013,0.06526061997703787,4,
518,153,0.5957107789003212,4.0250000000000075,0.2649763870605724,1.0,0.0,24.0,9.955665024630543,0,1.6403940886699508,1.7000000000000002,0.7172413793103446,0.7,0.12399145796932627,4,
519,99,0.5951153658775501,4.650000000000002,0.2643826973685383,2.0,0.0,15.0,5.451776649746193,0,0.3756345177664975,1.2999999999999998,0.5152284263959394,0.5000000000000002,0.08992269635126773,4,
520,51,0.5945205479701944,2.274999999999999,0.26408901186278183,4.0,0.0,7.0,2.5833333333333335,0,0.26515151515151514,1.0,0.46212121212121243,0.5000000000000001,0.06099294036618261,4,
521,99,0.5939263245834361,4.725000000000003,0.2637074590008681,2.0,0.0,15.0,6.071065989847716,0,0.07614213197969544,1.4999999999999996,0.6005076142131981,0.6000000000000001,0.10015460729746438,4,
522,116,0.593332695123052,3.8250000000000037,0.26320477460900205,2.0,0.0,18.0,6.878947368421053,0,1.5789473684210527,1.6999999999999984,0.782105263157894,0.7999999999999984,0.1612631928862294,4,
523,50,0.5927396589954125,1.2499999999999987,0.26290918834966653,2.0,0.0,7.0,2.7938931297709924,0,0.7022900763358778,1.6999999999999997,0.6122137404580152,0.6000000000000001,0.1546689976689975,4,
524,200,0.5921472156074813,6.525000000000013,0.26237094438790753,2.0,0.0,33.0,14.729613733905579,0.7352941176470589,0.034334763948497854,2.1999999999999984,0.9223175965665211,0.9,0.18139367816091898,3,
525,39,0.5915553643668151,-1.175,0.2622748368708304,1.0,1.0,5.0,1.803030303030303,0,0.12121212121212122,1.2,0.5015151515151516,0.5000000000000001,0.10229391504018367,4,
526,57,0.5909641046815626,2.549999999999998,0.2619403127135948,2.0,0.0,8.0,3.006993006993007,0,0.5314685314685315,1.3000000000000003,0.5272727272727274,0.5000000000000002,0.0980721830985915,4,
527,57,0.5903734359604639,1.974999999999999,0.2616503998937978,1.0,0.0,8.0,3.6594202898550723,0,0.057971014492753624,1.1,0.48333333333333356,0.5000000000000002,0.07820458961298114,4,
528,56,0.5897833576128504,0.4499999999999992,0.26143814336679105,2.0,1.0,8.0,3.0377358490566038,0,0.2830188679245283,1.4999999999999996,0.6603773584905659,0.6499999999999997,0.13297018246550948,4,
529,200,0.5891938690486437,9.200000000000006,0.2606322729736911,2.0,0.0,33.0,12.772727272727273,0.563953488372093,1.5874125874125875,2.199999999999997,0.9391608391608369,0.9,0.1917554862766666,3,
530,104,0.5886049696783552,1.8000000000000058,0.2602629142863068,2.0,0.0,16.0,6.769230769230769,0,0.7972027972027972,1.8999999999999995,0.8209790209790195,0.7999999999999999,0.18963908450704192,4,
531,98,0.5880166589130854,3.650000000000003,0.25984377521395174,2.0,1.0,15.0,6.186046511627907,0,0.6918604651162791,1.7999999999999998,0.8552325581395338,0.8999999999999975,0.20073521955176918,4,
532,33,0.5874289361645234,-0.55,0.25973390092400994,1.0,0.0,4.0,1.3333333333333333,0,0.5454545454545454,1.1,0.437878787878788,0.4500000000000002,0.08388748564867966,4,
533,57,0.5868418008449466,1.0499999999999994,0.25943519572355017,1.0,1.0,8.0,2.962962962962963,0,0.0,1.2,0.4481481481481483,0.40000000000000036,0.08546686101346133,4,
534,99,0.5862552523672196,4.025000000000005,0.2590077915125002,2.0,0.0,15.0,5.295698924731183,0,0.6935483870967742,1.3000000000000003,0.5715053763440863,0.6000000000000001,0.09999739846798666,4,
535,50,0.5856692901447937,0.34999999999999915,0.25881340857623736,2.0,0.0,7.0,2.5473684210526315,0,0.45263157894736844,1.6999999999999997,0.5726315789473683,0.5000000000000001,0.15779476950354596,4,
536,33,0.5850839135917069,0.09999999999999953,0.2586422908703164,2.0,0.0,4.0,1.5238095238095237,0,0.0,1.0000000000000002,0.40476190476190504,0.40000000000000024,0.06236711552090715,4,
537,176,0.5844991221225824,5.525000000000011,0.2583398298809998,1.0,0.0,28.0,11.783185840707965,0,0.10619469026548672,1.6999999999999966,0.7637168141592905,0.7000000000000002,0.15868663729809104,4,
538,33,0.5839149151526287,0.049999999999999656,0.2581503537098016,1.0,0.0,4.0,1.3472222222222223,0,0.0,0.9000000000000005,0.3888888888888892,0.40000000000000024,0.05572062512058654,4,
539,68,0.5833312920976388,2.4249999999999976,0.257777009775743,1.0,0.0,10.0,3.981366459627329,0,0.19875776397515527,1.5,0.5782608695652174,0.5999999999999999,0.10978009259259253,4,
540,68,0.5827482523739896,2.0500000000000003,0.2574642463367544,1.0,0.0,10.0,3.9121621621621623,0,1.1891891891891893,1.7999999999999998,0.6574324324324322,0.6000000000000001,0.16272245811076097,4,
541,51,0.5821657953986414,1.174999999999999,0.2572923351358448,2.0,0.0,7.0,2.6481481481481484,0,0.3055555555555556,1.2000000000000002,0.5925925925925928,0.6000000000000001,0.09736088484952407,4,
542,140,0.5815839205891371,6.225000000000003,0.2566609008978875,2.0,1.0,22.0,8.306122448979592,0,0.9959183673469387,1.7999999999999998,0.8036734693877536,0.7999999999999993,0.1564380914300944,4,
543,33,0.5810026273636019,-0.10000000000000059,0.2565176975950614,1.0,0.0,4.0,1.4615384615384615,0,0.0,0.9000000000000005,0.3628205128205131,0.40000000000000013,0.055678119349005434,4,
544,38,0.5804219151407424,0.9499999999999988,0.25627663908612375,1.0,0.0,5.0,2.289719626168224,0,0.6822429906542056,1.7999999999999998,0.5644859813084111,0.5000000000000002,0.15202306079664563,4,
545,74,0.5798417833398464,2.6999999999999997,0.2559347097809076,2.0,0.0,11.0,4.1610738255033555,0,1.1476510067114094,1.5999999999999992,0.7255033557046976,0.7000000000000001,0.13787927927927912,4,
546,27,0.579262231380782,-0.5250000000000001,0.25577861037268823,2.0,0.0,3.0,1.3214285714285714,0,0.5714285714285714,1.3000000000000003,0.4547619047619049,0.40000000000000024,0.09082352941176469,4,
547,38,0.5786832586839974,0.34999999999999964,0.25564294914776753,1.0,0.0,5.0,2.284090909090909,0,0.4431818181818182,1.6999999999999997,0.6284090909090906,0.5999999999999998,0.16410047785096205,4,
548,33,0.5781048646705196,0.09999999999999987,0.2554747723174334,1.0,0.0,4.0,1.8645833333333333,0,1.3333333333333333,1.3,0.5791666666666667,0.6000000000000001,0.11645360824742262,4,
549,200,0.5775270487619547,10.17500000000001,0.2549944467627726,2.0,0.0,33.0,11.893548387096773,0.4627659574468085,1.435483870967742,2.0999999999999974,0.7812903225806446,0.7000000000000001,0.17636146057711286,3,
550,68,0.5769498103804866,1.6750000000000023,0.2547327931905272,1.0,0.0,10.0,3.864,0,0.0,1.799999999999999,0.7495999999999995,0.7000000000000001,0.17579109062980008,4,
551,123,0.5763731489488771,4.125000000000005,0.25433710571442436,2.0,0.0,19.0,7.544444444444444,0,0.6777777777777778,1.4,0.608888888888889,0.6000000000000001,0.10903546405753263,4,
552,27,0.5757970638904645,-0.8250000000000002,0.2542354610855037,2.0,0.0,3.0,0.7962962962962963,0,0.0,0.7000000000000003,0.33518518518518536,0.3000000000000004,0.05303945111492281,4,
553,44,0.5752215546291638,0.1499999999999992,0.25399231719892335,1.0,0.0,6.0,2.3157894736842106,0,0.2,1.4,0.6168421052631577,0.6000000000000001,0.1431006205673757,4,
554,68,0.5746466205894657,1.2499999999999991,0.2537435247135632,2.0,0.0,10.0,3.7058823529411766,0,0.058823529411764705,1.7000000000000002,0.5983193277310924,0.5999999999999995,0.13899858757062142,4,
555,51,0.574072261196436,0.6499999999999995,0.2535350506478666,1.0,0.0,7.0,2.4166666666666665,0,0.19791666666666666,1.1,0.46041666666666686,0.5000000000000001,0.07990016277807921,4,
556,146,0.5734984758757153,5.725000000000006,0.25299733910420463,3.0,0.0,23.0,8.92056074766355,0,0.9252336448598131,1.4,0.680373831775701,0.7,0.09288786985478759,4,
557,39,0.5729252640535184,0.34999999999999953,0.2528573562190295,1.0,0.0,5.0,1.6,0,0.0,0.9000000000000002,0.3744444444444447,0.4000000000000002,0.05302012594147425,4,
558,200,0.5723526251566332,8.325000000000012,0.25237746347166146,2.0,0.0,34.0,14.548117154811715,0.6959459459459459,0.08786610878661087,2.099999999999995,0.9857740585774031,0.9999999999999979,0.19787640056022315,3,
559,75,0.5717805586124209,3.5250000000000012,0.25206881604130893,2.0,0.0,11.0,4.527777777777778,0,0.9944444444444445,1.2000000000000006,0.5388888888888891,0.5000000000000007,0.08537917836970273,4,
560,38,0.5712090638488149,0.42499999999999966,0.25192344591859317,2.0,0.0,5.0,2.227722772277228,0,0.42574257425742573,1.7999999999999998,0.5772277227722772,0.5000000000000001,0.1623686274509803,4,
561,15,0.5706381402943203,-1.1499999999999997,0.25180844159983223,1.0,0.0,1.0,0.65,0,0.21666666666666667,1.1,0.3966666666666668,0.40000000000000013,0.08067796610169489,4,
562,45,0.5700677873780134,0.5999999999999992,0.2516306588138092,1.0,0.0,6.0,2.2083333333333335,0,0.0,1.2000000000000002,0.485416666666667,0.5000000000000002,0.08000434074877918,4,
563,98,0.5694980045295416,1.9000000000000035,0.2514137553320197,1.0,0.0,15.0,5.929032258064516,0,1.4709677419354839,1.8999999999999995,0.7612903225806442,0.7000000000000001,0.17941225441225428,4,
564,200,0.5689287911791218,10.624999999999996,0.2507933808384619,2.0,0.0,34.0,12.505016722408026,0.5434782608695652,1.4046822742474916,2.2999999999999923,0.9344481605351151,0.8999999999999981,0.27798031319910294,3,
565,63,0.5683601467575404,2.0250000000000004,0.25054175927402406,1.0,0.0,9.0,3.119047619047619,0,0.15079365079365079,1.1,0.43888888888888916,0.40000000000000074,0.06682519685039368,4,
566,200,0.5677920706961532,7.67500000000001,0.25012884492945403,2.0,0.0,34.0,15.07488986784141,0.75,0.0,1.9999999999999991,0.9321585903083677,0.8999999999999997,0.19540133519639763,3,
567,74,0.5672245624268841,1.5750000000000028,0.24987510104714805,2.0,0.0,11.0,4.345132743362832,0,0.0,1.799999999999999,0.6699115044247783,0.6000000000000002,0.16848840852130306,4,
568,33,0.5666576213822246,-0.6749999999999998,0.24971406214091782,1.0,1.0,4.0,1.6666666666666667,0,0.15476190476190477,1.2999999999999998,0.4904761904761905,0.49999999999999994,0.10992487597448614,4,
569,200,0.5660912469952337,8.250000000000005,0.24941157655880086,2.0,0.0,35.0,13.836501901140684,0.6280487804878049,1.0076045627376427,2.799999999999993,1.183269961977183,1.199999999999998,0.3938702868378416,3,
570,39,0.5655254386995371,0.22499999999999964,0.24927949974729924,2.0,0.0,5.0,1.6547619047619047,0,0.08333333333333333,1.1,0.3976190476190478,0.4000000000000002,0.06524167257264349,4,
571,63,0.5649601959293262,0.1500000000000008,0.24906912360617464,2.0,0.0,9.0,3.3777777777777778,0,0.0,1.1,0.44111111111111134,0.4500000000000004,0.06931843437461413,4,
572,57,0.5643955181193583,1.8749999999999993,0.24885607589050746,1.0,0.0,8.0,2.848,0,0.12,1.5,0.48560000000000014,0.5000000000000001,0.10539938556067584,4,
573,33,0.5638314047049556,-0.7000000000000002,0.24872800947411378,1.0,0.0,4.0,1.2777777777777777,0,0.0,1.0,0.39722222222222237,0.40000000000000024,0.06250434111518424,4,
574,200,0.5632678551220046,9.225000000000007,0.2482133904331426,1.0,0.0,33.0,13.115241635687733,0.625,0.0,2.0999999999999988,0.8323420074349421,0.7999999999999968,0.1777296849087888,3,
575,116,0.5627048688069557,3.7000000000000037,0.24787746734259214,2.0,0.0,18.0,7.316770186335404,0,0.08074534161490683,1.8999999999999995,0.731055900621117,0.6999999999999982,0.17730324074074055,4,
576,68,0.5621424451968224,0.8500000000000003,0.24772161084751096,2.0,0.0,10.0,4.092436974789916,0,0.13445378151260504,1.9,0.7394957983193271,0.7999999999999979,0.22240536723163812,4,
577,93,0.5615805837291813,3.3500000000000005,0.24729949370868926,1.0,1.0,14.0,5.5811518324607325,0,1.7486910994764397,1.6,0.6554973821989529,0.6999999999999997,0.11556195175438594,4,
578,33,0.5610192838421706,0.37499999999999967,0.24713011398621554,2.0,0.0,4.0,1.5555555555555556,0,0.07777777777777778,1.1,0.42777777777777787,0.40000000000000024,0.07690455611803923,4,
579,27,0.5604585449744904,-0.7500000000000002,0.24697416113379222,1.0,0.0,3.0,1.5194805194805194,0,0.6103896103896104,1.5,0.5545454545454547,0.5000000000000001,0.13626855600539806,4,
580,92,0.559898366565402,1.5250000000000044,0.24668641388451817,2.0,0.0,14.0,5.785234899328859,0,1.0067114093959733,2.499999999999999,0.9872483221476495,0.8999999999999999,0.44502522522522486,4,
581,92,0.5593387480547268,4.900000000000001,0.2463042051965999,2.0,0.0,14.0,5.278846153846154,0,1.2596153846153846,1.7000000000000002,0.689903846153846,0.6999999999999995,0.14802648914777053,4,
582,27,0.5587796888828463,0.5749999999999998,0.24614657114196714,2.0,0.0,3.0,1.3555555555555556,0,0.16666666666666666,0.8000000000000003,0.387777777777778,0.40000000000000024,0.048189899987652794,4,
583,26,0.5582211884907012,-0.8749999999999999,0.2460360898517794,1.0,0.0,3.0,1.2203389830508475,0,0.11864406779661017,1.6,0.5864406779661016,0.5000000000000002,0.1869885057471263,4,
584,200,0.5576632463197913,8.050000000000004,0.24566504705306433,2.0,0.0,33.0,13.702290076335878,0.6217948717948718,0.816793893129771,2.4999999999999964,1.0824427480916006,0.9999999999999998,0.395117346269829,3,
585,39,0.5571058618121739,0.07499999999999951,0.24552030219383647,1.0,1.0,5.0,1.9,0,0.5111111111111111,1.2000000000000002,0.5144444444444446,0.5000000000000002,0.09124706753920234,4,
586,51,0.5565490344104649,-0.02500000000000069,0.24539015034633613,1.0,0.0,7.0,2.4047619047619047,0,0.0,0.9000000000000002,0.41904761904761934,0.4000000000000006,0.06059815733522324,4,
587,104,0.5559927635578367,5.150000000000003,0.24502363300820773,2.0,1.0,16.0,5.886877828054299,0,0.9276018099547512,1.5999999999999996,0.6085972850678733,0.5999999999999998,0.10621785421785412,4,
588,98,0.5554370486980182,1.8250000000000053,0.2448546351666937,2.0,0.0,15.0,6.664,0,0.0,1.8999999999999995,0.811999999999999,0.7999999999999978,0.2300307219662057,4,
589,63,0.5548818892752949,0.874999999999999,0.24464581096328644,1.0,0.0,9.0,3.2685185185185186,0,0.06481481481481481,1.4,0.5314814814814816,0.5000000000000002,0.09938780759667319,4,
590,200,0.5543272847345071,7.500000000000011,0.24434337872103834,2.0,0.0,33.0,14.92274678111588,0.7352941176470589,0.030042918454935622,2.699999999999998,1.0381974248927015,0.999999999999993,0.3523242705570278,3,
591,68,0.5537732345210501,1.6750000000000018,0.24420137476020662,1.0,0.0,10.0,3.9237288135593222,0,0.06779661016949153,1.4,0.6440677966101694,0.6999999999999997,0.10670976082740787,4,
592,152,0.5532197380808739,5.950000000000006,0.24378780178026033,2.0,0.0,24.0,9.345454545454546,0,0.0,1.7000000000000002,0.723181818181818,0.7000000000000001,0.13032893241595891,4,
593,146,0.5526667948604818,4.350000000000009,0.24346674385931286,2.0,0.0,23.0,9.645320197044335,0,0.0,2.4999999999999964,0.9448275862068944,0.7999999999999944,0.401300718307124,4,
594,27,0.5521144043069306,-0.5500000000000003,0.2433285320123202,1.0,0.0,3.0,1.4415584415584415,0,0.33766233766233766,1.4,0.5077922077922078,0.5000000000000001,0.12203778677462881,4,
595,92,0.5515625658678298,1.250000000000002,0.24313520471129418,2.0,0.0,14.0,5.8671328671328675,0,0.3146853146853147,2.299999999999999,1.0013986013985996,0.9999999999999952,0.42897007042253443,4,
596,51,0.5510112789913407,0.774999999999999,0.24300230153134594,2.0,0.0,7.0,2.488888888888889,0,0.0,1.2000000000000002,0.46777777777777796,0.5000000000000001,0.07441535992097788,4,
597,200,0.5504605431261766,10.12500000000001,0.24259925976551588,2.0,0.0,33.0,12.933544303797468,0.5729166666666666,0.8670886075949367,1.7999999999999932,0.9287974683544279,0.999999999999993,0.1440772119573371,3,
598,116,0.5499103577216016,4.625000000000008,0.24226927886164767,2.0,0.0,18.0,7.447115384615385,0,1.7211538461538463,1.6999999999999993,0.7995192307692298,0.7999999999999987,0.16014770126898262,4,
599,33,0.54936072222743,0.7000000000000002,0.24215155520371995,1.0,0.0,4.0,1.5333333333333334,0,0.23333333333333334,1.2,0.45444444444444465,0.45000000000000023,0.08404617854056054,4,
600,116,0.5488116360940264,3.0500000000000047,0.24187472391871387,1.0,0.0,18.0,7.543624161073826,0,0.0,1.3999999999999995,0.6328859060402683,0.6000000000000001,0.1082522522522522,4,
601,44,0.5482630987723047,1.0499999999999994,0.24166396268737544,2.0,0.0,6.0,2.5535714285714284,0,0.5357142857142857,1.5999999999999996,0.6919642857142856,0.6999999999999998,0.1525368731563421,4,
602,44,0.5477151097137275,1.75,0.24148541584240735,2.0,0.0,6.0,2.940677966101695,0,0.288135593220339,1.4,0.6847457627118643,0.7000000000000001,0.1289291101055806,4,
603,122,0.5471676683703055,6.60000000000001,0.24116844759839967,2.0,0.0,19.0,8.26171875,0,0.93359375,1.7999999999999998,0.7667968749999997,0.7000000000000003,0.1818300144960705,4,
604,27,0.5466207741945976,-0.025000000000000577,0.24105272278339543,2.0,0.0,3.0,1.6265060240963856,0,0.0,1.5,0.5686746987951807,0.6000000000000001,0.11662601626016253,4,
605,32,0.5460744266397094,-0.2999999999999998,0.24093233354266952,1.0,0.0,4.0,1.4225352112676057,0,0.11267605633802817,1.4,0.5126760563380282,0.4999999999999998,0.13634523809523807,4,
606,200,0.5455286251592933,12.075000000000015,0.24052586877711626,3.0,0.0,35.0,12.809798270893372,0.5227272727272727,1.314121037463977,1.9999999999999982,0.9469740634005738,0.9999999999999908,0.19188725001660872,3,
607,200,0.544983369207548,9.449999999999994,0.24023380407174497,2.0,0.0,35.0,14.895397489539748,0.6710526315789473,0.803347280334728,2.799999999999991,1.2092050209204985,1.1999999999999993,0.38577976190475877,3,
608,57,0.5444386582392171,2.8500000000000005,0.24002278034371172,2.0,0.0,8.0,4.441860465116279,0,1.447674418604651,1.6999999999999993,0.809883720930232,0.7999999999999999,0.1653148767873439,4,
609,39,0.5438944917095899,0.9499999999999995,0.23989079262314958,1.0,0.0,5.0,2.1052631578947367,0,0.4105263157894737,1.2999999999999998,0.5157894736842106,0.5000000000000001,0.10723625886524818,4,
610,140,0.5433508690744998,4.250000000000006,0.23964364554320833,2.0,0.0,22.0,9.25,0,0.043478260869565216,1.799999999999999,0.7831521739130427,0.7999999999999974,0.1511880076798107,4,
611,200,0.542807789790324,8.974999999999998,0.23916441706334995,2.0,0.0,36.0,14.244897959183673,0.6987179487179487,0.8734693877551021,2.499999999999996,0.9824489795918354,0.8999999999999984,0.3592489670798333,3,
612,105,0.5422652533139832,5.900000000000002,0.23881984471266565,3.0,0.0,16.0,6.176470588235294,0,0.6923076923076923,1.4000000000000004,0.5407239819004528,0.5000000000000007,0.10060606060606056,4,
613,50,0.541723259102941,1.6249999999999991,0.23866551979575273,1.0,1.0,7.0,2.710280373831776,0,0.0,1.5,0.6261682242990654,0.6000000000000001,0.12455974842767288,4,
614,69,0.5411818066152029,2.0250000000000012,0.2385386932858651,2.0,0.0,10.0,3.5984848484848486,0,0.0,1.3000000000000003,0.4984848484848486,0.5000000000000001,0.08969982207426963,4,
615,200,0.5406408953093166,8.925000000000008,0.23813125575592023,2.0,1.0,35.0,13.32089552238806,0.6309523809523809,0.8880597014925373,1.9999999999999987,0.9384328358208935,0.9,0.23669785444773836,3,
616,98,0.5401005246443706,4.950000000000004,0.23782496431992511,2.0,0.0,15.0,7.168224299065421,0,0.8037383177570093,1.8000000000000003,0.7588785046728969,0.7000000000000001,0.18233169559995616,4,
617,80,0.5395606940799943,2.275000000000001,0.23762301633525437,1.0,1.0,12.0,4.464788732394366,0,0.8380281690140845,1.4,0.6535211267605633,0.6999999999999997,0.10037990378415908,4,
618,200,0.539021403076357,12.800000000000006,0.23716214998878116,2.0,0.0,36.0,13.416167664670658,0.5648148148148148,0.6646706586826348,2.499999999999995,1.1149700598802372,1.0999999999999983,0.3307968266774215,3,
619,92,0.5384826510941678,1.6250000000000036,0.2369567110398263,2.0,0.0,14.0,6.495798319327731,0,0.06722689075630252,2.0999999999999974,0.9915966386554609,0.8999999999999999,0.35474435028248524,4,
620,44,0.5379444375946745,0.024999999999999578,0.23681721482432827,2.0,1.0,6.0,2.6435643564356437,0,1.2178217821782178,1.7999999999999994,0.6900990099009898,0.6999999999999988,0.20823921568627424,4,
621,200,0.5374067620396636,9.225000000000005,0.23647771689089733,2.0,0.0,34.0,13.137546468401487,0.6158536585365854,0.03345724907063197,1.999999999999996,0.8724907063197008,0.8999999999999952,0.21857711442785926,3,
622,200,0.5368696238914595,8.97500000000001,0.23605193623563597,3.0,0.0,34.0,13.866666666666667,0.6136363636363636,2.592982456140351,2.799999999999999,1.4182456140350839,1.4999999999999933,0.40002289963557397,3,
623,57,0.5363330226129241,1.9749999999999992,0.23590553377620335,1.0,1.0,8.0,2.691666666666667,0,0.11666666666666667,1.2000000000000002,0.4333333333333336,0.4000000000000004,0.06806028196402525,4,
624,69,0.535796957667456,3.1750000000000007,0.23567357405527228,1.0,0.0,10.0,4.580459770114943,0,0.20689655172413793,1.2000000000000004,0.5316091954022991,0.5000000000000007,0.07745169281585465,4,
625,81,0.5352614285189903,2.7500000000000013,0.23553807430754733,2.0,0.0,12.0,4.755244755244755,0,0.0,1.5,0.5776223776223776,0.5999999999999999,0.1078961267605633,4,
626,45,0.5347264346319975,2.524999999999999,0.23535571422031998,2.0,0.0,6.0,2.484848484848485,0,0.0,1.1,0.4575757575757578,0.5000000000000001,0.06790105033576305,4,
627,200,0.5341919754714841,9.275000000000006,0.23494652876574973,2.0,1.0,36.0,14.053231939163497,0.6453488372093024,2.3840304182509504,2.79999999999999,1.2311787072243305,1.1,0.453407066851721,3,
628,86,0.5336580505029906,1.950000000000002,0.23473408879799443,1.0,0.0,13.0,4.778523489932886,0,1.1543624161073827,1.3999999999999995,0.6691275167785233,0.6999999999999994,0.10213873873873866,4,
629,200,0.5331246591925921,7.375000000000008,0.23446894037029947,2.0,0.0,33.0,14.944206008583691,0.7352941176470589,0.0,2.099999999999994,1.0510729613733878,1.0999999999999952,0.26722480106100605,3,
630,200,0.5325918010068972,9.400000000000013,0.23406551373470924,3.0,0.0,33.0,13.533557046979865,0.5944444444444444,1.104026845637584,2.6999999999999913,1.2959731543624131,1.3499999999999943,0.452807675416368,3,
631,33,0.5320594754130477,0.4999999999999996,0.23394237851428423,1.0,0.0,4.0,1.4642857142857142,0,0.0,0.9000000000000005,0.3690476190476193,0.40000000000000013,0.05571651311126861,4,
632,33,0.5315276818787179,0.5499999999999994,0.23384103705185139,1.0,0.0,4.0,2.0,0,0.07368421052631578,1.6,0.5978947368421053,0.6,0.16106604609929068,4,
633,200,0.5309964198721143,7.8750000000000115,0.23348926878588297,3.0,0.0,33.0,13.76865671641791,0.65,0.13432835820895522,2.2999999999999976,1.130970149253727,1.0999999999999992,0.2461711429486367,3,
634,75,0.5304656888619749,3.0000000000000004,0.23326074340567043,2.0,0.0,11.0,5.286516853932584,0,1.6348314606741574,1.8999999999999986,0.8314606741573027,0.8,0.1889038285515889,4,
635,200,0.5299354883175685,8.700000000000003,0.23289546617693757,2.0,0.0,34.0,13.701195219123505,0.6578947368421053,0.10756972111553785,1.8999999999999981,0.8262948207171305,0.8,0.14990857142857095,3,
636,86,0.5294058177086945,2.5000000000000027,0.23274092186911663,2.0,0.0,13.0,5.23489932885906,0,0.5838926174496645,1.4999999999999996,0.6771812080536911,0.7000000000000001,0.12270630630630622,4,
637,50,0.5288766765056825,0.4499999999999995,0.23261433962469857,2.0,0.0,7.0,2.8876404494382024,0,0.6067415730337079,2.0999999999999996,0.7426966292134829,0.7000000000000001,0.24921969696969679,4,
638,200,0.528348064179391,8.875000000000004,0.23220270339791022,2.0,1.0,34.0,13.437262357414449,0.675,0.7262357414448669,1.6999999999999997,0.7931558935361208,0.799999999999999,0.14101983576220187,3,
639,152,0.5278199802012077,5.300000000000009,0.23191901574691873,2.0,0.0,24.0,10.110047846889952,0,0.07177033492822966,2.7999999999999976,0.9909090909090884,0.8999999999999944,0.41710393772893684,4,
640,200,0.5272924240430485,10.175,0.2316230629815283,2.0,0.0,34.0,12.389240506329115,0.5051020408163265,2.7753164556962027,2.099999999999992,1.0123417721518957,0.9999999999999997,0.2089953432477076,3,
641,33,0.5267653951773574,0.02499999999999994,0.2315078818147047,1.0,0.0,4.0,1.6444444444444444,0,0.4444444444444444,1.2000000000000002,0.4411111111111113,0.40000000000000024,0.0919878997407087,4,
642,21,0.5262388930771054,-0.9499999999999998,0.23146040494500994,2.0,0.0,2.0,0.6481481481481481,0,0.0,1.1,0.37962962962962976,0.40000000000000013,0.0790566037735849,4,
643,200,0.5257129172157903,9.799999999999988,0.23105647246818678,2.0,0.0,34.0,13.099644128113878,0.5988372093023255,1.302491103202847,2.5999999999999943,1.0145907473309592,0.9,0.3421046099290758,3,
644,200,0.5251874670674361,9.62500000000001,0.2307180960776923,2.0,1.0,34.0,12.173501577287066,0.4642857142857143,2.047318611987382,2.399999999999999,1.0148264984227093,0.999999999999991,0.2878902953586481,3,
645,63,0.5246625421065929,0.6000000000000001,0.230636336819807,2.0,0.0,9.0,3.3529411764705883,0,0.0,1.2999999999999998,0.5598039215686276,0.5999999999999998,0.1126107853503796,4,
646,57,0.5241381418083354,2.6750000000000003,0.23041748614198576,3.0,0.0,8.0,3.506172839506173,0,1.3703703703703705,1.6,0.6228395061728396,0.6000000000000002,0.10534656860877181,4,
647,200,0.5236142656482635,8.725000000000009,0.23013704344079958,2.0,0.0,35.0,14.821011673151752,0.675,0.2801556420233463,3.199999999999994,1.5902723735408508,1.799999999999986,0.684546087693793,3,
648,200,0.5230909131025008,10.924999999999999,0.22986965716984822,2.0,0.0,35.0,13.0,0.5585106382978723,1.2842809364548495,2.6999999999999904,1.2073578595317702,1.1,0.5129950782997725,3,
649,74,0.5225680836476948,2.3000000000000007,0.22966197914217054,1.0,0.0,11.0,4.0134228187919465,0,0.6778523489932886,1.2999999999999998,0.540268456375839,0.5000000000000002,0.0936846846846846,4,
650,200,0.522045776761016,9.975000000000001,0.229329236034885,2.0,0.0,35.0,14.207171314741036,0.6987179487179487,0.0,1.999999999999989,1.0581673306772867,1.0999999999999974,0.19821333333333158,3,
651,200,0.5215239919201575,8.349999999999996,0.22899581459020915,3.0,0.0,35.0,15.372384937238493,0.7094594594594594,0.03347280334728033,3.0999999999999956,1.4953974895397444,1.5999999999999983,0.5968511904761856,3,
652,56,0.5210027286033344,2.9499999999999984,0.22885234785377487,2.0,0.0,8.0,3.4125874125874125,0,0.0,1.9,0.5608391608391607,0.5000000000000002,0.13875293427230037,4,
653,200,0.5204819862892832,8.900000000000002,0.22856463130261664,2.0,0.0,34.0,14.13469387755102,0.6959459459459459,0.02857142857142857,2.0999999999999956,0.9163265306122427,0.9000000000000005,0.22961482073837,3,
654,32,0.5199617644572618,-0.5749999999999998,0.2284794951879543,2.0,0.0,4.0,1.4576271186440677,0,0.11864406779661017,1.6999999999999997,0.5559322033898303,0.5000000000000001,0.17709195402298836,4,
655,200,0.5194420625870482,10.000000000000007,0.22822519609337016,2.0,0.0,35.0,13.24907063197026,0.6071428571428571,0.0,2.3999999999999964,0.9527881040892167,0.8999999999999988,0.31825870646765997,3,
656,188,0.5189228801589404,6.325000000000012,0.22796797184572737,2.0,0.0,30.0,12.991596638655462,0,0.0,2.199999999999997,0.9268907563025194,0.8999999999999997,0.24634005967197975,4,
657,63,0.5184042166537559,0.975000000000001,0.22782955509397007,2.0,0.0,9.0,3.0789473684210527,0,0.6842105263157895,1.2,0.4692982456140352,0.5000000000000001,0.08213389765294343,4,
658,140,0.5178860715528314,8.125000000000005,0.2275140892133954,2.0,0.0,22.0,7.961538461538462,0,1.0104895104895104,1.8000000000000003,0.6874125874125873,0.6999999999999988,0.13592713491044672,4,
659,116,0.5173684443380216,3.8500000000000036,0.22730462606094348,2.0,0.0,18.0,7.256983240223463,0,0.10614525139664804,2.3999999999999964,0.9173184357541883,0.899999999999997,0.31339700374531704,4,
660,200,0.5168513344916992,9.474999999999998,0.2270043156292532,2.0,0.0,36.0,15.112,0.6875,0.852,3.3999999999999893,1.6215999999999948,1.5999999999999972,0.6304235267764233,3,
661,45,0.5163347414967544,1.274999999999999,0.22686952732504842,2.0,0.0,6.0,2.403361344537815,0,0.36134453781512604,1.5,0.5327731092436977,0.5000000000000006,0.09313418079096042,4,
662,87,0.5158186648365941,3.8750000000000027,0.22670196139696458,2.0,0.0,13.0,4.494047619047619,0,0.7976190476190477,1.5,0.48095238095238124,0.49999999999999994,0.09690252630832999,4,
663,200,0.5153031039951417,8.550000000000011,0.22651524438536896,3.0,0.0,33.0,13.686567164179104,0.625,0.7910447761194029,2.8999999999999972,1.1578358208955202,1.0999999999999912,0.45916141069016675,3,
664,200,0.5147880584568362,13.350000000000005,0.22618060374683185,2.0,0.0,34.0,11.543859649122806,0.3373015873015873,3.6766917293233083,1.899999999999996,0.9130325814536325,0.9,0.1938163316582904,3,
665,33,0.5142735277066319,1.3999999999999992,0.22605915470117424,2.0,0.0,4.0,1.803921568627451,0,0.18627450980392157,1.1,0.4421568627450983,0.45000000000000023,0.06460155724310293,4,
666,56,0.5137595112299983,1.6749999999999983,0.2259037161936394,1.0,0.0,8.0,4.015384615384615,0,1.3153846153846154,2.0999999999999996,0.8753846153846149,0.7999999999999986,0.29433457601041446,4,
667,140,0.5132460085129188,4.025000000000008,0.22568033916805344,3.0,0.0,22.0,9.910614525139664,0,0.0,2.299999999999999,1.0547486033519529,1.099999999999993,0.39500374531835053,4,
668,98,0.5127330190418905,4.625000000000004,0.22543630127212552,2.0,0.0,15.0,5.9950495049504955,0,0.8217821782178217,1.7999999999999998,0.7653465346534647,0.7000000000000002,0.16811018797637406,4,
669,200,0.512220542303924,12.300000000000011,0.22501007240874377,2.0,0.0,35.0,12.985795454545455,0.5357142857142857,2.8863636363636362,1.9999999999999964,0.8338068181818173,0.7999999999999997,0.2070121788818668,3,
670,200,0.5117085777865424,10.700000000000005,0.2246003974237732,3.0,0.0,35.0,12.476635514018692,0.5147058823529411,2.05607476635514,2.599999999999991,1.0573208722741405,1.0,0.2924180900621097,3,
671,27,0.5111971249777814,-0.6500000000000004,0.2245417143536475,1.0,0.0,3.0,1.0833333333333333,0,0.0,1.1,0.4766666666666668,0.5000000000000001,0.09481522645179215,4,
672,45,0.5106861833661879,0.674999999999999,0.22446771432825943,1.0,0.0,6.0,2.4842105263157896,0,0.45263157894736844,1.4,0.5536842105263159,0.5999999999999999,0.10460328014184395,4,
673,200,0.5101757524408203,12.974999999999989,0.2240745847544171,3.0,0.0,37.0,12.495750708215297,0.4568965517241379,2.5722379603399435,3.699999999999994,1.3141643059490065,0.9999999999999992,0.9770876669234666,3,
674,200,0.5096658316912476,10.500000000000002,0.22379163220770848,2.0,0.0,36.0,13.453020134228188,0.53125,1.7181208053691275,3.499999999999992,1.5395973154362386,1.2999999999999994,0.892334718421669,3,
675,45,0.5091564206075492,1.7249999999999992,0.22366959704987,1.0,0.0,6.0,2.5,0,0.0,1.1,0.4692982456140353,0.5000000000000001,0.06950134667179683,4,
676,170,0.5086475186803137,6.575000000000008,0.22344476801500118,2.0,0.0,27.0,11.77310924369748,0,0.9537815126050421,2.899999999999995,1.2722689075630214,1.2999999999999952,0.4553734795120292,4,
677,200,0.5081391254006393,9.574999999999998,0.22318816112174084,3.0,0.0,36.0,14.627376425855513,0.6428571428571429,0.779467680608365,3.3999999999999924,1.630418250950566,1.7999999999999967,0.7450170599120933,3,
678,188,0.5076312402601327,11.950000000000019,0.22279972984289176,2.0,0.0,30.0,11.387596899224807,0,1.6330749354005167,2.199999999999999,0.8142118863049085,0.7999999999999984,0.15320989797553536,4,
679,200,0.5071238627509086,8.699999999999992,0.22257449060400872,2.0,0.0,35.0,14.63265306122449,0.6973684210526315,0.0,2.8999999999999995,1.2151020408163251,0.9000000000000005,0.7066000266560011,3,
680,15,0.5066169923655895,-1.425,0.22251637591293982,1.0,0.0,1.0,0.21428571428571427,0,0.0,0.7000000000000002,0.33095238095238105,0.3000000000000002,0.05693136698808849,4,
681,200,0.5061106285973052,9.450000000000003,0.22224455784892486,2.0,0.0,36.0,15.97907949790795,0.7105263157894737,0.0,3.499999999999992,1.8594142259414173,2.09999999999999,0.7292860644257652,3,
682,110,0.5056047709396915,5.475000000000005,0.22199944982656505,2.0,0.0,17.0,8.302521008403362,0,2.273109243697479,2.5000000000000004,0.8537815126050418,0.7999999999999985,0.2721543703546775,4,
683,200,0.5050994188868908,9.924999999999995,0.22167979189760417,2.0,1.0,36.0,13.505454545454546,0.625,0.7527272727272727,3.499999999999992,1.1316363636363609,1.0999999999999948,0.5351153073098449,3,
684,98,0.5045945719335512,4.700000000000004,0.2214636286297113,1.0,0.0,15.0,5.875621890547263,0,0.5970149253731343,1.6999999999999997,0.7273631840796018,0.7000000000000001,0.12109504950495044,4,
685,200,0.5040902295748255,9.600000000000009,0.22123648605669446,2.0,0.0,34.0,12.756849315068493,0.5722222222222222,0.3287671232876712,2.299999999999993,0.9476027397260253,0.9999999999999943,0.25140131123699444,3,
686,200,0.5035863913063714,11.675000000000011,0.22094948659431163,2.0,0.0,34.0,13.373134328358208,0.5673076923076923,1.2477611940298508,2.4,0.9199999999999985,0.899999999999993,0.2482290775591665,3,
687,200,0.5030830566243506,9.624999999999993,0.22069251551668598,4.0,0.0,36.0,14.51526717557252,0.6309523809523809,0.04961832061068702,3.49999999999999,1.5702290076335834,1.4999999999999996,0.7436283379222878,3,
688,45,0.5025802250254283,0.5749999999999993,0.22059347348772335,1.0,0.0,6.0,2.1145833333333335,0,0.0,0.9,0.4291666666666669,0.40000000000000063,0.05519696147585457,4,
689,200,0.502077896006773,9.725000000000007,0.22040195912996716,2.0,0.0,36.0,15.155378486055778,0.7,0.8366533864541833,3.299999999999992,1.6270916334661305,1.6999999999999975,0.6780019047618994,3,
690,200,0.5015760690660555,12.82500000000001,0.22005892063925564,2.0,0.0,33.0,12.468193384223918,0.4221311475409836,3.145038167938931,2.399999999999997,0.9414758269720088,0.8999999999999979,0.20879001346731565,3,
691,200,0.5010747437014489,9.675,0.2197976563245363,2.0,0.0,35.0,13.787072243346008,0.5952380952380952,0.06463878326996197,2.799999999999993,1.153612167300378,0.9999999999999974,0.5293387115429062,3,
692,200,0.5005739194116277,10.374999999999996,0.2195840727182715,2.0,0.0,38.0,14.741818181818182,0.6521739130434783,1.0945454545454545,3.6999999999999886,1.7949090909090863,1.7999999999999994,1.0922067068655368,3,
693,200,0.5000735956957676,8.075000000000014,0.21928820280828604,2.0,0.0,32.0,12.659763313609467,0,3.3461538461538463,3.599999999999999,1.4328402366863868,1.2999999999999994,0.7976563115464389,4,
694,200,0.4995737720535449,10.175000000000008,0.21906123308596487,3.0,0.0,34.0,13.003424657534246,0.5611111111111111,0.9863013698630136,2.29999999999999,1.1469178082191736,1.1999999999999995,0.33694650669105886,3,
695,200,0.49907444798513595,8.325,0.21878999470652277,3.0,0.0,35.0,16.237885462555067,0.75,0.0,2.999999999999993,1.629955947136558,1.699999999999998,0.447569476789315,3,
696,200,0.4985756229912165,12.099999999999987,0.21859768019536568,3.0,0.0,38.0,14.528571428571428,0.6117021276595744,1.5214285714285714,4.299999999999989,1.8582142857142823,1.6499999999999984,1.3700214288447476,3,
697,200,0.4980772965729616,10.550000000000008,0.2182406082357875,3.0,0.0,35.0,13.525597269624573,0.5869565217391305,0.23208191126279865,3.499999999999995,1.3969283276450495,1.0000000000000004,1.0456341440685817,3,
698,200,0.4975794682320448,8.750000000000004,0.2180152375306126,3.0,0.0,35.0,14.510204081632653,0.7105263157894737,0.0326530612244898,2.399999999999999,1.1122448979591792,1.0999999999999992,0.25389510862321596,3,
699,27,0.4970821374706377,-0.8,0.2179508288053617,1.0,0.0,3.0,1.0303030303030303,0,0.0,0.9,0.36515151515151534,0.40000000000000013,0.05682893226176807,4,
700,200,0.49658530379140947,8.625000000000007,0.21767112489640522,2.0,0.0,33.0,13.735074626865671,0.65,1.7798507462686568,2.299999999999993,1.1108208955223848,1.0999999999999992,0.2183560976288921,3,
701,128,0.49608896669752645,9.800000000000008,0.21737241604688037,2.0,0.0,20.0,8.076219512195122,0,2.5304878048780486,1.799999999999999,0.7228658536585365,0.7000000000000001,0.12658198786053546,4,
702,129,0.4955931256926514,6.375000000000003,0.21718384053645898,1.0,0.0,20.0,7.387665198237886,0,0.73568281938326,1.6,0.6281938325991192,0.6000000000000003,0.09559462816332866,4,
703,45,0.4950977802809434,1.9249999999999994,0.21704605171128016,2.0,0.0,6.0,2.6159420289855073,0,0.7463768115942029,1.3,0.4833333333333336,0.5000000000000001,0.07994381137425823,4,
704,200,0.494602929967057,11.724999999999998,0.2167125899792216,2.0,0.0,35.0,13.046052631578947,0.59375,0.930921052631579,2.199999999999995,1.0128289473684189,0.9999999999999981,0.23098923334956303,3,
705,200,0.4941085742561417,14.450000000000014,0.21635712311730154,3.0,0.0,35.0,14.05,0.484375,1.675,2.4999999999999982,0.9407499999999982,0.8999999999999961,0.26556609728810754,3,
706,50,0.4936147126538418,1.4499999999999988,0.2162499388855753,1.0,0.0,7.0,2.5575221238938055,0,0.0,1.5,0.5637168141592921,0.5999999999999995,0.11789630325814528,4,
707,200,0.49312134466629576,9.775000000000002,0.21610960640633198,3.0,0.0,34.0,12.996268656716419,0.6280487804878049,0.7201492537313433,1.6999999999999984,0.7414179104477605,0.7000000000000004,0.15033888865683642,3,
708,200,0.49262846980013547,10.349999999999996,0.21596541969356603,2.0,0.0,36.0,13.84351145038168,0.6428571428571429,0.10305343511450382,2.5999999999999934,1.1396946564885473,1.099999999999998,0.4511026615969548,3,
709,200,0.492136087562486,13.125,0.21567229129484783,3.0,0.0,35.0,13.35135135135135,0.4666666666666667,3.408108108108108,2.999999999999992,1.186486486486484,1.1,0.4834965923783197,3,
710,200,0.4916441974609651,12.024999999999988,0.21533578945837098,3.0,0.0,37.0,13.802588996763754,0.5147058823529411,1.1132686084142396,4.7999999999999945,1.8692556634304183,1.5,1.786872852953492,3,
711,200,0.4911527990036827,8.099999999999994,0.21515115895243253,2.0,0.0,35.0,15.703862660944205,0.7361111111111112,0.0,3.5999999999999943,1.5068669527896958,1.5999999999999974,0.7035709549071574,3,
712,200,0.4906618916992401,9.100000000000001,0.21492113748194974,3.0,0.0,35.0,14.171314741035857,0.6858974358974359,0.0796812749003984,1.9999999999999978,1.0796812749003941,1.1999999999999913,0.2597904761904744,3,
713,200,0.4901714750567302,9.350000000000001,0.2146485861270052,2.0,0.0,35.0,14.03125,0.6875,1.5703125,1.8999999999999915,1.0433593749999963,1.0999999999999952,0.153708247501334,3,
714,200,0.4896815485857362,12.124999999999995,0.21440598559404145,2.0,0.0,36.0,12.70870870870871,0.4629629629629629,1.5945945945945945,3.099999999999992,1.410210210210207,1.2999999999999978,0.6346762499098139,3,
715,200,0.48919211179633154,14.925000000000006,0.21405159873533497,2.0,0.0,38.0,13.851648351648352,0.5368852459016393,1.3241758241758241,3.7999999999999923,1.2052197802197784,0.9999999999999987,0.6829724140533576,3,
716,200,0.4887031641990795,10.975000000000012,0.2138632346838067,2.0,0.0,34.0,13.0527950310559,0.57,0.7546583850931677,1.999999999999997,0.9757763975155251,0.9999999999999982,0.20674440361486296,3,
717,200,0.4882147053050323,12.149999999999988,0.2136181335166146,2.0,0.0,36.0,12.91304347826087,0.5,0.19732441471571907,3.499999999999995,1.263545150501671,0.8000000000000005,0.9376447427293028,3,
718,86,0.4877267346257312,3.650000000000001,0.21350022933670895,1.0,0.0,13.0,5.490683229813665,0,0.3167701863354037,1.9999999999999973,0.8465838509316754,0.8,0.2544236111111104,4,
719,116,0.48723925167320525,6.225000000000002,0.21329304091614804,2.0,0.0,18.0,6.5198237885462555,0,1.47136563876652,1.4,0.6942731277533035,0.7,0.11604875019406914,4,
720,63,0.4867522559599717,3.3249999999999993,0.2131665733431714,1.0,0.0,9.0,4.341040462427745,0,1.5260115606936415,1.7000000000000002,0.6352601156069363,0.6,0.1521144079123228,4,
721,200,0.4862657469990346,11.250000000000002,0.21297960229854213,2.0,0.0,35.0,13.302631578947368,0.59375,2.299342105263158,2.699999999999997,1.166776315789471,1.0999999999999948,0.4058413677433303,3,
722,32,0.485779724303885,-0.9999999999999999,0.2129348711065984,1.0,0.0,4.0,1.7627118644067796,0,0.23728813559322035,2.0,0.7389830508474573,0.6000000000000001,0.34485057471264347,4,
723,200,0.4852941873885002,10.824999999999989,0.2126888560573144,3.0,0.0,37.0,15.380597014925373,0.6590909090909091,0.8171641791044776,4.399999999999988,2.0981343283582046,2.1999999999999913,1.2362450746975113,3,
724,200,0.48480913576734325,10.149999999999995,0.21245574008416196,3.0,0.0,37.0,14.735408560311283,0.6666666666666666,0.8793774319066148,3.8999999999999964,1.5669260700389078,1.1999999999999993,1.086510113856584,3,
725,39,0.48432456895536247,0.6499999999999995,0.21236083781372272,1.0,0.0,5.0,2.0098039215686274,0,0.6568627450980392,1.1,0.45980392156862765,0.5000000000000001,0.07456791310198979,4,
726,200,0.483840486467991,12.424999999999995,0.21212391307870623,2.0,0.0,38.0,13.552901023890785,0.6173469387755102,0.5938566552901023,3.799999999999993,1.2904436860068242,0.8999999999999992,0.9779405460814421,3,
727,200,0.48335688782114633,8.500000000000004,0.21190804541272618,2.0,0.0,35.0,15.223175965665236,0.7361111111111112,0.030042918454935622,2.799999999999996,1.2184549356223136,1.1999999999999922,0.35292771883289,3,
728,200,0.48287377253122976,8.074999999999998,0.2117282255753028,2.0,0.0,34.0,15.768240343347639,0.7357142857142858,0.0,3.3999999999999932,1.5454935622317552,1.4999999999999991,0.676311892130853,3,
729,200,0.4823911401151259,10.299999999999999,0.21146681464480319,2.0,0.0,36.0,13.95890410958904,0.601063829787234,1.606164383561644,3.4999999999999885,1.6010273972602702,1.6999999999999975,0.749357048192059,3,
730,200,0.48190899009020244,12.325000000000006,0.2112375512341798,2.0,0.0,36.0,12.1671826625387,0.5192307692307693,0.7616099071207431,2.5999999999999934,0.8408668730650141,0.7999999999999984,0.22458592132505062,3,
731,200,0.4814273219743092,9.39999999999999,0.2110835916619322,3.0,1.0,35.0,15.015209125475286,0.676829268292683,0.6806083650190115,3.4999999999999907,1.73992395437262,1.999999999999997,0.9627165741383237,3,
732,200,0.480946135285778,12.975000000000001,0.2108735420980086,2.0,0.0,36.0,12.5,0.5,1.5867052023121386,2.7999999999999927,1.0641618497109804,0.9999999999999983,0.3203946038508109,3,
733,200,0.48046542954342225,9.949999999999996,0.21068329009004572,2.0,1.0,33.0,13.435714285714285,0.6309523809523809,1.4142857142857144,2.0999999999999996,1.0546428571428539,1.0999999999999914,0.2255527493973129,3,
734,200,0.479985204266536,10.84999999999999,0.21051865347095808,2.0,0.0,38.0,14.328358208955224,0.6277777777777778,0.746268656716418,4.099999999999991,1.5697761194029825,1.1499999999999988,1.433770658424174,3,
735,200,0.4795054589748941,11.224999999999994,0.21033457088492938,3.0,0.0,36.0,13.42142857142857,0.5833333333333334,0.675,3.4999999999999964,1.2453571428571413,0.8999999999999994,0.945347644740363,3,
736,200,0.4790261931887511,10.075,0.21010980814741026,3.0,0.0,37.0,15.06694560669456,0.7243589743589743,0.0,3.099999999999993,1.297071129707111,1.0999999999999988,0.6827230392156826,3,
737,68,0.4785474064288412,2.3249999999999993,0.20998496960977903,2.0,0.0,10.0,4.153284671532846,0,0.051094890510948905,1.7999999999999998,0.7058394160583935,0.6999999999999982,0.1697559676044328,4,
738,164,0.4780690982163776,10.575000000000017,0.20966629455779912,2.0,0.0,26.0,12.357723577235772,0,4.208672086720867,3.6999999999999966,1.163685636856366,0.9999999999999997,0.5191186839012919,4,
739,63,0.4775912680730521,4.250000000000001,0.20951833226150773,1.0,1.0,9.0,4.057591623036649,0,1.3036649214659686,1.2999999999999998,0.5392670157068065,0.5000000000000006,0.09107839912280694,4,
740,200,0.4771139155210344,9.700000000000001,0.20929470349078771,2.0,0.0,33.0,13.533864541832669,0.6959459459459459,0.0,1.4,0.6541832669322708,0.6999999999999993,0.10447619047619042,3,
741,146,0.47663704008297203,9.77500000000001,0.2091073709035155,2.0,0.0,23.0,10.98136645962733,0,1.5962732919254659,2.0,0.8602484472049678,0.7999999999999992,0.18370108889596146,4,
742,105,0.4761606412819894,2.7000000000000037,0.20896931865544546,1.0,0.0,16.0,6.133333333333334,0,0.16,1.3000000000000012,0.5326666666666673,0.5000000000000011,0.07926974532201438,4,
743,200,0.4756847186416878,9.67499999999999,0.20878777493720668,2.0,0.0,35.0,15.334728033472803,0.6710526315789473,0.029288702928870293,2.699999999999995,1.4728033472803304,1.5999999999999965,0.5293532913165222,3,
744,50,0.47520927168614446,1.8249999999999988,0.20867633552417308,2.0,0.0,7.0,2.893805309734513,0,0.0,1.4999999999999998,0.5743362831858407,0.5999999999999998,0.10580983709273174,4,
745,200,0.4747342999399124,11.549999999999999,0.20841292475497294,2.0,0.0,34.0,12.745980707395498,0.53125,0.7877813504823151,3.0999999999999965,1.164630225080383,0.9999999999999988,0.6714890405293596,3,
746,86,0.4742598029280199,4.850000000000001,0.20830812844417235,2.0,0.0,13.0,5.707692307692308,0,1.4615384615384615,1.4999999999999996,0.6805128205128205,0.6999999999999997,0.11562329055333466,4,
747,200,0.4737857801759698,12.325,0.20800967741405402,2.0,1.0,36.0,12.30030959752322,0.4764150943396226,1.105263157894737,3.0999999999999948,1.043343653250773,0.7999999999999999,0.5459903381642488,3,
748,200,0.4733122312097393,10.325000000000001,0.20777380654430194,2.0,0.0,36.0,14.21875,0.6402439024390244,0.1796875,2.8999999999999915,1.2613281249999977,1.1999999999999975,0.5790211337453236,3,
749,27,0.47283915555577954,0.4999999999999994,0.20769102837421805,1.0,0.0,3.0,1.2857142857142858,0,0.0,0.8000000000000003,0.34761904761904777,0.35000000000000026,0.048215450035435856,4,
750,200,0.4723665527410147,10.524999999999995,0.20749498511597353,3.0,0.0,37.0,14.859315589353612,0.6686046511627907,0.7756653992395437,3.59999999999999,1.7148288973383987,1.6999999999999984,1.007437254221598,3,
751,98,0.471894422292842,7.675000000000006,0.20729705811055288,2.0,0.0,15.0,6.82421875,0,0.59375,1.9999999999999996,0.7105468749999997,0.6999999999999988,0.15618020904859983,4,
752,200,0.4714227637391309,11.974999999999998,0.20713681683852372,2.0,0.0,37.0,13.703832752613241,0.5797872340425532,0.09407665505226481,3.0999999999999868,1.510801393728219,1.6999999999999966,0.7025050990675931,3,
753,200,0.4709515766082228,10.5,0.20693145863899304,3.0,0.0,38.0,15.277551020408163,0.7012195121951219,0.0,3.7999999999999883,1.6020408163265265,1.6999999999999962,0.8522957483673131,3,
754,98,0.47048086042893056,5.650000000000002,0.20675870014945394,2.0,0.0,15.0,6.065573770491803,0,1.0614754098360655,1.9999999999999996,0.7307377049180326,0.6999999999999997,0.2037717309145877,4,
755,200,0.47001061473053796,10.849999999999989,0.20656243997400325,4.0,0.0,37.0,14.944223107569721,0.6646341463414634,0.0,3.799999999999991,1.5721115537848573,1.6999999999999953,1.0073657142857078,3,
756,200,0.46954083904279925,10.674999999999997,0.20639604252715435,3.0,0.0,36.0,13.775665399239545,0.6309523809523809,0.0,2.999999999999992,1.1467680608364987,0.9999999999999952,0.5637904811473485,3,
757,200,0.4690715328959387,10.100000000000001,0.20623042000078787,2.0,1.0,37.0,14.874509803921569,0.6428571428571429,0.1450980392156863,3.399999999999991,1.6309803921568582,1.6999999999999975,0.6821487450787342,3,
758,200,0.46860269582065023,13.17499999999999,0.20601993230630775,5.0,0.0,37.0,14.08904109589041,0.6041666666666666,1.7876712328767124,4.499999999999991,1.6195205479452026,1.2999999999999978,1.3103534944817727,3,
759,200,0.4681343273480965,12.900000000000013,0.20575061480454665,3.0,0.0,35.0,12.84873949579832,0.4605263157894737,1.6470588235294117,2.8999999999999915,1.367507002801117,1.3999999999999972,0.476538980603851,3,
760,200,0.46766642700990924,9.574999999999983,0.205556808191917,3.0,0.0,36.0,15.626050420168067,0.7236842105263158,0.029411764705882353,3.799999999999992,1.6050420168067199,1.4999999999999958,1.0044460921914387,3,
761,200,0.4671989943381879,13.550000000000004,0.20535093594456594,2.0,0.0,36.0,12.530434782608696,0.5,1.8405797101449275,2.5999999999999988,1.0324637681159412,0.8999999999999999,0.3733260518886937,3,
762,200,0.46673202886549986,15.425000000000013,0.20507584000987286,3.0,0.0,37.0,13.984496124031008,0.4921875,2.5968992248062017,2.999999999999989,1.2793281653746735,1.1999999999999997,0.4805577960579001,3,
763,200,0.46626553012487953,10.325000000000001,0.20487889566213532,3.0,0.0,38.0,14.458955223880597,0.6277777777777778,1.007462686567164,3.999999999999989,1.6481343283582053,1.4999999999999984,0.9989283377191082,3,
764,200,0.46579949764982825,15.600000000000009,0.20459644463223514,2.0,0.0,36.0,12.631443298969073,0.4484126984126984,1.1649484536082475,2.599999999999997,1.0749999999999975,0.9999999999999988,0.3406916960602595,3,
765,200,0.4653339309743134,14.399999999999997,0.20441731057417023,2.0,0.0,38.0,13.519174041297935,0.5482456140350878,1.775811209439528,4.099999999999991,1.3825958702064873,1.0999999999999996,1.0100008701705472,3,
766,200,0.46486882963276827,11.175000000000004,0.20419838657912925,4.0,1.0,38.0,14.224832214765101,0.6,1.8724832214765101,3.5999999999999868,1.7932885906040223,1.8999999999999928,0.8026485591702921,3,
767,200,0.46440419316009157,10.850000000000003,0.2040032439317238,2.0,0.0,35.0,13.807142857142857,0.6363636363636364,0.24642857142857144,2.5999999999999894,1.2774999999999956,1.3999999999999921,0.3238193089197536,3,
768,200,0.4639400210916467,16.475,0.2036922634288154,3.0,0.0,38.0,12.470183486238533,0.339041095890411,2.0,3.9999999999999916,1.3006880733944937,1.0,0.8427333175517461,3,
769,15,0.4634763129632616,-0.625,0.20365889592450204,1.0,0.0,1.0,0.4166666666666667,0,0.0,0.8000000000000002,0.37083333333333346,0.40000000000000013,0.062092922275293096,4,
770,81,0.46301306831122807,3.375000000000001,0.20355940962676294,1.0,0.0,12.0,4.5773809523809526,0,0.0,1.0,0.44523809523809565,0.5000000000000001,0.05355065017893204,4,
771,200,0.4625502866723014,10.725000000000007,0.20333983422715807,3.0,0.0,35.0,13.726962457337883,0.6195652173913043,1.2150170648464165,2.9999999999999933,1.2965870307167209,1.1999999999999975,0.5582201099617888,3,
772,200,0.4620879675837,11.799999999999981,0.20315408848241193,2.0,0.0,36.0,13.404109589041095,0.5797872340425532,1.393835616438356,3.299999999999993,1.335958904109586,1.2999999999999994,0.6788176583043005,3,
773,200,0.4616261105831047,10.649999999999993,0.2030240593291886,3.0,0.0,40.0,16.02734375,0.6722222222222223,0.30078125,5.699999999999997,2.318359374999996,1.899999999999998,2.1942667277027486,3,
774,200,0.4611647152086584,10.749999999999996,0.20290085126854826,2.0,0.0,36.0,13.804270462633452,0.55,2.1779359430604983,3.3999999999999897,1.5270462633451922,1.5999999999999974,0.7930863728470058,3,
775,200,0.4607037809989658,9.575000000000003,0.2027690465245721,4.0,0.0,36.0,14.844897959183674,0.6987179487179487,0.08571428571428572,2.9999999999999902,1.3424489795918326,1.2999999999999923,0.6003305344528832,3,
776,200,0.46024330749309256,11.600000000000005,0.20257731156718023,3.0,0.0,37.0,14.19732441471572,0.5459183673469388,0.4080267558528428,4.299999999999992,1.9859531772575203,2.1999999999999953,1.591392393736008,3,
777,200,0.4597832942305652,10.574999999999992,0.20247453345904223,2.0,0.0,37.0,14.557620817843866,0.6704545454545454,2.54275092936803,3.499999999999992,1.5371747211895883,1.5999999999999952,0.87104643449419,3,
778,200,0.45932374075137034,10.700000000000001,0.20227274194976966,2.0,0.0,35.0,13.017123287671232,0.5760869565217391,1.4554794520547945,2.3999999999999995,1.1058219178082165,1.0999999999999999,0.3239082603239367,3,
779,200,0.4588646465959545,10.199999999999989,0.20209561378791646,3.0,0.0,38.0,16.257142857142856,0.7012195121951219,0.0,4.0999999999999925,2.1897959183673428,2.3999999999999932,1.4497567639610742,3,
780,200,0.4584060113052235,10.35,0.2018979747703049,2.0,0.0,36.0,13.680608365019012,0.6428571428571429,0.034220532319391636,2.799999999999995,1.0623574144486672,0.9000000000000002,0.4222013069627548,3,
781,200,0.45794783442054204,15.450000000000003,0.20165108440102325,2.0,0.0,35.0,12.83495145631068,0.4015151515151515,2.0,3.3999999999999932,1.1609223300970861,0.9,0.6539379532587459,3,
782,200,0.45749011548373314,13.275000000000016,0.20138429901137248,2.0,0.0,35.0,14.096590909090908,0.5535714285714286,2.321022727272727,2.4999999999999982,1.1559659090909062,1.1999999999999948,0.2709893222924375,3,
783,87,0.4570328540370779,5.575000000000002,0.20127079616317228,2.0,0.0,13.0,5.6826923076923075,0,0.8365384615384616,1.5000000000000004,0.6581730769230768,0.6000000000000002,0.12503224464322854,4,
784,200,0.4565760496233147,10.675000000000013,0.20103821021197738,3.0,0.0,36.0,13.914473684210526,0.6173469387755102,2.4375,2.6999999999999895,1.277302631578943,1.2999999999999998,0.3863640101715067,3,
785,200,0.4561197017856392,11.774999999999988,0.2008485136791949,2.0,0.0,37.0,14.043636363636363,0.6388888888888888,0.5963636363636363,3.8999999999999932,1.4414545454545429,1.099999999999999,1.1286237173384046,3,
786,200,0.4556638100677035,12.749999999999993,0.20068650303646443,2.0,0.0,36.0,13.00655737704918,0.4948979591836735,0.35737704918032787,3.599999999999991,1.391147540983604,1.0999999999999988,0.9596368679050512,3,
787,200,0.45520837401361586,11.375,0.20049775457914004,2.0,0.0,38.0,14.47148288973384,0.6818181818181818,0.0,3.6999999999999877,1.413688212927752,1.2999999999999963,0.579364735137631,3,
788,200,0.45475339316794017,12.699999999999989,0.20030353445473548,2.0,1.0,38.0,13.427631578947368,0.5673076923076923,0.9407894736842105,4.199999999999993,1.4391447368421033,0.9999999999999999,1.3101594979169982,3,
789,200,0.4542988670756955,14.32500000000001,0.20008637179233427,2.0,0.0,37.0,12.290816326530612,0.3712121212121212,3.11734693877551,3.4999999999999893,1.2499999999999976,1.0999999999999996,0.551789305167798,3,
790,116,0.45384479528235583,8.52500000000001,0.1999217856709826,2.0,0.0,18.0,7.544827586206897,0,1.4551724137931035,2.399999999999998,0.8031034482758616,0.7000000000000001,0.22223439042081333,4,
791,200,0.4533911773338492,11.450000000000005,0.19970654221975204,2.0,0.0,35.0,13.665615141955836,0.57,1.747634069400631,2.899999999999995,1.3763406940063057,1.2999999999999985,0.6030109067749331,3,
792,33,0.4529380127765577,0.6749999999999989,0.199630435179388,1.0,0.0,4.0,2.3482142857142856,0,0.6428571428571429,1.8999999999999995,0.7187499999999999,0.7,0.18225225225225214,4,
793,80,0.4524853011573167,2.100000000000002,0.19953343649406927,1.0,0.0,12.0,4.408759124087592,0,0.45985401459854014,1.2999999999999998,0.605109489051095,0.6000000000000001,0.10034420289855066,4,
794,200,0.45203304202341466,8.425000000000008,0.19945267006864692,2.0,0.0,34.0,15.738197424892704,0.7357142857142858,0.030042918454935622,3.3999999999999964,1.527467811158793,1.4999999999999982,0.7636372679045093,3,
795,105,0.4515812349225922,7.000000000000005,0.19930728755691607,1.0,0.0,16.0,5.987704918032787,0,1.0368852459016393,1.7000000000000002,0.7258196721311474,0.7000000000000001,0.1278190980095741,4,
796,200,0.45112987940304233,12.874999999999996,0.19906694087936622,3.0,0.0,37.0,12.376068376068377,0.43965517241379315,4.145299145299146,3.8999999999999906,1.3079772079772054,1.0000000000000002,0.7919655844155798,3,
797,200,0.4506789750134095,10.075000000000003,0.19890364975936345,2.0,0.0,35.0,14.35361216730038,0.6524390243902439,0.07604562737642585,3.299999999999995,1.4524714828897292,1.4999999999999916,0.6251645269488735,3,
798,92,0.45022852130278923,5.000000000000005,0.19879007512318994,2.0,0.0,14.0,6.0594059405940595,0,0.5841584158415841,2.399999999999999,0.8574257425742564,0.7999999999999989,0.26225326569124796,4,
799,200,0.44977851782072775,12.224999999999998,0.19857733224400426,3.0,0.0,36.0,13.396774193548387,0.58,1.8193548387096774,2.8999999999999932,1.2322580645161263,1.1,0.426512242583168,3,
800,200,0.44932896411722156,11.450000000000001,0.19839093129628885,2.0,0.0,36.0,13.417508417508417,0.53125,1.4747474747474747,3.6999999999999895,1.504377104377101,1.699999999999997,0.8359835842553902,3,
801,200,0.448879859742717,10.499999999999993,0.19825544219039187,2.0,0.0,34.0,13.167808219178083,0.5722222222222222,2.6095890410958904,2.499999999999994,1.1941780821917773,1.1999999999999975,0.3919227566470768,3,
802,200,0.4484312042481095,11.575000000000005,0.19809731379345125,2.0,0.0,35.0,12.6,0.51,1.0,2.2999999999999896,1.1641269841269815,1.1999999999999984,0.3000812303474942,3,
803,200,0.44798299718474366,16.074999999999996,0.19784781535325466,4.0,0.0,39.0,12.182767624020888,0.4115384615384615,0.9895561357702349,4.599999999999991,1.2182767624020865,0.8000000000000005,1.0494381271814943,3,
804,158,0.44753523810441237,6.300000000000007,0.19774464670170327,2.0,0.0,25.0,10.813084112149532,0,0.11214953271028037,2.2999999999999976,1.0953271028037355,1.0999999999999999,0.28073195763729597,4,
805,98,0.4470879265593564,6.4250000000000025,0.1976160702239175,2.0,0.0,15.0,6.065573770491803,0,1.180327868852459,2.2999999999999985,0.7651639344262289,0.7,0.19751927437641703,4,
806,200,0.44664106210226434,10.049999999999997,0.19749949538020584,3.0,1.0,36.0,16.110204081632652,0.6987179487179487,0.08163265306122448,3.499999999999991,2.1016326530612193,2.399999999999997,0.8749506863921045,3,
807,200,0.44619464428627154,12.425000000000006,0.1973210379247333,2.0,1.0,36.0,14.22360248447205,0.5961538461538461,1.220496894409938,2.999999999999992,1.3689440993788784,1.3999999999999984,0.4498473230905719,3,
808,200,0.4457486726649602,12.149999999999991,0.19719121279114493,3.0,0.0,39.0,14.75609756097561,0.6275510204081632,0.7282229965156795,4.299999999999992,1.9790940766550484,1.8999999999999981,1.6914998543123447,3,
809,200,0.4453031467923587,14.775000000000006,0.19698864732890564,3.0,0.0,40.0,14.715909090909092,0.5532786885245902,2.1306818181818183,5.1,1.8718749999999977,1.2499999999999982,1.9873216144887509,3,
810,200,0.4448580662229411,11.075000000000003,0.19687815500290967,2.0,1.0,36.0,14.931506849315069,0.6223404255319149,1.5171232876712328,4.099999999999993,2.0160958904109547,2.1499999999999977,1.3607500322531394,3,
811,200,0.4444134305116268,12.850000000000009,0.19675876224437974,2.0,0.0,35.0,14.55586592178771,0.5570175438596491,2.1759776536312847,2.499999999999992,1.1374301675977625,1.0999999999999956,0.31793107215030714,3,
812,200,0.44396923921378006,9.375000000000004,0.1966511262749189,2.0,1.0,36.0,15.466135458167331,0.6625,0.10756972111553785,3.799999999999995,1.885258964143421,1.9999999999999907,0.9229447619047573,3,
813,57,0.4435254918852095,3.874999999999998,0.19653616708239458,1.0,0.0,8.0,3.764044943820225,0,1.0617977528089888,1.6,0.598876404494382,0.5999999999999996,0.12382287030899843,4,
814,56,0.44308218808216776,1.4999999999999987,0.19647999565857466,1.0,0.0,8.0,3.176470588235294,0,0.37815126050420167,1.9999999999999996,0.6941176470588232,0.6000000000000001,0.2390579096045195,4,
815,200,0.4426393273613511,17.425,0.19625731535998361,2.0,0.0,38.0,12.9739336492891,0.36111111111111116,2.2985781990521326,4.69999999999999,1.4817535545023666,1.299999999999999,1.1207871048892868,3,
816,74,0.44219690927989863,3.95,0.19617294571085198,1.0,0.0,11.0,5.280898876404494,0,0.6853932584269663,2.2999999999999994,0.8955056179775269,0.8999999999999969,0.26571852412965924,4,
817,200,0.4417549333953923,16.72500000000001,0.19597093140055766,3.0,0.0,36.0,13.481395348837209,0.4214285714285714,2.488372093023256,3.399999999999992,1.1367441860465095,0.9999999999999961,0.4919548510267743,3,
818,21,0.44131339926585617,-0.7,0.19593793598779818,1.0,0.0,2.0,0.7166666666666667,0,0.0,0.8000000000000002,0.37666666666666687,0.40000000000000013,0.05613781606001666,4,
819,200,0.4408723064497561,12.925000000000004,0.19579485890211357,3.0,0.0,37.0,13.553370786516854,0.44491525423728817,2.8342696629213484,4.299999999999993,1.9089887640449408,1.3999999999999997,1.6415613682092483,3,
820,200,0.44043165450599925,10.599999999999996,0.19570229619678525,2.0,0.0,35.0,14.430278884462151,0.6730769230769231,0.0,2.899999999999991,1.2494023904382436,1.199999999999998,0.4826666666666627,3,
821,200,0.43999144299393356,14.074999999999996,0.19554546218930877,4.0,0.0,39.0,13.481605351170568,0.5735294117647058,0.0,4.499999999999991,1.4602006688963185,1.0999999999999996,1.127625950782991,3,
822,200,0.43955167147334756,11.075000000000001,0.19536881941193268,3.0,0.0,37.0,13.473309608540925,0.5760869565217391,0.12099644128113879,3.499999999999989,1.3156583629893204,1.2000000000000002,0.580473910840927,3,
823,27,0.43911233950446965,-0.0500000000000001,0.19534432008755673,1.0,0.0,3.0,1.0,0,0.3181818181818182,1.1,0.40151515151515166,0.4000000000000002,0.07077152698048218,4,
824,200,0.4386734466479678,11.449999999999985,0.1951871254043384,3.0,0.0,38.0,14.471830985915492,0.5729166666666666,1.5633802816901408,4.199999999999988,1.947183098591545,1.8999999999999926,1.2063098381997313,3,
825,39,0.4382349924649492,0.7249999999999998,0.19514406996345837,1.0,0.0,5.0,1.8333333333333333,0,0.5333333333333333,1.2,0.5144444444444447,0.5000000000000004,0.08591307568835657,4,
826,200,0.4377969765169596,10.199999999999998,0.19498373437956815,3.0,0.0,36.0,15.346938775510203,0.6730769230769231,0.0653061224489796,3.09999999999999,1.6583673469387712,1.799999999999998,0.7494628815140557,3,
827,200,0.437359398365983,12.1,0.19486870004246956,3.0,0.0,40.0,15.395522388059701,0.675531914893617,0.9029850746268657,5.1999999999999895,2.028731343283577,1.8499999999999965,1.4760980465867388,3,
828,200,0.43692225757444114,11.599999999999996,0.19473744888383027,3.0,0.0,36.0,13.460526315789474,0.5255102040816326,1.1348684210526316,3.2999999999999945,1.5970394736842077,1.599999999999999,0.7916774333170973,3,
829,200,0.4364855537051933,13.700000000000006,0.1945592579207981,2.0,0.0,37.0,14.156424581005586,0.5466101694915254,3.6731843575418996,3.19999999999999,1.296648044692734,1.2999999999999952,0.3939583187035238,3,
830,200,0.43604928632153556,9.050000000000004,0.19441568856232905,2.0,0.0,35.0,14.48605577689243,0.6602564102564102,0.852589641434263,2.699999999999999,1.2972111553784813,1.3999999999999897,0.4369314285714271,3,
831,200,0.43561345498720044,13.399999999999995,0.19429123141544002,3.0,0.0,38.0,13.478688524590163,0.4903846153846154,0.419672131147541,3.899999999999987,1.6744262295081926,1.6999999999999975,1.1987687048503524,3,
832,200,0.43517805926635666,11.624999999999988,0.19417851454789553,3.0,0.0,37.0,14.134228187919463,0.576530612244898,0.7348993288590604,3.999999999999988,1.8335570469798617,1.999999999999999,1.066134252221201,3,
833,200,0.43474309872360845,11.450000000000003,0.19409327263642642,3.0,0.0,38.0,14.799256505576208,0.6611111111111111,0.7509293680297398,3.6999999999999873,1.7624535315985086,1.9999999999999907,1.0453333333333261,3,
834,200,0.4343085729239951,9.94999999999998,0.19400176360998675,2.0,0.0,35.0,14.667883211678832,0.6453488372093024,0.8138686131386861,3.9999999999999925,1.7401459854014576,1.6999999999999986,1.3050480186480133,3,
835,200,0.4338744814329909,12.599999999999998,0.193846727625995,3.0,0.0,35.0,13.693693693693694,0.5330188679245284,2.891891891891892,3.599999999999992,1.6210210210210179,1.4999999999999947,0.8709773825842241,3,
836,200,0.4334408238165043,11.775000000000016,0.19371161324889563,3.0,0.0,35.0,14.205202312138729,0.5590909090909091,2.1560693641618496,2.799999999999993,1.298265895953754,1.1999999999999995,0.4020234724136472,3,
837,200,0.43300759964087765,15.324999999999992,0.1936053401669065,2.0,0.0,38.0,12.097765363128492,0.42500000000000004,1.6256983240223464,3.9999999999999916,1.2011173184357524,0.8999999999999999,0.8782737607577809,3,
838,200,0.43257480847288665,12.550000000000004,0.19343853942296585,3.0,0.0,36.0,12.680379746835444,0.553921568627451,1.1867088607594938,2.4999999999999916,1.0446202531645548,0.9999999999999992,0.2914613189124213,3,
839,200,0.43214244987974026,16.125000000000007,0.19327911608622034,3.0,0.0,37.0,15.601415094339623,0.46126760563380287,3.672169811320755,3.899999999999989,1.3841981132075434,1.2999999999999936,0.6568058406341223,3,
840,200,0.43171052342907973,10.124999999999995,0.1931271647086908,2.0,0.0,35.0,14.456273764258555,0.6646341463414634,0.03802281368821293,3.2999999999999954,1.4730038022813663,1.5999999999999983,0.8840368378440853,3,
841,200,0.43127902868897855,11.599999999999994,0.19300947240512756,2.0,0.0,38.0,14.946768060836503,0.6166666666666667,0.10266159695817491,3.7999999999999887,1.8494296577946727,1.9999999999999987,1.1901974901688561,3,
842,200,0.43084796522794205,12.749999999999995,0.19288486681108374,2.0,0.0,36.0,13.341296928327646,0.5478723404255319,0.0,3.1999999999999895,1.4092150170648434,1.2999999999999985,0.7691049296430844,3,
843,51,0.43041733261490667,4.749999999999998,0.19278240845877875,1.0,0.0,7.0,3.8979591836734695,0,1.153061224489796,1.4999999999999996,0.6341836734693876,0.6000000000000002,0.1154161134973317,4,
844,200,0.4299871304192398,11.37499999999999,0.1926557261263995,3.0,1.0,36.0,14.150877192982456,0.5978260869565217,0.7578947368421053,3.899999999999993,1.689824561403506,1.7999999999999976,1.0666815227026434,3,
845,200,0.42955735821073915,17.950000000000006,0.19236316038770965,2.0,0.0,34.0,14.31055900621118,0.3798701298701299,3.732919254658385,1.8999999999999981,0.8821946169772239,0.899999999999997,0.15475609546997704,3,
846,74,0.42912801555963254,5.475000000000001,0.19224035345302923,2.0,0.0,11.0,5.666666666666667,0,2.45679012345679,2.3,0.8818930041152258,0.8000000000000003,0.2025562254437066,4,
847,33,0.42869910203657724,0.44999999999999973,0.19220677022137805,1.0,0.0,4.0,1.3076923076923077,0,0.0,0.9,0.4089743589743591,0.4000000000000002,0.06313496629952324,4,
848,200,0.4282706172126597,10.55,0.19207072277775358,2.0,0.0,37.0,14.769516728624536,0.625,0.09665427509293681,3.6999999999999913,1.8516728624535268,2.1999999999999886,1.0369353233830774,3,
849,200,0.427842560659395,16.525000000000013,0.19189683060719104,2.0,0.0,36.0,16.334883720930232,0.4894366197183099,2.1325581395348836,2.6999999999999975,1.188372093023253,1.0999999999999965,0.3749830988810096,2,
850,116,0.4274149319487267,8.775000000000004,0.19179476206601023,2.0,0.0,18.0,6.720149253731344,0,1.414179104477612,1.8999999999999995,0.7391791044776116,0.7000000000000001,0.14872826253428556,4,
851,122,0.4269877306530259,8.025000000000007,0.19163561953230412,2.0,0.0,19.0,8.97080291970803,0,2.1934306569343067,2.0999999999999996,0.8401459854014589,0.7999999999999992,0.1840841824841823,4,
852,200,0.4265609563450914,15.175000000000018,0.1914078352926021,2.0,0.0,35.0,15.857808857808857,0.4746376811594203,2.613053613053613,3.099999999999997,1.3547785547785514,1.1999999999999997,0.49161736579004456,3,
853,200,0.4261346085981487,13.05000000000001,0.19124547538291328,2.0,1.0,38.0,15.12290502793296,0.55,4.32122905027933,4.199999999999986,1.876536312849157,1.7999999999999978,1.0282842942190733,3,
854,200,0.4257086869858502,12.250000000000004,0.19114142673008605,2.0,0.0,36.0,13.471518987341772,0.5833333333333334,1.6170886075949367,2.899999999999992,1.2515822784810093,1.1999999999999988,0.4363626258074189,3,
855,152,0.42528319108227414,10.725000000000007,0.19100613665825855,2.0,0.0,24.0,9.174454828660435,0,1.4236760124610592,1.7999999999999998,0.7713395638629278,0.7000000000000001,0.1821086956521738,4,
856,200,0.42485812046192456,12.249999999999993,0.19090432753271952,2.0,0.0,36.0,13.889240506329115,0.5833333333333334,0.6360759493670886,3.4999999999999907,1.5022151898734137,1.299999999999999,0.6537674628210858,3,
857,200,0.4244334746997309,11.65,0.19074349565209614,2.0,0.0,37.0,14.153846153846153,0.5585106382978723,0.11538461538461539,3.6999999999999886,1.8034965034964998,1.6999999999999975,1.2273454367626304,3,
858,27,0.4240092533710473,0.0500000000000001,0.19070717889497377,1.0,0.0,3.0,1.3376623376623376,0,0.2987012987012987,1.4000000000000001,0.5311688311688312,0.5000000000000001,0.13359649122807013,4,
859,200,0.4235854560516524,12.175,0.19054118540825735,3.0,0.0,36.0,13.015576323987538,0.5192307692307693,1.4361370716510904,2.7999999999999923,1.3937694704049803,1.4999999999999964,0.4591556677018593,3,
860,200,0.4231620823177488,17.67500000000001,0.19039490651569987,2.0,0.0,35.0,16.525943396226417,0.4894366197183099,2.099056603773585,2.7999999999999963,1.1959905660377335,1.199999999999994,0.36750955360867515,2,
861,200,0.42273913174596284,13.175000000000002,0.19022381964545415,2.0,0.0,37.0,15.677002583979329,0.5234375,5.671834625322997,3.5999999999999965,1.701033591731262,1.5999999999999983,0.7244998931680968,3,
862,200,0.42231660391334386,9.299999999999999,0.19008195506772313,3.0,0.0,37.0,16.661087866108787,0.7115384615384616,0.891213389121339,3.799999999999993,2.268619246861919,2.4999999999999893,1.0067734593837476,3,
863,158,0.4218944983973639,8.750000000000014,0.1899816364084639,2.0,0.0,25.0,10.970967741935484,0,3.532258064516129,2.699999999999998,1.029032258064514,0.999999999999998,0.2895472377444089,4,
864,200,0.42147281477591764,9.974999999999989,0.18991000791354115,2.0,0.0,36.0,16.14644351464435,0.7105263157894737,0.05439330543933055,4.09999999999999,1.959832635983258,1.8999999999999946,1.1014184173669388,3,
865,200,0.4210515526273212,10.274999999999986,0.18975301278949747,3.0,1.0,35.0,15.193916349809886,0.676829268292683,0.9163498098859315,3.9999999999999916,1.8471482889733788,1.7000000000000002,1.152090272958586,3,
866,200,0.42063071153031245,9.749999999999995,0.18959789455908582,2.0,0.0,34.0,14.18359375,0.6730769230769231,1.45703125,2.4999999999999933,1.188671874999997,1.1999999999999997,0.38765102616921937,3,
867,200,0.4202102910640503,9.575000000000003,0.1894624077691661,2.0,1.0,36.0,14.991803278688524,0.7115384615384616,0.8852459016393442,2.499999999999988,1.3774590163934375,1.4999999999999891,0.2813408919123175,3,
868,200,0.41979029080811425,17.175,0.1892883815005691,3.0,1.0,38.0,12.511111111111111,0.3970588235294118,0.8098765432098766,4.099999999999992,1.252839506172838,0.9,0.8259043798468477,3,
869,200,0.41937071034250395,15.75000000000001,0.1890597087635286,2.0,1.0,37.0,12.98581560283688,0.4,3.1749408983451537,2.9999999999999933,1.1860520094562628,1.0,0.44905146204059476,3,
870,200,0.418951549247639,11.600000000000009,0.18889673439798915,2.0,0.0,35.0,13.24223602484472,0.5245098039215687,1.1459627329192548,3.699999999999995,1.452795031055898,1.1999999999999993,0.9366005999054763,3,
871,200,0.41853280710435814,15.774999999999999,0.18870209300752763,2.0,0.0,37.0,14.437037037037037,0.45149253731343286,2.491358024691358,4.19999999999999,1.7609876543209841,1.4999999999999991,1.0822871043261897,3,
872,200,0.41811448349391933,15.125000000000009,0.18852756617692687,2.0,0.0,38.0,13.170426065162907,0.42164179104477617,3.210526315789474,4.599999999999995,1.5431077694235573,1.1,1.306420603015072,3,
873,45,0.4176965779979988,2.224999999999999,0.18847729590157358,1.0,0.0,6.0,2.3451327433628317,0,0.5221238938053098,1.7000000000000002,0.5690265486725665,0.5999999999999998,0.1278117167919799,4,
874,200,0.41727909019869114,9.525000000000004,0.18835559128589993,2.0,0.0,37.0,16.042918454935624,0.7368421052631579,0.030042918454935622,3.299999999999987,1.7103004291845443,1.799999999999998,0.6161284261715241,3,
875,200,0.4168620196785084,14.249999999999986,0.18822723810985692,3.0,1.0,39.0,13.383480825958703,0.5086206896551724,2.3392330383480826,4.800000000000001,1.6710914454277284,1.0999999999999992,1.9290335885833618,3,
876,200,0.41644536602038007,11.624999999999988,0.1881173260159594,2.0,1.0,39.0,15.914396887159533,0.6590909090909091,0.058365758754863814,4.999999999999993,2.2883268482490244,2.099999999999994,1.858646741763562,3,
877,200,0.4160291288076525,11.224999999999998,0.18796140772204434,3.0,0.0,39.0,15.00390625,0.6818181818181818,0.859375,4.199999999999988,1.6808593749999954,1.799999999999992,0.7743720149538349,3,
878,200,0.4156133076240884,14.874999999999991,0.18783760520479492,4.0,0.0,40.0,13.788990825688073,0.5344827586206896,2.220183486238532,5.600000000000004,1.761773700305809,1.199999999999999,2.048924884034118,3,
879,200,0.4151979020538666,14.624999999999996,0.18774420028589528,4.0,0.0,40.0,13.603174603174603,0.5590909090909091,0.9301587301587302,4.799999999999987,1.632698412698409,1.4999999999999982,1.031861847940007,3,
880,200,0.4147829116815814,11.749999999999991,0.1876077046391265,2.0,0.0,36.0,13.759581881533101,0.5652173913043478,1.5017421602787457,3.6999999999999904,1.5693379790940725,1.5999999999999934,0.8374672202797134,3,
881,200,0.41436833609224244,10.274999999999979,0.1875516023524707,3.0,0.0,37.0,16.317991631799163,0.7115384615384616,0.0,4.699999999999994,2.0627615062761477,2.099999999999997,1.8472230392156797,3,
882,200,0.4139541748712741,12.049999999999994,0.18740364813369131,2.0,0.0,36.0,14.35483870967742,0.6,2.4516129032258065,3.3999999999999915,1.6696774193548352,1.2999999999999996,0.9765100573366988,3,
883,200,0.41354042760451515,14.02499999999998,0.1872205646293163,2.0,1.0,38.0,13.785046728971963,0.5,0.616822429906542,5.200000000000003,1.9433021806853572,1.2000000000000002,2.1827255434782598,3,
884,200,0.4131270938782182,11.374999999999984,0.1871524587529509,3.0,0.0,39.0,15.20703125,0.6477272727272727,0.83984375,4.799999999999992,1.8542968749999973,1.2999999999999998,1.7456331731135957,3,
885,200,0.41271417327904963,16.100000000000005,0.18696452386991733,2.0,0.0,38.0,13.829787234042554,0.503968253968254,1.1117021276595744,4.199999999999991,1.4699468085106362,1.1000000000000005,1.0951949778956627,3,
886,200,0.41230166539408875,12.175,0.18685080452093794,2.0,0.0,38.0,13.898412698412699,0.5518867924528302,2.707936507936508,3.599999999999988,1.7374603174603132,1.8999999999999941,0.8208907119245287,3,
887,200,0.4118895698108276,17.00000000000002,0.1866378636141461,2.0,0.0,35.0,15.167714884696016,0.39935064935064934,3.7274633123689727,3.0999999999999934,1.2737945492662432,1.299999999999989,0.32105472733026075,3,
888,200,0.41147788611717057,10.650000000000006,0.18653202951281184,3.0,0.0,38.0,16.766536964980546,0.6686046511627907,0.10894941634241245,4.900000000000006,2.785603112840469,3.2999999999999976,2.0371387475775227,3,
889,200,0.41106661390143395,12.549999999999994,0.1864432929152542,2.0,0.0,40.0,15.55078125,0.6833333333333333,0.77734375,4.899999999999995,2.0089843749999967,1.899999999999995,1.7124063477531024,3,
890,200,0.4106557527523455,10.550000000000008,0.1863145508290508,3.0,0.0,36.0,14.57090909090909,0.6022727272727273,0.84,3.7999999999999936,1.8494545454545404,2.0999999999999965,1.0060039141013368,3,
891,200,0.410245302259044,19.60000000000003,0.18608277865616138,3.0,0.0,34.0,15.52007299270073,0.3061797752808989,4.401459854014599,2.9999999999999987,1.2313868613138648,1.1999999999999937,0.33226414654532144,2,
892,200,0.40983526201107895,16.500000000000014,0.1858816665441974,2.0,0.0,39.0,14.96640826873385,0.5075757575757576,2.2299741602067185,4.5999999999999925,1.8328165374676966,1.4999999999999947,1.3084150152235403,3,
893,122,0.40942563159841006,8.550000000000006,0.18577439270002263,2.0,0.0,19.0,8.176029962546817,0,0.9288389513108615,1.9999999999999987,0.8610486891385758,0.8,0.1976615980249129,4,
894,200,0.4090164106114069,12.350000000000005,0.18561600800921854,3.0,0.0,37.0,13.710437710437711,0.5663265306122449,0.13131313131313133,3.2999999999999923,1.5771043771043731,1.5999999999999992,0.7088440957736207,3,
895,200,0.40860759864084845,11.149999999999984,0.18555246578427512,2.0,0.0,39.0,16.560669456066947,0.7134146341463414,0.0,5.299999999999998,2.2083682008368175,2.0999999999999948,2.240554971988793,3,
896,200,0.4081991952779227,12.249999999999988,0.18542635037965122,2.0,0.0,37.0,13.73037542662116,0.53125,0.8532423208191127,3.899999999999992,1.6672354948805428,1.1999999999999977,1.471844655670479,3,
897,200,0.4077912001142262,17.650000000000006,0.18522131085068638,3.0,0.0,38.0,12.435344827586206,0.2948717948717948,2.8685344827586206,3.599999999999998,1.2241379310344813,0.9999999999999997,0.722696579112379,3,
898,200,0.4073836127417638,11.349999999999994,0.1851521997836818,2.0,0.0,37.0,15.400778210116732,0.6785714285714286,0.0,4.299999999999991,1.938132295719841,2.299999999999996,1.6251074975775122,3,
899,200,0.40697643275294815,12.299999999999983,0.18502966002497928,3.0,0.0,40.0,16.65267175572519,0.6739130434782609,0.04961832061068702,5.300000000000009,2.774809160305343,3.1999999999999966,2.383598618941481,3,
900,200,0.4065696597405991,15.474999999999993,0.18486321117410495,3.0,0.0,41.0,13.27445652173913,0.4115384615384615,1.8423913043478262,5.400000000000005,1.9624999999999995,1.2999999999999994,2.0916526734749636,3,
901,200,0.4061632932979437,14.699999999999989,0.1847135258319811,2.0,0.0,37.0,12.61780104712042,0.43253968253968256,4.0732984293193715,3.39999999999999,1.2293193717277457,1.099999999999997,0.5383587234363293,3,
902,200,0.40575733301861544,11.324999999999989,0.18459442881839327,3.0,0.0,39.0,16.2578125,0.6590909090909091,0.12890625,4.29999999999999,2.4730468749999948,2.9999999999999947,1.8988728160524817,3,
903,200,0.405351778496654,15.925000000000011,0.18437588987324693,2.0,0.0,35.0,14.284382284382284,0.4311594202898551,3.254079254079254,3.1999999999999926,1.2414918414918383,1.1999999999999957,0.451194631601823,3,
904,200,0.4049466293265049,11.25,0.18429888722091833,2.0,1.0,40.0,16.53696498054475,0.6722222222222223,0.12840466926070038,5.299999999999996,2.647859922178984,3.0999999999999934,1.986650012112395,3,
905,200,0.4045418851030188,11.175,0.18417780299811023,3.0,0.0,34.0,12.679715302491104,0.563953488372093,1.594306049822064,1.8999999999999964,0.8395017793594294,0.8,0.15769427558257285,3,
906,51,0.4041375454214515,3.7499999999999982,0.18412171496199797,1.0,0.0,7.0,3.4805194805194803,0,0.045454545454545456,1.4999999999999996,0.6649350649350648,0.6999999999999997,0.10669702719797591,4,
907,200,0.4037336098774634,14.174999999999997,0.1840682053730526,2.0,1.0,40.0,14.252525252525253,0.5769230769230769,1.5589225589225588,5.099999999999995,1.9367003367003337,1.7999999999999963,1.720861146381274,3,
908,200,0.40333007806711874,11.04999999999999,0.1839483568591787,2.0,0.0,40.0,16.368200836820083,0.7261904761904762,0.1087866108786611,5.299999999999995,2.077824267782422,1.6999999999999966,2.0052755602240824,3,
909,200,0.40292694958688574,10.09999999999999,0.18381911028344547,3.0,0.0,38.0,17.19672131147541,0.7012195121951219,0.9877049180327869,5.199999999999994,2.727459016393439,3.1499999999999946,1.7007089947089902,3,
910,200,0.40252422403363597,16.175000000000008,0.18367570333533653,2.0,0.0,38.0,13.92688679245283,0.44718309859154926,3.5070754716981134,3.6999999999999873,1.2554245283018832,1.1999999999999935,0.5124734251147232,3,
911,200,0.40212190100464373,17.72500000000001,0.18349235496486788,4.0,0.0,38.0,13.013605442176871,0.3783783783783784,1.492063492063492,3.5999999999999917,1.1002267573696127,0.9999999999999988,0.4962610037021777,3,
912,200,0.401719980097586,11.149999999999986,0.18338009759219728,4.0,0.0,37.0,15.149090909090908,0.6277777777777778,0.13454545454545455,4.299999999999993,2.1439999999999952,2.5999999999999894,1.4765926161007015,3,
913,200,0.4013184609105419,15.700000000000005,0.18319596963886775,2.0,0.0,35.0,14.578947368421053,0.45149253731343286,1.313397129186603,2.599999999999995,1.312918660287077,1.349999999999994,0.31308848863629674,3,
914,200,0.4009173430419921,12.049999999999986,0.18311361191427505,2.0,0.0,37.0,13.972602739726028,0.5561224489795918,2.828767123287671,3.5999999999999908,1.7058219178082146,1.6999999999999982,0.8713119407011176,3,
915,200,0.4005166260908188,11.575000000000003,0.18305208081424526,2.0,0.0,35.0,13.56140350877193,0.5833333333333334,0.1368421052631579,2.8999999999999924,1.3719298245613991,1.3000000000000003,0.4740950950457957,3,
916,200,0.40011630965630496,14.199999999999987,0.18292133826960938,2.0,0.0,39.0,13.77456647398844,0.4957627118644068,1.606936416184971,4.699999999999999,1.8861271676300582,1.1999999999999993,2.259421793426056,3,
917,200,0.3997163933381341,15.625000000000018,0.18267925460287363,2.0,0.0,36.0,15.824817518248175,0.49626865671641796,3.6374695863746958,3.3999999999999932,1.51849148418491,1.4999999999999956,0.5156221880179953,3,
918,117,0.3993168767363899,10.250000000000007,0.18255259319085965,2.0,0.0,18.0,8.40548780487805,0,2.533536585365854,2.0000000000000004,0.7448170731707312,0.6999999999999995,0.1781455248505804,4,
919,200,0.39891775945155566,12.024999999999999,0.18249608308983,2.0,0.0,39.0,14.35820895522388,0.6086956521739131,0.9514925373134329,4.199999999999989,1.6123134328358175,1.3999999999999984,1.0713931470420264,3,
920,200,0.39851904108451414,15.625000000000021,0.18233715672525108,2.0,0.0,34.0,15.229665071770334,0.45149253731343286,3.8301435406698565,3.1999999999999957,1.2928229665071729,1.1999999999999993,0.41282166629464845,3,
921,200,0.39812072123654696,15.599999999999993,0.18219298567446984,3.0,0.0,39.0,12.738292011019285,0.4354838709677419,1.6418732782369145,4.399999999999987,1.5242424242424206,1.2999999999999976,1.0372714164288668,3,
922,200,0.39772279950933415,18.325000000000014,0.18204784331253956,2.0,0.0,39.0,14.047311827956989,0.370253164556962,3.1225806451612903,4.199999999999987,1.587956989247308,1.1999999999999984,1.1975379236347419,3,
923,200,0.397325275504954,14.749999999999993,0.1819168524771341,3.0,0.0,37.0,12.748447204968944,0.5518867924528302,0.4720496894409938,3.1999999999999957,1.0465838509316763,0.7000000000000005,0.6922465592237855,3,
924,200,0.39692814882588245,13.749999999999982,0.18184430545537222,4.0,0.0,40.0,14.777003484320558,0.61,0.0,5.100000000000011,2.0919860627177704,1.3,2.646832022144525,3,
925,200,0.39653141907499284,10.974999999999998,0.18174192174607762,3.0,0.0,37.0,14.398406374501992,0.7012195121951219,0.0,3.299999999999991,1.1729083665338622,1.0999999999999952,0.4408666666666633,3,
926,200,0.39613508585555535,15.249999999999991,0.181550443241136,2.0,0.0,39.0,13.414634146341463,0.4722222222222222,2.2628726287262872,4.699999999999999,1.6807588075880735,1.2999999999999998,1.4902911280846036,3,
927,27,0.3957391487712367,1.0999999999999996,0.1815186295877825,1.0,0.0,3.0,1.696078431372549,0,0.5098039215686274,1.1,0.48333333333333356,0.5000000000000001,0.08767182543497065,4,
928,200,0.3953436074260998,17.60000000000001,0.1813554674278278,2.0,0.0,34.0,15.92494481236203,0.43918918918918914,2.938189845474614,2.5,1.252538631346574,1.2,0.21591624108221877,2,
929,98,0.39494846142460327,5.675000000000002,0.18127166872816136,1.0,0.0,15.0,6.110576923076923,0,1.6826923076923077,1.7999999999999994,0.8629807692307683,0.7999999999999999,0.1948360030511058,4,
930,200,0.3945537103716011,15.27500000000001,0.18111358107085204,2.0,0.0,36.0,12.817283950617284,0.3619402985074627,2.585185185185185,3.9999999999999925,1.5372839506172813,1.1999999999999993,1.0334557137979754,3,
931,200,0.3941593538723422,10.599999999999993,0.18102042781288757,2.0,0.0,36.0,14.846715328467154,0.6477272727272727,0.9124087591240876,3.8999999999999946,1.8474452554744478,1.899999999999998,0.8513369297369249,3,
932,200,0.39376539153247,13.349999999999987,0.18089265137265778,4.0,0.0,41.0,15.51048951048951,0.6127450980392157,0.9020979020979021,5.400000000000018,2.5104895104895113,2.299999999999997,2.8582465920899893,3,
933,200,0.3933718229580221,14.450000000000015,0.1808084860544915,3.0,0.0,36.0,15.77659574468085,0.5368852459016393,2.4601063829787235,4.299999999999993,1.7843085106382937,1.6999999999999926,0.8560098320070704,3,
934,200,0.39297864775542996,10.674999999999988,0.1807459206868969,3.0,0.0,36.0,16.072,0.6646341463414634,0.832,4.899999999999997,2.2095999999999982,2.199999999999996,1.8874580393286255,3,
935,200,0.39258586553151836,12.099999999999993,0.18060504208033012,2.0,0.0,36.0,13.996515679442508,0.5978260869565217,0.1986062717770035,3.9999999999999916,1.6236933797909376,1.3999999999999981,1.2379902389277315,3,
936,200,0.39219347589350495,14.924999999999994,0.18051097216231526,2.0,0.0,38.0,13.274336283185841,0.4692982456140351,1.4395280235988202,3.999999999999988,1.7578171091445398,1.4,1.391654542290281,3,
937,200,0.39180147844900015,14.424999999999986,0.18038260321208033,2.0,1.0,39.0,14.530973451327434,0.5344827586206896,2.1710914454277286,5.300000000000008,2.1808259587020653,1.3999999999999986,2.649832405151417,3,
938,200,0.3914098728060065,20.475000000000005,0.1802402923528875,4.0,0.0,41.0,13.593877551020409,0.3382352941176471,3.6816326530612247,5.699999999999995,1.342857142857141,1.0,1.1017188742976824,3,
939,200,0.3910186585729182,15.400000000000004,0.1800775607934612,2.0,0.0,38.0,13.862637362637363,0.5040983606557377,1.7115384615384615,4.399999999999991,1.5645604395604369,1.3999999999999964,1.1042743499754655,3,
940,200,0.3906278353585211,13.975000000000001,0.17997147499030647,2.0,0.0,39.0,15.231012658227849,0.5925925925925926,0.6518987341772152,4.599999999999994,2.307278481012655,2.5499999999999963,1.9319600420609817,3,
941,200,0.39023740277199187,14.024999999999999,0.17987871728348936,2.0,1.0,38.0,13.530434782608696,0.5086206896551724,2.205797101449275,4.399999999999987,1.6776811594202852,1.6999999999999966,0.8869585965855556,3,
942,200,0.38984736042289797,13.65,0.17978502031676385,2.0,1.0,38.0,13.703363914373089,0.5681818181818182,2.238532110091743,3.699999999999991,1.446177370030578,1.3999999999999964,0.8250007481669868,3,
943,200,0.38945770792119694,12.924999999999995,0.17965414710414543,2.0,0.0,38.0,13.933797909407666,0.59375,0.7386759581881533,4.49999999999999,1.6236933797909376,1.3999999999999977,1.3705354020978942,3,
944,200,0.3890684448772363,11.774999999999999,0.17957750151698681,2.0,0.0,37.0,13.766550522648084,0.6223404255319149,0.6550522648083623,3.599999999999989,1.3853658536585336,1.2999999999999963,0.7601435023309968,3,
945,200,0.388679570901753,11.124999999999996,0.179498155145397,2.0,0.0,38.0,15.33941605839416,0.6521739130434783,1.4744525547445255,3.9999999999999942,2.1430656934306525,2.4999999999999964,1.5268518148518058,3,
946,200,0.38829108560587294,15.924999999999992,0.17938152339861946,3.0,1.0,40.0,13.847545219638242,0.45149253731343286,3.5426356589147288,5.7000000000000055,1.9103359173126613,1.299999999999998,2.401821350355221,3,
947,200,0.3879029886011109,12.899999999999999,0.17926329150777703,2.0,0.0,39.0,14.577060931899641,0.5833333333333334,1.6308243727598566,4.59999999999999,1.9444444444444406,1.8999999999999955,1.5415570400822123,3,
948,200,0.3875152794993697,23.600000000000016,0.17902123356995825,3.0,1.0,36.0,16.345299145299144,0.2912371134020618,3.7572649572649572,2.999999999999992,1.0652991452991427,0.9000000000000002,0.3499250783112802,2,
949,200,0.38712795791294036,9.275,0.17893210125758643,2.0,0.0,33.0,15.036734693877552,0.6666666666666666,0.0,3.399999999999994,1.4722448979591791,1.3999999999999897,0.7311602025856314,3,
950,200,0.3867410234545012,11.950000000000001,0.17881057487473812,2.0,0.0,39.0,14.793774319066149,0.6477272727272727,0.07782101167315175,4.399999999999987,1.6299610894941583,1.4999999999999998,0.9195442708333258,3,
951,200,0.3863544757371177,18.500000000000018,0.17863976488228142,2.0,0.0,37.0,15.88888888888889,0.4,2.89937106918239,3.699999999999999,1.554297693920331,1.499999999999997,0.642987500439504,2,
952,200,0.3859683143742421,11.649999999999995,0.17853721189821908,2.0,1.0,40.0,16.941634241245136,0.6611111111111111,1.6536964980544746,5.200000000000012,2.904669260700393,3.2999999999999985,2.455034823158924,3,
953,200,0.38558253897971306,17.650000000000006,0.17837738055520042,1.0,0.0,38.0,14.251655629139073,0.39473684210526316,4.108167770419426,4.399999999999991,1.5743929359823368,1.2999999999999954,1.1487096994269173,3,
954,200,0.38519714916775516,13.474999999999993,0.17823938722316945,2.0,1.0,39.0,14.050335570469798,0.5637254901960784,0.6543624161073825,4.499999999999991,1.8516778523489905,1.5999999999999992,1.5590919225701756,3,
955,200,0.3848121445529785,14.899999999999995,0.1781355745400255,3.0,0.0,41.0,13.9125,0.47807017543859653,0.784375,5.399999999999989,2.0937499999999964,2.1499999999999986,1.783353353060079,3,
956,200,0.3844275247503785,14.174999999999992,0.1780532996889379,2.0,0.0,36.0,12.5,0.4629629629629629,1.874251497005988,2.7999999999999936,1.2928143712574816,1.1999999999999982,0.5683366949038546,3,
957,200,0.3840432893753352,15.00000000000001,0.1779118167410737,2.0,0.0,35.0,14.819796954314722,0.503968253968254,2.3045685279187818,2.9999999999999947,1.2954314720812141,1.1999999999999993,0.42541334106354756,3,
958,200,0.38365943804361335,12.949999999999998,0.17779371670906485,3.0,0.0,38.0,14.177215189873417,0.5801886792452831,1.1329113924050633,4.499999999999991,1.7870253164556922,1.5999999999999985,1.3775986179960866,3,
959,200,0.3832759703713615,15.04999999999999,0.1776490417741351,2.0,0.0,36.0,13.017094017094017,0.3991228070175439,0.8319088319088319,3.6999999999999935,1.767806267806264,1.699999999999997,1.2613954545454464,3,
960,200,0.38289288597511206,11.84999999999999,0.17752374522943296,2.0,0.0,39.0,16.860557768924302,0.6802325581395349,0.027888446215139442,5.200000000000006,2.7075697211155374,2.799999999999997,2.412849523809526,3,
961,200,0.38251018447178037,16.27499999999999,0.17737265599671653,3.0,0.0,37.0,12.425,0.38636363636363635,2.195,3.4999999999999925,1.2752499999999973,1.199999999999995,0.6847167169794771,3,
962,200,0.38212786547866506,13.849999999999993,0.17722561777365395,2.0,0.0,36.0,12.90144927536232,0.4821428571428571,1.9130434782608696,3.4999999999999916,1.4150724637681122,1.3999999999999995,0.6094011291840251,3,
963,200,0.3817459286134471,11.449999999999998,0.1771017471422295,2.0,0.0,38.0,14.929961089494164,0.6569767441860465,1.5525291828793775,3.899999999999989,1.6976653696498012,1.6999999999999988,0.9968189801356517,3,
964,200,0.38136437349418956,19.375000000000007,0.17691342622402545,2.0,0.0,36.0,13.327586206896552,0.3355263157894737,1.6099137931034482,3.3999999999999893,1.2939655172413764,1.1999999999999973,0.5608282589005752,3,
965,200,0.38098319973933725,18.85000000000001,0.1767363493801932,3.0,1.0,34.0,15.769063180827887,0.43000000000000005,3.400871459694989,2.499999999999998,1.215904139433548,1.1999999999999997,0.24578308334915364,2,
966,200,0.38060240696771647,19.54999999999999,0.1765924739424946,2.0,0.0,37.0,16.1656050955414,0.41455696202531644,2.8067940552016983,4.299999999999989,1.6447983014861953,1.4999999999999996,0.8585277677605438,2,
967,200,0.38022199479853436,13.099999999999985,0.17648125994808547,2.0,1.0,41.0,15.236065573770492,0.5462962962962963,2.2852459016393443,5.600000000000013,2.669836065573772,2.9999999999999973,3.0680411506708003,3,
968,200,0.3798419628513787,13.22499999999999,0.1763477137472077,2.0,0.0,38.0,13.572784810126583,0.5518867924528302,1.0822784810126582,4.099999999999991,1.625632911392401,1.2999999999999978,1.043942015923081,3,
969,200,0.37946231074621756,14.874999999999984,0.17622919059700667,3.0,0.0,38.0,14.222910216718267,0.5648148148148148,0.0,5.300000000000002,1.895975232198142,1.2999999999999998,2.333102139406488,3,
970,200,0.37908303810339883,16.675000000000008,0.1761280394822231,2.0,0.0,39.0,13.626780626780628,0.525,1.0256410256410255,4.59999999999999,1.3849002849002823,1.0999999999999996,0.9981561688311631,3,
971,200,0.37870414454364976,18.475000000000016,0.17599268866563592,2.0,0.0,35.0,15.45850622406639,0.38291139240506333,4.454356846473029,3.299999999999997,1.3309128630705354,1.1999999999999993,0.4691916426699016,2,
972,200,0.3783256296880768,14.724999999999998,0.17585467955795178,2.0,0.0,38.0,15.072254335260116,0.5775862068965517,2.7369942196531793,3.799999999999988,1.6225433526011523,1.399999999999999,1.0107141126842856,3,
973,200,0.37794749315816506,11.975000000000001,0.17575940761767903,2.0,0.0,37.0,13.789473684210526,0.5797872340425532,0.41403508771929826,3.0999999999999863,1.5340350877192934,1.4999999999999996,0.5676556190288524,3,
974,200,0.37756973457577797,11.89999999999999,0.1757072888571526,3.0,0.0,40.0,16.35458167330677,0.6704545454545454,0.03187250996015936,4.999999999999991,2.4183266932270864,2.799999999999995,1.798577142857133,3,
975,200,0.37719235356315695,13.94999999999999,0.17561322401102197,2.0,0.0,39.0,15.229032258064516,0.6084905660377359,0.42258064516129035,5.099999999999995,2.1941935483870942,2.0999999999999948,1.9382445186734483,3,
976,200,0.37681534974292086,14.375000000000014,0.17548129243153787,3.0,0.0,38.0,15.256983240223464,0.5583333333333333,2.3128491620111733,3.79999999999999,1.7675977653631236,1.799999999999997,0.7612465376122548,3,
977,200,0.37643872273806595,19.725000000000005,0.17535057591844905,3.0,0.0,37.0,14.581699346405228,0.4276315789473685,2.505446623093682,3.399999999999997,1.0211328976034835,0.999999999999997,0.2637158724131381,3,
978,200,0.37606247217196515,17.925000000000004,0.1751921433516503,2.0,0.0,35.0,12.399563318777293,0.31081081081081086,2.6157205240174672,2.599999999999998,1.0155021834061122,0.9499999999999987,0.25471722849120093,3,
979,200,0.37568659766836787,12.275,0.17509968280464036,4.0,0.0,39.0,14.551839464882944,0.5637254901960784,1.7625418060200668,5.199999999999988,2.1625418060200627,2.599999999999998,1.7305225950782903,3,
980,200,0.37531109885139957,15.62500000000001,0.1749702924268769,2.0,0.0,35.0,16.4075,0.5234375,2.875,3.199999999999998,1.4342499999999958,1.3499999999999952,0.4696048725304519,3,
981,200,0.37493597534556133,15.650000000000002,0.17485688669303875,3.0,0.0,37.0,13.8840206185567,0.4453125,1.827319587628866,3.9999999999999942,1.8373711340206151,1.4999999999999993,1.3705970387198276,3,
982,32,0.3745612267757298,1.025,0.17482515749150557,1.0,1.0,4.0,1.9801980198019802,0,1.0396039603960396,2.0999999999999996,0.6366336633663364,0.5000000000000003,0.24353333333333319,4,
983,200,0.37418685276715613,12.074999999999989,0.1747205562749412,5.0,0.0,40.0,15.488549618320612,0.6521739130434783,1.4885496183206106,5.499999999999998,2.126717557251905,2.1999999999999975,1.9084742799702756,3,
984,200,0.3738128529454665,19.875000000000007,0.1745874876383757,2.0,0.0,37.0,15.720408163265306,0.39634146341463417,3.7775510204081635,3.399999999999995,1.4224489795918331,1.3999999999999981,0.5657024810598926,2,
985,200,0.37343922693666093,11.424999999999985,0.17453551851621635,2.0,0.0,39.0,16.16412213740458,0.6722222222222223,2.354961832061069,5.20000000000001,2.4816793893129767,2.2999999999999963,2.319087452471486,3,
986,200,0.3730659743671134,12.37499999999998,0.17447419639704714,3.0,0.0,40.0,16.2453531598513,0.6648936170212766,0.055762081784386616,5.600000000000014,2.6301115241635706,2.9999999999999973,3.1136716417910546,3,
987,200,0.3726930948635714,12.72499999999999,0.17441824312963483,3.0,1.0,40.0,14.71003717472119,0.6436170212765957,0.05204460966542751,4.7999999999999865,1.7758364312267607,1.4999999999999982,1.3762752902155786,3,
988,200,0.3723205880531552,17.625,0.1742845763047476,2.0,0.0,35.0,16.30752688172043,0.4253246753246753,4.298924731182796,3.1999999999999935,1.5866666666666625,1.6999999999999909,0.5285988604410209,2,
989,200,0.3719484535633582,12.174999999999992,0.17421630001112698,2.0,0.0,38.0,14.277070063694268,0.5047169811320755,2.305732484076433,4.5999999999999925,2.211146496815284,1.7999999999999956,1.923366600740396,3,
990,200,0.3715766910220457,17.425000000000008,0.17410723549221224,2.0,0.0,34.0,16.615384615384617,0.45833333333333337,2.669683257918552,3.6999999999999953,1.5375565610859687,1.4999999999999938,0.6341131125136269,2,
991,200,0.37120530005745517,14.849999999999994,0.1740232047945537,3.0,0.0,39.0,13.959420289855073,0.5296610169491526,2.7507246376811594,4.4999999999999885,1.8098550724637639,1.5999999999999979,1.072607541336195,3,
992,200,0.37083428029819565,19.975000000000016,0.1738841624866258,2.0,0.0,35.0,15.222222222222221,0.3719512195121951,4.828282828282828,3.099999999999995,1.2050505050505023,1.1999999999999935,0.3804810957293966,2,
993,200,0.37046363137324734,14.49999999999999,0.17376773834052933,2.0,0.0,39.0,12.817629179331307,0.4821428571428571,1.4133738601823709,4.599999999999989,1.4610942249240093,1.1999999999999975,1.1640290096082704,3,
994,200,0.37009335291196127,13.97499999999999,0.1736887467469984,2.0,0.0,40.0,15.308219178082192,0.6421568627450981,0.839041095890411,5.200000000000004,2.1208904109589013,1.5999999999999985,2.2270897106599556,3,
995,200,0.369723444544059,18.20000000000001,0.17356334778383672,2.0,0.0,38.0,16.96153846153846,0.4671052631578947,3.486425339366516,4.399999999999992,1.7696832579185473,1.5999999999999996,1.023249028731127,2,
996,80,0.369353905899632,7.400000000000003,0.1735025807857334,2.0,1.0,12.0,5.911538461538462,0,1.5346153846153847,1.9999999999999987,0.8461538461538454,0.7999999999999998,0.17241083447980002,4,
997,200,0.3689847366091418,14.650000000000006,0.17340669980065443,2.0,0.0,39.0,14.918767507002801,0.5122950819672131,3.134453781512605,4.699999999999996,2.24817927170868,1.8999999999999977,1.7477765049274954,3,
998,200,0.3686159363034188,13.72499999999999,0.17329393275643706,3.0,0.0,40.0,14.281138790035588,0.5867346938775511,0.6725978647686833,5.299999999999998,1.8003558718861195,1.1999999999999988,2.1948675278622036,3,
999,200,0.3682475046136629,15.374999999999996,0.1731970188115789,3.0,0.0,41.0,13.962616822429906,0.5570175438596491,1.5046728971962617,5.7000000000000055,1.8629283489096555,1.3999999999999995,2.259488742236024,3,
1000,200,0.36787944117144233,15.274999999999997,0.173090493818076,2.0,0.0,38.0,12.414565826330533,0.44999999999999996,2.5798319327731094,3.5999999999999903,1.239775910364143,1.099999999999998,0.5312511769505963,3,
1001,200,0.3675117456086935,21.84999999999999,0.1729818354748009,2.0,0.0,36.0,15.068825910931174,0.3524096385542169,2.977732793522267,2.9999999999999947,1.2451417004048557,1.1999999999999968,0.37899616858237384,2,
1002,200,0.36714441755772104,14.124999999999988,0.17290423820500728,3.0,0.0,41.0,15.494661921708184,0.62,0.797153024911032,5.800000000000019,2.451601423487547,2.299999999999999,3.413572695035474,3,
1003,200,0.3667774566511966,14.700000000000017,0.1728096177276514,2.0,0.0,34.0,15.014814814814814,0.46875,1.8691358024691358,3.2999999999999967,1.584691358024688,1.4999999999999973,0.6741895088523617,3,
1004,200,0.3664108625221595,15.324999999999996,0.1727141217661311,2.0,0.0,41.0,14.96979865771812,0.6367924528301887,1.2248322147651007,5.699999999999998,1.9201342281879166,1.6999999999999964,1.7680037836559528,3,
1005,200,0.36604463480401533,18.700000000000006,0.17259503667844278,3.0,0.0,37.0,15.28054298642534,0.45547945205479456,3.4524886877828056,3.1999999999999877,1.3434389140271454,1.2999999999999956,0.3981603476605064,3,
1006,200,0.36567877313053654,16.299999999999994,0.17251151982844087,2.0,0.0,40.0,13.660968660968662,0.4877049180327869,0.8233618233618234,5.5,1.9096866096866087,1.2,2.407674999999997,3,
1007,200,0.3653132771358613,14.674999999999992,0.17244208983175657,3.0,0.0,42.0,15.402061855670103,0.5990566037735849,0.10996563573883161,6.200000000000004,2.5343642611683825,2.6999999999999984,2.7818760037789287,3,
1008,200,0.36494814645449375,20.65,0.17227631634490037,2.0,0.0,37.0,15.295366795366796,0.3286516853932584,5.023166023166024,3.5999999999999885,1.4897683397683357,1.4999999999999913,0.5350131371518617,2,
1009,200,0.3645833807213029,15.225000000000001,0.17216513779463177,2.0,1.0,38.0,15.103015075376884,0.46641791044776115,2.314070351758794,5.499999999999996,2.0927135678391955,1.6999999999999973,2.2800366785982606,3,
1010,200,0.3642189795715233,19.500000000000007,0.1720214744384612,2.0,0.0,36.0,16.113733905579398,0.41666666666666663,2.9978540772532187,3.2999999999999967,1.570386266094416,1.5999999999999932,0.6347482673666245,2,
1011,200,0.3638549426407535,16.275000000000013,0.1718931517507229,3.0,0.0,38.0,15.178010471204189,0.515625,2.0916230366492146,4.49999999999999,1.7445026178010439,1.699999999999996,1.0381313432426642,3,
1012,200,0.3634912695649568,19.65,0.17175536624988588,2.0,0.0,36.0,15.290513833992096,0.3392857142857143,4.6857707509881426,3.6999999999999935,1.4480237154150162,1.2999999999999894,0.7933687581775909,2,
1013,200,0.3631279599804599,16.974999999999994,0.17164451521056898,2.0,0.0,38.0,13.733812949640289,0.4214285714285714,3.961630695443645,3.99999999999999,1.5563549160671433,1.299999999999999,0.8787716231137235,3,
1014,200,0.36276501352395324,12.249999999999986,0.17159154022559614,2.0,0.0,38.0,15.02020202020202,0.58,1.505050505050505,4.799999999999996,2.348821548821548,2.5999999999999948,2.2367327226555425,3,
1015,200,0.36240242983249027,20.200000000000006,0.1714427321719268,2.0,0.0,37.0,15.180633147113594,0.30494505494505497,6.899441340782123,3.3999999999999893,1.4789571694599595,1.3999999999999928,0.5983116018420865,2,
1016,200,0.36204020854348745,18.925000000000015,0.17131584936965472,2.0,0.0,37.0,16.393478260869564,0.42307692307692313,3.7543478260869567,3.7999999999999874,1.6932608695652127,1.6999999999999935,0.7399363418541636,2,
1017,200,0.36167834929472326,14.549999999999983,0.17121151742560617,3.0,0.0,43.0,16.669039145907472,0.6346153846153846,0.24199288256227758,7.500000000000019,3.09217081850534,2.5999999999999965,5.142850810537002,3,
1018,200,0.36131685172433853,18.97500000000001,0.17107386560781584,4.0,0.0,38.0,17.23165137614679,0.48026315789473684,2.4220183486238533,3.9999999999999933,1.8222477064220135,1.8999999999999873,0.7849449485783377,2,
1019,200,0.3609557154708356,13.699999999999992,0.17097062395845863,2.0,0.0,38.0,13.290429042904291,0.5637254901960784,0.21122112211221122,4.099999999999994,1.378547854785477,0.9999999999999983,1.2477052108748652,3,
1020,200,0.3605949401730783,15.649999999999999,0.17084554553647888,2.0,0.0,39.0,14.375,0.55,0.6875,4.299999999999987,1.6673295454545412,1.399999999999997,1.082378877024763,3,
1021,21,0.3602345254702911,-0.95,0.17083279055691186,1.0,0.0,2.0,0.6481481481481481,0,0.0,0.9,0.37962962962962976,0.40000000000000013,0.06127272727272727,4,
1022,200,0.35987447100205955,15.449999999999996,0.17076614561761821,3.0,0.0,40.0,15.092814371257486,0.5862068965517241,2.032934131736527,5.499999999999996,1.961077844311373,1.4999999999999987,1.7998784456097832,3,
1023,200,0.35951477640832885,16.2,0.1706784609990009,3.0,0.0,39.0,14.258823529411766,0.5775862068965517,2.1205882352941177,4.599999999999989,1.3997058823529371,1.1999999999999924,0.9005077033538311,3,
1024,200,0.3591554413294046,13.499999999999975,0.17061265743524529,2.0,0.0,40.0,16.154362416107382,0.5384615384615384,0.8489932885906041,6.700000000000024,3.1845637583892703,3.7499999999999973,5.384654572480704,3,
1025,200,0.3587964654059516,14.02499999999999,0.17050502774484638,2.0,0.0,40.0,13.582317073170731,0.4605263157894737,1.8902439024390243,5.1,1.966768292682925,1.2999999999999992,2.1015676268555397,3,
1026,200,0.3584378482789939,16.05000000000001,0.17041559004013712,2.0,0.0,38.0,16.7125,0.5261194029850746,3.86,4.499999999999989,1.8677499999999954,1.799999999999993,1.017891299320617,3,
1027,200,0.35807958958991437,18.72499999999999,0.17029192176961183,2.0,0.0,37.0,17.452830188679247,0.5,2.2995283018867925,3.599999999999996,1.7521226415094293,1.7999999999999894,0.696650312891111,2,
1028,200,0.3577216889804542,14.500000000000004,0.17020379946339043,3.0,0.0,38.0,15.62912087912088,0.5286885245901639,1.60989010989011,5.299999999999998,2.2914835164835154,1.899999999999997,2.0607946714970424,3,
1029,200,0.3573641460927129,13.174999999999983,0.17013844588579818,3.0,0.0,41.0,17.319391634980988,0.6436170212765957,0.07224334600760456,6.20000000000002,3.273003802281374,3.799999999999996,4.111307830210524,3,
1030,200,0.3570069605691474,20.800000000000004,0.17000469250801675,2.0,0.0,37.0,14.871635610766045,0.38749999999999996,1.5507246376811594,3.4999999999999893,1.3231884057970982,1.1999999999999975,0.6718875381502639,3,
1031,200,0.35665013205257223,21.724999999999987,0.1698901035369262,2.0,0.0,37.0,15.871635610766045,0.39457831325301207,2.9668737060041406,4.499999999999989,1.548033126293992,1.2999999999999963,0.8745081615856738,2,
1032,200,0.3562936601861588,16.325000000000017,0.16977962612556954,2.0,1.0,39.0,16.53846153846154,0.476027397260274,3.8344988344988344,4.8999999999999915,2.165967365967361,2.199999999999991,1.3841639860899766,3,
1033,200,0.35593754461343535,18.875000000000018,0.16967025429859894,3.0,0.0,37.0,16.022774327122153,0.4104938271604939,4.225672877846791,3.199999999999998,1.5070393374741156,1.499999999999989,0.5016089125887303,2,
1034,200,0.35558178497828613,19.800000000000004,0.16955544164627318,2.0,0.0,41.0,15.05188679245283,0.45666666666666667,2.8962264150943398,5.600000000000004,1.6615566037735823,1.299999999999996,1.6782720066750094,3,
1035,200,0.3552263809249515,14.949999999999994,0.16947287818801451,3.0,0.0,37.0,14.310975609756097,0.5740740740740741,0.5274390243902439,3.999999999999995,1.6960365853658503,1.4999999999999973,1.0758784380431798,3,
1036,200,0.3548713320980274,11.174999999999986,0.16939919853459454,3.0,0.0,36.0,14.737642585551331,0.6428571428571429,0.049429657794676805,3.899999999999993,1.6965779467680584,2.099999999999996,1.316090966921113,3,
1037,200,0.35451663814246503,14.000000000000005,0.16933487122388402,2.0,0.0,41.0,15.498498498498499,0.5296610169491526,3.186186186186186,6.400000000000013,2.8588588588588633,2.199999999999998,3.7292419378111523,3,
1038,200,0.35416229870357024,14.400000000000004,0.16928470569189744,2.0,0.0,41.0,15.67123287671233,0.6367924528301887,1.4383561643835616,5.899999999999998,2.338698630136983,2.4999999999999942,2.3608246249838665,3,
1039,200,0.35380831342700375,11.874999999999995,0.16921707907553973,3.0,0.0,40.0,17.292887029288703,0.7261904761904762,0.029288702928870293,4.899999999999999,2.6326359832635946,3.299999999999996,2.1855003501400483,3,
1040,200,0.35345468195878016,16.199999999999996,0.16911608760344965,2.0,0.0,39.0,14.098901098901099,0.5,1.4697802197802199,4.899999999999995,1.8431318681318651,1.599999999999998,1.792796030038863,3,
1041,200,0.353101403945268,16.925000000000004,0.16901144921912492,3.0,0.0,39.0,13.712468193384224,0.47388059701492535,2.8346055979643765,4.399999999999991,1.4956743002544501,1.4999999999999956,0.7408766704651367,3,
1042,200,0.3527484790331891,11.649999999999993,0.1689433858936264,3.0,0.0,41.0,16.86454183266932,0.6722222222222223,0.16334661354581673,6.2999999999999945,2.724302788844618,2.899999999999998,2.412316190476184,3,
1043,200,0.35239590686961875,13.899999999999975,0.1688665690808715,2.0,0.0,42.0,16.818181818181817,0.625,0.05944055944055944,6.400000000000021,3.2216783216783282,3.549999999999997,5.07280885139682,3,
1044,200,0.3520436871019846,16.925000000000008,0.16877015111625465,2.0,0.0,40.0,13.411192214111923,0.39084507042253525,3.24330900243309,4.799999999999993,1.7827250608272476,1.1999999999999997,1.7110742363248788,3,
1045,200,0.3516918193780669,15.149999999999986,0.16867770917074237,4.0,0.0,41.0,14.648387096774194,0.5045454545454545,0.33225806451612905,5.700000000000023,2.432258064516134,1.5999999999999985,3.782289097701352,3,
1046,200,0.3513403033459978,14.425,0.16858950509612358,3.0,0.0,40.0,15.467647058823529,0.538135593220339,2.488235294117647,5.3000000000000185,2.6067647058823544,2.3999999999999977,2.4332988174638324,3,
1047,200,0.35098913865426146,13.349999999999985,0.168555787282872,3.0,0.0,40.0,16.155893536121674,0.6117021276595744,0.7110266159695817,5.000000000000013,2.5885931558935367,2.8999999999999955,2.6892623756650536,3,
1048,200,0.35063832495169295,21.55000000000002,0.16843917073958622,2.0,0.0,37.0,16.0,0.3315217391304348,4.1582867783985105,4.2999999999999945,1.6074487895716913,1.399999999999996,1.0041938079121089,2,
1049,200,0.3502878618874786,20.525,0.1683179213038951,2.0,0.0,37.0,16.194260485651213,0.4294871794871795,3.218543046357616,3.5999999999999877,1.4816777041942573,1.3999999999999924,0.6553628513508205,2,
1050,200,0.3499377491111553,22.749999999999996,0.16818796271879155,2.0,0.0,42.0,15.493096646942801,0.3904494382022472,2.4773175542406314,6.099999999999999,1.4203155818540414,1.0999999999999956,1.3362591422613668,3,
1051,200,0.3495879862726104,17.825000000000006,0.1680955765748473,2.0,0.0,41.0,13.25679012345679,0.4119718309859155,2.8962962962962964,5.499999999999998,1.700246913580244,1.1999999999999997,1.6972695459201028,3,
1052,200,0.3492385730220808,17.000000000000004,0.1679954739307183,2.0,0.0,38.0,13.317673378076062,0.35,4.957494407158837,3.8999999999999884,1.478076062639818,1.2999999999999958,0.811514453875716,3,
1053,200,0.34888950901015336,13.724999999999998,0.1679692352263253,3.0,0.0,39.0,14.572368421052632,0.6153846153846154,1.2730263157894737,4.299999999999986,1.8121710526315737,1.6999999999999986,1.0293037926743418,3,
1054,200,0.348540793887764,21.42500000000001,0.16786811630829995,3.0,0.0,41.0,14.664717348927875,0.351123595505618,4.758284600389864,5.799999999999998,1.3399610136452218,1.0,1.2399088035019434,3,
1055,200,0.3481924273061976,12.49999999999999,0.16781277560288715,2.0,0.0,41.0,17.224489795918366,0.7045454545454546,0.1346938775510204,5.700000000000009,2.770204081632651,3.199999999999992,2.3879274956683996,3,
1056,200,0.3478444089170874,13.174999999999995,0.16776444444833502,3.0,0.0,40.0,15.536121673003802,0.6521739130434783,0.09505703422053231,5.7,2.175665399239542,1.7999999999999976,2.6690281633125106,3,
1057,200,0.34749673837241524,22.32499999999999,0.1676396535918901,3.0,0.0,38.0,15.754838709677419,0.43125,2.41505376344086,3.899999999999992,1.3079569892473086,1.1999999999999964,0.5957458931478442,2,
1058,200,0.3471494153245103,14.849999999999984,0.16755390654405877,3.0,0.0,38.0,14.963414634146341,0.5681818181818182,1.4390243902439024,4.90000000000001,2.217378048780488,1.8999999999999988,2.1820048706580093,3,
1059,104,0.34680243942604977,10.175000000000013,0.16748679636762687,2.0,0.0,16.0,8.582582582582583,0,2.645645645645646,2.699999999999999,1.100300300300299,0.9999999999999991,0.41667033403073345,4,
1060,200,0.3464558103300574,24.124999999999993,0.16737286114832017,3.0,0.0,44.0,13.780357142857143,0.20500000000000007,4.558928571428571,7.600000000000007,1.5746428571428572,0.8999999999999988,3.1497956307258717,3,
1061,200,0.3461095276899044,11.699999999999985,0.1673403507588904,3.0,0.0,39.0,16.856573705179283,0.6686046511627907,0.14741035856573706,5.300000000000003,2.719521912350598,2.4999999999999956,2.6534857142857207,3,
1062,200,0.34576359115930777,17.175000000000004,0.1672615941667499,2.0,0.0,40.0,16.34,0.5108695652173914,1.94,5.000000000000002,2.1092499999999963,2.1999999999999966,1.5316490103063118,3,
1063,200,0.3454180003923312,23.000000000000014,0.1671346662095871,2.0,0.0,38.0,15.714285714285714,0.3555555555555555,2.9847619047619047,3.6999999999999895,1.385904761904759,1.2,0.6334417177023745,2,
1064,200,0.34507275504338375,18.150000000000002,0.16704777448930747,1.0,0.0,36.0,14.072164948453608,0.4765625,1.6056701030927836,3.099999999999995,1.3626288659793777,1.349999999999996,0.5172924015065438,3,
1065,200,0.3447278547672202,10.924999999999999,0.16698142939525246,3.0,0.0,39.0,16.91213389121339,0.725609756097561,0.0,4.299999999999989,2.404184100418405,2.5999999999999943,1.2775780812324842,3,
1066,200,0.34438329921894,15.19999999999999,0.16689243658558894,3.0,0.0,39.0,13.566455696202532,0.5370370370370371,0.8417721518987342,5.200000000000004,1.7110759493670884,0.9999999999999993,2.2501213759951955,3,
1067,200,0.34403908805398786,16.400000000000013,0.16681451248315698,3.0,0.0,41.0,16.149214659685864,0.5073529411764706,3.256544502617801,5.8000000000000025,2.5141361256544514,1.8999999999999966,3.0279884596671005,3,
1068,200,0.34369522092815236,21.250000000000007,0.16670105252891987,2.0,0.0,38.0,15.588709677419354,0.36046511627906974,4.663306451612903,4.399999999999994,1.5727822580645128,1.3999999999999932,1.0256141698676873,2,
1069,200,0.3433516974975665,15.775000000000006,0.1666149402191993,2.0,0.0,40.0,13.495121951219513,0.3838028169014085,3.4317073170731707,4.899999999999998,1.9539024390243889,1.4,1.9374231256580914,3,
1070,200,0.34300851741870664,13.700000000000006,0.16654417556909465,2.0,0.0,39.0,14.245179063360881,0.4838709677419355,4.03030303030303,5.000000000000004,2.120936639118456,1.6999999999999993,1.928336621941595,3,
1071,200,0.3426656803483929,17.50000000000001,0.16647024774444505,2.0,0.0,38.0,13.564102564102564,0.39583333333333337,3.773892773892774,3.899999999999992,1.3967365967365941,1.1999999999999988,0.7026038904585936,3,
1072,200,0.34232318594378797,12.799999999999983,0.16641901109578636,3.0,0.0,42.0,18.420408163265307,0.7055555555555556,0.11020408163265306,6.100000000000033,3.487755102040824,4.199999999999998,3.549296947887539,3,
1073,200,0.3419810338623976,12.474999999999978,0.16638543441132506,2.0,0.0,40.0,17.53696498054475,0.65,0.8638132295719845,6.100000000000012,3.2758754863813313,3.9000000000000274,3.3274839510659153,3,
1074,200,0.34163922376206945,12.099999999999978,0.16631586385288166,2.0,1.0,39.0,17.27238805970149,0.6630434782608695,0.9514925373134329,6.2000000000000135,3.233208955223885,3.8000000000000007,3.181366832351773,3,
1075,200,0.3412977553009937,14.299999999999985,0.16625386025273525,4.0,0.0,45.0,18.661354581673308,0.6785714285714286,0.9960159362549801,8.800000000000018,3.8023904382470155,3.599999999999996,7.5735009523809875,3,
1076,200,0.34095662813770156,20.85000000000001,0.1661657129386124,2.0,1.0,35.0,15.33939393939394,0.3475609756097561,2.703030303030303,3.699999999999998,1.414747474747472,1.2999999999999994,0.587966729789733,2,
1077,200,0.3406158419310661,15.324999999999987,0.16613498765358248,3.0,0.0,41.0,15.73913043478261,0.5833333333333334,1.2608695652173914,6.600000000000013,2.7086956521739136,2.0499999999999963,4.1761758436773775,3,
1078,200,0.3402753963403008,14.099999999999994,0.16607728134069655,2.0,0.0,38.0,13.848684210526315,0.5735294117647058,0.8289473684210527,4.599999999999994,1.6917763157894716,1.2999999999999992,1.5561663149921503,3,
1079,200,0.33993529102496034,16.724999999999994,0.16600066594493795,2.0,0.0,42.0,15.149700598802395,0.5583333333333333,0.2125748502994012,6.300000000000024,2.442514970059884,2.2499999999999982,3.5877455963426286,3,
1080,200,0.3395955256449391,19.074999999999996,0.16592563442584563,3.0,0.0,38.0,17.10893246187364,0.439873417721519,3.263616557734205,4.39999999999999,2.0655773420479266,1.999999999999996,1.3274052591608063,2,
1081,200,0.33925609986047195,20.924999999999983,0.1658431941632034,2.0,0.0,37.0,16.70440251572327,0.39457831325301207,2.4716981132075473,4.599999999999995,2.0486373165618414,1.7999999999999994,1.428458299637842,2,
1082,200,0.3389170133321328,19.900000000000002,0.16572236525281664,3.0,0.0,38.0,14.192380952380953,0.27840909090909094,6.142857142857143,4.699999999999996,1.5230476190476172,1.099999999999999,1.2710734188604746,3,
1083,200,0.3385782657208353,15.750000000000004,0.16565899454125693,2.0,0.0,42.0,15.75632911392405,0.5921052631578947,0.680379746835443,6.400000000000025,2.633860759493675,1.999999999999999,3.6293011867207654,3,
1084,200,0.3382398566878317,17.425000000000004,0.16557346105706422,3.0,0.0,39.0,14.33806146572104,0.41666666666666663,3.1252955082742315,5.300000000000005,1.7548463356973993,1.1999999999999993,2.025088303675227,3,
1085,200,0.33790178589471304,19.57500000000002,0.16550656937130162,2.0,0.0,35.0,15.870476190476191,0.34302325581395354,6.142857142857143,3.4999999999999925,1.4796190476190418,1.4999999999999916,0.39667177023771416,2,
1086,200,0.33756405300340836,15.874999999999988,0.16548094765297716,2.0,0.0,41.0,15.455479452054794,0.6442307692307693,0.17465753424657535,5.700000000000012,2.2092465753424664,1.549999999999998,2.8534068705065607,3,
1087,200,0.33722665767618487,16.225,0.16543529859197206,2.0,0.0,37.0,14.707446808510639,0.5161290322580645,0.9308510638297872,3.6999999999999895,1.560904255319145,1.4999999999999927,0.7036626702033558,3,
1088,200,0.33688959957564707,21.47500000000001,0.1653655369175641,2.0,0.0,37.0,16.333333333333332,0.39880952380952384,3.3768115942028984,4.09999999999999,1.7666666666666622,1.7999999999999896,0.7155172147731509,2,
1089,200,0.336552878364737,14.024999999999988,0.1652959070707113,3.0,0.0,39.0,15.122377622377622,0.6377551020408163,0.05244755244755245,5.199999999999998,2.1055944055944047,1.449999999999999,2.5295101167553007,3,
1090,200,0.33621649370673334,14.699999999999992,0.1652367632185803,2.0,0.0,39.0,14.100609756097562,0.5178571428571429,1.1585365853658536,4.799999999999994,2.1094512195121915,2.2999999999999927,1.8353240753650606,3,
1091,200,0.3358804452652514,18.899999999999974,0.16516030099609813,3.0,0.0,36.0,17.79310344827586,0.47,2.3448275862068964,4.7000000000000055,2.1436781609195377,1.9999999999999991,1.3196164334333929,2,
1092,200,0.3355447327042427,14.44999999999998,0.1650954712012492,2.0,0.0,42.0,16.34304207119741,0.5535714285714286,2.1488673139158574,7.500000000000025,3.32944983818771,2.999999999999998,5.768998952660288,3,
1093,200,0.33520935568799465,13.999999999999995,0.16506065233260594,2.0,1.0,39.0,14.227272727272727,0.6,0.8496503496503497,4.499999999999994,1.667132867132865,1.3999999999999997,1.3670483525887835,3,
1094,200,0.3348743138811302,20.625000000000004,0.165004853747015,2.0,0.0,38.0,16.736238532110093,0.4766666666666667,1.0711009174311927,3.999999999999988,1.5415137614678858,1.2999999999999972,0.9316530682027344,2,
1095,200,0.3345396069486076,18.100000000000016,0.16492666920875065,2.0,0.0,37.0,17.240825688073393,0.472972972972973,3.36697247706422,4.199999999999992,1.8442660550458656,1.6999999999999946,0.82916873142376,2,
1096,200,0.33420523455571977,15.750000000000004,0.1648561306483449,2.0,0.0,40.0,16.144886363636363,0.5532786885245902,1.9943181818181819,5.900000000000012,2.577556818181819,2.1999999999999966,2.851081813999674,3,
1097,200,0.3338711963680944,11.74999999999998,0.1648173031649836,2.0,0.0,37.0,14.864963503649635,0.6166666666666667,0.791970802919708,5.399999999999999,1.970072992700729,1.2999999999999987,2.435049217449216,3,
1098,200,0.3335374920516932,17.800000000000022,0.16472830965344512,2.0,0.0,40.0,15.29247311827957,0.4125,4.774193548387097,4.899999999999996,1.8047311827956947,1.6999999999999948,1.129445204972617,3,
1099,200,0.33320412127281185,16.15000000000001,0.1646575845563318,3.0,1.0,40.0,16.42032967032967,0.5595238095238095,2.1153846153846154,5.400000000000012,2.3739010989010993,1.9999999999999998,2.809037850484928,3,
1100,200,0.33287108369807955,12.674999999999988,0.16459591606276713,2.0,0.0,42.0,18.248979591836736,0.7055555555555556,0.8326530612244898,6.700000000000014,3.3848979591836743,3.1999999999999944,4.465846328135428,3,
1101,200,0.3325383789944587,16.475000000000005,0.16451965504895186,2.0,0.0,39.0,16.51098901098901,0.5483870967741935,1.7142857142857142,6.400000000000005,2.6244505494505495,2.199999999999995,2.935056190799666,3,
1102,200,0.33220600682924445,22.150000000000013,0.1644204210594542,2.0,0.0,37.0,15.978378378378379,0.30208333333333337,5.145945945945946,3.8999999999999946,1.588288288288284,1.4999999999999982,0.7005678128976932,2,
1103,200,0.3318739668700649,15.425000000000002,0.16434049357271027,3.0,0.0,41.0,14.447447447447447,0.5296610169491526,0.984984984984985,5.500000000000007,2.2354354354354347,1.899999999999999,2.323870391746628,3,
1104,200,0.3315422587848797,13.699999999999998,0.16428518034870837,2.0,0.0,40.0,14.249190938511326,0.5277777777777778,1.307443365695793,5.199999999999991,2.139158576051776,2.199999999999997,1.7271254713028816,3,
1105,200,0.331210882241981,13.374999999999977,0.16423505485573844,2.0,0.0,41.0,16.114093959731544,0.5518867924528302,1.7181208053691275,6.900000000000008,3.1322147651006746,2.849999999999997,4.746465322117517,3,
1106,200,0.33087983690999206,13.699999999999983,0.16418739690679712,2.0,0.0,42.0,17.98406374501992,0.6847826086956522,0.027888446215139442,6.100000000000022,3.381673306772911,3.699999999999999,3.688487619047634,3,
1107,200,0.3305491224578677,19.725,0.16408404217014858,2.0,0.0,36.0,16.96875,0.4383116883116883,3.486607142857143,3.899999999999993,1.8725446428571377,1.9999999999999865,0.7752545303259003,2,
1108,200,0.3302187385548933,16.72500000000001,0.1640121887515502,2.0,0.0,38.0,16.92,0.5261194029850746,1.8075,4.299999999999993,1.9922499999999952,1.999999999999998,1.2009224432652659,3,
1109,200,0.329888684870685,23.474999999999987,0.16390391049524,2.0,0.0,39.0,15.763975155279503,0.39117647058823535,2.308488612836439,4.399999999999991,1.5554865424430606,1.3999999999999986,0.8503824457323088,2,
1110,200,0.32955896107518906,18.525000000000006,0.163816106562049,2.0,0.0,37.0,14.91727493917275,0.47058823529411764,1.8759124087591241,4.499999999999997,1.5944038929440367,1.1999999999999993,1.2536257399952622,3,
1111,200,0.32922956683868165,20.625,0.16375211438071985,2.0,0.0,40.0,17.225446428571427,0.46518987341772156,2.7544642857142856,4.899999999999991,2.0104910714285666,1.9999999999999976,1.0946052126774333,2,
1112,200,0.3289005018317685,13.999999999999988,0.16371050377848528,2.0,0.0,41.0,15.89051094890511,0.6581632653061225,0.11678832116788321,5.500000000000006,2.4737226277372235,2.2999999999999927,2.2242296370296346,3,
1113,200,0.3285717657253846,17.350000000000005,0.1636473019919158,2.0,0.0,37.0,13.851851851851851,0.46641791044776115,2.8296296296296295,3.199999999999988,1.3061728395061694,1.1999999999999957,0.5069032580597931,3,
1114,200,0.32824335819079375,13.349999999999996,0.16358079947921467,3.0,0.0,40.0,14.427509293680297,0.6648936170212766,0.7434944237918215,5.199999999999992,1.5394052044609627,1.2999999999999967,1.4815903814261948,3,
1115,200,0.32791527889958855,12.874999999999993,0.16356930416871243,2.0,0.0,40.0,16.147540983606557,0.7034883720930233,0.05737704918032787,4.999999999999988,2.097950819672126,2.099999999999994,1.263746535651289,3,
1116,200,0.3275875275236895,19.5,0.1635119697870534,2.0,0.0,42.0,17.2525,0.5138888888888888,2.62,6.300000000000014,2.4332499999999997,2.099999999999997,2.261583572397335,3,
1117,200,0.3272601037353453,21.699999999999985,0.16339808694259836,2.0,0.0,40.0,15.596806387225548,0.36627906976744184,3.9221556886227544,5.200000000000011,1.7469061876247483,1.2999999999999998,1.6616587250996049,3,
1118,200,0.3269330072071321,17.674999999999997,0.16336068765674902,3.0,0.0,39.0,14.262886597938145,0.48484848484848486,1.2551546391752577,5.099999999999996,1.6425257731958727,1.3999999999999975,1.500289153265175,3,
1119,200,0.3266062376119534,18.649999999999995,0.16329993533371084,2.0,0.0,40.0,14.294554455445544,0.4571428571428572,1.7376237623762376,5.599999999999998,1.7950495049504924,1.4999999999999984,1.8088479612780637,3,
1120,200,0.32627979462303947,14.074999999999994,0.16326429231826525,3.0,0.0,42.0,16.28358208955224,0.6479591836734694,0.20522388059701493,6.100000000000011,2.7048507462686557,2.5999999999999956,2.7962467454715085,3,
1121,200,0.32595367791394736,13.499999999999982,0.16320459844485682,4.0,0.0,39.0,15.753731343283581,0.6413043478260869,0.1417910447761194,5.4999999999999964,2.3869402985074646,2.1499999999999986,3.252598610472976,3,
1122,128,0.32562788715856034,11.500000000000007,0.16314362781794425,2.0,0.0,20.0,9.982300884955752,0,3.7404129793510323,3.0,1.08702064896755,0.9,0.4033158719108946,4,
1123,200,0.3253024220310876,22.099999999999984,0.16304247978950143,3.0,0.0,39.0,16.594104308390023,0.47077922077922074,1.7551020408163265,5.100000000000002,1.5342403628117898,1.1999999999999953,1.5577698477992594,2,
1124,200,0.324977282206064,17.075000000000003,0.16298264950641153,2.0,0.0,39.0,13.943181818181818,0.5122950819672131,1.1818181818181819,4.699999999999989,1.7321022727272697,1.3999999999999992,1.387872690733874,3,
1125,200,0.32465246735834974,13.299999999999985,0.1629315463841452,2.0,0.0,41.0,16.131672597864767,0.57,1.3914590747330962,6.5000000000000195,2.9234875444839896,2.699999999999996,4.338364488348555,3,
1126,200,0.3243279771631298,12.624999999999988,0.16289084434688464,2.0,0.0,41.0,17.88702928870293,0.7151162790697675,0.0,6.200000000000012,3.0041841004184096,2.599999999999995,3.872937324929978,3,
1127,200,0.32400381129591416,17.82500000000001,0.16281754267645762,2.0,0.0,38.0,14.84,0.49626865671641796,2.325,3.699999999999987,1.566249999999996,1.4999999999999982,0.8052409702560592,3,
1128,200,0.3236799694325367,21.449999999999967,0.1627436736941692,2.0,0.0,40.0,16.880174291939,0.44512195121951215,2.812636165577342,4.899999999999999,1.9283224400871435,1.7999999999999878,1.7663086197076088,2,
1129,200,0.32335645124915574,14.54999999999999,0.16268690440782974,2.0,0.0,39.0,14.575342465753424,0.59,0.17465753424657535,4.7999999999999945,2.0407534246575305,1.599999999999999,1.8833269999882623,3,
1130,200,0.3230332564222529,16.75,0.1626134497179356,3.0,0.0,38.0,12.9675,0.3843283582089553,2.565,4.499999999999996,1.6712499999999981,1.0999999999999988,1.6779089244307732,3,
1131,200,0.3227103846286335,21.44999999999998,0.16253338062850625,2.0,0.0,38.0,16.412121212121214,0.37643678160919536,3.7777777777777777,4.899999999999992,1.8474747474747442,1.3999999999999972,1.5016512668146749,2,
1132,200,0.3223878355454255,12.399999999999974,0.16251114135129122,2.0,0.0,42.0,19.598326359832637,0.7272727272727273,0.029288702928870293,6.500000000000016,4.015899581589971,4.900000000000002,4.40492892156867,3,
1133,200,0.32206560885008,12.34999999999999,0.16248895452553433,2.0,0.0,40.0,16.140684410646386,0.6195652173913043,1.7300380228136882,5.500000000000009,2.579467680608363,2.1999999999999984,2.8696579343048816,3,
1134,200,0.32174370422037013,14.474999999999994,0.16244502558498378,3.0,0.0,43.0,16.874524714828897,0.6479591836734694,0.20532319391634982,6.700000000000028,3.006083650190119,2.699999999999996,4.494704776775416,3,
1135,200,0.32142212133439135,16.02499999999999,0.16239170101088773,3.0,1.0,42.0,15.090301003344482,0.6111111111111112,0.9364548494983278,6.000000000000013,2.244816053511705,1.6999999999999975,3.0655843400447464,3,
1136,200,0.32110085987056064,15.074999999999992,0.16232599055349037,3.0,0.0,39.0,14.304347826086957,0.5409090909090909,0.2360248447204969,5.099999999999998,2.1329192546583826,2.2999999999999936,1.9327858954698403,3,
1137,200,0.3207799195076166,16.875,0.1622719993820652,2.0,0.0,43.0,14.661764705882353,0.5403225806451613,0.5823529411764706,6.6000000000000165,2.2485294117647063,1.4499999999999995,3.623470358740136,3,
1138,200,0.32045929992461875,15.774999999999991,0.1622115298540941,2.0,0.0,42.0,16.274390243902438,0.5720338983050848,1.2865853658536586,6.500000000000029,3.025914634146346,3.3999999999999977,4.411656023721248,3,
1139,200,0.3201390008009476,24.9,0.16213596434439675,2.0,0.0,40.0,15.05,0.36111111111111116,2.4346153846153844,4.899999999999998,1.1863461538461515,0.9999999999999957,0.8134896578759522,2,
1140,200,0.31981902181630384,12.974999999999996,0.16209988582110885,2.0,0.0,38.0,14.043636363636363,0.5978260869565217,0.72,3.6999999999999886,1.5461818181818148,1.5999999999999988,1.0038077858880716,3,
1141,200,0.31949936265070866,19.574999999999996,0.16204431335610087,2.0,1.0,39.0,17.59862385321101,0.48026315789473684,3.5481651376146788,4.899999999999996,2.058944954128436,1.8499999999999952,1.4205008548357356,2,
1142,200,0.31918002298450265,13.249999999999988,0.16201516170938024,2.0,0.0,43.0,18.327868852459016,0.717391304347826,0.06147540983606557,6.600000000000027,3.3790983606557425,3.7999999999999954,3.4475308641975504,3,
1143,200,0.3188610024983463,14.32499999999999,0.16197376386090245,2.0,0.0,39.0,14.183946488294314,0.5576923076923077,1.1036789297658862,5.3999999999999995,1.8816053511705666,1.4999999999999978,2.3485507829977577,3,
1144,200,0.31854230087321894,19.924999999999997,0.16190240454853463,2.0,0.0,38.0,16.951541850220263,0.4525316455696202,3.5330396475770924,4.999999999999994,1.8788546255506566,1.6999999999999922,1.1191177740581688,2,
1145,200,0.3182239177904191,16.174999999999997,0.16184140853439735,2.0,0.0,42.0,15.762658227848101,0.5833333333333334,0.7468354430379747,6.5000000000000195,2.76107594936709,2.8999999999999977,3.737035000751102,3,
1146,200,0.3179058529315635,16.649999999999984,0.16178012552121407,2.0,0.0,37.0,13.597333333333333,0.4193548387096774,0.312,5.000000000000004,2.0082666666666675,1.3999999999999995,2.4446157128228507,3,
1147,200,0.31758810597858733,22.50000000000001,0.16167773225948634,1.0,0.0,35.0,16.33511586452763,0.30319148936170215,4.101604278074866,3.599999999999992,1.5012477718360029,1.4999999999999978,0.5413370615149944,2,
1148,200,0.3172706766137436,15.67499999999999,0.16164279563655737,4.0,0.0,42.0,14.465189873417721,0.5131578947368421,0.12025316455696203,6.699999999999998,2.3585443037974665,2.0999999999999988,3.1829019077662557,3,
1149,200,0.31695356451960294,14.999999999999996,0.1615882091970994,2.0,0.0,42.0,15.638629283489097,0.5296610169491526,3.205607476635514,6.400000000000025,2.954517133956392,2.1999999999999997,4.130930900621148,3,
1150,200,0.31663676937905316,20.57499999999999,0.1615351445002829,3.0,0.0,39.0,16.980392156862745,0.441358024691358,3.8801742919389977,4.700000000000006,1.988453159041393,1.6999999999999993,1.7255611353711853,2,
1151,200,0.3163202908752992,13.999999999999986,0.16148276371880949,3.0,0.0,40.0,14.962536023054755,0.5333333333333333,3.6080691642651295,6.000000000000013,2.4149855907780986,2.3999999999999995,3.345624543219728,3,
1152,200,0.31600412869186245,24.374999999999982,0.16139394884020647,2.0,0.0,39.0,15.871428571428572,0.37790697674418605,2.2775510204081635,4.79999999999999,1.6893877551020373,1.5499999999999958,1.2369945730719345,2,
1153,200,0.3156882825125808,21.049999999999997,0.16130831887653785,2.0,0.0,41.0,13.872767857142858,0.3782051282051282,1.9174107142857142,6.200000000000005,1.808258928571428,1.2999999999999945,2.8702809125922415,3,
1154,200,0.31537275202160797,13.624999999999993,0.16124035956216515,3.0,1.0,40.0,15.600671140939598,0.5865384615384616,0.6476510067114094,5.000000000000006,2.7033557046979912,3.349999999999998,2.9234444782271014,3,
1155,200,0.3150575369034133,15.024999999999999,0.16117278170096971,2.0,0.0,40.0,14.91139240506329,0.6045454545454545,0.2310126582278481,5.2999999999999945,1.9806962025316428,1.3999999999999997,2.1308195884031766,3,
1156,200,0.3147426368427819,15.249999999999988,0.16111253707411458,2.0,0.0,43.0,16.544776119402986,0.67,0.0,6.700000000000017,2.796641791044776,1.9999999999999967,3.490373139523562,3,
1157,200,0.31442805152481357,17.424999999999994,0.16105977241137226,2.0,0.0,40.0,13.29539295392954,0.4453125,1.3577235772357723,5.100000000000002,1.8205962059620573,1.3999999999999986,1.843925381903638,3,
1158,200,0.31411378063492296,20.299999999999983,0.1609657405476258,2.0,0.0,36.0,17.667464114832537,0.5,0.9473684210526315,3.4999999999999947,1.7622009569377952,1.7999999999999952,0.788623592772555,2,
1159,200,0.3137998238588391,18.649999999999984,0.16088057885311502,3.0,0.0,41.0,15.07673860911271,0.4486301369863014,2.7146282973621103,6.000000000000019,2.124700239808153,1.3999999999999946,3.1515662955465715,3,
1160,200,0.3134861808826053,20.42499999999999,0.160807475513737,2.0,0.0,42.0,17.46933962264151,0.5166666666666667,1.5306603773584906,6.000000000000002,2.0153301886792416,1.6999999999999929,1.7529586983729648,3,
1161,200,0.3131728513925785,14.549999999999994,0.16074701471387437,2.0,1.0,40.0,14.786713286713287,0.6,0.9545454545454546,5.3000000000000025,2.1181818181818155,1.799999999999997,2.1948011492144968,3,
1162,200,0.3128598350754292,22.474999999999994,0.1606521943348639,2.0,0.0,37.0,14.994082840236686,0.33139534883720934,4.260355029585799,3.4999999999999925,1.2913214990138038,1.1,0.5520767327503021,2,
1163,200,0.312547131618141,15.824999999999987,0.16061426645022434,2.0,0.0,40.0,15.288235294117648,0.5466101694915254,1.2823529411764707,5.700000000000006,2.4885294117647088,1.8499999999999979,2.94715862593969,3,
1164,200,0.31223474070801055,23.150000000000013,0.16054049988536534,2.0,0.0,40.0,15.921328671328672,0.27403846153846156,6.3321678321678325,5.500000000000002,1.9160839160839132,1.4999999999999984,1.4949556670120372,2,
1165,200,0.31192266203264674,21.099999999999987,0.16045183053901474,2.0,0.0,39.0,18.323394495412845,0.4715189873417721,1.658256880733945,5.099999999999994,2.493807339449538,2.599999999999993,1.4223315184512981,2,
1166,200,0.31161089527997105,16.924999999999997,0.16037764514334424,2.0,0.0,41.0,13.548556430446194,0.42910447761194026,3.3018372703412076,5.400000000000006,1.9758530183727017,1.5999999999999979,2.0785388536786984,3,
1167,200,0.3112994401382165,22.85,0.16029838517742456,2.0,1.0,37.0,16.363636363636363,0.3131578947368421,5.898395721925134,3.299999999999996,1.5183600713012433,1.4999999999999911,0.563675394001016,2,
1168,200,0.3109882962959281,18.500000000000007,0.1602517420907969,2.0,0.0,37.0,14.593984962406015,0.4545454545454546,1.3333333333333333,5.1999999999999975,1.8182957393483703,1.4999999999999964,1.6517809045226128,3,
1169,200,0.31067746344196184,21.700000000000014,0.16017038874180534,3.0,1.0,42.0,14.792380952380952,0.32608695652173914,5.801904761904762,6.099999999999997,1.63733333333333,1.3999999999999964,1.2980014077148552,3,
1170,200,0.31036694126548503,24.600000000000016,0.16005886315154455,2.0,0.0,39.0,16.776649746192895,0.2892156862745098,5.241962774957699,4.599999999999993,1.5656514382402662,1.3999999999999964,0.9081121163536399,2,
1171,200,0.31005672945597523,19.724999999999994,0.15999687223318204,2.0,0.0,36.0,17.350762527233115,0.4358974358974359,3.130718954248366,4.19999999999999,2.1649237472766836,2.2999999999999883,1.0187527055249614,2,
1172,200,0.3097468277032208,13.824999999999998,0.15995095160385364,2.0,0.0,39.0,14.710714285714285,0.5833333333333334,0.23214285714285715,5.199999999999995,2.042499999999996,1.9999999999999967,1.861896070102927,3,
1173,200,0.30943723569731985,14.72499999999998,0.15993628082111022,2.0,0.0,43.0,16.160958904109588,0.5648148148148148,0.9006849315068494,6.600000000000033,3.101027397260281,3.2499999999999964,4.4548114657002795,3,
1174,200,0.3091279531286804,13.299999999999983,0.15990258824611603,3.0,0.0,39.0,15.73090909090909,0.6329787234042553,0.0,5.800000000000012,2.4669090909090934,2.699999999999997,3.6479350470750167,3,
1175,200,0.30881897968801986,25.074999999999996,0.15982849068514446,2.0,0.0,40.0,16.463063063063064,0.3207070707070707,4.3495495495495495,5.300000000000008,1.8790990990990977,1.5999999999999912,1.9348126769342648,2,
1176,200,0.3085103150663647,20.075000000000003,0.15976465126815098,2.0,0.0,41.0,14.430232558139535,0.44999999999999996,3.1069767441860465,5.3999999999999915,1.5832558139534847,1.299999999999995,1.1516793492663524,3,
1177,200,0.3082019589550503,25.65,0.15968616181450718,2.0,0.0,38.0,16.589189189189188,0.3163265306122449,3.7333333333333334,4.099999999999989,1.5688288288288246,1.5,0.6562737319169905,2,
1178,200,0.3078939110457206,24.275,0.1596044838307781,2.0,0.0,40.0,15.998116760828625,0.3521505376344086,4.681732580037664,5.299999999999995,1.6352165725047039,1.4999999999999858,1.0323039438218147,2,
1179,200,0.3075861710303276,17.875,0.15954203359226568,3.0,0.0,39.0,17.66046511627907,0.48972602739726023,2.932558139534884,4.399999999999991,2.241860465116274,2.299999999999997,1.4468601777186438,3,
1180,200,0.30727873860113125,19.150000000000006,0.15946031630558005,2.0,0.0,42.0,15.204597701149424,0.4383116883116883,2.340229885057471,7.400000000000009,2.1629885057471254,1.5999999999999974,3.209152855874526,3,
1181,200,0.30697161345069907,16.474999999999984,0.15939670889614685,2.0,0.0,43.0,15.328804347826088,0.47388059701492535,3.152173913043478,7.400000000000026,2.930978260869569,2.349999999999998,5.483102574894989,3,
1182,200,0.306664795271906,23.650000000000002,0.15930841826718362,3.0,0.0,38.0,16.26153846153846,0.275,6.073504273504273,5.29999999999999,1.7176068376068345,1.2999999999999985,1.4300018701201516,2,
1183,200,0.30635828375793367,18.099999999999994,0.15924558841992653,3.0,0.0,42.0,13.900523560209423,0.4411764705882353,3.1989528795811517,6.300000000000017,2.1340314136125658,1.5999999999999976,2.7726828532856462,3,
1184,200,0.3060520786022707,16.85,0.15918394408394926,2.0,0.0,38.0,15.516990291262136,0.46014492753623193,3.0655339805825244,4.799999999999997,2.164320388349512,1.7999999999999996,1.8325484408782686,3,
1185,200,0.30574617949871175,21.12499999999999,0.15911923561953126,3.0,0.0,40.0,17.724061810154524,0.44753086419753085,1.739514348785872,5.100000000000003,2.392935982339951,2.2999999999999994,1.4681691746910428,2,
1186,200,0.3054405861413579,24.25,0.1590551631400404,2.0,0.0,40.0,15.731751824817518,0.3118556701030928,3.9434306569343067,5.0000000000000036,1.7262773722627716,1.4499999999999962,1.3456278492056346,2,
1187,200,0.3051352982246155,28.800000000000008,0.1589758716865559,2.0,0.0,37.0,15.660033167495854,0.25,2.1807628524046434,3.5999999999999917,1.2747927031509092,0.9999999999999948,0.7494495720666188,2,
1188,200,0.30483031544319683,16.824999999999992,0.15892086810588188,2.0,0.0,40.0,14.669565217391304,0.5416666666666666,2.2840579710144926,5.7000000000000055,2.142028985507246,1.5999999999999983,2.4319061701841718,3,
1189,200,0.304525637492119,16.125,0.15886063452262927,2.0,0.0,40.0,13.407185628742514,0.5258620689655172,1.4970059880239521,4.999999999999993,1.6197604790419131,1.2999999999999998,1.3891429339787489,3,
1190,200,0.3042212640667041,12.44999999999999,0.15882079092400953,2.0,0.0,39.0,15.94820717131474,0.6686046511627907,0.03187250996015936,5.0000000000000036,2.1745019920318707,1.9999999999999987,2.232851428571425,3,
1191,27,0.3039171948625785,0.3499999999999997,0.15880720670518786,1.0,0.0,3.0,1.3506493506493507,0,0.33766233766233766,1.5999999999999996,0.49220779220779226,0.40000000000000024,0.1454183535762482,4,
1192,200,0.30361342957567317,18.099999999999994,0.1587592625370401,2.0,0.0,41.0,13.170520231213873,0.5122950819672131,0.6040462427745664,5.400000000000002,1.5202312138728304,1.099999999999999,1.7259056926867948,3,
1193,200,0.30330996790222264,19.074999999999992,0.1587166109969346,2.0,0.0,41.0,14.307086614173228,0.49626865671641796,1.20997375328084,5.5,1.8482939632545905,1.2999999999999998,1.7540577294020356,3,
1194,200,0.3030068095387654,18.174999999999997,0.15865933449610692,2.0,0.0,41.0,13.471544715447154,0.4423076923076923,1.0352303523035231,5.800000000000005,1.9457994579945783,1.2999999999999994,2.6448866039952983,3,
1195,200,0.30270395418214285,23.95000000000001,0.15858468963431363,2.0,0.0,42.0,16.40515653775322,0.33762886597938147,4.804788213627993,6.1,2.012338858195208,1.7999999999999914,1.5025968634686302,2,
1196,200,0.3024014015294998,13.824999999999994,0.15854614459024277,2.0,0.0,37.0,14.590604026845638,0.6173469387755102,0.08389261744966443,4.09999999999999,1.823489932885902,1.7499999999999956,1.0385203202594435,3,
1197,200,0.3020991512782834,23.425000000000008,0.15845864062344486,2.0,1.0,37.0,15.318702290076336,0.31666666666666665,3.2022900763358777,3.9999999999999933,1.5465648854961804,1.1999999999999966,0.973293271419462,2,
1198,200,0.3017972031262435,16.174999999999986,0.15841349582355255,2.0,0.0,41.0,15.285302593659942,0.4877049180327869,0.7550432276657061,6.400000000000029,2.9510086455331495,3.199999999999999,5.385195003654287,3,
1199,200,0.3014955567714318,14.524999999999995,0.15836978551461356,3.0,0.0,40.0,15.054878048780488,0.5307017543859649,1.420731707317073,5.200000000000027,2.5905487804878082,2.499999999999999,3.189178122937655,3,
1200,200,0.30119421191220214,15.624999999999993,0.15834071653576742,2.0,0.0,40.0,15.304878048780488,0.5833333333333334,0.4878048780487805,6.1999999999999975,2.2923780487804866,1.699999999999998,2.8110960839537844,3,
1201,200,0.30089316824720935,18.77499999999999,0.15829468377686784,3.0,0.0,43.0,13.409883720930232,0.48809523809523814,1.1162790697674418,6.7,1.8273255813953466,1.1999999999999997,2.418808636498072,3,
1202,200,0.30059242547541,19.425,0.15823498299689587,3.0,0.0,42.0,14.928057553956835,0.44594594594594594,2.4292565947242206,6.700000000000014,2.262829736211031,1.6,3.2217783860876046,3,
1203,200,0.30029198329606105,21.125,0.1581798018952991,2.0,0.0,35.0,16.634343434343435,0.37650602409638556,3.4727272727272727,4.799999999999993,1.9808080808080766,1.9999999999999942,1.1204241217186854,2,
1204,200,0.2999918414087205,15.774999999999995,0.158145915054227,2.0,0.0,40.0,14.879746835443038,0.5863636363636363,1.2215189873417722,5.500000000000006,2.1079113924050614,1.6999999999999988,2.509171398527864,3,
1205,200,0.2996919995132463,16.424999999999983,0.15809432249269822,2.0,0.0,44.0,17.74175824175824,0.5294117647058824,3.8351648351648353,8.500000000000014,3.5590659340659374,2.5999999999999974,7.171263142005403,3,
1206,200,0.2993924573097967,20.500000000000018,0.1580395702213179,2.0,0.0,36.0,15.088288288288288,0.26098901098901095,5.434234234234234,4.199999999999995,1.7104504504504456,1.5999999999999988,0.8796413915798748,3,
1207,200,0.29909321449882925,16.349999999999977,0.1580208041249479,2.0,0.0,42.0,15.486486486486486,0.5083333333333333,1.045045045045045,6.900000000000021,3.0120120120120153,2.1999999999999984,5.217860724334489,3,
1208,200,0.29879427078110127,15.674999999999988,0.1579683379765148,2.0,0.0,41.0,15.976470588235294,0.5583333333333333,2.8088235294117645,6.200000000000026,2.765588235294122,2.299999999999999,4.606179205702496,3,
1209,200,0.2984956258576689,20.02499999999999,0.15793397603440215,3.0,0.0,38.0,17.993212669683256,0.4551282051282052,4.006787330316742,5.300000000000015,2.396832579185519,2.099999999999995,2.088145452311862,2,
1210,200,0.2981972794298874,24.324999999999974,0.15788250793651967,2.0,0.0,44.0,16.693877551020407,0.4129213483146067,2.9857142857142858,7.80000000000001,2.1240816326530583,1.5,3.1344943544121433,2,
1211,200,0.2978992311994101,24.15,0.15781134833104224,3.0,0.0,45.0,15.164233576642335,0.2702020202020202,4.958029197080292,8.400000000000013,2.2332116788321166,1.2499999999999982,4.943183517980189,3,
1212,200,0.29760148086818883,13.574999999999982,0.15778256293939213,3.0,0.0,42.0,17.685714285714287,0.7055555555555556,0.0,6.900000000000019,3.046938775510206,2.499999999999995,4.540280554444909,3,
1213,200,0.2973040281384732,20.72500000000002,0.15771492225608574,2.0,0.0,37.0,16.075506445672193,0.3111111111111111,4.524861878453039,4.299999999999993,1.7117863720073618,1.4,0.9489619057955266,3,
1214,200,0.2970068727128105,17.125000000000007,0.15766276813464458,2.0,0.0,40.0,13.461928934010153,0.4338235294117647,2.6269035532994924,4.799999999999994,1.772081218274109,1.499999999999998,1.561565626308494,3,
1215,200,0.29671001429404525,12.624999999999984,0.1576373844740473,2.0,0.0,42.0,19.616740088105725,0.75,0.0,6.700000000000032,3.657268722466969,4.400000000000003,3.922082751125637,3,
1216,200,0.2964134525853191,24.074999999999996,0.15759143109355753,2.0,0.0,37.0,16.39779005524862,0.3369565217391305,3.8950276243093924,4.099999999999994,1.5615101289134394,1.3999999999999955,0.6835116398958097,2,
1217,200,0.29611718729007014,22.974999999999998,0.15752894912914994,2.0,0.0,43.0,16.34351145038168,0.3351063829787234,4.765267175572519,6.700000000000011,2.1889312977099213,1.6999999999999917,2.7091621597013593,2,
1218,200,0.2958212181120332,12.124999999999991,0.15747482477863065,2.0,0.0,37.0,14.69260700389105,0.6547619047619048,0.7470817120622568,3.299999999999992,1.5552529182879344,1.4999999999999964,0.8806180353682106,3,
1219,200,0.295525544755239,16.4,0.15743519847674636,2.0,0.0,39.0,14.061333333333334,0.421875,2.066666666666667,5.800000000000001,2.342666666666668,1.7999999999999994,2.88470673569235,3,
1220,200,0.2952301669240142,22.099999999999977,0.15737609635397146,3.0,0.0,42.0,18.54245283018868,0.5162337662337663,1.4952830188679245,6.400000000000018,2.4058962264150927,1.7999999999999965,3.08675127242388,2,
1221,200,0.2949350843229809,12.724999999999987,0.1573329440756435,2.0,0.0,41.0,17.577405857740587,0.7267441860465116,0.058577405857740586,5.900000000000004,2.803347280334726,3.3999999999999937,2.714596988795517,3,
1222,200,0.29464029665705654,16.175000000000004,0.1572928525637547,2.0,1.0,38.0,14.5406162464986,0.5166666666666667,1.7226890756302522,4.199999999999987,1.8700280112044774,1.6999999999999984,1.140034994664483,3,
1223,200,0.29434580363145335,21.424999999999997,0.15722336762769165,3.0,0.0,44.0,15.217864923747277,0.40662650602409633,3.5686274509803924,7.800000000000009,2.181917211328974,1.3999999999999946,3.9548333966204745,3,
1224,200,0.29405160495167837,16.599999999999973,0.1571712343754543,2.0,0.0,44.0,16.2125748502994,0.49193548387096775,1.6017964071856288,7.500000000000042,3.5508982035928236,3.499999999999999,7.9768820761060155,3,
1225,200,0.29375770032353277,25.47499999999998,0.15709927872737578,2.0,0.0,42.0,17.204678362573098,0.37631578947368416,3.142300194931774,6.700000000000017,2.407797270955166,1.7999999999999994,3.144122689688734,2,
1226,200,0.2934640894531121,18.974999999999998,0.15705300529478644,2.0,0.0,39.0,15.660194174757281,0.48571428571428577,1.8009708737864079,5.099999999999999,2.007038834951454,1.5999999999999979,1.909597627000818,3,
1227,200,0.2931707720468052,24.824999999999992,0.15698109458710913,2.0,0.0,37.0,16.09039548022599,0.35,3.689265536723164,3.7999999999999927,1.4623352165725003,1.2999999999999994,0.6505234075755405,2,
1228,200,0.2928777478112949,17.224999999999998,0.15692337411350898,3.0,0.0,43.0,17.476063829787233,0.5588235294117647,2.925531914893617,6.600000000000027,2.8039893617021283,2.1999999999999984,3.6681749248452955,3,
1229,200,0.29258501645355667,20.34999999999999,0.15687791332343468,2.0,0.0,39.0,14.903361344537815,0.3549382716049383,3.5546218487394956,4.59999999999999,1.862605042016803,1.5999999999999976,1.2895736952443952,3,
1230,200,0.2922925776808594,18.40000000000001,0.15683336174709592,3.0,0.0,42.0,15.44702842377261,0.5036231884057971,2.945736434108527,6.500000000000011,2.4002583979328156,1.9999999999999964,2.4019022755194768,3,
1231,200,0.2920004312007641,18.899999999999977,0.1567764114595099,2.0,1.0,39.0,18.06382978723404,0.4228395061728395,5.097872340425532,6.300000000000023,2.769148936170214,2.2999999999999945,3.2386160643552273,2,
1232,200,0.2917085767211244,18.499999999999996,0.15672406345978984,2.0,0.0,41.0,17.403628117913833,0.47077922077922074,3.2607709750566896,6.700000000000016,2.6090702947845807,2.0999999999999974,3.458166803784471,3,
1233,200,0.2914170139500857,15.249999999999982,0.15670201436410125,3.0,0.0,41.0,14.506451612903225,0.5318181818181819,1.6161290322580646,5.700000000000008,2.306451612903225,1.8999999999999961,2.8768915389338106,3,
1234,200,0.2911257425960852,12.52499999999999,0.15666937931878328,3.0,0.0,40.0,17.742857142857144,0.6802325581395349,0.0,5.800000000000002,3.09591836734694,3.6999999999999975,3.362161801945896,3,
1235,200,0.29083476236785155,18.724999999999994,0.15664219209316552,3.0,0.0,43.0,14.292011019283747,0.4545454545454546,1.1460055096418733,7.200000000000028,2.4564738292011072,1.2999999999999998,4.094610375812062,3,
1236,200,0.2905440729744046,15.774999999999995,0.15659253062905168,3.0,0.0,38.0,12.971128608923884,0.421875,3.4015748031496065,3.8999999999999906,1.6183727034120705,1.4,0.9369392394599023,3,
1237,200,0.2902536741250547,21.624999999999982,0.15656587641500916,2.0,0.0,40.0,18.040723981900452,0.47435897435897434,1.8914027149321266,6.7000000000000135,2.4171945701357456,1.9999999999999947,2.5548305462139838,2,
1238,200,0.2899635655294032,24.125,0.15649598333881604,2.0,0.0,39.0,15.936605316973415,0.3706896551724138,2.3067484662576687,4.399999999999997,1.7271983640081772,1.699999999999994,1.03617664770826,2,
1239,200,0.2896737468973414,22.29999999999998,0.15644472592045275,2.0,0.0,42.0,17.192229038854805,0.4204545454545454,5.623721881390593,6.299999999999999,2.2229038854805685,1.7999999999999994,1.9681543994647013,2,
1240,200,0.2893842179390506,17.64999999999999,0.15639417640044975,3.0,0.0,44.0,16.712737127371273,0.532608695652174,2.2466124661246614,7.6000000000000405,3.13441734417345,1.6999999999999988,6.333306404230374,3,
1241,200,0.28909497836500186,20.849999999999984,0.1563477754817668,2.0,0.0,42.0,19.610849056603772,0.5128205128205128,2.856132075471698,7.1000000000000325,3.0469339622641542,2.599999999999996,3.213923571130618,2,
1242,200,0.28880602788595566,18.749999999999996,0.1563023238429569,2.0,0.0,41.0,14.042553191489361,0.3513513513513513,1.962174940898345,6.300000000000028,2.3789598108747083,1.4,3.933645488688216,3,
1243,200,0.2885173662129613,17.77499999999999,0.15626809111021825,2.0,0.0,41.0,14.932773109243698,0.503968253968254,1.2857142857142858,6.400000000000014,2.4985994397759117,1.9999999999999982,3.285486002134215,3,
1244,200,0.2882289930573573,14.374999999999986,0.1562362802110112,2.0,0.0,40.0,15.888111888111888,0.56,1.6573426573426573,6.1000000000000165,2.854545454545457,2.5999999999999974,3.5625928235222375,3,
1245,200,0.2879409081307702,23.024999999999995,0.1561801656747085,2.0,1.0,43.0,17.546558704453442,0.3873626373626373,3.111336032388664,6.700000000000032,2.7172064777327942,2.499999999999991,3.099696396008792,2,
1246,200,0.2876531111451154,21.724999999999994,0.156131657480371,2.0,0.0,42.0,16.608187134502923,0.3555555555555555,4.693957115009747,6.400000000000028,2.2873294346978574,1.5999999999999988,2.978037907344378,3,
1247,200,0.28736560181259563,18.45,0.1560851096911267,2.0,0.0,40.0,15.938189845474614,0.41666666666666663,3.9072847682119205,5.700000000000016,2.281677704194261,1.7999999999999958,2.703761354333183,3,
1248,200,0.28707837984570167,13.124999999999988,0.15605544418897893,2.0,1.0,39.0,15.562043795620438,0.6436170212765957,0.7518248175182481,4.8999999999999995,2.3401459854014584,2.0999999999999988,2.3000977688977655,3,
1249,200,0.2867914449572114,22.44999999999999,0.15600966247062495,2.0,0.0,40.0,17.742924528301888,0.506578947368421,1.554245283018868,5.699999999999995,1.9261792452830153,1.4999999999999993,1.6277435127242366,2,
1250,200,0.2865047968601901,15.69999999999999,0.15597650790353582,2.0,0.0,41.0,15.061946902654867,0.5166666666666667,1.5132743362831858,6.500000000000018,2.626843657817113,1.8000000000000003,3.97031691611558,3,
1251,200,0.28621843526798946,20.299999999999997,0.15593817911899632,3.0,0.0,41.0,13.666666666666666,0.39583333333333337,1.102189781021898,5.7000000000000055,1.9360097323600958,1.3999999999999997,2.238278593417001,3,
1252,45,0.285932359894248,2.799999999999999,0.15592697794251192,1.0,1.0,6.0,3.4307692307692306,0,0.5384615384615384,2.399999999999999,0.8892307692307689,0.7000000000000006,0.3419042546896262,4,
1253,200,0.28564657045289016,17.499999999999993,0.1558899827689494,2.0,0.0,42.0,14.304878048780488,0.5466101694915254,0.9085365853658537,6.099999999999996,2.1222560975609737,1.599999999999999,2.788341559540072,3,
1254,200,0.28536106665812666,20.224999999999998,0.15584624416059636,2.0,0.0,44.0,13.938829787234043,0.4746376811594203,1.5558510638297873,7.300000000000001,2.0093085106382946,1.5999999999999983,2.793736304155609,3,
1255,200,0.28507584822445353,23.074999999999996,0.1557793673298829,3.0,0.0,42.0,17.134969325153374,0.3960674157303371,4.695296523517382,6.600000000000026,2.38364008179959,1.799999999999998,2.7136087320174176,2,
1256,200,0.2847909148666525,18.6,0.1557415182857779,4.0,0.0,41.0,13.573333333333334,0.446969696969697,1.5866666666666667,5.999999999999994,1.9186666666666634,1.4999999999999996,1.9132651609966926,3,
1257,200,0.2845062662997899,17.675,0.15570705076515273,4.0,0.0,42.0,14.372340425531915,0.48134328358208955,1.6861702127659575,6.1000000000000005,2.2103723404255304,1.4999999999999993,2.740949036251103,3,
1258,200,0.28422190223921745,23.549999999999986,0.15566666327318843,2.0,0.0,38.0,16.602972399150744,0.4207317073170732,1.5923566878980893,4.499999999999989,1.862632696390654,1.7999999999999892,1.009903353768477,2,
1259,200,0.28393782240057086,15.924999999999983,0.15562600895538942,2.0,0.0,41.0,15.01123595505618,0.41666666666666663,2.806179775280899,6.600000000000027,2.9859550561797827,1.7999999999999996,5.908220144395829,3,
1260,200,0.2836540264997704,20.874999999999975,0.155599419042132,2.0,0.0,36.0,16.873015873015873,0.4691780821917808,2.1360544217687076,3.8999999999999946,1.6784580498866177,1.599999999999997,0.8685880296174375,2,
1261,200,0.28337051425301996,21.94999999999999,0.1555460273236762,2.0,0.0,37.0,16.99576271186441,0.4024390243902439,3.0529661016949152,4.599999999999992,2.105296610169488,2.1999999999999993,1.260930995632515,2,
1262,200,0.2830872853768075,22.0,0.15549425275877443,2.0,0.0,37.0,16.468487394957982,0.3902439024390244,5.638655462184874,3.4999999999999982,1.9168067226890708,2.0499999999999927,0.6057286108352609,2,
1263,200,0.2828043395879039,20.32500000000001,0.1554398626661933,3.0,1.0,42.0,14.565637065637066,0.26648351648351654,5.528957528957529,6.500000000000015,2.143050193050193,1.6999999999999973,2.821381133931871,3,
1264,200,0.2825216766033636,15.874999999999988,0.15542235855209746,2.0,0.0,45.0,17.938356164383563,0.5982142857142857,0.5376712328767124,8.100000000000046,4.085273972602753,4.800000000000005,7.601481885460353,3,
1265,200,0.2822392961405233,22.174999999999997,0.15538599132169717,2.0,0.0,40.0,18.504716981132077,0.5032467532467533,1.9433962264150944,4.999999999999988,2.383254716981126,2.5499999999999923,0.8226251147267374,2,
1266,200,0.28195719791700274,22.399999999999977,0.15535397492442005,2.0,0.0,44.0,18.120283018867923,0.5221518987341772,2.5660377358490565,7.400000000000018,2.152594339622641,1.3999999999999935,3.836712724238648,2,
1267,200,0.28167538165070355,14.099999999999985,0.15532771211413685,2.0,1.0,42.0,16.1284046692607,0.6648936170212766,0.054474708171206226,6.200000000000011,2.416731517509727,1.7999999999999976,3.590552628391476,3,
1268,200,0.2813938470598095,22.62499999999999,0.15528622209118936,3.0,0.0,43.0,19.33109619686801,0.4709302325581395,3.9485458612975393,8.400000000000011,3.2297539149888137,2.3999999999999893,5.177552250160184,2,
1269,200,0.281112593862786,22.800000000000004,0.15524252890745346,2.0,0.0,36.0,15.863198458574182,0.3247126436781609,3.1984585741811173,4.799999999999992,1.797880539499033,1.799999999999995,1.2027552717552688,2,
1270,50,0.2808316217783798,3.7249999999999996,0.15522397555942832,1.0,0.0,7.0,2.853846153846154,0,0.676923076923077,1.5999999999999996,0.5938461538461538,0.5999999999999994,0.1301236759571571,4,
1271,200,0.2805509305256187,17.974999999999994,0.15518299977655,2.0,0.0,40.0,14.66243654822335,0.47058823529411764,1.583756345177665,6.10000000000001,2.1497461928934025,1.2999999999999998,3.1559720423873583,3,
1272,200,0.28027051982381157,17.624999999999986,0.15515866151603408,3.0,0.0,40.0,14.911764705882353,0.5635593220338984,0.0,5.100000000000001,2.10558823529412,1.5000000000000002,2.493843285841583,3,
1273,200,0.27999038939254756,15.024999999999983,0.1551319919775067,2.0,0.0,41.0,16.208029197080293,0.6275510204081632,0.0,6.300000000000009,2.791240875912414,2.849999999999998,4.303630236430262,3,
1274,200,0.27971053895169634,20.024999999999977,0.15509262637693605,2.0,1.0,39.0,18.160633484162897,0.46153846153846156,3.755656108597285,5.600000000000006,2.4972850678733023,2.5999999999999925,2.0860214063051905,2,
1275,200,0.2794309682214073,14.599999999999984,0.15506105924133945,2.0,0.0,43.0,17.923954372623573,0.6887755102040817,0.19391634980988592,6.800000000000031,3.485171102661604,3.999999999999996,4.574180835068275,3,
1276,200,0.27915167692210985,20.299999999999983,0.15501962301942715,3.0,0.0,41.0,15.232558139534884,0.43666666666666665,2.2046511627906975,6.399999999999997,2.1651162790697667,1.599999999999994,3.1779165923017474,3,
1277,200,0.2788726647745125,17.374999999999993,0.15499818291355827,2.0,0.0,40.0,13.583815028901734,0.4833333333333333,0.11271676300578035,5.199999999999997,1.9190751445086682,1.849999999999998,1.730691057929243,3,
1278,200,0.27859393149960326,18.749999999999996,0.15494884717576873,2.0,0.0,43.0,16.32345679012346,0.48287671232876717,3.0246913580246915,7.800000000000019,2.9046913580246936,1.8999999999999968,5.452233453640961,3,
1279,200,0.27831547681864865,20.374999999999993,0.15491090103954444,2.0,0.0,45.0,16.244444444444444,0.4966666666666667,2.106172839506173,7.800000000000028,2.7417283950617306,1.3999999999999986,6.068987099448891,3,
1280,200,0.27803730045319414,24.275000000000013,0.15486309295166872,3.0,0.0,43.0,15.372,0.3567415730337079,2.106,6.600000000000002,1.9483999999999968,1.6999999999999966,1.8046646586586317,3,
1281,200,0.2777594021250632,16.54999999999999,0.15483620754367056,3.0,0.0,45.0,17.82608695652174,0.6359649122807017,0.2608695652173913,7.800000000000037,3.7658862876254258,3.7999999999999967,7.4275480984340545,3,
1282,200,0.2774817815563575,20.22500000000001,0.15479367676991934,2.0,0.0,38.0,13.270440251572326,0.3125,3.410901467505241,3.89999999999999,1.3895178197064957,1.1999999999999997,0.7419059632221058,3,
1283,200,0.2772044384694566,20.34999999999999,0.15475918015068982,2.0,1.0,40.0,16.487695749440714,0.4512987012987013,3.791946308724832,4.9,2.158612975391495,1.999999999999997,1.421717048366429,3,
1284,200,0.2769273725870171,20.74999999999998,0.15472391827233228,2.0,0.0,41.0,19.24764150943396,0.5064102564102564,2.2358490566037736,5.90000000000001,2.8290094339622667,2.6000000000000094,2.465469336670848,2,
1285,200,0.2766505836319734,20.49999999999999,0.15468339802463416,3.0,0.0,43.0,14.704260651629072,0.43493150684931503,1.68671679197995,7.100000000000016,2.410776942355889,1.8999999999999977,3.6201321608040313,3,
1286,200,0.27637407132753633,19.374999999999993,0.1546355224331543,3.0,0.0,41.0,14.348600508905852,0.4528985507246377,1.9516539440203562,6.00000000000001,2.0529262086513973,1.6999999999999953,2.115787578990991,3,
1287,200,0.2760978353971936,16.025000000000002,0.1546099506368386,2.0,1.0,39.0,13.80379746835443,0.5925925925925926,0.6234177215189873,4.39999999999999,1.4509493670886044,1.249999999999996,1.0303575184016762,3,
1288,200,0.27582187556470933,22.425000000000004,0.1545651936780033,2.0,0.0,41.0,16.234800838574422,0.4126506024096386,2.5052410901467503,5.700000000000005,2.1316561844863697,1.7999999999999896,2.102801677156221,3,
1289,200,0.2755461915541236,23.299999999999994,0.15452542184101298,3.0,0.0,40.0,16.91733870967742,0.36931818181818177,3.6975806451612905,5.400000000000002,2.3699596774193545,2.399999999999997,1.8430365221632814,2,
1290,200,0.27527078308975234,17.750000000000004,0.1544959425992944,3.0,0.0,37.0,13.2825,0.41666666666666663,2.275,3.299999999999997,1.5422499999999963,1.599999999999991,0.8492452452827766,3,
1291,200,0.27499564989618713,17.499999999999993,0.15445548684598132,3.0,0.0,41.0,14.97157622739018,0.47058823529411764,3.0775193798449614,6.0,2.446770025839791,2.4999999999999964,2.3435904866193042,3,
1292,200,0.2747207916982947,20.65,0.1544257962820656,2.0,0.0,41.0,13.58298755186722,0.27976190476190477,3.524896265560166,6.100000000000004,1.893568464730289,1.2999999999999996,2.384139021965111,3,
1293,200,0.27444620822121696,24.275000000000002,0.15439844831665342,2.0,0.0,44.0,14.745341614906833,0.35344827586206895,1.339544513457557,7.20000000000001,2.150517598343683,1.399999999999998,3.000732056513839,3,
1294,200,0.2741718991903702,22.97499999999997,0.15436473397175451,2.0,1.0,41.0,17.722457627118644,0.41666666666666663,3.555084745762712,5.900000000000008,2.632838983050847,2.59999999999999,2.490521763330247,2,
1295,200,0.2738978643314456,12.824999999999985,0.15434682664161398,3.0,0.0,41.0,17.12295081967213,0.7159090909090909,0.028688524590163935,6.400000000000002,2.656147540983605,2.8999999999999986,3.3092391030486237,3,
1296,200,0.27362410337040804,19.07499999999998,0.15431729554226004,5.0,0.0,45.0,15.68562874251497,0.5357142857142857,1.9281437125748504,8.600000000000017,3.0586826347305407,1.6999999999999988,7.359316928869193,3,
1297,200,0.27335061603349675,19.974999999999998,0.15427083438072553,3.0,0.0,41.0,16.404255319148938,0.4932432432432432,0.8723404255319149,5.500000000000017,2.022931442080377,1.4999999999999978,2.0764361083787994,3,
1298,200,0.2730774020472242,21.97499999999998,0.1542361470714223,2.0,0.0,39.0,17.243353783231083,0.39534883720930236,3.934560327198364,5.600000000000001,2.3983640081799598,1.9999999999999902,2.100619605219151,2,
1299,200,0.2728044611383765,22.499999999999993,0.15420505697557124,2.0,0.0,40.0,17.69392033542977,0.42647058823529416,3.2348008385744236,5.700000000000008,2.487631027253669,2.099999999999987,2.239332741464804,2,
1300,200,0.2725317930340126,24.750000000000004,0.1541738450868187,2.0,0.0,38.0,16.912280701754387,0.3653846153846154,2.1949317738791425,5.2,2.142300194931772,1.5999999999999943,1.8894654365272392,2,
1301,75,0.2722593974614645,5.875000000000002,0.15415546015302703,2.0,0.0,11.0,5.267015706806283,0,0.4607329842931937,2.199999999999999,0.7560209424083765,0.6999999999999973,0.2476014254385961,4,
1302,200,0.2719872741483365,20.925000000000004,0.15410390645441532,2.0,0.0,42.0,15.178494623655913,0.38414634146341464,3.7655913978494624,7.000000000000026,2.2666666666666693,1.3999999999999977,4.000219217108209,3,
1303,200,0.27171542282250544,20.32499999999999,0.1540677178663083,3.0,0.0,46.0,17.603448275862068,0.5,2.9876847290640396,9.200000000000033,3.484236453201976,2.2499999999999973,8.603547547547613,3,
1304,200,0.27144384321211973,22.875000000000007,0.1540270759007325,3.0,0.0,41.0,16.693581780538302,0.4205882352941176,3.679089026915114,5.399999999999993,1.982815734989644,1.999999999999992,1.2278052021535562,2,
1305,200,0.2711725350455999,22.799999999999976,0.15397150888346586,2.0,0.0,39.0,17.979357798165136,0.4778481012658228,1.4403669724770642,5.700000000000001,2.270871559633026,1.6999999999999966,2.196112627896584,2,
1306,200,0.27090149805163766,25.624999999999986,0.1539294325922662,2.0,0.0,39.0,15.785714285714286,0.38372093023255816,1.7,4.39999999999999,1.6159183673469348,1.699999999999993,0.8644032669856953,2,
1307,200,0.2706307319591961,20.999999999999996,0.1538924000259174,3.0,0.0,43.0,15.113978494623655,0.3825301204819277,4.298924731182796,7.3000000000000105,2.131182795698922,1.5999999999999992,2.9256003033890843,3,
1308,200,0.270360236497509,22.500000000000004,0.15387004898864073,2.0,0.0,39.0,16.791411042944784,0.4088235294117647,4.431492842535787,4.5999999999999925,1.9824130879345556,1.6999999999999984,1.1760555369688823,2,
1309,200,0.270090011396081,27.149999999999995,0.15381231098270098,2.0,0.0,39.0,15.640211640211641,0.29591836734693877,4.529100529100529,4.599999999999992,1.5007054673721307,1.2999999999999967,0.8582737769372394,2,
1310,200,0.2698200563846868,21.274999999999977,0.153770676811104,2.0,0.0,38.0,18.679425837320576,0.5102739726027398,1.8181818181818181,4.399999999999988,2.3693779904306163,2.299999999999998,0.9280628194341857,2,
1311,200,0.2695503711933716,21.749999999999993,0.15375979195401868,2.0,0.0,37.0,17.58590308370044,0.42721518987341767,3.7136563876651985,4.999999999999997,2.3308370044052817,2.399999999999987,1.5199375106130053,2,
1312,200,0.26928095555244996,22.02499999999998,0.15372792615616027,2.0,0.0,39.0,17.752232142857142,0.45779220779220775,2.25,5.400000000000005,2.342633928571425,2.29999999999999,1.7787492463989096,2,
1313,200,0.2690118091925064,22.35000000000001,0.153692196336143,2.0,0.0,38.0,15.634730538922156,0.3571428571428571,2.7025948103792414,4.09999999999999,1.915768463073848,1.799999999999998,1.1492768924302734,3,
1314,200,0.26874293184439435,24.3,0.15363667925392932,2.0,0.0,40.0,17.063583815028903,0.3653846153846154,5.10019267822736,5.499999999999999,2.1077071290944143,1.3999999999999972,2.4595258390258596,2,
1315,200,0.2684743232392366,23.174999999999983,0.15359441070757757,2.0,0.0,41.0,16.83399209486166,0.36111111111111116,4.521739130434782,5.400000000000003,2.374110671936755,2.599999999999987,1.4824382994512428,2,
1316,200,0.2682059831084244,22.849999999999977,0.1535517087142722,2.0,1.0,38.0,18.530232558139534,0.48684210526315785,1.2697674418604652,5.300000000000006,2.505581395348837,2.5000000000000044,1.9555143078112989,2,
1317,200,0.26793791118361776,14.79999999999999,0.15352551216894014,2.0,0.0,42.0,17.968641114982578,0.6153846153846154,0.42857142857142855,7.600000000000031,3.994425087108027,5.300000000000009,6.73851762820519,3,
1318,200,0.26767010719674456,22.62499999999998,0.15350473348625915,2.0,0.0,42.0,19.254716981132077,0.5128205128205128,2.082547169811321,7.800000000000012,2.8332547169811297,1.9999999999999887,3.9445528577388584,2,
1319,200,0.2674025708800009,19.15,0.15348036800877932,2.0,0.0,40.0,14.468193384223918,0.4632352941176471,2.4656488549618323,5.399999999999991,2.074300254452922,1.5999999999999983,1.947876307883551,3,
1320,200,0.26713530196585034,16.274999999999988,0.15344445724618078,2.0,0.0,42.0,15.372372372372372,0.525,1.6366366366366367,7.1000000000000245,2.8642642642642673,1.799999999999998,4.835973775340913,3,
1321,200,0.2668683001870241,18.575000000000003,0.1534170568536491,2.0,0.0,39.0,17.053648068669528,0.4208860759493671,3.5536480686695278,5.499999999999999,2.5772532188841186,2.6999999999999966,2.1861879302802136,3,
1322,200,0.2666015652765202,27.525000000000002,0.15336247957312116,2.0,0.0,39.0,15.46404109589041,0.2404761904761905,3.796232876712329,4.6999999999999895,1.7236301369862974,1.4999999999999998,1.0760886074093556,2,
1323,200,0.2663350969676039,17.749999999999982,0.15333865237751323,3.0,0.0,46.0,16.9106529209622,0.6008771929824561,0.1134020618556701,8.600000000000026,3.4766323024055032,2.5999999999999974,7.710953944260787,3,
1324,200,0.26606889499380665,18.12499999999999,0.1533238999606195,3.0,0.0,42.0,16.585164835164836,0.5423076923076923,1.3186813186813187,6.6000000000000245,2.865109890109895,2.1499999999999977,4.305381108721119,3,
1325,200,0.2658029590889266,23.099999999999977,0.15329274036830695,3.0,0.0,43.0,18.556291390728475,0.4534883720930233,4.196467991169978,7.500000000000015,2.8896247240618083,2.2999999999999883,4.024790553974522,2,
1326,200,0.2655372889870278,23.224999999999962,0.1532555220716972,1.0,0.0,40.0,17.296296296296298,0.44512195121951215,2.79520697167756,4.999999999999994,2.1779956427015223,2.199999999999996,1.6767568824757892,2,
1327,200,0.2652718844224401,21.12499999999998,0.15321005240227614,2.0,0.0,39.0,17.289592760180994,0.4671052631578947,2.0565610859728505,4.899999999999994,1.974660633484159,1.799999999999991,1.4337543956634564,2,
1328,200,0.2650067451297589,15.724999999999993,0.15318670359608488,3.0,0.0,42.0,16.379746835443036,0.5833333333333334,2.1867088607594938,7.000000000000016,3.1313291139240524,2.8999999999999977,4.885744629713104,3,
1329,200,0.26474187084384504,24.749999999999986,0.15316225809536477,2.0,0.0,41.0,16.943396226415093,0.4051724137931034,1.628930817610063,5.399999999999998,2.210901467505238,2.399999999999993,1.476407563025206,2,
1330,200,0.26447726129982396,24.82500000000001,0.1531039850851578,2.0,0.0,38.0,16.22027972027972,0.2755102040816326,3.7797202797202796,5.099999999999995,1.969580419580418,1.4999999999999984,1.6598839181742333,2,
1331,200,0.2642129162330863,14.97499999999998,0.15309067841712978,3.0,0.0,44.0,17.228476821192054,0.5482456140350878,0.6258278145695364,7.600000000000036,3.862582781456967,4.4000000000000075,6.511618367816916,3,
1332,200,0.2639488353792868,17.024999999999988,0.15306625133335616,4.0,0.0,44.0,16.631067961165048,0.603448275862069,1.5210355987055015,8.100000000000025,3.247896440129453,2.899999999999997,5.52559551738587,3,
1333,200,0.2636850184743448,22.65,0.15301696522465952,2.0,0.0,38.0,16.393939393939394,0.37790697674418605,3.573737373737374,4.499999999999995,1.9650505050505012,1.8999999999999924,1.2044198119367875,2,
1334,200,0.2634214652544431,25.30000000000001,0.15299191159642406,3.0,0.0,42.0,14.263351749539595,0.2605263157894737,3.25414364640884,6.00000000000001,1.715101289134437,1.1,2.1172745278923384,3,
1335,200,0.2631581754560287,17.799999999999986,0.15296895557691711,3.0,1.0,43.0,15.115606936416185,0.5436507936507936,0.838150289017341,6.600000000000022,2.512138728323702,1.7999999999999987,3.3172792047780293,3,
1336,200,0.26289514881581166,26.849999999999994,0.1529084328005966,2.0,0.0,40.0,16.276845637583893,0.24532710280373826,6.02013422818792,5.2000000000000055,2.0966442953020104,1.799999999999996,1.6817048829582086,2,
1337,200,0.26263238507076536,24.024999999999984,0.15286258143731998,2.0,0.0,40.0,16.776859504132233,0.38953488372093026,1.4256198347107438,5.8999999999999995,2.1857438016528934,1.4999999999999971,2.9839623914110853,2,
1338,200,0.262369883958126,24.525,0.15284319798863283,2.0,0.0,40.0,16.243664717348928,0.3848314606741573,3.8362573099415203,4.899999999999992,1.6370370370370328,1.4999999999999996,0.937033377918286,2,
1339,200,0.2621076452153925,22.55,0.15282389022899845,2.0,0.0,37.0,15.59,0.37048192771084343,2.808,3.999999999999996,1.5607999999999964,1.3999999999999966,0.7965065460261823,3,
1340,200,0.261845668580326,18.875,0.15279606219748088,2.0,0.0,43.0,16.965968586387433,0.532608695652174,1.8193717277486912,7.200000000000027,2.9759162303664963,2.2999999999999963,4.574372785647262,3,
1341,200,0.26158395379094995,20.824999999999996,0.15276970451908276,4.0,0.0,45.0,15.380952380952381,0.43918918918918914,2.4035087719298245,9.200000000000033,2.943107769423566,1.5999999999999992,6.574624120603072,3,
1342,200,0.2613225005855494,21.975000000000005,0.15273600067771181,2.0,0.0,38.0,16.113733905579398,0.39743589743589747,1.1566523605150214,4.499999999999996,2.0081545064377644,2.199999999999996,1.3265490548225873,3,
1343,200,0.2610613087026713,21.525,0.15270790284804783,2.0,0.0,39.0,18.79591836734694,0.46875,3.5419501133786846,4.999999999999995,2.832199546485261,3.0000000000000075,1.401600781571373,2,
1344,200,0.26080037788112365,21.82500000000001,0.15266340212007934,2.0,1.0,40.0,17.587044534412957,0.38953488372093026,4.066801619433198,6.700000000000013,2.6686234817813754,2.2999999999999927,3.219737209826479,2,
1345,200,0.2605397078599756,26.47500000000001,0.1526279264370896,2.0,0.0,40.0,17.072881355932203,0.2941176470588235,4.944067796610169,4.899999999999991,1.7310169491525373,1.4999999999999982,1.0074984702627676,2,
1346,200,0.2602792983785571,21.125,0.15260423039989654,2.0,0.0,41.0,15.013986013986013,0.41666666666666663,2.5384615384615383,5.800000000000008,2.319813519813517,2.299999999999996,2.145796239947839,3,
1347,200,0.26001914917645874,17.72499999999999,0.1525745659026429,3.0,0.0,45.0,15.08868501529052,0.532258064516129,1.0061162079510704,8.000000000000025,2.693883792048932,1.899999999999996,4.919641628011398,3,
1348,200,0.2597592599935311,26.575000000000006,0.15252675860171908,2.0,0.0,38.0,17.570121951219512,0.19782608695652182,7.853658536585366,4.699999999999996,1.9067073170731665,1.6999999999999946,1.027518375219305,1,
1349,200,0.25949963056988523,22.350000000000016,0.15248277330760798,2.0,1.0,43.0,16.81578947368421,0.38068181818181823,4.0728744939271255,7.400000000000004,2.6868421052631573,2.0999999999999996,4.285249288011988,3,
1350,200,0.2592402606458915,25.225000000000012,0.15244373506834166,2.0,0.0,42.0,15.22542372881356,0.21601941747572817,4.332203389830508,7.000000000000002,1.9283050847457621,1.1999999999999984,3.0766822369498406,3,
1351,200,0.25898114996218,23.4,0.15241840478341184,2.0,0.0,44.0,16.083870967741934,0.4285714285714286,1.643010752688172,7.500000000000002,2.288602150537633,1.599999999999996,3.7191346011543662,3,
1352,200,0.25872229825964005,22.174999999999997,0.15238648472092875,3.0,0.0,38.0,18.036093418259025,0.41470588235294115,4.532908704883227,6.800000000000019,2.6626326963906606,1.899999999999999,3.6177282726289546,2,
1353,200,0.25846370527942,23.849999999999987,0.1523504892590758,2.0,0.0,41.0,17.194274028629856,0.3904494382022472,4.52760736196319,5.699999999999995,2.419222903885478,2.499999999999996,2.2160814653730316,2,
1354,200,0.25820537076292666,24.274999999999984,0.1523140814832982,3.0,0.0,40.0,16.954451345755693,0.41279069767441856,2.6625258799171845,5.700000000000009,2.1393374741200795,1.8999999999999884,1.9055828846747396,2,
1355,200,0.2579472944518257,24.949999999999978,0.15228261426653328,2.0,0.0,38.0,15.861932938856016,0.34659090909090906,2.812623274161736,4.699999999999994,1.799013806706111,1.8999999999999884,1.172962170489554,2,
1356,200,0.25768947608804055,22.700000000000003,0.15224958660881088,2.0,0.0,41.0,14.930672268907562,0.3825301204819277,3.361344537815126,5.900000000000012,1.8336134453781496,1.3999999999999937,2.227661480745898,3,
1357,200,0.2574319154137531,15.549999999999988,0.15223168372336016,2.0,0.0,47.0,18.46564885496183,0.6745283018867925,1.6221374045801527,9.400000000000025,3.9015267175572554,3.649999999999996,7.502549713736328,3,
1358,200,0.2571746121714024,24.975,0.15221377961221266,2.0,0.0,41.0,17.22879684418146,0.3897849462365591,4.019723865877712,5.800000000000007,2.242800788954637,1.6999999999999984,2.5290852292179076,2,
1359,200,0.25691756610368544,22.07499999999997,0.15218014557348164,2.0,1.0,40.0,18.251101321585903,0.44753086419753085,2.814977973568282,6.100000000000005,2.7220264317180627,3.0000000000000018,2.6664881255609783,2,
1360,200,0.2566607769535559,22.074999999999992,0.1521458445219877,2.0,0.0,37.0,17.44954128440367,0.4671052631578947,2.3922018348623855,4.6999999999999975,1.969495412844034,1.799999999999999,1.158823272574237,2,
1361,200,0.2564042444642247,23.324999999999978,0.15210789681168438,2.0,0.0,41.0,18.484375,0.475,2.0066964285714284,6.000000000000018,2.733705357142856,2.9999999999999956,2.312201362211833,2,
1362,200,0.2561479683791593,26.60000000000002,0.15205520882418957,2.0,0.0,38.0,16.699013157894736,0.24532710280373826,5.957236842105263,4.600000000000001,1.931907894736839,1.6999999999999968,1.2599063471323875,2,
1363,200,0.25589194844208374,22.77499999999999,0.15203119648681318,2.0,0.0,39.0,17.708582834331338,0.37222222222222223,3.4550898203592815,5.600000000000011,2.7720558882235546,2.8999999999999932,2.2740784860557914,2,
1364,200,0.25563618439697783,18.400000000000002,0.15200983449852482,2.0,0.0,43.0,16.826470588235296,0.5887096774193549,0.8823529411764706,6.7000000000000295,2.9402941176470625,2.4999999999999982,3.507318488914292,3,
1365,200,0.2553806759880777,22.55000000000002,0.15196187227202893,2.0,1.0,43.0,17.335174953959484,0.33854166666666663,4.556169429097606,7.0000000000000036,2.322836095764268,2.0999999999999943,2.1470364391143932,3,
1366,200,0.2551254229598748,18.349999999999987,0.1519430618331554,2.0,0.0,42.0,14.497109826589595,0.5080645161290323,1.8092485549132948,6.40000000000002,2.33699421965318,1.4999999999999984,3.6817257653594107,3,
1367,200,0.25487042505711616,14.17499999999999,0.15192117851165002,2.0,0.0,42.0,16.946428571428573,0.5735294117647058,0.48214285714285715,6.50000000000004,3.3946428571428675,4.500000000000005,4.327419354838751,3,
1368,200,0.2546156820248037,21.324999999999992,0.15189030715651486,2.0,0.0,43.0,14.75,0.3672839506172839,3.6150442477876106,7.300000000000006,2.4407079646017698,1.6999999999999929,4.338408344468766,3,
1369,200,0.25436119360819465,21.52499999999999,0.15185718735623005,2.0,0.0,41.0,19.14977973568282,0.4487951807228916,4.418502202643172,6.700000000000024,3.2612334801762137,3.299999999999997,2.893048637896347,2,
1370,200,0.25410695955280027,18.324999999999992,0.15183811607114794,2.0,1.0,38.0,13.562666666666667,0.4484126984126984,1.1226666666666667,4.099999999999987,1.808266666666662,1.5999999999999983,1.0232722721583727,3,
1371,200,0.2538529796043867,17.84999999999999,0.15181819431915552,2.0,0.0,42.0,16.599431818181817,0.5595238095238095,0.9034090909090909,6.7000000000000375,3.0019886363636434,1.999999999999999,5.828764678821384,3,
1372,200,0.25359925350897383,20.24999999999997,0.1518101533656504,2.0,0.0,40.0,19.040816326530614,0.4778481012658228,2.9682539682539684,6.8000000000000025,2.9791383219954635,2.9999999999999973,2.5158589058000844,2,
1373,200,0.25334578101283567,21.84999999999998,0.1517849613058908,2.0,0.0,38.0,18.151724137931033,0.47435897435897434,2.363218390804598,4.899999999999999,2.3588505747126405,2.39999999999999,1.5993496596626209,2,
1374,200,0.25309256186249957,14.324999999999985,0.1517733472767152,2.0,0.0,44.0,18.804081632653062,0.7180851063829787,0.07346938775510205,7.400000000000024,3.688571428571432,3.699999999999995,4.454800746368143,3,
1375,200,0.25283959580474646,23.999999999999975,0.15173377304865743,2.0,0.0,41.0,17.81761006289308,0.42816091954022983,2.807127882599581,5.600000000000025,2.5618448637316567,2.5999999999999934,2.121195017756069,2,
1376,200,0.2525868825866102,19.649999999999988,0.15171790081451597,4.0,0.0,48.0,16.245014245014247,0.5181159420289855,2.8945868945868947,9.900000000000038,3.439601139601147,1.899999999999999,8.777961688311757,3,
1377,200,0.25233442195537764,13.54999999999998,0.15170965743396767,4.0,0.0,43.0,19.296,0.6968085106382979,0.028,7.900000000000034,4.132000000000011,5.300000000000004,5.903150450407262,3,
1378,200,0.25208221365858796,18.02499999999998,0.15169635792070083,3.0,1.0,42.0,14.185507246376812,0.4516129032258065,1.1130434782608696,6.800000000000021,2.4272463768115973,1.2999999999999994,4.497382376663552,3,
1379,200,0.25183025744403303,25.000000000000004,0.1516540253045365,2.0,0.0,39.0,17.356190476190477,0.3653846153846154,3.676190476190476,5.499999999999999,2.2556190476190467,1.9999999999999911,1.963046977041193,2,
1380,200,0.25157855305975646,16.499999999999993,0.15164027791355966,3.0,0.0,43.0,14.855855855855856,0.5286885245901639,2.225225225225225,6.600000000000018,2.491291291291292,2.099999999999996,2.95847936656808,3,
1381,200,0.251327100254054,28.52499999999999,0.15161177989169786,2.0,0.0,40.0,16.129963898916966,0.31000000000000005,2.243682310469314,5.399999999999999,1.8629963898916937,1.7999999999999956,1.5032746200087945,2,
1382,200,0.25107589877547265,21.824999999999985,0.1515866321929987,2.0,0.0,39.0,18.287581699346404,0.42469879518072284,3.1416122004357296,5.300000000000002,2.817211328976036,3.099999999999997,1.8942007784317483,2,
1383,200,0.2508249483728111,22.12499999999998,0.15155310320586293,2.0,0.0,39.0,18.78361344537815,0.40294117647058825,4.165966386554622,7.800000000000012,3.283193277310925,3.1999999999999886,3.1033026591636514,2,
1384,200,0.25057424879511875,13.999999999999991,0.15153953647569512,3.0,0.0,42.0,16.92430278884462,0.6847826086956522,0.0,6.800000000000013,2.7458167330677306,2.2999999999999994,3.9842190476190598,3,
1385,200,0.2503237997916961,15.849999999999978,0.15153103153421643,3.0,0.0,44.0,17.405594405594407,0.5925925925925926,0.09090909090909091,8.100000000000032,3.744055944055951,3.799999999999998,6.47072559447403,3,
1386,200,0.2500736011120941,23.124999999999993,0.1515220278706717,2.0,0.0,38.0,17.64367816091954,0.46794871794871795,2.1310344827586207,4.09999999999999,2.0691954022988464,2.099999999999997,1.070367078171895,2,
1387,200,0.24982365250611405,29.349999999999973,0.15149363673724153,2.0,0.0,39.0,17.727272727272727,0.2239130434782608,5.021943573667712,5.399999999999995,1.868808777429463,1.7999999999999974,1.0317412410973756,1,
1388,200,0.24957395372380728,13.599999999999982,0.1514719829033028,3.0,1.0,41.0,18.93625498007968,0.6722222222222223,0.0,8.300000000000018,3.967330677290843,4.099999999999998,6.448756190476229,3,
1389,200,0.2493245045154751,26.774999999999984,0.1514532095894691,2.0,0.0,42.0,17.09622641509434,0.3530927835051546,2.5716981132075474,7.000000000000023,2.3764150943396234,1.6999999999999962,3.932533223685407,2,
1390,200,0.24907530463166816,15.324999999999996,0.15143567055569485,3.0,0.0,42.0,15.168458781362007,0.6225490196078431,0.17204301075268819,6.000000000000002,2.2261648745519684,1.4999999999999996,2.654797533401845,3,
1391,200,0.24882635382318666,26.174999999999983,0.15139489866727923,3.0,0.0,43.0,16.555555555555557,0.43023255813953487,1.580712788259958,6.799999999999996,1.9228511530398278,1.8999999999999968,1.491538887521531,2,
1392,200,0.24857765184107966,17.575,0.15137935018030407,3.0,0.0,41.0,14.00561797752809,0.43253968253968256,1.502808988764045,5.799999999999999,2.3522471910112355,1.9999999999999993,2.523526097763049,3,
1393,200,0.24832919843664528,24.924999999999997,0.15136126271621553,2.0,1.0,39.0,17.53142857142857,0.3629032258064516,3.4971428571428573,6.100000000000016,2.3607619047619046,1.8999999999999964,2.2568685600673546,2,
1394,200,0.24808099336142997,20.874999999999996,0.15133141653501442,3.0,0.0,45.0,14.599439775910364,0.5261194029850746,0.36694677871148457,8.100000000000016,2.2717086834733897,1.1999999999999982,4.695230839244253,3,
1395,200,0.24783303636722875,16.87499999999999,0.15132789483967263,4.0,0.0,43.0,15.939285714285715,0.6153846153846154,0.0,7.800000000000013,2.743214285714289,1.0999999999999996,6.631681398997465,3,
1396,200,0.2475853272060845,24.57499999999999,0.15130819536759132,2.0,1.0,38.0,16.859538784067087,0.3852941176470588,1.819706498951782,5.10000000000001,2.169392033542974,2.099999999999994,1.843893059315777,2,
1397,200,0.24733786563028812,29.90000000000001,0.15125391481835904,2.0,0.0,40.0,17.66507177033493,0.25450450450450446,4.701754385964913,4.899999999999989,1.721690590111637,1.5999999999999992,0.6839012738853479,1,
1398,200,0.24709065139237796,20.59999999999998,0.15122921760160465,2.0,0.0,44.0,14.39795918367347,0.4027777777777778,2.2168367346938775,8.500000000000016,2.624489795918369,1.2999999999999998,6.049643700825858,3,
1399,200,0.24684368424513983,21.025000000000006,0.1512232015199355,2.0,1.0,41.0,15.50599520383693,0.46232876712328763,1.014388489208633,5.800000000000001,2.2023980815347683,2.0999999999999943,1.7782298951048932,3,
1400,200,0.24659696394160643,21.74999999999999,0.151200271723347,2.0,0.0,42.0,18.49448123620309,0.45481927710843373,3.93598233995585,7.4000000000000234,2.855187637969098,2.099999999999994,4.018386710069827,2,
1401,200,0.24635049023505762,29.175000000000008,0.15116616721176745,2.0,0.0,38.0,17.82,0.21017699115044253,5.495384615384616,5.800000000000004,2.018923076923075,1.5999999999999956,1.6826151304500194,1,
1402,200,0.2461042628790195,18.074999999999992,0.1511581137288173,3.0,0.0,46.0,17.31366459627329,0.6048387096774194,1.4875776397515528,8.500000000000034,3.5322981366459683,2.8999999999999972,6.985545942922224,3,
1403,200,0.2458582816272648,24.475000000000005,0.15113745747546065,2.0,0.0,46.0,18.365269461077844,0.4148936170212766,4.4510978043912175,8.90000000000003,3.024750499001997,2.199999999999995,5.431305258964185,2,
1404,200,0.2456125462338122,22.074999999999978,0.15111435821328584,2.0,0.0,41.0,17.56787330316742,0.4778481012658228,3.475113122171946,5.700000000000006,2.1334841628959236,1.9999999999999922,1.7016477019701783,2,
1405,200,0.24536705645292634,28.725,0.1510861189478617,2.0,0.0,38.0,15.956451612903226,0.21634615384615374,3.3548387096774195,3.99999999999999,1.5025806451612864,1.4999999999999896,0.7505436798742936,3,
1406,200,0.24512181203911731,20.17499999999998,0.1510593454697472,2.0,0.0,43.0,18.827906976744185,0.5032467532467533,1.7930232558139534,7.4000000000000234,3.150232558139538,3.199999999999993,3.9031722183462696,3,
1407,200,0.24487681274714082,17.724999999999998,0.15103354175336736,2.0,0.0,38.0,16.10182767624021,0.5,2.1697127937336815,4.800000000000003,2.4793733681462116,2.599999999999999,1.4254067135689312,3,
1408,200,0.2446320583319975,23.449999999999978,0.1510126492047069,3.0,0.0,44.0,16.09271523178808,0.43292682926829273,2.041942604856512,8.200000000000017,2.504194260485652,1.399999999999999,6.156193423258376,3,
1409,200,0.2443875485489328,24.349999999999994,0.1509976461957882,1.0,0.0,35.0,15.340425531914894,0.39743589743589747,1.1617021276595745,2.2999999999999963,1.16574468085106,1.0999999999999999,0.22459354727726147,2,
1410,44,0.2441432831534371,3.024999999999999,0.15099773414922604,2.0,0.0,6.0,2.900900900900901,0,0.08108108108108109,1.5,0.752252252252252,0.7999999999999993,0.14899350649350648,4,
1411,200,0.24389926190124483,26.000000000000007,0.15096582704777728,2.0,0.0,40.0,17.525573192239857,0.3143564356435643,4.2522045855379185,5.700000000000012,2.2922398589065236,1.9999999999999996,1.6670349126561586,2,
1412,200,0.24365548454833486,29.699999999999985,0.1509134455690619,2.0,0.0,37.0,17.214899713467048,0.13524590163934436,5.743553008595988,4.499999999999996,1.7949856733524316,1.5999999999999914,0.9254925154401736,1,
1413,200,0.24341195085092968,27.30000000000001,0.15087963123540243,2.0,0.0,37.0,16.33160621761658,0.2860824742268041,3.0949913644214164,4.599999999999997,1.5825561312607923,1.2,1.1180582866006432,2,
1414,200,0.24316866056549566,23.27500000000001,0.15085844208168092,2.0,0.0,40.0,15.186094069529652,0.375,1.361963190184049,4.899999999999994,1.6891615541922254,1.4999999999999925,1.0669831047172942,3,
1415,200,0.24292561344874244,24.84999999999998,0.15082554719664854,3.0,0.0,42.0,17.064,0.37777777777777777,3.652,6.400000000000034,2.4596000000000027,1.7999999999999898,3.141940407761658,2,
1416,200,0.24268280925762298,17.774999999999984,0.1508115769776547,2.0,0.0,46.0,17.408823529411766,0.5576923076923077,1.5029411764705882,8.800000000000033,3.9161764705882467,3.9999999999999996,9.602262562825018,3,
1417,200,0.24244024774933293,26.774999999999995,0.15078289350673185,2.0,0.0,43.0,16.70242914979757,0.3790322580645161,2.7449392712550607,7.300000000000006,2.225303643724694,1.7999999999999938,2.78574765914726,2,
1418,200,0.2421979286813109,25.07500000000001,0.15075503597230253,2.0,0.0,37.0,15.76517571884984,0.18867924528301883,6.340255591054313,4.199999999999991,1.7436102236421687,1.4999999999999993,1.020353148325355,2,
1419,200,0.24195585181123766,25.325,0.1507228517529137,2.0,0.0,42.0,17.1657848324515,0.3207070707070707,3.7936507936507935,6.700000000000024,2.1271604938271604,1.599999999999993,2.895638157567333,3,
1420,200,0.24171401689703645,23.12499999999997,0.15070776320948023,2.0,0.0,39.0,18.658482142857142,0.4588607594936709,1.9464285714285714,6.30000000000002,2.8703125000000007,2.599999999999997,3.0410311255935607,2,
1421,200,0.24147242369687225,20.824999999999978,0.15069010249107148,3.0,0.0,43.0,19.51179245283019,0.5227272727272727,3.0872641509433962,6.600000000000038,2.987500000000003,2.4999999999999982,3.167290613266619,2,
1422,200,0.24123107196915192,23.249999999999986,0.1506740228197626,2.0,0.0,40.0,19.337155963302752,0.4695121951219512,2.19954128440367,6.399999999999996,3.102064220183486,3.1999999999999966,2.373838501801735,2,
1423,200,0.24098996147252358,30.52499999999999,0.15064644525707016,3.0,0.0,41.0,17.5426731078905,0.2544642857142857,3.5539452495974233,6.800000000000015,2.045088566827696,1.499999999999996,2.678263821180388,2,
1424,200,0.24074909196587688,17.999999999999996,0.15063063365385007,2.0,0.0,43.0,15.064864864864864,0.45895522388059706,2.056756756756757,7.000000000000044,2.876216216216228,1.3999999999999995,5.255742993009505,3,
1425,200,0.24050846320834213,26.97500000000001,0.15059895927043443,2.0,0.0,44.0,18.36994219653179,0.38636363636363635,3.7803468208092488,7.400000000000028,2.8915221579961456,2.799999999999993,3.039322839322859,2,
1426,200,0.2402680749592907,29.724999999999987,0.15058291897789627,2.0,0.0,38.0,17.41774193548387,0.25,3.2564516129032257,3.5999999999999917,1.4909677419354799,1.3999999999999955,0.6236942343762581,1,
1427,200,0.2400279269783342,23.05,0.15056161211577615,3.0,0.0,44.0,16.707070707070706,0.401685393258427,5.1595959595959595,7.300000000000024,2.3747474747474744,1.899999999999996,3.088243600626894,3,
1428,200,0.2397880190253247,17.27499999999999,0.1505342707513658,2.0,0.0,41.0,14.414634146341463,0.4423076923076923,2.067750677506775,6.900000000000014,2.511653116531168,1.6999999999999997,4.082631316098729,3,
1429,200,0.2395483508603542,24.075,0.15050599012403854,2.0,0.0,40.0,15.828516377649326,0.351123595505618,2.4084778420038537,5.500000000000003,1.8475915221579928,1.4999999999999938,1.7736761211761203,3,
1430,200,0.23930892224375455,22.074999999999996,0.1504920637060166,3.0,0.0,44.0,15.128205128205128,0.41666666666666663,1.9137529137529137,7.50000000000003,2.4680652680652706,1.499999999999997,4.395437622256063,3,
1431,200,0.23906973293609704,23.675000000000004,0.1504654552427624,3.0,0.0,39.0,15.006060606060606,0.3571428571428571,1.513131313131313,4.299999999999991,1.5577777777777733,1.399999999999995,0.7155333355099884,3,
1432,200,0.23883078269819244,29.29999999999999,0.1504463093944325,2.0,0.0,44.0,17.123778501628664,0.2725225225225225,5.187296416938111,7.200000000000003,1.9985342019543944,1.599999999999999,2.077641798962848,2,
1433,200,0.2385920712910904,30.449999999999992,0.1504277254360686,2.0,0.0,40.0,17.37465940054496,0.11434108527131781,6.298365122615804,5.500000000000004,1.7772479564032673,1.399999999999998,1.444376033633104,1,
1434,200,0.23835359847607956,23.149999999999967,0.15039902177730013,3.0,0.0,45.0,20.124716553287982,0.4969879518072289,2.2267573696145124,9.600000000000023,3.6294784580498893,3.099999999999994,6.626738790621197,2,
1435,200,0.23811536401468703,17.37499999999999,0.15039466990529338,2.0,0.0,46.0,16.40418118466899,0.5833333333333334,0.21951219512195122,8.70000000000002,3.131010452961675,2.399999999999996,6.493089306526835,3,
1436,200,0.2378773676686784,24.62499999999997,0.15038317643885005,2.0,0.0,40.0,17.64731182795699,0.43452380952380953,2.739784946236559,6.200000000000003,2.443440860215053,1.9999999999999996,2.573522643184853,2,
1437,200,0.2376396092000572,23.44999999999999,0.1503636804996028,2.0,1.0,43.0,18.38216560509554,0.436046511627907,3.6815286624203822,7.200000000000018,2.9747346072186853,2.499999999999995,3.4840270465200427,2,
1438,200,0.23740208837106508,24.500000000000004,0.15034519683922312,2.0,0.0,40.0,17.146435452793835,0.3629032258064516,4.3795761078998074,5.400000000000016,2.363198458574181,2.399999999999998,2.0890387585387664,2,
1439,200,0.23716480494418105,23.799999999999994,0.15033364500596974,2.0,0.0,39.0,17.305389221556887,0.35465116279069764,4.199600798403194,7.000000000000012,2.6403193612774456,2.0999999999999996,3.8472120318725316,2,
1440,200,0.23692775868212176,26.000000000000007,0.15031551293819712,2.0,1.0,37.0,18.29430894308943,0.2645631067961165,3.6861788617886178,5.399999999999996,1.9523577235772325,1.5999999999999939,1.6004498921274195,2,
1441,200,0.23669094934784088,27.47500000000001,0.1502852751877406,2.0,1.0,41.0,17.92560553633218,0.30660377358490565,5.256055363321799,6.000000000000011,2.3908304498269874,1.8999999999999966,2.372466273351241,2,
1442,200,0.2364543767045291,22.949999999999992,0.1502649044764821,2.0,0.0,38.0,17.845652173913045,0.4375,3.026086956521739,5.199999999999998,2.5176086956521737,2.7,1.687067471963478,2,
1443,200,0.23621804051561368,24.324999999999953,0.1502483747173383,2.0,0.0,40.0,19.78211009174312,0.47560975609756095,1.4678899082568808,5.800000000000012,3.3525229357798207,3.700000000000017,2.9574174491701672,2,
1444,200,0.23598194054475852,23.62499999999998,0.15023846392554538,2.0,1.0,40.0,18.816964285714285,0.46341463414634143,1.7946428571428572,5.300000000000006,2.933258928571426,3.1999999999999953,1.7601749351031117,2,
1445,200,0.23574607655586352,13.524999999999986,0.15021816279309835,2.0,0.0,43.0,17.330739299610894,0.65625,0.0311284046692607,6.8000000000000185,3.152140077821013,2.999999999999998,4.418904735949626,3,
1446,200,0.23551044831306475,15.099999999999993,0.15019495236866204,2.0,0.0,41.0,16.09964412811388,0.66,0.02491103202846975,5.700000000000005,2.5583629893238404,2.6999999999999926,2.3444526342451835,3,
1447,200,0.2352750555807339,21.19999999999999,0.15016647128454488,3.0,0.0,44.0,18.01290322580645,0.4285714285714286,3.1247311827956987,8.700000000000026,3.2731182795698945,2.099999999999998,7.286386340091802,3,
1448,200,0.23503989812347828,26.34999999999999,0.15013639907346296,2.0,0.0,43.0,16.63351749539595,0.3427835051546392,4.602209944751381,6.900000000000023,2.1493554327808466,1.5999999999999917,2.677131131973101,2,
1449,200,0.2348049757061403,21.724999999999998,0.15011355076856614,2.0,1.0,46.0,15.378172588832488,0.46621621621621623,1.5583756345177664,8.800000000000018,2.7984771573604066,2.4999999999999982,4.779419331980562,3,
1450,200,0.23457028809379765,25.599999999999977,0.15009210074947224,2.0,0.0,39.0,17.441717791411044,0.4,2.494887525562372,4.899999999999995,2.3725971370143113,2.599999999999993,1.750667447306786,2,
1451,200,0.23433583505176261,28.575000000000003,0.15007575911396875,2.0,0.0,39.0,17.380487804878047,0.26415094339622647,4.07479674796748,4.699999999999989,1.7416260162601571,1.5999999999999992,0.8112775498117503,2,
1452,200,0.2341016163455822,26.325000000000003,0.15004895990509812,2.0,0.0,39.0,15.951830443159922,0.3489010989010989,3.115606936416185,4.500000000000001,1.7967244701348726,1.5999999999999974,1.2207837837837825,2,
1453,200,0.23386763174103756,19.07499999999999,0.15003693181681116,2.0,0.0,45.0,17.641176470588235,0.59375,0.46176470588235297,8.300000000000034,3.4291176470588294,1.949999999999999,7.528540817827196,3,
1454,200,0.23363388100414423,25.075000000000017,0.1500048938058375,2.0,0.0,43.0,17.221070811744386,0.3088235294117647,3.4058721934369602,6.80000000000002,2.2395509499136432,1.7999999999999927,2.724056974108113,3,
1455,200,0.23340036390115132,24.949999999999992,0.14997971285362852,3.0,0.0,47.0,17.253258845437617,0.3459595959595959,3.973929236499069,9.700000000000037,2.899068901303542,1.799999999999999,6.297469760861178,3,
1456,200,0.2331670801985418,27.450000000000024,0.14995118425518053,3.0,0.0,38.0,17.66965620328849,0.1858974358974359,5.980568011958146,5.100000000000002,2.139611360239163,1.6999999999999997,1.9005428099025867,2,
1457,200,0.23293402966303187,29.024999999999984,0.1499250897954419,2.0,0.0,41.0,16.94589877835951,0.303921568627451,3.1116928446771377,5.400000000000008,2.1315881326352506,1.7999999999999927,2.0668444360517526,2,
1458,200,0.23270121206157107,23.67499999999996,0.1499166338567871,2.0,0.0,47.0,20.798657718120804,0.48563218390804597,4.140939597315437,10.600000000000035,4.141163310961975,3.2999999999999896,8.465014614029558,2,
1459,200,0.23246862716134165,24.574999999999996,0.149892145958296,2.0,0.0,36.0,16.702643171806166,0.4358974358974359,1.0418502202643172,3.699999999999994,1.7691629955947097,1.8999999999999913,0.8637669262304978,2,
1460,200,0.23223627472975883,28.999999999999975,0.14987523320983392,2.0,1.0,44.0,16.4487895716946,0.31930693069306926,1.8752327746741155,7.500000000000022,2.2968342644320296,1.7999999999999967,3.3792381956389193,2,
1461,200,0.23200415453447004,25.70000000000002,0.1498517174833935,2.0,0.0,37.0,16.371475953565504,0.23076923076923084,4.800995024875622,4.900000000000005,2.0558872305140947,1.999999999999988,1.6883737981562577,2,
1462,200,0.23177226634335515,27.775,0.14982637978338983,2.0,0.0,40.0,17.185185185185187,0.3044554455445545,3.3315696649029984,5.100000000000003,2.32716049382716,2.4000000000000106,1.7516487085054508,2,
1463,200,0.2315406099245259,16.599999999999977,0.14981625650517122,3.0,0.0,42.0,16.47151898734177,0.5657894736842105,0.5569620253164557,7.2000000000000215,3.298417721518996,3.9499999999999984,5.3026771819138245,3,
1464,200,0.23130918504632592,20.099999999999994,0.14979417360402453,3.0,1.0,44.0,14.730666666666666,0.41666666666666663,1.2613333333333334,7.700000000000024,2.8562666666666687,2.0,6.001436739105725,3,
1465,200,0.23107799147733019,23.899999999999977,0.14977334014447322,2.0,0.0,46.0,19.040178571428573,0.4911764705882353,2.0200892857142856,8.400000000000023,3.0671874999999984,2.099999999999997,5.161917808901735,2,
1466,33,0.23084702898634524,0.6999999999999997,0.1497720341072716,1.0,0.0,4.0,1.3333333333333333,0,0.0,0.9,0.37820512820512836,0.40000000000000013,0.05812428078250862,4,
1467,200,0.2306162973424085,30.525,0.14973300710150939,2.0,0.0,37.0,17.77230769230769,0.20575221238938046,5.849230769230769,5.500000000000002,1.9903076923076903,1.699999999999999,1.3391246133126995,1,
1468,200,0.23038579631478834,27.249999999999975,0.14972146047660406,2.0,0.0,42.0,16.21946564885496,0.32894736842105265,3.364503816793893,6.500000000000004,2.1076335877862564,1.4999999999999936,2.520294418647002,2,
1469,200,0.23015552567298364,29.874999999999986,0.14969315121779184,2.0,0.0,37.0,18.163009404388713,0.21491228070175428,4.021943573667712,5.499999999999992,2.1302507836990547,1.9999999999999936,1.0912349063858087,1,
1470,200,0.22992548518672384,24.399999999999988,0.14967175357918905,2.0,1.0,40.0,17.161290322580644,0.43023255813953487,3.021505376344086,5.300000000000007,2.151827956989248,1.5999999999999992,2.2903352079325194,2,
1471,200,0.22969567462596835,22.17500000000001,0.14965561195019467,3.0,0.0,39.0,14.823529411764707,0.3487654320987654,1.0609243697478992,4.4999999999999885,2.0869747899159625,1.8999999999999981,1.3576094449961322,3,
1472,200,0.22946609376090668,17.299999999999986,0.14964687253738232,3.0,0.0,45.0,16.39160839160839,0.6227272727272727,0.8881118881118881,8.100000000000023,3.0391608391608425,1.799999999999997,6.5784769240173935,3,
1473,200,0.22923674236195785,28.175000000000008,0.14962870248585014,2.0,0.0,37.0,17.426646706586826,0.17982456140350878,5.350299401197605,4.399999999999992,1.8778443113772405,1.699999999999997,0.9630142776145542,1,
1474,200,0.2290076201997705,21.399999999999963,0.14961080234993873,2.0,1.0,44.0,19.305429864253394,0.4907407407407407,3.3076923076923075,8.10000000000004,3.1760180995475165,2.7999999999999883,4.214469065278535,2,
1475,200,0.22877872704522242,26.19999999999996,0.1495955972240203,2.0,0.0,40.0,16.824380165289256,0.3936781609195402,0.9772727272727273,5.600000000000002,2.1993801652892526,1.9999999999999984,1.7444905338199819,2,
1476,200,0.2285500626694205,16.72499999999998,0.14958937864957234,3.0,0.0,46.0,17.99642857142857,0.65,0.11428571428571428,9.300000000000027,3.8660714285714337,3.049999999999997,9.000713657062,3,
1477,200,0.22832162684370022,27.749999999999982,0.14956865349788742,2.0,0.0,45.0,17.10332103321033,0.32999999999999996,2.911439114391144,8.40000000000003,2.660332103321034,2.1999999999999984,3.681520171022246,2,
1478,200,0.22809341933962587,30.44999999999999,0.14953860568980454,2.0,0.0,47.0,17.785109983079526,0.3136363636363636,3.71912013536379,9.20000000000001,2.448900169204736,2.0999999999999956,3.605724003664686,2,
1479,200,0.22786543992898983,31.85000000000002,0.14951769361938988,2.0,0.0,40.0,17.31544502617801,0.07330827067669166,7.25,5.399999999999993,1.5680628272251274,1.2999999999999952,1.155290896786846,2,
1480,200,0.22763768838381274,25.29999999999999,0.1495117523728801,2.0,0.0,42.0,17.025751072961373,0.42647058823529416,1.8240343347639485,6.2,2.1484978540772484,2.0999999999999925,1.4734916534272733,2,
1481,200,0.22741016447634296,24.99999999999997,0.1495021866217084,2.0,0.0,41.0,17.39676113360324,0.38186813186813184,3.882591093117409,7.000000000000014,2.5981781376518223,1.6999999999999982,3.9964300612617234,2,
1482,200,0.22718286797905665,15.599999999999985,0.14949803294712555,2.0,0.0,41.0,17.19254658385093,0.5570175438596491,0.9472049689440993,7.500000000000026,3.724223602484483,4.249999999999999,6.553203128767544,3,
1483,200,0.22695579866465723,24.04999999999999,0.14947491953379183,2.0,0.0,37.0,17.909302325581397,0.4864864864864865,1.3116279069767443,4.299999999999993,2.133023255813948,2.199999999999998,0.8904491641382538,2,
1484,200,0.22672895630607542,21.649999999999995,0.14945939222476473,2.0,0.0,47.0,17.346666666666668,0.5347222222222222,1.072,10.20000000000003,3.5714666666666712,2.4,9.411066105359026,3,
1485,200,0.22650234067646874,24.624999999999982,0.14944229638311726,2.0,0.0,40.0,17.836601307189543,0.4307228915662651,2.4553376906318083,4.800000000000004,2.54531590413943,2.5999999999999934,1.587278621606224,2,
1486,200,0.2262759515492217,27.924999999999986,0.14942549164512192,2.0,0.0,41.0,17.26293995859213,0.40555555555555556,1.544513457556936,6.500000000000001,2.3828157349896437,1.9999999999999947,2.2808117862899038,2,
1487,200,0.22604978869794498,15.899999999999995,0.14942336153279637,3.0,0.0,43.0,17.279605263157894,0.5535714285714286,0.39144736842105265,7.400000000000039,3.888486842105275,5.050000000000016,7.01418676621767,3,
1488,200,0.22582385189647586,20.27499999999998,0.14940142953012445,2.0,0.0,42.0,18.017857142857142,0.43354430379746833,2.127232142857143,8.200000000000026,3.3484375000000064,2.0999999999999908,6.861638889304162,3,
1489,200,0.22559814091887742,30.52499999999999,0.1493706133928426,2.0,0.0,38.0,18.302034428794993,0.21551724137931028,3.4021909233176837,5.200000000000013,2.222691705790297,1.7999999999999963,1.9190985501567486,1,
1490,200,0.22537265553943872,25.34999999999999,0.14934327976310852,2.0,0.0,37.0,17.093418259023355,0.4085365853658537,0.8450106157112527,3.899999999999995,2.201486199575365,2.3999999999999906,0.9469022719076753,2,
1491,200,0.22514739553267432,25.62499999999998,0.1493248850099019,2.0,0.0,42.0,18.32494758909853,0.4297752808988764,2.6457023060796647,6.400000000000011,2.866247379454923,2.8999999999999946,2.3289967828135443,2,
1492,200,0.22492236067332425,28.10000000000001,0.14929845084274673,2.0,0.0,41.0,17.973821989528794,0.31796116504854366,3.6736474694589876,5.400000000000007,2.355671902268758,2.2999999999999883,1.425089971004607,2,
1493,200,0.22469755073635353,27.04999999999999,0.14927399762216853,2.0,0.0,39.0,17.385474860335197,0.33163265306122447,3.541899441340782,5.500000000000003,2.538175046554932,2.2999999999999945,1.8447501803251403,2,
1494,200,0.22447296549695234,31.64999999999999,0.14925511108656936,2.0,0.0,40.0,15.550173010380623,0.2596153846153846,3.008650519031142,4.799999999999988,1.750346020761242,1.4999999999999987,0.983644693085247,2,
1495,200,0.22424860473053532,21.474999999999998,0.1492400830665176,6.0,1.0,46.0,16.467120181405896,0.41463414634146345,2.798185941043084,8.90000000000003,3.172335600907031,2.1999999999999957,6.021034348004977,3,
1496,200,0.22402446821274175,28.149999999999995,0.14921264295922346,2.0,1.0,43.0,17.408662900188325,0.36111111111111116,3.352165725047081,6.799999999999996,2.481544256120522,2.499999999999995,1.3447865654702746,2,
1497,200,0.223800555719435,24.899999999999984,0.149193792719108,2.0,0.0,41.0,17.820689655172412,0.48750000000000004,1.3080459770114943,6.199999999999994,2.160229885057469,2.099999999999996,2.00727952056821,2,
1498,200,0.22357686702670268,16.69999999999999,0.1491868456848333,3.0,0.0,44.0,17.1438127090301,0.6071428571428571,0.13043478260869565,8.000000000000037,3.5732441471571996,3.999999999999998,7.426256823266275,3,
1499,200,0.22335340191085598,25.949999999999996,0.1491848013285178,2.0,0.0,41.0,16.5599173553719,0.41666666666666663,2.3801652892561984,6.000000000000002,1.906818181818179,1.4999999999999976,2.277628524471199,2,
1500,200,0.22313016014842982,22.099999999999984,0.1491612561780127,2.0,0.0,45.0,17.20309050772627,0.42469879518072284,1.966887417218543,8.900000000000041,3.085651214128042,2.699999999999996,5.951235916728452,3,
1501,200,0.22290714151618238,22.674999999999986,0.14914217730488413,2.0,1.0,42.0,18.77674418604651,0.49683544303797467,2.2953488372093025,7.2000000000000135,2.6618604651162814,1.5999999999999985,4.165265577423378,2,
1502,200,0.22268434579109508,29.95,0.1491177535228372,2.0,0.0,43.0,16.830291970802918,0.3131067961165048,2.1149635036496353,6.600000000000022,2.49051094890511,2.3999999999999986,2.282727778277281,2,
1503,200,0.22246177275037207,25.57499999999996,0.1490949298596117,2.0,0.0,40.0,18.189247311827955,0.4109195402298851,1.8064516129032258,5.800000000000013,2.8344086021505377,2.7999999999999967,3.0834754698830924,2,
1504,200,0.2222394221714404,24.47499999999998,0.1490758421477949,2.0,0.0,38.0,18.225165562913908,0.44753086419753085,1.9403973509933774,4.999999999999996,2.632671081677701,2.9999999999999973,1.5457392499317726,2,
1505,200,0.22201729383194937,20.825000000000003,0.14906855272873068,3.0,0.0,41.0,15.394160583941606,0.45833333333333337,2.0827250608272507,5.700000000000008,2.4411192214111903,2.299999999999996,2.060048898887053,3,
1506,200,0.22179538750977074,30.10000000000001,0.14904532766467066,3.0,0.0,41.0,16.30670926517572,0.21363636363636362,4.0894568690095845,5.8000000000000025,2.034025559105431,1.6999999999999935,1.84116325358852,2,
1507,200,0.22157370298299803,24.049999999999976,0.14902763346810283,2.0,0.0,45.0,19.004651162790697,0.5060975609756098,2.2372093023255815,7.900000000000027,2.7986046511627922,2.0,5.267142818511757,2,
1508,200,0.22135224002994683,24.57499999999997,0.1490007131077394,2.0,0.0,43.0,19.837155963302752,0.4878048780487805,1.4701834862385321,7.800000000000022,3.402064220183486,3.299999999999989,3.7696715326547463,2,
1509,200,0.22113099842915407,26.599999999999998,0.14897696555770512,2.0,0.0,43.0,16.994642857142857,0.28431372549019607,4.105357142857143,6.800000000000013,2.661071428571429,2.0499999999999936,3.636210447099669,2,
1510,200,0.2209099779593782,24.32500000000001,0.1489534465134578,2.0,0.0,37.0,17.81981981981982,0.3170103092783505,5.947747747747748,5.000000000000006,2.448828828828829,2.499999999999994,1.4593321948939104,2,
1511,200,0.22068917839959865,18.47499999999999,0.148941735516687,3.0,0.0,42.0,14.504587155963304,0.5550847457627118,0.7155963302752294,6.200000000000001,2.0773700305810374,1.7999999999999963,2.335289540625463,3,
1512,200,0.22046859952901593,21.84999999999999,0.1489269150031733,3.0,1.0,49.0,17.232142857142858,0.44480519480519476,1.596938775510204,10.500000000000034,4.214795918367353,2.1999999999999966,12.58996505339615,3,
1513,200,0.22024824112705108,21.075000000000003,0.14892255551251393,3.0,0.0,39.0,13.946386946386946,0.40068493150684936,2.2004662004662006,4.49999999999999,1.742191142191139,1.6999999999999966,0.8355904151271428,3,
1514,200,0.22002810297334574,28.575,0.14890624010771875,2.0,0.0,44.0,18.45928338762215,0.28125,6.190553745928339,7.600000000000007,2.530130293159606,2.299999999999994,2.4382354407883438,2,
1515,200,0.21980818484776168,26.199999999999985,0.14888752399890343,2.0,0.0,39.0,17.25,0.3532608695652174,3.318359375,5.700000000000001,2.5624999999999996,2.3999999999999924,2.1519613340810273,2,
1516,200,0.21958848653038082,29.774999999999988,0.14887168261639663,2.0,0.0,40.0,15.988721804511279,0.3118556701030928,0.8928571428571429,5.199999999999995,2.0043233082706737,2.0999999999999943,1.5690282061881817,2,
1517,200,0.21936900780150476,20.89999999999999,0.14886228750414254,3.0,1.0,46.0,17.38995215311005,0.46153846153846156,3.0,9.600000000000026,3.5377990430622046,2.1999999999999975,8.919818455498193,3,
1518,200,0.2191497484416548,23.52499999999997,0.14885340861432253,2.0,0.0,44.0,18.134657836644593,0.47289156626506024,1.3973509933774835,7.200000000000032,2.5783664459161164,1.2999999999999998,4.9797328564188845,3,
1519,200,0.2189307082315715,19.474999999999984,0.14884249898256813,3.0,0.0,48.0,16.593548387096774,0.532258064516129,0.8,9.900000000000027,3.6012903225806494,2.549999999999998,9.0026081436852,3,
1520,200,0.21871188695221475,21.049999999999997,0.1488295533116407,4.0,0.0,44.0,15.714285714285714,0.36392405063291144,2.032258064516129,9.100000000000026,3.2656682027649846,1.2000000000000004,9.477420031323902,3,
1521,200,0.21849328438476312,24.49999999999999,0.14881459895227966,2.0,0.0,47.0,19.335403726708076,0.44780219780219777,4.828157349896481,9.30000000000004,3.494616977225677,3.1999999999999913,5.0573425979905196,2,
1522,200,0.21827490031061414,22.999999999999982,0.14880168177350317,2.0,0.0,39.0,16.956427015250544,0.439873417721519,1.55119825708061,5.80000000000001,2.289106753812636,1.5999999999999979,2.578324947788132,3,
1523,200,0.2180567345113836,28.44999999999999,0.1487849535270252,2.0,0.0,47.0,19.256451612903227,0.2934782608695652,5.987096774193549,9.000000000000043,2.762580645161292,1.9999999999999971,3.746835345565456,2,
1524,200,0.21783878676890578,25.17499999999996,0.1487798453915633,2.0,0.0,42.0,17.909266409266408,0.33947368421052626,3.222007722007722,6.500000000000016,3.0998069498069527,3.1000000000000063,3.3298772375085384,2,
1525,200,0.21762105686523284,27.275000000000006,0.1487723655127452,2.0,0.0,41.0,16.80821917808219,0.26415094339622647,5.066780821917808,5.699999999999999,2.43767123287671,2.8,1.952148245884095,2,
1526,200,0.21740354458263497,23.67499999999996,0.14875873119864377,2.0,0.0,43.0,20.33732057416268,0.5154320987654321,0.7990430622009569,7.00000000000002,3.3641148325358845,3.499999999999999,2.6779620313296006,2,
1527,200,0.21718624970359973,24.59999999999998,0.14874234766485175,2.0,0.0,39.0,18.513215859030836,0.441358024691358,0.8920704845814978,6.000000000000005,2.8792951541850247,2.649999999999996,2.5639890352473285,2,
1528,200,0.21696917201083235,23.07499999999998,0.14873171842014232,2.0,0.0,41.0,18.074688796680498,0.3994252873563219,3.2053941908713695,6.800000000000003,2.930497925311202,2.6999999999999926,2.8429202877029094,2,
1529,200,0.216752311287255,17.974999999999994,0.14872623755557107,2.0,0.0,40.0,13.75206611570248,0.4642857142857143,1.3333333333333333,5.399999999999997,2.028374655647382,1.399999999999999,2.52728568392933,3,
1530,200,0.21653566731600707,22.474999999999966,0.1487146961597026,2.0,0.0,43.0,18.96788990825688,0.5031645569620253,2.3623853211009176,7.500000000000013,2.8639908256880737,2.5999999999999974,3.1168619374523394,2,
1531,200,0.21631923988044444,16.42499999999998,0.14870646231071974,2.0,0.0,46.0,19.114503816793892,0.6923076923076923,0.061068702290076333,9.10000000000003,4.185496183206114,4.149999999999998,9.840772693501219,3,
1532,200,0.21610302876413975,23.12499999999997,0.1486966466930852,2.0,0.0,39.0,19.240825688073393,0.4715189873417721,2.0458715596330275,6.099999999999999,3.044266055045872,2.6999999999999957,2.515232646834495,2,
1533,200,0.2158870337508818,25.125000000000004,0.14867579762552144,2.0,0.0,40.0,18.335570469798657,0.2735849056603774,7.4630872483221475,6.800000000000024,2.824496644295302,2.5999999999999943,2.7727969821094454,2,
1534,200,0.21567125462467565,13.72499999999998,0.14866595814564723,2.0,0.0,40.0,17.111553784860558,0.6931818181818182,0.0,5.600000000000012,2.843824701195219,3.4999999999999947,3.073506666666671,3,
1535,200,0.21545569116974203,26.724999999999987,0.14864975173509382,2.0,0.0,43.0,16.628260869565217,0.44999999999999996,0.1826086956521739,6.700000000000001,1.8184782608695622,1.399999999999999,1.8570803737257693,2,
1536,200,0.21524034317051757,26.149999999999984,0.14863907232830517,2.0,0.0,41.0,17.537154989384288,0.43823529411764706,1.643312101910828,5.500000000000011,2.3632696390658148,2.199999999999998,1.7956653443923551,2,
1537,200,0.21502521041165426,30.449999999999985,0.14862025832068085,2.0,0.0,45.0,17.90316573556797,0.37376237623762376,2.5679702048417132,7.900000000000018,2.5102420856610776,2.1999999999999975,2.6729211285579626,2,
1538,200,0.2148102926780192,28.774999999999974,0.14860898702657,2.0,0.0,46.0,18.4930966469428,0.3886138613861386,3.145956607495069,9.000000000000027,3.253451676528605,3.099999999999995,5.2592738321247685,2,
1539,200,0.21459558975469478,13.824999999999994,0.14859834971859495,2.0,0.0,42.0,17.84081632653061,0.6833333333333333,0.0,6.100000000000012,3.154693877551022,3.6999999999999984,3.269063041450097,3,
1540,200,0.21438110142697794,22.4,0.14858647289353413,2.0,0.0,38.0,15.516279069767442,0.4652777777777778,1.7604651162790699,3.8999999999999866,1.7367441860465063,1.8999999999999946,0.9091664097696531,3,
1541,200,0.21416682748038046,27.15,0.14856417034397223,2.0,0.0,39.0,17.197392923649907,0.35,3.303538175046555,4.899999999999995,2.0867783985102393,1.7999999999999967,1.376682849692058,2,
1542,200,0.21395276770062824,29.974999999999987,0.14854033634335395,2.0,1.0,43.0,17.135135135135137,0.32843137254901966,3.264864864864865,6.900000000000007,2.3850450450450422,2.2999999999999914,2.2212790561774405,2,
1543,200,0.2137389218736616,23.724999999999987,0.14853022480221229,1.0,0.0,36.0,17.112385321100916,0.46621621621621623,0.4243119266055046,3.399999999999991,1.767201834862381,1.8999999999999921,0.8523461953233858,2,
1544,200,0.2135252897856346,27.899999999999988,0.14852323079773763,2.0,0.0,41.0,17.167641325536064,0.37631578947368416,2.4639376218323585,6.299999999999996,2.295516569200774,2.0999999999999965,1.702617947470814,2,
1545,200,0.21331187122291523,28.449999999999985,0.14851215197781273,2.0,0.0,52.0,19.78406708595388,0.46649484536082475,3.740041928721174,12.20000000000003,3.7417190775681357,2.599999999999997,9.63651990084742,2,
1546,200,0.21309866597208482,32.249999999999986,0.14848902421107962,3.0,0.0,39.0,17.19287833827893,0.18333333333333335,5.121661721068249,4.799999999999997,1.864243323442133,1.699999999999991,1.387997512519946,2,
1547,200,0.21288567381993817,30.449999999999996,0.14846001240432546,2.0,1.0,40.0,19.02685624012638,0.22881355932203395,6.244865718799368,7.200000000000019,2.6015797788309625,2.2999999999999883,2.369798047358562,1,
1548,200,0.21267289455348304,31.27499999999996,0.14844196634371562,2.0,0.0,41.0,18.88130081300813,0.2678571428571429,3.0959349593495933,5.7000000000000055,2.3045528455284536,1.799999999999999,2.1433345319175996,1,
1549,200,0.21246032795994024,25.450000000000003,0.14843088377716965,3.0,0.0,39.0,13.407335907335908,0.2897727272727273,3.776061776061776,4.799999999999995,1.1631274131274116,0.8999999999999992,0.773295803937791,3,
1550,200,0.21224797382674304,32.999999999999964,0.14842746982708027,2.0,0.0,44.0,19.33652312599681,0.2666666666666667,3.864433811802233,7.600000000000025,2.7245614035087717,2.199999999999991,3.630442654809647,1,
1551,200,0.2120358319415374,26.424999999999976,0.14840707693269173,2.0,0.0,40.0,18.556561085972852,0.45833333333333337,1.5384615384615385,5.399999999999996,2.7266968325791825,2.7999999999999963,2.2162669492176095,2,
1552,200,0.21182390209218135,31.099999999999973,0.14840025208855323,2.0,1.0,38.0,17.71219512195122,0.264018691588785,3.383739837398374,5.999999999999996,1.7777235772357685,1.4,1.5453127247345475,2,
1553,200,0.2116121840667451,24.17499999999997,0.14838221180100697,2.0,0.0,39.0,18.764705882352942,0.45625000000000004,0.6832579185520362,6.3000000000000105,2.859728506787332,3.1999999999999993,2.5042281291749298,2,
1554,200,0.21140067765351048,24.925,0.14837453356940064,2.0,0.0,45.0,14.830065359477125,0.38690476190476186,2.263616557734205,7.90000000000002,2.29433551198257,1.5999999999999948,4.226001044237723,3,
1555,200,0.21118938264097117,20.299999999999994,0.14836220404565095,4.0,0.0,40.0,15.185929648241206,0.46739130434782605,2.208542713567839,5.400000000000011,2.160552763819095,1.5999999999999985,2.0511955581649404,3,
1556,200,0.21097829881783206,26.4,0.14834275428765825,2.0,0.0,39.0,16.80627306273063,0.3236842105263158,3.857933579335793,4.59999999999999,2.2429889298892935,2.3999999999999897,1.2351856768891867,2,
1557,200,0.2107674259730094,20.349999999999987,0.14832829173467127,2.0,0.0,39.0,17.093908629441625,0.5261194029850746,1.3172588832487309,4.7999999999999945,2.4512690355329925,2.599999999999997,1.7924084130511817,3,
1558,200,0.21055676389563024,25.02499999999998,0.14831802143821096,2.0,0.0,40.0,17.941176470588236,0.4487951807228916,2.1198257080610023,6.000000000000008,2.5191721132897587,2.4999999999999947,2.4161580596164853,2,
1559,200,0.21034631237503254,30.225000000000005,0.1483154653852461,2.0,0.0,39.0,19.336585365853658,0.25,5.25040650406504,7.000000000000008,2.5777235772357714,2.299999999999989,2.6086651296586294,1,
1560,200,0.21013607120076472,28.724999999999994,0.14830578813566542,2.0,0.0,40.0,18.067073170731707,0.2072649572649572,7.286585365853658,6.0000000000000036,2.2048780487804875,1.6999999999999946,2.1510787642185796,1,
1561,200,0.20992604016258565,26.62499999999998,0.14829652618831707,2.0,1.0,45.0,17.61935483870968,0.4410112359550562,1.6086021505376344,7.80000000000002,2.4834408602150515,2.099999999999994,3.7191623501554103,2,
1562,200,0.2097162190504642,16.149999999999988,0.148294428367854,3.0,0.0,43.0,16.271375464684017,0.68,0.0,6.800000000000019,2.565427509293682,1.5999999999999988,4.101500829187413,3,
1563,200,0.20950660765457932,27.524999999999995,0.14828695896027105,2.0,0.0,48.0,17.370848708487085,0.34615384615384615,4.832103321033211,9.60000000000003,2.7809963099630997,1.9999999999999947,4.775356222533165,2,
1564,200,0.20929720576531952,25.85,0.1482678062374228,3.0,1.0,41.0,15.796979865771812,0.21116504854368934,4.406040268456376,6.900000000000026,2.2073825503355735,1.2999999999999976,4.082473769407297,3,
1565,200,0.20908801317328293,14.849999999999973,0.1482677081260406,2.0,0.0,42.0,16.491909385113267,0.5357142857142857,0.9158576051779935,7.600000000000019,3.4847896440129555,3.9000000000000017,6.811069752827873,3,
1566,200,0.20887902966927693,24.774999999999974,0.14825355215918967,2.0,0.0,42.0,18.416122004357298,0.4476744186046512,2.9389978213507626,6.700000000000027,2.8498910675381266,2.499999999999987,2.672142301120203,2,
1567,200,0.20867025504431805,33.7,0.14823079497057348,2.0,0.0,36.0,17.139705882352942,0.15336134453781503,3.386764705882353,4.099999999999998,1.7397058823529366,1.6999999999999977,0.8874841857356919,1,
1568,200,0.20846168908963153,21.67499999999999,0.14821537205002258,2.0,0.0,45.0,15.8025,0.472972972972973,1.8875,8.200000000000017,2.715249999999999,1.9999999999999971,4.276819167619811,3,
1569,200,0.20825333159665155,27.524999999999984,0.14819562125115335,2.0,0.0,43.0,16.88560885608856,0.345,5.428044280442805,6.600000000000015,2.1976014760147575,1.8999999999999964,2.363526277986002,2,
1570,200,0.20804518235702046,17.449999999999985,0.14818865131255793,3.0,0.0,45.0,16.710714285714285,0.5833333333333334,0.0,8.000000000000027,3.2532142857142907,3.6999999999999975,5.546203267898858,3,
1571,200,0.20783724116258911,20.849999999999987,0.14818342929210568,3.0,0.0,47.0,16.656424581005588,0.5253623188405797,1.0921787709497206,9.50000000000003,3.4435754189944197,2.4499999999999993,9.591081045231517,3,
1572,200,0.2076295078054162,15.549999999999986,0.148172000131228,5.0,0.0,46.0,18.54022988505747,0.6538461538461539,0.11494252873563218,8.800000000000034,3.962452107279703,4.299999999999999,7.063598062243158,3,
1573,200,0.20742198207776844,22.94999999999999,0.14816136814952363,2.0,0.0,46.0,16.3525,0.49,0.345,9.100000000000026,3.009250000000002,1.799999999999998,6.903632585203693,3,
1574,200,0.20721466377212,24.075,0.14814344388695921,2.0,0.0,44.0,20.250517598343684,0.4148936170212766,6.6107660455486545,8.200000000000033,4.175362318840589,3.9000000000000115,5.291196203833936,2,
1575,200,0.20700755268115265,29.450000000000003,0.14814492478700395,2.0,0.0,39.0,16.399328859060404,0.24532710280373826,4.382550335570469,4.8,2.1157718120805358,2.1000000000000005,1.660729079571527,2,
1576,200,0.20680064859775515,22.224999999999987,0.14813808903841885,3.0,0.0,45.0,19.108167770419428,0.47891566265060237,2.65121412803532,7.900000000000043,3.3611479028697615,2.699999999999997,4.88774170597643,3,
1577,200,0.20659395131502356,25.949999999999985,0.1481363912855165,2.0,0.0,43.0,18.09016393442623,0.3967391304347826,4.157786885245901,7.400000000000031,2.981147540983608,2.4999999999999982,3.99925154214068,2,
1578,200,0.20638746062626045,16.79999999999998,0.14812670154472257,3.0,0.0,42.0,15.335526315789474,0.5318181818181819,0.1513157894736842,7.1000000000000245,2.765460526315795,1.499999999999999,5.371463831629098,3,
1579,200,0.20618117632497523,27.774999999999988,0.14811409350030352,2.0,0.0,41.0,16.77904761904762,0.375,1.8971428571428572,5.699999999999996,1.90933333333333,1.5999999999999996,1.661766537021449,2,
1580,200,0.20597509820488344,28.599999999999998,0.14809865583929424,2.0,0.0,40.0,16.90146750524109,0.4147727272727273,0.7358490566037735,5.1999999999999975,2.0788259958071245,1.9999999999999902,1.5976928553848277,2,
1581,200,0.20576922605990708,18.474999999999984,0.14809272216069846,3.0,0.0,42.0,14.549689440993788,0.5431034482758621,0.5341614906832298,6.400000000000015,2.2652173913043487,1.2999999999999987,3.7483294271963667,3,
1582,200,0.2055635596841739,29.324999999999992,0.1480824129920763,2.0,0.0,43.0,17.165745856353592,0.3622448979591837,1.6058931860036831,7.2000000000000135,2.022283609576426,1.4999999999999951,2.7334169470371275,2,
1583,200,0.20535809887201756,21.674999999999972,0.14807481923611798,2.0,0.0,38.0,18.394495412844037,0.4766666666666667,2.3509174311926606,6.500000000000007,2.536467889908257,2.0999999999999925,2.9020569189089813,2,
1584,200,0.20515284341797715,26.5,0.14805813360797654,2.0,0.0,40.0,18.50261780104712,0.31999999999999995,3.486910994764398,6.800000000000009,2.5169284467713786,1.9999999999999951,2.896528532443191,2,
1585,200,0.2049477931167973,30.25,0.1480422982111877,2.0,0.0,40.0,19.275862068965516,0.2723214285714286,4.361247947454844,5.500000000000008,2.4568144499178945,2.3999999999999893,1.449912316652287,1,
1586,200,0.20474294776342764,22.700000000000003,0.14803141240041684,2.0,0.0,44.0,14.96551724137931,0.38291139240506333,2.386206896551724,7.300000000000043,2.677471264367824,1.4999999999999991,4.982553270198334,3,
1587,200,0.2045383071530228,23.299999999999983,0.14802744136815568,2.0,1.0,42.0,16.498866213151928,0.4423076923076923,1.4943310657596371,6.5,2.5356009070294787,2.0999999999999988,3.4287955573838103,3,
1588,200,0.20433387108094214,24.274999999999977,0.14801984130155837,2.0,0.0,43.0,18.8302752293578,0.4849397590361446,1.9701834862385321,6.60000000000003,2.7979357798165165,3.099999999999998,3.20214561140484,2,
1589,200,0.20412963934274964,23.799999999999976,0.14801651065596083,2.0,0.0,42.0,18.989626556016596,0.3960674157303371,3.2551867219917012,8.300000000000006,3.494398340248968,3.2999999999999976,4.873122377035436,2,
1590,200,0.20392561173421342,23.499999999999982,0.14801391407624953,2.0,0.0,41.0,18.641860465116277,0.5,1.1534883720930234,7.400000000000017,2.5809302325581407,1.5999999999999928,4.6610103894558925,2,
1591,200,0.203721788051306,25.874999999999964,0.14799836703535793,2.0,0.0,41.0,18.45374449339207,0.43823529411764706,1.6167400881057268,6.1000000000000165,2.851541850220264,2.799999999999996,2.549646556533983,2,
1592,200,0.20351816809020354,26.64999999999998,0.14798438830670635,2.0,0.0,39.0,17.546153846153846,0.3236842105263158,3.0153846153846153,5.600000000000009,2.8917307692307768,3.749999999999998,3.227116631348517,2,
1593,200,0.20331475164728618,31.574999999999978,0.14797009784491053,2.0,0.0,46.0,19.434494195688224,0.3108695652173913,5.767827529021559,8.500000000000028,2.8280265339966837,2.2999999999999985,3.6609990429253694,2,
1594,200,0.20311153851913738,18.074999999999992,0.14796380611619486,2.0,0.0,42.0,14.230263157894736,0.5772727272727273,0.5822368421052632,6.000000000000005,1.952302631578946,1.3999999999999995,2.3921916355569968,3,
1595,200,0.20290852850254407,28.324999999999996,0.1479487464797221,2.0,0.0,42.0,17.07773851590106,0.28365384615384615,3.6219081272084805,6.3000000000000265,2.672614840989403,2.4000000000000083,2.9989590610416736,2,
1596,200,0.2027057213944961,29.499999999999996,0.14792300323720764,2.0,0.0,37.0,15.842560553633218,0.26010101010101006,3.216262975778547,3.899999999999994,1.7762975778546675,1.7999999999999934,0.7191808323081362,2,
1597,200,0.20250311699218648,24.399999999999988,0.14790264626772587,2.0,0.0,41.0,17.555555555555557,0.43452380952380953,2.308176100628931,6.200000000000008,2.404612159329137,1.999999999999993,2.2852298618192086,2,
1598,200,0.2023007150930107,31.349999999999984,0.14789504414856192,2.0,0.0,40.0,18.313099041533548,0.2456140350877194,3.292332268370607,5.600000000000015,2.099201277955273,1.6999999999999966,2.2818102966507334,1,
1599,200,0.2020985154945669,29.699999999999992,0.14787609902792032,2.0,0.0,44.0,17.872881355932204,0.3004587155963303,4.433898305084746,7.20000000000002,2.491694915254235,2.1999999999999966,2.628735187403593,2,
1600,200,0.20189651799465538,20.57499999999999,0.1478759697997233,3.0,0.0,44.0,15.843137254901961,0.5378787878787878,0.27450980392156865,7.400000000000024,2.856582633053226,1.3000000000000003,6.268948433871103,3,
1601,200,0.20169472239127875,26.449999999999992,0.14787172081144112,2.0,0.0,43.0,16.564102564102566,0.3944444444444445,2.309664694280079,7.000000000000001,2.0570019723865838,1.6999999999999962,2.271887818617533,3,
1602,200,0.20149312848264125,28.725000000000005,0.14785106272800416,2.0,0.0,40.0,18.89614740368509,0.2909090909090909,4.61641541038526,6.200000000000016,2.5946398659966494,2.399999999999994,2.180111389194419,2,
1603,200,0.2012917360671491,20.825000000000003,0.1478412158425122,2.0,0.0,43.0,15.291970802919709,0.44594594594594594,2.2992700729927007,7.100000000000031,2.6163017031630216,1.8999999999999972,3.7927737390481036,3,
1604,200,0.20109054494340972,15.074999999999974,0.14784091628279844,4.0,0.0,41.0,17.936241610738254,0.589622641509434,0.2953020134228188,8.300000000000026,4.11275167785236,5.400000000000009,8.066438296003579,3,
1605,200,0.20088955491023208,30.699999999999992,0.14783281043516877,2.0,0.0,41.0,18.51888341543514,0.2870370370370371,3.0229885057471266,6.3000000000000105,2.00262725779967,1.5999999999999996,2.004990293356347,1,
1606,200,0.20068876576662606,22.049999999999994,0.1478233004459469,3.0,0.0,44.0,16.014388489208635,0.4736842105263158,1.1726618705035972,7.4000000000000234,2.6484412470024,1.7999999999999972,4.082760857563515,3,
1607,200,0.20048817731180257,32.97499999999999,0.14781993373452001,2.0,0.0,38.0,18.15772357723577,0.25450450450450446,3.0097560975609756,4.799999999999993,1.8704065040650373,1.7999999999999976,1.1156800203054242,1,
1608,200,0.20028778934517305,30.849999999999984,0.14781826668216705,2.0,0.0,41.0,19.55609756097561,0.2586206896551724,4.463414634146342,6.700000000000026,2.709430894308944,2.099999999999996,3.4687982782689932,1,
1609,200,0.20008760166634962,26.67499999999997,0.14782097288357304,2.0,0.0,43.0,19.701075268817203,0.4444444444444444,2.152688172043011,7.000000000000038,3.622795698924736,3.9999999999999987,3.616701383750219,2,
1610,200,0.1998876140751445,16.24999999999998,0.14781972961966383,4.0,0.0,45.0,17.419928825622776,0.6111111111111112,0.708185053380783,8.000000000000034,3.65800711743773,3.499999999999996,6.404367527862251,3,
1611,200,0.19968782637157012,29.12499999999999,0.14781645758134043,2.0,0.0,40.0,16.63111888111888,0.30500000000000005,2.202797202797203,5.400000000000002,1.8132867132867125,1.299999999999999,1.9358084008032297,2,
1612,200,0.19948823835583873,24.87499999999998,0.14780690877883385,2.0,0.0,45.0,18.671875,0.4849397590361446,1.3147321428571428,8.200000000000022,2.878348214285713,2.399999999999997,4.187877958974229,2,
1613,200,0.19928884982836237,24.824999999999992,0.1478052552589817,3.0,0.0,45.0,15.420479302832245,0.38690476190476186,1.1481481481481481,8.000000000000032,2.6028322440087175,1.599999999999992,4.813805676855933,3,
1614,200,0.1990896605897524,32.54999999999998,0.14779627305379467,2.0,1.0,46.0,18.123519458544838,0.3070175438596491,4.069373942470389,8.800000000000015,2.6519458544839263,1.9999999999999996,4.452864292258377,2,
1615,200,0.19889067044081962,27.624999999999993,0.14778246151180552,2.0,0.0,41.0,16.96082089552239,0.3207070707070707,3.003731343283582,5.599999999999995,2.540671641791041,2.799999999999991,1.5448437320524142,2,
1616,200,0.19869187918257386,25.424999999999972,0.14777670737918672,2.0,0.0,43.0,18.93438914027149,0.4794117647058823,1.3619909502262444,6.600000000000012,2.9289592760180994,3.249999999999995,2.557409744936353,2,
1617,200,0.19849328661622387,24.899999999999974,0.14776528609174744,2.0,1.0,44.0,19.7136563876652,0.4651162790697675,2.6696035242290748,7.700000000000045,3.575770925110138,3.599999999999996,4.592871358222402,2,
1618,200,0.19829489254317698,23.42499999999997,0.14775580445907185,3.0,1.0,46.0,21.07075471698113,0.524390243902439,3.0306603773584904,9.600000000000014,3.922877358490571,2.299999999999999,10.03398998748444,2,
1619,200,0.19809669676503922,22.224999999999994,0.14774445456636287,2.0,0.0,41.0,15.795366795366796,0.2944444444444444,4.710424710424711,6.900000000000009,2.5194980694980686,2.099999999999998,3.316987399514782,3,
1620,200,0.19789869908361465,28.19999999999999,0.14773868028525236,2.0,0.0,39.0,17.4120082815735,0.4073033707865169,1.236024844720497,4.599999999999992,2.340579710144923,2.3999999999999932,1.4360820102191207,2,
1621,200,0.19770089930090573,32.074999999999996,0.14772586137147437,2.0,0.0,43.0,17.21798780487805,0.21218487394957974,5.9176829268292686,7.000000000000005,2.1344512195121963,1.6999999999999975,2.3793064473026897,2,
1622,200,0.19750329721911256,30.525000000000002,0.14771711890028977,2.0,0.0,40.0,17.249283667621775,0.14583333333333326,6.444126074498567,7.300000000000018,2.0322349570200577,1.2999999999999992,3.1981795062838505,2,
1623,200,0.19730589264063308,32.02499999999999,0.14771202998964994,2.0,0.0,42.0,18.975609756097562,0.2767857142857143,5.032520325203252,6.500000000000018,2.361138211382111,1.8999999999999915,2.3991302508566457,1,
1624,200,0.19710868536806264,31.94999999999999,0.14771345196058097,2.0,0.0,45.0,17.401129943502823,0.3688118811881188,1.3182674199623352,7.900000000000016,2.477024482109228,1.999999999999997,3.8356815860405797,2,
1625,200,0.19691167520419406,21.29999999999999,0.1477026777200132,3.0,0.0,44.0,17.14467005076142,0.5208333333333334,1.6725888324873097,7.400000000000038,3.0527918781725947,2.4999999999999982,4.155107804296752,3,
1626,200,0.19671486195201704,23.224999999999994,0.14770798254332032,3.0,0.0,44.0,13.379310344827585,0.41891891891891897,0.7931034482758621,7.3000000000000105,1.7714285714285711,0.9000000000000005,3.3236865956865986,3,
1627,200,0.19651824541471838,25.299999999999983,0.14770533982453377,2.0,0.0,41.0,19.122004357298476,0.436046511627907,0.9847494553376906,7.50000000000004,3.303485838779964,3.1,4.320749098158391,2,
1628,200,0.1963218253956815,27.500000000000004,0.14770635765317475,2.0,0.0,41.0,17.587387387387388,0.33585858585858586,3.8162162162162163,5.599999999999996,2.3093693693693673,2.099999999999999,1.586475923953976,2,
1629,200,0.19612560169848642,30.000000000000007,0.14769162336957442,3.0,0.0,44.0,18.075533661740558,0.27192982456140347,5.773399014778325,7.700000000000043,2.7642036124794775,2.3999999999999972,3.93429572907683,2,
1630,200,0.19592957412690934,27.74999999999998,0.14767915494209138,2.0,0.0,42.0,16.776119402985074,0.30940594059405946,4.042910447761194,6.600000000000018,2.490298507462685,1.9999999999999958,2.764094606589057,2,
1631,200,0.19573374248492273,24.749999999999993,0.1476675456076988,2.0,0.0,46.0,16.9727463312369,0.40909090909090906,2.79664570230608,9.400000000000023,2.966876310272538,1.9999999999999987,6.195114535353923,3,
1632,200,0.1955381065766949,33.175,0.14765316398549114,1.0,0.0,42.0,18.26134585289515,0.23728813559322037,3.463223787167449,6.599999999999999,2.198278560250391,1.499999999999996,3.1149185932601986,1,
1633,200,0.19534266620658997,18.57499999999998,0.14765098260869033,3.0,0.0,43.0,15.440579710144927,0.48809523809523814,0.3101449275362319,7.300000000000018,3.056811594202902,2.7999999999999967,5.917169982524559,3,
1634,200,0.1951474211791675,16.949999999999992,0.1476415856187923,3.0,0.0,43.0,15.4070796460177,0.4838709677419355,1.2094395280235988,6.800000000000048,3.0533923303834927,4.1,4.6610541246084765,3,
1635,200,0.1949523712991825,31.474999999999994,0.1476259855080797,2.0,0.0,43.0,18.100313479623825,0.23275862068965525,5.918495297805642,8.200000000000014,2.498902821316614,1.8999999999999908,3.508894563965002,2,
1636,200,0.194757516371585,27.174999999999983,0.147618710195921,3.0,0.0,42.0,17.37475345167653,0.3928571428571429,2.6587771203155817,6.300000000000024,2.428599605522682,1.8999999999999946,2.6407899691886527,2,
1637,200,0.19456285620152014,26.85000000000001,0.1476218078690252,3.0,0.0,47.0,18.784530386740332,0.3688118811881188,4.086556169429097,10.10000000000003,3.2432780847145497,1.9999999999999978,8.098025558932116,2,
1638,200,0.19436839059432767,25.64999999999997,0.14761232904688082,2.0,1.0,42.0,21.15137614678899,0.4683908045977011,2.055045871559633,8.300000000000024,4.190596330275235,3.999999999999999,4.95179541808048,2,
1639,200,0.19417411935554202,25.449999999999957,0.14759579722492694,2.0,0.0,47.0,21.367391304347827,0.45329670329670335,2.976086956521739,10.700000000000031,4.677608695652187,4.300000000000013,8.867170969617105,2,
1640,200,0.19398004229089189,22.924999999999976,0.14758228042889682,2.0,0.0,46.0,18.885,0.55,1.2975,8.700000000000015,3.171249999999997,2.7999999999999945,4.365175719848264,3,
1641,200,0.1937861592063002,28.599999999999973,0.14757230759457582,3.0,0.0,43.0,17.584,0.381578947368421,2.452,7.100000000000005,2.7355999999999994,2.6999999999999993,3.549586838347361,2,
1642,200,0.1935924699078839,26.125000000000004,0.14755330709280057,2.0,0.0,41.0,16.483622350674374,0.3489010989010989,2.3911368015414256,5.500000000000023,2.2105973025048176,1.5999999999999974,2.342844371844386,2,
1643,200,0.19339897420195362,32.575,0.14753390460003948,2.0,0.0,39.0,16.122149837133552,0.23181818181818192,3.6872964169381106,4.699999999999995,1.796254071661235,1.3999999999999957,1.307334712661968,2,
1644,200,0.19320567189501364,25.999999999999993,0.14752191219640093,2.0,1.0,37.0,16.849256900212314,0.4207317073170732,1.5966029723991508,3.8999999999999893,1.9505307855626277,2.099999999999997,0.8413570140641868,2,
1645,200,0.19301256279376172,27.474999999999987,0.1475200236332698,2.0,0.0,43.0,19.341793570219966,0.3160377358490566,4.658206429780034,7.10000000000001,2.777834179357019,2.599999999999998,2.61256184150253,2,
1646,200,0.1928196467050886,19.174999999999986,0.14751286164023733,3.0,0.0,44.0,15.565826330532213,0.46212121212121215,0.6610644257703081,8.500000000000018,3.236414565826336,1.8999999999999995,7.733804688971234,3,
1647,200,0.19262692343607832,24.300000000000004,0.14750892939404944,4.0,0.0,45.0,15.208015267175572,0.25526315789473686,4.200381679389313,8.700000000000033,2.6480916030534387,1.599999999999999,5.308813402531226,3,
1648,200,0.19243439279400748,27.374999999999986,0.14749975714268837,2.0,0.0,44.0,18.60749506903353,0.36111111111111116,3.4812623274161734,7.90000000000002,3.458185404339259,4.000000000000037,4.518308564937318,2,
1649,200,0.1922420545863455,26.925000000000004,0.14749590509291327,2.0,0.0,43.0,17.322981366459626,0.4148351648351648,1.0393374741200827,6.700000000000028,2.4188405797101473,1.5999999999999979,3.7465969102568732,2,
1650,200,0.19204990862075408,20.09999999999999,0.14748783830956064,3.0,0.0,43.0,14.959349593495935,0.5111940298507462,0.23577235772357724,6.800000000000006,2.4043360433604315,1.7999999999999985,3.0388111045828423,3,
1651,200,0.19185795470508735,25.47499999999995,0.1474731197881326,2.0,0.0,47.0,20.1859410430839,0.4911764705882353,0.9886621315192744,9.600000000000039,3.696145124716557,3.0999999999999903,6.483669271904625,2,
1652,200,0.19166619264739126,22.42499999999999,0.14746282651442452,3.0,0.0,40.0,15.204128440366972,0.43000000000000005,1.3142201834862386,6.100000000000008,2.0410550458715604,1.0999999999999996,2.991105447276371,3,
1653,200,0.19147462225590384,25.29999999999999,0.14745402444704403,2.0,0.0,38.0,16.770642201834864,0.46794871794871795,0.9977064220183486,3.699999999999989,1.5621559633027469,1.4999999999999996,0.559602882769138,2,
1654,200,0.19128324333905458,32.449999999999974,0.147447003869953,2.0,0.0,42.0,18.563607085346217,0.2725225225225225,1.92914653784219,6.500000000000013,2.190982286634459,1.7999999999999932,2.1160916398713865,1,
1655,200,0.19109205570546464,26.199999999999996,0.14744168816390757,2.0,1.0,46.0,18.760348583877995,0.4568965517241379,1.2222222222222223,9.200000000000026,3.100871459694991,2.299999999999994,5.497846686918589,2,
1656,200,0.19090105916394629,19.02499999999999,0.1474424340232562,4.0,0.0,48.0,17.093645484949832,0.625,0.05016722408026756,10.100000000000023,3.5190635451505052,2.599999999999997,9.755431319910555,3,
1657,200,0.19071025352350304,26.62499999999996,0.1474339121619404,2.0,0.0,47.0,19.986754966887418,0.4666666666666667,2.3245033112582782,9.200000000000022,3.750551876379697,3.8000000000000265,5.36795631749252,2,
1658,200,0.19051963859332918,28.34999999999996,0.14742264339182154,2.0,0.0,45.0,19.527542372881356,0.4347826086956522,1.1059322033898304,9.100000000000032,3.6701271186440705,2.499999999999992,8.249759048042318,2,
1659,200,0.19032921418280985,34.34999999999997,0.14741906333829596,2.0,0.0,42.0,18.172155688622755,0.2012195121951219,4.1437125748503,6.400000000000023,2.3251497005988018,1.8999999999999948,2.28473189414263,1,
1660,200,0.1901389801015205,25.599999999999984,0.14740101803823868,2.0,0.0,40.0,18.511160714285715,0.45731707317073167,0.8147321428571429,6.400000000000027,2.7819196428571438,2.499999999999993,2.851182842309306,2,
1661,200,0.18994893615922714,27.524999999999977,0.14739436252243326,3.0,0.0,41.0,17.366876310272538,0.4204545454545454,1.2410901467505242,5.90000000000002,2.358071278825994,1.9999999999999973,2.174813385605299,2,
1662,200,0.18975908216588572,26.074999999999978,0.14738450482335658,3.0,0.0,43.0,19.32244008714597,0.44318181818181823,1.9455337690631809,8.100000000000014,3.4237472766884536,3.2999999999999976,3.71041228403268,2,
1663,200,0.18956941793164234,32.599999999999966,0.1473777220530524,2.0,0.0,39.0,18.63123993558776,0.25909090909090904,2.6199677938808374,9.200000000000003,2.2315619967793876,1.4999999999999987,4.590352297479527,1,
1664,200,0.18937994326683263,32.09999999999998,0.14736865810957683,2.0,1.0,47.0,17.67030965391621,0.32407407407407407,3.663023679417122,9.200000000000017,2.9996357012750514,2.699999999999998,4.563038686131415,2,
1665,200,0.18919065798198204,29.099999999999984,0.14736700712971487,2.0,0.0,41.0,16.444444444444443,0.3427835051546392,2.024482109227872,5.400000000000006,2.077024482109225,1.6999999999999988,1.662943183430273,2,
1666,200,0.18900156188780515,29.25,0.14736577064889417,2.0,1.0,38.0,16.505190311418684,0.27450980392156865,4.532871972318339,4.399999999999988,2.0119377162629712,2.0999999999999934,1.0636842042246923,2,
1667,200,0.1888126547952059,25.724999999999994,0.1473498255406639,2.0,0.0,41.0,15.702290076335878,0.28846153846153844,2.2557251908396947,6.4000000000000385,2.463740458015273,1.6999999999999984,3.5420187562597176,3,
1668,200,0.1886239365152772,24.54999999999999,0.14733941610064916,2.0,1.0,46.0,15.46031746031746,0.39634146341463417,1.2947845804988662,9.100000000000032,2.803628117913836,1.1999999999999997,8.290006787330366,3,
1669,200,0.18843540685930069,27.29999999999999,0.14732766320739415,3.0,0.0,48.0,18.666666666666668,0.39948453608247425,3.117533718689788,9.70000000000004,3.2834296724470193,2.099999999999999,7.300022275022332,3,
1670,200,0.1882470656387468,31.199999999999974,0.1473158567000055,2.0,1.0,46.0,18.1658692185008,0.2628205128205128,4.850079744816587,8.500000000000018,2.706379585326951,2.4999999999999933,3.375693565454518,2,
1671,200,0.18805891266527416,17.049999999999986,0.1473215068729992,3.0,0.0,44.0,16.53214285714286,0.6367924528301887,0.0,8.300000000000018,3.0303571428571443,2.099999999999997,6.189264531435374,3,
1672,200,0.18787094775072993,15.44999999999999,0.1473234235003497,2.0,0.0,41.0,15.740983606557377,0.5740740740740741,0.3704918032786885,6.2000000000000135,2.8429508196721325,3.0999999999999956,4.109642027863788,3,
1673,200,0.18768317070714904,29.29999999999999,0.1473099174244792,3.0,0.0,45.0,19.37440758293839,0.2629310344827587,7.584518167456556,9.300000000000026,3.081200631911533,2.399999999999993,5.018632252525694,2,
1674,200,0.18749558134675456,27.099999999999994,0.14730485146910946,2.0,0.0,41.0,17.228360957642725,0.3257575757575758,4.742173112338858,5.4999999999999964,2.584714548802945,2.599999999999998,1.9122406121120037,2,
1675,200,0.18730817948195702,35.34999999999997,0.14728604827148134,2.0,0.0,44.0,19.244865718799367,0.25813008130081305,3.036334913112164,7.500000000000021,2.732385466034754,2.199999999999991,3.4438412929760935,1,
1676,200,0.1871209649253546,20.17499999999999,0.1472854999712458,5.0,1.0,46.0,16.2874251497006,0.5390625,0.7544910179640718,8.500000000000036,3.421556886227553,3.0499999999999976,7.634154632244246,3,
1677,200,0.18693393748973264,26.85,0.14728676872992785,2.0,0.0,39.0,18.447619047619046,0.359375,3.662857142857143,7.000000000000006,2.9104761904761918,2.699999999999999,2.8227385858996477,2,
1678,200,0.1867470969880638,25.824999999999985,0.14728151525886474,3.0,0.0,46.0,18.78556263269639,0.4602272727272727,2.0191082802547773,9.300000000000042,3.1123142250530855,1.9999999999999956,6.932193833393507,2,
1679,200,0.18656044323350748,24.824999999999974,0.14727710048457557,3.0,0.0,42.0,19.474418604651163,0.49691358024691357,0.5581395348837209,7.300000000000017,3.072093023255815,2.6999999999999913,4.130406329942315,2,
1680,200,0.18637397603940997,24.29999999999999,0.14726919015572013,2.0,0.0,37.0,17.45813953488372,0.4766666666666667,0.9441860465116279,3.599999999999994,1.8706976744185992,1.9999999999999953,0.7853781794385004,2,
1681,200,0.186187695219304,26.24999999999998,0.14725873869411416,2.0,0.0,42.0,18.416,0.36170212765957444,3.796,8.800000000000026,3.292400000000002,2.7999999999999954,5.1892829971320245,2,
1682,200,0.1860016005869088,28.574999999999996,0.14725350187703384,3.0,0.0,48.0,17.539087947882734,0.24557522123893816,5.221498371335505,10.100000000000042,2.892671009771991,1.7999999999999965,6.6045729253704195,3,
1683,200,0.18581569195612965,29.500000000000018,0.1472436589591427,2.0,0.0,37.0,18.046583850931675,0.21330275229357798,6.1397515527950315,4.699999999999997,2.1108695652173886,1.899999999999991,1.2265618286375646,1,
1684,200,0.18562996914105798,19.274999999999995,0.1472393505257412,4.0,0.0,45.0,15.7125748502994,0.5753968253968254,0.11077844311377245,8.200000000000003,2.6526946107784424,1.5499999999999978,5.570386983998932,3,
1685,200,0.18544443195597088,33.79999999999998,0.14723185359212793,2.0,1.0,40.0,18.25705329153605,0.22478991596638664,4.531347962382445,5.200000000000016,2.1866771159874596,1.7999999999999907,1.7632594345069272,1,
1686,200,0.18525908021533122,31.849999999999994,0.14721644602470557,2.0,0.0,43.0,18.29392446633826,0.28125,3.3908045977011496,7.300000000000007,2.5257799671592744,2.299999999999991,2.7882591673856854,2,
1687,200,0.18507391373378718,26.450000000000006,0.14721076197793215,2.0,0.0,43.0,14.605714285714285,0.271505376344086,3.1733333333333333,7.300000000000016,2.07847619047619,1.599999999999993,3.2693200156735345,3,
1688,200,0.18488893232617234,28.474999999999998,0.14720635662098097,1.0,0.0,39.0,17.41165755919854,0.33947368421052626,1.6812386156648451,4.899999999999995,2.118761384335152,1.899999999999999,1.5372669542136728,2,
1689,200,0.1847041358075052,30.274999999999977,0.14720874544879117,2.0,0.0,44.0,19.247154471544714,0.2898230088495575,5.073170731707317,7.700000000000021,2.524065040650404,2.199999999999997,2.1848575447354066,1,
1690,200,0.18451952399298926,20.724999999999987,0.1472024646535106,3.0,0.0,45.0,15.752475247524753,0.41000000000000003,2.103960396039604,8.300000000000042,3.347029702970305,1.5999999999999992,7.705706705878819,3,
1691,200,0.1843350966980127,30.424999999999994,0.1471958245076679,2.0,1.0,45.0,18.954113924050635,0.2673913043478261,5.121835443037975,8.800000000000026,2.7015822784810126,1.9999999999999967,4.633679983376047,2,
1692,200,0.1841508537381482,30.275000000000002,0.1471884587394477,2.0,0.0,37.0,18.091772151898734,0.23181818181818192,3.9794303797468356,4.700000000000008,2.1841772151898717,2.2999999999999976,1.2627907756939438,2,
1693,200,0.18396679492915277,16.349999999999994,0.1471887075796972,3.0,0.0,40.0,15.311377245508982,0.5431034482758621,0.7035928143712575,5.500000000000021,2.6455089820359325,2.3999999999999995,2.8962183676213753,3,
1694,200,0.18378292008696764,27.29999999999998,0.14717808951221262,3.0,0.0,47.0,18.665158371040725,0.4883720930232558,1.0,9.000000000000028,2.8000000000000016,1.6999999999999955,5.764916386419159,2,
1695,200,0.18359922902771786,29.599999999999984,0.14717346688704974,2.0,0.0,40.0,16.791018998272886,0.2892156862745098,3.1796200345423142,5.200000000000008,2.0924006908462833,1.999999999999997,1.545749970170625,2,
1696,200,0.18341572156771246,23.44999999999998,0.14717114862316377,3.0,0.0,45.0,19.074660633484164,0.4907407407407407,1.260180995475113,9.400000000000025,3.045701357466066,2.5999999999999983,6.788624867554281,3,
1697,200,0.18323239752344386,26.724999999999966,0.14716940086671396,2.0,0.0,44.0,18.65899581589958,0.42391304347826086,2.1108786610878663,7.6000000000000325,3.191631799163181,2.899999999999994,4.714553117737453,2,
1698,200,0.18304925671158812,24.29999999999999,0.14716787971575224,3.0,0.0,46.0,14.169902912621358,0.39935064935064934,0.5461165048543689,8.500000000000021,2.3973300970873797,1.2999999999999996,5.1700476013738585,3,
1699,200,0.18286629894900427,28.37499999999997,0.14716280700035111,2.0,0.0,43.0,18.56646216768916,0.39948453608247425,3.871165644171779,6.80000000000004,3.192229038854811,3.199999999999996,4.457299765807996,2,
1700,200,0.18268352405273466,23.799999999999994,0.1471637849353456,2.0,0.0,44.0,17.57979797979798,0.3735955056179775,4.876767676767677,8.500000000000028,3.116565656565659,2.1999999999999935,5.700516520830664,3,
1701,200,0.1825009318400043,21.67499999999999,0.14716633799525758,4.0,0.0,46.0,16.25925925925926,0.4473684210526315,2.017283950617284,8.600000000000042,3.3876543209876613,2.1999999999999997,6.816234819294801,3,
1702,200,0.182318522128221,29.074999999999996,0.14715361248571615,2.0,0.0,44.0,17.34965034965035,0.2827102803738317,6.059440559440559,7.400000000000026,2.7730769230769226,2.4999999999999885,3.4287611520158623,2,
1703,200,0.182136294734975,29.7,0.14715348723530836,2.0,0.0,41.0,16.91029411764706,0.14830508474576276,6.186764705882353,8.200000000000015,2.126176470588237,1.0999999999999992,4.919972491290021,2,
1704,200,0.18195424947803895,30.824999999999985,0.1471467887718254,2.0,0.0,45.0,17.929236499068903,0.3404761904761905,3.1378026070763503,8.100000000000037,3.082309124767228,2.699999999999995,4.2186402097320395,2,
1705,200,0.1817723861753675,25.699999999999974,0.1471428754167059,2.0,0.0,46.0,18.73165137614679,0.4970588235294118,1.628440366972477,9.000000000000023,2.7387614678899075,2.1999999999999913,4.324368920802782,2,
1706,200,0.1815907046450974,27.44999999999996,0.14714175185338157,2.0,0.0,47.0,17.820247933884296,0.42553191489361697,3.340909090909091,10.300000000000015,2.7671487603305773,1.9999999999999953,5.643676292928663,2,
1707,200,0.18140920470554706,23.425,0.14713533668662543,4.0,0.0,49.0,17.25060827250608,0.44753086419753085,2.3114355231143553,10.400000000000041,3.930170316301712,2.8999999999999995,9.74109389059918,3,
1708,200,0.1812278861752166,19.25,0.14713304527596555,3.0,0.0,42.0,15.789634146341463,0.597457627118644,0.5914634146341463,6.900000000000006,2.431402439024388,1.9999999999999962,2.921571530818072,3,
1709,200,0.18104674887278735,16.57499999999999,0.14713333944688106,3.0,0.0,45.0,17.78291814946619,0.6481481481481481,0.29537366548042704,7.900000000000034,3.7476868327402206,3.7999999999999976,5.986627406281704,3,
1710,200,0.1808657926171221,28.224999999999987,0.14712586929609858,2.0,0.0,42.0,18.066276803118907,0.34693877551020413,3.419103313840156,7.000000000000037,3.164522417154002,3.3999999999999937,3.5709186527237695,2,
1711,200,0.1806850172272645,26.574999999999978,0.1471111948411463,2.0,0.0,47.0,19.21104536489152,0.4097938144329897,4.291913214990138,10.000000000000027,3.530374753451679,2.3999999999999915,7.703052114780179,2,
1712,200,0.18050442252243923,30.124999999999993,0.14710614672864628,2.0,0.0,41.0,17.06813996316759,0.34895833333333337,1.6316758747697975,5.600000000000025,2.0952117863720074,1.4999999999999956,2.4278306110267116,2,
1713,200,0.18032400832205148,25.79999999999998,0.147092333775091,2.0,0.0,44.0,19.44954128440367,0.49404761904761907,2.4128440366972477,7.700000000000015,3.1529816513761464,2.949999999999993,3.265811041847514,2,
1714,200,0.1801437744456871,29.62499999999997,0.14708529348259844,3.0,0.0,46.0,18.068265682656826,0.3317307692307693,3.507380073800738,8.400000000000023,3.2392988929889377,3.5000000000000027,4.08745475093871,2,
1715,200,0.17996372071311217,28.9,0.14708043976209942,2.0,0.0,41.0,17.286486486486485,0.32920792079207917,3.018018018018018,6.400000000000019,2.2574774774774773,1.599999999999997,2.971354634703801,2,
1716,200,0.17978384694427296,34.124999999999986,0.14706330120064076,1.0,0.0,39.0,18.125996810207337,0.24557522123893816,3.0861244019138754,4.399999999999987,1.9982456140350826,1.899999999999999,1.0943697218208783,1,
1717,200,0.17960415295929566,31.049999999999983,0.1470556290254215,3.0,0.0,43.0,19.891547049441787,0.2673913043478261,4.917065390749602,7.400000000000026,3.2173843700159543,2.999999999999999,4.727955424187583,2,
1718,200,0.17942463857848634,25.474999999999977,0.14706488604309026,2.0,1.0,41.0,18.08254716981132,0.5064102564102564,0.5165094339622641,5.6999999999999975,2.129952830188675,2.099999999999998,1.4643232373800537,2,
1719,200,0.1792453036223305,31.89999999999997,0.1470530824398843,3.0,0.0,44.0,19.57894736842105,0.2628205128205128,5.843700159489633,7.800000000000026,2.870015948963318,2.5999999999999948,3.687116715166581,1,
1720,200,0.17906614791149322,23.00000000000001,0.1470457152900898,2.0,0.0,40.0,18.975155279503106,0.41860465116279066,3.7639751552795033,7.400000000000013,3.278467908902694,2.899999999999997,4.2107759507561795,2,
1721,200,0.17888717126681877,32.92499999999997,0.14703783459301648,2.0,0.0,40.0,19.517241379310345,0.2772727272727272,1.9671592775041051,6.100000000000002,2.6016420361247916,2.399999999999991,1.913565681622096,1,
1722,200,0.17870837350933053,29.400000000000006,0.1470355008304336,2.0,0.0,46.0,17.1843853820598,0.26363636363636367,4.8737541528239205,8.900000000000041,2.6483388704318966,1.699999999999996,5.940154827636691,2,
1723,200,0.17852975446023064,23.899999999999984,0.14703432056650662,3.0,0.0,46.0,17.866666666666667,0.48456790123456794,1.3310344827586207,9.100000000000021,3.180919540229887,2.499999999999992,6.262680526783114,3,
1724,200,0.17835131394090015,31.29999999999999,0.14703629716184682,2.0,0.0,38.0,18.31230769230769,0.2142857142857142,3.723076923076923,4.999999999999996,2.3143076923076884,2.299999999999997,1.394398590292522,2,
1725,200,0.1781730517728984,29.19999999999998,0.1470332256068232,2.0,0.0,44.0,17.59351145038168,0.36458333333333337,3.08206106870229,7.800000000000024,2.767175572519084,2.2999999999999936,3.8138601110807824,2,
1726,200,0.17799496777796334,29.92499999999999,0.14703496033190963,2.0,0.0,41.0,19.572981366459626,0.22478991596638664,6.220496894409938,6.199999999999998,3.026708074534168,3.1500000000000163,2.544106477630307,1,
1727,200,0.17781706177801082,28.849999999999987,0.14703030743234613,2.0,0.0,46.0,18.100746268656717,0.33252427184466016,4.949626865671642,8.400000000000025,3.2783582089552272,3.4999999999999987,4.032232235159005,2,
1728,200,0.17763933359513495,27.325,0.14702485167145454,4.0,0.0,44.0,18.444444444444443,0.3028846153846154,4.757264957264957,9.000000000000009,2.844786324786325,2.099999999999995,5.255171934171794,3,
1729,200,0.17746178305160745,32.249999999999986,0.14701181556417267,2.0,0.0,43.0,17.810661764705884,0.31542056074766356,2.051470588235294,7.5000000000000195,3.0895220588235306,2.599999999999997,4.84830733100176,2,
1730,200,0.17728440996987782,26.199999999999974,0.14700603959687109,2.0,0.0,44.0,20.751677852348994,0.4666666666666667,3.51006711409396,8.20000000000001,4.082102908277412,4.400000000000006,4.2056962684177135,2,
1731,200,0.17710721417257289,27.52499999999998,0.146997665513001,2.0,0.0,43.0,19.694980694980696,0.3480392156862745,5.395752895752896,8.200000000000033,4.032239382239394,4.650000000000009,4.716024530137234,2,
1732,200,0.17693019548249692,31.899999999999984,0.1469912090889507,3.0,0.0,41.0,18.799093655589125,0.2041666666666666,5.196374622356496,8.900000000000032,2.67567975830816,1.9999999999999973,4.301095077388621,1,
1733,200,0.17675335372263115,27.149999999999984,0.14699443616911678,2.0,0.0,41.0,18.8,0.4821428571428571,1.958139534883721,5.69999999999999,2.667441860465111,2.599999999999994,1.718484145398293,2,
1734,200,0.17657668871613388,26.599999999999994,0.14698650270446864,4.0,0.0,43.0,15.15725806451613,0.3352272727272727,2.310483870967742,7.5000000000000195,2.3034274193548403,1.1999999999999968,5.083093591854176,3,
1735,200,0.17640020028634,21.849999999999998,0.14698327208116715,3.0,0.0,47.0,15.558295964125561,0.3392857142857143,4.9125560538116595,9.500000000000037,3.2881165919282562,1.9999999999999978,7.81090702058674,3,
1736,200,0.1762238882567611,26.024999999999977,0.14697326087641938,2.0,1.0,46.0,19.803571428571427,0.4825581395348837,1.8169642857142858,9.500000000000034,3.5573660714285777,3.499999999999999,4.901845164247708,2,
1737,200,0.17604775245108517,25.774999999999984,0.1469723025329807,2.0,0.0,44.0,17.524489795918367,0.3944444444444445,1.9653061224489796,7.500000000000031,2.688571428571429,2.399999999999996,3.2943729045102477,2,
1738,200,0.17587179269317638,18.524999999999988,0.14696876117762195,3.0,1.0,46.0,16.00343642611684,0.5833333333333334,0.281786941580756,8.600000000000012,2.9797250859106525,1.9999999999999987,6.063062588568742,3,
1739,200,0.17569600880707487,32.15,0.14696240431160784,2.0,0.0,43.0,17.15814696485623,0.23706896551724133,4.7699680511182105,6.600000000000038,2.372364217252399,1.7999999999999972,3.00699154066988,2,
1740,200,0.17552040061699686,35.72500000000001,0.14695430895585584,2.0,0.0,43.0,18.715968586387433,0.09859154929577474,7.68717277486911,7.300000000000034,2.3659685863874347,1.7999999999999938,2.7952602643504134,1,
1741,200,0.1753449679473341,32.79999999999999,0.14695190788951293,2.0,0.0,45.0,17.098765432098766,0.3247663551401869,2.17636684303351,8.000000000000032,2.2753086419753097,1.4999999999999947,3.820777882844799,2,
1742,200,0.17516971062265388,33.34999999999999,0.146949303711286,2.0,0.0,50.0,17.258064516129032,0.2627118644067796,4.877419354838709,10.900000000000023,2.6087096774193546,1.2999999999999985,8.665333780785103,2,
1743,200,0.17499462846769887,20.3,0.14694450204219528,3.0,1.0,49.0,17.718346253229974,0.48026315789473684,1.310077519379845,10.200000000000049,4.2638242894056955,2.7999999999999994,12.211847791250571,3,
1744,200,0.17481972130738693,25.400000000000006,0.14693653546944727,2.0,0.0,43.0,16.41299790356394,0.4088235294117647,3.308176100628931,7.200000000000017,2.443605870020964,2.0999999999999974,2.946748795752626,3,
1745,200,0.17464498896681085,27.25,0.14692816588019494,1.0,0.0,39.0,16.47731755424063,0.3666666666666667,2.2209072978303745,4.8,2.0439842209072943,1.9999999999999938,1.2741452958202337,2,
1746,200,0.17447043127123832,27.6,0.1469273544787509,2.0,0.0,41.0,17.861313868613138,0.31565656565656564,4.4963503649635035,7.0000000000000115,3.0040145985401523,2.950000000000009,3.4821487630826375,2,
1747,200,0.17429604804611157,20.849999999999987,0.14692506032432467,2.0,1.0,48.0,18.318435754189945,0.5714285714285714,1.6089385474860336,9.800000000000036,3.9631284916201173,2.3999999999999972,10.276765369100353,3,
1748,200,0.1741218391170474,25.299999999999972,0.1469186881688367,2.0,0.0,39.0,18.326271186440678,0.40116279069767447,1.9406779661016949,6.200000000000019,2.9951271186440707,2.999999999999992,2.4778475467158816,2,
1749,200,0.17394780430983683,25.899999999999977,0.14691398121701546,2.0,0.0,38.0,18.634361233480178,0.44512195121951215,0.711453744493392,6.300000000000002,2.88854625550661,2.7999999999999963,2.815917715838266,2,
1750,200,0.17377394345044514,29.24999999999998,0.1469035910852386,2.0,0.0,40.0,19.34471544715447,0.2727272727272727,4.835772357723577,6.800000000000018,2.75723577235772,2.4999999999999947,2.6045358306189064,2,
1751,200,0.1736002563650113,29.824999999999996,0.14690318737003588,2.0,0.0,43.0,16.469798657718123,0.24065420560747675,4.694630872483222,7.900000000000018,2.3090604026845667,1.2999999999999967,4.10345295102969,2,
1752,200,0.17342674287984836,23.574999999999996,0.14688873607288977,4.0,1.0,45.0,14.547445255474452,0.381578947368421,0.5863746958637469,8.200000000000022,2.721411192214114,1.300000000000001,7.157296826900329,3,
1753,200,0.1732534028214427,30.67499999999998,0.14687375123932458,2.0,1.0,44.0,17.809815950920246,0.4184210526315789,1.6359918200408998,7.600000000000008,2.5934560327198333,1.8999999999999995,3.4273743726999055,2,
1754,200,0.17308023601645434,33.074999999999996,0.1468689589774621,2.0,0.0,44.0,16.89020771513353,0.18852459016393452,5.318991097922849,7.5000000000000195,2.0031157270029656,1.4999999999999927,2.6336607781630192,2,
1755,200,0.17290724229171636,27.349999999999973,0.1468654169426647,2.0,0.0,42.0,18.494553376906318,0.4339080459770115,1.0305010893246187,6.500000000000028,2.9413943355119834,2.999999999999996,2.6431356559711583,2,
1756,200,0.17273442147423515,30.824999999999996,0.14686169938190463,2.0,0.0,40.0,18.95846153846154,0.20798319327731085,7.633846153846154,6.30000000000002,2.7019999999999995,2.3999999999999977,2.411586323281262,1,
1757,200,0.17256177339118975,26.5,0.14685301715558122,3.0,0.0,47.0,16.958579881656803,0.35106382978723405,2.6863905325443787,9.400000000000036,3.155226824457599,1.9999999999999982,8.76570204786661,3,
1758,200,0.17238929786993218,22.824999999999978,0.14685539164574743,3.0,0.0,44.0,17.935684647302903,0.3936781609195402,3.871369294605809,8.500000000000027,3.235477178423242,1.899999999999999,6.949995351299769,3,
1759,200,0.1722169947379868,31.14999999999997,0.1468522627888201,2.0,0.0,41.0,17.258883248730964,0.25,2.5888324873096447,6.500000000000014,2.7534686971235223,1.9,4.4391165826844,2,
1760,200,0.17204486382305054,30.174999999999994,0.1468525833283293,2.0,0.0,46.0,18.310734463276837,0.38131313131313127,2.621468926553672,9.300000000000031,2.9154425612052743,2.399999999999995,4.439438289119061,2,
1761,200,0.1718729049529924,30.374999999999986,0.14684419426822237,3.0,0.0,45.0,17.07116788321168,0.3131067961165048,1.8941605839416058,7.900000000000035,2.6875912408759146,2.099999999999998,3.8555887886568168,2,
1762,200,0.17170111795585358,33.69999999999999,0.14683497640559412,2.0,0.0,44.0,17.4607250755287,0.21638655462184864,5.11631419939577,7.200000000000021,2.101057401812686,1.4999999999999951,3.028449901082288,2,
1763,200,0.17152950265984698,26.449999999999974,0.1468321977683815,2.0,0.0,44.0,19.42703862660944,0.43333333333333335,3.53862660944206,8.000000000000025,3.58154506437769,3.9000000000000146,3.9364157399093043,2,
1764,200,0.17135805889335737,25.724999999999987,0.1468338149766263,3.0,0.0,45.0,18.940119760479043,0.40591397849462363,3.9181636726546905,9.000000000000036,3.447504990019965,2.299999999999998,6.389026215139508,2,
1765,200,0.1711867864849409,24.124999999999986,0.1468334685397923,4.0,0.0,49.0,16.949425287356323,0.41666666666666663,2.7195402298850575,11.000000000000027,3.8002298850574743,2.2999999999999985,12.271352154060851,3,
1766,200,0.17101568526332522,27.99999999999998,0.14683418554437366,2.0,0.0,42.0,18.830472103004293,0.4410112359550562,0.8218884120171673,6.300000000000004,3.1077253218884167,3.499999999999994,3.069439432663324,2,
1767,200,0.170844755057409,27.80000000000001,0.14681728534605398,2.0,1.0,39.0,16.90753424657534,0.23529411764705888,4.681506849315069,6.600000000000009,2.595890410958907,2.199999999999994,2.726223981469287,2,
1768,200,0.17067399569626215,27.59999999999998,0.14681605214367197,2.0,0.0,45.0,18.56651376146789,0.4911764705882353,1.9105504587155964,8.200000000000001,2.639678899082565,2.6999999999999886,2.3424975407033295,2,
1769,200,0.17050340700912517,26.949999999999953,0.14680485190611475,2.0,0.0,44.0,18.978494623655912,0.4297752808988764,1.2860215053763442,8.70000000000003,3.307956989247317,2.1999999999999935,7.382013837501904,2,
1770,200,0.17033298882540943,26.62499999999999,0.14679774783665103,2.0,0.0,40.0,18.006134969325153,0.4073033707865169,1.5173824130879345,5.40000000000003,2.711247443762783,2.3999999999999986,2.1465695884911526,2,
1771,200,0.1701627409746967,33.79999999999997,0.14678242098454794,2.0,1.0,44.0,18.404191616766468,0.20599999999999996,4.946107784431137,7.400000000000029,2.464371257485029,1.8999999999999881,3.1682287107567486,1,
1772,200,0.16999266328673912,30.124999999999993,0.14676870086215532,2.0,1.0,42.0,17.605263157894736,0.2410714285714286,6.172697368421052,7.700000000000006,2.7421052631578977,1.9999999999999991,4.482186640264273,2,
1773,200,0.16982275559145898,16.999999999999986,0.14676383662316853,3.0,0.0,46.0,17.163498098859314,0.6538461538461539,0.053231939163498096,8.50000000000002,3.179467680608367,2.5999999999999965,5.943618725422181,3,
1774,200,0.1696530177189486,30.89999999999998,0.14676692811072986,2.0,0.0,47.0,19.673170731707316,0.3026315789473685,3.8065040650406505,9.00000000000003,2.7796747967479676,2.399999999999998,2.838732602902008,1,
1775,200,0.16948344949947006,16.324999999999985,0.1467682985110927,3.0,0.0,44.0,18.145985401459853,0.6730769230769231,0.14963503649635038,8.400000000000029,3.737226277372269,2.749999999999997,7.94419447219452,3,
1776,200,0.16931405076345518,30.324999999999985,0.14676236719384111,2.0,0.0,42.0,18.820809248554912,0.3762626262626263,1.7745664739884393,6.200000000000029,3.1620423892100216,3.5000000000000013,2.87431170181172,2,
1777,200,0.16914482134150513,33.27499999999998,0.14676094598283013,2.0,0.0,42.0,17.59246575342466,0.2954545454545454,2.4297945205479454,6.200000000000015,2.3904109589041096,1.5999999999999979,2.982314054917839,2,
1778,200,0.16897576106439058,30.099999999999977,0.14675975361115853,2.0,0.0,45.0,17.61780104712042,0.31666666666666665,3.781849912739965,8.500000000000025,2.6404886561954624,1.6,5.770489936892408,2,
1779,200,0.1688068697630511,33.274999999999984,0.14675885893517404,2.0,0.0,44.0,18.427692307692308,0.22131147540983598,3.4476923076923076,8.400000000000027,2.9373846153846177,2.0999999999999983,5.061706678595731,2,
1780,200,0.1686381472685955,23.099999999999994,0.14675040792963667,3.0,0.0,47.0,14.55609756097561,0.40384615384615385,1.7975609756097561,9.00000000000002,2.6607317073170726,1.7999999999999952,5.0547075830314485,3,
1781,200,0.1684695934123012,27.54999999999998,0.146750396236978,2.0,0.0,39.0,17.54192229038855,0.37643678160919536,2.0920245398773005,6.1000000000000085,2.6842535787321062,2.999999999999997,2.140067748410845,2,
1782,200,0.16830120802561438,32.149999999999984,0.1467395734187462,2.0,0.0,41.0,19.5944170771757,0.2804347826086957,5.888341543513957,6.299999999999999,2.6479474548440036,2.399999999999997,1.927821182053502,1,
1783,200,0.16813299094014955,24.62499999999998,0.14673809667712862,3.0,0.0,43.0,18.958715596330276,0.4907407407407407,0.7522935779816514,7.100000000000038,2.8750000000000036,1.6999999999999982,5.435527446802964,2,
1784,200,0.16796494198768974,30.124999999999968,0.14672914824443953,2.0,0.0,48.0,19.167641325536064,0.3798076923076923,3.0935672514619883,9.90000000000004,3.7715399610136515,3.199999999999998,8.208344023589545,2,
1785,200,0.16779706100018585,30.39999999999997,0.1467126573104452,2.0,1.0,43.0,18.556603773584907,0.3221153846153846,2.7452830188679247,7.100000000000014,3.5379245283018936,3.9499999999999975,5.165240495694222,2,
1786,200,0.167629347809757,29.825,0.1467001552849288,2.0,0.0,40.0,17.27683615819209,0.34693877551020413,2.120527306967985,6.8000000000000025,2.402448210922789,1.8999999999999981,3.3955051071074074,2,
1787,200,0.1674618022486899,33.72499999999995,0.1466904767415173,2.0,0.0,45.0,20.40961857379768,0.3008474576271186,4.215588723051409,9.200000000000024,3.5792703150912124,2.7999999999999936,5.9940312094343735,2,
1788,200,0.167294424149439,27.174999999999976,0.14669202798733091,2.0,0.0,41.0,17.5,0.41860465116279066,1.2262931034482758,5.8,2.408620689655168,2.399999999999998,1.723295756984599,2,
1789,200,0.1671272133446262,26.67499999999998,0.14669448058660867,2.0,0.0,41.0,17.776344086021506,0.43823529411764706,0.6129032258064516,5.900000000000025,2.5208602150537645,1.899999999999999,3.0322885526121244,2,
1790,200,0.1669601696670407,29.750000000000007,0.14668423616841803,2.0,0.0,39.0,18.32111692844677,0.3076923076923077,3.1972076788830717,6.100000000000011,2.5640488656195464,2.399999999999995,1.9620293730659668,2,
1791,200,0.16679329294963874,32.074999999999974,0.14667656088410025,2.0,0.0,44.0,17.844054580896685,0.38,1.3294346978557505,8.000000000000018,2.791423001949319,2.2999999999999967,4.4836081894455395,2,
1792,200,0.16662658302554365,28.54999999999999,0.14666778241755532,2.0,0.0,44.0,15.933962264150944,0.3078947368421052,1.6660377358490566,8.000000000000023,2.378679245283021,1.3999999999999968,4.5978448125483045,3,
1793,200,0.1664600397280455,33.54999999999998,0.14665437617901894,2.0,0.0,46.0,20.057926829268293,0.23412698412698418,4.626524390243903,9.60000000000004,3.399390243902444,2.9999999999999964,5.672634761290679,1,
1794,200,0.16629366289060088,26.424999999999976,0.14664979060807493,2.0,1.0,42.0,19.0078125,0.34375,4.79296875,7.500000000000003,3.7296875000000105,4.300000000000019,4.4317136829898525,2,
1795,200,0.16612745234683307,30.449999999999985,0.1466364457287965,2.0,1.0,45.0,18.491056910569107,0.26327433628318586,4.382113821138211,9.50000000000003,3.046991869918702,2.4999999999999964,6.1086859638733015,2,
1796,200,0.16596140793053138,28.999999999999993,0.14664213269881185,2.0,0.0,49.0,18.251712328767123,0.3085585585585585,5.60445205479452,10.900000000000043,3.1804794520547977,1.799999999999996,8.207451232206024,2,
1797,200,0.16579552947565152,25.949999999999978,0.14663630027882843,1.0,1.0,42.0,16.83817427385892,0.4088235294117647,1.383817427385892,6.7000000000000055,2.3304979253112,1.8999999999999944,2.67661251791687,3,
1798,200,0.16562981681631492,25.099999999999994,0.1466358840011129,4.0,0.0,46.0,14.81336405529954,0.34259259259259256,2.152073732718894,9.300000000000033,2.8910138248847974,1.4999999999999998,7.3360181041119645,3,
1799,200,0.16546426978680895,26.700000000000006,0.1466319161310431,3.0,0.0,45.0,17.845303867403317,0.34183673469387754,2.679558011049724,7.9000000000000465,2.918416206261515,2.3999999999999972,5.156068754069948,3,
1800,200,0.16529888822158653,27.32499999999997,0.14663251590995446,2.0,0.0,44.0,20.029017857142858,0.46264367816091956,1.4397321428571428,8.100000000000035,3.7087053571428656,4.000000000000005,4.212021095848129,2,
1801,200,0.16513367195526615,27.174999999999947,0.14662931132918888,4.0,0.0,52.0,20.796875,0.5084269662921348,1.7522321428571428,12.500000000000037,4.153348214285722,3.850000000000006,9.61740277923106,2,
1802,200,0.16496862082263145,23.624999999999996,0.1466321395845289,4.0,0.0,48.0,16.111386138613863,0.4208860759493671,1.8217821782178218,9.600000000000037,3.419801980198025,1.9999999999999982,9.040900897589127,3,
1803,200,0.16480373465863135,28.199999999999992,0.14662776785002363,4.0,0.0,45.0,16.804347826086957,0.3736559139784946,3.2094861660079053,8.10000000000003,2.3705533596837958,1.5999999999999994,3.401774640185942,2,
1804,200,0.1646390132983796,23.374999999999993,0.146623669290655,2.0,1.0,40.0,15.944954128440367,0.43666666666666665,0.5940366972477065,5.700000000000004,2.330045871559634,2.099999999999996,2.4121145216865365,3,
1805,200,0.1644744565771549,26.375,0.14661198334639222,2.0,0.0,42.0,18.124293785310734,0.3575268817204301,2.7947269303201505,6.8000000000000345,3.004708097928443,3.000000000000006,3.9586547737267956,2,
1806,200,0.16431006433040046,33.14999999999997,0.14660408441317857,2.0,0.0,45.0,17.94280442804428,0.33333333333333337,2.2472324723247232,8.400000000000025,3.0710332103321063,2.1999999999999975,5.417168295530775,2,
1807,200,0.16414583639372407,27.799999999999972,0.14659760045009124,2.0,0.0,44.0,18.62962962962963,0.4545454545454546,0.7952069716775599,7.500000000000021,2.977995642701527,2.8999999999999964,4.011844218720348,2,
1808,200,0.16398177260289773,27.24999999999997,0.14659815565050946,2.0,0.0,45.0,19.790697674418606,0.4941860465116279,1.5372093023255815,8.100000000000023,3.2702325581395355,2.599999999999998,4.685743892611676,2,
1809,200,0.16381787279385768,33.125000000000014,0.14658183916031214,2.0,0.0,47.0,18.217451523545705,0.15601503759398505,6.524930747922438,9.400000000000022,2.4491689750692527,1.4999999999999998,5.005639105821625,2,
1810,200,0.16365413680270405,30.324999999999978,0.14657864727324266,2.0,1.0,45.0,18.224761904761905,0.345,3.1904761904761907,8.900000000000027,3.313904761904764,2.999999999999996,5.6204556207006915,2,
1811,200,0.1634905644657009,36.825000000000024,0.14656881470147645,2.0,0.0,42.0,18.96875,0.050000000000000044,6.64125,6.000000000000013,2.1312499999999974,1.8999999999999937,1.6114259553530594,0,
1812,200,0.1633271556192758,19.924999999999986,0.14656376180940212,3.0,0.0,43.0,16.829545454545453,0.5625,0.40625,7.300000000000027,2.9883522727272753,1.8999999999999986,5.250446478293535,3,
1813,200,0.16316391010001996,30.42499999999998,0.14655315082955656,2.0,0.0,41.0,18.541889483065955,0.32692307692307687,2.9322638146167557,6.0000000000000036,2.8253119429589995,2.6999999999999913,1.994944966954757,2,
1814,200,0.16300082774468777,27.900000000000006,0.146554042313697,3.0,0.0,48.0,18.464041095890412,0.3055555555555556,4.72945205479452,10.400000000000041,3.233904109589043,2.149999999999996,7.489146442655947,3,
1815,200,0.16283790839019696,27.324999999999978,0.14654888585087447,3.0,0.0,47.0,19.345652173913045,0.4578651685393258,1.991304347826087,9.900000000000029,3.4645652173913053,2.5999999999999934,6.426753009229766,2,
1816,200,0.16267515187362808,29.624999999999993,0.14655199180975986,2.0,1.0,45.0,18.230188679245284,0.3480392156862745,2.7660377358490567,8.000000000000027,3.2605660377358543,3.400000000000013,4.050855610023554,2,
1817,200,0.16251255803222467,30.949999999999974,0.14654460693368423,2.0,0.0,43.0,19.338568935427574,0.32943925233644855,3.4031413612565444,7.400000000000025,3.0184991273996507,2.999999999999994,3.079073792061615,2,
1818,200,0.16235012670339277,32.82500000000002,0.14653688292785197,3.0,0.0,48.0,18.460365853658537,0.20199999999999996,5.945121951219512,10.500000000000044,3.2310975609756145,1.5999999999999939,10.996924349634675,2,
1819,200,0.16218785772470118,29.22499999999996,0.14652937212247488,2.0,0.0,46.0,20.279503105590063,0.4149484536082474,1.2298136645962734,9.100000000000035,4.230020703933758,5.000000000000002,5.737611964610313,2,
1820,200,0.16202575093388075,28.12499999999997,0.14653231325079094,2.0,0.0,40.0,17.413087934560327,0.3833333333333333,2.5685071574642127,5.999999999999994,2.5860940695296484,2.699999999999996,1.9837822014051476,2,
1821,200,0.16186380616882481,27.27499999999997,0.14652423542677748,2.0,0.0,45.0,21.772727272727273,0.5147058823529411,1.3827751196172249,8.300000000000024,4.225358851674647,4.099999999999996,4.469813132787365,2,
1822,200,0.1617020232675885,26.12499999999997,0.14651503146632772,2.0,0.0,41.0,19.961009174311926,0.47891566265060237,1.1605504587155964,6.8000000000000105,3.459862385321103,3.4999999999999885,3.1531532654725494,2,
1823,200,0.16154040206838896,17.524999999999984,0.14651288324614942,3.0,0.0,47.0,19.242857142857144,0.6339285714285714,0.1357142857142857,9.600000000000044,4.686785714285729,5.500000000000009,9.638126889373677,3,
1824,200,0.16137894240960493,31.675000000000004,0.14652423897066008,3.0,0.0,48.0,18.018808777429467,0.23305084745762716,5.175548589341693,10.60000000000004,3.002978056426335,1.6999999999999955,8.702567370032225,2,
1825,200,0.16121764412977677,29.199999999999967,0.14653322014743891,2.0,0.0,44.0,20.389867841409693,0.44892473118279574,1.658590308370044,7.200000000000019,3.981497797356832,3.999999999999998,3.7979580331368648,2,
1826,200,0.16105650706760616,27.899999999999984,0.14652983137469366,2.0,0.0,41.0,17.823529411764707,0.3170103092783505,2.727272727272727,6.6000000000000085,2.3504456327985728,1.899999999999999,2.5862156837824175,3,
1827,200,0.16089553106195606,18.97499999999999,0.14652505607620925,2.0,0.0,43.0,15.056962025316455,0.5431034482758621,0.819620253164557,6.900000000000023,2.6167721518987364,1.699999999999998,3.644217214961713,3,
1828,200,0.16073471595185038,36.52499999999997,0.14652320357180382,2.0,0.0,43.0,19.068292682926828,0.2801724137931034,2.159349593495935,6.800000000000021,2.4167479674796724,1.9999999999999951,2.80406838275732,1,
1829,200,0.1605740615764741,29.849999999999966,0.1465178577479212,2.0,0.0,47.0,19.27176220806794,0.43617021276595747,1.1146496815286624,9.200000000000022,3.5377919320594535,3.8999999999999986,4.868827262892203,2,
1830,200,0.16041356777517274,34.849999999999994,0.14650338151300796,2.0,0.0,39.0,19.452495974235106,0.25,3.85829307568438,5.000000000000006,2.7243156199677916,3.099999999999998,1.7564342391868124,1,
1831,200,0.16025323438745256,27.424999999999976,0.14650115473023426,1.0,0.0,44.0,19.050660792951543,0.45114942528735635,1.9052863436123348,7.400000000000034,3.209691629955949,3.399999999999996,3.7026112607040007,2,
1832,200,0.1600930612529801,31.100000000000005,0.1465013756082892,3.0,0.0,51.0,18.750445632798574,0.35747663551401865,2.263814616755793,11.400000000000032,3.186809269162211,2.299999999999994,8.76213548551098,3,
1833,200,0.15993304821158225,29.724999999999984,0.1464991893686807,2.0,0.0,46.0,19.555785123966942,0.41326530612244894,2.510330578512397,8.700000000000035,3.808471074380174,4.000000000000012,4.735093082324854,2,
1834,200,0.15977319510324592,26.024999999999984,0.14649647300860197,2.0,1.0,41.0,18.662131519274375,0.46084337349397586,2.0816326530612246,5.400000000000034,2.781859410430841,2.5999999999999965,2.1636729740847587,2,
1835,200,0.15961350176811803,35.72499999999998,0.1464935958543073,2.0,0.0,43.0,19.36945812807882,0.28781512605042014,3.735632183908046,6.900000000000012,2.5129720853858757,2.0999999999999943,2.3446163718723088,1,
1836,200,0.15945396804650516,29.899999999999977,0.14649592375067294,2.0,0.0,42.0,18.654690618762476,0.37371134020618557,1.3852295409181636,7.100000000000021,3.3816367265469114,3.5999999999999943,4.349260956175326,2,
1837,200,0.1592945937788737,32.07499999999998,0.1464921617106751,2.0,0.0,44.0,17.86703096539162,0.33018867924528306,2.3296903460837886,7.800000000000022,2.9438979963570127,2.8999999999999955,3.6090685467816987,2,
1838,200,0.15913537880584921,24.275000000000002,0.14648804844681668,2.0,0.0,42.0,15.837786259541986,0.2663043478260869,3.75,8.100000000000035,2.8885496183206163,1.6499999999999972,5.82924126377134,3,
1839,200,0.15897632296821687,32.77499999999997,0.14648159903727087,2.0,0.0,38.0,19.38817891373802,0.2455357142857142,2.4648562300319488,6.700000000000005,2.744249201277955,2.3999999999999977,2.836915062200968,1,
1840,200,0.15881742610692068,22.925,0.1464834780202875,2.0,0.0,46.0,14.79643765903308,0.42567567567567566,1.6106870229007633,8.500000000000021,2.7720101781170503,1.8999999999999977,5.093295348596312,3,
1841,200,0.15865868806306388,31.299999999999976,0.14647554878941946,2.0,0.0,46.0,18.276223776223777,0.286697247706422,3.7010489510489513,9.700000000000038,3.4234265734265765,2.499999999999999,7.31384417894579,2,
1842,200,0.1585001086779083,28.874999999999993,0.14647123262172118,3.0,0.0,48.0,18.052542372881355,0.29587155963302747,3.7864406779661017,10.600000000000035,3.0266101694915295,1.5,10.078693733679277,3,
1843,200,0.1583416877928747,26.424999999999986,0.14645894808353385,2.0,0.0,41.0,19.474945533769063,0.4476744186046512,1.6797385620915033,6.800000000000013,3.439433551198263,3.8000000000000056,2.6811810328460384,2,
1844,200,0.15818342524954201,30.09999999999998,0.14646284291467299,3.0,0.0,52.0,20.92688679245283,0.5271739130434783,1.6438679245283019,12.000000000000021,3.8365566037735834,3.099999999999996,7.488681685440162,2,
1845,200,0.1580253208896478,23.85000000000001,0.14646033127047728,2.0,0.0,43.0,15.163170163170163,0.43181818181818177,1.4545454545454546,7.000000000000001,2.147785547785545,1.7999999999999972,2.5403643773092797,3,
1846,200,0.1578673745550876,25.174999999999976,0.14645310948342377,2.0,0.0,39.0,20.022321428571427,0.44512195121951215,1.515625,7.000000000000008,3.704687500000008,4.100000000000031,3.1714447218028825,2,
1847,200,0.15770958608791516,27.49999999999998,0.14646215665297452,3.0,0.0,46.0,17.995910020449898,0.4148351648351648,1.6298568507157465,9.000000000000032,2.9357873210633976,1.7999999999999985,6.427560053529656,2,
1848,200,0.15755195533034191,27.37499999999997,0.14645680841120612,2.0,0.0,43.0,20.370283018867923,0.4941860465116279,1.6132075471698113,7.500000000000008,3.5025943396226444,2.9999999999999973,5.014856070087627,2,
1849,200,0.15739448212473714,27.224999999999962,0.14645465626761064,2.0,0.0,45.0,21.443396226415093,0.5028735632183908,1.1650943396226414,8.40000000000002,4.1464622641509505,4.600000000000001,3.658734251147295,2,
1850,200,0.1572371663136276,29.12499999999997,0.14644933235817123,2.0,0.0,45.0,19.346666666666668,0.38,3.118095238095238,8.600000000000017,3.5653333333333386,3.399999999999998,5.555046948016166,2,
1851,200,0.1570800077396975,35.84999999999998,0.14644199104398029,2.0,1.0,39.0,17.962235649546827,0.18801652892561993,2.4697885196374623,5.200000000000011,2.173564954682778,1.8999999999999986,1.4749994181310415,1,
1852,200,0.1569230062457882,30.424999999999976,0.14642919812427177,2.0,1.0,43.0,17.855072463768117,0.3973684210526316,1.215320910973085,7.600000000000012,2.81014492753623,2.5999999999999988,3.6495400534961138,2,
1853,200,0.15676616167489826,32.44999999999998,0.14642686451150383,2.0,0.0,41.0,16.99236641221374,0.345,2.2290076335877864,6.000000000000005,2.4064885496183175,1.7999999999999983,2.4543561504142772,2,
1854,200,0.156609473870183,29.524999999999988,0.1464130520247962,3.0,0.0,44.0,17.629770992366414,0.375,1.4274809160305344,8.00000000000003,2.6240458015267203,1.7999999999999978,4.26214724574346,2,
1855,200,0.15645294267495474,30.449999999999992,0.14641520561790378,2.0,1.0,44.0,18.668662674650697,0.40463917525773196,1.439121756487026,7.600000000000024,3.1145708582834324,2.6999999999999917,3.773275776892451,2,
1856,200,0.15629656793268212,28.174999999999983,0.14640941395627421,2.0,1.0,41.0,18.925049309664693,0.3710526315789474,3.4043392504930967,6.300000000000033,3.5126232741617427,3.9999999999999987,3.2484134480719846,2,
1857,200,0.15614034948699052,29.57499999999997,0.1464086980820577,2.0,0.0,47.0,19.47669491525424,0.44354838709677424,1.36864406779661,9.400000000000032,3.639618644067799,3.099999999999997,7.155559939492739,2,
1858,200,0.15598428718166135,35.6,0.14640749557328692,2.0,0.0,48.0,18.563037249283667,0.1923076923076923,5.0501432664756445,9.900000000000043,2.603868194842409,1.4999999999999905,6.251129672846898,1,
1859,200,0.15582838086063242,27.37499999999997,0.1464097092097715,2.0,0.0,43.0,19.85185185185185,0.4410112359550562,2.4596949891067537,7.400000000000013,3.741394335511991,4.200000000000005,4.17874207328653,2,
1860,200,0.1556726303679973,35.324999999999974,0.14640445664707602,2.0,0.0,39.0,18.178797468354432,0.23684210526315796,3.9098101265822787,5.399999999999995,2.082594936708855,1.8999999999999966,1.2323583769587594,1,
1861,200,0.15551703554800556,23.649999999999945,0.1463948474834992,2.0,0.0,47.0,19.990950226244344,0.5030120481927711,1.9411764705882353,10.100000000000026,3.781447963800909,2.699999999999992,8.903411802644378,3,
1862,200,0.15536159624506227,22.07499999999999,0.14638282061150598,2.0,0.0,44.0,17.10591133004926,0.5,0.9679802955665024,7.400000000000009,3.027586206896553,2.4999999999999973,5.541095277095307,3,
1863,200,0.15520631230372822,18.87499999999998,0.14637877413276268,3.0,0.0,45.0,17.674193548387098,0.5805084745762712,0.0,9.000000000000034,4.071612903225816,3.8999999999999986,10.232590973891583,3,
1864,200,0.15505118356871936,28.525,0.14636924892596104,2.0,0.0,41.0,14.31549815498155,0.19680851063829796,3.088560885608856,6.500000000000012,2.0437269372693723,1.2499999999999978,3.174906880716778,3,
1865,200,0.15489620988490704,22.39999999999999,0.146362292399973,3.0,0.0,45.0,14.92436974789916,0.5111940298507462,0.8683473389355743,8.10000000000002,2.5120448179271717,1.5999999999999974,4.632580346494275,3,
1866,200,0.1547413910973175,27.699999999999967,0.14636088784215084,2.0,0.0,42.0,20.39366515837104,0.46590909090909094,1.009049773755656,7.000000000000022,3.8045248868778336,4.199999999999996,4.024434514212032,2,
1867,200,0.15458672705113194,29.69999999999999,0.14635129575517558,3.0,0.0,43.0,20.143548387096775,0.27192982456140347,5.22741935483871,8.300000000000036,3.4516129032258114,3.350000000000005,4.854993899567949,2,
1868,200,0.15443221759168632,30.124999999999982,0.14634531847172108,2.0,0.0,45.0,19.56873822975518,0.3653846153846154,3.713747645951036,9.100000000000039,3.777589453860644,3.099999999999993,6.242401262590499,2,
1869,200,0.15427786256447115,23.8,0.1463458268676998,4.0,0.0,47.0,17.408163265306122,0.44277108433734935,2.439909297052154,9.200000000000045,3.2743764172335674,1.4999999999999982,8.481314479638087,3,
1870,200,0.1541236618151314,29.924999999999986,0.14634381049659062,2.0,0.0,47.0,18.014598540145986,0.3221153846153846,4.2536496350364965,9.200000000000014,3.2536496350365014,2.399999999999996,5.484767717938232,2,
1871,200,0.15396961518946634,29.82499999999998,0.14633616693414642,2.0,0.0,41.0,17.778420038535646,0.375,1.6011560693641618,6.500000000000019,2.5366088631984582,2.599999999999994,2.7762423522423587,2,
1872,200,0.15381572253342926,27.874999999999996,0.14633274755150677,2.0,0.0,42.0,14.448770491803279,0.32558139534883723,0.8586065573770492,6.100000000000004,1.9692622950819643,1.3999999999999997,2.180293857052272,3,
1873,200,0.15366198369312759,33.024999999999984,0.14633429981219023,2.0,0.0,45.0,18.197552447552447,0.2809734513274337,3.4615384615384617,7.900000000000044,3.3762237762237817,2.799999999999998,5.503962002915843,2,
1874,200,0.15350839851482234,34.374999999999986,0.14633610209087142,2.0,0.0,44.0,18.379487179487178,0.31818181818181823,3.217094017094017,7.300000000000016,2.450940170940169,2.3999999999999915,2.2290697321052932,2,
1875,200,0.15335496684492847,32.14999999999999,0.14633712286480804,2.0,0.0,37.0,16.844290657439448,0.28535353535353536,2.884083044982699,3.899999999999998,1.8790657439446323,1.8999999999999928,0.7467093207376587,2,
1876,200,0.15320168853001417,31.57499999999998,0.14633527524014622,2.0,0.0,42.0,20.3768115942029,0.2630434782608696,5.592592592592593,7.500000000000029,3.278904991948472,3.099999999999997,2.9672116481693047,1,
1877,200,0.1530485634168012,33.87499999999997,0.14633352277151512,3.0,0.0,44.0,18.367957746478872,0.286036036036036,1.8908450704225352,10.400000000000013,3.4723591549295802,2.849999999999996,8.939070029105203,2,
1878,200,0.15289559135216438,28.149999999999974,0.1463360754187783,2.0,1.0,43.0,19.993023255813952,0.4825581395348837,0.9534883720930233,6.900000000000018,3.3916279069767437,3.499999999999992,3.4268786743032797,2,
1879,200,0.15274277218313168,27.09999999999998,0.14633319229046626,2.0,0.0,39.0,18.70230607966457,0.40116279069767447,1.1572327044025157,7.100000000000009,3.247379454926628,3.2999999999999856,3.3490906613691727,2,
1880,200,0.15259010575688386,28.02499999999997,0.1463294936884701,3.0,0.0,47.0,19.777533039647576,0.4722222222222222,2.9295154185022025,9.300000000000033,3.6140969162995615,2.899999999999994,5.918288140115997,2,
1881,200,0.15243759192075454,34.07499999999999,0.1463203984583193,2.0,0.0,47.0,18.373177842565596,0.1807692307692308,6.217201166180758,9.300000000000033,2.929300291545189,2.099999999999997,5.625611173089422,2,
1882,200,0.1522852305222298,16.799999999999986,0.14631706775116907,3.0,0.0,47.0,19.745019920318725,0.6911764705882353,0.0,9.400000000000034,4.4382470119522,4.7,8.589430476190534,3,
1883,200,0.15213302140894833,27.32499999999998,0.1463210393937391,3.0,1.0,44.0,19.705882352941178,0.47352941176470587,1.2918552036199096,7.300000000000019,3.4244343891402735,3.6000000000000094,1.9642093948188835,2,
1884,200,0.1519809644287009,25.77499999999995,0.14632452453258404,2.0,0.0,47.0,20.678899082568808,0.5,1.878440366972477,10.10000000000003,3.907110091743121,2.6999999999999935,9.203736394960478,2,
1885,200,0.1518290594294306,25.824999999999978,0.14632621679401386,4.0,0.0,46.0,17.952095808383234,0.38586956521739135,2.6706586826347305,9.100000000000023,3.1876247504990047,2.8999999999999986,5.4472537848605995,3,
1886,200,0.15167730625923234,30.09999999999998,0.14632106750308232,2.0,0.0,47.0,18.795008912655973,0.30000000000000004,5.019607843137255,9.900000000000032,3.7418894830659593,3.5999999999999956,5.931971784443359,2,
1887,200,0.15152570476635302,30.874999999999975,0.14631125102846096,2.0,0.0,45.0,19.052023121387283,0.38636363636363635,2.423892100192678,7.800000000000022,3.4105973025048217,3.2000000000000313,3.8413470448470663,2,
1888,200,0.1513742547991911,36.97499999999998,0.14631272443284057,2.0,0.0,42.0,18.417630057803468,0.1751968503937007,4.791907514450867,6.90000000000003,2.518497109826589,2.299999999999998,2.364084759106487,1,
1889,200,0.15122295620629655,32.92499999999999,0.14630738037810465,2.0,0.0,43.0,17.074681238615664,0.3480392156862745,1.9362477231329691,7.800000000000002,2.0531876138433485,1.8000000000000003,2.311386396814862,2,
1890,200,0.15107180883637084,27.69999999999999,0.146301601631582,3.0,1.0,43.0,19.038535645472063,0.3459595959595959,3.764932562620424,8.300000000000018,3.7701348747591563,3.299999999999999,6.200190822690874,2,
1891,200,0.15092081253826656,28.199999999999974,0.14629986187247956,2.0,1.0,49.0,20.86092715231788,0.46505376344086025,3.0022075055187636,10.800000000000036,4.2816777041942675,3.0999999999999996,9.9747018634752,2,
1892,200,0.15076996716098734,14.24999999999999,0.1462922639278937,2.0,0.0,41.0,17.8744769874477,0.7267441860465116,0.0,5.800000000000003,2.9815899581589993,3.1999999999999957,3.1611390056022555,3,
1893,200,0.15061927255368793,32.99999999999997,0.14628614916703048,3.0,0.0,51.0,22.399014778325125,0.3145161290322581,7.614121510673235,12.900000000000022,4.330706075533664,3.299999999999999,11.914310936151912,1,
1894,200,0.15046872856567356,29.824999999999964,0.14628411918061182,2.0,1.0,47.0,19.446393762183234,0.3921568627450981,2.409356725146199,9.100000000000042,3.7528265107212553,4.000000000000008,5.2537010578794225,2,
1895,200,0.15031833504640033,34.72499999999998,0.1462908322744269,2.0,0.0,44.0,20.0,0.262396694214876,5.028985507246377,8.400000000000027,3.052818035426731,2.3999999999999986,4.57651358780213,1,
1896,200,0.15016809184547464,35.89999999999997,0.14628788673801157,2.0,0.0,42.0,18.983076923076922,0.22154471544715437,3.1353846153846154,7.50000000000004,2.716769230769235,1.8999999999999992,4.323559795407847,1,
1897,200,0.15001799881265335,26.324999999999974,0.14628899831896508,2.0,0.0,41.0,18.770642201834864,0.47560975609756095,0.9174311926605505,7.099999999999999,2.7621559633027495,2.3999999999999964,3.315764170546311,2,
1898,200,0.14986805579784332,28.02499999999998,0.14628232296630014,2.0,0.0,46.0,19.60991379310345,0.4402173913043478,2.7952586206896552,8.500000000000037,3.6668103448275904,3.3999999999999972,5.287629903156171,2,
1899,200,0.14971826265110164,27.39999999999996,0.146276785472564,2.0,0.0,43.0,19.494887525562373,0.40957446808510634,3.341513292433538,7.300000000000023,3.684253578732112,3.999999999999995,3.9813842422215084,2,
1900,200,0.14956861922263504,33.44999999999998,0.1462706102730736,2.0,0.0,52.0,18.725092250922508,0.3490990990990991,1.688191881918819,12.30000000000003,3.6599630996310046,3.8500000000000156,7.4993635345500005,2,
1901,200,0.14941912536280016,22.04999999999998,0.146262176643033,3.0,0.0,47.0,17.326704545454547,0.5441176470588235,0.0625,9.60000000000003,3.852556818181827,2.549999999999999,12.065715842231501,3,
1902,200,0.14926978092210305,38.124999999999964,0.1462550424715895,2.0,0.0,47.0,19.432960893854748,0.16428571428571437,6.329608938547486,9.500000000000032,3.09022346368715,2.399999999999994,5.5965354478158105,1,
1903,200,0.14912058575119935,29.94999999999999,0.14625151543239046,2.0,0.0,43.0,16.57668711656442,0.3913043478260869,1.1206543967280163,6.999999999999999,2.105112474437625,1.7999999999999936,2.5299844429575113,2,
1904,200,0.1489715397008938,24.425,0.14624955941377246,2.0,0.0,42.0,15.857808857808857,0.4671052631578947,2.1538461538461537,6.300000000000005,2.2358974358974333,1.7999999999999967,2.5412426646381276,3,
1905,200,0.14882264262214037,25.82499999999998,0.14624541133234284,2.0,0.0,40.0,19.993119266055047,0.4695121951219512,1.2293577981651376,6.2000000000000055,3.495642201834867,4.149999999999996,3.2213511665220205,2,
1906,200,0.14867389436604195,20.07499999999999,0.1462363563030787,6.0,0.0,47.0,16.944099378881987,0.5674603174603174,0.8385093167701864,9.200000000000042,3.7167701863354146,4.000000000000007,9.440617266089983,3,
1907,200,0.14852529478385032,30.99999999999999,0.14622928228660007,2.0,0.0,43.0,18.776150627615063,0.40591397849462363,1.108786610878661,6.70000000000004,3.3221757322175796,4.0,3.6879762608159323,2,
1908,200,0.14837684372696583,16.27499999999999,0.14622458307529917,3.0,0.0,42.0,16.55839416058394,0.62,0.17518248175182483,6.10000000000002,3.0255474452554756,3.399999999999997,3.7938504162504287,3,
1909,200,0.14822854104693745,36.09999999999998,0.14620966169999064,2.0,1.0,39.0,18.193236714975846,0.25,2.8518518518518516,4.699999999999994,1.968760064412234,1.7999999999999932,1.2381577118556133,1,
1910,200,0.14808038659546244,27.224999999999987,0.14620355717807246,2.0,0.0,39.0,18.18029350104822,0.40294117647058825,0.5618448637316562,5.1,2.9341719077568147,3.299999999999993,1.8167647937836326,2,
1911,200,0.1479323802243864,27.099999999999966,0.14620002464071977,2.0,0.0,43.0,18.848017621145374,0.4568965517241379,0.4889867841409692,7.000000000000007,3.056387665198235,3.0999999999999934,2.6684192804987545,2,
1912,200,0.14778452178570287,31.69999999999998,0.14619228485108776,2.0,0.0,45.0,17.487758945386066,0.3422330097087378,2.992467043314501,7.800000000000025,2.8623352165725056,2.599999999999991,4.240969286423621,2,
1913,200,0.14763681113155347,25.474999999999966,0.14618548246849503,2.0,0.0,41.0,21.162790697674417,0.47891566265060237,1.255813953488372,8.500000000000021,4.093488372093027,3.899999999999997,4.839518656131219,2,
1914,200,0.14748924811422748,28.12499999999998,0.14617980771611097,2.0,0.0,43.0,19.599552572706934,0.4602272727272727,1.5727069351230425,6.900000000000016,3.421700223713649,3.7000000000000077,2.9566579916720204,2,
1915,200,0.14734183258616193,28.399999999999963,0.14617462257130076,2.0,0.0,43.0,17.48975791433892,0.33854166666666663,3.4096834264432028,8.200000000000012,2.8186219739292366,2.299999999999998,4.9677151417633265,2,
1916,200,0.14719456439994122,29.02499999999998,0.14617204717626098,2.0,0.0,42.0,18.50920245398773,0.4148351648351648,0.7280163599182005,6.8,3.01308793456033,2.999999999999992,2.915669120107064,2,
1917,200,0.1470474434082972,31.875000000000004,0.14616693078556153,2.0,0.0,39.0,18.36127167630058,0.1507936507936507,8.647398843930636,5.500000000000015,2.484682080924855,2.1999999999999975,1.8498559295665045,1,
1918,200,0.1469004694641088,33.12499999999997,0.14616347548232403,2.0,1.0,44.0,19.22325581395349,0.24173553719008267,3.5689922480620155,7.300000000000015,2.8248062015503876,2.799999999999994,3.2538110782070406,1,
1919,200,0.14675364242040215,28.874999999999993,0.14615890927968964,3.0,1.0,51.0,19.564150943396225,0.36165048543689315,4.743396226415094,12.500000000000034,4.142452830188682,2.5999999999999996,14.308003410478584,2,
1920,200,0.14660696213035015,32.44999999999995,0.1461547807679563,3.0,0.0,44.0,20.12280701754386,0.27155172413793105,4.542264752791069,8.800000000000024,3.1963317384370042,2.299999999999999,5.811691917136448,1,
1921,200,0.14646042844727247,27.224999999999994,0.14614951660631084,2.0,0.0,45.0,18.572881355932203,0.29166666666666663,6.093220338983051,9.300000000000027,3.2411864406779696,2.0999999999999925,7.082442667172331,2,
1922,200,0.14631404122463545,30.19999999999998,0.1461473907936603,2.0,0.0,42.0,17.60220994475138,0.2941176470588235,1.6850828729281768,6.500000000000034,3.0012891344383097,3.3999999999999955,3.4153137887996747,2,
1923,200,0.14616780031605184,30.57499999999996,0.14615124437582,2.0,0.0,44.0,19.81767955801105,0.3595238095238096,2.679558011049724,7.600000000000016,3.6134438305709056,3.4999999999999964,4.378894888213617,2,
1924,200,0.14602170557528074,33.39999999999995,0.14614155133982012,2.0,0.0,42.0,18.635578583765113,0.3142201834862385,1.927461139896373,6.300000000000005,2.681001727115716,2.099999999999995,2.778403830091885,2,
1925,200,0.14587575685622736,29.424999999999972,0.14613188777977035,2.0,0.0,41.0,18.727619047619047,0.36111111111111116,1.6952380952380952,6.4,3.1939047619047622,3.1999999999999984,2.8233254723826797,2,
1926,200,0.14572995401294303,34.225,0.14613675117813144,3.0,0.0,51.0,18.5,0.238,5.2301829268292686,11.400000000000041,3.057317073170734,1.599999999999995,10.04405516632398,2,
1927,200,0.14558429689962482,26.92499999999997,0.14612914542197453,3.0,0.0,52.0,19.95104895104895,0.5174418604651163,0.45454545454545453,12.500000000000039,3.8414918414918477,1.7999999999999994,14.124742121278075,3,
1928,200,0.1454387853706157,28.549999999999994,0.14613111748701757,3.0,0.0,47.0,17.725746268656717,0.3529411764705882,5.277985074626866,9.300000000000045,2.9526119402985125,1.899999999999997,5.584415600689243,2,
1929,200,0.145293419280404,30.424999999999986,0.14613009054951764,2.0,1.0,44.0,18.583864118895967,0.4368131868131868,0.7473460721868365,8.500000000000025,3.051167728237795,2.899999999999999,4.522561485755529,2,
1930,200,0.14514819848362373,26.14999999999997,0.14613336427588267,2.0,0.0,45.0,21.191037735849058,0.5119047619047619,0.7783018867924528,8.30000000000003,3.9950471698113237,3.599999999999994,5.465737004589109,2,
1931,200,0.145003122835054,27.024999999999984,0.14613068178375177,2.0,0.0,41.0,18.859375,0.4476744186046512,1.4464285714285714,6.300000000000008,3.006919642857143,2.7999999999999936,2.8121759515303797,2,
1932,200,0.14485819218961926,31.475,0.1461285306467155,3.0,0.0,43.0,16.3006993006993,0.2785714285714286,3.5052447552447554,6.900000000000029,2.219230769230771,1.499999999999998,3.036597500481405,2,
1933,200,0.14471340640238872,30.67499999999998,0.146127421854514,3.0,0.0,51.0,20.36605316973415,0.43500000000000005,2.173824130879346,12.400000000000032,4.271983640081803,3.5999999999999948,9.031665941786608,2,
1934,200,0.14456876532857668,34.42499999999999,0.14613840488863433,2.0,0.0,52.0,20.368088467614534,0.2983870967741935,3.5845181674565563,12.100000000000046,3.406319115323858,2.199999999999994,8.828860460008862,2,
1935,200,0.14442426882354198,36.49999999999999,0.14613957436808353,2.0,0.0,41.0,16.811708860759495,0.23230088495575218,2.7104430379746836,5.799999999999999,1.9174050632911355,1.6999999999999975,1.4142575665397297,2,
1936,200,0.14427991674278817,30.649999999999984,0.14613109780412228,2.0,0.0,43.0,18.284369114877588,0.365,1.9585687382297552,8.600000000000012,2.899623352165725,1.8999999999999977,5.489623847354266,2,
1937,200,0.1441357089419631,15.924999999999986,0.1461285682293273,3.0,0.0,45.0,18.223107569721115,0.6785714285714286,0.0,8.20000000000003,3.539442231075704,3.6999999999999975,7.184813333333378,3,
1938,200,0.143991645276859,30.625,0.14612437365454503,2.0,0.0,46.0,18.803691275167786,0.28539823008849563,5.489932885906041,9.300000000000024,3.41342281879195,2.4999999999999964,6.580006137128269,2,
1939,200,0.14384772560341216,32.099999999999994,0.14612847328653217,2.0,0.0,43.0,18.297142857142855,0.375,1.5923809523809525,6.700000000000014,2.8201904761904735,2.6999999999999975,2.4811632513859507,2,
1940,200,0.14370394977770293,24.49999999999998,0.1461204611003783,4.0,1.0,46.0,18.5124716553288,0.4817073170731707,1.4421768707482994,9.300000000000042,3.146485260770981,1.7999999999999972,7.061390168654946,3,
1941,200,0.14356031765595542,34.22499999999999,0.14612133039382036,2.0,1.0,42.0,19.121951219512194,0.26724137931034486,3.521951219512195,7.200000000000017,3.0772357723577266,2.799999999999998,4.062777084479065,2,
1942,200,0.14341682909453757,32.499999999999986,0.14611709841095455,2.0,0.0,51.0,19.069364161849713,0.3833333333333333,1.770712909441233,11.500000000000048,3.762042389210025,2.1999999999999984,10.728213691713778,2,
1943,200,0.14327348394996073,33.47499999999999,0.14611794637370182,2.0,0.0,39.0,18.4472049689441,0.21902654867256643,3.8369565217391304,5.100000000000006,2.351242236024842,2.2999999999999927,1.4523777351802998,1,
1944,200,0.14313028207887982,28.25,0.14611591515622652,2.0,0.0,36.0,16.450943396226414,0.30000000000000004,1.379245283018868,4.9,2.2609433962264154,2.0999999999999983,1.625140744538081,2,
1945,200,0.14298722333809288,29.124999999999982,0.14612138600529304,2.0,0.0,44.0,18.22431865828092,0.43333333333333335,1.5911949685534592,7.200000000000007,2.872536687631025,2.699999999999999,3.1044795365845093,2,
1946,200,0.14284430758454122,28.32499999999997,0.14612040231371862,2.0,1.0,45.0,20.033936651583712,0.4691011235955056,0.6606334841628959,8.500000000000032,3.621266968325795,3.5499999999999954,4.58871147556091,2,
1947,200,0.14270153467530902,30.09999999999997,0.1461181264481461,2.0,0.0,45.0,19.171483622350674,0.34615384615384615,3.9903660886319847,8.000000000000046,3.8626204238921087,4.600000000000004,4.944208791208833,2,
1948,200,0.14255890446762343,32.02499999999998,0.14612210371236298,2.0,0.0,43.0,20.04813664596273,0.2416666666666667,6.232919254658385,8.900000000000023,3.3118012422360263,2.5999999999999988,5.005990813411019,1,
1949,200,0.14241641681885414,29.125000000000007,0.14612066331886836,2.0,0.0,44.0,17.796232876712327,0.2785714285714286,4.940068493150685,7.900000000000036,3.0304794520548004,1.9999999999999953,5.806827755054232,2,
1950,200,0.1422740715865136,26.749999999999996,0.1461239008188117,2.0,1.0,48.0,17.8,0.4147727272727273,1.3849462365591398,10.90000000000003,3.5892473118279606,2.599999999999997,10.085780486902525,3,
1951,200,0.1421318686282564,28.650000000000006,0.14611634081966854,3.0,0.0,42.0,16.555555555555557,0.3666666666666667,1.6218323586744638,6.0000000000000036,2.210136452241712,2.099999999999994,1.715615272373541,3,
1952,200,0.14198980780187978,16.87499999999999,0.1461127676375279,2.0,0.0,43.0,16.818181818181817,0.6367924528301887,0.13286713286713286,6.900000000000032,3.209090909090915,3.549999999999997,4.281438229720675,3,
1953,200,0.14184788896532272,34.44999999999999,0.1461071924391502,2.0,0.0,43.0,19.287833827893174,0.19094488188976388,5.179525222551929,7.400000000000024,3.01439169139466,2.600000000000002,3.298212602498515,1,
1954,200,0.1417061119766665,32.674999999999976,0.1461063099839816,2.0,1.0,43.0,20.692939244663382,0.2838983050847458,4.638752052545156,8.100000000000028,3.30706075533662,2.599999999999999,4.30979756255397,1,
1955,200,0.14156447669413402,30.87499999999998,0.1461005143589534,2.0,0.0,43.0,16.444444444444443,0.36340206185567014,1.3255360623781676,7.200000000000017,2.1306042884990255,1.2999999999999952,4.0620222823443735,2,
1956,200,0.14142298297609007,26.649999999999988,0.1460974799974416,2.0,1.0,43.0,20.254716981132077,0.5092592592592593,1.2971698113207548,6.8000000000000185,3.4332547169811347,2.9999999999999964,2.8396410513141754,2,
1957,200,0.14128163068104085,28.64999999999997,0.1460885826105507,2.0,0.0,42.0,18.62524654832347,0.38829787234042556,1.9072978303747534,6.400000000000013,3.1788954635108495,3.199999999999996,2.5963497090037744,2,
1958,200,0.1411404196676341,28.524999999999977,0.14608586596656198,2.0,0.0,45.0,20.229038854805726,0.41666666666666663,2.3537832310838445,9.100000000000035,4.044989775051133,4.000000000000005,5.996610404817717,2,
1959,200,0.14099934979465875,34.02499999999996,0.1460832959919482,2.0,0.0,42.0,19.952380952380953,0.2801724137931034,3.052545155993432,6.000000000000036,2.8627257799671595,2.6999999999999913,2.2593227998274563,1,
1960,200,0.140858420921045,33.62499999999999,0.14608338964684114,2.0,0.0,45.0,16.722627737226276,0.3076923076923077,0.7427007299270073,8.000000000000021,2.485036496350363,1.9999999999999936,3.1370493135266826,2,
1961,38,0.14071763290586387,2.0249999999999995,0.14607990466635656,1.0,0.0,5.0,2.227722772277228,0,0.0,1.9999999999999996,0.6841584158415839,0.6000000000000001,0.2413568627450978,4,
1962,200,0.1405769856083274,35.05000000000001,0.14606895757416005,2.0,0.0,42.0,18.46153846153846,0.11363636363636354,6.0054945054945055,6.300000000000049,2.6379120879120914,2.3999999999999986,2.8552713577605644,2,
1963,200,0.1404364788877882,37.47499999999995,0.14605765411176982,2.0,0.0,45.0,20.89855072463768,0.27419354838709675,2.428341384863124,8.400000000000023,3.591948470209343,2.699999999999993,5.401269629706505,1,
1964,200,0.14029611260373964,37.02499999999996,0.14604973331926446,2.0,0.0,44.0,19.891238670694865,0.20736434108527124,5.561933534743202,8.700000000000024,3.330966767371604,2.2499999999999956,6.687137889253266,1,
1965,200,0.14015588661581535,29.27499999999998,0.14605042885820135,2.0,0.0,41.0,18.199570815450645,0.43333333333333335,1.648068669527897,6.500000000000023,2.7291845493562255,1.9499999999999982,4.324361308742625,2,
1966,200,0.1400158007837894,29.57499999999996,0.146043249452597,2.0,0.0,46.0,18.73228346456693,0.3928571428571429,2.206692913385827,10.20000000000003,3.398228346456696,3.099999999999996,6.694136974304769,2,
1967,200,0.13987585496757585,35.32499999999997,0.1460313377567263,2.0,0.0,47.0,20.64367816091954,0.29621848739495793,3.064039408866995,9.000000000000027,3.277504105090312,2.7999999999999963,3.6360390422778464,1,
1968,200,0.13973604902722894,27.899999999999963,0.14603331665958294,2.0,0.0,44.0,19.020703933747413,0.4203296703296703,1.5113871635610765,9.20000000000002,3.4374741200828187,2.5999999999999956,6.773469445492315,2,
1969,200,0.1395963828229427,34.32499999999998,0.14601954715520554,2.0,1.0,41.0,20.009478672985782,0.2457983193277311,3.4265402843601898,6.200000000000003,3.1911532385466095,2.7999999999999963,3.164605778061745,1,
1970,200,0.13945685621505094,34.89999999999996,0.14601074811949769,2.0,0.0,45.0,19.454682779456192,0.22637795275590555,6.277945619335347,7.900000000000006,3.069033232628403,2.349999999999998,4.51951965005719,1,
1971,200,0.13931746906402698,28.524999999999977,0.1460035245108139,2.0,0.0,46.0,19.62735849056604,0.5116279069767442,0.2783018867924528,8.900000000000018,3.056839622641508,2.8999999999999955,4.440355277430134,2,
1972,200,0.13917822123048373,34.474999999999966,0.1459965369165193,2.0,0.0,43.0,20.869565217391305,0.27083333333333337,3.475040257648953,7.50000000000001,3.5745571658615205,3.299999999999998,4.1330509801888216,1,
1973,200,0.13903911257517326,26.64999999999999,0.14600329417902153,2.0,0.0,45.0,15.850943396226414,0.28645833333333337,2.9358490566037734,8.900000000000023,2.770377358490567,1.9499999999999962,6.236673003463909,3,
1974,200,0.138900142958987,25.424999999999976,0.1460039139292615,2.0,0.0,43.0,17.930648769574944,0.4722222222222222,1.1834451901565997,7.900000000000002,2.43512304250559,1.899999999999999,3.4452041960281883,2,
1975,200,0.13876131224295524,28.37499999999998,0.14601115739208886,2.0,0.0,40.0,18.272321428571427,0.45833333333333337,0.8258928571428571,6.400000000000015,2.606473214285714,2.1499999999999964,3.2688806345695,2,
1976,200,0.13862262028824732,29.95000000000001,0.14600598216480948,3.0,1.0,44.0,16.751612903225805,0.19545454545454555,4.5112903225806456,7.8000000000000425,2.6706451612903273,1.7999999999999994,4.201245996997962,3,
1977,200,0.13848406695617121,28.974999999999987,0.14600135164303796,2.0,1.0,45.0,19.19954128440367,0.49404761904761907,0.805045871559633,8.600000000000007,3.019495412844034,2.1999999999999975,5.123798258765373,2,
1978,200,0.13834565210817362,37.474999999999966,0.14600001571073504,2.0,1.0,50.0,21.259316770186334,0.25751879699248126,6.127329192546584,11.10000000000004,4.03850931677019,3.599999999999998,5.905580961336809,1,
1979,200,0.13820737560583965,27.49999999999997,0.1459986198302345,2.0,0.0,47.0,19.729306487695748,0.4825581395348837,1.2595078299776286,9.600000000000028,3.5143176733780774,2.499999999999995,7.9926761691224035,2,
1980,200,0.13806923731089282,39.19999999999997,0.14599597647292123,3.0,0.0,47.0,19.02034428794992,0.26190476190476186,2.0625978090766823,9.000000000000028,2.653677621283257,1.5999999999999988,4.77407876175551,1,
1981,200,0.13793123708519478,31.87499999999997,0.14598889414130328,3.0,0.0,48.0,20.045081967213115,0.40533980582524276,2.401639344262295,9.900000000000038,4.154098360655744,3.949999999999996,8.554568305597954,2,
1982,200,0.13779337479074535,29.924999999999976,0.14598425506751092,2.0,0.0,47.0,19.113138686131386,0.339622641509434,3.1697080291970803,9.600000000000037,3.755109489051098,3.099999999999998,7.841405114168071,2,
1983,200,0.13765565028968216,31.650000000000002,0.14598486548824807,2.0,1.0,44.0,16.744642857142857,0.29807692307692313,3.7625,7.2000000000000215,2.485357142857142,2.1999999999999984,2.470936323138799,2,
1984,200,0.13751806344428075,36.44999999999999,0.14597855512025246,3.0,0.0,42.0,18.300291545189506,0.16153846153846163,5.316326530612245,7.900000000000013,2.8120991253644347,1.899999999999998,4.81670058117917,2,
1985,200,0.13738061411695424,36.69999999999999,0.14597989999023592,2.0,1.0,39.0,18.89142091152815,0.0981481481481481,5.867292225201072,7.600000000000024,2.613270777479896,2.1999999999999966,3.3193606821020367,1,
1986,200,0.13724330217025332,28.07499999999998,0.1459769849562161,2.0,1.0,41.0,18.420581655480984,0.45731707317073167,0.5212527964205816,6.100000000000013,2.7290827740492154,2.6999999999999926,2.4184056694426714,2,
1987,200,0.13710612746686596,36.17499999999998,0.1459749992443131,2.0,0.0,44.0,17.702095808383234,0.1785714285714286,5.42814371257485,8.200000000000012,2.689820359281438,1.799999999999993,4.566643135831205,2,
1988,200,0.13696908986961753,35.07499999999996,0.14596851900786648,2.0,0.0,42.0,19.521951219512196,0.26709401709401714,2.8016260162601627,7.300000000000011,2.6889430894308948,1.9999999999999911,3.676570392148593,1,
1989,200,0.13683218924147036,35.69999999999996,0.1459664517587076,2.0,0.0,45.0,20.423510466988727,0.266260162601626,4.194847020933977,9.500000000000009,3.3069243156199692,2.5999999999999974,4.4464531168966035,1,
1990,200,0.13669542544552385,31.524999999999995,0.14596039441782288,2.0,0.0,41.0,18.062857142857144,0.36111111111111116,1.2019047619047618,5.8999999999999995,2.7950476190476192,3.299999999999996,2.4593748730154195,2,
1991,200,0.13655879834501417,33.64999999999996,0.14595739406391198,2.0,0.0,45.0,19.74331550802139,0.34009009009009006,3.073083778966132,8.900000000000018,3.546167557932266,2.699999999999995,5.715836807320829,2,
1992,200,0.13642230780331424,28.799999999999972,0.1459586410760826,2.0,0.0,41.0,17.796178343949045,0.4241573033707865,0.7070063694267515,5.699999999999996,2.578556263269637,2.4999999999999956,1.9253874864767375,2,
1993,200,0.13628595368393343,30.12499999999998,0.14595745589939155,2.0,0.0,46.0,20.290870488322717,0.44270833333333337,1.6602972399150744,9.000000000000034,4.01549893842888,3.999999999999998,5.28171565091962,2,
1994,200,0.1361497358505177,36.574999999999974,0.14594834184467018,2.0,0.0,49.0,19.812206572769952,0.27,4.538341158059468,10.200000000000028,3.1287949921752714,2.7999999999999896,5.105036246081532,1,
1995,200,0.13601365416684916,36.12499999999997,0.1459445936572258,2.0,1.0,44.0,19.305637982195847,0.18939393939393945,7.894658753709199,7.600000000000024,3.0250741839762614,3.0000000000000027,2.572270122723033,1,
1996,200,0.13587770849684613,29.399999999999988,0.14593714532649876,2.0,1.0,47.0,18.744639376218323,0.385,4.272904483430799,9.300000000000038,3.4697855750487365,2.099999999999991,8.12911797786972,2,
1997,200,0.13574189870456288,31.024999999999963,0.14593671019752813,3.0,0.0,52.0,20.86128364389234,0.4362745098039216,2.5175983436853,12.100000000000039,4.585300207039343,3.9999999999999987,11.432068944823634,2,
1998,200,0.1356062246541897,28.49999999999998,0.14593078886455194,2.0,0.0,44.0,20.27906976744186,0.4941860465116279,1.0883720930232559,7.300000000000026,3.554883720930235,3.6999999999999966,3.0440740079719406,2,
1999,200,0.13547068621005243,35.849999999999994,0.14593250647857842,2.0,1.0,48.0,19.760053619302948,0.13928571428571423,5.902144772117962,10.900000000000029,3.1344504021447728,1.8999999999999904,9.557503265859928,1,
2000,200,0.1353352832366127,22.349999999999962,0.14593350868798288,3.0,0.0,43.0,17.870813397129186,0.4966666666666667,0.06698564593301436,7.6000000000000245,3.0741626794258434,2.499999999999999,4.985437521104879,3,
2001,200,0.13520001559846748,33.524999999999956,0.1459362357134562,2.0,0.0,43.0,19.743548387096773,0.27192982456140347,4.161290322580645,7.10000000000002,2.8864516129032283,2.0000000000000036,3.7705681856612836,1,
2002,200,0.13506488316034906,30.92499999999999,0.14593681079936302,2.0,0.0,44.0,17.86703096539162,0.3131067961165048,1.9981785063752278,8.30000000000004,3.144990892531882,3.0999999999999948,4.562125746516298,2,
2003,200,0.13492988578712511,41.024999999999984,0.1459262156936073,2.0,0.0,45.0,18.230659025787965,0.17045454545454541,3.2908309455587395,8.400000000000034,2.4044412607449877,1.4999999999999947,4.791981514892194,1,
2004,200,0.1347950233437982,26.17499999999997,0.14592335638980805,2.0,0.0,44.0,20.70095693779904,0.525,0.9736842105263158,7.500000000000019,3.582296650717707,3.6999999999999975,3.13750359139897,2,
2005,200,0.13466029569550586,31.974999999999973,0.14592102644063562,2.0,0.0,53.0,20.11825726141079,0.4331683168316832,2.3132780082987554,12.80000000000004,4.171576763485482,2.9999999999999956,12.497523921437049,2,
2006,200,0.1345257027075204,35.27499999999997,0.14591834634249862,2.0,0.0,41.0,19.222560975609756,0.20454545454545459,3.847560975609756,7.300000000000016,2.8981707317073186,2.6999999999999913,3.080613568498975,1,
2007,200,0.1343912442452489,27.874999999999982,0.1459073545530084,2.0,0.0,43.0,18.553571428571427,0.4568965517241379,1.2433035714285714,7.1000000000000165,2.8234374999999994,2.299999999999997,3.7919472553972944,2,
2008,200,0.13425692017423285,29.49999999999998,0.1459066753568054,2.0,0.0,46.0,18.959821428571427,0.4691011235955056,0.38169642857142855,8.700000000000017,3.0671874999999984,2.7999999999999954,4.786915940469262,2,
2009,200,0.13412273036014816,34.574999999999974,0.14590046983484106,2.0,0.0,46.0,19.954968944099377,0.25,5.501552795031056,9.400000000000029,3.255900621118014,3.149999999999999,3.4894611740026997,1,
2010,200,0.13398867466880493,32.52499999999998,0.1458974494612934,2.0,0.0,47.0,18.273858921161825,0.42525773195876293,1.6784232365145229,9.00000000000002,2.9753112033195017,2.499999999999998,5.144329618677457,2,
2011,200,0.13385475296614763,25.824999999999967,0.1458904141964392,3.0,0.0,40.0,19.725581395348836,0.4783950617283951,1.3953488372093024,6.300000000000002,3.2311627906976756,3.6000000000000036,2.8782537493442435,2,
2012,200,0.1337209651182544,34.09999999999999,0.1458940263563056,3.0,0.0,45.0,16.754746835443036,0.2112068965517242,3.8227848101265822,9.400000000000011,2.3446202531645572,1.3999999999999995,5.0709331210271,2,
2013,200,0.13358731099133747,29.349999999999977,0.14589381070026597,2.0,0.0,44.0,16.934306569343065,0.31499999999999995,3.7208029197080292,7.600000000000033,2.585766423357667,1.6999999999999986,4.472476532036018,2,
2014,200,0.1334537904517426,35.074999999999974,0.14588791091776743,3.0,0.0,44.0,20.016949152542374,0.3017241379310345,2.922033898305085,8.000000000000014,3.6438983050847513,3.399999999999997,5.0049178251015185,2,
2015,200,0.13332040336594936,31.52499999999997,0.14588266065536298,2.0,0.0,38.0,19.879674796747967,0.25450450450450446,4.492682926829269,7.500000000000012,2.9035772357723584,2.599999999999998,2.681685350480157,1,
2016,200,0.1331871496005706,30.524999999999984,0.14587983393722442,2.0,0.0,44.0,19.558704453441294,0.38265306122448983,2.574898785425101,7.800000000000024,3.924493927125516,4.550000000000013,4.796646423668774,2,
2017,200,0.13305402902235253,39.099999999999966,0.14588163331680382,2.0,0.0,48.0,19.67080745341615,0.26574803149606296,3.107142857142857,9.700000000000026,3.0854037267080745,2.8999999999999977,4.159579586965193,2,
2018,200,0.13292104149817452,28.425000000000004,0.14588110796014292,3.0,0.0,48.0,16.838383838383837,0.3682795698924731,3.109090909090909,10.600000000000037,3.2329292929292985,1.5999999999999988,9.108831624657245,3,
2019,200,0.13278818689504915,36.29999999999999,0.14587310935238104,2.0,0.0,44.0,16.8482428115016,0.2200854700854702,3.6134185303514377,7.600000000000028,2.4164536741214055,1.8999999999999981,3.0692099521531304,2,
2020,200,0.13265546508012172,32.22499999999999,0.14587445825749173,2.0,0.0,45.0,16.489402697495184,0.36855670103092786,0.8901734104046243,8.100000000000009,2.173603082851635,1.7999999999999914,2.536942678942683,2,
2021,200,0.13252287592067044,28.199999999999964,0.14587382837654253,2.0,0.0,47.0,20.725490196078432,0.45108695652173914,2.1525054466230937,9.80000000000004,4.279956427015259,3.999999999999996,6.580588095690199,2,
2022,200,0.13239041928410605,35.24999999999997,0.14586690412150774,2.0,0.0,46.0,18.82445141065831,0.24590163934426235,5.137931034482759,8.400000000000029,3.1478056426332315,2.6999999999999957,4.567239947622266,2,
2023,200,0.13225809503797206,37.77499999999997,0.14586374599686613,2.0,0.0,41.0,18.14814814814815,0.19262295081967218,2.631111111111111,6.200000000000002,2.333481481481479,2.099999999999996,2.265995074886314,1,
2024,200,0.1321259030499441,33.37499999999997,0.1458613420463533,2.0,0.0,39.0,20.48709677419355,0.25442477876106195,4.161290322580645,7.900000000000021,3.3325806451612965,3.3999999999999977,4.259691518448314,1,
2025,200,0.13199384318783022,37.64999999999996,0.1458632120039483,2.0,0.0,46.0,19.165891472868218,0.25406504065040647,2.8434108527131783,8.400000000000034,2.790387596899226,2.2999999999999963,4.584011643559054,1,
2026,200,0.13186191531957048,33.87499999999997,0.14586249469334925,2.0,0.0,44.0,21.25040650406504,0.29201680672268904,3.3382113821138213,9.400000000000022,3.726016260162606,2.999999999999997,5.985940606624689,2,
2027,200,0.13173011931323708,35.27499999999996,0.1458614748332748,2.0,0.0,46.0,21.293460925039874,0.2698412698412699,5.71451355661882,9.600000000000017,3.8987240829346117,3.299999999999994,7.203876345617756,1,
2028,200,0.131598455037034,31.874999999999986,0.1458601171483623,2.0,1.0,44.0,18.70961145194274,0.4184210526315789,1.047034764826176,7.500000000000029,3.1333333333333346,2.8999999999999946,2.7464054867848966,2,
2029,200,0.13146692235929688,34.24999999999997,0.14585503703847408,2.0,1.0,42.0,20.169059011164276,0.2585470085470085,2.8740031897926634,8.600000000000023,3.2240829346092497,2.8999999999999893,3.7447086445127566,1,
2030,200,0.13133552114849303,38.074999999999974,0.14585358913435648,2.0,1.0,46.0,20.444991789819376,0.274,3.4696223316912973,8.600000000000012,3.1582922824302155,2.799999999999993,3.6879912640207286,1,
2031,200,0.13120425127322136,34.449999999999996,0.14584694570224233,3.0,0.0,42.0,18.32445141065831,0.23290598290598297,2.7163009404388716,6.800000000000019,2.7462382445141094,2.199999999999992,3.6325888173977083,2,
2032,200,0.13107311260221188,21.124999999999993,0.14585047347524321,3.0,0.0,48.0,16.259146341463413,0.5423076923076923,0.3170731707317073,9.600000000000037,3.42652439024391,1.4999999999999996,9.090448026175201,3,
2033,200,0.13094210500432593,39.62499999999996,0.1458538142613797,2.0,0.0,45.0,19.266153846153845,0.22637795275590555,2.5476923076923077,8.100000000000014,2.886615384615384,2.3999999999999915,3.887476207044291,1,
2034,200,0.13081122834855582,28.650000000000002,0.1458584120854918,2.0,0.0,42.0,16.80597014925373,0.32291666666666663,3.6044776119402986,7.100000000000007,2.481343283582087,2.1999999999999966,2.8995127656241926,2,
2035,200,0.13068048250402503,33.29999999999996,0.1458544085692477,2.0,0.0,43.0,20.095693779904305,0.26315789473684215,3.3444976076555024,7.100000000000006,3.180063795853272,2.8999999999999915,4.020298579597518,1,
2036,200,0.13054986733998764,39.42499999999998,0.1458497814161588,2.0,0.0,49.0,19.954113924050635,0.27362204724409445,3.9968354430379747,10.700000000000037,3.147784810126583,2.3999999999999995,5.738743637697421,1,
2037,200,0.13041938272582848,38.22499999999998,0.14584731000048087,4.0,0.0,53.0,20.835329341317365,0.24275362318840576,7.81437125748503,13.100000000000046,3.92305389221557,2.3999999999999915,14.04875149869021,1,
2038,200,0.13028902853106283,27.074999999999992,0.14584657083506164,2.0,0.0,44.0,19.5197628458498,0.37244897959183676,2.6699604743083003,9.100000000000026,3.957114624505937,3.8000000000000105,6.011405667193985,2,
2039,200,0.13015880462533663,34.499999999999986,0.14584580064857633,2.0,0.0,44.0,18.908789386401327,0.31018518518518523,1.3051409618573797,7.400000000000023,2.3344941956882237,1.6999999999999993,2.7294644232250316,2,
2040,200,0.1300287108784259,28.299999999999972,0.1458335061981523,2.0,1.0,45.0,20.482758620689655,0.42553191489361697,2.8685344827586206,7.900000000000043,4.198275862068977,4.500000000000009,4.178206089319349,2,
2041,200,0.12989874716023692,29.79999999999998,0.14583096425186653,2.0,1.0,42.0,17.271255060728745,0.37777777777777777,1.3643724696356276,6.000000000000042,2.566599190283406,1.8999999999999895,3.2296466080685504,2,
2042,200,0.1297689133408058,35.54999999999998,0.1458255371431874,2.0,0.0,43.0,20.103286384976524,0.23809523809523814,4.491392801251957,7.600000000000034,3.3034428794992228,3.2999999999999945,3.6079469043887498,1,
2043,200,0.12963920929029896,32.84999999999998,0.14582659292184202,2.0,0.0,45.0,19.73913043478261,0.2804347826086957,4.3784219001610305,8.400000000000038,3.2190016103059604,3.0000000000000027,3.436072969608994,2,
2044,200,0.12950963487901218,35.024999999999956,0.14582528887526916,2.0,0.0,41.0,20.489430894308942,0.2584745762711864,3.9365853658536585,5.90000000000002,3.2694308943089485,3.8000000000000016,2.7124385549304253,1,
2045,200,0.12938018997737108,27.999999999999975,0.14582368642205007,2.0,0.0,50.0,17.62054507337526,0.42391304347826086,1.4612159329140462,11.300000000000024,3.1656184486373165,2.4999999999999916,7.520234608487779,3,
2046,200,0.12925087445593067,31.04999999999998,0.14582072883089908,2.0,0.0,42.0,18.87029288702929,0.3936170212765957,0.7301255230125523,6.70000000000001,3.386192468619251,3.799999999999995,4.099283360250018,2,
2047,200,0.12912168818537556,35.3,0.14581970790702872,2.0,1.0,46.0,19.022346368715084,0.15740740740740744,7.290502793296089,8.500000000000027,2.843854748603352,2.1999999999999975,4.164760862568416,1,
2048,200,0.1289926310365194,30.024999999999984,0.14581250426648823,2.0,0.0,43.0,19.591397849462364,0.4222222222222223,0.8774193548387097,7.200000000000023,3.675698924731189,3.799999999999999,3.8582014947462198,2,
2049,200,0.12886370288030502,25.674999999999983,0.14581308154185624,2.0,1.0,45.0,19.962264150943398,0.5119047619047619,1.275943396226415,8.400000000000025,3.2577830188679258,2.9999999999999885,3.6146765123070814,2,
2050,200,0.12873490358780423,30.79999999999999,0.14580885229869223,2.0,0.0,45.0,18.364,0.375,1.678,8.500000000000036,3.2684000000000033,2.9999999999999893,5.105781863127491,2,
2051,200,0.12860623303021773,30.849999999999977,0.14580294234414443,2.0,0.0,44.0,18.83844580777096,0.4078947368421053,1.3496932515337423,7.400000000000015,3.355419222903888,3.2999999999999976,3.7782328537972703,2,
2052,200,0.12847769107887502,36.60000000000001,0.1457949908282079,3.0,0.0,47.0,18.447297297297297,0.12777777777777777,5.421621621621622,9.100000000000037,2.5027027027027025,1.5999999999999959,4.9401909061192955,2,
2053,200,0.12834927760523412,34.32499999999998,0.14578956312302532,2.0,0.0,44.0,18.623721881390594,0.405,0.7321063394683026,8.40000000000001,3.161554192229038,2.199999999999998,5.3601803278688696,2,
2054,200,0.1282209924808815,35.44999999999999,0.1457865247778051,2.0,0.0,41.0,18.421364985163205,0.19214876033057848,7.15727002967359,6.100000000000019,2.4945103857566764,2.0999999999999943,2.253105387705703,1,
2055,200,0.12809283557753198,28.599999999999973,0.1457810217401019,2.0,0.0,42.0,19.736961451247165,0.4709302325581395,0.5056689342403629,6.900000000000003,3.3968253968253976,3.699999999999995,3.404270464829301,2,
2056,200,0.1279648067670288,31.54999999999997,0.14577554046506502,2.0,0.0,51.0,20.21186440677966,0.4561855670103093,1.228813559322034,11.600000000000035,4.080720338983053,3.199999999999992,10.389272386133653,2,
2057,200,0.12783690592134303,39.52499999999998,0.14577312111322252,2.0,1.0,42.0,18.82934131736527,0.19921875,4.561377245508982,6.200000000000023,2.71946107784431,2.5999999999999948,2.3770816833735724,1,
2058,200,0.12770913291257383,33.59999999999999,0.14576136559807062,2.0,0.0,50.0,18.43016759776536,0.37149532710280375,1.4804469273743017,11.000000000000032,3.2510242085661085,2.499999999999998,6.398163596515604,2,
2059,200,0.12758148761294813,31.85,0.1457601286981153,2.0,0.0,39.0,18.817241379310346,0.30339805825242716,1.943103448275862,5.600000000000013,2.7777586206896574,2.5999999999999988,2.194977363190747,2,
2060,200,0.12745396989482075,24.824999999999964,0.1457561416524423,3.0,0.0,45.0,21.165137614678898,0.4969879518072289,3.2247706422018347,9.400000000000034,4.198853211009181,3.4999999999999942,7.423455167153333,2,
2061,200,0.12732657963067387,29.699999999999974,0.14575450313204813,2.0,0.0,42.0,19.81326352530541,0.32692307692307687,3.3542757417102966,8.20000000000002,3.303315881326355,2.899999999999994,3.707207974951902,2,
2062,200,0.1271993166931172,28.199999999999957,0.14575283510659445,3.0,0.0,49.0,19.959227467811157,0.45430107526881724,1.4248927038626609,11.300000000000022,3.900858369098716,2.399999999999989,13.147828049089442,2,
2063,200,0.12707218095488781,36.77499999999998,0.1457561699663712,2.0,0.0,43.0,19.66913946587537,0.18939393939393945,7.468842729970326,6.700000000000016,3.2431750741839758,3.3000000000000034,2.499699279071055,1,
2064,200,0.12694517228885002,33.99999999999996,0.14575540366141154,2.0,0.0,44.0,19.125441696113075,0.2942477876106194,2.7208480565371023,8.400000000000025,3.8630742049470057,3.8499999999999988,6.6801944405425795,2,
2065,200,0.1268182905679951,30.324999999999967,0.14575077541921572,2.0,0.0,45.0,18.811643835616437,0.30660377358490565,3.5017123287671232,10.60000000000002,3.239041095890413,1.7999999999999983,9.951244696603252,2,
2066,200,0.1266915356654413,33.825,0.14574338843177137,2.0,0.0,37.0,16.300986842105264,0.23076923076923084,3.0460526315789473,4.399999999999998,1.8825657894736805,1.7999999999999938,1.0324619991722181,2,
2067,200,0.12656490745443366,35.05000000000001,0.1457338784813929,2.0,0.0,46.0,17.790419161676645,0.18089430894308944,3.874251497005988,8.500000000000025,2.7482035928143715,1.8999999999999977,4.918316178233778,2,
2068,200,0.1264384058083441,40.124999999999986,0.1457285452356406,3.0,0.0,48.0,19.795640326975477,0.1385135135135136,6.5340599455040875,9.60000000000003,3.2298365122615817,2.699999999999995,5.006135423337169,1,
2069,200,0.12631203060067087,30.74999999999997,0.14572891780521524,2.0,0.0,45.0,19.65424430641822,0.40104166666666663,1.2836438923395446,8.70000000000002,3.9033126293995934,4.000000000000006,5.80949633071572,2,
2070,200,0.12618578170503877,28.575000000000003,0.1457245628543123,2.0,0.0,49.0,21.146997929606624,0.44791666666666663,2.6231884057971016,12.000000000000036,4.581573498964813,3.9000000000000195,10.585482236548874,2,
2071,200,0.12605965899519883,33.44999999999998,0.14572886403577381,2.0,0.0,47.0,19.355828220858896,0.4117647058823529,1.5337423312883436,9.000000000000023,3.66584867075665,3.699999999999997,5.827590163934456,2,
2072,200,0.12593366234502845,41.52499999999998,0.14572873723713092,2.0,0.0,44.0,18.80438184663537,0.2420634920634921,1.7715179968701096,8.100000000000016,2.5241001564945207,2.0999999999999965,3.0699744318181925,1,
2073,200,0.12580779162853092,32.82499999999997,0.14572659899528456,2.0,1.0,44.0,18.345890410958905,0.2678571428571429,3.904109589041096,8.700000000000026,3.434246575342471,3.2999999999999914,6.049050387767422,2,
2074,200,0.1256820467198355,33.34999999999998,0.14572069553893624,2.0,0.0,40.0,20.00656814449918,0.27752293577981646,4.70935960591133,6.200000000000034,2.8952380952380947,2.3999999999999977,2.180886324417629,1,
2075,200,0.1255564274931972,31.349999999999994,0.14571985591701966,2.0,0.0,37.0,15.8060263653484,0.3315217391304348,0.22598870056497175,4.299999999999991,1.613747645951033,1.399999999999996,0.9431853454390645,2,
2076,200,0.12543093382299692,31.099999999999977,0.14571614698066926,2.0,0.0,42.0,17.218455743879474,0.33247422680412375,2.15819209039548,7.300000000000016,2.70075329566855,2.499999999999991,3.9046083841679797,2,
2077,200,0.12530556558374092,30.59999999999998,0.145715991926001,2.0,0.0,42.0,17.973634651600754,0.351010101010101,2.062146892655367,8.70000000000001,2.9143126177024516,1.7999999999999985,5.375746417931652,2,
2078,200,0.12518032265006093,35.275,0.14571856414027973,2.0,0.0,39.0,18.445983379501385,0.11220472440944884,7.0595567867036015,6.600000000000016,2.656094182825487,2.499999999999999,2.736595534479368,2,
2079,200,0.12505520489671398,34.32499999999999,0.14572061626757657,2.0,0.0,41.0,18.39316239316239,0.30188679245283023,2.1162393162393163,6.6000000000000085,2.611965811965812,2.099999999999999,2.508171840665788,2,
2080,200,0.12493021219858241,38.14999999999998,0.14571877573455602,2.0,0.0,54.0,20.738019169329075,0.30952380952380953,3.797124600638978,13.300000000000027,3.554153354632587,2.9999999999999964,7.55684708133975,1,
2081,200,0.12480534443067345,36.69999999999995,0.14572061065757846,2.0,0.0,50.0,20.48083067092652,0.28658536585365857,4.247603833865814,10.900000000000029,3.399840255591055,3.05,4.675491138756004,1,
2082,200,0.12468060146811931,35.44999999999999,0.14572688359446012,2.0,0.0,38.0,19.421138211382114,0.25900900900900903,2.930081300813008,5.1000000000000005,2.6284552845528437,2.6999999999999957,1.513129256736756,1,
2083,200,0.12455598318617699,30.549999999999983,0.145731115974121,3.0,0.0,47.0,17.888059701492537,0.3341584158415841,1.4738805970149254,9.000000000000044,3.1574626865671678,2.3999999999999986,5.68835963034517,2,
2084,200,0.12443148946022826,32.324999999999974,0.14573689238440996,2.0,0.0,43.0,17.875,0.3891752577319587,0.8145161290322581,6.800000000000026,2.8574596774193552,2.6999999999999957,3.8938714712517672,2,
2085,200,0.12430712016577938,36.32499999999999,0.14573537042648793,2.0,0.0,41.0,16.78115015974441,0.23198198198198194,2.0638977635782747,5.399999999999997,2.065654952076675,2.0999999999999925,1.4619072153110009,2,
2086,200,0.12418287517846102,29.274999999999988,0.1457272482318473,2.0,0.0,45.0,18.91176470588235,0.4829545454545454,0.8891402714932126,7.800000000000025,2.9153846153846144,2.1999999999999944,3.7740360252453318,2,
2087,200,0.12405875437402814,41.89999999999998,0.1457183945128692,2.0,1.0,43.0,18.717037037037038,0.18560606060606055,2.180740740740741,6.800000000000018,2.6748148148148148,2.7999999999999936,2.5740972819693466,1,
2088,200,0.12393475762836002,40.02499999999999,0.14571202425362673,2.0,0.0,40.0,18.657068062827225,0.07499999999999996,5.704188481675392,6.700000000000012,2.3306282722513085,1.799999999999996,2.584275760457101,1,
2089,200,0.12381088481745986,21.42499999999999,0.1457039981524041,3.0,0.0,46.0,15.355491329479769,0.5151515151515151,0.06069364161849711,8.600000000000026,2.933526011560697,1.4999999999999993,7.304197134861996,3,
2090,200,0.12368713581745483,36.099999999999966,0.14570087487444472,2.0,0.0,48.0,19.764890282131663,0.2620967741935484,4.945141065830721,10.100000000000016,3.091379310344824,2.6999999999999895,3.6562826286166463,1,
2091,200,0.12356351050459588,29.824999999999985,0.14569305229629004,2.0,0.0,45.0,19.129979035639412,0.42553191489361697,1.2536687631027255,8.000000000000036,3.4675052410901515,3.299999999999991,4.576134014275205,2,
2092,200,0.12344000875525778,32.224999999999994,0.14568930749900202,3.0,1.0,49.0,19.018050541516246,0.35,1.931407942238267,10.80000000000004,3.5958483754512685,1.9999999999999931,11.014116123356713,2,
2093,200,0.12331663044593871,28.174999999999994,0.14568705361942644,5.0,1.0,49.0,16.201327433628318,0.4454022988505747,1.511061946902655,10.300000000000031,2.5707964601769944,1.5999999999999963,4.834967278992513,3,
2094,200,0.12319337545326038,33.59999999999998,0.1456866934037693,2.0,1.0,44.0,18.449056603773585,0.3341121495327103,1.509433962264151,7.500000000000028,3.4326415094339646,2.899999999999996,4.7815364597239824,2,
2095,200,0.12307024365396771,29.52499999999997,0.1456844913600755,2.0,1.0,47.0,19.82766439909297,0.4833333333333333,0.6530612244897959,9.400000000000022,3.474376417233561,2.999999999999997,6.609921637186365,2,
2096,200,0.122947234924929,36.02499999999998,0.14568308075248934,2.0,1.0,39.0,19.266009852216747,0.2678571428571429,2.077175697865353,4.599999999999994,2.4509031198686335,2.599999999999996,1.2357701682484878,1,
2097,200,0.12282434914313546,36.27499999999997,0.14567963855454394,2.0,0.0,45.0,19.309644670050762,0.3195652173913044,2.505922165820643,7.799999999999996,2.7585448392554963,2.199999999999993,3.1211838066880517,2,
2098,200,0.1227015861857013,31.924999999999972,0.14567782047569014,2.0,0.0,45.0,18.98095238095238,0.3787128712871287,1.7047619047619047,7.9000000000000306,3.345904761904764,3.3999999999999972,4.60322373958729,2,
2099,200,0.1225789459298635,35.17499999999995,0.1456721455512028,2.0,0.0,49.0,19.95190713101161,0.30982905982905984,2.9270315091210612,11.000000000000028,3.6011608623548943,2.9999999999999982,6.871277914677389,2,
2100,200,0.1224564282529819,35.37499999999996,0.14567302649816563,3.0,1.0,46.0,21.123519458544838,0.3226495726495726,3.065989847715736,9.400000000000032,3.846869712351951,3.500000000000005,5.256616926248329,2,
2101,200,0.12233403303253876,35.97499999999995,0.1456607263326858,2.0,0.0,44.0,20.934959349593495,0.27439024390243905,2.991869918699187,7.300000000000039,3.536747967479678,3.300000000000002,3.1287391598629606,1,
2102,200,0.12221176014613884,35.62499999999996,0.14565394454614264,2.0,0.0,44.0,21.679549114331724,0.2786885245901639,4.938808373590982,8.200000000000006,4.06054750402577,3.700000000000013,4.726813245513996,1,
2103,200,0.1220896094715092,20.89999999999998,0.14564983662364825,2.0,1.0,46.0,17.507246376811594,0.5378787878787878,0.27246376811594203,9.90000000000004,4.018550724637691,3.7999999999999985,10.631513308240441,3,
2104,200,0.12196758088649925,40.87499999999998,0.14564578730048924,2.0,0.0,42.0,19.395953757225435,0.16729323308270683,2.8092485549132946,6.900000000000015,3.105491329479775,3.3000000000000047,3.2853813303596473,1,
2105,200,0.12184567426908036,29.54999999999997,0.14564202917208735,2.0,0.0,46.0,19.409766454352443,0.44892473118279574,1.526539278131635,8.70000000000001,3.4868365180467116,3.399999999999992,3.970205553552123,2,
2106,200,0.12172388949734589,32.674999999999955,0.14564610705458264,2.0,0.0,42.0,18.978378378378377,0.32547169811320753,1.4648648648648648,6.700000000000031,3.3882882882882934,2.799999999999996,4.84155422954059,2,
2107,200,0.121602226449511,31.32499999999998,0.14564154835275125,2.0,0.0,46.0,19.392578125,0.366504854368932,2.705078125,9.500000000000037,3.9324218750000135,4.099999999999999,5.502641687933734,2,
2108,200,0.12148068500391276,35.37499999999994,0.14563789825842885,2.0,0.0,43.0,20.507621951219512,0.20703125,6.300304878048781,10.000000000000018,3.669207317073175,2.999999999999992,6.362969035751258,1,
2109,200,0.12135926503900965,36.02499999999997,0.1456262913195509,2.0,0.0,39.0,19.05294117647059,0.16532258064516125,5.194117647058824,6.300000000000001,2.887647058823529,2.900000000000002,1.8750279304237303,1,
2110,200,0.12123796643338168,32.574999999999974,0.14561747345283102,2.0,0.0,44.0,18.139359698681734,0.365,1.60075329566855,7.800000000000024,2.9199623352165758,2.7999999999999985,4.3567920981699775,2,
2111,200,0.1211167890657302,40.39999999999998,0.14561488735203398,2.0,0.0,41.0,18.343490304709142,0.13059701492537323,4.677285318559557,6.700000000000009,2.4150969529085864,1.9999999999999922,2.628101223327839,1,
2112,200,0.12099573281487792,33.474999999999994,0.14561349514849597,2.0,0.0,43.0,18.8609865470852,0.19262295081967218,4.857997010463378,7.200000000000029,3.031988041853518,2.2999999999999883,4.243201492537347,2,
2113,200,0.12087479755976856,39.425,0.14561287691177208,2.0,0.0,41.0,19.272251308900522,0.08566433566433562,6.409685863874346,6.0000000000000115,2.6997382198952886,2.1999999999999984,2.6684076444033455,1,
2114,200,0.12075398317946681,38.349999999999994,0.14560381474199047,2.0,0.0,41.0,19.283536585365855,0.19881889763779537,4.586890243902439,6.800000000000003,2.934756097560977,2.599999999999996,3.1223968303763643,1,
2115,200,0.12063328955315826,36.024999999999956,0.14559891479004738,2.0,0.0,51.0,20.334959349593497,0.31837606837606836,2.383739837398374,11.400000000000022,3.351382113821136,2.699999999999998,7.426257561656607,2,
2116,200,0.12051271656014938,37.07499999999998,0.14559116249438928,2.0,0.0,40.0,19.86829268292683,0.2586206896551724,2.899186991869919,6.500000000000019,2.896747967479674,2.699999999999998,2.178271606243936,1,
2117,200,0.12039226407986708,38.3,0.14558713625283948,2.0,1.0,45.0,19.185439560439562,0.1441605839416058,6.105769230769231,9.400000000000034,2.8942307692307687,2.0999999999999996,4.562887413369913,1,
2118,200,0.12027193199185891,31.524999999999988,0.14558852558474994,2.0,1.0,49.0,18.56969696969697,0.41145833333333337,1.5555555555555556,10.400000000000029,3.3408080808080807,3.0999999999999925,5.057345239650025,2,
2119,200,0.12015172017579269,33.925,0.1455830091419415,2.0,0.0,44.0,17.550373134328357,0.3207547169811321,4.037313432835821,7.200000000000026,2.948134328358211,2.7499999999999964,3.31739612593329,2,
2120,200,0.12003162851145673,36.57499999999993,0.145575400917026,2.0,1.0,47.0,21.65987460815047,0.26171875,3.717868338557994,9.200000000000031,4.22836990595612,3.4999999999999982,6.3687249013004,1,
2121,200,0.11991165687875927,28.375,0.14557749674853632,3.0,0.0,50.0,19.295668549905837,0.3886138613861386,2.71939736346516,12.000000000000039,3.708662900188328,1.9999999999999978,12.850629663782186,3,
2122,200,0.11979180515772868,29.549999999999986,0.14558007018378125,2.0,0.0,43.0,19.391402714932127,0.4709302325581395,0.6538461538461539,6.700000000000014,3.227601809954752,3.399999999999995,2.859524270204708,2,
2123,200,0.11967207322851317,38.79999999999997,0.14557126504234524,2.0,0.0,45.0,21.23152709359606,0.2857142857142857,2.2857142857142856,8.20000000000003,3.630213464696225,3.4000000000000012,4.331643981880951,1,
2124,200,0.11955246097138093,36.399999999999984,0.14556075948965336,2.0,0.0,44.0,20.168992248062015,0.23818897637795278,4.973643410852713,8.300000000000034,3.3922480620155095,2.5999999999999885,5.775674720689245,1,
2125,200,0.11943296826671962,40.499999999999964,0.14554597594394597,2.0,0.0,50.0,19.648567119155356,0.24242424242424243,2.5143288084464555,10.900000000000002,3.190196078431375,2.499999999999998,5.039658937866292,1,
2126,200,0.11931359499503652,38.474999999999966,0.1455369519741684,2.0,0.0,41.0,19.164615384615384,0.21370967741935476,3.170769230769231,6.500000000000002,2.8256923076923073,2.4999999999999885,2.827238904707483,1,
2127,200,0.11919434103695832,38.899999999999984,0.14552891341763521,2.0,0.0,42.0,20.096618357487923,0.25,2.526570048309179,6.400000000000019,3.1107890499194855,3.3000000000000047,1.9071188154755805,1,
2128,200,0.11907520627323114,33.199999999999974,0.145519033467078,2.0,0.0,48.0,18.089005235602095,0.31818181818181823,1.949389179755672,9.90000000000003,3.097033158813263,1.9999999999999987,7.317133902682725,2,
2129,200,0.11895619058472015,37.24999999999999,0.14552041885497008,2.0,0.0,43.0,19.872586872586872,0.08333333333333326,8.17117117117117,7.1000000000000085,2.9356499356499364,2.699999999999999,2.7873694776455746,1,
2130,200,0.11883729385240965,31.499999999999986,0.14552286890626737,3.0,0.0,46.0,20.077709611451944,0.41666666666666663,0.8936605316973415,9.000000000000037,4.0339468302658545,3.9999999999999987,6.034046671127522,2,
2131,200,0.11871851595740286,29.374999999999968,0.1455197268289674,2.0,0.0,48.0,19.88716814159292,0.4697802197802198,1.6836283185840708,10.000000000000016,3.675221238938056,3.699999999999996,5.864149229330965,2,
2132,200,0.11859985678092198,38.27499999999998,0.14550904682743568,2.0,0.0,48.0,19.392128279883384,0.19814814814814818,6.514577259475218,9.800000000000018,3.099854227405247,2.9999999999999973,3.3768438891191055,1,
2133,200,0.11848131620430775,38.74999999999996,0.14550222272646174,2.0,0.0,49.0,20.713178294573645,0.25763358778625955,3.992248062015504,10.60000000000004,3.7187596899224853,3.0999999999999903,6.314314414553061,1,
2134,200,0.11836289410901962,33.474999999999994,0.14550763170891645,2.0,0.0,44.0,18.1183970856102,0.34615384615384615,1.9872495446265939,7.400000000000015,2.5428051001821466,2.199999999999997,3.1441708692767163,2,
2135,200,0.1182445903766354,31.774999999999984,0.1455025671485613,2.0,0.0,42.0,18.020942408376964,0.28398058252427183,1.6910994764397906,7.400000000000012,3.1797556719022726,2.899999999999998,4.4554850637168055,2,
2136,200,0.11812640488885146,32.67499999999998,0.1454987159636652,2.0,1.0,45.0,16.83579335793358,0.32499999999999996,1.452029520295203,8.000000000000034,2.52638376383764,1.4999999999999927,5.3539900191651535,2,
2137,200,0.11800833752748224,21.924999999999997,0.14549833280788732,3.0,0.0,47.0,15.337349397590362,0.5346153846153846,0.37650602409638556,9.600000000000017,2.8475903614457834,1.499999999999998,7.961843535378302,3,
2138,200,0.1178903881744604,34.624999999999964,0.14549374809509755,2.0,0.0,50.0,19.838915470494417,0.2958333333333333,2.963317384370016,11.30000000000003,3.185805422647529,2.5999999999999988,6.289399839238147,2,
2139,200,0.1177725567118365,40.82499999999999,0.1454857981829515,2.0,0.0,45.0,18.17471590909091,0.17164179104477606,3.991477272727273,7.799999999999997,2.3639204545454513,2.0999999999999925,2.2420550629016494,1,
2140,200,0.11765484302177918,26.599999999999998,0.14548564818159393,3.0,0.0,50.0,16.525,0.37209302325581395,1.4295454545454545,11.300000000000045,3.831363636363644,1.6999999999999986,12.350807390534138,3,
2141,200,0.11753724698657468,34.274999999999984,0.14548066676282567,2.0,0.0,45.0,17.966037735849056,0.3557692307692307,0.3641509433962264,8.100000000000014,2.979811320754716,2.999999999999992,3.496378449193485,2,
2142,200,0.11741976848862698,40.949999999999974,0.14546988470203054,2.0,0.0,46.0,19.09004739336493,0.25806451612903225,2.132701421800948,8.500000000000036,2.639494470774092,2.099999999999989,3.455447230763116,1,
2143,200,0.11730240741045748,29.624999999999964,0.14546925987512793,2.0,0.0,48.0,19.63758389261745,0.4807692307692307,0.5190156599552572,10.000000000000021,3.444519015659957,3.399999999999994,5.059050088084583,2,
2144,200,0.11718516363470523,32.124999999999964,0.1454673610492706,2.0,0.0,45.0,19.290513833992094,0.37254901960784315,1.4960474308300395,8.300000000000024,3.81956521739131,3.899999999999998,5.876339758236213,2,
2145,200,0.11706803704412637,29.59999999999998,0.14546552483073932,3.0,1.0,45.0,18.3463687150838,0.3479381443298969,0.5698324022346368,8.600000000000014,3.170577281191806,2.7999999999999936,4.167714864340034,3,
2146,200,0.11695102752159432,38.79999999999997,0.14545405907202444,2.0,0.0,43.0,19.663446054750402,0.26694915254237284,1.7922705314009661,7.100000000000014,2.8508856682769723,2.2999999999999923,3.2117507001348646,1,
2147,200,0.11683413495009948,32.62499999999998,0.14545955578056444,3.0,0.0,48.0,18.732365145228215,0.41500000000000004,1.6887966804979253,9.600000000000025,3.3251037344398346,2.599999999999996,6.540248576335556,2,
2148,200,0.11671735921274938,34.52499999999996,0.14545818480256967,2.0,0.0,40.0,19.67464114832536,0.25,4.3221690590111645,6.500000000000012,2.9274322169059004,2.5999999999999988,2.419700199426161,1,
2149,200,0.11660070019276822,34.324999999999946,0.1454594010712902,2.0,0.0,43.0,21.53170731707317,0.2710084033613446,3.8585365853658535,8.100000000000026,3.8947967479674825,3.7000000000000166,3.5455432759423218,1,
2150,200,0.11648415777349697,29.74999999999998,0.14545591657249632,2.0,0.0,44.0,17.88679245283019,0.4388888888888889,0.49056603773584906,7.2000000000000135,2.6033542976939175,2.399999999999996,2.814214953763936,2,
2151,200,0.11636773183839315,34.124999999999986,0.14545348443088418,2.0,1.0,44.0,18.235593220338984,0.26327433628318586,3.6016949152542375,7.600000000000034,3.343898305084752,3.6999999999999984,4.610137029982887,2,
2152,200,0.11625142227103091,33.97499999999998,0.14544722399423207,2.0,0.0,48.0,18.19254658385093,0.23305084745762716,4.1397515527950315,11.000000000000032,2.975465838509317,1.7999999999999936,9.467526492820774,3,
2153,200,0.11613522895510063,35.625,0.14543852719931993,1.0,0.0,38.0,17.147403685092126,0.26415094339622647,1.7420435510887773,4.6999999999999975,2.1202680067001647,1.8999999999999937,1.3039647258198472,2,
2154,200,0.116019151774409,28.949999999999978,0.14543941935502877,2.0,0.0,45.0,20.214285714285715,0.47159090909090906,1.4352678571428572,8.900000000000011,3.8037946428571447,3.5999999999999956,5.41525811771625,2,
2155,200,0.11590319061287874,32.124999999999986,0.14543498517406772,3.0,0.0,43.0,18.53358208955224,0.3480392156862745,1.791044776119403,8.200000000000008,3.215671641791047,2.299999999999998,5.432683757113796,2,
2156,200,0.1157873453545488,29.074999999999974,0.1454421520364162,2.0,0.0,47.0,19.84862385321101,0.4915730337078652,0.9977064220183486,9.100000000000003,3.4089449541284407,3.4999999999999964,3.6922559246692486,2,
2157,200,0.11567161588357389,38.27499999999997,0.14543746430784865,2.0,1.0,41.0,19.518126888217523,0.19140625,3.6435045317220545,6.4000000000000155,3.1070996978852006,2.999999999999992,2.626707853861918,1,
2158,200,0.11555600208422448,22.57499999999998,0.1454303365794814,4.0,0.0,47.0,16.21808510638298,0.4722222222222222,0.3537234042553192,9.80000000000003,3.4805851063829834,1.999999999999999,10.324616304155667,3,
2159,200,0.11544050384088674,39.42499999999997,0.14542505744139197,2.0,1.0,45.0,19.41614906832298,0.2421875,3.5714285714285716,7.9000000000000075,2.9326086956521733,2.59999999999999,3.17866483417123,1,
2160,200,0.11532512103806251,36.94999999999997,0.14541578368436917,2.0,0.0,50.0,19.21788617886179,0.3041666666666667,2.7252032520325202,10.800000000000034,2.995284552845528,1.8999999999999901,6.712434536147941,2,
2161,200,0.11520985356036893,37.92499999999998,0.145414549294257,2.0,0.0,46.0,19.513595166163142,0.19615384615384612,4.675226586102719,10.100000000000026,3.8113293051359594,2.699999999999999,9.257883708353646,2,
2162,200,0.11509470129253851,28.6,0.14541598563355154,3.0,0.0,46.0,14.609375,0.276595744680851,2.4296875,8.700000000000017,2.3492187499999995,1.7999999999999952,3.54477853690544,3,
2163,200,0.11497966411941893,33.22499999999997,0.1454094438968312,2.0,0.0,43.0,18.963809523809523,0.3567961165048543,2.0495238095238095,7.1000000000000245,3.525333333333337,3.699999999999995,4.07363966853397,2,
2164,200,0.11486474192597308,33.299999999999976,0.1454059564376602,2.0,1.0,46.0,18.690036900369005,0.32407407407407407,1.4501845018450183,8.80000000000004,3.638929889298899,3.149999999999996,6.632436930450781,2,
2165,200,0.11474993459727875,28.47499999999997,0.14540618107249137,2.0,0.0,46.0,18.22004357298475,0.46264367816091956,0.7995642701525054,8.50000000000003,2.762309368191723,1.8999999999999928,4.894659293715626,2,
2166,200,0.11463524201852858,36.62499999999998,0.1454042002720082,2.0,0.0,46.0,20.07246376811594,0.2747933884297521,3.3864734299516908,8.900000000000016,3.0962962962963,2.3999999999999906,4.719016232755962,1,
2167,200,0.11452066407502992,25.39999999999998,0.14540117926706508,2.0,0.0,40.0,18.21330275229358,0.4807692307692307,1.4793577981651376,6.100000000000006,2.427752293577982,1.7999999999999985,2.6961476630106165,2,
2168,200,0.11440620065220493,36.574999999999974,0.14539794795381059,2.0,0.0,45.0,18.900332225913623,0.27521008403361347,2.416943521594684,8.60000000000003,3.4147840531561515,2.399999999999997,6.0295156772985266,2,
2169,200,0.11429185163559014,39.67499999999997,0.14539094917101753,2.0,0.0,48.0,19.319718309859155,0.17279411764705888,4.495774647887324,10.100000000000035,3.0390140845070412,2.1999999999999993,6.273912882191838,1,
2170,200,0.1141776169108365,33.12499999999999,0.1453926649932576,2.0,0.0,46.0,18.00530035335689,0.2954545454545454,2.943462897526502,9.100000000000042,3.2545936395759756,2.1999999999999913,6.016101918184575,2,
2171,200,0.11406349636370923,32.099999999999966,0.1453869675670136,3.0,0.0,48.0,22.29753914988814,0.4693877551020408,1.436241610738255,10.000000000000037,5.009619686800908,5.400000000000014,6.782379884689363,2,
2172,200,0.11394948988008788,31.424999999999965,0.14537999071853835,2.0,1.0,42.0,21.07881773399015,0.29587155963302747,3.870279146141215,8.40000000000002,3.538587848932686,3.0999999999999974,4.916570211389169,2,
2173,200,0.11383559734596592,36.12499999999994,0.14537218387992926,2.0,0.0,45.0,20.975609756097562,0.28781512605042014,3.0276422764227644,8.60000000000001,3.5611382113821155,3.4999999999999942,3.3926938533778963,1,
2174,200,0.11372181864745078,37.77499999999996,0.1453663705323313,2.0,0.0,43.0,19.831029185867894,0.22967479674796754,2.204301075268817,8.200000000000033,3.2324116743471634,2.699999999999994,4.102446106654119,1,
2175,200,0.11360815367076371,37.549999999999955,0.14536132197113882,2.0,0.0,44.0,21.0207336523126,0.262,2.7320574162679425,8.400000000000032,3.735087719298252,3.800000000000014,4.440406941250732,1,
2176,200,0.11349460230223983,35.12499999999995,0.1453547187174497,2.0,0.0,44.0,20.252032520325205,0.2887931034482759,1.6780487804878048,7.700000000000035,3.301626016260166,2.999999999999997,3.8345440796988353,2,
2177,200,0.11338116442832771,28.12499999999998,0.14534880102735925,3.0,0.0,41.0,18.66740088105727,0.43965517241379315,1.5594713656387664,7.400000000000009,2.9718061674008798,2.6999999999999913,3.262084370375768,2,
2178,200,0.11326783993558948,35.425,0.1453462537166404,3.0,0.0,40.0,19.746478873239436,0.232608695652174,3.508607198748044,6.100000000000016,3.089358372456969,2.900000000000005,2.7237744905956425,1,
2179,200,0.11315462871070062,33.44999999999999,0.14534149241054373,2.0,0.0,40.0,16.178966789667896,0.30000000000000004,0.7933579335793358,5.799999999999994,2.132287822878226,1.7999999999999994,1.7569524072126106,2,
2180,200,0.11304153064044985,32.175,0.14533383717182524,2.0,0.0,45.0,17.718220338983052,0.42741935483870963,0.5932203389830508,8.100000000000012,2.5387711864406746,2.1999999999999895,3.544466094809757,2,
2181,200,0.11292854561173918,36.44999999999996,0.14532198400894292,2.0,0.0,43.0,20.845410628019323,0.26652892561983466,3.6682769726247986,8.600000000000014,3.5600644122383303,3.299999999999998,6.317036666320962,1,
2182,200,0.11281567351158354,38.27499999999998,0.14531883867694195,2.0,0.0,44.0,20.5475,0.0612582781456954,9.29875,7.5000000000000435,3.0785,2.999999999999993,2.8794422491285423,0,
2183,200,0.11270291422711082,40.22499999999998,0.14531195600440633,2.0,0.0,42.0,18.959580838323355,0.20238095238095233,3.2649700598802394,6.399999999999997,2.7976047904191623,2.599999999999994,2.0781725729063805,1,
2184,200,0.11259026764556165,37.149999999999984,0.14530722483110095,2.0,0.0,40.0,18.792270531400966,0.2588495575221239,0.9436392914653784,5.399999999999998,2.3281803542673076,1.9999999999999956,1.7356837983611653,1,
2185,200,0.11247773365428958,33.07499999999997,0.14529904207536282,2.0,0.0,46.0,19.086206896551722,0.3287037037037037,1.9206896551724137,8.500000000000027,3.0881034482758634,2.7000000000000046,4.233784850727881,2,
2186,200,0.11236531214076052,30.049999999999972,0.14529393866712095,2.0,1.0,44.0,18.802547770700638,0.4347826086956522,1.6072186836518048,7.3000000000000265,3.182377919320595,3.199999999999992,2.829744680851079,2,
2187,200,0.11225300299255297,31.699999999999985,0.14529488394602416,2.0,0.0,43.0,19.568085106382977,0.4078947368421053,1.6978723404255318,7.800000000000033,3.7176595744680876,3.1999999999999913,4.931774295039845,2,
2188,200,0.11214080609735771,35.67499999999999,0.14529484684249255,2.0,0.0,47.0,17.54320987654321,0.3188073394495413,1.779541446208113,9.500000000000034,2.805467372134041,1.999999999999997,5.499863758522904,2,
2189,200,0.11202872134297796,36.94999999999995,0.1452924257148503,2.0,0.0,49.0,20.782747603833865,0.2782258064516129,3.0958466453674123,10.200000000000026,3.580990415335466,2.899999999999996,5.444588631578974,1,
2190,200,0.11191674861732888,37.59999999999998,0.14528826021871644,2.0,0.0,45.0,20.551724137931036,0.2923728813559322,1.7635467980295567,8.000000000000025,3.2223316912972106,3.1999999999999957,2.824993313201053,1,
2191,200,0.11180488780843774,31.099999999999955,0.1452866794676902,2.0,0.0,45.0,19.253333333333334,0.38366336633663367,1.9885714285714287,9.600000000000023,3.393904761904764,2.499999999999992,7.781210126839506,2,
2192,200,0.11169313880444368,41.599999999999966,0.14528329839421505,2.0,1.0,43.0,19.778337531486144,0.06418918918918926,6.128463476070529,6.900000000000007,2.69030226700252,2.299999999999997,2.5637009525169274,1,
2193,200,0.11158150149359779,30.82499999999997,0.1452878811068471,2.0,1.0,41.0,18.131531531531532,0.33762886597938147,1.445045045045045,7.300000000000008,2.6358558558558554,2.1999999999999944,3.5689061241981324,2,
2194,200,0.11146997576426268,31.924999999999976,0.1452892968337636,2.0,1.0,48.0,18.584761904761905,0.37254901960784315,2.100952380952381,9.600000000000044,3.4327619047619087,2.399999999999997,7.187257495718873,2,
2195,200,0.11135856150491262,38.32499999999996,0.14528379768507713,3.0,0.0,52.0,19.248025276461295,0.2995867768595041,1.7409162717219588,12.000000000000027,2.73428120063191,1.9999999999999898,6.216233678073746,2,
2196,200,0.1112472586041333,33.97499999999999,0.14528405257288138,2.0,0.0,47.0,18.09452736318408,0.2807017543859649,2.94195688225539,9.200000000000015,3.0190713101160873,2.5999999999999974,4.514690160832558,2,
2197,200,0.1111360669506219,44.87499999999997,0.14527984360694218,3.0,0.0,48.0,19.227752639517345,0.23134328358208944,1.2941176470588236,9.900000000000013,2.937707390648567,2.5999999999999943,4.534757398172761,1,
2198,200,0.11102498643318673,33.77499999999995,0.14526789835775455,3.0,1.0,46.0,18.502439024390245,0.28153153153153154,2.4146341463414633,8.700000000000024,2.7230894308943085,1.999999999999996,5.146212191717101,3,
2199,200,0.11091401694074722,32.97499999999996,0.14526296224750607,3.0,0.0,52.0,18.636363636363637,0.3318181818181818,2.340909090909091,12.400000000000034,3.3940559440559444,2.3999999999999977,9.805624008582415,3,
2200,200,0.11080315836233387,42.299999999999955,0.1452612109306114,2.0,0.0,46.0,19.24313186813187,0.1499999999999999,3.51510989010989,8.800000000000011,2.928846153846153,2.5999999999999917,3.8951642599857146,1,
2201,200,0.11069241058708815,18.57499999999998,0.14525803950392635,2.0,0.0,45.0,17.063758389261746,0.6008771929824561,0.7013422818791947,7.900000000000029,3.5912751677852413,3.2499999999999973,6.987519340562864,3,
2202,200,0.11058177350426224,28.274999999999977,0.1452608289372084,2.0,0.0,46.0,18.506787330316744,0.5,0.746606334841629,8.400000000000015,2.6723981900452474,2.2999999999999936,4.402835337295194,2,
2203,200,0.11047124700321906,39.02499999999996,0.14525502164918144,2.0,0.0,44.0,19.628686327077748,0.12234042553191493,5.986595174262734,9.00000000000002,3.0556300268096517,2.3999999999999995,4.713281061606643,1,
2204,200,0.11036083097343202,31.024999999999977,0.14525642383527165,2.0,1.0,43.0,19.518050541516246,0.3317307692307693,3.7220216606498195,9.400000000000013,3.7009025270758142,3.1999999999999957,5.912166463027263,2,
2205,200,0.11025052530448522,39.649999999999984,0.14525685971392582,2.0,0.0,46.0,17.498529411764707,0.1751968503937007,2.9823529411764707,8.800000000000026,2.479117647058823,1.8999999999999948,3.9554548344611677,2,
2206,200,0.1101403298860729,31.72499999999998,0.14525525759047236,2.0,0.0,45.0,20.554367201426025,0.3379629629629629,2.073083778966132,9.000000000000023,4.166488413547247,4.300000000000029,6.382854473818053,2,
2207,200,0.11003024460799965,39.474999999999966,0.14524701554690486,2.0,0.0,41.0,18.590504451038576,0.18199999999999994,2.2596439169139466,5.999999999999998,2.5959940652818947,2.49999999999999,1.9063531341147992,1,
2208,200,0.10992026936018012,41.999999999999986,0.14523859171500308,2.0,0.0,42.0,17.672155688622755,0.19444444444444442,1.967065868263473,5.999999999999992,2.0251497005987993,1.699999999999996,1.7745511100951723,1,
2209,200,0.10981040403263917,29.649999999999984,0.14523466196322848,2.0,0.0,45.0,20.681192660550458,0.4803370786516854,0.5871559633027523,8.400000000000013,3.9084862385321153,4.099999999999996,4.8691049738289065,2,
2210,200,0.10970064851551141,37.42499999999998,0.14522973210563353,2.0,0.0,42.0,18.468842729970326,0.2016129032258065,4.706231454005935,6.300000000000041,2.5229970326409514,2.0999999999999988,2.36993629409501,2,
2211,200,0.10959100269904129,27.274999999999988,0.14522291109332247,3.0,0.0,47.0,17.583969465648856,0.3170103092783505,3.200381679389313,10.100000000000033,3.7026717557251967,1.8999999999999957,11.208697805699803,3,
2212,200,0.10948146647358296,38.34999999999995,0.14521774771604495,2.0,0.0,44.0,20.14,0.21899224806201545,4.127692307692308,8.70000000000003,3.410923076923082,2.6999999999999957,5.813940601042891,1,
2213,200,0.10937203972960027,28.87499999999998,0.1452108995512693,2.0,0.0,41.0,17.941295546558706,0.3928571428571429,1.5445344129554657,6.800000000000024,2.8228744939271264,2.399999999999995,3.2901582559878935,2,
2214,200,0.10926272235766643,36.69999999999999,0.14521031850958194,3.0,0.0,42.0,17.45053003533569,0.30092592592592593,1.1130742049469964,6.900000000000006,2.667314487632506,2.0999999999999943,3.016025877542112,2,
2215,200,0.10915351424846406,35.54999999999994,0.14521046113274003,2.0,0.0,50.0,19.81935483870968,0.30000000000000004,3.879032258064516,11.500000000000034,3.257096774193549,2.29999999999999,7.928792842853445,2,
2216,200,0.10904441529278498,31.124999999999982,0.14520718056906182,2.0,1.0,48.0,20.191964285714285,0.47043010752688175,1.578125,9.90000000000002,3.806473214285718,3.8999999999999972,4.72897719515904,2,
2217,200,0.10893542538153032,39.749999999999986,0.14519933882255076,3.0,0.0,47.0,20.19264705882353,0.2058823529411764,5.326470588235294,9.400000000000022,3.571470588235298,3.0000000000000013,4.515019366391384,1,
2218,200,0.10882654440571013,37.824999999999974,0.14520420313468432,2.0,0.0,44.0,20.081117021276597,0.11879432624113484,7.753989361702128,7.900000000000015,3.2837765957446843,2.799999999999998,4.3921381849433505,1,
2219,200,0.10871777225644341,30.324999999999985,0.14520510086118946,2.0,0.0,42.0,18.546875,0.45114942528735635,0.06696428571428571,6.100000000000004,2.819419642857143,2.799999999999997,3.1165803699994585,2,
2220,200,0.10860910882495796,39.42499999999997,0.14519915878559042,2.0,0.0,46.0,19.725806451612904,0.2786885245901639,2.0129032258064514,9.400000000000016,2.875806451612902,2.1999999999999957,3.831521413947505,1,
2221,200,0.10850055400259043,36.124999999999986,0.14519279303935567,2.0,0.0,41.0,18.553977272727273,0.1428571428571428,4.146306818181818,7.400000000000005,2.8369318181818195,2.499999999999992,3.355404174611359,2,
2222,200,0.10839210768078596,36.52499999999996,0.14518082961811346,2.0,0.0,47.0,21.121510673234813,0.2943548387096774,4.476190476190476,9.600000000000007,3.5642036124794756,2.5999999999999908,6.033546052631608,1,
2223,200,0.10828376975109819,28.124999999999968,0.14517858548012968,2.0,0.0,43.0,22.113953488372093,0.4772727272727273,1.0488372093023255,7.900000000000034,4.664186046511637,5.5500000000000025,4.468788041038659,2,
2224,200,0.10817554010518914,25.174999999999983,0.1451840967035651,2.0,0.0,45.0,18.332535885167463,0.5227272727272727,0.6794258373205742,7.900000000000032,2.6837320574162704,1.8999999999999972,4.76890140393655,3,
2225,200,0.10806741863482926,39.499999999999964,0.14518101709301623,2.0,0.0,46.0,20.523961661341854,0.27419354838709675,2.511182108626198,8.400000000000036,3.4257188498402615,3.4999999999999982,3.6916323062201353,1,
2226,200,0.10795940523189702,37.24999999999997,0.14517667349398802,2.0,0.0,42.0,20.935587761674718,0.262396694214876,2.6634460547504024,7.600000000000011,3.6141706924315664,3.799999999999994,2.8606439684680165,1,
2227,200,0.10785149978837902,28.574999999999985,0.1451782317888924,2.0,0.0,45.0,20.628440366972477,0.4803370786516854,1.7339449541284404,8.100000000000032,3.8768348623853273,4.099999999999998,3.8266165338383686,2,
2228,200,0.10774370219636975,30.974999999999984,0.14517529948617283,2.0,0.0,50.0,20.226872246696036,0.48913043478260865,1.118942731277533,10.800000000000031,3.8440528634361257,3.4000000000000004,6.379896465565379,2,
2229,200,0.10763601234807169,37.074999999999974,0.1451735703840324,2.0,0.0,40.0,19.917898193760262,0.26754385964912286,2.4203612479474548,5.999999999999999,2.842036124794746,2.899999999999987,1.956858930112173,1,
2230,200,0.10752843013579495,39.74999999999997,0.14516854361935297,2.0,1.0,46.0,19.467980295566502,0.2871900826446281,1.6091954022988506,8.500000000000025,2.572085385878488,1.9999999999999911,3.9791986626402283,1,
2231,200,0.10742095545195732,33.624999999999964,0.1451699459708064,2.0,0.0,44.0,19.81500872600349,0.32272727272727275,2.31064572425829,7.80000000000004,3.6038394415357824,3.1999999999999957,4.555845556882183,2,
2232,200,0.10731358818908403,30.99999999999998,0.14516942378908068,2.0,0.0,41.0,18.73320895522388,0.3341584158415841,2.449626865671642,7.800000000000032,3.42276119402986,4.000000000000013,4.583378478567367,2,
2233,200,0.10720632823980793,35.54999999999996,0.14517298356696556,2.0,0.0,46.0,20.29519071310116,0.3152173913043478,2.48424543946932,8.500000000000028,3.1663349917081263,2.899999999999996,3.371960517920422,2,
2234,200,0.107099175496869,34.97499999999998,0.14517108038834162,2.0,0.0,48.0,18.359404096834265,0.36904761904761907,0.5251396648044693,9.600000000000039,3.1225325884543786,2.0999999999999996,6.598118515230592,2,
2235,200,0.10699212985311449,29.724999999999977,0.14516803165083372,2.0,0.0,48.0,20.61004784688995,0.5290697674418605,0.3038277511961722,9.900000000000025,3.527751196172249,3.4999999999999964,6.237686623970545,2,
2236,200,0.1068851912014987,40.349999999999966,0.14516709143338802,2.0,0.0,46.0,19.718100890207715,0.21153846153846145,3.1706231454005933,9.100000000000021,3.2725519287833866,3.0999999999999925,4.602535666721728,1,
2237,200,0.10677835943508306,42.474999999999994,0.14516899900104285,3.0,0.0,53.0,20.114690721649485,0.1241721854304636,6.936855670103093,12.80000000000004,3.090979381443299,2.099999999999987,7.57709615975428,1,
2238,200,0.10667163444703576,42.349999999999966,0.14516471163433936,2.0,0.0,50.0,19.648367952522253,0.22445255474452552,2.6602373887240356,11.200000000000028,3.2307121661721108,2.199999999999996,7.374874184139606,1,
2239,200,0.1065650161306318,36.32499999999999,0.14516097887748053,2.0,0.0,48.0,18.444444444444443,0.39622641509433965,0.8382066276803118,10.200000000000014,3.0615984405458097,2.2999999999999945,6.844496747324919,2,
2240,200,0.1064585043792528,37.19999999999999,0.14515370967598326,2.0,0.0,44.0,17.401694915254236,0.2673913043478261,1.8,7.200000000000009,2.8069491525423724,2.799999999999999,3.5177753742469884,2,
2241,200,0.1063520990863871,34.22499999999997,0.1451482103506375,2.0,0.0,48.0,20.00798403193613,0.38809523809523805,1.343313373253493,10.90000000000004,4.230738522954099,3.3999999999999986,9.721529003984141,2,
2242,200,0.10624580014562934,33.34999999999998,0.14514728589121936,2.0,0.0,45.0,18.979035639413,0.42525773195876293,0.5031446540880503,8.300000000000024,3.3253668763102735,2.299999999999999,5.924560757357365,2,
2243,200,0.1061396074506806,40.22499999999998,0.14514368212685982,2.0,0.0,40.0,17.558171745152354,0.12890625,3.473684210526316,5.100000000000003,2.003739612188362,1.6999999999999966,1.4769002058382874,2,
2244,200,0.1060335208953481,26.32499999999998,0.14514102546221863,3.0,0.0,48.0,16.55687203791469,0.42901234567901236,1.5900473933649288,10.30000000000003,3.554739336492894,2.199999999999995,9.379497032282757,3,
2245,200,0.10592754037354536,36.65,0.14513432197174145,2.0,0.0,55.0,21.861538461538462,0.27611940298507465,7.76,15.400000000000038,4.443846153846154,2.2999999999999896,20.372479579833435,1,
2246,200,0.10582166577929185,33.32499999999998,0.14513222596904568,3.0,0.0,53.0,19.19372693726937,0.37385321100917435,3.1180811808118083,12.60000000000004,3.7551660516605203,2.59999999999999,10.259261002917393,2,
2247,200,0.10571589700671291,37.824999999999946,0.14513445352687415,2.0,0.0,42.0,19.996840442338073,0.23770491803278682,2.3127962085308056,6.400000000000008,3.1835703001579763,3.0999999999999925,2.3352177255121265,1,
2248,200,0.10561023395003975,34.174999999999976,0.14513519354570958,2.0,0.0,47.0,19.512820512820515,0.4004854368932039,0.7100591715976331,9.300000000000027,3.711439842209081,4.299999999999999,6.035829494880375,2,
2249,200,0.1055046765036094,36.774999999999956,0.14513290336783574,2.0,0.0,44.0,20.826291079812208,0.254,5.18622848200313,9.200000000000024,3.7372456964006298,3.4999999999999987,4.6947118926332685,1,
2250,200,0.10539922456186433,42.27499999999997,0.1451247398839424,2.0,0.0,47.0,20.18208092485549,0.19055944055944063,3.7528901734104045,9.40000000000003,3.5771676300578084,2.4999999999999956,7.10512935850134,1,
2251,200,0.10529387801935262,38.77499999999999,0.14511586435369406,2.0,0.0,41.0,18.519390581717452,0.13721804511278202,5.213296398891967,6.100000000000007,2.5206371191135726,2.399999999999992,2.1716696880581337,1,
2252,200,0.10518863677072765,36.34999999999998,0.1451159611865371,2.0,0.0,44.0,19.645320197044335,0.2942477876106194,2.2364532019704435,7.9000000000000234,2.678489326765188,1.7999999999999985,4.751947476272687,1,
2253,200,0.10508350071074826,28.94999999999997,0.1451152793969507,2.0,0.0,44.0,20.98394495412844,0.4798850574712644,1.1972477064220184,8.500000000000016,4.090137614678904,4.199999999999996,5.387064099529215,2,
2254,200,0.10497846973427834,41.69999999999998,0.14511138044899674,2.0,0.0,41.0,19.245231607629428,0.11861313868613133,4.222070844686648,7.400000000000008,2.899591280653951,2.299999999999997,3.502935490157891,1,
2255,200,0.1048735437362869,35.54999999999999,0.14510933482190772,2.0,0.0,46.0,19.62779552715655,0.26249999999999996,3.7060702875399363,8.500000000000046,3.5781150159744515,3.9999999999999982,5.183384114832592,2,
2256,200,0.10476872261184789,18.899999999999988,0.14510688569320962,5.0,0.0,46.0,15.338926174496644,0.5862068965517241,0.10738255033557047,8.400000000000018,2.626845637583894,1.8999999999999988,4.32912671869195,3,
2257,200,0.10466400625614027,39.42499999999994,0.1451027311436564,2.0,0.0,45.0,22.265700483091788,0.25,4.199677938808374,8.600000000000032,4.412238325281813,4.500000000000029,3.642468364277588,1,
2258,200,0.10455939456444763,42.59999999999998,0.14509906283934665,2.0,1.0,47.0,19.98048780487805,0.29000000000000004,1.2390243902439024,9.000000000000012,2.964065040650403,2.499999999999996,3.0206191040230244,1,
2259,200,0.10445488743215826,39.02499999999996,0.14509370879301886,3.0,0.0,50.0,19.59776536312849,0.17647058823529416,5.012569832402234,11.300000000000024,3.309776536312849,2.6999999999999935,7.334192468619285,2,
2260,200,0.104350484754765,30.549999999999983,0.1450885034956823,2.0,0.0,45.0,19.931603773584907,0.49444444444444446,0.4009433962264151,8.100000000000017,3.239386792452831,2.599999999999997,5.61204121818942,2,
2261,200,0.10424618642786522,36.52499999999996,0.1450785051688305,2.0,0.0,43.0,20.89210950080515,0.2710084033613446,3.4879227053140096,8.100000000000028,3.5880837359098274,3.6999999999999966,3.7590625972409826,1,
2262,200,0.10414199234716055,26.099999999999987,0.1450758538120857,2.0,1.0,47.0,17.34090909090909,0.4186746987951807,0.3181818181818182,9.900000000000038,3.6827272727272775,2.899999999999996,7.409830835903143,3,
2263,200,0.10403790240845692,37.22499999999994,0.14506566535668722,2.0,0.0,47.0,21.517241379310345,0.2578125,4.492163009404389,11.400000000000013,4.1427899686520435,3.399999999999994,8.33723338811875,1,
2264,200,0.10393391650766431,39.94999999999997,0.14506023293561676,2.0,0.0,43.0,20.128455284552846,0.2620967741935484,2.0455284552845527,7.900000000000012,3.052845528455284,2.3999999999999986,3.9644861246245817,1,
2265,200,0.10383003454079692,33.549999999999976,0.14505778624391563,2.0,0.0,40.0,17.472627737226276,0.3137254901960784,0.8576642335766423,6.9000000000000075,2.6985401459854015,2.499999999999993,3.3588776668897853,2,
2266,200,0.10372625640397273,32.37499999999996,0.14505805684280967,2.0,0.0,47.0,18.83606557377049,0.3642857142857143,1.6484517304189434,9.500000000000025,3.110018214936249,2.299999999999997,6.646023689449265,2,
2267,200,0.10362258199341358,39.424999999999955,0.1450513877132319,2.0,0.0,45.0,20.276461295418642,0.2658730158730159,3.593996840442338,8.10000000000003,3.3513428120063242,2.6999999999999984,5.43922583156974,1,
2268,200,0.10351901120544502,30.44999999999999,0.14504895241937288,2.0,0.0,45.0,18.105504587155963,0.4883720930232558,0.5045871559633027,7.90000000000002,2.3630733944954123,1.399999999999998,4.667858228780362,2,
2269,200,0.10341554393649634,39.49999999999998,0.1450435895807924,2.0,0.0,45.0,20.148325358851675,0.266,2.4354066985645932,7.799999999999998,3.21164274322169,2.7999999999999954,3.005055503551014,1,
2270,200,0.1033121800831002,36.74999999999996,0.14504431127352316,2.0,0.0,45.0,19.725677830940988,0.27118644067796616,2.215311004784689,9.300000000000017,2.9580542264752787,1.999999999999996,5.962163214016846,1,
2271,200,0.10320891954189276,36.77499999999997,0.14504447050016875,2.0,0.0,48.0,20.172774869109947,0.3456521739130435,1.7609075043630018,10.60000000000002,3.519022687609077,2.6999999999999984,6.469518225676794,2,
2272,200,0.10310576220961341,38.12499999999997,0.14503503234036558,2.0,0.0,43.0,20.632621951219512,0.20736434108527124,4.714939024390244,9.20000000000002,3.7442073170731742,2.9999999999999982,5.17513090964021,1,
2273,200,0.10300270798310492,29.749999999999986,0.14503245612135063,2.0,1.0,39.0,17.540372670807454,0.3920454545454546,1.5486542443064182,4.799999999999998,2.5927536231884045,3.0999999999999988,1.934386423648021,2,
2274,200,0.102899756759313,32.09999999999997,0.1450319628057382,2.0,0.0,43.0,18.070539419087137,0.39583333333333337,0.9522821576763485,7.600000000000007,2.9280082987551874,1.899999999999998,5.02747368964762,2,
2275,200,0.1027969084352864,36.849999999999994,0.14502333934988243,2.0,0.0,46.0,18.413427561837455,0.2978260869565217,2.1819787985865724,8.50000000000005,3.474028268551246,3.099999999999995,6.042365531988002,2,
2276,200,0.10269416290817676,40.34999999999998,0.14501834595884286,2.0,1.0,41.0,19.391008174386922,0.125,3.4291553133514987,7.0000000000000036,2.9870572207084467,2.6999999999999984,3.3774818052732876,1,
2277,200,0.10259152007523863,35.324999999999946,0.14501343363720462,2.0,0.0,40.0,20.559105431309906,0.23319327731092443,4.202875399361022,7.000000000000007,3.446805111821091,3.600000000000021,2.525755023923458,1,
2278,200,0.10248897983382912,29.599999999999994,0.14501197916666972,2.0,0.0,40.0,17.545073375262053,0.4109195402298851,0.9329140461215933,5.500000000000005,2.5165618448637286,2.3999999999999937,1.6701523328996888,2,
2279,200,0.102386542081408,42.424999999999955,0.14500900480360268,2.0,0.0,41.0,19.7675,0.04530201342281881,5.22625,6.800000000000004,2.610499999999998,2.2999999999999927,1.9738428341294347,0,
2280,200,0.10228420671553744,35.27499999999998,0.14500085091440604,2.0,0.0,41.0,18.304276315789473,0.2635135135135135,2.2039473684210527,6.000000000000009,2.782565789473684,2.6999999999999895,2.0447673691984485,2,
2281,200,0.10218197363388216,26.29999999999997,0.14499420400348967,2.0,0.0,43.0,21.048837209302327,0.48563218390804597,1.5930232558139534,7.800000000000033,4.016744186046517,4.299999999999994,5.037746878025342,2,
2282,200,0.10207984273420903,39.87499999999997,0.14499226315088518,2.0,1.0,45.0,20.733333333333334,0.282520325203252,2.959349593495935,8.800000000000024,3.415772357723578,3.299999999999998,4.379193705317511,1,
2283,200,0.10197781391438715,35.52499999999998,0.14498634786873732,2.0,0.0,43.0,18.215753424657535,0.29054054054054057,2.0085616438356166,8.20000000000002,2.986301369863014,2.699999999999994,4.371469000601103,2,
2284,200,0.10187588707238764,34.44999999999999,0.14498292759942635,2.0,0.0,43.0,17.525691699604742,0.36,0.41106719367588934,6.600000000000001,2.789130434782612,2.9999999999999956,2.696750092760767,2,
2285,200,0.10177406210628372,28.799999999999972,0.14498476249237272,2.0,0.0,43.0,19.420704845814978,0.45114942528735635,0.8039647577092511,8.60000000000002,3.4237885462555058,3.0999999999999917,4.586196443732892,2,
2286,200,0.1016723389142504,26.749999999999957,0.1449837294354302,2.0,1.0,44.0,21.47846889952153,0.5119047619047619,0.3229665071770335,8.00000000000002,4.048803827751201,4.3000000000000025,4.473433262936218,2,
2287,200,0.10157071739456447,45.17499999999998,0.14497258476005165,2.0,1.0,39.0,19.3825,0.027027027027026973,4.17375,5.2,2.3794999999999997,2.3499999999999996,1.646482322628632,0,
2288,200,0.10146919744560434,34.874999999999986,0.14496850255309418,2.0,0.0,44.0,18.208904109589042,0.2777777777777778,2.0924657534246576,8.000000000000036,3.2780821917808316,2.8000000000000123,4.739601999677519,2,
2289,200,0.10136777896585017,28.724999999999966,0.14496665790840804,3.0,0.0,47.0,19.61336032388664,0.3973684210526316,1.1133603238866396,9.100000000000042,3.971862348178145,4.0000000000000195,5.193379351322597,2,
2290,200,0.1012664618538834,17.77499999999999,0.14496565290660185,5.0,0.0,48.0,20.52191235059761,0.6826923076923077,0.0,11.00000000000003,4.918725099601603,4.7,12.742760000000072,3,
2291,200,0.10116524600838693,39.974999999999966,0.1449588634548554,2.0,0.0,45.0,19.143661971830987,0.1654411764705883,4.176056338028169,8.600000000000026,2.93338028169014,1.999999999999998,5.078093013475552,1,
2292,200,0.10106413132814486,30.24999999999996,0.1449529527337616,2.0,0.0,52.0,20.963043478260868,0.48118279569892475,0.6891304347826087,12.70000000000003,4.419347826086963,3.4999999999999964,13.985974366608602,2,
2293,200,0.10096311771204257,38.324999999999974,0.1449483215314675,2.0,0.0,40.0,19.250398724082935,0.2456521739130435,1.6762360446570972,6.0,2.672886762360444,2.4999999999999942,2.0768140147738254,1,
2294,200,0.10086220505906641,39.87499999999996,0.14494325928062524,2.0,0.0,48.0,19.03295128939828,0.18333333333333335,4.030085959885387,10.500000000000028,2.885816618911174,1.9999999999999887,6.5469899200128525,1,
2295,200,0.10076139326830373,40.52499999999999,0.14493212925363153,2.0,1.0,44.0,19.846858638743456,0.10069444444444442,5.854712041884817,7.700000000000023,3.086910994764403,2.1999999999999975,4.90033445549478,2,
2296,200,0.10066068223894266,35.874999999999986,0.14492640767762152,2.0,0.0,45.0,18.568106312292358,0.2586206896551724,2.2641196013289036,9.200000000000028,3.4785714285714335,2.099999999999998,8.10163958355758,2,
2297,200,0.10056007187027226,38.57499999999997,0.1449284474743422,3.0,0.0,53.0,20.913821138211382,0.32258064516129037,3.4634146341463414,13.300000000000034,3.69869918699187,2.399999999999992,10.8381407842972,2,
2298,200,0.1004595620616821,39.37499999999997,0.14492549545405684,2.0,1.0,44.0,19.85691056910569,0.2796610169491526,1.7447154471544715,7.200000000000023,2.889918699186991,2.5999999999999917,2.861694551376976,1,
2299,200,0.1003591527126624,34.424999999999976,0.1449323915806336,2.0,0.0,48.0,19.125,0.3657407407407407,3.03125,9.700000000000033,3.7929687500000027,3.2999999999999967,5.965910819667168,2,
2300,200,0.1002588437228037,37.49999999999997,0.14493542718714153,2.0,0.0,49.0,20.49050086355786,0.344017094017094,2.400690846286701,11.100000000000035,3.6333333333333355,2.1999999999999957,8.792231177663822,2,
2301,200,0.10015863499179714,36.47499999999998,0.1449379201414512,2.0,0.0,53.0,19.794407894736842,0.282520325203252,4.307565789473684,13.400000000000041,4.215460526315795,2.599999999999998,15.36546043288086,2,
2302,200,0.10005852641943393,42.59999999999998,0.14493688713891528,2.0,1.0,44.0,20.365,0.06418918918918926,6.0075,9.200000000000017,2.9690000000000016,2.2999999999999976,4.760846438822587,0,
2303,200,0.09995851790560545,27.824999999999974,0.14493347097798867,3.0,0.0,44.0,21.192743764172334,0.4683908045977011,1.5442176870748299,7.200000000000041,4.300226757369625,4.60000000000002,3.4681583710407566,2,
2304,200,0.09985860935030318,38.94999999999997,0.14493289449449936,2.0,1.0,44.0,20.312399355877616,0.25813008130081305,2.2028985507246377,7.400000000000033,3.2402576489533015,2.999999999999989,2.9519135463126425,1,
2305,200,0.09975880065361863,42.274999999999956,0.14493095679243004,3.0,0.0,51.0,20.481191222570533,0.2805343511450382,1.4655172413793103,11.400000000000023,3.521159874608148,2.7999999999999927,6.403188680311439,1,
2306,200,0.09965909171574303,34.624999999999986,0.1449244885863983,2.0,0.0,49.0,19.602094240837697,0.35360360360360366,1.9790575916230366,10.200000000000035,3.176614310645724,2.099999999999987,6.767187507614384,2,
2307,200,0.09955948243696745,38.27499999999996,0.14491926280138145,2.0,0.0,50.0,20.47783251231527,0.3119834710743802,2.7980295566502464,11.100000000000021,3.177996715927748,2.6999999999999935,5.740680759275258,1,
2308,200,0.09945997271768262,34.549999999999976,0.14491172728403318,2.0,0.0,43.0,18.131487889273355,0.2727272727272727,2.4238754325259517,7.100000000000038,3.2991349480968912,3.399999999999996,4.404458802153989,2,
2309,200,0.09936056245837875,41.399999999999984,0.14490801279455107,3.0,1.0,42.0,18.742897727272727,0.16015625,2.5582386363636362,6.800000000000039,2.704829545454548,2.199999999999992,3.3741312107180357,1,
2310,200,0.09926125155964566,31.599999999999973,0.14490955459358218,2.0,0.0,46.0,20.60041841004184,0.4285714285714286,1.3054393305439331,8.800000000000042,4.303765690376579,5.000000000000018,6.100430929215787,2,
2311,200,0.09916203992217239,25.99999999999997,0.14490547663334513,2.0,0.0,49.0,19.933806146572103,0.5304878048780488,0.8841607565011821,10.30000000000004,3.715130023640667,1.7999999999999936,11.42442121970857,3,
2312,200,0.09906292744674731,18.499999999999986,0.1449058673191076,5.0,0.0,45.0,17.14041095890411,0.6071428571428571,0.1917808219178082,8.600000000000025,3.57979452054795,2.4999999999999973,7.585879338048203,3,
2313,200,0.0989639140342579,38.14999999999995,0.1449058647306945,3.0,0.0,51.0,21.502439024390245,0.31746031746031744,3.730081300813008,11.400000000000045,3.877235772357729,3.299999999999997,7.148378738525385,2,
2314,200,0.09886499958569081,30.949999999999996,0.14490338127457736,2.0,0.0,42.0,17.796875,0.45114942528735635,0.39732142857142855,6.399999999999995,2.369419642857137,2.09999999999999,1.9375343168761754,2,
2315,200,0.09876618400213154,28.249999999999968,0.1449028253612601,3.0,0.0,48.0,19.409871244635195,0.4642857142857143,2.199570815450644,10.100000000000032,3.5094420600858407,3.100000000000003,5.939208583730556,2,
2316,200,0.0986674671847645,33.52499999999998,0.14489473047187967,2.0,0.0,45.0,20.491803278688526,0.3545454545454545,3.262295081967213,8.40000000000002,3.9668488160291493,3.0999999999999974,5.9003777704048215,2,
2317,200,0.09856884903487283,29.849999999999977,0.14488840909645134,2.0,0.0,45.0,19.546511627906977,0.4913793103448276,0.19069767441860466,8.500000000000016,3.1237209302325595,2.7999999999999963,4.967836278184324,2,
2318,200,0.09847032945383845,38.824999999999974,0.14487601353480625,2.0,0.0,43.0,18.89835164835165,0.11742424242424243,4.416208791208791,7.900000000000034,2.9000000000000035,2.099999999999996,4.452316093157746,2,
2319,200,0.09837190834314173,27.674999999999986,0.14487522091052202,2.0,0.0,39.0,18.92688679245283,0.490506329113924,0.0,5.49999999999999,2.636556603773579,2.7999999999999954,1.3058171047142206,2,
2320,200,0.09827358560436154,27.124999999999982,0.14487217384852724,3.0,0.0,53.0,21.686046511627907,0.5397727272727273,2.1232558139534885,13.00000000000003,4.399069767441865,2.1999999999999957,18.024422198064983,2,
2321,200,0.09817536113917512,33.62499999999998,0.1448668106973492,2.0,0.0,44.0,17.898203592814372,0.3891752577319587,0.8922155688622755,8.200000000000008,2.885828343313374,1.799999999999998,4.885946374502008,2,
2322,200,0.09807723484935806,34.524999999999984,0.1448625258648687,2.0,0.0,47.0,18.644970414201183,0.38592233009708743,0.47337278106508873,9.300000000000022,3.4001972386587824,3.099999999999997,5.433886978307581,2,
2323,200,0.09797920663678401,30.749999999999982,0.14485469519176825,3.0,0.0,49.0,19.554192229038854,0.43041237113402064,1.243353783231084,10.700000000000044,3.7848670756646263,3.0999999999999956,7.3815605553697665,2,
2324,200,0.09788127640342477,33.349999999999966,0.1448520937662371,3.0,0.0,44.0,18.147704590818364,0.3762626262626263,0.7664670658682635,7.400000000000017,3.1193612774451123,2.4999999999999973,5.019824780876517,2,
2325,200,0.09778344405135005,33.39999999999998,0.14484375379784453,2.0,0.0,45.0,19.43502824858757,0.375,1.0602636534839924,8.20000000000002,3.4691148775894574,3.299999999999995,5.146747978436678,2,
2326,200,0.09768570948272756,37.399999999999956,0.14483157068769997,2.0,1.0,43.0,21.438423645320196,0.27459016393442626,2.8620689655172415,8.200000000000026,3.7543513957307075,3.1999999999999935,4.584989322692017,1,
2327,200,0.0975880725998227,31.299999999999972,0.1448287074011224,2.0,1.0,43.0,18.986183074265977,0.3131067961165048,3.1848013816925733,7.800000000000042,3.1753022452504367,2.7999999999999985,3.904980252953155,2,
2328,200,0.09749053330499859,42.32499999999998,0.14482302074496312,2.0,0.0,52.0,20.160949868073878,0.1385135135135136,4.964379947229552,12.500000000000036,3.2843007915567317,2.5999999999999983,6.180437114815995,1,
2329,200,0.09739309150071584,38.72499999999996,0.14481411905658484,2.0,1.0,44.0,21.492610837438423,0.2782258064516129,2.7389162561576357,9.300000000000011,3.7868637110016445,2.9999999999999956,4.824339624676476,1,
2330,200,0.09729574708953276,38.224999999999966,0.14481116599854232,3.0,0.0,43.0,21.43185550082102,0.262,2.9310344827586206,8.600000000000009,3.7504105090311985,3.399999999999997,4.074661885245917,1,
2331,200,0.09719849997410487,42.249999999999986,0.1448100254543264,2.0,0.0,46.0,18.50722543352601,0.1879844961240309,2.7789017341040463,8.900000000000015,2.572254335260116,1.5999999999999936,5.435513205238277,1,
2332,200,0.09710135005718508,37.99999999999997,0.1448048595809574,2.0,0.0,44.0,18.996747967479674,0.27083333333333337,2.3040650406504066,7.8000000000000105,3.1299186991869923,2.3999999999999977,5.329330343923204,2,
2333,200,0.09700429724162336,29.19999999999997,0.14479809762786927,2.0,0.0,45.0,20.025581395348837,0.49712643678160917,0.7,7.800000000000037,3.402790697674422,3.3999999999999924,4.7874134527499175,2,
2334,200,0.09690734143036704,45.92499999999997,0.14478775930150706,2.0,0.0,51.0,20.34072022160665,0.15999999999999992,4.070637119113574,11.400000000000036,3.613434903047097,3.5500000000000007,6.85524816654298,1,
2335,200,0.09681048252646021,23.87499999999998,0.14478572524892286,3.0,0.0,49.0,17.541450777202073,0.4342105263157895,1.1476683937823835,10.600000000000037,4.5158031088082975,2.499999999999999,15.421434074969051,3,
2336,200,0.09671372043304398,38.199999999999946,0.1447787893876757,2.0,1.0,43.0,19.33682634730539,0.20999999999999996,3.019461077844311,7.900000000000013,3.023952095808384,2.4999999999999947,4.667490649294214,1,
2337,200,0.09661705505335619,37.74999999999997,0.14477056382682338,2.0,1.0,43.0,21.827642276422765,0.25813008130081305,3.0211382113821137,6.600000000000047,4.072357723577245,4.200000000000001,2.7845440796988394,1,
2338,200,0.09652048629073155,28.324999999999964,0.14476585499035632,2.0,0.0,50.0,21.084862385321102,0.5113636363636364,0.8004587155963303,11.300000000000042,4.150688073394502,2.4999999999999907,11.252237618033186,2,
2339,200,0.09642401404860125,30.549999999999972,0.14476511168344386,2.0,0.0,47.0,20.22608695652174,0.45329670329670335,0.4543478260869565,9.200000000000042,3.9928260869565313,4.400000000000002,6.191129967532979,2,
2340,200,0.09632763823049303,40.849999999999994,0.14475851044795474,2.0,0.0,43.0,19.29883381924198,0.17045454545454541,3.5393586005830904,6.900000000000012,3.043877551020414,3.0999999999999956,3.2417988503915467,1,
2341,200,0.09623135874003103,39.224999999999966,0.14475764624944537,2.0,0.0,42.0,20.697262479871174,0.2666666666666667,1.8389694041867954,7.6000000000000245,3.4711755233494386,2.8999999999999972,4.115749870345425,1,
2342,200,0.09613517548093582,41.12499999999998,0.14475281689890473,2.0,1.0,48.0,19.81038961038961,0.10563380281690149,4.961038961038961,10.800000000000027,2.967402597402596,1.9999999999999944,7.311222467907734,1,
2343,200,0.09603908835702411,30.32499999999998,0.14475025560731977,3.0,0.0,51.0,20.186695278969957,0.4787234042553191,1.7746781115879828,13.000000000000034,3.921459227467815,1.4999999999999993,17.04687122101734,2,
2344,200,0.09594309727220877,39.24999999999999,0.14473953780871646,3.0,0.0,46.0,19.326589595375722,0.18609022556390986,4.452312138728324,9.300000000000027,3.2979768786127184,2.6999999999999966,6.123621411551996,2,
2345,200,0.09584720213049865,36.12499999999997,0.14473937326526737,2.0,1.0,47.0,19.86744966442953,0.3141025641025641,2.063758389261745,9.400000000000015,3.326845637583896,2.949999999999997,5.249596103768172,2,
2346,200,0.09575140283599869,38.47499999999998,0.14473832705989645,3.0,0.0,43.0,17.887755102040817,0.1706349206349207,4.553935860058309,6.700000000000013,2.5645772594752207,2.099999999999997,3.164509971419173,2,
2347,200,0.09565569929290954,37.999999999999964,0.1447327131137601,2.0,0.0,42.0,20.980295566502463,0.2710084033613446,3.019704433497537,9.10000000000001,3.47947454844007,2.8000000000000194,5.588181622088037,1,
2348,200,0.09556009140552765,36.8,0.14472758192293284,1.0,0.0,41.0,17.43106457242583,0.3060747663551402,0.8830715532286213,5.600000000000024,2.3043630017451995,1.6999999999999922,2.3483825321020557,2,
2349,200,0.0954645790782451,37.824999999999974,0.14472389790687143,2.0,0.0,47.0,21.902439024390244,0.29032258064516125,4.105691056910569,9.500000000000021,4.117235772357729,4.199999999999995,3.181695080164154,1,
2350,200,0.09536916221554961,38.124999999999964,0.14472472522391627,2.0,0.0,42.0,20.11178247734139,0.20199999999999996,3.9667673716012084,6.700000000000011,3.4632930513595217,3.800000000000025,3.2771343980394674,1,
2351,200,0.09527384072202429,34.17499999999998,0.14472595829821022,2.0,0.0,43.0,18.71594684385382,0.25442477876106195,3.5813953488372094,8.000000000000043,3.519435215946854,4.0000000000000115,5.2827099389354375,2,
2352,200,0.09517861450234763,28.04999999999997,0.1447222444945225,3.0,0.0,44.0,21.76179245283019,0.5029411764705882,0.5400943396226415,7.700000000000029,4.337500000000007,4.399999999999999,4.18269720483941,2,
2353,200,0.09508348346129337,36.54999999999997,0.14472432526936393,2.0,1.0,40.0,20.314009661835748,0.25,2.8099838969404187,7.700000000000011,3.241223832528182,3.0999999999999917,3.0874873457110383,1,
2354,200,0.09498844750373053,38.42499999999997,0.1447194927230994,2.0,0.0,44.0,20.07479674796748,0.2704918032786885,2.105691056910569,7.300000000000027,3.0206504065040667,2.4999999999999964,3.4749486018867395,1,
2355,200,0.09489350653462311,34.749999999999986,0.14471880169239204,2.0,0.0,47.0,18.501694915254237,0.3085585585585585,3.013559322033898,9.300000000000031,2.9910169491525425,2.4999999999999876,5.003916730585298,2,
2356,200,0.09479866045903014,31.074999999999978,0.144715039634397,2.0,0.0,41.0,18.687116564417177,0.40591397849462363,0.0408997955010225,6.200000000000011,3.1198364008179973,3.3999999999999964,2.930191368350628,2,
2357,200,0.09470390918210547,26.774999999999963,0.14470559487055076,2.0,0.0,48.0,21.302325581395348,0.5116279069767442,0.8674418604651163,10.600000000000032,4.177209302325585,2.499999999999999,11.140610603626925,2,
2358,200,0.09460925260909793,42.02499999999998,0.1447008603100475,2.0,0.0,40.0,19.775,0.03231292517006801,6.16875,7.900000000000022,2.6149999999999993,2.2999999999999954,2.770979329655221,0,
2359,200,0.09451469064535088,41.799999999999976,0.14469206673808097,2.0,0.0,43.0,19.12574850299401,0.20669291338582685,1.7874251497005988,6.800000000000016,2.897305389221558,2.5999999999999925,2.956496370648778,1,
2360,200,0.09442022319630235,36.07499999999997,0.14468598314369013,2.0,0.0,45.0,19.361022364217252,0.2809734513274337,2.182108626198083,8.500000000000016,2.727955271565493,1.9999999999999958,4.56851131100481,2,
2361,200,0.09432585016748485,38.59999999999998,0.1446785544108911,2.0,1.0,50.0,18.755244755244757,0.30042016806722693,1.798951048951049,10.900000000000023,3.7108391608391673,3.4999999999999973,7.390219785257837,2,
2362,200,0.0942315714645254,30.774999999999967,0.14467501413525308,2.0,0.0,47.0,21.004357298474947,0.45744680851063835,0.8823529411764706,9.20000000000003,4.4028322440087235,5.000000000000035,5.710019081070859,2,
2363,200,0.09413738699314529,36.37499999999997,0.14467253662299592,2.0,0.0,45.0,18.921140939597315,0.27118644067796616,4.00503355704698,8.500000000000004,3.628859060402687,2.9999999999999973,5.3958601973453035,2,
2364,200,0.09404329665916,39.27499999999998,0.1446652020097875,2.0,0.0,42.0,18.99838969404187,0.2627118644067796,1.7407407407407407,6.600000000000003,2.4518518518518477,2.299999999999998,1.9866563115859366,1,
2365,200,0.09394930036847918,41.499999999999964,0.14466053965985293,2.0,0.0,47.0,19.88835725677831,0.27362204724409445,2.0303030303030303,9.700000000000006,3.055661881977671,2.499999999999997,4.290772318430643,1,
2366,200,0.09385539802710659,45.64999999999997,0.14465816939270437,2.0,0.0,46.0,19.181198910081743,0.14510489510489522,2.637602179836512,8.80000000000002,2.8611716621253405,2.1999999999999984,4.131347439930973,1,
2367,200,0.09376158954113986,38.52499999999997,0.14465955642806583,2.0,0.0,48.0,20.817733990147783,0.3109756097560976,3.123152709359606,9.700000000000014,3.3819376026272567,2.599999999999996,4.610129529767063,1,
2368,200,0.09366787481677047,42.574999999999974,0.14465617527108893,2.0,0.0,46.0,19.676056338028168,0.16785714285714293,4.780281690140845,8.400000000000038,3.2528169014084507,2.899999999999992,4.536923600324569,1,
2369,200,0.09357425376028367,45.14999999999996,0.14464953105824638,2.0,1.0,41.0,20.20375,0.03618421052631571,6.05875,6.200000000000025,2.8722499999999984,2.5999999999999988,2.3966336822401444,0,
2370,200,0.09348072627805847,41.149999999999956,0.14465055273280875,4.0,1.0,49.0,20.65974025974026,0.12086092715231778,5.718181818181818,11.300000000000022,3.5050649350649357,2.299999999999998,9.11060010220971,2,
2371,200,0.09338729227656732,39.82499999999996,0.14464789864638433,2.0,0.0,44.0,18.875,0.1953125,2.8705882352941177,8.400000000000013,2.780882352941176,2.299999999999991,3.8125839372490145,1,
2372,200,0.09329395166237625,43.274999999999984,0.1446362595153144,2.0,0.0,44.0,18.57187993680885,0.242,1.3191153238546602,7.500000000000008,2.328593996840438,2.09999999999999,2.1668497184842077,1,
2373,200,0.09320070434214457,35.699999999999946,0.14463868121252008,2.0,0.0,44.0,20.373590982286636,0.2833333333333333,2.7729468599033815,8.700000000000015,3.2769726247987134,2.4999999999999982,5.471673944611592,2,
2374,200,0.09310755022262504,34.29999999999997,0.1446396277744862,2.0,0.0,47.0,17.697879858657245,0.31542056074766356,1.4540636042402826,9.000000000000037,2.9556537102473546,1.999999999999999,5.755206848652317,2,
2375,200,0.09301448921066349,22.725,0.14463991061662648,3.0,0.0,47.0,15.634730538922156,0.6038461538461538,0.38922155688622756,9.200000000000012,2.286227544910179,1.2999999999999985,5.194467661691552,3,
2376,200,0.0929215212131989,34.52499999999998,0.14463386294750658,2.0,1.0,44.0,19.048,0.36764705882352944,0.766,8.500000000000021,3.6716000000000033,3.149999999999997,5.978857355429449,2,
2377,200,0.09282864613726323,26.074999999999996,0.14462937618550192,4.0,0.0,45.0,13.278177458033573,0.36038961038961037,0.6690647482014388,7.800000000000009,2.003836930455635,1.4,3.1417779260213505,3,
2378,200,0.09273586388998147,44.199999999999974,0.14462434493189555,2.0,0.0,46.0,20.20812182741117,0.08333333333333326,3.6637055837563453,9.300000000000031,3.0180203045685277,2.1999999999999957,6.109964296239796,1,
2379,200,0.09264317437857132,37.77499999999996,0.14462227768180327,2.0,0.0,48.0,21.494308943089433,0.2909836065573771,3.143089430894309,9.800000000000026,3.8723577235772426,3.799999999999993,3.6765139176784287,1,
2380,200,0.09255057751034329,31.74999999999999,0.14461640855147978,2.0,0.0,42.0,17.009881422924902,0.3736559139784946,0.9288537549407114,6.900000000000012,2.408498023715411,1.799999999999999,2.5087320483527695,2,
2381,200,0.09245807319270043,38.59999999999995,0.14461540398612685,2.0,0.0,47.0,22.05040650406504,0.2857142857142857,3.094308943089431,9.90000000000004,4.206016260162609,4.099999999999998,4.908513367739799,1,
2382,200,0.0923656613331385,26.199999999999996,0.14461298948528184,3.0,0.0,55.0,18.6325,0.4821428571428571,0.2775,15.20000000000004,4.875250000000008,1.4499999999999984,24.57476602978782,3,
2383,200,0.09227334183924561,42.299999999999976,0.14460958064091856,2.0,0.0,44.0,19.534574468085108,0.11713286713286708,4.35904255319149,7.900000000000038,2.955851063829789,2.4999999999999964,3.614599816446634,1,
2384,200,0.09218111461870225,32.27499999999998,0.14461251481833476,3.0,0.0,51.0,20.114519427402865,0.4331683168316832,1.0593047034764826,11.60000000000004,4.121063394683031,3.099999999999986,9.592336734693951,2,
2385,200,0.09208897957928115,30.62499999999998,0.1446105984605406,2.0,0.0,49.0,21.55011655011655,0.5082417582417582,1.5174825174825175,10.400000000000036,4.300233100233107,4.099999999999998,5.681779069767487,2,
2386,200,0.09199693662884734,34.32499999999999,0.1446131565185564,2.0,0.0,40.0,17.646408839779006,0.32999999999999996,0.7624309392265194,5.7,2.6653775322283604,2.899999999999994,2.691407097894512,2,
2387,200,0.09190498567535783,37.97499999999998,0.14460684838527083,2.0,0.0,41.0,19.704113924050635,0.2333333333333334,2.2167721518987342,6.100000000000001,2.9977848101265847,3.2000000000000046,1.9272151077930022,1,
2388,200,0.09181312662686165,33.999999999999986,0.14460770307780055,2.0,0.0,44.0,18.47798742138365,0.4097938144329897,0.4549266247379455,7.500000000000026,3.1127882599580716,2.6999999999999926,3.469264705882368,2,
2389,200,0.09172135939149971,36.89999999999997,0.1446071484372467,2.0,0.0,47.0,19.425806451612903,0.2379032258064515,3.7193548387096773,11.200000000000024,3.996451612903233,3.6000000000000014,10.020948961886027,2,
2390,200,0.09162968387750484,37.29999999999999,0.14460960073110918,2.0,0.0,46.0,18.230366492146597,0.31194690265486724,0.6893542757417103,8.900000000000038,3.101221640488659,2.2999999999999954,4.877133780853329,2,
2391,200,0.09153809999320149,47.94999999999995,0.14459748841101208,2.0,1.0,47.0,20.35875,0.061320754716981174,5.58625,10.400000000000011,2.9652499999999984,2.399999999999994,4.552399550624308,0,
2392,200,0.09144660764700575,43.024999999999956,0.14459408796380935,2.0,0.0,45.0,20.246290801186944,0.19565217391304346,3.744807121661721,8.500000000000021,3.5894658753709208,2.7999999999999927,5.722883825876434,1,
2393,200,0.09135520674742525,39.724999999999966,0.14458548577455269,2.0,0.0,44.0,20.138461538461538,0.22222222222222232,1.92,7.300000000000012,3.4100000000000037,3.1999999999999895,3.40103112670092,1,
2394,200,0.09126389720305915,42.09999999999998,0.14457817449945112,3.0,0.0,42.0,19.38108108108108,0.11524822695035453,4.874324324324324,8.399999999999999,2.946216216216216,2.3999999999999924,3.1705455269275706,1,
2395,200,0.09117267892259785,41.89999999999995,0.14456819741010485,2.0,0.0,42.0,20.403963414634145,0.19318181818181812,2.1661585365853657,7.900000000000016,3.607012195121952,3.5999999999999934,3.5648981374975492,1,
2396,200,0.09108155181482308,32.44999999999999,0.14456610330781003,2.0,0.0,45.0,18.695652173913043,0.4236842105263158,0.937888198757764,8.300000000000011,3.184057971014492,2.599999999999989,4.76525282054802,2,
2397,200,0.09099051578860767,34.474999999999994,0.14456050834483353,3.0,0.0,48.0,18.713513513513515,0.3621495327102804,2.1981981981981984,9.800000000000043,2.985045045045047,1.8999999999999955,6.3077788094434855,2,
2398,200,0.09089957075291567,41.74999999999997,0.14455944849646565,2.0,0.0,42.0,19.728426395939085,0.06756756756756754,6.197969543147208,7.800000000000002,2.7302030456852795,2.0999999999999934,3.3644485242606987,1,
2399,200,0.090808716616802,33.97499999999997,0.14455412809246215,2.0,0.0,47.0,20.85207100591716,0.3915094339622641,2.258382642998028,9.900000000000041,4.599013806706125,4.600000000000019,8.00691380598183,2,
2400,200,0.09071795328941251,36.274999999999984,0.1445490385121824,2.0,0.0,44.0,18.986183074265977,0.32272727272727275,1.7253886010362693,7.600000000000034,2.891364421416235,2.3999999999999915,3.565151950841216,2,
2401,200,0.09062728067998384,43.149999999999956,0.1445476707201756,2.0,0.0,52.0,20.153034300791557,0.1479591836734695,4.100263852242744,13.60000000000002,3.279551451187337,1.6999999999999988,11.313044818409857,2,
2402,200,0.09053669869784343,36.425,0.14454339859602425,2.0,0.0,46.0,19.59515570934256,0.3008474576271186,3.2058823529411766,8.60000000000004,3.9531141868512227,4.3000000000000025,5.632991591909856,2,
2403,200,0.09044620725240926,33.949999999999974,0.14453285096009968,2.0,0.0,44.0,19.61660777385159,0.3090909090909091,1.9399293286219081,9.200000000000019,3.966961130742055,3.599999999999996,7.033471024332427,2,
2404,200,0.0903558062531899,36.77499999999997,0.1445293361942614,2.0,0.0,39.0,19.724137931034484,0.2725225225225225,0.43842364532019706,7.000000000000006,2.7257799671592786,2.299999999999994,3.217554249352917,1,
2405,200,0.09026549560978427,39.82499999999996,0.14452234649500045,2.0,0.0,44.0,19.44600938967136,0.2540322580645161,1.8748043818466353,7.600000000000042,3.0546165884194076,2.099999999999999,4.45065860109722,2,
2406,200,0.0901752752318818,31.974999999999962,0.14451418231670346,2.0,0.0,45.0,20.07909604519774,0.36904761904761907,2.5141242937853105,8.300000000000038,3.976459510357822,3.8999999999999937,5.5832886224996905,2,
2407,200,0.0900851450292621,37.89999999999997,0.14450683052257784,2.0,0.0,49.0,21.226470588235294,0.22388059701492535,5.022058823529412,10.800000000000042,4.191764705882363,4.000000000000001,9.266716926290995,2,
2408,200,0.08999510491179491,42.57499999999998,0.14450315468955496,2.0,0.0,40.0,18.678770949720672,0.13759689922480622,1.738826815642458,6.40000000000002,2.6377094972067052,1.8999999999999946,3.191405448108402,1,
2409,200,0.08990515478944011,36.27499999999998,0.1444974266157411,2.0,0.0,44.0,19.17246835443038,0.2629310344827587,2.7626582278481013,8.300000000000026,2.6787974683544302,1.6999999999999924,5.415323504154776,1,
2410,200,0.08981529457224763,44.49999999999997,0.14449137748485197,2.0,0.0,43.0,19.26975476839237,0.12412587412587417,3.3201634877384194,8.100000000000028,2.91430517711172,2.0999999999999908,4.911670963610583,1,
2411,200,0.0897255241703572,43.824999999999974,0.14448608437301855,2.0,0.0,47.0,19.72853185595568,0.16428571428571437,2.8213296398891967,9.400000000000036,3.246121883656514,2.099999999999995,5.808756491195808,1,
2412,200,0.08963584349399842,41.074999999999974,0.1444862121685577,3.0,0.0,52.0,18.941761363636363,0.1977611940298507,3.0980113636363638,12.000000000000039,2.967329545454546,1.9999999999999925,7.130424301120885,2,
2413,200,0.08954625245349057,38.57499999999996,0.14448985086510624,2.0,1.0,50.0,20.008210180623973,0.3078512396694215,2.1247947454844005,11.200000000000022,3.554351395730705,2.999999999999994,5.95826067730805,2,
2414,200,0.08945675095924267,46.399999999999956,0.14448852622963881,2.0,0.0,48.0,20.068298969072163,0.1023489932885906,4.070876288659794,10.30000000000003,3.063144329896908,2.500000000000001,4.817360999709416,1,
2415,200,0.08936733892175319,34.99999999999997,0.14448554815046605,2.0,0.0,44.0,18.781981981981982,0.34259259259259256,1.4144144144144144,8.30000000000002,3.0261261261261283,1.9999999999999991,5.26710029088645,2,
2416,200,0.08927801625161007,37.99999999999997,0.14447818318959443,2.0,0.0,43.0,20.38153846153846,0.22983870967741926,3.6107692307692307,9.000000000000021,3.555846153846159,2.5999999999999974,6.1287264821929055,1,
2417,200,0.08918878285949061,29.849999999999977,0.1444744699462703,2.0,0.0,42.0,17.677018633540374,0.4204545454545454,0.43685300207039335,7.000000000000026,2.572877846790891,1.7999999999999918,3.607250865882541,2,
2418,200,0.08909963865616147,31.749999999999964,0.14446167054129072,2.0,0.0,41.0,18.140039447731755,0.35,0.747534516765286,7.000000000000009,3.177712031558188,3.0999999999999956,3.3039934175718293,2,
2419,200,0.08901058355247843,32.44999999999997,0.14445967106550506,2.0,0.0,52.0,20.51851851851852,0.4768041237113402,1.0718954248366013,12.400000000000023,4.1113289760348595,3.2999999999999945,11.392474748433695,2,
2420,200,0.08892161745938634,40.324999999999946,0.1444581768478044,2.0,0.0,44.0,21.362519201228878,0.21564885496183206,3.3317972350230414,7.600000000000041,4.151305683563759,4.60000000000002,3.667268853232685,1,
2421,200,0.08883274028791908,41.39999999999999,0.14445156262892647,2.0,0.0,43.0,19.468599033816425,0.2581967213114754,1.789049919484702,7.00000000000002,2.7339774557165857,2.8999999999999937,2.679738149569554,1,
2422,200,0.08874395194919957,39.74999999999997,0.14444719530087113,2.0,0.0,50.0,20.204737732656515,0.33333333333333337,1.404399323181049,11.000000000000021,3.4651438240270744,2.6999999999999953,6.822425561154405,2,
2423,200,0.08865525235443938,35.99999999999997,0.14444452894749854,2.0,0.0,47.0,20.490693739424703,0.3141025641025641,2.8358714043993234,9.600000000000033,3.9392554991539814,3.2999999999999963,6.234348259276266,2,
2424,200,0.08856664141493896,38.44999999999996,0.14444454976193924,2.0,0.0,47.0,20.48440065681445,0.3012820512820513,1.4663382594417078,9.900000000000027,3.1819376026272583,2.699999999999998,4.518963438308918,1,
2425,200,0.08847811904208727,41.44999999999998,0.1444374604766525,2.0,0.0,42.0,17.96556886227545,0.19715447154471555,1.6976047904191616,7.300000000000007,2.201197604790415,1.8999999999999904,2.0537456832122096,1,
2426,200,0.08838968514736205,28.699999999999967,0.1444273369709913,2.0,0.0,41.0,20.002262443438916,0.4593023255813954,0.7669683257918553,5.900000000000029,3.594117647058833,4.200000000000013,2.6693908263079718,2,
2427,200,0.08830133964232935,35.22499999999998,0.14441780222125852,2.0,0.0,44.0,18.14364640883978,0.33018867924528306,0.583793738489871,7.6000000000000325,3.1891344383057123,2.499999999999998,4.76385758085525,2,
2428,200,0.08821308243864363,43.49999999999994,0.14440618888679524,2.0,0.0,44.0,20.972081218274113,0.06907894736842102,5.8578680203045685,8.100000000000016,3.476395939086301,3.099999999999997,4.528155724438506,1,
2429,200,0.08812491344804767,27.474999999999987,0.14440164779140394,7.0,0.0,50.0,16.81508515815085,0.441358024691358,0.559610705596107,11.600000000000037,3.8163017031630226,1.7999999999999958,12.226692280369484,3,
2430,200,0.08803683258237255,30.474999999999955,0.14439181182993327,2.0,0.0,47.0,20.498910675381264,0.44680851063829785,0.40522875816993464,9.300000000000043,4.144008714596957,3.900000000000007,6.876135086386993,2,
2431,200,0.08794883975353733,38.424999999999955,0.14438428797041364,2.0,0.0,43.0,19.79073482428115,0.2626050420168067,2.303514376996805,7.700000000000019,2.985782747603836,2.099999999999995,4.885768803827778,1,
2432,200,0.0878609348735492,34.749999999999986,0.1443847284679843,2.0,0.0,46.0,19.658869395711502,0.3642857142857143,0.834307992202729,8.500000000000043,4.100194931773887,4.599999999999998,6.361837001459195,2,
2433,200,0.08777311785450327,37.12499999999994,0.1443830419483821,2.0,0.0,41.0,20.377551020408163,0.16044776119402981,4.60932944606414,8.300000000000015,3.691107871720121,3.4000000000000092,4.732277924754866,1,
2434,200,0.08768538860858248,35.92499999999997,0.14437642380351912,2.0,1.0,46.0,19.869646182495345,0.3590909090909091,2.3165735567970205,9.300000000000018,3.929236499068907,3.599999999999995,6.925519336403522,2,
2435,200,0.08759774704805763,38.47499999999997,0.14437178530132347,2.0,0.0,46.0,20.52504317789292,0.3305084745762712,1.2089810017271156,8.800000000000026,3.6540587219343705,2.8999999999999932,4.664397267629194,2,
2436,200,0.08751019308528712,34.34999999999996,0.14436994664408387,3.0,0.0,51.0,18.99534161490683,0.25,4.029503105590062,12.90000000000002,3.378881987577639,1.9999999999999976,11.388432420702427,3,
2437,200,0.08742272663271701,33.24999999999998,0.14436558661320203,2.0,1.0,45.0,19.20703125,0.36165048543689315,1.6953125,8.000000000000028,3.8210937500000064,4.300000000000002,4.5965257130650485,2,
2438,200,0.08733534760288077,39.12499999999996,0.14435745791863908,2.0,0.0,43.0,20.36261980830671,0.26652892561983466,2.0,7.800000000000009,3.3289137380191685,3.0499999999999954,3.088389129186614,1,
2439,200,0.08724805590839944,43.42499999999998,0.14435524324185997,2.0,0.0,40.0,18.326470588235296,0.16796875,2.1044117647058824,5.500000000000002,2.451764705882349,2.3999999999999906,1.4326764547501167,1,
2440,200,0.0871608514619813,44.72499999999998,0.14435632130269246,2.0,1.0,44.0,18.230113636363637,0.16044776119402981,2.734375,7.600000000000002,2.3971590909090885,2.099999999999997,2.343064838634827,1,
2441,200,0.08707373417642188,39.224999999999966,0.14434960134207944,2.0,0.0,46.0,21.164596273291924,0.2384615384615385,3.6180124223602483,9.700000000000026,3.9816770186335457,3.599999999999996,4.708215993345189,1,
2442,200,0.08698670396460385,42.49999999999997,0.14434019059084505,2.0,0.0,43.0,18.671965317919074,0.17105263157894735,2.985549132947977,6.7,2.6710982658959543,2.0999999999999925,3.3001831421513277,1,
2443,200,0.08689976073949708,44.874999999999986,0.14433687432412792,2.0,0.0,42.0,20.0175,0.038079470198675525,5.365,7.3000000000000185,2.7605,2.4999999999999893,2.3384934038959564,0,
2444,200,0.08681290441415829,32.82499999999999,0.14433601616630853,2.0,0.0,39.0,17.126415094339624,0.33333333333333337,1.5622641509433963,4.899999999999998,2.476037735849053,2.6999999999999984,1.3201286227434017,2,
2445,200,0.08672613490173114,36.149999999999984,0.14432894913146072,2.0,0.0,47.0,19.11935483870968,0.24173553719008267,3.314516129032258,9.300000000000038,3.7951612903225898,4.000000000000001,6.316283341007701,2,
2446,200,0.0866394521154461,35.44999999999996,0.14432492155927487,2.0,0.0,44.0,22.05040650406504,0.27083333333333337,4.359349593495935,8.100000000000028,4.206016260162609,4.200000000000001,3.439046067938608,1,
2447,200,0.08655285596862042,43.19999999999999,0.14432200271484996,2.0,1.0,42.0,17.46242774566474,0.14534883720930236,2.213872832369942,6.000000000000011,2.366763005780343,2.1999999999999993,1.8420494379394547,2,
2448,200,0.08646634637465792,40.37499999999994,0.14431803060630594,2.0,0.0,44.0,21.04192546583851,0.2232824427480915,2.7748447204968945,8.000000000000009,3.9080745341614946,3.749999999999994,4.049789287135192,1,
2449,200,0.086379923247049,32.824999999999974,0.1443197252410846,3.0,1.0,46.0,18.651072124756336,0.395,1.5204678362573099,8.600000000000026,3.1855750487329435,2.7999999999999963,3.6014430325875693,2,
2450,200,0.0862935864993705,42.02499999999997,0.14431827729245247,2.0,0.0,44.0,18.554441260744987,0.17803030303030298,2.2951289398280803,7.300000000000012,2.5987106017191985,1.799999999999991,3.718759551973226,1,
2451,200,0.08620733604528572,41.27499999999998,0.14431196794093504,2.0,0.0,50.0,19.55688622754491,0.21691176470588225,3.711077844311377,10.80000000000004,3.721856287425157,3.2999999999999967,7.31423929290965,2,
2452,200,0.08612117179854416,35.97499999999997,0.14430622540741006,2.0,0.0,45.0,19.19022687609075,0.3258928571428571,1.643979057591623,7.9000000000000234,3.228970331588134,2.499999999999997,5.00605205769843,2,
2453,200,0.08603509367298158,42.37499999999997,0.14430365112652446,2.0,0.0,43.0,19.226541554959784,0.12142857142857144,3.675603217158177,6.600000000000018,2.814343163538876,2.4999999999999956,2.948016729108844,1,
2454,200,0.08594910158251981,31.474999999999984,0.14429859922823,2.0,1.0,42.0,18.285123966942148,0.3897849462365591,0.7210743801652892,7.1,3.0907024793388405,2.799999999999997,3.3945354848349036,2,
2455,200,0.08586319544116683,46.39999999999996,0.14429444287345888,2.0,0.0,46.0,20.99625,0.07679738562091498,5.75625,8.900000000000029,3.3477500000000022,2.4999999999999982,5.2890282016066,0,
2456,200,0.08577737516301644,39.84999999999998,0.14428965005294497,2.0,0.0,44.0,20.365853658536587,0.2747933884297521,2.5300813008130083,8.500000000000044,3.195284552845532,2.599999999999992,4.508070984390253,1,
2457,200,0.08569164066224835,38.22499999999998,0.14428857574549112,3.0,0.0,53.0,19.6444099378882,0.25775193798449614,3.479813664596273,12.70000000000004,3.81304347826087,2.4999999999999982,12.838649643748496,2,
2458,200,0.08560599185312803,42.79999999999999,0.14428167654090196,2.0,0.0,44.0,17.29813664596273,0.19758064516129026,0.9922360248447205,7.200000000000024,2.606521739130434,1.7999999999999965,3.8704326377084306,2,
2459,200,0.08552042865000674,35.82499999999998,0.14427753743340085,2.0,0.0,48.0,20.04560260586319,0.246,4.578175895765472,10.800000000000034,4.396579804560268,3.549999999999997,8.832829321343848,2,
2460,200,0.08543495096732123,38.79999999999996,0.14427325440274533,2.0,1.0,48.0,21.152979066022546,0.282520325203252,3.0161030595813205,10.90000000000003,3.7446054750402618,2.8999999999999977,7.963039051965622,1,
2461,200,0.08534955871959381,40.324999999999946,0.14426822545117315,2.0,0.0,43.0,20.535714285714285,0.23809523809523814,2.0760869565217392,7.600000000000026,3.604347826086959,3.2999999999999945,4.358035082643168,1,
2462,200,0.08526425182143217,34.77499999999998,0.14426425150155575,2.0,0.0,43.0,18.089005235602095,0.30092592592592593,1.5794066317626527,7.000000000000034,3.016404886561959,2.799999999999998,3.4816612046490354,2,
2463,200,0.0851790301875295,43.29999999999996,0.14426081642751343,2.0,0.0,47.0,21.327743902439025,0.21762589928057552,3.961890243902439,9.400000000000006,4.161280487804884,4.600000000000013,5.151622526636254,1,
2464,200,0.08509389373266411,36.349999999999994,0.14425288949317308,2.0,0.0,45.0,18.471760797342192,0.2630434782608696,2.5564784053156147,8.100000000000046,3.3729235880398734,3.3000000000000087,4.34002635187903,2,
2465,200,0.08500884237169956,32.72499999999998,0.1442515367807808,2.0,1.0,43.0,19.76427255985267,0.34615384615384615,1.7532228360957642,6.9000000000000234,3.831123388581962,4.300000000000002,4.254938951595444,2,
2466,200,0.08492387601958441,37.549999999999955,0.14425367836361289,2.0,0.0,51.0,19.94577352472089,0.2857142857142857,3.66347687400319,11.90000000000003,3.660446570972889,2.9999999999999982,8.790515302903936,2,
2467,200,0.08483899459135241,40.39999999999998,0.14424825385968648,2.0,0.0,44.0,18.905750798722046,0.27083333333333337,1.0511182108626198,7.199999999999997,2.6158146964856237,1.8499999999999963,3.7266124401914125,2,
2468,200,0.08475419800212207,38.62499999999998,0.14424059812666853,3.0,0.0,52.0,20.08176943699732,0.14510489510489522,8.083109919571045,12.90000000000003,3.4239946380697055,2.7999999999999936,7.003364455585255,2,
2469,200,0.08466948616709678,33.34999999999998,0.14423804386405759,2.0,0.0,46.0,18.380414312617702,0.3701923076923077,1.5725047080979284,8.500000000000046,3.0645951035781605,1.7999999999999945,6.4923665058874205,2,
2470,200,0.08458485900156469,38.449999999999974,0.1442327840375786,2.0,0.0,43.0,20.56910569105691,0.262396694214876,2.71869918699187,6.600000000000008,3.317235772357723,3.199999999999992,2.2180502559330026,1,
2471,200,0.08450031642089868,41.12499999999997,0.1442250599814351,2.0,0.0,44.0,19.873846153846152,0.22286821705426352,3.227692307692308,8.20000000000001,3.251230769230773,2.499999999999999,4.471555222615943,1,
2472,200,0.08441585834055614,20.299999999999994,0.14421899066297036,6.0,0.0,51.0,19.652985074626866,0.6379310344827587,0.1791044776119403,11.900000000000027,4.7891791044776175,3.649999999999997,14.503256477730037,3,
2473,200,0.08433148467607897,31.699999999999967,0.1442118349574353,2.0,0.0,42.0,19.164,0.37755102040816324,1.524,6.70000000000004,3.633200000000011,4.100000000000015,3.355111180444759,2,
2474,200,0.08424719534309347,36.499999999999964,0.14420662367366896,3.0,0.0,50.0,20.750402576489535,0.3046218487394958,1.922705314009662,11.200000000000037,3.5030595813204513,2.099999999999993,10.280065605227746,1,
2475,200,0.08416299025731036,35.62499999999997,0.1442027509154521,2.0,0.0,42.0,19.929276315789473,0.27192982456140347,2.3684210526315788,7.700000000000012,3.633223684210532,3.6999999999999984,3.984301701820337,2,
2476,200,0.08407886933452453,41.52499999999997,0.14419954412139954,2.0,0.0,43.0,19.78099838969404,0.26639344262295084,0.9114331723027376,6.799999999999996,2.9214170692431547,2.8999999999999972,2.4310935068976263,1,
2477,200,0.08399483249061504,41.74999999999996,0.14419985187243178,2.0,0.0,50.0,20.556300268096514,0.14655172413793105,4.8324396782841825,10.900000000000041,3.6121983914209115,2.399999999999995,7.176392244593644,1,
2478,200,0.083910879641545,29.274999999999984,0.1442026510052523,2.0,0.0,44.0,20.984,0.3787128712871287,4.292,8.80000000000003,4.775600000000017,5.400000000000017,6.236349585398396,2,
2479,200,0.08382701070336164,36.475,0.1442013572596697,3.0,0.0,42.0,17.45357142857143,0.2827102803738317,2.357142857142857,6.600000000000006,2.9300000000000055,2.549999999999997,3.68489746459654,2,
2480,200,0.08374322559219596,40.14999999999996,0.14419542960659537,2.0,0.0,50.0,20.48111658456486,0.30691056910569103,1.8604269293924467,11.100000000000025,3.1799671592775005,2.399999999999998,5.837709663503049,1,
2481,200,0.08365952422426286,30.699999999999946,0.1441929936467435,2.0,0.0,50.0,19.933333333333334,0.3443396226415094,3.3225225225225223,12.000000000000025,4.294234234234245,3.399999999999998,13.221955626834328,2,
2482,200,0.0835759065158609,43.07499999999996,0.14418224414526393,2.0,0.0,46.0,21.917057902973397,0.23880597014925375,2.8810641627543037,8.500000000000036,4.391705790297348,4.799999999999997,3.7284379898119453,1,
2483,200,0.08349237238337248,36.675,0.14417199266620417,2.0,0.0,44.0,16.43126177024482,0.33333333333333337,1.07909604519774,7.400000000000014,2.254425612052728,1.7999999999999958,2.6852771315080184,2,
2484,200,0.08340892174326339,31.874999999999986,0.14416832632351817,2.0,0.0,42.0,18.700197238658777,0.37371134020618557,0.5029585798816568,7.000000000000016,3.3777120315581928,3.9999999999999933,3.9166979708070384,2,
2485,200,0.083325554512083,41.949999999999996,0.14416247005005844,2.0,0.0,48.0,18.31366459627329,0.226923076923077,2.781055900621118,9.900000000000032,3.1655279503105618,1.8999999999999997,6.185255162935408,2,
2486,200,0.08324227060646401,38.39999999999999,0.144157979928702,2.0,0.0,48.0,18.29153605015674,0.22580645161290325,3.909090909090909,9.90000000000004,3.2230407523511015,2.3999999999999977,5.677084951712763,2,
2487,200,0.08315906994312262,33.074999999999974,0.14415627490519495,2.0,0.0,46.0,18.585774058577407,0.4097938144329897,0.5648535564853556,9.400000000000018,3.215481171548116,2.4999999999999947,6.302507582621046,2,
2488,200,0.0830759524388581,39.52499999999999,0.14414758334579036,2.0,0.0,46.0,19.767479674796746,0.28781512605042014,2.513821138211382,8.600000000000005,2.836260162601623,2.5999999999999948,2.290317272304246,1,
2489,200,0.08299291801055293,43.97499999999997,0.1441496846245159,2.0,1.0,41.0,20.4425,0.04194630872483218,5.88875,7.500000000000014,3.015500000000001,2.5999999999999934,3.4216150962736203,0,
2490,200,0.08290996657517266,38.57499999999995,0.14414257331328229,2.0,1.0,42.0,20.285024154589372,0.2666666666666667,1.996779388083736,7.300000000000024,3.2238325281803535,2.4999999999999982,4.026205735919536,1,
2491,200,0.08282709804976592,41.49999999999997,0.1441386825606838,2.0,0.0,43.0,19.484552845528455,0.2838983050847458,0.3008130081300813,7.500000000000009,2.666504065040647,2.099999999999997,3.4273748889547058,1,
2492,200,0.08274431235146412,38.724999999999966,0.14413286962180233,2.0,0.0,42.0,19.9597423510467,0.2710084033613446,2.1143317230273753,6.900000000000022,3.0286634460547517,2.7999999999999985,3.3214736541852687,1,
2493,200,0.08266160939748157,34.299999999999976,0.14412729363392768,2.0,0.0,44.0,20.026262626262625,0.405,0.33535353535353535,8.300000000000024,3.9298989898989958,3.5999999999999974,6.441394965391188,2,
2494,200,0.08257898910511527,39.324999999999974,0.14412320299316855,2.0,0.0,51.0,20.268092105263158,0.265625,2.8108552631578947,12.200000000000033,4.5470394736842215,4.599999999999998,11.31406789427135,2,
2495,200,0.08249645139174498,45.699999999999946,0.14412028319366538,2.0,1.0,51.0,20.94875,0.08881578947368429,5.4425,13.000000000000036,3.31925,2.0999999999999925,10.151995299992723,0,
2496,200,0.08241399617483297,35.79999999999998,0.1441204362226103,2.0,0.0,44.0,19.325,0.3169642857142857,1.3053571428571429,8.500000000000025,3.7442857142857204,3.1999999999999966,6.226487201808724,2,
2497,200,0.08233162337192401,32.54999999999998,0.1441190991495246,2.0,0.0,43.0,16.764478764478763,0.359375,1.196911196911197,7.000000000000004,2.3295366795366763,1.999999999999992,2.930393331917135,2,
2498,200,0.08224933290064523,39.824999999999974,0.14411436629813262,2.0,0.0,45.0,19.6269592476489,0.25806451612903225,1.8777429467084639,7.800000000000033,3.008620689655174,2.299999999999997,4.146064396144911,1,
2499,200,0.08216712467870625,23.900000000000002,0.1441107886084903,2.0,0.0,41.0,14.54320987654321,0.4823943661971831,0.0345679012345679,5.9,1.7209876543209846,1.299999999999994,1.7424590303857967,3,
2500,200,0.0820849986238988,40.24999999999997,0.1441049915806822,2.0,0.0,46.0,20.889415481832543,0.2698412698412699,1.8325434439178514,8.80000000000003,3.719115323854662,2.8999999999999977,6.64800822585158,1,
2501,200,0.08200295465409681,40.8,0.14410685381160837,2.0,0.0,46.0,19.828418230563003,0.12062937062937062,5.71313672922252,8.600000000000042,3.175469168900808,2.3999999999999932,5.4162042173167375,1,
2502,200,0.08192099268725626,33.97499999999996,0.14410680517836238,2.0,0.0,46.0,20.019083969465647,0.366822429906542,0.6927480916030534,10.700000000000028,4.146946564885503,3.5999999999999983,8.558781389420066,2,
2503,200,0.08183911264141527,34.59999999999998,0.1441024692357039,2.0,0.0,44.0,18.210526315789473,0.241304347826087,4.542763157894737,8.200000000000022,3.294736842105267,2.499999999999999,5.716698290064236,2,
2504,200,0.08175731443469375,33.74999999999996,0.14409627336938535,4.0,0.0,58.0,20.921752738654146,0.2618110236220472,5.477308294209703,18.3,4.846165884194051,2.3999999999999972,29.096453271943552,3,
2505,200,0.08167559798529346,37.59999999999995,0.14409856003167576,2.0,0.0,49.0,21.582922824302134,0.3125,2.6699507389162562,11.700000000000028,3.84105090311987,2.9999999999999956,7.586972389991434,1,
2506,200,0.08159396321149794,33.474999999999966,0.14409924503555932,3.0,1.0,48.0,21.444444444444443,0.3326086956521739,3.417094017094017,11.500000000000037,4.289914529914532,3.1999999999999944,11.012528753097468,2,
2507,200,0.08151241003167246,40.249999999999986,0.14409246153679456,2.0,1.0,42.0,19.44334975369458,0.2804347826086957,0.46469622331691296,6.000000000000008,2.5573070607553308,2.499999999999994,1.2165713977566892,1,
2508,200,0.08143093836426381,40.37499999999998,0.14408990469116983,2.0,0.0,50.0,20.417582417582416,0.16958041958041958,5.899725274725275,11.800000000000036,3.6879120879120917,2.8,7.701022259204599,2,
2509,200,0.0813495481278003,32.324999999999974,0.14408786721631744,2.0,0.0,47.0,21.172043010752688,0.44387755102040816,1.5741935483870968,9.200000000000042,4.558279569892483,5.500000000000004,7.103324515317506,2,
2510,200,0.08126823924089167,27.74999999999997,0.14408240879914677,2.0,1.0,42.0,20.548837209302327,0.4849397590361446,0.8930232558139535,7.800000000000018,3.725116279069771,3.4999999999999947,4.2714852973785895,2,
2511,200,0.08118701162222909,38.849999999999966,0.1440803530868672,2.0,0.0,46.0,19.318862275449103,0.2142857142857142,2.6317365269461077,9.200000000000035,3.01317365269461,1.999999999999998,6.462685249303646,1,
2512,200,0.0811058651905849,18.374999999999968,0.144079463093802,4.0,0.0,38.0,16.11173184357542,0.5333333333333333,0.11173184357541899,6.9,2.7882681564245853,1.8999999999999988,4.4576066415424345,3,
2513,200,0.08102479986481265,32.54999999999998,0.1440738528489529,2.0,0.0,49.0,20.5828677839851,0.38551401869158874,3.2942271880819365,10.400000000000043,4.118063314711365,4.099999999999998,5.792785052433058,2,
2514,200,0.08094381556384699,36.69999999999997,0.14407127866300656,2.0,0.0,50.0,19.813356164383563,0.3172268907563025,2.655821917808219,11.700000000000037,3.9448630136986376,2.799999999999997,9.372055885414442,2,
2515,200,0.08086291220670366,37.10000000000001,0.14406983721545732,3.0,0.0,48.0,18.938325991189426,0.18410852713178305,5.126284875183553,11.100000000000017,3.3345080763582966,1.9999999999999991,10.176701914783546,2,
2516,200,0.08078208971247929,41.77499999999996,0.14406488502363796,2.0,0.0,42.0,19.817307692307693,0.13129496402877705,4.483516483516484,7.800000000000031,3.2733516483516527,2.649999999999994,4.4268256906353995,1,
2517,200,0.08070134800035135,43.74999999999998,0.14406127675601194,2.0,1.0,46.0,20.346273291925467,0.23496240601503748,1.9270186335403727,8.50000000000004,3.490683229813671,3.500000000000003,4.0684633802307815,1,
2518,200,0.08062068698957811,42.89999999999998,0.1440588123902018,2.0,0.0,46.0,20.26923076923077,0.2267441860465116,3.3415384615384616,8.50000000000002,3.488461538461541,3.4999999999999964,3.5908445937150253,1,
2519,200,0.08054010659949862,28.649999999999977,0.1440569837285911,2.0,1.0,47.0,21.862385321100916,0.4915730337078652,1.8623853211009174,9.500000000000016,4.617201834862391,4.300000000000009,8.395734501170521,2,
2520,200,0.08045960674953244,38.749999999999986,0.14405283031165633,3.0,0.0,50.0,21.624615384615385,0.2574626865671642,4.71076923076923,11.200000000000044,4.301692307692316,3.649999999999998,8.921695175609962,1,
2521,200,0.0803791873591797,39.37499999999999,0.14404977344643674,2.0,1.0,44.0,18.066473988439306,0.17460317460317465,3.735549132947977,7.900000000000032,2.541907514450867,2.0999999999999974,3.086487199888096,2,
2522,200,0.08029884834802099,37.92499999999998,0.14404869828775696,2.0,1.0,46.0,19.807210031347964,0.25,3.59717868338558,9.200000000000044,3.6358934169279062,3.1999999999999966,6.649809504155639,2,
2523,200,0.08021858963571736,35.449999999999974,0.14405075718440127,2.0,0.0,46.0,19.727272727272727,0.2801724137931034,2.0034965034965033,10.500000000000025,4.300349650349663,5.000000000000003,8.53894205994817,2,
2524,200,0.08013841114201005,43.27499999999995,0.14404559761591249,2.0,0.0,52.0,21.024844720496894,0.26119402985074625,2.313664596273292,12.100000000000042,3.8978260869565253,3.4999999999999973,7.243273608448824,1,
2525,200,0.08005831278672054,38.99999999999997,0.14404657597001924,2.0,0.0,42.0,20.223076923076924,0.20999999999999996,3.0153846153846153,7.100000000000024,3.460769230769237,3.699999999999989,3.5335000792901625,1,
2526,200,0.07997829448975048,37.94999999999996,0.14405079962134773,2.0,0.0,47.0,20.112759643916913,0.21183206106870234,4.70919881305638,9.000000000000034,3.509347181008903,2.899999999999995,4.788958780474414,1,
2527,200,0.0798983561710816,37.274999999999984,0.14404753830351422,2.0,0.0,43.0,18.90846286701209,0.3136363636363636,1.6493955094991364,7.300000000000028,2.992918825561315,2.5999999999999903,3.9713088533588183,2,
2528,200,0.07981849775077554,46.12499999999996,0.14404134644557598,2.0,1.0,44.0,19.86828644501279,0.07653061224489788,3.764705882352941,8.10000000000002,2.8804347826086976,2.399999999999997,3.2090725778098537,1,
2529,200,0.0797387191489739,37.22499999999995,0.14404137579678225,3.0,0.0,47.0,21.198686371100163,0.30932203389830504,2.691297208538588,9.30000000000003,3.610509031198691,3.3999999999999964,4.678654227782607,1,
2530,200,0.07965902028589801,31.07499999999999,0.14403177089729555,2.0,0.0,44.0,17.53548387096774,0.4388888888888889,0.1053763440860215,7.200000000000027,2.4137634408602158,1.599999999999997,3.2776751886932276,2,
2531,200,0.07957940108184908,34.42499999999997,0.14402778538291444,3.0,0.0,45.0,19.064761904761905,0.3798076923076923,0.7447619047619047,8.700000000000012,3.2807619047619054,2.999999999999998,5.505307012451762,2,
2532,200,0.07949986145720786,38.124999999999986,0.14402507506356685,2.0,0.0,49.0,19.653225806451612,0.254,3.564516129032258,10.400000000000041,4.086451612903231,2.999999999999999,8.55083868584472,2,
2533,200,0.07942040133243472,36.89999999999996,0.144020457678097,2.0,1.0,49.0,22.326829268292684,0.3046218487394958,3.143089430894309,11.30000000000003,4.3718699186991925,3.3999999999999946,8.863215872075873,1,
2534,200,0.0793410206280695,28.37499999999997,0.14402138236426879,3.0,0.0,58.0,22.35141509433962,0.5521978021978022,2.4976415094339623,16.00000000000004,4.953066037735853,2.399999999999997,23.415639716312185,3,
2535,200,0.07926171926473155,46.64999999999998,0.14401384317366497,2.0,0.0,48.0,18.616901408450705,0.17753623188405787,3.369014084507042,9.700000000000035,2.6173239436619715,1.9999999999999936,4.046060019956431,1,
2536,200,0.07918249716311948,36.02499999999997,0.14401261442454638,2.0,0.0,45.0,19.73993288590604,0.2804347826086957,3.5805369127516777,8.700000000000019,3.975167785234903,3.4999999999999947,5.871446870205411,2,
2537,200,0.07910335424401117,33.99999999999998,0.14401184976517314,2.0,0.0,46.0,19.797270955165693,0.38725490196078427,1.0526315789473684,9.300000000000036,3.9633528265107287,4.199999999999997,5.10269196862845,2,
2538,200,0.07902429042826366,31.14999999999997,0.1440073889949667,2.0,0.0,46.0,19.713043478260868,0.44354838709677424,0.26521739130434785,8.800000000000031,3.6850000000000027,3.849999999999995,4.656123091318985,2,
2539,200,0.07894530563681319,48.874999999999986,0.14400232845813138,3.0,0.0,49.0,20.89,0.07608695652173902,5.4825,10.700000000000031,3.284000000000003,2.699999999999995,5.1244020068781655,0,
2540,200,0.07886639979067495,38.14999999999998,0.14400449390657188,2.0,0.0,48.0,19.16777408637874,0.2622950819672131,3.2940199335548175,10.10000000000004,3.898172757475089,2.849999999999998,9.063227649881547,2,
2541,200,0.07878757281094306,39.49999999999998,0.14400468508331715,2.0,0.0,47.0,20.57608695652174,0.24615384615384617,5.60248447204969,9.100000000000039,4.120496894409942,3.1999999999999975,7.765778726174599,2,
2542,200,0.07870882461879052,37.37499999999997,0.14400233797521617,3.0,0.0,46.0,19.99194847020934,0.2891304347826087,2.602254428341385,8.700000000000031,3.0479871175523345,2.4999999999999973,4.127337568716967,1,
2543,200,0.07863015513546918,48.07499999999996,0.143995834462266,2.0,0.0,45.0,20.2575,0.03301886792452824,5.10875,8.500000000000014,2.9045000000000005,2.599999999999998,3.7626856291963096,0,
2544,200,0.07855156428230954,34.62499999999997,0.14399387121581358,2.0,0.0,51.0,20.837651122625214,0.3508771929824561,2.854922279792746,11.400000000000041,4.002245250431785,3.6000000000000068,6.618477568309326,2,
2545,200,0.07847305198072073,38.57499999999998,0.14398843721337476,2.0,0.0,46.0,20.42301184433164,0.3088235294117647,1.5363790186125212,10.000000000000021,3.8986463620981384,2.599999999999996,9.096403229500744,2,
2546,200,0.0783946181521904,42.69999999999999,0.14398312434619884,2.0,0.0,45.0,18.099697885196374,0.1879844961240309,1.7628398791540785,7.800000000000031,2.973867069486409,2.2499999999999973,4.079130003217424,2,
2547,200,0.07831626271828479,41.424999999999955,0.14398986949884168,3.0,0.0,51.0,21.41614906832298,0.2685185185185185,4.1770186335403725,11.500000000000018,4.132608695652179,4.299999999999995,6.0905352092300165,1,
2548,200,0.07823798560064842,37.3,0.14398850204727273,2.0,1.0,41.0,18.28614916286149,0.19444444444444442,3.5525114155251143,8.200000000000001,2.9175038051750404,2.099999999999996,4.038378771591698,2,
2549,200,0.07815978672100418,41.549999999999955,0.14399537942003554,2.0,0.0,49.0,22.413848631239937,0.2689393939393939,3.2254428341384864,10.800000000000038,4.501127214170703,4.6,5.705053780728188,1,
2550,200,0.07808166600115313,40.09999999999998,0.1439918775377702,2.0,0.0,39.0,20.293846153846154,0.20454545454545459,2.563076923076923,6.800000000000008,3.503230769230778,3.899999999999999,3.2979819833893482,1,
2551,200,0.07800362336297463,39.27499999999999,0.14399016860705122,3.0,0.0,48.0,18.340753424657535,0.2833333333333333,2.0154109589041096,9.800000000000033,3.431164383561647,2.4999999999999964,6.371855683101,2,
2552,200,0.077925658728426,38.674999999999976,0.14398993174842256,2.0,1.0,43.0,18.760670731707318,0.18599999999999994,2.6417682926829267,7.900000000000009,3.4057926829268346,3.199999999999995,5.550954953698894,2,
2553,200,0.07784777201954257,39.24999999999996,0.1439858348094542,2.0,0.0,47.0,21.546341463414635,0.29000000000000004,2.0747967479674796,12.000000000000018,3.9035772357723637,2.799999999999998,9.251914103811552,1,
2554,200,0.07776996315843764,39.64999999999998,0.14398461523288006,2.0,0.0,41.0,19.25925925925926,0.25,1.568438003220612,5.600000000000023,2.608373590982284,2.5999999999999943,1.54766336479619,1,
2555,200,0.07769223206730236,26.12499999999998,0.14398287677486776,3.0,0.0,51.0,19.101522842639593,0.5727848101265823,0.8857868020304569,12.400000000000022,3.183756345177666,1.5999999999999925,12.220525525815745,3,
2556,200,0.07761457866840563,34.824999999999974,0.1439829781513447,4.0,0.0,48.0,18.26578073089701,0.2991071428571429,1.946843853820598,10.100000000000033,2.83073089700997,1.499999999999995,8.68992676661071,2,
2557,200,0.07753700288409404,16.99999999999998,0.1439847899690277,5.0,0.0,44.0,17.186131386861312,0.6057692307692307,0.040145985401459854,8.900000000000023,3.4240875912408826,1.1,10.915039627039686,3,
2558,200,0.07745950463679176,35.54999999999997,0.14398530106662386,3.0,0.0,46.0,20.473504273504272,0.32964601769911506,2.3145299145299147,8.400000000000043,3.542222222222227,3.3999999999999972,5.2880276076488375,2,
2559,200,0.0773820838490006,45.17499999999996,0.14398074924529639,2.0,0.0,51.0,21.15921787709497,0.16447368421052633,5.4916201117318435,11.500000000000036,4.125977653631287,3.5499999999999963,7.953949615238357,1,
2560,200,0.07730474044329974,39.299999999999955,0.14397772175395032,3.0,0.0,48.0,22.208130081300812,0.2943548387096774,2.8048780487804876,10.200000000000015,4.30065040650407,3.8999999999999946,5.482225453699418,1,
2561,200,0.07722747434234577,32.724999999999966,0.1439738233860916,3.0,0.0,52.0,18.653284671532848,0.3443396226415094,1.8704379562043796,13.100000000000035,3.794525547445259,1.699999999999996,15.044071221399806,3,
2562,200,0.07715028546887258,43.44999999999999,0.14397604922801713,2.0,1.0,44.0,19.493788819875775,0.2265625,2.341614906832298,7.200000000000016,2.9791925465838536,3.199999999999995,2.5343247133712037,1,
2563,200,0.07707317374569124,38.72499999999998,0.14397265013544722,2.0,0.0,45.0,19.5625,0.25,2.4720394736842106,9.90000000000003,4.076315789473694,3.9999999999999964,9.514201637707933,2,
2564,200,0.07699613909569011,41.974999999999966,0.14396912312555307,2.0,0.0,44.0,20.923444976076556,0.25393700787401574,1.4497607655502391,8.200000000000005,3.676714513556621,3.39999999999999,3.8489412608616225,1,
2565,200,0.0769191814418345,32.5,0.14396403507664207,2.0,0.0,40.0,17.323353293413174,0.3928571428571429,0.5469061876247505,5.000000000000004,2.307385229540914,2.1999999999999926,1.2214074103585633,2,
2566,200,0.07684230070716673,40.07499999999998,0.14395978256257796,2.0,0.0,48.0,19.38198757763975,0.21899224806201545,3.7422360248447206,11.400000000000027,3.85124223602485,2.6999999999999957,9.057861911823268,2,
2567,200,0.07676549681480604,41.024999999999984,0.1439507881042637,2.0,0.0,43.0,18.051829268292682,0.22131147540983598,2.408536585365854,7.000000000000004,2.195731707317069,1.9999999999999927,1.606509905073954,1,
2568,200,0.0766887696879486,43.34999999999995,0.14394863325586182,2.0,0.0,49.0,20.70876288659794,0.1166666666666667,5.712628865979381,11.000000000000025,3.4474226804123735,2.5999999999999908,6.600390916261929,1,
2569,200,0.07661211924986724,31.624999999999993,0.1439436368573103,2.0,0.0,44.0,20.11185682326622,0.45108695652173914,0.7337807606263982,7.799999999999996,3.7425055928411646,3.3999999999999932,4.266939461883432,2,
2570,200,0.07653554542391151,40.64999999999995,0.1439394763167213,2.0,0.0,56.0,21.833823529411763,0.2428057553956835,4.6117647058823525,15.600000000000033,4.556176470588241,2.999999999999998,16.303585345124098,1,
2571,200,0.07645904813350755,36.275,0.14393486122705276,2.0,1.0,41.0,16.87292817679558,0.32352941176470584,0.5046040515653776,5.899999999999995,2.371454880294656,2.0999999999999965,1.9364845615367883,2,
2572,200,0.07638262730215813,33.449999999999974,0.14393143435644298,2.0,0.0,47.0,20.81935483870968,0.4510309278350515,0.05161290322580645,9.50000000000002,4.29376344086022,3.999999999999996,7.061864732869654,2,
2573,200,0.07630628285344238,42.89999999999998,0.143926939439458,2.0,0.0,53.0,21.343243243243244,0.15999999999999992,6.294594594594595,12.600000000000042,4.123513513513519,3.1999999999999984,9.134355687282184,1,
2574,200,0.07623001471101583,33.12499999999998,0.1439233306339858,2.0,0.0,43.0,18.39876033057851,0.390625,1.1074380165289257,6.800000000000021,3.158884297520664,3.399999999999995,3.7370237988516966,2,
2575,200,0.07615382279861033,48.82499999999996,0.14391693117429183,2.0,0.0,48.0,20.60875,0.06366459627329202,5.1925,10.100000000000025,3.1152499999999983,2.39999999999999,6.1523770505891635,0,
2576,200,0.07607770704003398,37.999999999999986,0.1439155316885605,3.0,0.0,53.0,18.86888111888112,0.3456521739130435,0.8968531468531469,12.800000000000033,3.382517482517485,2.599999999999998,8.235278972318289,2,
2577,200,0.07600166735917104,45.19999999999999,0.14390780085098126,2.0,0.0,49.0,19.865183246073297,0.11842105263157898,4.920157068062827,10.200000000000022,3.0554973821989524,2.5999999999999988,4.64344632042421,1,
2578,200,0.07592570367998178,36.82499999999999,0.14390468750501786,2.0,0.0,47.0,19.040268456375838,0.2668067226890757,4.125838926174497,10.100000000000032,3.8271812080536964,3.599999999999997,7.11226778148451,2,
2579,200,0.07584981592650249,45.79999999999997,0.14389905720781965,2.0,0.0,49.0,19.764542936288088,0.16319444444444442,2.8047091412742384,10.700000000000033,3.267728531855959,2.2499999999999982,6.723583638829631,1,
2580,200,0.07577400402284548,40.87499999999996,0.14390106998306101,2.0,0.0,48.0,20.022222222222222,0.22307692307692317,2.216296296296296,10.000000000000037,3.45792592592593,2.9999999999999987,6.042954146401474,1,
2581,200,0.0756982678931988,42.27499999999998,0.14389695652495657,2.0,0.0,42.0,20.955,0.051324503311258374,7.58,8.100000000000017,3.3230000000000044,3.099999999999996,4.031227298792677,0,
2582,200,0.07562260746182634,42.049999999999955,0.1438986588036914,2.0,0.0,49.0,21.002538071065988,0.10855263157894735,6.931472081218274,12.300000000000022,3.494670050761421,2.4999999999999964,8.405391219483962,2,
2583,200,0.0755470226530676,30.49999999999998,0.14390258825954985,2.0,0.0,44.0,20.628318584070797,0.4423076923076923,1.2101769911504425,8.300000000000013,4.127876106194694,3.699999999999995,4.948406435539394,2,
2584,200,0.07547151339133784,41.349999999999966,0.14389955807429022,2.0,1.0,49.0,21.648780487804878,0.29761904761904767,2.4471544715447155,10.300000000000047,3.9650406504065088,3.699999999999996,4.7981238631076275,1,
2585,200,0.07539607960112776,51.07499999999998,0.1438964172603986,2.0,0.0,45.0,20.0775,0.03930817610062887,3.67,8.000000000000034,2.7964999999999978,2.099999999999993,4.1868442919442295,0,
2586,200,0.07532072120700357,42.249999999999964,0.14389060452525476,2.0,0.0,49.0,21.134877384196184,0.16095890410958913,5.0885558583106265,11.10000000000002,4.033378746594011,2.7999999999999963,9.240851240359788,1,
2587,200,0.07524543813360683,31.24999999999998,0.14389671577522567,2.0,0.0,46.0,19.540178571428573,0.47527472527472525,0.6540178571428571,9.400000000000007,3.367187499999998,2.999999999999993,5.170623209418899,2,
2588,200,0.07517023030565453,43.69999999999995,0.1438982493735952,2.0,0.0,45.0,21.016467065868262,0.19890510948905105,2.3862275449101795,8.600000000000039,4.031736526946113,4.099999999999992,5.648616230001639,1,
2589,200,0.0750950976479388,40.599999999999994,0.14389781866434648,2.0,0.0,40.0,19.05,0.17741935483870974,3.072058823529412,5.900000000000004,2.8858823529411763,2.900000000000002,1.3602153983897074,1,
2590,200,0.07502004008532698,29.64999999999997,0.1438966542048159,2.0,1.0,44.0,20.071428571428573,0.4602272727272727,0.6763392857142857,8.000000000000028,3.734151785714295,4.299999999999999,4.449592432599444,2,
2591,200,0.07494505754276144,41.22499999999996,0.14389118536355913,2.0,0.0,44.0,20.840650406504064,0.2620967741935484,2.2439024390243905,8.100000000000026,3.4801626016260183,3.199999999999995,4.487943546681358,1,
2592,200,0.07487014994525974,32.349999999999966,0.14388736047449702,2.0,0.0,44.0,20.21244635193133,0.421875,0.721030042918455,7.800000000000028,4.052789699570825,4.6000000000000085,4.464100757523468,2,
2593,200,0.07479531721791423,42.39999999999996,0.14388705624649356,2.0,0.0,44.0,19.88618925831202,0.08450704225352124,4.0971867007672635,9.20000000000002,2.8911764705882352,2.199999999999998,5.09623482681767,1,
2594,200,0.07472055928589216,43.89999999999999,0.14388148875899526,2.0,0.0,47.0,18.082335329341316,0.2007575757575757,2.6362275449101795,9.500000000000012,2.874850299401197,2.2499999999999973,4.65060545960205,2,
2595,200,0.07464587607443557,33.54999999999998,0.14387358043636095,2.0,0.0,42.0,18.790927021696252,0.36340206185567014,0.5266272189349113,6.500000000000008,3.5291913214990207,3.8999999999999986,3.623106734928908,2,
2596,200,0.07457126750886131,42.14999999999999,0.1438700700883499,2.0,0.0,47.0,20.400656814449917,0.29000000000000004,1.4236453201970443,9.000000000000032,3.131691297208545,2.899999999999993,4.662013157894773,1,
2597,200,0.07449673351456078,38.84999999999998,0.14387263372244147,2.0,0.0,40.0,18.89425981873112,0.19354838709677424,5.809667673716012,5.500000000000015,2.732779456193353,2.7499999999999956,1.697584969982418,1,
2598,200,0.07442227401699995,43.174999999999976,0.14386911467091754,2.0,0.0,43.0,19.963872832369944,0.17592592592592582,3.0765895953757227,7.800000000000028,3.446242774566479,3.100000000000006,4.424489342463326,1,
2599,200,0.07434788894171933,41.52499999999995,0.14387055035013396,2.0,0.0,50.0,20.660511363636363,0.18617021276595747,4.119318181818182,11.30000000000002,3.855397727272729,2.6999999999999917,10.020076309232019,1,
2600,200,0.07427357821433388,40.37499999999996,0.14386916239209294,2.0,0.0,49.0,21.767741935483873,0.2846153846153846,2.9193548387096775,10.400000000000018,4.100967741935485,3.2999999999999936,6.930629996436032,1,
2601,200,0.07419934176053282,42.57499999999995,0.14387009721287822,2.0,0.0,45.0,22.58937198067633,0.2425373134328359,3.927536231884058,8.000000000000023,4.6064412238325385,5.099999999999999,4.290243387615433,1,
2602,200,0.0741251795060797,42.22499999999999,0.14386786283787512,2.0,0.0,45.0,18.915407854984895,0.2224409448818898,2.294561933534743,8.000000000000018,2.745468277945619,1.999999999999999,3.2837860502050376,1,
2603,200,0.07405109137681225,47.274999999999956,0.14386894426094127,2.0,0.0,43.0,20.51,0.04870129870129869,4.075,7.800000000000034,3.0560000000000027,2.7999999999999936,3.4688194200303712,0,
2604,200,0.07397707729864236,34.42499999999997,0.14386572779994994,2.0,1.0,47.0,20.047619047619047,0.3075221238938053,2.1756978653530377,9.300000000000043,3.2725779967159307,2.399999999999993,6.442697260569514,2,
2605,200,0.07390313719755595,36.949999999999974,0.14386450945659288,2.0,0.0,48.0,20.032085561497325,0.3348214285714286,1.392156862745098,10.100000000000035,4.177183600713018,3.499999999999996,8.251912048805337,2,
2606,200,0.0738292709996129,29.549999999999994,0.1438646550004059,8.0,0.0,46.0,17.994402985074625,0.2908163265306123,2.3638059701492535,11.000000000000028,3.973507462686573,2.7999999999999954,12.38277408238927,3,
2607,200,0.07375547863094695,31.774999999999988,0.14386012156220818,2.0,0.0,42.0,19.31657355679702,0.3520408163265306,1.5996275605214152,7.600000000000013,3.5973929236499145,3.699999999999999,3.946524579703748,2,
2608,200,0.07368176001776583,37.57499999999999,0.143860315731084,3.0,0.0,48.0,19.236842105263158,0.25,3.3601973684210527,9.700000000000031,3.9342105263157956,3.199999999999998,8.657537270432858,2,
2609,200,0.07360811508635084,40.74999999999996,0.1438590466124231,2.0,0.0,46.0,21.811165845648603,0.29032258064516125,1.8210180623973728,9.700000000000014,3.977996715927752,3.499999999999998,4.267901747195887,1,
2610,200,0.0735345437630571,37.54999999999996,0.1438574799834237,2.0,0.0,47.0,21.85528455284553,0.30000000000000004,2.143089430894309,10.400000000000034,4.0889430894309005,3.4000000000000163,8.207444160074509,1,
2611,200,0.0734610459743132,34.37499999999999,0.1438507284548517,2.0,0.0,43.0,19.79241516966068,0.395,0.4431137724550898,6.900000000000045,3.7888223552894296,4.500000000000001,3.770149561753029,2,
2612,200,0.07338762164662144,47.22499999999994,0.14384991409174186,2.0,0.0,53.0,21.99375,0.09146341463414642,5.9725,13.000000000000037,3.9462499999999987,3.099999999999997,8.824524725819936,0,
2613,200,0.07331427070655744,40.14999999999996,0.14384897985072248,2.0,0.0,46.0,20.566129032258065,0.2701612903225806,2.1919354838709677,8.700000000000031,3.3800000000000012,3.2999999999999936,3.532222092149065,1,
2614,200,0.07324099308077024,36.62499999999999,0.14384673760853336,2.0,1.0,48.0,20.428797468354432,0.23828125,4.669303797468355,11.400000000000018,4.497784810126592,4.499999999999998,10.092931754055298,2,
2615,200,0.07316778869598221,37.32499999999996,0.1438535555205403,3.0,0.0,55.0,21.832442067736185,0.3770491803278688,3.6541889483065955,13.800000000000024,4.653119429590023,3.1999999999999984,11.582740976105805,2,
2616,200,0.07309465747898901,39.0,0.14385426651175076,3.0,0.0,53.0,20.355450236966824,0.2991803278688525,2.7282780410742498,13.900000000000029,3.551342812006319,2.0999999999999917,13.220793435291371,2,
2617,200,0.07302159935665936,41.84999999999998,0.14385563813342814,2.0,0.0,44.0,20.302134646962234,0.2703252032520326,1.6091954022988506,7.3000000000000105,3.072577996715923,2.8999999999999937,1.6086612381363263,1,
2618,200,0.07294861425593517,46.72499999999995,0.14385537010510527,2.0,0.0,50.0,19.845375722543352,0.19097222222222232,2.4754335260115607,11.200000000000017,3.37514450867052,2.7999999999999945,6.218903861856125,1,
2619,200,0.07287570210383128,43.524999999999956,0.14385341325342707,2.0,0.0,45.0,20.673130193905816,0.1396551724137931,4.445983379501385,9.000000000000021,3.8128808864266013,3.7000000000000366,6.176868092763469,1,
2620,200,0.07280286282743559,38.57499999999996,0.14385297480564024,2.0,0.0,49.0,21.47952218430034,0.3375,2.31740614334471,10.900000000000032,4.132081911262802,3.599999999999998,7.935751539772027,2,
2621,200,0.0727300963539088,41.899999999999956,0.1438498701112022,2.0,0.0,53.0,20.034379671150973,0.25,2.0568011958146486,12.80000000000003,3.5584454409566533,2.7999999999999967,8.206094244347174,2,
2622,200,0.07265740261048442,38.59999999999995,0.14385345392035775,2.0,0.0,46.0,21.510673234811165,0.29508196721311475,2.3842364532019706,10.200000000000022,4.309031198686379,4.5,8.260187014667885,2,
2623,200,0.07258478152446868,42.77499999999996,0.14384966626915935,2.0,0.0,48.0,20.617693522906794,0.2730769230769231,2.3886255924170614,9.600000000000033,3.5560821484992142,2.899999999999998,5.527942838318138,1,
2624,200,0.07251223302324053,35.69999999999999,0.14384570514465606,2.0,0.0,47.0,20.343815513626833,0.4150485436893204,0.7882599580712788,9.600000000000033,4.2322851153039895,3.9999999999999996,5.817306089799975,2,
2625,200,0.07243975703425146,35.29999999999998,0.14384769366344916,3.0,0.0,50.0,18.66095238095238,0.39761904761904765,1.100952380952381,10.800000000000024,3.1539047619047618,2.399999999999997,6.9097098220764765,2,
2626,200,0.07236735348502546,39.94999999999999,0.14384386237668143,2.0,0.0,47.0,19.65560821484992,0.262,2.81042654028436,9.100000000000042,3.5210110584518217,2.9999999999999956,5.455385736533205,2,
2627,200,0.07229502230315894,45.22499999999998,0.1438425240305704,2.0,1.0,44.0,19.07250755287009,0.20769230769230762,1.4516616314199395,7.60000000000002,2.8397280966767346,2.699999999999994,2.0559943456027927,1,
2628,200,0.07222276341632078,36.75,0.14385046801418522,2.0,0.0,50.0,19.56366459627329,0.22983870967741926,4.8897515527950315,11.000000000000046,3.9434782608695724,3.0000000000000124,8.874249050598651,2,
2629,200,0.07215057675225206,35.924999999999976,0.14385265651342127,2.0,0.0,46.0,19.61025641025641,0.2898230088495575,2.6136752136752137,10.300000000000013,3.921709401709407,2.999999999999998,8.525929683482218,2,
2630,200,0.0720784622387661,47.09999999999994,0.14385363500509019,2.0,0.0,51.0,21.68625,0.0904907975460123,7.43875,12.00000000000003,3.761750000000003,3.099999999999995,7.049997953121843,0,
2631,200,0.07200641980374836,40.249999999999986,0.14385930334615962,2.0,0.0,42.0,18.932601880877744,0.24145299145299148,1.615987460815047,6.500000000000001,2.592006269592471,2.399999999999997,1.725065730156271,1,
2632,200,0.07193444937515645,39.324999999999974,0.14385644664271488,2.0,0.0,42.0,20.11382113821138,0.25413223140495866,2.4032520325203253,7.400000000000017,3.044065040650406,2.6999999999999904,2.3903084944371797,1,
2633,200,0.07186255088101991,38.549999999999976,0.14385642475084662,2.0,0.0,50.0,20.363484087102176,0.3119834710743802,2.5175879396984926,12.00000000000003,4.049916247906201,2.999999999999999,11.010973098247009,2,
2634,200,0.07179072424944025,47.34999999999997,0.14385506965341602,2.0,0.0,47.0,20.62806539509537,0.1385135135135136,3.715258855585831,10.200000000000031,3.7292915531335193,2.599999999999998,7.828734192722174,1,
2635,200,0.07171896940859077,33.774999999999984,0.14385136361931095,3.0,0.0,46.0,17.747534516765285,0.39948453608247425,0.35502958579881655,8.800000000000022,2.7362919132149917,1.7999999999999914,5.774445006380171,2,
2636,200,0.07164728628671672,33.49999999999998,0.14385282277455308,2.0,0.0,47.0,18.51572327044025,0.43041237113402064,0.6079664570230608,9.700000000000017,3.098951781970648,2.399999999999998,5.395473348335165,2,
2637,200,0.07157567481213492,32.899999999999984,0.14385359314752327,2.0,0.0,45.0,20.389867841409693,0.43947368421052635,1.2400881057268722,7.900000000000036,4.013215859030845,4.350000000000004,4.5516976445188755,2,
2638,200,0.0715041349132339,40.42499999999994,0.14385435746935735,2.0,0.0,47.0,21.737520128824478,0.27380952380952384,1.6988727858293076,9.400000000000029,4.095330112721422,3.999999999999995,5.869606939114235,1,
2639,200,0.07143266651847373,37.39999999999997,0.14385269178223953,2.0,0.0,47.0,19.27906976744186,0.25416666666666665,2.7176079734219267,9.400000000000038,3.976910299003327,3.549999999999997,6.781495545014858,2,
2640,200,0.07136126955638605,33.32499999999997,0.14385460612820924,2.0,0.0,50.0,21.76872246696035,0.4671717171717171,0.5308370044052864,10.900000000000036,4.808810572687233,5.600000000000004,8.417011668243514,2,
2641,200,0.07128994395557388,42.37499999999996,0.14385743665071926,2.0,1.0,44.0,19.7332361516035,0.18511450381679384,2.568513119533528,9.00000000000002,3.304518950437319,2.599999999999998,4.6495958733093605,1,
2642,200,0.0712186896447116,36.874999999999986,0.14385820835756274,2.0,0.0,43.0,18.532286212914485,0.3142201834862385,1.0959860383944153,7.000000000000026,2.9650959860383974,1.9999999999999973,4.777679332862288,2,
2643,200,0.07114750655254487,38.22499999999995,0.14385965180641935,3.0,0.0,48.0,20.68130081300813,0.3088235294117647,1.640650406504065,10.100000000000026,3.3845528455284564,2.6999999999999953,6.03657409365882,2,
2644,200,0.07107639460789066,40.97499999999995,0.14385373262775447,2.0,0.0,51.0,20.503134796238246,0.27362204724409445,1.6269592476489028,11.400000000000032,3.5343260188087844,2.899999999999997,7.839452269170619,1,
2645,200,0.07100535373963698,45.97499999999998,0.14385821392569492,2.0,0.0,49.0,19.72543352601156,0.20035460992907805,2.4841040462427744,10.30000000000002,3.537283236994223,2.6999999999999993,6.724202036908306,2,
2646,200,0.07093438387674295,38.29999999999997,0.1438628202348163,2.0,0.0,48.0,20.054700854700855,0.33119658119658124,2.1196581196581197,9.600000000000028,3.4560683760683766,2.5999999999999974,5.518239983168952,2,
2647,200,0.07086348494823869,27.724999999999998,0.14386077438582517,2.0,0.0,40.0,18.985849056603772,0.5032467532467533,0.0,5.600000000000034,2.6719339622641547,2.2999999999999927,2.52858957029623,2,
2648,200,0.0707926568832253,35.024999999999984,0.1438625393741886,2.0,1.0,43.0,17.88135593220339,0.3589108910891089,0.4896421845574388,6.800000000000027,2.7651600753295664,2.399999999999997,2.7909806355511604,2,
2649,200,0.07072189961087469,40.37499999999995,0.14386647564407562,2.0,0.0,52.0,21.619718309859156,0.2767175572519084,3.0704225352112675,12.00000000000004,4.213302034428803,3.8000000000000247,8.803897825235161,1,
2650,200,0.0706512130604296,44.39999999999997,0.14386583500238176,2.0,1.0,47.0,20.58610271903323,0.22482014388489202,3.107250755287009,9.300000000000015,3.747885196374626,3.399999999999996,5.80392871078376,1,
2651,200,0.0705805971612034,37.824999999999946,0.14386303999206468,2.0,0.0,50.0,21.472906403940886,0.3172268907563025,2.4351395730706074,11.200000000000028,3.7750410509031216,2.299999999999998,10.80085116479732,1,
2652,200,0.0705100518425803,42.675,0.14386327938162638,2.0,0.0,46.0,20.154727793696274,0.18430656934306566,3.7249283667621778,9.400000000000013,3.5588825214899718,2.7999999999999923,6.4335231310152565,1,
2653,200,0.07043957703401492,37.749999999999986,0.14386030459580015,2.0,0.0,47.0,19.103389830508476,0.2931034482758621,1.4271186440677965,9.400000000000041,3.644915254237295,3.499999999999998,6.11615273241238,2,
2654,200,0.07036917266503243,26.574999999999964,0.14385807735950631,6.0,0.0,42.0,17.021505376344088,0.41463414634146345,1.6817204301075268,8.000000000000028,2.9182795698924795,1.399999999999995,7.394818336539944,3,
2655,200,0.07029883866522844,46.17499999999996,0.14386096191678843,2.0,0.0,48.0,18.865921787709496,0.16666666666666674,1.494413407821229,9.900000000000013,2.75,2.399999999999999,4.220832255610508,1,
2656,200,0.07022857496426901,44.04999999999992,0.14385898189784888,2.0,1.0,50.0,22.59625,0.08012820512820507,6.78,13.00000000000003,4.307750000000003,3.4999999999999947,10.742706722979324,0,
2657,200,0.0701583814918904,43.79999999999997,0.14385391085085825,2.0,0.0,55.0,20.994366197183098,0.20104895104895104,3.871830985915493,14.100000000000042,4.043802816901413,2.4999999999999964,12.84631806450725,1,
2658,200,0.07008825817789911,41.72499999999995,0.14384892730610005,2.0,0.0,50.0,20.311572700296736,0.2272727272727273,2.6142433234421363,11.200000000000038,3.6286350148367994,2.9999999999999964,8.507818942270701,1,
2659,200,0.07001820495217183,35.74999999999997,0.14384536764939543,2.0,0.0,49.0,20.058365758754864,0.4056603773584906,0.2490272373540856,10.300000000000024,3.922957198443586,3.9999999999999947,7.014324419462936,2,
2660,200,0.06994822174465536,41.44999999999996,0.14384010615270473,2.0,0.0,46.0,20.552995391705068,0.24236641221374056,3.185867895545315,10.800000000000018,3.6655913978494636,2.4999999999999947,8.447837517697076,1,
2661,200,0.06987830848536646,41.224999999999966,0.1438422744663444,2.0,0.0,47.0,19.13153961136024,0.21875,2.0194319880418536,9.700000000000042,2.9046337817638292,1.8999999999999915,7.166975109482598,1,
2662,200,0.06980846510439187,39.59999999999999,0.14384247163792552,2.0,0.0,48.0,20.227544910179642,0.22307692307692317,4.848802395209581,9.900000000000041,3.558383233532943,3.500000000000016,5.212441402617132,1,
2663,200,0.06973869153188816,35.599999999999966,0.14384130637066228,2.0,0.0,45.0,20.14548802946593,0.3621495327102804,0.7403314917127072,8.600000000000017,3.810128913443835,3.1999999999999975,6.174706560668584,2,
2664,200,0.06966898769808184,37.699999999999974,0.1438411836997869,2.0,0.0,47.0,19.305699481865286,0.3392857142857143,1.4075993091537133,9.200000000000019,2.9224525043177865,2.399999999999995,4.196019627729403,2,
2665,200,0.06959935353326901,42.37499999999994,0.14383961012891427,2.0,0.0,43.0,21.210852713178294,0.21946564885496178,2.089922480620155,8.400000000000011,4.017364341085277,4.099999999999999,4.986780233832694,1,
2666,200,0.06952978896781553,36.57499999999997,0.14383785435521773,2.0,0.0,49.0,21.930612244897958,0.4120370370370371,0.8918367346938776,11.00000000000004,5.214693877551033,5.700000000000011,9.206434679028312,2,
2667,200,0.06946029393215677,41.274999999999984,0.14383308452921226,2.0,1.0,42.0,19.717219589257503,0.24583333333333335,1.2401263823064772,6.400000000000027,3.0157977883096354,2.999999999999989,2.0659167232360462,1,
2668,200,0.06939086835679777,35.79999999999998,0.14383480062053722,1.0,0.0,43.0,16.79926335174954,0.3276699029126213,0.46593001841620624,7.100000000000012,2.3924493554327797,1.9999999999999982,3.3973578250488465,2,
2669,200,0.0693215121723129,34.79999999999996,0.14382607647758672,2.0,0.0,48.0,20.497041420118343,0.37735849056603776,0.5739644970414202,10.400000000000025,4.580078895463518,4.199999999999994,10.180490881080633,2,
2670,200,0.069252225309346,47.674999999999955,0.14382162549844144,2.0,0.0,49.0,21.32,0.08227848101265822,6.095,10.800000000000031,3.542000000000005,3.0999999999999988,6.7469965421821305,0,
2671,200,0.06918300769861012,47.49999999999998,0.14381739324075737,2.0,0.0,53.0,21.585106382978722,0.139240506329114,6.4162234042553195,12.800000000000034,4.186170212765963,4.000000000000018,7.366045166869185,1,
2672,200,0.06911385927088774,32.97499999999998,0.1438125680166938,2.0,0.0,47.0,20.026915113871635,0.4336734693877551,0.8861283643892339,9.500000000000039,3.9095238095238156,3.999999999999995,5.964696769658153,2,
2673,200,0.06904477995703041,42.749999999999986,0.1438083240780253,2.0,0.0,43.0,19.978552278820377,0.11524822695035453,5.463806970509383,8.400000000000015,3.352412868632711,2.799999999999999,4.311644016783056,2,
2674,200,0.06897576968795878,40.87499999999998,0.1438033096321024,2.0,0.0,44.0,18.75465838509317,0.21031746031746024,1.6583850931677018,8.400000000000034,3.4301242236024905,3.600000000000005,5.447770262939038,2,
2675,200,0.06890682839466256,45.74999999999998,0.14380288479043152,2.0,1.0,45.0,18.46056338028169,0.1654411764705883,1.815492957746479,7.800000000000002,2.5235211267605626,1.6999999999999988,3.7795528457703886,1,
2676,200,0.06883795600820049,35.27499999999999,0.1438015370049556,4.0,0.0,51.0,17.792349726775956,0.33571428571428574,0.6848816029143898,11.500000000000039,3.2531876138433544,2.099999999999996,8.256542733908493,3,
2677,200,0.06876915245970018,37.32499999999998,0.14379943766691788,3.0,1.0,49.0,19.41267123287671,0.32964601769911506,1.577054794520548,11.100000000000026,3.3530821917808216,2.2999999999999945,8.099534796440505,2,
2678,200,0.06870041768035805,38.74999999999999,0.1437969303833673,2.0,0.0,42.0,18.10217755443886,0.28539823008849563,1.033500837520938,6.100000000000009,2.5675041876046905,2.2999999999999954,2.5609947588157467,2,
2679,200,0.0686317516014393,43.47499999999995,0.14380474440145724,2.0,0.0,48.0,22.27846153846154,0.235611510791367,3.6369230769230767,10.300000000000026,4.694000000000008,4.300000000000008,8.59384587892522,1,
2680,200,0.06856315415427791,43.349999999999966,0.14380186113776955,2.0,1.0,46.0,19.679186228482003,0.2385496183206106,1.702660406885759,9.50000000000001,3.048982785602501,2.69999999999999,4.388894690438884,1,
2681,200,0.06849462527027637,21.57499999999999,0.1437967217207669,6.0,0.0,53.0,19.34965034965035,0.6071428571428571,0.04895104895104895,12.600000000000039,4.92097902097903,5.4,14.011759153982606,3,
2682,200,0.06842616488090583,38.64999999999997,0.14380031322902775,2.0,0.0,49.0,19.803252032520327,0.31034482758620685,1.6845528455284553,10.40000000000001,2.857723577235768,2.69999999999999,4.391330005499396,1,
2683,200,0.06835777291770583,38.59999999999998,0.14380225306419642,2.0,0.0,48.0,21.369760479041915,0.23120300751879697,5.682634730538922,9.800000000000047,4.243712574850305,3.399999999999995,7.693286092379886,1,
2684,200,0.06828944931228448,42.099999999999994,0.14380101319806005,2.0,0.0,50.0,18.354231974921632,0.24603174603174605,2.4639498432601883,10.800000000000033,3.1590909090909087,2.299999999999991,7.272811398304397,2,
2685,200,0.06822119399631812,37.52499999999996,0.14380304595943846,2.0,0.0,45.0,21.278688524590162,0.30042016806722693,2.3688524590163933,7.800000000000042,3.8249180327868904,4.050000000000005,3.746471127307544,2,
2686,200,0.06815300690155146,39.39999999999996,0.14379969272432125,2.0,0.0,50.0,19.309677419354838,0.254,2.0338709677419353,12.600000000000017,3.9093548387096773,2.1999999999999984,12.422428674372268,2,
2687,200,0.06808488795979734,41.89999999999996,0.14379444126528093,2.0,0.0,47.0,20.777251184834125,0.25384615384615383,2.7187993680884674,9.600000000000035,3.6518167456556148,3.4999999999999956,5.437518168749789,1,
2688,200,0.06801683710293688,33.64999999999998,0.14379121714984947,2.0,1.0,44.0,18.015267175572518,0.35,1.4408396946564885,8.400000000000018,3.130152671755726,3.1999999999999975,4.367999854320328,2,
2689,200,0.0679488542629192,40.77499999999995,0.14379034295426749,3.0,0.0,49.0,20.287087912087912,0.158450704225352,3.853021978021978,11.800000000000026,3.5552197802197805,2.4000000000000012,11.279884147227415,1,
2690,200,0.06788093937176144,51.324999999999974,0.14379001519724915,3.0,0.0,47.0,20.56125,0.04447852760736204,4.28875,9.800000000000026,3.0867499999999994,2.4999999999999982,5.05878234184743,0,
2691,200,0.06781309236154871,38.47499999999995,0.14378514796597114,2.0,0.0,52.0,22.25287356321839,0.3248031496062992,3.5582922824302137,12.900000000000018,4.243021346469623,3.0999999999999974,12.282845664365892,1,
2692,200,0.06774531316443397,44.39999999999998,0.14378452657714436,2.0,0.0,46.0,19.949554896142434,0.20112781954887216,2.5385756676557865,8.600000000000028,3.411424332344216,3.0999999999999996,4.2914071212371665,1,
2693,200,0.06767760171263805,42.77499999999998,0.14378202845106605,2.0,0.0,43.0,19.962292609351433,0.20038167938931295,3.114630467571644,7.400000000000037,3.3784313725490254,3.0999999999999885,4.257870272631351,1,
2694,200,0.0676099579384495,44.09999999999997,0.14378170180611405,2.0,0.0,45.0,21.153726708074533,0.2236842105263157,3.2142857142857144,8.600000000000023,3.9751552795031104,3.5000000000000018,6.56365322434814,1,
2695,200,0.06754238177422452,38.27499999999996,0.14378437924720003,3.0,0.0,53.0,21.206837606837606,0.34917355371900827,2.6444444444444444,12.80000000000003,4.147350427350429,3.099999999999999,10.813533124503296,2,
2696,200,0.0674748731523869,48.34999999999993,0.143779163394432,2.0,0.0,47.0,21.76125,0.06875000000000009,4.85875,11.000000000000032,3.80675,2.8999999999999986,6.625414789710658,0,
2697,200,0.0674074320054281,42.27499999999996,0.14378192078989016,2.0,0.0,53.0,21.09846153846154,0.26119402985074625,3.013846153846154,13.100000000000042,4.451230769230778,3.9999999999999987,9.803629381371401,2,
2698,200,0.06734005826590692,46.27499999999997,0.1437824959257732,2.0,0.0,44.0,18.895604395604394,0.1400709219858156,2.0247252747252746,8.200000000000017,2.720329670329671,1.8999999999999977,4.726793425449531,1,
2699,200,0.06727275186644961,32.57499999999999,0.14378339966740727,2.0,0.0,46.0,19.643892339544514,0.43041237113402064,1.4720496894409938,9.000000000000039,3.67971014492754,2.79999999999999,5.418866208291955,2,
2700,200,0.06720551273974976,29.549999999999976,0.14378265019060782,2.0,0.0,44.0,21.253488372093024,0.4883720930232558,0.5302325581395348,8.600000000000026,4.147906976744194,4.199999999999999,5.898853103586318,2,
2701,200,0.06713834081856826,32.42499999999997,0.14377964578903824,3.0,1.0,49.0,18.794466403162055,0.395,1.9723320158102766,10.30000000000004,3.5219367588932826,2.09999999999999,8.667319428984388,2,
2702,200,0.06707123603573319,32.074999999999974,0.1437773353687223,2.0,1.0,44.0,20.537634408602152,0.43947368421052635,0.5763440860215053,8.200000000000042,4.124731182795707,4.40000000000001,5.399692911055249,2,
2703,200,0.06700419832413973,39.79999999999998,0.14377743583097677,3.0,0.0,46.0,20.05114638447972,0.3405172413793104,0.8747795414462081,8.500000000000025,3.5176366843033553,3.3999999999999964,5.265737072612393,2,
2704,200,0.06693722761675015,41.449999999999974,0.14377182313206377,2.0,0.0,48.0,20.251445086705203,0.20185185185185195,3.342485549132948,9.900000000000034,3.707225433526018,2.7999999999999985,9.424447242739635,2,
2705,200,0.0668703238465938,44.17499999999996,0.14376948161309552,2.0,0.0,46.0,19.37912087912088,0.14568345323741005,3.197802197802198,10.100000000000033,3.0104395604395604,1.9999999999999927,6.561716583362165,1,
2706,200,0.06680348694676687,41.89999999999996,0.1437680159803719,3.0,0.0,56.0,21.70447284345048,0.3081395348837209,2.7060702875399363,14.700000000000037,4.134025559105431,3.0999999999999903,11.34265714832543,1,
2707,200,0.06673671685043246,41.674999999999955,0.14376922640814094,2.0,0.0,50.0,20.28862973760933,0.20620437956204385,4.7682215743440235,11.600000000000037,3.637755102040817,2.3999999999999977,10.344179623667975,1,
2708,200,0.06667001349082043,24.799999999999983,0.14376390078969348,4.0,0.0,41.0,14.27659574468085,0.4054054054054054,0.5839243498817966,7.4999999999999964,2.1548463356973966,1.5999999999999979,3.030011177680407,3,
2709,200,0.06660337680122747,43.92499999999998,0.1437625814020063,2.0,0.0,42.0,18.919881305637983,0.18359375,1.867952522255193,6.400000000000016,2.7936201780415417,3.0999999999999988,1.7248444004182533,1,
2710,200,0.06653680671501686,38.39999999999999,0.14376154195519533,2.0,0.0,43.0,18.11186440677966,0.2946428571428571,1.0593220338983051,7.200000000000016,2.5008474576271165,2.149999999999996,2.4469724130204424,2,
2711,200,0.0664703031656185,39.17499999999996,0.14375787375789092,2.0,0.0,47.0,20.197231833910035,0.3220338983050848,1.486159169550173,9.900000000000013,3.890830449826996,2.999999999999999,7.3059758503126915,2,
2712,200,0.06640386608652883,40.37499999999995,0.14375645798888947,2.0,0.0,51.0,21.98048780487805,0.29296875,3.2715447154471544,11.80000000000003,4.164065040650411,3.499999999999997,7.498679724184656,1,
2713,200,0.06633749541131082,33.09999999999998,0.14375470753170458,2.0,0.0,46.0,19.35123966942149,0.42525773195876293,0.8677685950413223,8.500000000000012,3.5816115702479396,3.5999999999999943,5.557474845787735,2,
2714,200,0.06627119107359372,44.84999999999998,0.14375488122239488,2.0,0.0,42.0,18.842565597667637,0.17366412213740468,2.205539358600583,6.600000000000021,2.770116618075802,2.6999999999999895,2.1983390601260226,1,
2715,200,0.06620495300707324,40.024999999999984,0.1437598297877355,2.0,0.0,40.0,19.620853080568722,0.22899159663865554,2.661927330173776,6.700000000000022,2.9579778830963703,2.799999999999999,3.0807062851894993,1,
2716,200,0.06613878114551125,43.04999999999995,0.14375530595769778,2.0,0.0,50.0,22.35759493670886,0.2800751879699248,2.098101265822785,10.900000000000038,4.589873417721527,2.9999999999999982,12.313029545118914,1,
2717,200,0.06607267542273594,46.17499999999998,0.14375362080355022,2.0,0.0,41.0,18.313186813186814,0.12132352941176472,2.7967032967032965,5.699999999999991,2.370879120879119,2.099999999999998,1.6656935788506477,1,
2718,200,0.06600663577264156,35.999999999999964,0.14374905889470194,2.0,0.0,58.0,20.750883392226147,0.3568376068376068,2.0141342756183747,16.700000000000035,4.787455830388698,3.099999999999997,19.164407766384265,2,
2719,200,0.06594066212918846,41.199999999999946,0.14374717448569152,3.0,0.0,48.0,20.382775119617225,0.28174603174603174,1.5486443381180224,10.000000000000027,3.3523125996810212,2.2999999999999914,7.334730215095373,1,
2720,200,0.06587475442640295,33.64999999999999,0.1437454414221344,2.0,0.0,42.0,17.12701612903226,0.3868421052631579,0.0,6.9,2.408669354838707,2.1999999999999975,2.9724974086945877,2,
2721,200,0.06580891259837739,29.149999999999984,0.1437472373185231,1.0,1.0,45.0,20.527522935779817,0.4911764705882353,0.4701834862385321,7.900000000000028,3.8162844036697297,4.100000000000021,3.689410189642041,2,
2722,200,0.0657431365792699,46.77499999999995,0.1437483874573844,3.0,0.0,50.0,20.85164835164835,0.16610738255033564,3.331043956043956,11.600000000000026,3.8939560439560488,2.7999999999999945,9.47937696114787,1,
2723,200,0.06567742630330448,49.02499999999996,0.1437448551873792,2.0,0.0,57.0,21.225063938618927,0.14308176100628933,4.035805626598465,15.200000000000033,3.694501278772383,2.599999999999995,11.37000114468309,1,
2724,200,0.0656117817047708,34.57499999999999,0.14375215334169303,3.0,0.0,49.0,18.57777777777778,0.43556701030927836,0.13535353535353536,10.40000000000004,3.060808080808084,2.199999999999997,5.643497126812122,2,
2725,200,0.06554620271802433,43.29999999999995,0.14375662538863324,2.0,0.0,49.0,23.44991789819376,0.27919708029197077,2.9786535303776684,10.50000000000002,4.961247947454855,4.8,6.451586281277009,1,
2726,200,0.06548068927748603,44.57499999999996,0.14375857289320443,2.0,0.0,46.0,19.570422535211268,0.1564748201438848,2.9873239436619716,10.400000000000022,3.4632394366197197,2.2999999999999945,8.050481532397457,2,
2727,200,0.06541524131764247,41.04999999999997,0.143759066186622,2.0,0.0,54.0,21.069918699186992,0.30859375,3.2,13.300000000000038,4.3738211382113885,3.599999999999998,11.372987012987085,2,
2728,200,0.06534985877304565,41.59999999999999,0.14376210029003678,1.0,0.0,48.0,20.278996865203762,0.2658730158730159,2.652037617554859,9.900000000000011,3.399843260188091,3.399999999999994,3.735730156273441,1,
2729,200,0.06528454157831308,42.024999999999984,0.1437602567921668,2.0,0.0,53.0,20.649390243902438,0.26136363636363635,2.0091463414634148,13.500000000000039,3.9957317073170824,3.899999999999998,9.754638595512871,2,
2730,200,0.06521928966812753,34.449999999999974,0.1437564214836831,2.0,0.0,45.0,20.333333333333332,0.43181818181818177,1.5520169851380043,8.200000000000028,4.040976645435249,3.799999999999996,6.510855571583159,2,
2731,200,0.06515410297723707,32.999999999999986,0.14375285827428974,1.0,1.0,43.0,18.848861283643892,0.41129032258064513,0.33540372670807456,7.00000000000004,3.3343685300207078,3.399999999999992,3.2006130619663558,2,
2732,200,0.065088981440455,38.19999999999995,0.14375201108509622,3.0,1.0,55.0,21.73913043478261,0.32199999999999995,2.9516908212560384,14.200000000000037,4.096296296296296,2.599999999999997,14.436593766206906,1,
2733,200,0.06502392499265983,45.524999999999984,0.14374682431089286,3.0,0.0,51.0,20.926646706586826,0.22569444444444442,2.661676646706587,12.100000000000026,4.495209580838328,2.699999999999996,13.540516378582081,2,
2734,200,0.06495893356879505,33.39999999999999,0.14374538093958975,2.0,0.0,43.0,16.82599580712788,0.42204301075268813,0.0,6.599999999999996,2.0335429769391986,1.7999999999999923,1.624919746141128,2,
2735,200,0.06489400710386926,46.07499999999996,0.14374025994183576,2.0,0.0,48.0,20.78223495702006,0.19055944055944063,2.3510028653295127,9.700000000000017,3.9353868194842465,3.6999999999999953,6.250007019661233,1,
2736,200,0.06482914553295596,32.624999999999986,0.14374131755098893,2.0,0.0,47.0,19.22360248447205,0.43947368421052635,0.9337474120082816,9.10000000000003,3.42753623188406,3.499999999999993,4.539074877404781,2,
2737,200,0.06476434879119362,33.77499999999998,0.14373793655021,2.0,0.0,48.0,19.121756487025948,0.3921568627450981,1.1057884231536925,9.60000000000004,3.703792415169667,3.7999999999999985,6.014680239043872,2,
2738,200,0.06469961681378547,39.67499999999997,0.14373587534094168,2.0,0.0,53.0,20.87632508833922,0.323170731707317,2.9063604240282683,12.700000000000033,4.951766784452305,4.249999999999998,13.128580262521332,2,
2739,200,0.06463494953599953,37.24999999999995,0.1437396190961378,2.0,0.0,50.0,21.733333333333334,0.344017094017094,1.9846153846153847,12.300000000000027,4.298119658119663,3.199999999999998,10.632318130814966,2,
2740,200,0.06457034689316847,39.87499999999996,0.1437435582797036,3.0,1.0,59.0,20.641538461538463,0.2803030303030303,4.3707692307692305,17.100000000000023,4.265692307692309,2.299999999999999,20.02128575452258,2,
2741,200,0.06450580882068972,49.12499999999997,0.1437427792737877,2.0,0.0,46.0,19.67058823529412,0.1901408450704225,0.9573529411764706,8.6,3.2582352941176462,2.9999999999999982,4.055088008408331,1,
2742,200,0.06444133525402518,42.574999999999946,0.14374451201971844,2.0,0.0,46.0,22.051572327044024,0.07278481012658222,7.869182389937107,10.900000000000022,4.042389937106922,3.1000000000000174,7.98011509056623,1,
2743,200,0.06437692612870125,39.849999999999966,0.14373738715684767,2.0,0.0,51.0,21.195402298850574,0.323170731707317,2.87192118226601,11.600000000000039,3.608538587848934,2.4999999999999982,9.94038082398626,1,
2744,200,0.06431258138030878,44.79999999999997,0.143736518451066,2.0,1.0,48.0,21.650470219435736,0.25751879699248126,1.658307210031348,10.70000000000003,4.222727272727279,3.399999999999989,6.986130728203216,1,
2745,200,0.06424830094450308,50.12499999999994,0.14373659786148257,2.0,0.0,48.0,21.32625,0.04754601226993871,4.25875,9.60000000000004,3.545750000000001,2.9999999999999987,4.923264630101022,0,
2746,200,0.06418408475700368,41.174999999999976,0.14373829930641888,3.0,0.0,55.0,22.434563758389263,0.2951127819548872,3.046979865771812,15.40000000000004,5.863758389261756,6.500000000000029,19.55286910744209,2,
2747,200,0.0641199327535944,44.39999999999995,0.14373809578020424,2.0,0.0,55.0,21.36470588235294,0.2393617021276595,3.739705882352941,13.800000000000033,4.274705882352946,3.6999999999999984,10.655677369544536,1,
2748,200,0.06405584487012317,47.32499999999996,0.14373722752248277,2.0,0.0,49.0,20.997340425531913,0.13235294117647056,4.6688829787234045,10.600000000000044,3.833510638297875,2.799999999999992,6.640697290730613,1,
2749,200,0.06399182104250219,46.249999999999964,0.1437422521232719,2.0,0.0,47.0,20.28700906344411,0.22101449275362328,2.0876132930513593,9.500000000000027,3.568429003021149,2.799999999999999,6.636163429877976,1,
2750,200,0.06392786120670757,44.14999999999995,0.14374119372777777,2.0,0.0,51.0,22.566129032258065,0.28284671532846717,2.356451612903226,11.600000000000033,4.580000000000007,4.149999999999997,7.311844827900235,1,
2751,200,0.0638639652987795,35.099999999999966,0.14373828132307648,2.0,0.0,48.0,20.60530679933665,0.31779661016949157,3.056384742951907,10.80000000000004,3.53051409618574,2.899999999999994,6.656500132010356,2,
2752,200,0.063800133254822,37.574999999999974,0.14373652460468284,2.0,0.0,48.0,18.407692307692308,0.22933884297520657,2.056923076923077,10.200000000000037,3.0693846153846174,2.1999999999999975,6.438416398618754,2,
2753,200,0.06373636501100312,45.59999999999997,0.1437330711430749,2.0,0.0,48.0,20.474777448071215,0.20357142857142851,3.0667655786350148,10.000000000000025,3.7265578635014864,3.49999999999999,5.0774215838424155,1,
2754,200,0.06367266050355457,44.524999999999956,0.1437354028951424,2.0,1.0,50.0,21.84375,0.08439490445859876,6.23125,11.900000000000023,3.8562500000000006,2.8999999999999906,8.313548927420246,0,
2755,200,0.0636090196687718,42.82499999999997,0.14373639025154117,2.0,1.0,47.0,19.655786350148368,0.1977611940298507,2.9658753709198815,9.20000000000003,3.758605341246296,2.7999999999999945,7.361284882505147,2,
2756,200,0.063545442443014,40.14999999999998,0.14373357936818787,2.0,0.0,51.0,18.106643356643357,0.3141025641025641,1.1765734265734267,11.50000000000004,3.2713286713286744,2.0999999999999948,7.453081853274831,2,
2757,200,0.06348192876270395,45.29999999999998,0.14372900511872622,2.0,0.0,43.0,19.513235294117646,0.1828358208955223,1.9176470588235295,7.000000000000014,3.1638235294117654,3.2999999999999985,3.408110398162639,1,
2758,200,0.06341847856432796,46.44999999999998,0.14372867825354793,2.0,0.0,44.0,18.667613636363637,0.15808823529411775,2.237215909090909,7.300000000000025,2.65965909090909,2.399999999999995,2.6816734763879353,1,
2759,200,0.06335509178443581,36.92499999999998,0.14373708328010817,3.0,1.0,57.0,22.27480916030534,0.38247863247863245,3.2595419847328246,15.400000000000041,5.740839694656502,5.100000000000011,18.910881908403983,2,
2760,200,0.0632917683596407,32.87499999999997,0.1437337215742927,2.0,0.0,46.0,19.652542372881356,0.42708333333333337,0.4173728813559322,8.600000000000014,3.775635593220344,3.899999999999994,5.299832707163501,2,
2761,200,0.06322850822661927,43.09999999999997,0.14372816879231637,2.0,0.0,44.0,20.314553990610328,0.2383720930232558,1.568075117370892,7.9000000000000306,3.430203442879504,3.7000000000000255,4.057298001567425,1,
2762,200,0.06316531132211131,43.34999999999997,0.1437288362220795,2.0,0.0,45.0,19.600614439324115,0.2383720930232558,1.522273425499232,8.600000000000014,3.09416282642089,2.8999999999999937,4.1061200094384285,1,
2763,200,0.06310217758291994,48.04999999999998,0.14372677320675958,2.0,0.0,51.0,18.57163323782235,0.20070422535211274,2.4598853868194843,11.40000000000001,2.6090257879656127,2.0999999999999943,4.4379935468377685,1,
2764,200,0.0630391069459114,39.674999999999976,0.14373123769604496,2.0,1.0,47.0,21.051926298157454,0.3208333333333333,2.3450586264656614,9.200000000000008,3.7142378559464015,3.0999999999999948,6.898426354066173,2,
2765,200,0.06297609934801507,42.24999999999994,0.14373104641408868,2.0,1.0,46.0,21.566820276497698,0.24242424242424243,2.241167434715822,10.800000000000027,4.273886328725044,3.5999999999999974,6.938474233128888,1,
2766,200,0.06291315472622334,40.049999999999976,0.14373727305751408,2.0,0.0,40.0,20.469622331691298,0.2586206896551724,1.3382594417077176,6.300000000000018,3.173070607553371,3.699999999999997,2.4598397325280588,1,
2767,200,0.06285027301759159,36.74999999999998,0.1437365543327321,2.0,0.0,52.0,19.624513618677042,0.40596330275229353,0.622568093385214,12.100000000000028,3.8587548638132327,3.699999999999996,8.776736728552814,2,
2768,200,0.06278745415923806,43.04999999999997,0.14373545927666612,2.0,0.0,46.0,22.265700483091788,0.25775193798449614,1.7568438003220612,8.500000000000032,4.412238325281812,4.500000000000026,4.0343534384400215,1,
2769,200,0.06272469808834395,45.59999999999998,0.14373417077355394,2.0,0.0,56.0,20.088323353293415,0.22902097902097895,1.4191616766467066,14.700000000000022,4.12155688622755,2.1999999999999984,13.684206685894784,2,
2770,200,0.06266200474215315,45.74999999999997,0.14373117599647042,2.0,0.0,44.0,19.792951541850222,0.18609022556390986,1.261380323054332,8.800000000000027,3.333627019089575,3.099999999999993,4.017453510436458,1,
2771,200,0.06259937405797232,48.62499999999997,0.1437272363302804,2.0,0.0,47.0,20.1925,0.07580645161290334,4.18125,9.600000000000009,2.8655,2.099999999999996,4.743717162058085,0,
2772,200,0.06253680597317074,28.299999999999983,0.14372219495597685,2.0,0.0,42.0,20.35348837209302,0.48809523809523814,1.0162790697674418,6.800000000000021,3.5995348837209327,3.6999999999999935,2.958480900383468,2,
2773,200,0.06247430042518036,34.649999999999984,0.1437198691675986,2.0,0.0,44.0,19.120654396728018,0.4015151515151515,0.556237218813906,7.800000000000014,3.5247443762781203,3.1999999999999957,5.453009702241575,2,
2774,200,0.06241185735149562,41.57499999999998,0.143717779425002,2.0,0.0,51.0,18.82923076923077,0.22286821705426352,2.4446153846153846,11.400000000000038,3.488461538461539,2.4999999999999964,9.095719161465524,2,
2775,200,0.06234947668967343,37.14999999999997,0.1437142057268072,3.0,0.0,54.0,22.29237288135593,0.43981481481481477,0.5127118644067796,13.600000000000032,5.37478813559323,5.600000000000006,11.92015939277241,2,
2776,200,0.0622871583773331,43.07499999999996,0.14371344596578767,2.0,1.0,50.0,20.961661341853034,0.28100775193798455,1.915335463258786,10.800000000000034,3.6883386581469666,2.899999999999995,6.032738832535925,1,
2777,200,0.06222490235215636,43.92499999999998,0.1437126686771515,2.0,0.0,45.0,18.973846153846154,0.2303149606299213,1.6276923076923078,8.100000000000003,2.7112307692307644,2.499999999999991,2.620264687017012,1,
2778,200,0.062162708551887165,37.79999999999999,0.14371451713854494,2.0,0.0,50.0,19.200342465753426,0.30508474576271183,2.3493150684931505,10.800000000000018,3.8174657534246634,3.7999999999999985,5.916630103648999,2,
2779,200,0.0621005769143317,51.79999999999994,0.143717568583995,2.0,0.0,48.0,21.0925,0.07228915662650603,4.79625,10.60000000000001,3.4054999999999973,2.699999999999995,5.304628038481327,0,
2780,200,0.06203850737735829,47.09999999999997,0.1437196306308054,2.0,0.0,55.0,20.941558441558442,0.14677419354838706,5.1909090909090905,13.800000000000026,3.646103896103897,2.500000000000007,9.249643278197503,1,
2781,200,0.061976499878897466,41.949999999999974,0.14372209451451298,2.0,1.0,44.0,20.142172523961662,0.2581967213114754,1.1501597444089458,7.800000000000012,3.1966453674121396,3.1499999999999932,3.787234832535904,1,
2782,200,0.061914554356941674,37.27499999999998,0.14372359319715763,2.0,1.0,49.0,17.857664233576642,0.3379629629629629,0.8485401459854015,10.200000000000042,3.1069343065693475,2.7999999999999976,5.380663263437309,2,
2783,200,0.06185267074954541,34.97499999999998,0.14372722759240827,2.0,0.0,45.0,19.644710578842314,0.39077669902912626,1.1896207584830338,9.500000000000018,3.8702594810379285,3.499999999999993,7.1548126693227525,2,
2784,200,0.061790848994825016,42.62499999999996,0.14372428812425767,2.0,0.0,50.0,20.09702660406886,0.2732558139534884,2.139280125195618,10.90000000000003,3.299687010954619,2.3999999999999924,7.321394984326055,1,
2785,200,0.06172908903095879,38.624999999999986,0.14372125237575528,2.0,0.0,46.0,19.466666666666665,0.3008474576271186,2.3555555555555556,9.30000000000004,3.7442735042735085,3.699999999999995,6.108912408247286,2,
2786,200,0.061667390796186744,33.599999999999966,0.14372116830349918,2.0,1.0,46.0,21.118908382066277,0.3915094339622641,1.2651072124756335,8.800000000000033,4.562183235867458,5.100000000000016,5.4511442120623155,2,
2787,200,0.061605754228810636,40.59999999999996,0.14372121145665245,2.0,0.0,48.0,21.728026533996683,0.30952380952380953,2.6417910447761193,10.400000000000022,4.370315091210621,3.3999999999999955,11.572036203823968,2,
2788,200,0.06154417926719386,49.899999999999935,0.14372064830947592,2.0,1.0,51.0,21.305,0.09276729559748431,4.08875,11.500000000000032,3.5329999999999995,2.7999999999999976,6.90472178862783,0,
2789,200,0.0614826658497615,40.37499999999996,0.143721752572204,2.0,1.0,45.0,21.669950738916256,0.27419354838709675,1.9704433497536946,9.400000000000027,3.893267651888344,3.3999999999999955,4.798867450388307,1,
2790,200,0.06142121391500013,43.249999999999964,0.1437224862306972,2.0,0.0,47.0,20.043010752688172,0.24224806201550386,1.6559139784946237,9.500000000000025,3.3596006144393233,2.9999999999999982,5.426967484662602,1,
2791,200,0.06135982340145778,42.92499999999997,0.14372105431012527,2.0,0.0,47.0,21.90875,0.09276729559748431,8.23375,10.100000000000026,3.895250000000003,2.7999999999999927,7.506639166623763,1,
2792,200,0.061298494247743925,41.97499999999999,0.14371653275036947,2.0,0.0,53.0,20.807266982622433,0.2727272727272727,3.1500789889415484,12.900000000000043,4.485939968404434,4.2000000000000135,9.01645988899099,2,
2793,200,0.061237226392529445,38.67499999999999,0.14371363514199487,1.0,0.0,43.0,17.815566835871405,0.2954545454545454,0.7411167512690355,6.700000000000017,2.4671742808798616,1.899999999999996,3.00644377004124,2,
2794,200,0.06117601977454647,46.79999999999998,0.1437120191572631,2.0,1.0,45.0,19.033783783783782,0.130281690140845,3.6621621621621623,8.200000000000024,2.840000000000001,1.9499999999999977,4.9168684384011225,2,
2795,200,0.06111487433258836,44.499999999999986,0.14371293957503642,3.0,0.0,49.0,18.33240223463687,0.1635338345864661,2.160614525139665,10.400000000000043,2.631005586592181,1.4999999999999991,6.800755829944175,2,
2796,200,0.06105379000550965,44.1,0.143711808982202,2.0,0.0,48.0,20.326869806094184,0.15559440559440563,5.310249307479224,9.700000000000024,3.8045706371191166,3.1999999999999966,6.140281747150818,2,
2797,200,0.06099276673222606,40.69999999999996,0.14371367765778753,2.0,0.0,48.0,21.513687600644122,0.278,2.3043478260869565,9.900000000000034,3.9610305958132126,3.899999999999994,4.940168914013112,1,
2798,200,0.06093180445171429,43.299999999999976,0.1437174937958317,2.0,0.0,45.0,20.84169278996865,0.2383720930232558,1.14576802507837,9.70000000000001,3.737460815047025,3.4999999999999996,4.6542664288539815,1,
2799,200,0.06087090310301205,42.97499999999996,0.1437150244830931,2.0,0.0,50.0,21.902439024390244,0.2954545454545454,2.245528455284553,11.700000000000038,4.117235772357725,3.0999999999999934,7.60453604213382,1,
2800,200,0.06081006262521795,43.69999999999998,0.14371632878417492,1.0,1.0,42.0,18.54449472096531,0.21399999999999997,0.9909502262443439,6.300000000000033,2.527752639517346,1.8999999999999932,3.2913639755396393,1,
2801,200,0.060749282957491574,41.57499999999997,0.14371727751144922,3.0,0.0,49.0,20.643987341772153,0.27419354838709675,2.2262658227848102,10.600000000000037,3.561708860759494,2.8999999999999906,6.851272460524361,1,
2802,200,0.06068856403905322,39.574999999999974,0.143716424438538,2.0,0.0,49.0,20.25874125874126,0.29132231404958675,1.9423076923076923,10.40000000000004,4.619230769230777,4.2499999999999964,9.75682783029687,2,
2803,200,0.06062790580918396,42.57499999999996,0.14371613922551013,2.0,0.0,49.0,21.26178861788618,0.2965116279069767,1.6260162601626016,10.400000000000036,3.7328455284552837,2.8999999999999964,7.236859004188038,1,
2804,200,0.060567308207225536,37.22499999999995,0.14371655264569594,4.0,0.0,52.0,20.824324324324323,0.3482905982905983,1.7314189189189189,12.300000000000031,3.6528716216216224,2.299999999999998,10.479379763341685,2,
2805,200,0.06050677117258039,44.82499999999997,0.14371906967984271,2.0,0.0,46.0,21.128325508607197,0.2425925925925927,1.8732394366197183,8.700000000000028,3.9184663536776227,3.399999999999996,5.337011657523545,1,
2806,200,0.06044629464471146,42.47499999999995,0.14372093873541053,2.0,0.0,50.0,20.342565597667637,0.19999999999999996,3.750728862973761,11.500000000000027,4.079446064139946,2.6999999999999984,10.36535757923486,2,
2807,200,0.06038587856314221,41.44999999999998,0.14371994505463595,2.0,0.0,44.0,20.789819376026273,0.29166666666666663,0.5845648604269293,8.800000000000027,3.365188834154352,2.299999999999992,6.0900361302847665,1,
2808,200,0.06032552286745654,45.12499999999997,0.14372054920701893,2.0,0.0,48.0,19.74251497005988,0.2276119402985075,1.8577844311377245,9.700000000000024,3.2673652694610777,3.299999999999998,4.585082974207982,1,
2809,200,0.060265227497298776,45.09999999999998,0.14371822717954422,2.0,0.0,52.0,21.018950437317784,0.22163120567375882,3.5379008746355685,12.000000000000044,4.075947521865895,2.8999999999999977,9.555287263995655,1,
2810,200,0.06020499239237354,48.72499999999997,0.1437157516079574,2.0,0.0,51.0,20.299168975069254,0.17434210526315796,3.979224376731302,11.70000000000003,3.5885041551246553,2.549999999999997,8.106323839450017,1,
2811,200,0.06014481749244571,44.39999999999998,0.1437157533822203,2.0,0.0,45.0,19.907356948228884,0.1428571428571428,1.5245231607629428,9.30000000000003,3.2968664850136293,2.5499999999999963,6.180968956204634,1,
2812,200,0.06008470273734036,49.449999999999974,0.14371319981208672,2.0,0.0,50.0,20.160949868073878,0.14032258064516134,3.6952506596306067,11.00000000000003,3.284300791556729,2.2999999999999927,7.360491939091138,1,
2813,200,0.060024648066942785,42.599999999999966,0.14371000518184238,2.0,0.0,44.0,19.634146341463413,0.2224409448818898,2.0396341463414633,7.400000000000011,3.1451219512195125,2.699999999999995,3.7811435277168015,1,
2814,200,0.05996465342119827,33.59999999999998,0.14370835137274302,2.0,0.0,47.0,20.1104033970276,0.43181818181818177,0.18471337579617833,9.20000000000003,4.011677282377925,4.099999999999995,6.2599130905157265,2,
2815,200,0.05990471874011218,36.324999999999974,0.14370396046887485,2.0,0.0,49.0,19.658959537572255,0.36904761904761907,0.5857418111753372,10.500000000000027,4.138921001926792,4.4000000000000075,7.868186813186859,2,
2816,200,0.059844843963749825,37.399999999999984,0.14370118042985963,2.0,0.0,44.0,18.357876712328768,0.2629310344827587,3.006849315068493,7.800000000000032,3.459931506849322,3.5999999999999988,4.197516412308901,2,
2817,200,0.059785029032236384,31.599999999999987,0.14369845071305504,2.0,1.0,47.0,21.626146788990827,0.4862637362637363,0.5802752293577982,9.100000000000028,4.475458715596336,4.499999999999998,6.000048554670068,2,
2818,200,0.05972527388575699,47.249999999999964,0.14370180248059744,2.0,1.0,51.0,21.541208791208792,0.17207792207792205,3.7184065934065935,11.500000000000032,4.307692307692313,3.2999999999999963,10.56083987599609,1,
2819,200,0.05966557846455646,42.14999999999999,0.14370044148028394,2.0,0.0,49.0,19.70719178082192,0.29000000000000004,0.9897260273972602,10.300000000000036,4.220205479452064,4.250000000000001,8.926946680154305,2,
2820,200,0.05960594270893937,39.67499999999998,0.14369731261309615,2.0,0.0,47.0,19.27742946708464,0.21799999999999997,2.3072100313479624,9.500000000000025,3.825862068965523,3.299999999999997,7.848237581778884,2,
2821,200,0.05954636655926992,32.12499999999997,0.14369562741068354,2.0,0.0,51.0,20.680089485458613,0.48684210526315785,1.58165548098434,11.600000000000033,4.070022371364657,3.599999999999996,7.857216728058984,2,
2822,200,0.05948684995597202,32.09999999999997,0.1437002234744438,2.0,0.0,43.0,19.49137931034483,0.42204301075268813,0.8814655172413793,7.500000000000024,3.5956896551724173,3.4999999999999925,4.2575874033303505,2,
2823,200,0.05942739283952904,45.27499999999996,0.14369584842032534,2.0,0.0,49.0,22.339901477832512,0.2803030303030303,0.8177339901477833,10.900000000000032,4.295238095238097,3.999999999999997,5.401913071613495,1,
2824,200,0.05936799515048385,34.849999999999994,0.14369168690223158,2.0,0.0,42.0,17.282828282828284,0.39432989690721654,0.5474747474747474,6.500000000000006,2.369898989898986,1.7999999999999954,2.428093737756301,2,
2825,200,0.05930865682943872,41.87499999999997,0.14369688739291103,2.0,0.0,41.0,19.76714513556619,0.2416666666666667,0.6810207336523126,6.000000000000007,2.9829346092504023,2.9999999999999982,2.4401774994404075,1,
2826,200,0.0592493778170554,51.774999999999984,0.1436982661124842,2.0,0.0,43.0,19.77375,0.045454545454545414,3.74125,6.600000000000004,2.6142500000000006,2.2999999999999976,2.4414507522668147,0,
2827,200,0.05919015805405483,38.77499999999999,0.14369741127644162,2.0,0.0,45.0,18.373848987108655,0.3355855855855856,0.3885819521178637,7.9000000000000075,3.2720073664825073,3.599999999999993,3.475913284132867,2,
2828,200,0.05913099748121725,47.67499999999997,0.14369119184298734,2.0,0.0,52.0,20.166208791208792,0.16216216216216206,2.142857142857143,12.600000000000032,3.482692307692309,2.499999999999991,10.381313438355626,1,
2829,200,0.05907189603938205,32.97499999999998,0.14369224887158566,2.0,1.0,50.0,22.080357142857142,0.47395833333333337,0.9598214285714286,10.80000000000003,4.939508928571439,5.400000000000003,9.264757527291627,2,
2830,200,0.05901285366944784,42.54999999999997,0.14368998302707725,2.0,0.0,52.0,20.567692307692308,0.22777777777777786,2.023076923076923,12.400000000000041,4.531538461538471,3.2999999999999985,12.588835121503331,2,
2831,200,0.05895387031237222,43.09999999999998,0.14368968107200608,2.0,0.0,53.0,20.661290322580644,0.2803030303030303,2.1258064516129034,12.900000000000029,4.534516129032264,3.299999999999999,12.556809044768661,2,
2832,200,0.05889494590917182,43.82499999999996,0.14368673503451518,2.0,0.0,49.0,20.49922480620155,0.2537878787878788,1.2697674418604652,10.200000000000038,3.5903875968992276,3.2999999999999976,5.126276512893525,1,
2833,200,0.05883608040092221,37.574999999999974,0.14368653397297843,2.0,0.0,49.0,19.745247148288975,0.3830275229357798,0.6711026615969582,11.000000000000023,3.9030418250950603,3.599999999999997,8.384279606036003,2,
2834,200,0.058777273728757934,42.37499999999998,0.14368482206962635,2.0,1.0,41.0,20.68075117370892,0.22520661157024802,1.1189358372456963,6.700000000000004,3.6499217527386607,3.6999999999999966,3.4481422413793448,1,
2835,200,0.058718525833872284,48.52499999999998,0.14367957562752612,2.0,0.0,45.0,19.797687861271676,0.16608391608391604,1.9783236994219653,8.200000000000003,3.346531791907515,3.0999999999999934,4.010357617940843,1,
2836,200,0.05865983665751736,39.22499999999996,0.14367932408379502,2.0,0.0,47.0,19.65086887835703,0.27066115702479343,2.0726698262243284,10.30000000000003,3.2698262243285936,2.7999999999999923,5.746355069280873,2,
2837,200,0.058601206141003954,38.124999999999986,0.1436750275875751,2.0,0.0,50.0,19.780155642023345,0.3692660550458715,0.708171206225681,11.100000000000023,4.204280155642029,3.4499999999999957,9.809512973371987,2,
2838,200,0.0585426342257016,30.099999999999994,0.14367321630936392,2.0,0.0,39.0,16.645922746781117,0.4088235294117647,0.6845493562231759,4.799999999999994,1.9206008583690954,1.4999999999999998,1.5904412976905864,2,
2839,200,0.05848412085303835,42.999999999999964,0.14366759887979377,2.0,0.0,45.0,20.229226361031518,0.1691176470588236,4.104584527220631,8.60000000000004,3.603581661891123,3.200000000000008,4.647403587416376,1,
2840,200,0.05842566596450083,45.14999999999998,0.14365918839970734,2.0,1.0,46.0,19.738019169329075,0.2616279069767442,0.8881789137380192,8.700000000000006,2.9541533546325858,2.199999999999998,4.133196172248814,1,
2841,200,0.058367269501634116,40.64999999999995,0.14365616085714428,2.0,0.0,49.0,21.267651888341543,0.31399999999999995,1.9064039408866995,12.100000000000012,3.6518883415435126,2.4999999999999933,9.788007226056987,1,
2842,200,0.05830893140604179,37.82499999999997,0.14365205481531088,2.0,0.0,53.0,19.982142857142858,0.344017094017094,0.8642857142857143,12.600000000000028,4.292857142857149,3.599999999999998,10.654911527141403,2,
2843,200,0.05825065161938573,28.499999999999975,0.1436498780456791,2.0,0.0,45.0,20.705188679245282,0.5028735632183908,0.714622641509434,7.900000000000027,3.703537735849061,3.8999999999999977,4.89305715477683,2,
2844,200,0.05819243008338615,41.24999999999994,0.14364668755389173,2.0,0.0,43.0,21.852134146341463,0.20419847328244267,2.413109756097561,8.600000000000026,4.475914634146351,4.6999999999999975,4.775345626082047,1,
2845,200,0.058134266739821465,48.04999999999998,0.14364996907145078,2.0,0.0,43.0,19.28409090909091,0.14568345323741005,1.1946022727272727,7.299999999999999,3.029545454545455,2.799999999999998,3.5650433501811016,1,
2846,200,0.0580761615305284,31.699999999999978,0.14364794350847573,2.0,0.0,46.0,22.355813953488372,0.48655913978494625,0.7674418604651163,9.200000000000038,4.800930232558149,5.300000000000004,6.622686115122364,2,
2847,200,0.058018114397401704,35.299999999999976,0.14364759640004396,2.0,0.0,47.0,19.12863070539419,0.4117647058823529,0.2717842323651452,9.10000000000003,3.532987551867224,3.049999999999997,6.454976950194374,2,
2848,200,0.057960125282394234,43.24999999999994,0.14364146219690166,2.0,0.0,51.0,22.26086956521739,0.2800751879699248,1.536231884057971,11.400000000000029,4.4093397745571705,4.100000000000024,6.753263613733047,1,
2849,200,0.057902194127516855,27.449999999999974,0.14364262795228527,2.0,0.0,41.0,21.193396226415093,0.49691358024691357,0.7476415094339622,6.800000000000011,3.9964622641509506,4.2,3.0416789319983493,2,
2850,200,0.057844320874838456,43.07499999999997,0.14364169223612544,2.0,0.0,48.0,20.74600638977636,0.2730769230769231,1.9568690095846646,9.900000000000034,3.558945686900962,3.1499999999999986,4.505115177033523,1,
2851,200,0.057786505466485755,33.44999999999999,0.14364396183838307,2.0,0.0,45.0,19.872767857142858,0.4521276595744681,0.109375,8.900000000000027,3.6149553571428594,3.2999999999999936,6.42460745479642,2,
2852,200,0.05772874784464333,42.949999999999974,0.14364133274590385,2.0,0.0,55.0,21.09771986970684,0.2803030303030303,0.8550488599348535,13.800000000000027,4.910586319218247,3.3999999999999972,13.471438321463223,2,
2853,200,0.057671047951553533,35.925,0.1436390063529771,2.0,0.0,43.0,17.373406193078324,0.3480392156862745,0.4007285974499089,6.699999999999999,2.0958105646630183,1.8999999999999897,1.409732116788318,2,
2854,200,0.05761340572951652,41.99999999999997,0.14363693676652162,2.0,0.0,48.0,21.31869918699187,0.29400000000000004,1.7365853658536585,9.800000000000031,3.7669918699186993,3.399999999999997,5.494323363932523,1,
2855,200,0.05755582112089005,44.04999999999997,0.14363244645352038,2.0,0.0,47.0,20.844827586206897,0.24242424242424243,1.396551724137931,10.500000000000032,3.7393416927899708,2.799999999999998,7.394191399925854,1,
2856,200,0.057498294068089484,39.874999999999986,0.1436296361037317,2.0,0.0,49.0,19.373056994818654,0.3347457627118644,2.0224525043177892,10.200000000000022,3.271675302245249,2.599999999999995,4.5659470826870505,2,
2857,200,0.05744082451358776,40.549999999999976,0.14363410122883527,2.0,0.0,45.0,19.748768472906406,0.29201680672268904,1.1362889983579638,8.5,2.7405582922824263,2.499999999999988,2.1292803062985324,1,
2858,200,0.05738341239991535,45.89999999999998,0.14363397657491989,2.0,0.0,62.0,21.47813411078717,0.25689655172413794,2.7142857142857144,18.500000000000014,4.351457725947525,3.1999999999999984,17.133642155144088,1,
2859,200,0.05732605766966013,30.99999999999999,0.1436336606862153,2.0,0.0,45.0,18.891156462585034,0.4767441860465116,0.6575963718820862,7.90000000000002,2.9192743764172318,2.49999999999999,3.9108730974907577,2,
2860,200,0.05726876026546736,41.89999999999996,0.14363182642909825,2.0,0.0,54.0,21.349593495934958,0.3236434108527132,1.9121951219512194,13.400000000000032,3.785528455284553,2.199999999999998,10.148679195397492,1,
2861,200,0.0572115201300396,38.775,0.14363558125890202,2.0,0.0,44.0,18.73709677419355,0.2333333333333334,2.4403225806451614,7.800000000000034,3.536774193548395,3.6999999999999975,4.804692415953265,2,
2862,200,0.05715433720613676,40.87499999999994,0.1436325227846464,2.0,0.0,52.0,23.09153713298791,0.34842519685039375,2.236614853195164,12.200000000000031,5.19395509499137,4.8999999999999995,10.757318518076683,2,
2863,200,0.05709721143657589,44.92499999999998,0.14363149673948894,2.0,0.0,54.0,20.205202312138727,0.20070422535211274,3.1647398843930636,13.30000000000004,4.007225433526018,2.299999999999999,11.751966554108453,2,
2864,200,0.057040142764231215,45.52499999999997,0.14362874377495094,2.0,0.0,48.0,22.21003134796238,0.24264705882352944,2.8808777429467085,10.000000000000004,4.558463949843268,4.450000000000008,6.140405829359586,1,
2865,200,0.056983131132034036,44.42499999999998,0.1436265144465132,2.0,1.0,42.0,19.79356568364611,0.102112676056338,4.967828418230563,6.199999999999998,3.1545576407506735,3.4999999999999973,2.4187570326047063,1,
2866,200,0.056926176482972754,36.69999999999998,0.14362398433590484,2.0,0.0,48.0,20.817409766454354,0.4326923076923077,0.9171974522292994,9.700000000000019,4.391295116772829,3.699999999999998,9.372429318427741,2,
2867,200,0.056869278760092706,28.599999999999977,0.14362445950023658,2.0,1.0,48.0,18.82261208576998,0.390625,3.245614035087719,10.300000000000036,3.564522417153999,2.0999999999999974,10.254764713035096,3,
2868,200,0.056812437906496156,42.22499999999998,0.14361888255545419,2.0,0.0,44.0,20.112759643916913,0.20419847328244267,3.2670623145400595,7.3000000000000265,3.5093471810089074,3.599999999999995,3.502249716581398,1,
2869,200,0.056755653865342225,45.34999999999998,0.14361823016883107,2.0,0.0,48.0,20.0,0.16958041958041958,3.2946927374301676,10.000000000000044,3.5963687150838055,2.799999999999999,7.112207390935489,2,
2870,200,0.0566989265798469,42.84999999999995,0.14361949127947032,2.0,0.0,57.0,22.51046698872786,0.31439393939393945,1.896940418679549,15.10000000000003,4.559098228663451,3.299999999999996,10.899643553573336,1,
2871,200,0.056642255993282896,44.199999999999974,0.14361633515594818,2.0,1.0,46.0,21.46508379888268,0.16319444444444442,4.715083798882682,9.200000000000028,4.309497206703917,3.29999999999999,8.478054832197168,1,
2872,200,0.056585642048979604,43.774999999999984,0.1436157803513648,2.0,0.0,51.0,21.88341543513957,0.3153846153846154,2.5714285714285716,11.400000000000043,4.0213464696223395,4.099999999999999,6.786360655737775,1,
2873,200,0.05652908469032304,46.674999999999976,0.14361203207466539,2.0,0.0,47.0,19.687979539641944,0.09827586206896544,3.3043478260869565,9.30000000000003,2.77225063938619,2.499999999999999,4.038814582607718,1,
2874,200,0.05647258386075591,42.62499999999999,0.14361117619632768,2.0,0.0,46.0,19.123943661971833,0.16287878787878785,2.9464788732394367,9.10000000000004,3.104084507042253,2.3999999999999986,5.0504017861571295,2,
2875,200,0.05641613950377735,38.02499999999997,0.14360786183052054,2.0,1.0,50.0,19.71661237785016,0.25826446280991733,1.3876221498371335,11.70000000000002,4.1874592833876285,3.299999999999999,11.964353293810317,2,
2876,200,0.05635975156294299,45.44999999999999,0.14360706477482224,2.0,0.0,47.0,18.64343163538874,0.12132352941176472,2.9222520107238608,9.400000000000022,2.560991957104557,1.8999999999999995,4.074852986891655,2,
2877,200,0.05630341998186487,43.19999999999997,0.14360219432994437,2.0,0.0,45.0,21.5,0.2276119402985075,4.206896551724138,9.800000000000022,4.132445141065834,3.299999999999989,7.917258299491767,1,
2878,200,0.05624714470421144,40.52499999999996,0.1435968395335318,2.0,0.0,48.0,21.330049261083744,0.30371900826446285,1.5927750410509032,9.800000000000033,3.689326765188837,3.399999999999999,5.18802814926664,1,
2879,200,0.056190925673707405,49.47499999999995,0.14359329107302798,3.0,0.0,47.0,20.541884816753928,0.11688311688311681,2.6387434554973823,9.500000000000037,3.461518324607334,2.5999999999999988,6.743216577150775,1,
2880,200,0.056134762834133725,48.87499999999996,0.14359106040422995,2.0,0.0,46.0,20.598167539267017,0.10430463576158933,2.281413612565445,9.100000000000023,3.495287958115187,2.699999999999999,5.548599868081827,1,
2881,200,0.05607865612932754,50.44999999999997,0.14359326617711174,2.0,0.0,52.0,22.1125,0.0792682926829269,5.74,12.100000000000042,4.017500000000012,3.8500000000000116,6.496703901099895,0,
2882,200,0.05602260550318217,39.774999999999984,0.14359076397433693,2.0,0.0,50.0,20.806859205776174,0.31666666666666665,2.0866425992779782,11.200000000000035,4.942057761732864,4.550000000000008,11.233087239137957,2,
2883,200,0.05596661089964698,48.52499999999998,0.1435908569499299,2.0,0.0,41.0,19.95875,0.036206896551724155,3.2575,6.800000000000006,2.7252500000000004,2.599999999999997,2.5849664765101332,0,
2884,200,0.055910672262727355,39.62499999999995,0.1435916830205656,2.0,0.0,54.0,21.98211382113821,0.3248031496062992,2.868292682926829,13.700000000000033,4.165040650406508,3.0999999999999965,12.819543445154265,1,
2885,200,0.05585478953648462,39.92499999999996,0.1435876175940213,2.0,0.0,47.0,20.72032520325203,0.2954545454545454,1.1821138211382114,9.100000000000028,3.745528455284555,3.0999999999999974,6.630204852151144,2,
2886,200,0.05579896266503611,18.124999999999975,0.1435857543768591,10.0,1.0,47.0,17.62171052631579,0.5833333333333334,0.2138157894736842,10.000000000000043,4.042434210526329,5.100000000000001,8.06299053184014,3,
2887,200,0.055743191592554905,43.67499999999997,0.14358443945900423,2.0,0.0,47.0,21.305958132045088,0.26937984496124034,1.85829307568438,9.200000000000035,3.8363929146537856,3.299999999999998,4.0826474950731555,1,
2888,200,0.05568747626326995,34.499999999999936,0.14358241844582584,3.0,0.0,54.0,21.26829268292683,0.3650442477876106,2.4825783972125435,13.300000000000034,4.190243902439027,2.5000000000000018,14.518520312618623,3,
2889,200,0.055631816621465865,36.75,0.14357869585209226,2.0,0.0,44.0,17.59683794466403,0.3578431372549019,0.7154150197628458,7.200000000000019,2.846047430830039,2.599999999999997,4.0415515456871205,2,
2890,200,0.05557621261148306,33.94999999999997,0.14357042954614296,2.0,0.0,45.0,19.583804143126176,0.3713592233009708,0.536723163841808,8.600000000000039,3.6792843691148818,2.9999999999999982,6.864039651014378,2,
2891,200,0.055520664177717505,36.949999999999974,0.14356579106622455,2.0,0.0,45.0,18.328621908127207,0.2909090909090909,1.6537102473498233,8.400000000000045,3.448586572438168,3.199999999999995,5.717286166908636,2,
2892,200,0.05546517126462075,43.949999999999974,0.14356351513947024,2.0,0.0,48.0,20.835680751173708,0.25,2.9092331768388107,9.70000000000004,3.74287949921753,3.099999999999998,6.991730897335469,1,
2893,200,0.055409733816699856,41.09999999999999,0.14355930568766156,2.0,0.0,49.0,18.21981981981982,0.35526315789473684,0.14054054054054055,10.200000000000014,2.817477477477476,2.2999999999999927,5.1492788224294275,2,
2894,200,0.05535435177851743,34.899999999999984,0.14355985491603654,3.0,0.0,53.0,20.29399585921325,0.4331683168316832,0.9875776397515528,13.000000000000032,4.287163561076606,2.899999999999992,14.494679966393536,2,
2895,200,0.05529902509469138,46.59999999999996,0.1435562725406148,2.0,0.0,45.0,21.4725,0.0641025641025641,3.83375,9.700000000000012,3.633500000000003,2.099999999999997,8.028590294672398,0,
2896,200,0.055243753709895045,43.19999999999998,0.14355290734927764,2.0,0.0,51.0,20.178571428571427,0.16095890410958913,4.103021978021978,11.700000000000028,3.6631868131868144,2.8999999999999977,8.668056748990109,2,
2897,200,0.055188537568857,49.69999999999999,0.1435493167262244,2.0,0.0,47.0,19.466755319148938,0.12074829931972797,2.4906914893617023,10.000000000000027,2.915159574468085,1.9999999999999976,5.241002859401312,1,
2898,200,0.05513337661636114,33.59999999999999,0.143545673305348,2.0,0.0,45.0,21.211494252873564,0.4782608695652174,0.19540229885057472,8.20000000000003,4.1947126436781685,4.599999999999999,5.968486344226987,2,
2899,200,0.05507827079724649,48.524999999999984,0.14354624518398865,2.0,0.0,45.0,20.23901098901099,0.12671232876712324,2.333791208791209,8.200000000000038,3.5263736263736307,2.9999999999999964,5.479040044680718,1,
2900,200,0.05502322005640723,35.04999999999998,0.14354737572598697,2.0,0.0,52.0,18.619246861924687,0.44191919191919193,0.9225941422594143,12.200000000000022,3.228033472803346,2.399999999999998,7.863976575937846,2,
2901,200,0.054968224338792594,45.34999999999995,0.14354604094571266,2.0,0.0,48.0,21.734421364985163,0.21153846153846145,2.6112759643916914,10.60000000000002,4.482344213649858,3.2999999999999936,10.336817852622385,1,
2902,200,0.05491328358940689,44.749999999999936,0.1435422934670274,2.0,0.0,58.0,20.72117962466488,0.16946308724832204,4.412868632707775,15.800000000000036,3.807640750670242,2.499999999999992,13.35686910505564,2,
2903,200,0.05485839775330936,43.449999999999974,0.14354482170737304,2.0,0.0,48.0,21.42439024390244,0.2893700787401575,1.5219512195121951,9.800000000000036,3.8304065040650475,3.800000000000014,5.5434640847752,1,
2904,200,0.054803566775614154,40.099999999999966,0.14354936810499008,2.0,0.0,48.0,20.87893864013267,0.3078512396694215,0.9867330016583747,9.80000000000002,4.015091210613603,3.5999999999999974,5.763453114342965,2,
2905,200,0.054748790601490266,50.54999999999996,0.14355097972667902,2.0,0.0,48.0,20.87125,0.061320754716981174,2.92125,10.500000000000037,3.272750000000005,2.399999999999997,6.423217473777359,0,
2906,200,0.05469406917616156,48.24999999999994,0.14355614734310085,2.0,1.0,53.0,21.82,0.1049382716049383,4.48375,12.900000000000032,3.841999999999999,2.5999999999999908,10.618352591175979,0,
2907,200,0.054639402444906594,39.84999999999998,0.14355500550119774,2.0,0.0,40.0,19.984756097560975,0.2124999999999999,2.8140243902439024,6.300000000000003,3.355487804878055,3.4999999999999964,2.8788180371106367,1,
2908,200,0.054584790353058625,36.99999999999997,0.14355103187635804,2.0,0.0,46.0,21.064575645756456,0.35360360360360366,0.8136531365313653,11.000000000000027,4.598708487084879,4.5,9.485178221900036,2,
2909,200,0.054530232846005534,44.29999999999997,0.14354971545243533,2.0,0.0,46.0,21.53170731707317,0.2652671755725191,1.832520325203252,8.500000000000036,3.894796747967488,4.100000000000026,3.7215437412750383,1,
2910,200,0.05447572986918986,34.77499999999998,0.14354493265750962,2.0,0.0,46.0,20.34817813765182,0.3810679611650486,1.5182186234817814,9.400000000000025,4.412753036437257,4.8000000000000025,7.17822709857198,2,
2911,200,0.05442128136810859,32.67499999999999,0.14354332785134197,2.0,1.0,47.0,21.739534883720932,0.48655913978494625,0.35348837209302325,9.40000000000004,4.439534883720936,4.399999999999995,5.155999762032283,2,
2912,200,0.05436688728831322,46.274999999999956,0.14354176798925083,2.0,0.0,47.0,21.453846153846154,0.2142857142857142,2.436923076923077,9.800000000000027,4.199230769230774,4.049999999999997,6.4552300715505035,1,
2913,200,0.05431254757540965,43.67499999999997,0.14354053469657574,2.0,0.0,48.0,18.96793002915452,0.2038461538461538,1.555393586005831,10.700000000000026,3.0237609329446067,2.599999999999996,5.548878696118774,2,
2914,200,0.05425826217505821,44.77499999999996,0.14354018581320235,2.0,0.0,50.0,21.43231441048035,0.19405594405594395,2.8500727802037846,11.900000000000034,4.325036390101899,4.100000000000014,7.753508966709657,1,
2915,200,0.054204031032973464,39.17499999999995,0.143541773325539,2.0,0.0,51.0,22.126436781609197,0.3150406504065041,2.973727422003284,12.000000000000039,4.16715927750411,3.3999999999999937,9.581541738567793,1,
2916,200,0.05414985409492427,50.349999999999994,0.14354214812578053,2.0,0.0,43.0,18.69054054054054,0.12062937062937062,2.3013513513513515,6.800000000000014,2.531891891891892,1.999999999999998,3.038474942430512,1,
2917,200,0.054095731306733646,48.249999999999964,0.14354011324037938,2.0,0.0,43.0,20.319693094629155,0.07094594594594605,2.840153452685422,8.700000000000005,3.151278772378517,2.4999999999999964,5.118184483658044,1,
2918,200,0.054041662614278875,41.099999999999966,0.14354141120894795,3.0,0.0,53.0,19.0625,0.24609375,2.073170731707317,12.800000000000038,3.394817073170737,2.0000000000000115,9.252311710644094,2,
2919,200,0.05398764796349122,40.27499999999998,0.14354053313668477,1.0,0.0,41.0,19.91219512195122,0.2673913043478261,1.8666666666666667,6.000000000000007,2.9230894308943096,2.999999999999999,1.8915043995092928,1,
2920,200,0.05393368730035602,41.774999999999956,0.14353954552461315,2.0,1.0,45.0,20.73780487804878,0.23062015503875966,1.3201219512195121,8.400000000000027,3.8073170731707355,2.9999999999999942,6.628437473131456,1,
2921,200,0.0538797805709126,41.524999999999984,0.14354366247315165,1.0,1.0,43.0,20.23076923076923,0.22199999999999998,2.8846153846153846,7.000000000000021,3.465384615384623,3.70000000000002,3.3206096345790392,1,
2922,200,0.05382592772125425,29.199999999999992,0.14354456054864223,2.0,0.0,39.0,17.34361233480176,0.44512195121951215,0.11013215859030837,5.299999999999999,2.1537444933920686,1.8999999999999964,1.6739478446498344,2,
2923,200,0.05377212869752812,20.375,0.14354564017129168,4.0,0.0,45.0,15.934931506849315,0.5625,0.0,8.400000000000022,2.9736301369863045,1.5499999999999994,7.066545042984676,3,
2924,200,0.053718383445935165,41.52499999999998,0.14355256375149422,2.0,0.0,46.0,20.27580372250423,0.31666666666666665,1.4027072758037225,9.00000000000001,3.5077834179357033,2.599999999999999,5.647942052221742,2,
2925,200,0.05366469191273011,48.72499999999994,0.14355465946499318,2.0,0.0,50.0,21.34441489361702,0.139240506329114,4.218085106382978,11.100000000000033,4.041755319148938,2.899999999999995,9.477741338242284,1,
2926,200,0.053611054044221465,38.07499999999998,0.14355551511000786,2.0,0.0,46.0,19.80650406504065,0.27542372881355937,2.346341463414634,8.400000000000043,3.7318699186991964,4.199999999999998,4.172523795422867,2,
2927,200,0.053557469786771325,40.049999999999955,0.14355362003075794,3.0,0.0,52.0,21.89983579638752,0.32599999999999996,2.308702791461412,12.200000000000031,4.031198686371101,3.40000000000001,7.743283973252847,1,
2928,200,0.05350393908679544,33.17499999999998,0.1435523902711654,2.0,0.0,48.0,22.357798165137616,0.47916666666666663,0.5091743119266054,9.800000000000018,4.9144495412844105,4.499999999999999,8.253389673584307,2,
2929,200,0.05345046189076308,43.099999999999966,0.1435549005312729,2.0,0.0,48.0,21.479228486646885,0.21691176470588225,3.835311572700297,9.700000000000028,4.3292284866468975,4.500000000000011,5.940597941775389,1,
2930,200,0.053397038145197084,38.77499999999997,0.1435570077773413,2.0,0.0,54.0,20.281569965870307,0.3375,2.569965870307167,13.60000000000003,4.119795221843008,3.30000000000001,11.592099244310532,2,
2931,200,0.05334366779667368,46.87499999999997,0.14355892631883801,2.0,0.0,47.0,20.085915492957746,0.1648936170212767,2.1901408450704225,9.900000000000013,3.4987323943662023,3.099999999999996,5.388164011434293,1,
2932,200,0.053290350791822524,42.174999999999926,0.14355783112567333,2.0,0.0,49.0,24.084664536741215,0.26102941176470584,2.583067092651757,10.900000000000023,5.562140575079884,5.700000000000006,8.146079464114887,1,
2933,200,0.05323708707732657,44.52499999999997,0.14355573238194905,2.0,0.0,48.0,21.082942097026603,0.26879699248120303,2.242566510172144,10.100000000000032,3.8912363067292652,2.799999999999999,7.466107366771209,1,
2934,200,0.05318387659992216,44.67499999999997,0.14355208554038318,3.0,0.0,55.0,19.771513353115726,0.21739130434782616,2.4821958456973294,14.900000000000023,3.8921364985163214,2.449999999999997,13.696719057839465,2,
2935,200,0.05313071930639878,37.59999999999999,0.1435495123715061,2.0,0.0,49.0,20.652991452991454,0.31837606837606836,1.7982905982905983,11.400000000000041,4.3340170940170974,3.3999999999999955,8.767569311328325,2,
2936,200,0.053077615143599134,44.049999999999955,0.1435477142947351,2.0,0.0,54.0,21.93471810089021,0.2359154929577465,4.939169139465875,13.500000000000037,4.602522255192888,4.2000000000000135,9.463827527378848,1,
2937,200,0.05302456405841903,47.89999999999996,0.14354145458504153,2.0,0.0,50.0,21.12320916905444,0.20270270270270263,2.3739255014326646,11.000000000000025,4.139971346704874,2.2999999999999954,13.036953405459396,1,
2938,200,0.052971565997807425,45.59999999999996,0.1435400011684052,2.0,0.0,51.0,20.10878661087866,0.18402777777777768,3.803347280334728,11.400000000000038,3.6030683403068364,2.799999999999999,7.015429615163206,2,
2939,200,0.052918620908766235,48.59999999999996,0.14354301784581341,2.0,1.0,44.0,20.847826086956523,0.07903225806451619,4.130434782608695,9.300000000000015,3.468158567774941,2.799999999999991,6.740160827965626,1,
2940,200,0.05286572873835037,14.524999999999963,0.14354067461369857,2.0,1.0,42.0,18.544747081712064,0.6648936170212766,0.05058365758754864,8.500000000000012,3.8665369649805523,3.8999999999999977,7.940712512112446,3,
2941,200,0.05281288943366762,33.099999999999966,0.14353796243805597,2.0,0.0,48.0,20.518279569892474,0.45408163265306123,1.3440860215053763,9.600000000000037,4.113118279569897,3.5999999999999925,6.863623094568643,2,
2942,200,0.052760102941878724,49.549999999999955,0.14353918081937062,2.0,1.0,49.0,21.132707774798927,0.1539735099337749,2.2694369973190347,10.50000000000004,3.9580428954423654,3.3,7.458856221305865,2,
2943,200,0.05270736921019717,35.12499999999997,0.14353661506198515,2.0,0.0,47.0,22.469214437367302,0.43446601941747576,0.22929936305732485,10.30000000000003,5.322505307855638,5.700000000000008,8.248362964298666,2,
2944,200,0.05265468818588921,50.84999999999998,0.14354201049132892,2.0,0.0,47.0,19.139470013947,0.16156462585034004,1.6847977684797768,9.500000000000012,2.9110181311018093,2.299999999999999,4.3720349434338175,1,
2945,200,0.05260205981627384,32.47499999999997,0.1435473947696088,2.0,0.0,48.0,20.088172043010754,0.44999999999999996,1.1806451612903226,10.900000000000022,3.9453763440860246,2.9999999999999973,9.747512949533865,2,
2946,200,0.05254948404872264,39.54999999999999,0.14355031410577393,2.0,0.0,50.0,20.83228840125392,0.24242424242424243,4.561128526645768,11.600000000000037,4.6910658307210085,3.4999999999999982,12.460562078208028,2,
2947,200,0.05249696083065988,34.52499999999999,0.14355701380169206,2.0,0.0,43.0,19.04883227176221,0.4148936170212766,0.6242038216560509,6.90000000000003,3.4040339702760134,3.7000000000000073,4.34512008654889,2,
2948,200,0.05244449010956234,20.074999999999974,0.14355639354952554,4.0,0.0,46.0,17.988235294117647,0.5576923076923077,0.26176470588235295,9.00000000000003,4.119117647058834,4.049999999999999,9.757807160961683,3,
2949,200,0.052392071832959276,35.74999999999998,0.143554831391206,2.0,0.0,55.0,21.044444444444444,0.43518518518518523,1.0424242424242425,13.800000000000045,4.698383838383851,4.400000000000002,10.97167852945026,2,
2950,200,0.05233970594843238,43.574999999999974,0.14355360428050404,2.0,0.0,46.0,20.427906976744186,0.2578125,1.2930232558139534,9.000000000000036,3.547596899224808,2.5999999999999903,6.793952416206804,2,
2951,200,0.05228739240361583,43.77499999999998,0.14355284619132264,2.0,0.0,43.0,19.45339652448657,0.25,0.5007898894154819,6.600000000000034,2.8575039494470795,2.6999999999999966,3.212878249411036,1,
2952,200,0.05223513114619603,34.49999999999998,0.14355508520460905,2.0,0.0,53.0,20.263616557734206,0.4671717171717171,0.4553376906318083,12.700000000000033,4.002832244008717,2.5999999999999948,12.827089899373522,2,
2953,200,0.052182922123911735,38.875,0.14355072233990712,3.0,0.0,47.0,19.415204678362574,0.38888888888888884,0.6335282651072125,9.000000000000007,3.64405458089669,2.999999999999999,5.037454553745171,2,
2954,200,0.05213076528455389,44.09999999999996,0.14354880372115392,2.0,0.0,46.0,21.427299703264094,0.20255474452554734,3.1543026706231454,8.600000000000028,4.298071216617223,4.699999999999999,5.793495679929605,1,
2955,200,0.05207866057596569,51.674999999999955,0.1435463225304355,2.0,0.0,46.0,20.8825,0.06562500000000004,3.78875,8.600000000000016,3.279499999999999,2.499999999999994,5.555038429747574,0,
2956,200,0.052026607946042414,40.374999999999986,0.14354047031747263,2.0,0.0,46.0,19.30715532286213,0.31896551724137934,0.881326352530541,8.400000000000025,3.5483420593368282,2.6999999999999966,6.861680453692692,2,
2957,200,0.05197460734273142,44.099999999999966,0.14353730431388323,2.0,0.0,50.0,21.107692307692307,0.25375939849624063,1.8076923076923077,11.200000000000019,3.991538461538466,3.2499999999999964,8.322732716527199,1,
2958,200,0.05192265871403207,46.49999999999996,0.14353420473253642,2.0,0.0,46.0,21.114864864864863,0.1274834437086092,4.109459459459459,8.400000000000043,3.9864864864864935,4.199999999999994,5.5497464385435755,1,
2959,200,0.051870762007995785,38.999999999999964,0.14353351062621075,2.0,0.0,43.0,20.778325123152708,0.28361344537815125,2.70935960591133,7.900000000000002,3.3582922824302153,2.7999999999999985,4.372065358067327,1,
2960,200,0.05181891717272583,43.474999999999945,0.14352770067978085,2.0,0.0,52.0,21.80392156862745,0.23540145985401462,2.4434389140271495,13.000000000000034,4.483408748114635,3.800000000000024,10.527290157609341,1,
2961,200,0.051767124156377374,42.474999999999966,0.14352536012525338,2.0,1.0,49.0,20.654727793696274,0.18928571428571428,4.657593123209169,10.900000000000041,4.127077363896854,2.9499999999999957,8.28852451647473,2,
2962,200,0.05171538290715736,38.050000000000004,0.14352367728794724,2.0,1.0,43.0,17.132462686567163,0.33018867924528306,0.4925373134328358,7.300000000000006,2.5966417910447737,2.3999999999999915,2.9368646165091614,2,
2963,200,0.05166369337332458,43.724999999999966,0.1435228050651179,2.0,0.0,49.0,22.10232558139535,0.25,3.0697674418604652,10.500000000000037,4.5522480620155115,4.099999999999994,7.043783195200339,1,
2964,200,0.05161205550318949,39.674999999999955,0.14352268458562112,2.0,0.0,50.0,21.12136752136752,0.3326446280991735,1.4632478632478632,11.300000000000038,4.248888888888894,2.8999999999999977,12.503150684931578,2,
2965,200,0.0515604692451142,49.09999999999995,0.14352529030225555,2.0,1.0,50.0,22.5925,0.07267441860465107,8.80875,10.800000000000045,4.305500000000009,4.2000000000000295,5.524528382075648,0,
2966,200,0.051508934547512424,47.925,0.14352748333126206,2.0,1.0,46.0,20.79945054945055,0.14115646258503411,4.092032967032967,8.400000000000036,3.8626373626373702,4.000000000000028,4.775261395176857,1,
2967,200,0.051457451358849514,30.42499999999999,0.14353080983594993,2.0,0.0,44.0,19.375,0.5,0.4009433962264151,7.300000000000006,2.905424528301886,2.2999999999999954,3.7112412181894108,2,
2968,200,0.051406019627642255,34.499999999999986,0.14353111820340742,4.0,0.0,56.0,17.986641221374047,0.3679245283018868,1.4809160305343512,14.40000000000004,3.7381679389313023,1.7999999999999956,14.652451534189288,3,
2969,200,0.051354639302458906,40.94999999999997,0.14352983035290923,2.0,0.0,54.0,19.847571189279734,0.3416666666666667,0.6030150753768844,13.700000000000028,3.3273031825795645,2.1999999999999997,8.734806682229403,2,
2970,200,0.05130331033191911,37.55,0.14352965921339964,2.0,0.0,46.0,16.71746575342466,0.26801801801801806,1.0359589041095891,8.500000000000032,2.4818493150684944,1.6999999999999986,4.5922182639164095,2,
2971,200,0.05125203266469395,41.44999999999999,0.1435263889800968,1.0,0.0,40.0,18.718309859154928,0.23717948717948723,0.9248826291079812,5.700000000000002,2.472456964006257,2.4999999999999982,2.106413989028209,1,
2972,200,0.05120080624950572,46.84999999999993,0.14352221075141186,2.0,0.0,52.0,21.1625,0.09740259740259738,4.67125,12.80000000000004,3.447500000000003,2.7,8.049356327119323,0,
2973,200,0.05114963103512801,47.04999999999993,0.14352294424658338,2.0,0.0,52.0,21.56,0.10064935064935066,3.64375,12.000000000000043,3.685999999999999,2.899999999999995,7.896766338697461,1,
2974,200,0.05109850697038558,30.49999999999999,0.14352518349055787,2.0,0.0,44.0,18.954128440366972,0.4883720930232558,0.23623853211009174,7.400000000000019,2.8557339449541264,2.2999999999999967,3.0523455640600874,2,
2975,200,0.051047434004154395,45.14999999999999,0.14352442682684918,2.0,0.0,43.0,18.600558659217878,0.14179104477611948,2.1675977653631286,7.300000000000033,2.590782122905028,2.199999999999992,2.919725195306804,1,
2976,200,0.050996412085361466,44.42499999999997,0.14352454851583257,2.0,0.0,47.0,19.27605633802817,0.16304347826086962,2.7422535211267607,9.700000000000017,3.2663380281690135,2.3,6.560781294944078,2,
2977,200,0.05094544116298488,35.09999999999998,0.1435239851614972,4.0,0.0,51.0,18.356643356643357,0.29128440366972475,1.3444055944055944,12.10000000000004,3.729720279720284,1.999999999999991,13.303038483050859,3,
2978,200,0.05089452118605367,18.24999999999999,0.14352551523515603,5.0,0.0,48.0,19.600760456273765,0.6574074074074074,0.049429657794676805,10.600000000000032,4.641825095057044,5.200000000000001,13.093877226463182,3,
2979,200,0.05084365210364792,47.17499999999997,0.14352702599706052,2.0,0.0,53.0,21.00408719346049,0.16216216216216206,3.880108991825613,13.200000000000024,3.954904632152593,3.3999999999999986,7.591645348999124,1,
2980,200,0.0507928338648985,34.94999999999998,0.14352485070601445,2.0,0.0,47.0,19.993939393939392,0.4133663366336634,0.3696969696969697,9.700000000000038,3.996565656565669,4.3,4.571138174219714,2,
2981,200,0.05074206641898719,48.69999999999998,0.14352242742839605,2.0,0.0,52.0,22.33375,0.09451219512195119,5.79,12.100000000000046,4.150250000000007,3.3000000000000034,9.042289066076737,0,
2982,200,0.050691349715146494,46.32499999999997,0.1435221171748568,2.0,0.0,49.0,21.614634146341462,0.2870370370370371,1.469918699186992,10.200000000000026,3.9445528455284564,2.6999999999999957,9.041941389229706,1,
2983,200,0.05064068370265976,40.67499999999997,0.14352006664539876,3.0,0.0,51.0,19.703761755485893,0.2698412698412699,2.1442006269592477,11.80000000000004,3.573824451410664,2.8999999999999977,9.499385200089502,2,
2984,200,0.05059006833086096,41.14999999999997,0.14351972518927522,2.0,0.0,52.0,21.959435626102294,0.3588709677419355,1.7372134038800706,12.400000000000034,4.662610229276905,4.499999999999999,10.245829642164015,2,
2985,200,0.050539503549134696,40.67499999999998,0.14351826114933802,2.0,1.0,48.0,19.160958904109588,0.27892561983471076,2.2825342465753424,9.900000000000047,3.9417808219178143,3.2499999999999964,6.666767061031269,2,
2986,200,0.05048898930691617,43.349999999999966,0.14351586538883446,2.0,0.0,49.0,21.173708920187792,0.27255639097744366,3.189358372456964,10.600000000000044,4.091236306729272,3.1999999999999993,8.03224333855807,2,
2987,200,0.05043852555369119,43.199999999999974,0.14351341951086893,2.0,1.0,47.0,20.153726708074533,0.25,2.299689440993789,9.50000000000004,3.7608695652173965,2.899999999999994,7.550008752577006,2,
2988,200,0.05038811223899596,39.79999999999998,0.1435133627709591,2.0,0.0,51.0,20.200996677740864,0.27,3.4551495016611296,11.80000000000002,4.530066445182731,3.6999999999999975,10.554955698490424,2,
2989,200,0.05033774931241717,40.97499999999997,0.14351007809084404,2.0,0.0,45.0,20.940988835725676,0.2666666666666667,1.6889952153110048,8.500000000000043,3.687240829346098,3.4000000000000035,4.537552094992005,1,
2990,200,0.050287436723591865,40.87499999999995,0.1435090154414908,3.0,0.0,57.0,22.648387096774194,0.3187022900763359,3.0903225806451613,15.900000000000043,5.099677419354852,5.050000000000023,15.310652629169283,2,
2991,200,0.050237174422207494,44.04999999999996,0.14350713228100279,2.0,0.0,49.0,21.869918699186993,0.28787878787878785,2.113821138211382,10.200000000000035,4.097723577235775,3.399999999999996,5.52755414780663,1,
2992,200,0.050186962358001734,37.874999999999986,0.14350282038834314,2.0,0.0,46.0,19.826429980276135,0.3915094339622641,0.252465483234714,8.800000000000036,3.8996055226824526,4.299999999999999,6.834700989698472,2,
2993,200,0.050136800480762515,42.099999999999945,0.1435051965451199,2.0,0.0,50.0,23.214634146341464,0.2913533834586466,3.6373983739837397,10.800000000000042,4.904552845528463,4.199999999999998,7.685918291805974,1,
2994,200,0.05008668874032793,45.924999999999955,0.1435037341166953,2.0,0.0,50.0,23.29268292682927,0.28623188405797106,2.897560975609756,11.100000000000033,4.951382113821147,4.7000000000000055,8.303202969668828,1,
2995,200,0.05003662708658628,40.27499999999996,0.1435030658527063,3.0,0.0,49.0,21.80854430379747,0.26953125,2.1914556962025316,12.400000000000022,4.260443037974683,3.3499999999999934,10.303081294767756,1,
2996,200,0.049986615469475894,34.724999999999994,0.14350900716450507,2.0,0.0,42.0,17.078895463510847,0.36979166666666663,0.7652859960552268,6.099999999999995,2.4605522682445713,2.599999999999996,1.3905991877003456,2,
2997,200,0.049936653838985136,29.974999999999984,0.14351230747266547,2.0,0.0,41.0,19.789709172259506,0.4593023255813954,0.5078299776286354,6.200000000000019,3.504921700223717,3.800000000000006,3.0271945067264756,2,
2998,200,0.04988674214515236,41.349999999999966,0.14351126149485638,2.0,0.0,52.0,22.249589490968802,0.3169291338582677,3.1116584564860426,12.00000000000003,4.24105090311987,3.200000000000014,9.952955780845597,1,
2999,200,0.0498368803380659,44.97499999999997,0.14351239963260512,2.0,0.0,45.0,21.052545155993432,0.26937984496124034,0.28735632183908044,8.400000000000015,3.522824302134645,3.199999999999994,3.611919003451263,1,
3000,200,0.049787068367863944,46.87499999999996,0.14351077195737721,2.0,0.0,51.0,21.99441340782123,0.17999999999999994,3.9958100558659218,12.600000000000037,4.627094972067045,3.800000000000003,11.568422506364007,1,
3001,200,0.0497373061847345,42.94999999999996,0.1435080071867273,3.0,1.0,61.0,22.470422535211267,0.22972972972972983,4.332394366197183,17.400000000000013,4.9294366197183175,3.3999999999999977,19.024509253142806,1,
3002,200,0.04968759373891536,36.62499999999999,0.14350697042066501,2.0,0.0,41.0,18.59369817578773,0.28301886792452835,2.097844112769486,6.200000000000006,2.6439469320066347,2.4999999999999973,2.4254882730853264,2,
3003,200,0.04963793098069413,42.14999999999997,0.14350828845224023,2.0,0.0,52.0,20.924342105263158,0.2965116279069767,2.388157894736842,13.000000000000039,4.567763157894742,2.7999999999999967,14.681368922505186,2,
3004,200,0.049588317860408,47.574999999999946,0.14351068831211244,2.0,0.0,49.0,21.535064935064934,0.11688311688311681,4.693506493506494,11.200000000000035,4.0022077922077965,2.5999999999999908,9.653842576897647,1,
3005,200,0.04953875432844388,45.974999999999966,0.14351282760487755,2.0,1.0,50.0,20.714932126696834,0.23201438848920852,2.081447963800905,10.800000000000036,3.8300150829562645,3.3000000000000003,5.675959669493722,1,
3006,200,0.04948924033523819,47.47499999999997,0.1435125746070175,2.0,1.0,50.0,21.807926829268293,0.22857142857142865,2.129573170731707,11.40000000000004,4.449390243902447,4.700000000000015,8.044835395680174,1,
3007,200,0.049439775831276976,51.42499999999997,0.14351140346672336,2.0,0.0,47.0,20.775725593667545,0.11217948717948723,3.1952506596306067,10.000000000000027,3.65316622691293,3.2999999999999954,6.69996865443829,1,
3008,200,0.049390360767095715,47.52499999999996,0.14351538317575824,2.0,0.0,46.0,20.53380281690141,0.15068493150684925,2.850704225352113,9.60000000000001,3.767464788732397,3.4999999999999947,5.8562911055169975,1,
3009,200,0.04934099509327934,48.699999999999974,0.1435180760862525,2.0,0.0,46.0,20.62532981530343,0.10810810810810811,4.253298153034301,9.700000000000026,3.562928759894462,2.7999999999999936,6.323847811293153,1,
3010,200,0.04929167876046215,49.44999999999999,0.14352148095715955,2.0,0.0,49.0,21.76883116883117,0.12187499999999996,4.55974025974026,10.500000000000044,4.142467532467541,3.399999999999998,7.396715477678395,1,
3011,200,0.04924241171932785,46.599999999999994,0.14352513101260872,2.0,0.0,53.0,20.124615384615385,0.23540145985401462,2.3661538461538463,12.800000000000045,4.254615384615393,3.999999999999998,10.461734228956843,2,
3012,200,0.04919319392060936,46.74999999999997,0.14352509719780102,2.0,0.0,51.0,19.381736526946106,0.2281021897810218,1.718562874251497,11.900000000000007,3.0508982035928134,2.6999999999999984,5.431643102215714,1,
3013,200,0.04914402531508891,43.849999999999966,0.14352942464637294,2.0,0.0,50.0,20.798711755233494,0.28076923076923077,1.9484702093397746,11.000000000000025,3.5320450885668286,3.0999999999999988,4.590530909656696,1,
3014,200,0.04909490585359783,47.574999999999974,0.1435285592776534,2.0,0.0,50.0,21.44213649851632,0.22552447552447563,3.0385756676557865,12.000000000000034,4.306973293768551,3.3500000000000005,9.486396587969896,1,
3015,200,0.04904583548701673,40.89999999999998,0.1435292998308981,2.0,1.0,44.0,20.965571205007826,0.25409836065573765,2.3661971830985915,8.80000000000002,3.8208137715180026,3.3000000000000074,5.900661050156785,1,
3016,200,0.0489968141662752,41.974999999999994,0.14353161496360936,2.0,0.0,39.0,18.524844720496894,0.2152173913043478,0.5217391304347826,6.70000000000001,2.3978260869565218,1.8999999999999917,2.681585590798964,1,
3017,200,0.048947841842351916,45.974999999999966,0.1435324687375163,2.0,0.0,52.0,20.539509536784742,0.1643835616438356,3.726158038147139,12.500000000000037,3.6761580381471433,2.4999999999999902,9.202486788985784,1,
3018,200,0.04889891846627454,41.29999999999997,0.14353193454198301,2.0,0.0,46.0,19.44075829383886,0.22619047619047628,1.4581358609794628,8.800000000000043,3.9266982622432938,3.500000000000002,6.919067503893353,2,
3019,200,0.04885004398911972,34.79999999999998,0.14352974534244795,2.0,0.0,49.0,19.098159509202453,0.4217171717171717,0.5276073619631901,10.500000000000027,3.5615541922290426,2.9999999999999982,7.280024757443997,2,
3020,200,0.04880121836201296,44.52499999999998,0.14353102456514968,2.0,0.0,48.0,19.590379008746357,0.20149253731343286,3.192419825072886,9.600000000000037,3.4706997084548172,2.4999999999999947,6.513892944038977,2,
3021,200,0.04875244153612863,42.04999999999999,0.14353609538883247,2.0,0.0,46.0,18.911290322580644,0.22999999999999998,2.4274193548387095,8.700000000000044,3.69354838709678,3.349999999999997,6.245168171613403,2,
3022,200,0.048703713462689875,43.22499999999995,0.14353569846358016,2.0,1.0,49.0,22.63089430894309,0.3038461538461539,2.0959349593495933,11.500000000000028,4.5543089430894375,3.8999999999999932,9.290538516857799,1,
3023,200,0.04865503409296867,45.52499999999996,0.14353481221147302,2.0,0.0,54.0,21.013736263736263,0.18046357615894038,4.737637362637362,14.000000000000037,3.99120879120879,2.699999999999996,12.88500197176143,1,
3024,200,0.048606403378285604,33.97499999999999,0.14353233473802354,2.0,0.0,47.0,18.127882599580712,0.4201030927835051,0.7232704402515723,9.70000000000002,2.9241090146750532,2.0999999999999965,4.853087883689062,2,
3025,200,0.048557821270009974,42.624999999999964,0.14353270502057577,2.0,0.0,53.0,20.962382445141067,0.2763157894736842,2.1677115987460813,13.600000000000025,4.328996865203769,3.399999999999998,10.529764987974305,2,
3026,200,0.04850928771955963,23.624999999999986,0.1435337494491699,4.0,0.0,52.0,19.481366459627328,0.5955882352941176,0.0,12.80000000000004,5.086335403726719,4.7,20.66318027063272,3,
3027,200,0.048460802678401076,32.674999999999976,0.14353671159533954,2.0,0.0,51.0,18.597457627118644,0.46578947368421053,0.9088983050847458,11.500000000000018,3.066313559322032,2.099999999999987,7.627649461583717,2,
3028,200,0.04841236609804924,49.074999999999946,0.14353932691245427,2.0,0.0,51.0,22.62375,0.09431137724550909,6.42,12.200000000000047,4.324250000000007,3.099999999999997,11.655830149734701,0,
3029,200,0.04836397793006753,35.09999999999998,0.14354087877924582,2.0,0.0,52.0,23.337264150943398,0.5102040816326531,0.3915094339622642,12.400000000000041,5.282783018867934,4.900000000000005,10.750541677096448,2,
3030,200,0.04831563812606777,51.224999999999966,0.14353906057016988,3.0,0.0,52.0,20.71625,0.08757961783439483,3.16625,12.10000000000004,3.179749999999998,2.3999999999999977,5.9453992271863445,0,
3031,200,0.04826734663771017,42.224999999999966,0.14354182541043295,3.0,0.0,51.0,20.81138211382114,0.30118110236220474,1.5788617886178862,11.70000000000003,3.4626016260162595,2.6999999999999904,8.209679978002496,1,
3032,200,0.04821910341670324,49.699999999999946,0.14354765400030936,2.0,0.0,50.0,22.60625,0.07727272727272738,5.6975,12.20000000000003,4.313750000000008,3.900000000000004,10.116326744260597,0,
3033,200,0.048170908414803745,38.199999999999974,0.1435490331085746,2.0,0.0,47.0,21.017142857142858,0.3590909090909091,0.7523809523809524,9.30000000000002,4.89219047619049,5.300000000000005,9.487649624125703,2,
3034,200,0.048122761583816655,52.424999999999955,0.14355175508893875,2.0,0.0,49.0,22.2825,0.06845238095238093,5.8425,11.30000000000003,4.119500000000002,3.2999999999999936,8.208332575519695,0,
3035,200,0.04807466287559518,34.449999999999974,0.143548966559958,2.0,0.0,51.0,22.83710407239819,0.47959183673469385,0.5565610859728507,12.300000000000033,5.303167420814488,5.600000000000005,9.863615116475549,2,
3036,200,0.048026612242040585,45.49999999999997,0.14355246802326183,2.0,0.0,52.0,21.29430894308943,0.2919847328244275,1.5788617886178862,12.30000000000003,3.752357723577235,3.299999999999995,5.693533884682125,1,
3037,200,0.04797860963510223,31.17499999999997,0.14355335728214325,2.0,0.0,47.0,21.64908256880734,0.48118279569892475,0.48394495412844035,9.50000000000004,4.489220183486249,5.000000000000007,5.769891212288643,2,
3038,200,0.0479306550067775,38.04999999999997,0.14355246328165994,2.0,0.0,46.0,19.079661016949153,0.26709401709401714,1.9983050847457626,8.500000000000039,3.8747457627118727,4.299999999999999,6.483024915325863,2,
3039,200,0.04788274830911178,45.624999999999964,0.14354859214712443,2.0,0.0,50.0,21.51937984496124,0.2683823529411765,1.9395348837209303,10.900000000000029,4.202480620155044,2.999999999999999,9.42702425821595,1,
3040,200,0.04783488949419837,37.574999999999974,0.14354657266683468,2.0,1.0,50.0,20.933898305084746,0.2784552845528455,4.101694915254237,11.10000000000004,4.999491525423739,5.400000000000001,11.468625908146898,2,
3041,200,0.04778707851417843,31.57499999999997,0.14354602054058702,2.0,0.0,47.0,22.775229357798164,0.48655913978494625,0.8990825688073395,10.600000000000028,5.148394495412855,5.600000000000003,7.787033798890086,2,
3042,200,0.047739315321240976,47.84999999999998,0.1435449967685608,2.0,0.0,50.0,20.371951219512194,0.2250000000000001,1.3689024390243902,10.800000000000042,3.5878048780487832,3.2999999999999954,5.5665715314813315,1,
3043,200,0.047691599867622836,40.24999999999996,0.14354372042292132,2.0,0.0,52.0,20.29813664596273,0.2692307692307693,3.4316770186335406,12.40000000000004,3.8475155279503173,2.8,9.394007161199385,2,
3044,200,0.047643932105608536,47.14999999999998,0.14354428431481314,2.0,0.0,48.0,19.23495702005731,0.17086330935251803,2.024355300859599,10.800000000000022,3.3783667621776505,2.4999999999999973,7.1733146347621295,2,
3045,200,0.04759631198753032,53.274999999999956,0.14354864294154773,2.0,0.0,47.0,22.08125,0.060975609756097615,3.52375,10.000000000000007,3.9987500000000042,3.399999999999995,6.998459372592812,0,
3046,200,0.04754873946576803,38.14999999999998,0.14355270632385464,2.0,0.0,43.0,20.382113821138212,0.2857142857142857,1.28130081300813,7.800000000000026,3.205040650406507,2.599999999999995,3.8005537459283816,1,
3047,200,0.04750121449274919,32.499999999999986,0.1435513502631675,3.0,0.0,44.0,18.857142857142858,0.4565217391304348,0.0,7.600000000000003,2.9895089285714285,2.7499999999999964,4.763194919856711,2,
3048,200,0.0474537370209488,49.849999999999966,0.1435525038513783,2.0,0.0,46.0,20.047683923705723,0.14189189189189189,2.3923705722070845,8.500000000000023,3.38106267029973,2.6999999999999886,5.759965420274557,1,
3049,200,0.04740630700288939,45.049999999999976,0.1435512756369428,2.0,0.0,51.0,19.673780487804876,0.24626865671641784,2.4344512195121952,11.400000000000006,3.168902439024387,3.0999999999999948,4.230993993051923,1,
3050,200,0.04735892439114091,41.44999999999997,0.1435490273973284,2.0,0.0,55.0,21.279731993299833,0.346,1.2864321608040201,14.000000000000028,4.024790619765496,2.999999999999992,12.666523142017068,2,
3051,200,0.047311589138320786,41.37499999999996,0.1435484681568116,2.0,0.0,48.0,22.755336617405582,0.3081395348837209,3.4876847290640396,10.300000000000018,4.544499178981943,3.7999999999999954,8.459799611734326,1,
3052,200,0.047264301197093746,41.72499999999998,0.1435499251124387,2.0,0.0,48.0,18.68988391376451,0.29508196721311475,1.570480928689884,10.000000000000025,3.0927031509121075,1.8999999999999964,8.301296286110345,2,
3053,200,0.04721706052017184,45.59999999999995,0.14355040007361872,2.0,0.0,55.0,22.272455089820358,0.2430069930069929,2.4505988023952097,13.900000000000034,5.243413173652701,3.499999999999993,15.858540057325694,2,
3054,200,0.04716986706031437,48.62499999999996,0.1435499553579185,2.0,0.0,50.0,21.25412087912088,0.1683006535947713,3.208791208791209,10.800000000000043,4.135439560439566,2.8999999999999977,8.973486243898451,1,
3055,200,0.04712272077032791,36.924999999999976,0.1435490301456609,2.0,0.0,47.0,21.09406952965235,0.4119047619047619,0.5316973415132924,10.100000000000016,4.643762781186101,4.499999999999998,11.029869187019125,2,
3056,200,0.04707562160306615,41.999999999999986,0.1435495305566189,2.0,1.0,47.0,19.410299003322258,0.25806451612903225,1.1561461794019934,9.400000000000036,4.043687707641202,2.849999999999998,8.129027436307153,2,
3057,200,0.04702856951142992,39.02499999999999,0.1435476407432402,2.0,1.0,47.0,20.326923076923077,0.3239130434782609,1.8881118881118881,9.700000000000033,4.1503496503496535,3.6999999999999957,6.062203720853509,2,
3058,200,0.04698156444836709,42.84999999999998,0.14355227851363267,3.0,1.0,46.0,19.909495548961424,0.1828358208955223,3.9821958456973294,10.300000000000006,3.974925816023745,2.6999999999999984,8.452283066424572,2,
3059,200,0.04693460636687265,50.99999999999994,0.14355401203603474,2.0,0.0,52.0,21.96,0.07621951219512191,4.5,12.90000000000003,3.9260000000000024,3.299999999999997,8.555237367558432,0,
3060,200,0.046887695219988486,38.07499999999996,0.14355663668808982,2.0,1.0,52.0,21.25925925925926,0.3973214285714286,1.1832358674463939,12.300000000000034,4.916569200779735,4.699999999999999,11.008519728842476,2,
3061,200,0.04684083096080345,37.34999999999996,0.14356086045896838,3.0,1.0,54.0,20.202072538860104,0.326271186440678,2.466321243523316,17.40000000000001,4.458203799654574,1.7999999999999963,27.777299665911016,2,
3062,200,0.04679401354245326,54.49999999999997,0.14356148923629544,2.0,0.0,48.0,19.84910485933504,0.10350318471337583,2.2289002557544757,9.800000000000015,2.8689258312020463,1.799999999999999,4.8950909941245415,1,
3063,200,0.046747242918120525,44.49999999999996,0.14356282575787427,2.0,0.0,52.0,21.029577464788733,0.19482758620689644,4.235211267605634,12.900000000000025,4.196760563380288,2.8499999999999948,9.714191875008748,2,
3064,200,0.04670051904103461,47.07499999999995,0.14356377390637046,2.0,0.0,49.0,22.15463917525773,0.125,5.042525773195877,10.400000000000018,4.31494845360825,2.699999999999994,10.915155494665248,2,
3065,200,0.04665384186447163,34.57499999999997,0.1435626556665323,2.0,0.0,51.0,24.949760765550238,0.5024752475247525,0.9138755980861244,11.70000000000004,6.131578947368432,6.750000000000011,11.092511232064544,2,
3066,200,0.04660721134175438,50.17499999999997,0.1435622531716047,2.0,1.0,54.0,22.070844686648503,0.16455696202531644,3.361035422343324,14.300000000000038,4.594959128065401,3.9999999999999973,13.624563911239886,1,
3067,200,0.046560627426252374,47.62499999999997,0.14356278467697126,2.0,0.0,51.0,20.536434108527132,0.25724637681159424,2.2573643410852715,11.800000000000042,3.6127131782945763,2.2999999999999994,9.620915764475198,1,
3068,200,0.04651409007138167,50.57499999999992,0.14356170490206643,2.0,0.0,57.0,22.9625,0.11363636363636354,5.36375,15.000000000000039,4.527500000000009,3.9000000000000212,12.6419135029899,0,
3069,200,0.04646759923060492,45.57499999999999,0.14356477991412048,2.0,0.0,51.0,19.63230769230769,0.2612781954887218,1.7846153846153847,11.600000000000042,3.361076923076926,2.299999999999991,7.105594119749454,2,
3070,200,0.04642115485743125,43.9,0.1435607915525675,1.0,0.0,44.0,18.172205438066467,0.18253968253968256,1.1450151057401812,7.200000000000016,3.017371601208462,3.1999999999999975,3.5991475277414833,2,
3071,200,0.04637475690541633,50.474999999999966,0.14356230762724428,2.0,0.0,51.0,19.873297002724797,0.1611842105263157,3.0967302452316074,11.40000000000003,3.276430517711174,2.0999999999999917,7.780807695520271,1,
3072,200,0.046328405328162174,38.62499999999998,0.1435624018135315,2.0,0.0,47.0,20.077358490566038,0.3258928571428571,0.7622641509433963,9.600000000000046,4.4503773584905755,4.699999999999998,7.838565498631245,2,
3073,200,0.04628210007931721,37.874999999999964,0.1435647132177203,2.0,0.0,49.0,21.255009107468123,0.3620689655172413,2.0564663023679417,10.300000000000027,4.561384335154832,3.6999999999999957,8.766006038487118,2,
3074,200,0.046235841112576184,46.949999999999974,0.1435681340358798,2.0,0.0,49.0,20.43833780160858,0.14084507042253525,3.886058981233244,10.800000000000036,3.5414209115281508,2.5499999999999945,8.310698705335946,1,
3075,200,0.0461896283816801,46.47499999999999,0.14356766707015145,2.0,0.0,45.0,20.69510268562401,0.23863636363636354,1.8072669826224328,8.100000000000016,3.6025276461295466,3.8000000000000016,3.8568752745278365,1,
3076,200,0.04614346184041627,49.125,0.14357023393950072,1.0,1.0,44.0,18.00722543352601,0.16304347826086962,0.9508670520231214,7.299999999999996,2.272254335260109,1.999999999999995,2.03267372922944,1,
3077,200,0.04609734144261812,40.599999999999994,0.1435671645947618,2.0,0.0,39.0,16.711180124223603,0.1760869565217391,2.0822981366459627,4.999999999999993,2.2487577639751524,1.9999999999999958,1.6225023689826017,2,
3078,200,0.046051267142165266,48.349999999999966,0.14356896609045855,2.0,0.0,49.0,21.026988636363637,0.18624161073825496,3.612215909090909,11.200000000000033,4.075284090909099,3.599999999999995,7.530483863482789,1,
3079,200,0.04600523889298336,47.82499999999997,0.1435647324314357,2.0,1.0,51.0,22.165876777251185,0.2605633802816901,2.2843601895734595,11.500000000000032,4.484992101105849,3.699999999999997,8.47008026194951,1,
3080,200,0.045959256649044204,45.27499999999999,0.1435615065539027,2.0,0.0,44.0,20.04113924050633,0.24603174603174605,1.5443037974683544,7.40000000000001,3.199999999999999,2.9999999999999987,2.5827279851185394,1,
3081,200,0.04591332036436553,49.724999999999966,0.14356380083608317,2.0,1.0,52.0,22.190934065934066,0.17721518987341778,4.3804945054945055,13.40000000000003,4.697527472527476,3.3499999999999974,12.064082583781067,1,
3082,200,0.04586742999301104,36.32499999999997,0.14356171818425634,2.0,0.0,51.0,22.064989517819708,0.4228971962616822,0.29559748427672955,11.500000000000037,5.286373165618463,6.100000000000006,9.550107854857504,2,
3083,200,0.045821585489090357,34.949999999999996,0.1435589364612075,2.0,0.0,46.0,19.390557939914164,0.43229166666666663,0.148068669527897,8.700000000000028,3.5596566523605193,3.7500000000000036,4.193155672215724,2,
3084,200,0.04577578680675899,49.09999999999998,0.14356070331323778,2.0,0.0,44.0,20.68513853904282,0.0697278911564625,3.191435768261965,8.500000000000032,3.234382871536524,2.899999999999997,4.537830053851747,1,
3085,200,0.04573003390021825,48.674999999999955,0.1435594966727975,2.0,0.0,46.0,21.602040816326532,0.1751700680272108,2.3746355685131197,10.500000000000018,4.425801749271145,4.500000000000006,8.613915256218243,1,
3086,200,0.04568432672371522,43.174999999999976,0.14355258587874248,3.0,0.0,51.0,20.708133971291865,0.29330708661417326,1.6602870813397128,11.600000000000037,3.547527910685805,2.499999999999992,9.61993462689003,1,
3087,200,0.0456386652315427,39.59999999999999,0.14355100351892439,2.0,0.0,47.0,19.728373702422147,0.288135593220339,1.7716262975778547,9.100000000000039,4.257266435986169,4.600000000000013,6.859526554778369,2,
3088,200,0.045593049378039235,42.67499999999999,0.14355454213906946,2.0,0.0,41.0,19.76518883415435,0.25826446280991733,0.922824302134647,5.49999999999999,2.7504105090311963,2.7999999999999914,1.574293895599658,1,
3089,200,0.04554747911758895,43.024999999999984,0.14355149083117147,2.0,0.0,49.0,19.700573065902578,0.17045454545454541,2.0157593123209168,11.600000000000026,3.6577363896848154,2.599999999999996,8.674578296931738,2,
3090,200,0.04550195440462157,42.22499999999998,0.14355190643091592,2.0,0.0,41.0,19.478048780487804,0.26694915254237284,0.8422764227642277,6.3000000000000025,2.6626016260162557,2.3999999999999884,1.7669962773383001,1,
3091,200,0.04545647519361237,24.69999999999998,0.1435517975420305,3.0,0.0,49.0,19.24561403508772,0.5128205128205128,1.0526315789473684,12.400000000000025,4.427318295739353,2.5999999999999943,14.449845728643295,3,
3092,200,0.04541104143908218,46.099999999999994,0.14355052221396103,2.0,0.0,38.0,17.815450643776824,0.1459999999999999,0.0,5.8000000000000025,2.154649499284689,1.8999999999999968,2.0276041342611557,1,
3093,200,0.0453656530955972,46.09999999999997,0.1435509385931351,2.0,0.0,47.0,21.018461538461537,0.22777777777777786,2.706153846153846,10.100000000000021,3.9380000000000015,3.1999999999999957,7.020926463731309,1,
3094,200,0.04532031011776911,49.44999999999995,0.14355195913370333,2.0,0.0,50.0,20.840599455040874,0.1546052631578947,2.8065395095367847,12.200000000000031,3.856811989100823,2.599999999999988,9.742662416126132,1,
3095,200,0.045275012460254886,41.79999999999998,0.14355354451736443,2.0,1.0,44.0,21.317073170731707,0.2703252032520326,1.8943089430894309,8.800000000000022,3.7660162601626035,3.2999999999999945,3.951814903337737,1,
3096,200,0.04522976007775692,42.14999999999999,0.1435513201469426,2.0,1.0,42.0,20.960591133004925,0.2666666666666667,1.7011494252873562,6.500000000000028,3.4676518883415457,3.5999999999999948,2.244493313201054,1,
3097,200,0.0451845529250228,43.849999999999994,0.1435554123098694,2.0,0.0,43.0,18.822884012539184,0.24173553719008267,0.34796238244514105,6.600000000000006,2.5261755485893413,2.600000000000001,2.0593669219222575,1,
3098,200,0.04513939095684536,41.599999999999966,0.14355826276491684,2.0,0.0,48.0,21.547923322683705,0.2777777777777778,1.9840255591054312,9.900000000000041,4.488658146964863,3.8999999999999964,8.254093703349355,2,
3099,200,0.04509427412806263,56.14999999999995,0.1435575803743519,2.0,0.0,51.0,21.8325,0.0628654970760234,3.9425,12.400000000000006,3.8495000000000013,3.099999999999997,7.618861654471364,0,
3100,200,0.0450492023935578,37.874999999999986,0.14355908954666136,2.0,0.0,49.0,19.808,0.3867924528301887,0.54,10.900000000000027,4.1276000000000055,3.7999999999999963,8.171630926523747,2,
3101,200,0.045004175708259125,44.44999999999996,0.14356115766037023,3.0,0.0,53.0,21.736681887366817,0.25,2.2648401826484017,13.000000000000044,4.412480974124817,4.1000000000000005,8.009543146267392,1,
3102,200,0.0449591940271399,41.599999999999966,0.1435633911012256,2.0,0.0,48.0,19.633223684210527,0.282520325203252,1.3766447368421053,11.100000000000025,3.7930921052631605,2.799999999999997,8.778133921977632,2,
3103,200,0.04491425730521843,44.62499999999997,0.14356503310231214,2.0,0.0,47.0,20.501420454545453,0.17537313432835822,2.178977272727273,9.900000000000041,3.7599431818181865,3.2999999999999927,5.990452992746433,1,
3104,200,0.04486936549755803,47.77499999999996,0.14356709306060972,2.0,0.0,53.0,22.428148148148146,0.23299319727891166,2.9140740740740743,12.70000000000004,4.901481481481489,4.099999999999998,12.175343046020478,1,
3105,200,0.04482451855926687,48.14999999999996,0.14356609038574958,2.0,0.0,49.0,20.50228310502283,0.21808510638297873,1.0487062404870624,10.500000000000028,3.67184170471842,3.399999999999996,6.503955815849986,1,
3106,200,0.044779716445498004,40.34999999999999,0.14356381131846474,3.0,0.0,51.0,19.333333333333332,0.3256302521008403,1.5734024179620034,11.800000000000042,3.716234887737489,4.000000000000007,7.007805691444997,2,
3107,200,0.04473495911144929,44.299999999999976,0.1435647983038733,2.0,0.0,47.0,20.2390243902439,0.28100775193798455,1.886178861788618,10.200000000000012,3.1191869918699173,1.8999999999999941,6.420787046829415,1,
3108,200,0.04469024651236344,47.39999999999996,0.14356712504475183,2.0,0.0,53.0,22.02915451895044,0.22945205479452047,2.7346938775510203,12.900000000000041,4.6820699708454905,4.150000000000001,10.785984232726733,1,
3109,200,0.04464557860352782,44.09999999999998,0.14356965266844957,3.0,0.0,50.0,20.809264305177113,0.1619718309859155,4.615803814713897,11.700000000000038,3.887057220708452,3.300000000000008,8.912205974886593,2,
3110,200,0.044600955340274535,41.09999999999995,0.14357651690413026,2.0,1.0,53.0,23.22495894909688,0.328125,2.2742200328407227,13.600000000000028,4.826272577996721,3.2999999999999976,13.322432700604054,1,
3111,200,0.04455637667798028,42.924999999999976,0.14357899746363223,2.0,0.0,46.0,20.723577235772357,0.2857142857142857,2.1577235772357723,9.100000000000035,3.409918699186994,2.099999999999995,7.088619548204278,1,
3112,200,0.04451184257206644,48.24999999999997,0.14357620069970262,2.0,0.0,51.0,22.085403726708076,0.24650349650349646,2.4239130434782608,12.100000000000039,4.534161490683239,4.400000000000002,8.072051213425507,1,
3113,200,0.04446735297799888,49.19999999999998,0.14357885380185798,2.0,0.0,47.0,20.37027027027027,0.1317567567567568,3.0243243243243243,9.700000000000033,3.5397297297297348,3.1999999999999984,5.0088901550222324,1,
3114,200,0.044422907851287996,45.87499999999994,0.1435822555070424,2.0,1.0,49.0,21.164723032069972,0.204225352112676,3.4650145772594754,12.500000000000021,4.163411078717201,2.7999999999999954,10.772488806723462,1,
3115,200,0.04437850714748865,32.77499999999998,0.1435868118559336,2.0,0.0,48.0,20.030837004405285,0.4552631578947368,0.6013215859030837,11.30000000000002,3.7977973568281973,3.3499999999999956,8.33805322271551,2,
3116,200,0.04433415082220017,41.3,0.1435874229594768,1.0,0.0,39.0,18.463414634146343,0.2543859649122807,0.6910569105691057,5.499999999999997,2.053821138211377,1.8999999999999964,1.320407589153516,1,
3117,200,0.044289838831066214,48.59999999999995,0.14358800331887045,2.0,1.0,56.0,22.281899109792285,0.2333333333333334,3.1513353115727,14.60000000000004,4.810830860534128,3.299999999999999,14.926933355346511,1,
3118,200,0.04424557112977477,38.64999999999998,0.14358733274291907,2.0,0.0,50.0,22.286,0.4,0.5,11.200000000000026,5.506400000000014,6.000000000000017,10.670441721766966,2,
3119,200,0.04420134767405813,50.22499999999997,0.14358914468440115,2.0,1.0,47.0,20.51168831168831,0.09967320261437917,4.207792207792208,9.100000000000037,3.38818181818182,2.999999999999997,3.52980134896503,1,
3120,200,0.04415716841969286,42.52499999999999,0.14358770388398467,2.0,0.0,51.0,19.706375838926174,0.282258064516129,1.4748322147651007,12.100000000000035,4.226845637583899,3.4499999999999975,11.176525540869685,2,
3121,200,0.044113033322499696,51.874999999999964,0.14358988459367578,2.0,0.0,55.0,21.876963350785342,0.14130434782608692,4.1688481675392675,14.900000000000034,4.26256544502618,3.3999999999999964,10.273040337847739,1,
3122,200,0.04406894233834353,52.17499999999997,0.14359324073710406,2.0,0.0,49.0,20.401055408970976,0.12908496732026142,2.142480211081794,10.700000000000038,3.4283641160949876,2.4999999999999947,6.626951074120729,1,
3123,200,0.04402489542313335,44.674999999999955,0.14359523692952839,2.0,0.0,48.0,21.7893175074184,0.22142857142857153,3.026706231454006,9.80000000000004,4.515281899109803,4.399999999999999,7.1894707170767145,1,
3124,200,0.04398089253282229,51.27499999999998,0.14359809774461016,2.0,0.0,50.0,20.495588235294118,0.20945945945945943,1.436764705882353,11.200000000000028,3.7532352941176526,3.1999999999999953,7.8382417782045914,1,
3125,200,0.04393693362340742,50.69999999999997,0.1436023243968479,2.0,0.0,49.0,22.028169014084508,0.1748366013071896,3.6633802816901406,10.400000000000041,4.664084507042261,4.299999999999997,9.132742278798474,1,
3126,200,0.04389301865092984,33.62499999999998,0.14360802455494182,2.0,1.0,48.0,22.169811320754718,0.5,0.03773584905660377,9.600000000000033,4.582311320754726,4.900000000000016,4.36506516478936,2,
3127,200,0.04384914757147454,44.374999999999986,0.14361284298416493,2.0,0.0,50.0,22.529032258064515,0.28787878787878785,4.038709677419355,11.300000000000033,4.557741935483877,4.049999999999998,8.020783508802126,1,
3128,200,0.04380532034117049,43.474999999999994,0.14361572946478846,2.0,1.0,53.0,20.188622754491018,0.24624060150375948,4.384730538922156,13.400000000000036,3.535029940119764,2.3999999999999906,8.482115265237391,1,
3129,200,0.04376153691619043,46.64999999999995,0.14361905935399472,2.0,1.0,51.0,21.819371727748692,0.14423076923076916,5.710732984293194,12.500000000000012,4.22801047120419,2.6999999999999966,12.76444670589955,2,
3130,200,0.04371779725275094,42.82499999999996,0.14362448705742306,2.0,0.0,52.0,22.271544715447156,0.30078125,1.6113821138211382,12.500000000000025,4.338699186991876,3.7999999999999967,8.97517650915863,1,
3131,200,0.04367410130711232,41.77499999999996,0.14362560092809135,2.0,0.0,51.0,21.88130081300813,0.31399999999999995,1.7284552845528456,12.100000000000032,4.10455284552846,3.8000000000000007,7.32481164600876,1,
3132,200,0.043630449035578674,47.29999999999998,0.14362431248374244,2.0,0.0,47.0,20.07566765578635,0.20035460992907805,3.2685459940652817,9.100000000000005,3.4870919881305653,3.3499999999999948,3.873743987672687,1,
3133,200,0.04358684039449769,40.74999999999999,0.14362500004484435,2.0,0.0,40.0,18.55591054313099,0.25,0.7859424920127795,5.300000000000007,2.5554313099041543,3.0,2.292731942583738,2,
3134,200,0.04354327534026074,49.72499999999995,0.14362695861591865,2.0,0.0,53.0,21.025575447570333,0.11858974358974361,4.478260869565218,13.60000000000003,3.5748081841432247,2.499999999999991,11.040854015302838,1,
3135,200,0.04349975382930273,48.47499999999998,0.14362860435949618,2.0,0.0,46.0,20.125,0.1964285714285714,2.9573529411764707,8.700000000000049,3.5308823529411835,3.6999999999999975,4.633350418145406,1,
3136,200,0.04345627581810221,50.09999999999998,0.14362986209655132,2.0,0.0,50.0,20.911849710982658,0.18793103448275872,1.3771676300578035,11.10000000000004,4.015028901734112,4.399999999999997,5.836231406477479,1,
3137,200,0.043412841263181116,42.74999999999998,0.14363447388010234,2.0,0.0,46.0,21.118022328548644,0.266,2.9808612440191387,8.700000000000024,3.793460925039876,3.7999999999999923,4.853191276123831,1,
3138,200,0.04336945012110491,43.074999999999974,0.1436339190321639,3.0,1.0,56.0,21.122149837133552,0.31153846153846154,3.519543973941368,14.400000000000032,4.5148208469055415,3.4999999999999964,13.833090651069703,2,
3139,200,0.04332610234848241,51.39999999999996,0.14363371082744752,2.0,1.0,50.0,22.242744063324537,0.13509316770186341,4.094986807387863,11.300000000000027,4.533377308707127,3.599999999999996,8.54886125629398,1,
3140,200,0.043282797901965896,43.22499999999997,0.14363408557393104,2.0,0.0,50.0,22.715447154471544,0.2913533834586466,2.8910569105691057,11.600000000000039,4.605040650406511,3.3999999999999977,11.534753056389942,1,
3141,200,0.043239536738250886,48.27499999999998,0.14363492624426183,3.0,0.0,61.0,20.752380952380953,0.20424836601307184,4.346938775510204,17.60000000000002,3.7985034013605454,2.3999999999999937,14.981018688544083,1,
3142,200,0.04319631881407622,44.37499999999998,0.14363654552870958,2.0,0.0,54.0,21.142433234421365,0.22887323943661975,3.7537091988130564,13.30000000000004,4.607863501483685,2.9999999999999964,12.615470386880267,2,
3143,200,0.043153144086223956,33.95,0.14363281278957818,1.0,0.0,39.0,17.18713450292398,0.375,0.19883040935672514,4.399999999999996,2.203118908382062,2.2999999999999887,1.0478694978112792,2,
3144,200,0.043110012511519386,50.52499999999999,0.14363698277949025,2.0,0.0,53.0,20.66189111747851,0.20205479452054798,2.293696275071633,12.700000000000045,3.8631805157593173,2.799999999999998,9.888936829206793,1,
3145,200,0.04306692404683092,38.89999999999999,0.14363500922361233,2.0,0.0,42.0,17.788359788359788,0.3107476635514018,0.6701940035273368,6.500000000000021,2.6890652557319226,2.4999999999999973,2.3605932414273734,2,
3146,200,0.04302387864907009,41.19999999999997,0.1436355250855503,2.0,1.0,46.0,21.610837438423644,0.30327868852459017,1.3908045977011494,9.000000000000027,4.040065681444997,3.199999999999998,7.255754206212304,2,
3147,200,0.042980876275191475,42.599999999999994,0.14363394658248058,2.0,0.0,40.0,20.45807453416149,0.21638655462184864,1.4456521739130435,8.000000000000007,3.5577639751552868,3.7999999999999985,3.198379109551905,1,
3148,200,0.042937916882192735,37.94999999999997,0.14363556368167546,3.0,0.0,51.0,21.417085427135678,0.33333333333333337,2.3618090452261304,12.500000000000028,4.107202680067007,2.900000000000009,10.990112960427437,2,
3149,200,0.04289500042711446,34.724999999999994,0.14363692796486952,2.0,0.0,43.0,17.497076023391813,0.3891752577319587,1.2514619883040936,6.600000000000006,2.389083820662765,2.0999999999999903,2.040902237354088,2,
3150,200,0.04285212686704019,43.05,0.1436351634211605,2.0,0.0,40.0,19.017214397496087,0.22478991596638664,0.6823161189358372,5.2999999999999945,2.6517996870109535,2.7000000000000073,1.6698560932601878,1,
3151,200,0.04280929615909633,53.84999999999996,0.1436348308418236,2.0,0.0,48.0,21.5275,0.0553892215568863,4.67625,11.80000000000002,3.6665000000000028,3.200000000000002,6.971838643497916,0,
3152,200,0.04276650826045222,45.32499999999998,0.14363450420095553,1.0,0.0,46.0,19.365296803652967,0.23062015503875966,1.5220700152207,9.20000000000001,2.9896499238964998,2.399999999999997,4.656950848839813,1,
3153,200,0.04272376312831993,41.27499999999999,0.143632225634592,2.0,0.0,42.0,17.340531561461795,0.2456521739130435,0.7242524916943521,6.100000000000015,2.7420265780730912,2.899999999999998,2.6163306871080083,2,
3154,200,0.04268106071995433,34.74999999999999,0.1436297691279078,1.0,1.0,46.0,20.373303167420815,0.473404255319149,0.07013574660633484,8.400000000000011,3.7923076923076966,3.6999999999999944,3.9326306414213805,2,
3155,200,0.04263840099265299,44.94999999999999,0.14362859235975267,2.0,0.0,41.0,18.379573170731707,0.20599999999999996,0.8978658536585366,6.3,2.3923780487804853,1.9999999999999982,2.1775689172388994,1,
3156,200,0.042595783903756214,32.57499999999999,0.14362715642720986,2.0,0.0,45.0,21.110849056603772,0.4917582417582418,0.27122641509433965,8.500000000000007,3.9469339622641524,3.2499999999999942,5.465775719649583,2,
3157,200,0.04255320941064689,41.57499999999998,0.14362383110409443,2.0,0.0,44.0,19.52555910543131,0.2337398373983739,1.865814696485623,8.200000000000035,3.919329073482438,4.550000000000001,5.560934507177096,2,
3158,200,0.042510677470750526,39.42499999999997,0.14362876117166928,2.0,1.0,45.0,21.060301507537687,0.30508474576271183,1.6716917922948074,8.100000000000044,4.054941373534346,3.8999999999999995,6.668122432717617,2,
3159,200,0.042468188041535154,22.525,0.1436282486100499,8.0,0.0,48.0,15.450793650793651,0.5277777777777778,0.19682539682539682,9.600000000000023,2.962222222222224,1.7999999999999994,6.452764855276974,3,
3160,200,0.042425741080511385,39.374999999999986,0.1436308586755476,2.0,0.0,46.0,18.45273631840796,0.3125,0.5157545605306799,8.700000000000006,2.23897180762852,1.799999999999995,3.781062077842074,2,
3161,200,0.04238333654523223,47.62499999999995,0.14363280365514441,3.0,0.0,59.0,22.10725075528701,0.26398601398601396,2.3987915407854983,16.90000000000003,4.660574018126891,3.399999999999996,17.8729123568432,1,
3162,200,0.042340974393293145,45.499999999999964,0.1436317516480634,2.0,0.0,54.0,21.466472303207,0.215034965034965,3.7857142857142856,13.400000000000041,4.344460641399428,4.000000000000012,7.840416005269974,1,
3163,200,0.04229865458233197,35.099999999999966,0.14362738703053407,2.0,0.0,50.0,20.337231968810915,0.39761904761904765,1.105263157894737,10.900000000000032,4.351656920077979,4.399999999999997,9.979221333900828,2,
3164,200,0.042256377070028925,45.42499999999996,0.14362683928130113,2.0,0.0,51.0,22.48447204968944,0.2682481751824818,1.6366459627329193,12.200000000000044,4.773602484472058,4.299999999999999,10.731906687402892,1,
3165,200,0.042214141814106466,30.89999999999997,0.14362871339477362,2.0,0.0,44.0,21.008928571428573,0.4691011235955056,0.25892857142857145,7.9000000000000306,4.2484375000000085,4.900000000000029,5.155782175652614,2,
3166,200,0.04217194877232933,37.44999999999999,0.14362564739372743,2.0,0.0,48.0,21.025806451612905,0.4296116504854369,0.3311827956989247,10.600000000000028,4.529892473118286,4.200000000000001,10.205196647920733,2,
3167,200,0.04212979790250448,42.94999999999999,0.14362479579221912,2.0,0.0,47.0,21.852032520325203,0.2893700787401575,1.4357723577235773,9.600000000000035,4.0869918699187044,3.599999999999997,5.772268814247678,1,
3168,200,0.042087689162481054,42.82499999999999,0.14362845508270078,2.0,1.0,54.0,20.007130124777184,0.33536585365853655,0.875222816399287,13.200000000000031,4.370766488413552,3.1999999999999966,11.08916281138796,2,
3169,200,0.042045622510150295,44.77499999999994,0.14363000823709807,2.0,0.0,50.0,22.81534090909091,0.1837748344370862,6.005681818181818,11.400000000000023,5.148295454545467,4.800000000000001,10.586836637309247,1,
3170,200,0.04200359790344555,44.22499999999999,0.14362960879841183,2.0,0.0,47.0,19.80564263322884,0.226923076923077,1.725705329153605,9.70000000000003,4.108934169279004,3.4999999999999973,8.509768673088649,2,
3171,200,0.041961615300342196,49.49999999999996,0.14362849038563413,2.0,1.0,49.0,20.81607629427793,0.14735099337748347,3.4059945504087192,10.500000000000018,3.8420980926430564,3.1999999999999975,7.150053011108998,1,
3172,200,0.04191967465885765,51.99999999999994,0.14362934260486887,2.0,0.0,50.0,21.437027707808564,0.09687500000000004,3.288413098236776,10.900000000000004,3.6855163727959708,2.799999999999989,7.875029416196802,1,
3173,200,0.04187777593705126,36.374999999999986,0.1436316291012575,2.0,0.0,42.0,17.983783783783785,0.34134615384615385,0.8144144144144144,7.2000000000000135,2.4055855855855826,2.099999999999989,2.792716606498207,2,
3174,200,0.0418359190930243,40.87499999999996,0.14363367443970745,2.0,0.0,56.0,20.763578274760384,0.30952380952380953,2.463258785942492,14.900000000000041,4.018051118210869,2.700000000000004,14.246244057416353,2,
3175,200,0.041794104084919896,42.599999999999966,0.14363676436914935,3.0,0.0,52.0,20.75,0.2848837209302325,2.579113924050633,12.000000000000025,3.6253164556962028,3.2999999999999905,6.22133667815827,1,
3176,200,0.04175233087092308,49.499999999999986,0.1436395804311137,2.0,1.0,44.0,19.508310249307478,0.1338028169014085,2.164819944598338,8.200000000000031,3.1139889196675967,3.250000000000005,3.622373585940875,1,
3177,200,0.04171059940926062,43.84999999999995,0.14363676297578531,2.0,0.0,57.0,23.697865353037766,0.31204379562043794,3.5763546798029555,15.00000000000003,5.110016420361253,4.399999999999998,12.456172993960367,1,
3178,200,0.04166890965820104,54.049999999999955,0.1436351048819821,2.0,0.0,48.0,22.0925,0.07727272727272738,3.2275,9.600000000000028,4.005500000000005,3.149999999999998,8.158682497941463,0,
3179,200,0.04162726157605457,44.94999999999996,0.1436353862462046,2.0,0.0,49.0,21.239935587761675,0.26865671641791045,3.074074074074074,10.600000000000014,3.796779388083736,3.3999999999999932,5.279326988901584,1,
3180,200,0.04158565512117316,42.64999999999998,0.14363462196267146,2.0,0.0,46.0,20.908212560386474,0.28200000000000003,1.8631239935587762,8.600000000000021,3.9204508856682825,3.4999999999999947,5.245311948967993,2,
3181,200,0.04154409025195034,52.62499999999997,0.14363750745125436,2.0,0.0,53.0,23.32262569832402,0.17138364779874204,3.0,12.700000000000033,5.424022346368728,5.750000000000023,10.207012669339099,1,
3182,200,0.04150256692682124,43.549999999999976,0.14363920355767337,2.0,0.0,54.0,21.811165845648603,0.328125,1.2183908045977012,13.300000000000022,3.9779967159277527,2.7999999999999985,9.246634383088912,1,
3183,200,0.0414610851042625,37.24999999999998,0.1436381139839334,2.0,0.0,47.0,19.67294520547945,0.27212389380530977,2.4486301369863015,10.60000000000003,4.255136986301376,3.4000000000000044,9.601577106331902,2,
3184,200,0.04141964474279235,51.47499999999995,0.14363752829521814,3.0,0.0,64.0,22.45640326975477,0.21518987341772156,3.0095367847411443,19.8,4.826294277929161,3.799999999999998,19.26717816075957,1,
3185,200,0.04137824580097038,49.72499999999997,0.1436401905488092,2.0,0.0,53.0,20.84864864864865,0.1748366013071896,2.2378378378378376,13.300000000000024,3.8267567567567564,2.599999999999996,11.999278961429846,2,
3186,200,0.041336888237397666,44.17499999999998,0.14364317657202763,2.0,0.0,45.0,21.24878048780488,0.2655038759689923,1.6520325203252033,8.900000000000013,3.725040650406504,3.2999999999999874,4.567840327425041,1,
3187,200,0.04129557201071661,44.124999999999964,0.1436431233500956,2.0,0.0,49.0,22.253658536585366,0.28515625,2.078048780487805,10.500000000000012,4.327967479674805,4.60000000000003,6.584861246245642,1,
3188,200,0.04125429707961103,50.69999999999996,0.14364327767020754,2.0,0.0,49.0,21.23936170212766,0.1314102564102564,3.2194148936170213,11.700000000000019,3.978723404255324,3.600000000000011,9.06270163023012,1,
3189,200,0.04121306340280596,47.87499999999997,0.14364624020707223,2.0,0.0,58.0,21.548104956268222,0.23972602739726034,2.3965014577259476,15.700000000000042,4.645335276967939,3.9000000000000012,13.070319425408341,2,
3190,200,0.04117187093906774,41.34999999999999,0.14364739425261425,3.0,0.0,50.0,19.25874125874126,0.30833333333333335,1.3986013986013985,10.90000000000004,3.962587412587423,4.450000000000005,6.669774529850327,2,
3191,200,0.04113071964720386,37.574999999999974,0.14364682698872172,2.0,0.0,50.0,19.601092896174862,0.36711711711711714,0.8597449908925319,11.200000000000037,3.692531876138436,2.099999999999991,10.633185335102926,2,
3192,200,0.04108960948606308,50.99999999999993,0.1436532962049906,2.0,0.0,50.0,21.57875,0.08024691358024683,4.32875,10.900000000000015,3.6972500000000035,2.7499999999999947,6.507052604769729,0,
3193,200,0.041048540414535206,44.29999999999997,0.14365719238842473,2.0,1.0,51.0,21.382789317507417,0.2250000000000001,3.06973293768546,12.000000000000043,4.2713649851632125,2.8999999999999977,11.149783215013008,1,
3194,200,0.04100751239155117,46.62499999999996,0.14366056402671776,2.0,1.0,55.0,21.583094555873924,0.21527777777777768,3.2163323782234956,13.800000000000047,4.415902578796568,3.199999999999997,10.963050412251246,1,
3195,200,0.040966525376082925,51.074999999999946,0.14365997559797472,2.0,0.0,51.0,21.28056628056628,0.11956521739130443,4.42985842985843,11.900000000000023,3.7804375804375803,3.1999999999999975,6.811623446320222,1,
3196,200,0.04092557932714349,43.87499999999997,0.1436592178715828,2.0,0.0,46.0,20.129909365558913,0.226923076923077,2.3474320241691844,9.400000000000041,3.4741691842900346,2.649999999999996,7.172747927519726,1,
3197,200,0.04088467420378679,50.52499999999997,0.1436628847374258,2.0,0.0,44.0,20.160949868073878,0.09693877551020402,2.7506596306068603,8.100000000000016,3.2843007915567295,3.2000000000000033,3.3778464850678036,1,
3198,200,0.0408438099651077,44.849999999999966,0.14367218291248282,2.0,0.0,52.0,21.137931034482758,0.28383458646616544,2.335423197492163,12.400000000000038,3.915203761755492,3.099999999999998,10.247113769306992,1,
3199,200,0.04080298657024196,43.924999999999976,0.14367572266389547,2.0,0.0,44.0,19.875,0.22286821705426352,2.4847560975609757,7.800000000000008,3.2896341463414647,2.5999999999999983,4.634964295258376,1,
3200,200,0.04076220397836621,46.99999999999998,0.14367911122839142,2.0,0.0,47.0,20.22153846153846,0.22777777777777786,1.833846153846154,9.600000000000042,3.4598461538461582,2.449999999999996,6.836019233181669,1,
3201,200,0.04072146214869783,19.174999999999994,0.1436780117261453,6.0,0.0,49.0,20.278884462151396,0.6933962264150944,0.0796812749003984,10.700000000000028,4.758565737051798,4.399999999999997,12.987015238095296,3,
3202,200,0.040680761040495,46.824999999999996,0.14368310554751118,1.0,0.0,41.0,19.225075528700906,0.18181818181818188,2.324773413897281,5.900000000000026,2.9312688821752273,2.5999999999999943,2.2674715397622003,1,
3203,200,0.0406401006130566,46.124999999999964,0.14368752302970186,2.0,0.0,54.0,21.251184834123222,0.28308823529411764,1.7440758293838863,14.100000000000021,3.9361769352290708,2.7999999999999967,10.218195403905328,1,
3204,200,0.04059948082572218,41.07499999999998,0.14368728771020448,2.0,0.0,45.0,17.906153846153845,0.20901639344262302,1.88,8.200000000000031,2.8681538461538487,2.3999999999999986,4.890212781568747,2,
3205,200,0.040558901637871986,41.07499999999995,0.14368588309787195,2.0,0.0,52.0,22.234146341463415,0.3046875,3.1479674796747967,13.200000000000035,4.31626016260163,3.3999999999999946,12.595151021616894,1,
3206,200,0.040518363008926805,42.92499999999999,0.1436906061313709,2.0,0.0,45.0,21.183908045977013,0.27439024390243905,2.2216748768472905,8.600000000000009,3.6016420361247956,3.0999999999999974,4.551865077653178,1,
3207,200,0.040477864898348016,51.07499999999996,0.1436959061364274,2.0,0.0,49.0,21.99868073878628,0.11624203821656054,3.4736147757255935,12.000000000000037,4.386939313984177,3.4999999999999956,9.101098556642254,1,
3208,200,0.04043740726563748,51.29999999999997,0.14370267112116897,2.0,1.0,48.0,21.98875,0.06595092024539873,4.33375,10.500000000000034,3.943250000000008,3.9000000000000004,6.264439225686342,0,
3209,200,0.0403969900703376,46.49999999999994,0.14370544013146788,2.0,1.0,52.0,21.89196675900277,0.17666666666666675,3.8254847645429364,14.500000000000028,4.544182825484765,3.1999999999999975,14.903962895394713,1,
3210,200,0.04035661327203115,44.925,0.14370584926702656,2.0,0.0,44.0,19.648780487804878,0.2782258064516129,0.9902439024390244,7.800000000000013,2.7650406504065006,1.999999999999997,3.577827953805165,1,
3211,200,0.040316276830341335,32.14999999999999,0.14370897289041035,2.0,0.0,47.0,20.427906976744186,0.49444444444444446,1.283720930232558,9.400000000000007,3.6525581395348854,3.5999999999999934,4.744844698997844,2,
3212,200,0.0402759807049317,43.12499999999999,0.14370733113364584,2.0,1.0,43.0,20.144615384615385,0.2338709677419355,2.5615384615384613,7.000000000000025,3.413692307692316,3.499999999999999,4.194976295801936,1,
3213,200,0.04023572485550614,48.62499999999996,0.14371076938021185,2.0,0.0,51.0,21.490701001430615,0.19630872483221484,2.775393419170243,11.700000000000037,4.3597997138769715,3.099999999999995,10.607346991404077,1,
3214,200,0.040195509241808786,54.074999999999946,0.14371518878346703,2.0,0.0,56.0,22.38625,0.10928143712574845,3.8275,14.400000000000047,4.1817500000000125,3.900000000000005,10.033682615129162,0,
3215,200,0.040155333823624025,43.09999999999995,0.14371684586601746,2.0,1.0,55.0,23.080459770114942,0.33015267175572516,2.1773399014778323,14.000000000000025,4.739573070607559,4.099999999999997,9.31847551768769,1,
3216,200,0.040115198560776416,40.27499999999996,0.14372029515232615,2.0,0.0,51.0,20.71473354231975,0.282258064516129,3.377742946708464,13.00000000000004,3.6612852664576807,2.2999999999999945,10.692179474895866,1,
3217,200,0.04007510341313073,53.44999999999996,0.1437245238402691,2.0,0.0,52.0,22.33375,0.09337349397590367,4.69,12.200000000000033,4.150250000000011,4.300000000000005,6.6823353786490785,0,
3218,200,0.040035048340591795,49.29999999999998,0.1437261847391247,2.0,0.0,45.0,19.7,0.13652482269503552,1.0891891891891892,9.100000000000017,3.1375675675675714,2.300000000000007,4.403975098566672,1,
3219,200,0.03999503330310454,44.72499999999996,0.14372393118269547,2.0,0.0,56.0,22.70081300813008,0.3257575757575758,1.3642276422764228,14.40000000000003,4.596260162601632,3.7000000000000006,10.25320011421808,1,
3220,200,0.039955058260653896,33.04999999999998,0.14373039034872742,2.0,0.0,45.0,19.636559139784946,0.4236842105263158,1.086021505376344,8.700000000000019,3.7027956989247324,3.2999999999999985,5.327952308716906,2,
3221,200,0.03991512317326487,43.49999999999998,0.14373565064428143,3.0,0.0,56.0,21.83783783783784,0.17666666666666675,5.84054054054054,15.70000000000003,4.420270270270276,2.6999999999999993,17.77759455367894,1,
3222,200,0.039875228001002336,42.64999999999996,0.14373831522793834,2.0,0.0,50.0,20.880398671096344,0.3051181102362205,1.5980066445182723,10.900000000000038,4.279900332225918,3.2999999999999963,9.386947486637862,2,
3223,200,0.03983537270397113,41.449999999999974,0.143736220078587,2.0,1.0,49.0,20.177235772357722,0.3078512396694215,1.2845528455284554,10.500000000000016,3.256747967479674,2.4999999999999902,4.804776111510661,2,
3224,200,0.039795557242315927,32.64999999999998,0.1437413392749621,2.0,0.0,48.0,20.36046511627907,0.49193548387096775,0.8627906976744186,9.80000000000001,3.6120930232558135,2.8999999999999937,5.659186691112459,2,
3225,200,0.039755781576221304,47.07499999999996,0.14374320969371962,2.0,1.0,51.0,20.679083094555875,0.19999999999999996,2.7908309455587395,11.700000000000022,3.873495702005731,3.4999999999999982,7.389871429363152,1,
3226,200,0.03971604566591157,49.499999999999936,0.14374557701909563,2.0,0.0,49.0,22.01625,0.08125000000000004,4.89,10.800000000000043,3.9597500000000023,2.999999999999993,7.508491669518296,0,
3227,200,0.0396763494716508,41.34999999999998,0.1437452813735885,2.0,0.0,48.0,19.864820846905538,0.266260162601626,2.470684039087948,10.100000000000037,4.112214983713361,3.6999999999999984,6.793859043223435,2,
3228,200,0.0396366929537428,55.84999999999995,0.14374869800539097,2.0,0.0,51.0,21.87125,0.08333333333333326,3.2775,12.000000000000018,3.872750000000003,2.949999999999997,8.214070271984848,0,
3229,200,0.03959707607253108,48.84999999999995,0.14374964687933522,2.0,0.0,52.0,22.501445086705203,0.20364238410596025,3.046242774566474,14.000000000000028,4.968786127167636,3.8000000000000007,13.873823452636852,1,
3230,200,0.039557498788398725,32.47499999999998,0.14375062518671142,2.0,0.0,46.0,22.02358490566038,0.4945652173913043,0.5023584905660378,8.900000000000022,4.494575471698117,4.549999999999996,6.881353191489399,2,
3231,200,0.039517961061768456,45.54999999999996,0.14375050671110445,2.0,1.0,47.0,22.013975155279503,0.23888888888888893,1.8990683229813665,9.000000000000036,4.491304347826097,4.400000000000011,5.579223552388929,1,
3232,200,0.039478462853102525,47.59999999999997,0.14375032377271302,3.0,0.0,52.0,22.617693522906794,0.27142857142857146,1.6113744075829384,12.20000000000003,4.756082148499217,3.799999999999994,10.418002435810473,1,
3233,200,0.03943900412290276,45.224999999999966,0.14375318692079708,2.0,0.0,48.0,22.770114942528735,0.28076923076923077,1.4400656814449917,10.10000000000004,4.553366174055835,4.70000000000003,4.72532571182058,1,
3234,200,0.03939958483171039,46.72499999999997,0.14375414607355763,2.0,0.0,46.0,20.927692307692308,0.2279411764705883,1.9507692307692308,8.700000000000035,3.8835384615384685,3.4999999999999973,5.6716347494314086,1,
3235,200,0.03936020494010615,44.97499999999995,0.14375892931070705,2.0,1.0,48.0,23.455271565495206,0.2685185185185185,1.7252396166134185,10.800000000000036,5.184504792332279,4.6500000000000075,10.51021802870821,1,
3236,200,0.039320864408710104,46.074999999999974,0.14376311239689493,2.0,0.0,48.0,20.33383685800604,0.21739130434782616,3.0725075528700905,9.900000000000043,3.59652567975831,3.0999999999999925,4.8224611688036525,1,
3237,200,0.03928156319818176,41.59999999999997,0.14376394828813874,2.0,1.0,49.0,22.210180623973727,0.3114754098360656,1.5714285714285714,10.900000000000045,4.21740558292283,3.599999999999994,6.877088330457356,1,
3238,200,0.03924230126921989,45.74999999999999,0.14377137160385178,2.0,0.0,39.0,18.910714285714285,0.1071428571428572,3.4601648351648353,7.100000000000012,2.7293956043956045,2.4999999999999973,2.5617231496104784,1,
3239,200,0.03920307858256256,44.92499999999999,0.14377268368196316,2.0,0.0,44.0,19.649769585253456,0.22999999999999998,1.241167434715822,7.300000000000016,3.123655913978494,2.999999999999996,2.8493703161868864,1,
3240,200,0.039163895098987066,46.999999999999986,0.14377584843368058,2.0,0.0,43.0,18.9533527696793,0.17592592592592582,2.520408163265306,7.100000000000024,2.836588921282798,2.699999999999994,2.769556348877499,1,
3241,200,0.03912475077930995,26.549999999999965,0.14377618443175003,2.0,0.0,49.0,18.997762863534675,0.4767441860465116,1.5659955257270695,11.900000000000034,3.833780760626407,1.5999999999999974,14.279086923446616,3,
3242,200,0.03908564558438687,43.34999999999996,0.14377818334575693,2.0,0.0,48.0,22.547967479674796,0.28846153846153844,2.5528455284552845,11.80000000000003,4.504552845528462,3.2999999999999954,11.062057299378232,1,
3243,200,0.039046579475112635,45.72499999999999,0.1437799361669703,2.0,0.0,47.0,21.161137440758292,0.25384615384615383,1.3917851500789888,9.100000000000028,3.882148499210115,3.8000000000000105,4.871304855648311,1,
3244,200,0.03900755241242111,41.449999999999974,0.14377759098157494,2.0,0.0,50.0,22.949238578680202,0.33399999999999996,2.734348561759729,11.200000000000042,4.942301184433172,4.599999999999998,10.871947320201643,2,
3245,200,0.03896856435728526,52.52499999999996,0.1437810961810506,2.0,0.0,50.0,22.145,0.07716049382716039,4.9175,10.800000000000038,4.037000000000003,3.299999999999991,7.435992618738521,0,
3246,200,0.038929615270717026,42.52499999999998,0.1437825207558882,2.0,0.0,48.0,21.54385964912281,0.27362204724409445,2.094098883572568,9.90000000000003,4.048963317384375,3.299999999999997,7.5018800492461,1,
3247,200,0.0388907051137673,47.02499999999996,0.14378522990720527,2.0,0.0,47.0,22.26098901098901,0.15816326530612246,4.472527472527473,9.60000000000002,4.739560439560449,4.099999999999998,7.8232848978175324,1,
3248,200,0.03885183384752591,52.07499999999996,0.14378999486359592,2.0,0.0,54.0,22.02,0.09451219512195119,5.0775,13.700000000000026,3.9620000000000037,2.8999999999999977,9.006570072765786,0,
3249,200,0.03881300143312163,45.52499999999998,0.14379211158469737,2.0,1.0,49.0,20.871544715447154,0.29961832061068705,1.6065040650406504,10.200000000000014,3.4986991869918707,2.699999999999996,6.473511358348523,1,
3250,200,0.03877420783172201,44.09999999999997,0.14379014202631285,2.0,0.0,47.0,19.921011058451818,0.27,1.3238546603475514,9.700000000000031,3.138072669826225,2.499999999999998,4.881232480134208,1,
3251,200,0.03873545300453345,34.14999999999997,0.14379211232318984,2.0,0.0,48.0,18.46875,0.37376237623762376,1.81640625,9.600000000000032,3.3992187500000033,2.799999999999999,6.485258503946359,2,
3252,200,0.038696736912801115,40.17499999999997,0.14379319111318337,2.0,0.0,49.0,21.552677029360968,0.33536585365853655,1.9343696027633852,11.100000000000028,4.4312607944732365,3.499999999999997,8.485973809807964,2,
3253,200,0.03865805951780893,33.84999999999998,0.14379240086935974,2.0,0.0,46.0,21.6,0.48655913978494625,0.046511627906976744,9.100000000000026,4.347441860465121,4.3000000000000025,5.573965462225365,2,
3254,200,0.03861942078087949,53.449999999999974,0.14379453872560957,2.0,0.0,51.0,20.47625,0.10256410256410264,2.985,11.600000000000032,3.0357499999999993,2.1999999999999957,6.432881988878145,1,
3255,200,0.03858082066337404,48.37499999999996,0.1437942988994215,2.0,0.0,56.0,21.986880466472304,0.2433333333333334,2.2332361516034984,14.500000000000046,4.656705539358606,2.399999999999999,15.350738384385835,2,
3256,200,0.03854225912669246,38.44999999999999,0.14379584773437107,3.0,0.0,51.0,20.926553672316384,0.38716814159292035,1.1807909604519775,13.000000000000027,4.484934086629005,3.699999999999994,13.202720031210166,2,
3257,200,0.038503736132273224,41.224999999999966,0.1437968607711378,2.0,0.0,49.0,20.578175895765472,0.278,2.7899022801302933,12.100000000000014,4.38778501628665,3.599999999999998,11.457845356039254,2,
3258,200,0.03846525164159334,53.89999999999997,0.1437959856264111,2.0,0.0,55.0,22.391008174386922,0.16515151515151505,2.9182561307901906,13.800000000000034,4.787057220708452,4.250000000000002,13.270470195172265,1,
3259,200,0.0384268056161683,47.124999999999986,0.14379764914700582,2.0,0.0,56.0,19.689504373177844,0.2358156028368794,2.7346938775510203,14.600000000000035,3.278279883381925,1.5999999999999956,12.55866571043048,1,
3260,200,0.038388398017552054,32.149999999999984,0.1437987471216455,2.0,0.0,43.0,19.286975717439294,0.45108695652173914,1.0706401766004414,6.600000000000032,3.26975717439294,3.3999999999999986,3.6855271724299477,2,
3261,200,0.03835002880733705,21.62499999999999,0.14379875050772511,3.0,0.0,46.0,15.990825688073395,0.5436507936507936,0.382262996941896,9.10000000000002,3.2241590214067286,1.6999999999999962,8.846440969624446,3,
3262,200,0.03831169794715405,45.124999999999986,0.14380271520592763,2.0,0.0,45.0,19.288676236044658,0.2658730158730159,0.7799043062200957,8.200000000000015,2.6958532695374813,2.099999999999998,4.143565912374614,1,
3263,200,0.03827340539867218,44.22499999999995,0.1438025436147221,2.0,0.0,56.0,23.413848631239937,0.30597014925373134,2.5619967793880836,14.800000000000034,5.101127214170699,3.8999999999999972,11.895794471527914,1,
3264,200,0.03823515112359889,48.12499999999996,0.14380598810425155,2.0,0.0,46.0,21.190735694822887,0.1445578231292517,2.1852861035422344,10.600000000000028,4.066893732970031,2.899999999999994,10.798147451067813,1,
3265,200,0.038196935083679925,36.17499999999999,0.14380670000410245,2.0,0.0,49.0,20.143724696356276,0.3956310679611651,0.31376518218623484,11.200000000000024,4.290080971659926,4.199999999999998,7.974974778208096,2,
3266,200,0.038158757240699226,45.74999999999999,0.14380936835778374,2.0,0.0,46.0,20.634146341463413,0.27362204724409445,0.6308943089430894,8.600000000000016,3.3562601626016297,2.699999999999998,4.270407060366375,1,
3267,200,0.03812061755647895,46.69999999999999,0.14381142579654127,2.0,0.0,50.0,20.35483870967742,0.25,1.8325652841781874,10.900000000000036,3.546697388632878,3.5000000000000075,5.574084426616363,1,
3268,200,0.03808251599287939,57.07499999999995,0.14381673074331566,2.0,0.0,52.0,21.56625,0.07080924855491322,4.065,12.100000000000026,3.6897500000000014,2.9999999999999947,7.368406450635118,0,
3269,200,0.03804445251179901,47.09999999999995,0.1438162110325218,2.0,0.0,50.0,22.70266040688576,0.25704225352112675,2.395931142410016,11.50000000000001,4.863067292644763,4.100000000000012,9.499253918495338,1,
3270,200,0.038006427075174314,44.29999999999997,0.14381566769027584,2.0,1.0,49.0,22.904065040650405,0.2873134328358209,2.3447154471544716,10.200000000000042,4.71821138211383,4.499999999999998,7.987917107322712,1,
3271,200,0.03796843964497986,49.199999999999946,0.14381804341425544,3.0,0.0,57.0,23.55057803468208,0.2278481012658229,4.523121387283237,15.700000000000038,5.598265895953768,4.400000000000021,15.828267040886514,1,
3272,200,0.0379304901832282,23.90000000000001,0.14382249675879755,7.0,1.0,51.0,17.028061224489797,0.4588607594936709,1.0459183673469388,11.500000000000046,3.9913265306122545,1.999999999999998,11.064384529782798,3,
3273,200,0.0378925786519699,49.47499999999996,0.14382164944428277,2.0,1.0,49.0,22.202513966480446,0.17384105960264895,2.016759776536313,11.700000000000037,4.751955307262574,3.0499999999999927,12.345676683149568,1,
3274,200,0.03785470501329341,50.07499999999999,0.14382097617864165,2.0,0.0,47.0,20.80712166172107,0.20454545454545459,2.037091988130564,9.900000000000016,3.925964391691399,2.7999999999999927,7.037694458202681,1,
3275,200,0.03781686922932508,46.49999999999996,0.1438191914800369,2.0,1.0,50.0,21.376923076923077,0.24290780141843982,2.26,11.400000000000034,4.153076923076928,3.950000000000003,7.741831933330068,1,
3276,200,0.037779071262229125,40.624999999999986,0.14382136837559276,2.0,0.0,45.0,19.055900621118013,0.22520661157024802,1.9006211180124224,9.600000000000023,3.459937888198763,2.8000000000000065,6.7762685088068695,2,
3277,200,0.03774131107420759,52.72499999999995,0.14382360620806856,2.0,0.0,50.0,21.72625,0.09146341463414642,3.54125,11.200000000000044,3.7857500000000015,2.499999999999999,7.9749593983741285,0,
3278,200,0.037703588627500284,49.39999999999998,0.1438242848243069,2.0,0.0,46.0,19.972058823529412,0.19326241134751765,1.763235294117647,8.800000000000008,3.4391176470588256,2.8499999999999943,4.67647992318326,1,
3279,200,0.03766590388438474,54.74999999999997,0.1438257107478852,2.0,0.0,46.0,21.0425,0.05303030303030298,3.60375,8.900000000000006,3.3755000000000006,2.7999999999999954,4.856757338683376,0,
3280,200,0.0376282568071762,39.84999999999998,0.1438296278129887,2.0,0.0,49.0,19.662983425414364,0.3738938053097345,0.44751381215469616,10.200000000000022,3.5206261510128924,2.699999999999996,6.113775775993084,2,
3281,200,0.037590647358227626,49.675,0.14383000834899365,2.0,0.0,46.0,18.864525139664803,0.1564748201438848,1.4636871508379887,8.500000000000004,2.7491620111731847,2.499999999999999,2.97080118208153,1,
3282,200,0.03755307549992954,45.599999999999966,0.14383047430399404,2.0,0.0,50.0,21.96518987341772,0.2536764705882353,2.8876582278481013,11.500000000000032,4.354430379746841,4.099999999999997,8.147564061158276,1,
3283,200,0.03751554119471008,25.1,0.14383122698623177,6.0,0.0,47.0,14.50413223140496,0.48571428571428577,0.71900826446281,9.300000000000013,2.5292011019283738,1.4999999999999951,5.681118784530399,3,
3284,200,0.03747804440503493,28.949999999999967,0.1438310492734688,2.0,1.0,54.0,21.466819221967963,0.5140449438202247,1.4439359267734553,14.800000000000033,4.833180778032043,3.6999999999999953,16.9812534037117,3,
3285,200,0.03744058509340732,31.424999999999972,0.14383186324941383,2.0,0.0,56.0,18.96058091286307,0.3712121212121212,1.5560165975103735,15.70000000000003,4.970746887966812,1.599999999999998,31.01946449555158,3,
3286,200,0.037403163222367926,36.27499999999998,0.143832572908223,2.0,0.0,43.0,19.016393442622952,0.3387850467289719,0.8306010928961749,8.200000000000022,3.3417122040072886,3.0999999999999877,5.231847577969511,2,
3287,200,0.03736577875449487,44.72499999999997,0.14383562724623022,2.0,1.0,53.0,22.02463054187192,0.3214285714285714,1.883415435139573,12.600000000000035,4.106075533661744,2.299999999999999,10.518825603969008,1,
3288,200,0.03732843165240367,45.37499999999996,0.14383945402952614,2.0,0.0,49.0,22.23721590909091,0.17953020134228193,5.224431818181818,11.300000000000017,4.801420454545461,4.399999999999997,9.371096435741501,1,
3289,200,0.037291121878747245,44.224999999999945,0.14384094113405974,2.0,1.0,54.0,22.855685131195337,0.21575342465753433,5.355685131195335,13.500000000000044,5.177988338192429,4.499999999999998,12.912531263613158,1,
3290,200,0.03725384939621581,47.624999999999915,0.14384316962236463,2.0,0.0,54.0,22.642091152815013,0.15384615384615374,5.548257372654155,13.500000000000036,4.8636729222520145,3.7,12.559788702910149,1,
3291,200,0.03721661416753687,44.52499999999996,0.14384398035639628,4.0,0.0,53.0,19.642857142857142,0.22777777777777786,3.1034985422740524,13.100000000000032,3.3447521865889223,1.9999999999999971,11.822964056141759,2,
3292,200,0.03717941615547519,47.12499999999996,0.14385015028493897,2.0,1.0,50.0,21.90340909090909,0.18918918918918926,3.8579545454545454,11.000000000000032,4.601136363636367,3.5999999999999925,9.869677713547874,1,
3293,200,0.03714225532283277,47.62499999999993,0.14385142643279472,2.0,1.0,53.0,21.48582474226804,0.12735849056603765,5.162371134020619,14.700000000000037,3.913659793814439,2.499999999999997,15.024580628554906,1,
3294,200,0.03710513163244877,46.37499999999998,0.14385293468946542,2.0,0.0,54.0,18.739534883720932,0.2767175572519084,0.9457364341085271,13.200000000000028,2.534573643410852,1.4999999999999982,7.006309876353321,1,
3295,200,0.0370680450471995,44.59999999999998,0.1438574181804067,2.0,0.0,47.0,20.9792663476874,0.2775590551181102,2.725677830940989,9.400000000000036,3.7102073365231303,3.1999999999999984,3.9810542622250695,1,
3296,200,0.037030995529998355,50.09999999999993,0.14386147662168175,2.0,1.0,48.0,23.39,0.08636363636363642,6.03375,12.100000000000033,4.784000000000007,3.8000000000000123,10.174459897593662,0,
3297,200,0.036993983043795836,41.849999999999966,0.143861050484554,2.0,0.0,59.0,23.107081174438687,0.37598425196850394,2.540587219343696,16.300000000000026,5.203281519861837,5.1000000000000005,14.612278069442862,2,
3298,200,0.03695700755157944,42.474999999999966,0.1438605583999224,2.0,0.0,46.0,21.061764705882354,0.20833333333333326,3.583823529411765,8.80000000000004,4.193529411764712,3.599999999999992,6.508325147762058,2,
3299,200,0.03692006901637368,44.42499999999996,0.14386412808718563,2.0,0.0,58.0,21.58610271903323,0.2753623188405797,3.9637462235649545,15.900000000000038,4.3478851963746274,2.9999999999999964,13.285818894996687,1,
3300,200,0.036883167401239994,51.549999999999976,0.14386357151259016,2.0,1.0,52.0,21.174785100286535,0.19370860927152322,3.504297994269341,12.100000000000021,4.170916905444131,3.0999999999999988,8.747037456665963,1,
3301,200,0.036846302669276805,43.69999999999998,0.14386348513253544,2.0,0.0,50.0,22.26929392446634,0.3038461538461539,2.67816091954023,10.900000000000038,4.252873563218397,4.099999999999991,5.168778257118255,1,
3302,200,0.03680947478361935,44.64999999999998,0.14386549655849265,2.0,0.0,47.0,21.655394524959743,0.2732558139534884,1.7938808373590982,9.000000000000018,4.046054750402581,3.6000000000000005,4.938793538014758,1,
3303,200,0.036772683707439746,49.82499999999998,0.14386757637849804,2.0,0.0,49.0,21.050505050505052,0.19827586206896552,2.3852813852813854,10.30000000000003,4.098412698412703,3.7999999999999923,7.472437282404134,1,
3304,200,0.0367359294039469,46.67499999999996,0.1438699801935634,3.0,0.0,51.0,22.1404833836858,0.23571428571428577,2.1525679758308156,12.700000000000031,4.680513595166173,3.900000000000004,10.458541425647503,1,
3305,200,0.03669921183638653,48.19999999999998,0.14387141278956986,3.0,0.0,58.0,19.951661631419938,0.2715827338129496,2.6299093655589125,15.600000000000039,3.367220543806647,1.9999999999999958,11.476338401297983,1,
3306,200,0.03666253096804106,45.89999999999996,0.14387554334919414,2.0,1.0,52.0,20.27848101265823,0.2796296296296297,1.9224683544303798,12.20000000000003,3.342405063291141,2.800000000000002,7.941386249665174,1,
3307,200,0.036625886762229616,57.099999999999966,0.14387678508865767,2.0,0.0,57.0,21.05625,0.10087719298245612,2.6725,15.100000000000037,3.3837499999999987,2.1999999999999913,9.485650758829365,0,
3308,200,0.03658927918230796,44.64999999999999,0.1438802015604349,2.0,0.0,45.0,18.594043887147336,0.25,1.0329153605015673,8.4,2.388871473354227,1.9999999999999925,2.3700857403271876,1,
3309,200,0.036552708191668566,25.774999999999995,0.1438820151993534,3.0,0.0,48.0,16.454780361757106,0.44999999999999996,1.6408268733850129,10.500000000000034,3.7072351421188694,2.299999999999999,9.653087041290597,3,
3310,200,0.0365161737537404,43.39999999999994,0.14388270954434576,2.0,0.0,51.0,22.280564263322884,0.2757352941176471,3.6128526645768027,12.500000000000028,4.600783699059567,3.4999999999999964,11.781391965959434,1,
3311,200,0.036479675831989036,44.97499999999996,0.14388623156625568,2.0,0.0,56.0,21.944620253164558,0.2941176470588235,3.1550632911392404,14.700000000000035,4.342088607594943,3.699999999999993,9.752999802214754,1,
3312,200,0.036443214389916524,44.37499999999995,0.14388615373085403,2.0,0.0,53.0,22.996779388083738,0.28985507246376807,2.8357487922705316,12.700000000000024,4.850885668276979,4.1999999999999975,9.835858054143817,1,
3313,200,0.036406789391061456,43.54999999999998,0.1438867653934512,2.0,0.0,44.0,21.79146141215107,0.266,1.7175697865353037,9.200000000000019,3.9661740558292324,3.699999999999993,5.212268874029374,1,
3314,200,0.03637040079899881,40.82499999999998,0.14388816218958522,2.0,0.0,48.0,19.105090311986864,0.31465517241379315,1.2430213464696223,9.800000000000011,2.3543513957307014,2.099999999999991,2.4059358283002665,1,
3315,200,0.036334048577339996,41.62499999999997,0.14389265189771816,2.0,0.0,55.0,20.125,0.1685185185185185,4.137784090909091,14.500000000000039,3.958522727272733,2.6000000000000014,13.735750532167184,3,
3316,200,0.03629773268973277,34.14999999999998,0.14389498531679346,2.0,0.0,51.0,23.390697674418604,0.5,0.6697674418604651,11.70000000000004,5.421860465116289,5.40000000000001,10.71339401511103,2,
3317,200,0.03626145309986128,39.99999999999999,0.14389635364030956,2.0,0.0,46.0,18.58894645941278,0.3021739130434783,2.2625215889464596,9.000000000000028,3.355613126079448,2.699999999999997,6.4925742154874495,2,
3318,200,0.03622520977144591,44.899999999999984,0.14389614817498342,2.0,0.0,49.0,18.506925207756233,0.1635338345864661,3.0512465373961217,10.400000000000022,2.622853185595565,1.9999999999999958,4.536231586297673,2,
3319,200,0.03618900266824332,49.099999999999966,0.14389874067895989,2.0,0.0,53.0,23.448062015503876,0.2568027210884354,2.415503875968992,12.700000000000045,5.35968992248063,4.600000000000005,11.03043261927205,1,
3320,200,0.03615283175404641,42.09999999999995,0.14389880962348064,2.0,0.0,50.0,21.939837398373985,0.306390977443609,3.7040650406504065,11.600000000000039,4.314308943089438,3.2999999999999967,11.57647626803173,2,
3321,200,0.03611669699268428,49.89999999999996,0.1439034753075172,2.0,0.0,48.0,21.10164835164835,0.162751677852349,2.581043956043956,12.000000000000028,4.043956043956047,3.399999999999994,9.770393993769675,1,
3322,200,0.03608059834802215,51.949999999999946,0.14390955876092648,2.0,1.0,58.0,22.28,0.10029940119760483,3.94125,16.00000000000004,4.118000000000005,3.200000000000003,13.400046937573416,0,
3323,200,0.03604453578396138,42.44999999999999,0.14390711548341073,2.0,0.0,52.0,19.144951140065146,0.2782258064516129,2.732899022801303,12.400000000000034,3.7389250814332278,2.950000000000003,8.40051037812178,2,
3324,200,0.036008509264439374,44.07499999999996,0.14390900263350107,2.0,1.0,53.0,21.021538461538462,0.2574626865671642,2.644615384615385,12.800000000000038,3.939846153846156,3.399999999999994,7.895492510041497,1,
3325,200,0.035972518753429654,49.224999999999994,0.14391538178321725,2.0,0.0,41.0,19.91375,0.041095890410958846,4.51,6.70000000000001,2.6982500000000003,2.299999999999996,2.859351405236604,0,
3326,200,0.03593656421494168,48.749999999999964,0.14391599235483077,2.0,1.0,53.0,23.1,0.22682119205298013,2.7147058823529413,13.700000000000038,5.315882352941182,3.9999999999999942,13.523071113908209,1,
3327,200,0.03590064561302092,52.974999999999966,0.14392054915948924,2.0,0.0,43.0,22.4725,0.04012345679012341,5.23,9.800000000000013,4.233500000000005,3.999999999999998,5.918686997948485,0,
3328,200,0.03586476291174875,39.949999999999974,0.14392227195103913,2.0,1.0,51.0,21.159246575342465,0.29800000000000004,3.0325342465753424,12.500000000000046,5.048287671232887,5.200000000000006,13.37352943073708,2,
3329,200,0.035828916075242495,39.749999999999986,0.14392266005250826,2.0,1.0,50.0,19.08092485549133,0.3928571428571429,0.2774566473988439,10.800000000000027,3.4279383429672454,1.9999999999999978,8.270521829521861,2,
3330,200,0.0357931050676553,54.62499999999996,0.14392474561614263,2.0,0.0,50.0,21.6325,0.07228915662650603,4.60375,11.000000000000037,3.729500000000006,3.0999999999999943,7.1003408442826155,0,
3331,200,0.03575732985317615,43.9,0.1439267682968891,2.0,0.0,46.0,18.7134670487106,0.17692307692307696,2.826647564469914,8.500000000000046,2.9107449856733547,2.1999999999999957,5.3185344302067605,2,
3332,200,0.035721590396029845,53.34999999999998,0.1439283095757731,2.0,1.0,49.0,20.30965147453083,0.14102564102564097,3.0871313672922254,10.200000000000037,3.4642091152815038,3.199999999999994,5.1423877703206955,1,
3333,200,0.03568588666047689,35.175,0.14392772471368637,2.0,0.0,44.0,19.70393374741201,0.3979591836734694,0.2919254658385093,7.400000000000047,3.9194616977225785,4.599999999999999,4.909497359487035,2,
3334,200,0.035650218610813585,33.55,0.1439270711498592,2.0,0.0,45.0,18.522875816993466,0.43617021276595747,0.775599128540305,8.30000000000001,2.9583877995642713,2.499999999999998,5.298446079362081,2,
3335,200,0.03561458621137186,44.29999999999997,0.14392488507571738,2.0,0.0,49.0,22.320450885668276,0.28816793893129766,2.6602254428341383,10.500000000000032,4.445088566827703,3.199999999999997,9.0674591328701,1,
3336,200,0.03557898942651932,41.17499999999997,0.1439225543963586,2.0,0.0,55.0,22.38018018018018,0.3790322580645161,1.781981981981982,14.500000000000036,5.0434234234234285,4.1,17.41591869464726,2,
3337,200,0.03554342822065915,46.17499999999997,0.1439196564939232,2.0,0.0,50.0,23.10016420361248,0.3101503759398496,1.7372742200328408,11.100000000000025,4.751395730706077,3.5999999999999908,9.70163751078522,1,
3338,200,0.035507902558230185,48.22499999999998,0.1439175462987358,2.0,1.0,49.0,19.740916271721957,0.2650375939849624,0.5102685624012638,10.200000000000031,3.03001579778831,2.1999999999999913,5.788307810565859,1,
3339,200,0.03547241240370673,44.77499999999996,0.14391978602733912,2.0,0.0,48.0,20.590243902439024,0.27290076335877866,0.6813008130081301,9.600000000000021,3.329918699186994,3.4999999999999933,4.564385232031836,1,
3340,200,0.03543695772159864,44.84999999999996,0.14391649150609254,2.0,0.0,50.0,21.667701863354036,0.2536764705882353,2.7267080745341614,11.500000000000027,4.283540372670814,3.499999999999992,8.863383992187824,1,
3341,200,0.03540153847645121,39.09999999999999,0.14391340354618787,2.0,1.0,47.0,20.107081174438687,0.33849557522123896,1.5613126079447324,9.300000000000034,3.403281519861832,2.399999999999993,6.858472556974167,2,
3342,200,0.03536615463284522,40.29999999999996,0.14391335126682836,2.0,0.0,54.0,22.44677137870855,0.34523809523809523,2.1169284467713787,13.600000000000042,5.432111692844685,5.299999999999998,16.616645975975356,2,
3343,200,0.035330806155396806,36.42499999999999,0.14391378176571334,2.0,0.0,44.0,19.350674373795762,0.375,0.5337186897880539,8.100000000000035,3.589788053949908,3.299999999999998,5.364058212058253,2,
3344,200,0.03529549300875749,21.75,0.143914761582264,4.0,0.0,45.0,15.230283911671924,0.6166666666666667,0.022082018927444796,8.200000000000005,2.167507886435329,1.6999999999999948,4.250879308972213,3,
3345,200,0.03526021515761412,42.67499999999998,0.1439160587558221,2.0,1.0,50.0,19.32,0.2618110236220472,3.5846153846153848,12.000000000000032,3.0518461538461548,2.1999999999999957,7.0590056071139164,2,
3346,200,0.035224972566688856,49.34999999999998,0.1439159292212537,2.0,0.0,47.0,20.336764705882352,0.18661971830985924,2.4647058823529413,9.30000000000002,3.6579411764705925,3.0999999999999934,5.83494955655184,1,
3347,200,0.03518976520073909,44.149999999999984,0.14391877940370695,2.0,0.0,54.0,19.453125,0.19852941176470584,3.4545454545454546,13.200000000000037,3.376420454545454,1.7999999999999992,13.014356627624329,2,
3348,200,0.03515459302455746,22.324999999999992,0.1439209318787873,5.0,0.0,51.0,17.99344262295082,0.5625,0.380327868852459,12.100000000000028,4.371475409836073,3.299999999999997,14.395111584107399,3,
3349,200,0.03511945600297177,31.4,0.14392233547946426,5.0,0.0,55.0,18.808917197452228,0.43229166666666663,0.9065817409766455,13.900000000000041,4.135244161358817,1.7999999999999958,17.37556653443934,3,
3350,200,0.035084354100845025,46.27499999999998,0.14392260393411815,2.0,0.0,55.0,20.384976525821596,0.2796296296296297,2.025039123630673,13.900000000000041,3.4724569640062617,2.4999999999999973,9.812223158307274,1,
3351,200,0.035049287283075305,44.39999999999999,0.14392327776490688,1.0,0.0,47.0,20.43577235772358,0.2983870967741935,0.9252032520325203,8.999999999999998,3.2372357723577223,2.599999999999995,4.293632979398475,1,
3352,200,0.035014255514595784,47.724999999999966,0.14392388185400826,2.0,0.0,57.0,23.338118022328548,0.28900709219858156,2.1291866028708135,15.700000000000035,5.125518341307821,4.599999999999992,16.035402362589377,1,
3353,200,0.034979258760374686,50.62499999999996,0.14392523130353896,2.0,0.0,57.0,20.75644329896907,0.14677419354838706,2.9007731958762886,15.600000000000035,3.4760309278350525,2.0999999999999988,11.711403694939241,1,
3354,200,0.03494429698541527,45.549999999999976,0.14392699616598179,2.0,0.0,50.0,20.96969696969697,0.2805343511450382,2.5566188197767143,11.700000000000035,3.704465709728868,2.699999999999996,6.796073899595092,1,
3355,200,0.03490937015475576,43.77499999999998,0.14393078175220728,3.0,0.0,54.0,21.449013157894736,0.28383458646616544,2.325657894736842,13.300000000000047,5.208223684210537,5.100000000000001,16.53602973519134,2,
3356,200,0.034874478233469314,41.37499999999997,0.14393195231838507,2.0,0.0,49.0,21.03281519861831,0.3375,0.9792746113989638,11.100000000000012,4.119343696027639,3.0999999999999956,8.895852702541525,2,
3357,200,0.034839621186663984,43.32499999999997,0.14393841395490392,2.0,0.0,51.0,22.061191626409016,0.29961832061068705,1.856682769726248,12.000000000000037,4.289533011272145,2.999999999999996,11.450532050617223,1,
3358,200,0.03480479897948277,42.29999999999998,0.1439435349803843,3.0,0.0,55.0,20.35,0.30118110236220474,3.7870967741935484,14.200000000000042,4.086451612903232,3.249999999999997,13.980852811792008,2,
3359,200,0.03477001157710343,53.67499999999998,0.1439437384099697,2.0,0.0,44.0,20.905,0.053797468354430444,3.91375,7.8000000000000425,3.293000000000004,2.4999999999999982,4.112107425167898,0,
3360,200,0.03473525894473856,56.749999999999964,0.14394629141687573,2.0,0.0,50.0,21.89125,0.08136094674556205,4.5475,10.900000000000043,3.8847500000000044,2.9999999999999982,7.499079154811251,0,
3361,200,0.03470054104763552,50.09999999999996,0.14394744848165125,2.0,0.0,52.0,21.23763736263736,0.16776315789473695,2.614010989010989,12.300000000000045,4.283791208791214,2.8999999999999955,11.803166139291344,2,
3362,200,0.03466585785107644,48.44999999999996,0.1439491887808702,2.0,0.0,52.0,22.390625,0.19444444444444442,4.576704545454546,12.400000000000045,4.893465909090915,3.099999999999997,13.890496696024227,1,
3363,200,0.034631209320378095,34.47499999999997,0.14395307540445307,4.0,0.0,58.0,21.69120654396728,0.46904761904761905,3.310838445807771,15.600000000000042,4.922290388548065,3.999999999999995,17.38978036132496,2,
3364,200,0.034596595420891954,38.499999999999986,0.1439543575397158,3.0,0.0,55.0,20.764595103578156,0.41216216216216217,1.6478342749529191,13.900000000000034,4.266854990583809,3.7000000000000006,8.98224776564057,2,
3365,200,0.0345620161180041,54.29999999999996,0.1439544486163336,2.0,1.0,54.0,22.87950138504155,0.16717791411042948,3.1218836565096955,13.200000000000024,5.136703601108045,5.3500000000000085,10.268769497566645,1,
3366,200,0.034527471377135265,34.72499999999997,0.14395895035804715,3.0,0.0,53.0,20.08823529411765,0.3055555555555556,4.051903114186851,13.600000000000026,4.473183391003465,1.999999999999991,21.974450450935965,2,
3367,200,0.03449296116374068,48.37499999999996,0.14396256986896783,2.0,0.0,56.0,23.370262390670554,0.2433333333333334,3.9839650145772594,14.500000000000039,5.48673469387756,3.7999999999999954,17.841946493269266,2,
3368,200,0.034458485443310136,35.574999999999974,0.14396322026319033,3.0,0.0,52.0,21.82445759368836,0.4182242990654206,0.9506903353057199,12.500000000000032,5.0984220907297955,4.800000000000025,11.477320267031919,2,
3369,200,0.034424044181367894,39.05,0.14396324284961198,2.0,0.0,47.0,19.904761904761905,0.37385321100917435,0.2838095238095238,10.100000000000025,4.0019047619047665,3.5999999999999974,7.216441601602231,2,
3370,200,0.03438963734347271,39.59999999999998,0.1439632310702527,2.0,1.0,55.0,22.30966469428008,0.40652173913043477,1.6074950690335306,13.900000000000048,5.599013806706127,5.300000000000007,15.148322258877824,2,
3371,200,0.03435526489521774,43.29999999999998,0.14396420563040474,2.0,0.0,51.0,21.55276381909548,0.32874015748031493,1.1490787269681741,11.900000000000041,4.188609715242885,2.7999999999999985,11.618294819420518,2,
3372,200,0.03432092680223053,51.874999999999986,0.14396596395451566,2.0,0.0,51.0,21.65921787709497,0.1785714285714286,2.733240223463687,12.500000000000037,4.425977653631291,3.3999999999999986,11.26920747871384,1,
3373,200,0.034286623030172964,40.174999999999976,0.1439664929561689,3.0,0.0,52.0,23.323809523809523,0.3928571428571429,2.6514285714285712,13.10000000000003,5.836190476190488,5.500000000000002,16.219739572751376,2,
3374,200,0.0342523535447413,44.999999999999986,0.1439663422885311,2.0,1.0,46.0,19.623867069486405,0.21538461538461529,1.9516616314199395,8.900000000000043,3.6599697885196436,2.799999999999997,7.046495232097319,2,
3375,200,0.03421811831166603,33.199999999999974,0.143965686722203,2.0,0.0,47.0,22.38532110091743,0.47395833333333337,1.0344036697247707,10.600000000000025,4.930963302752299,4.700000000000003,8.971542597122546,2,
3376,200,0.034183917296711934,48.37499999999998,0.14396739597860764,2.0,0.0,50.0,20.998516320474778,0.232394366197183,3.3026706231454006,11.500000000000032,4.040801186943625,2.9499999999999984,11.10514012437407,1,
3377,200,0.03414975046567796,48.249999999999986,0.14397071073906975,2.0,1.0,50.0,18.561813186813186,0.1507092198581561,3.04532967032967,10.800000000000038,2.6980769230769233,1.9999999999999922,4.985005707730285,2,
3378,200,0.03411561778439732,50.82499999999997,0.14397331265073138,2.0,0.0,51.0,21.801408450704226,0.18790849673202614,3.347887323943662,12.600000000000021,4.52802816901409,3.4999999999999973,12.323168445087239,1,
3379,200,0.034081519218737304,25.825,0.14397137680524344,3.0,0.0,50.0,17.80392156862745,0.5138888888888888,0.3025210084033613,12.000000000000036,4.3843137254902045,2.499999999999999,15.477466417676322,3,
3380,200,0.034047454734599344,50.574999999999974,0.1439750350179136,2.0,0.0,51.0,23.079268292682926,0.23979591836734704,2.6509146341463414,11.80000000000004,5.2121951219512255,3.8999999999999972,12.278904202539966,1,
3381,200,0.03401342429791895,34.624999999999986,0.14397381931092298,2.0,0.0,46.0,21.63394683026585,0.42000000000000004,0.8098159509202454,9.200000000000035,4.887934560327211,5.300000000000038,6.963584978253656,2,
3382,200,0.033979427874665694,44.67499999999997,0.14397380888448708,1.0,0.0,56.0,22.42200328407225,0.33333333333333337,1.9474548440065682,14.600000000000039,4.3444991789819385,3.399999999999996,10.448047993960387,1,
3383,200,0.03394546543084315,48.224999999999966,0.14398153906624087,2.0,0.0,51.0,21.945530726256983,0.17715231788079477,5.199720670391062,12.300000000000045,4.597765363128502,3.299999999999988,10.843787108289298,1,
3384,200,0.033911536932488856,50.94999999999992,0.143986065449949,2.0,0.0,57.0,23.48875,0.09195402298850586,6.36125,15.100000000000044,4.843250000000006,3.800000000000018,15.0333029270359,0,
3385,200,0.033877642345674315,34.57499999999999,0.14398583516426597,2.0,0.0,48.0,20.58371040723982,0.47631578947368425,0.14705882352941177,9.600000000000035,3.942986425339373,4.200000000000007,5.123653506549384,2,
3386,200,0.03384378163650495,46.34999999999997,0.14398843326692376,2.0,1.0,52.0,20.153179190751445,0.21739130434782616,3.430635838150289,12.800000000000038,3.5598265895953767,2.299999999999997,11.14017236662685,1,
3387,200,0.033809954771120046,57.24999999999997,0.1439905178775964,2.0,0.0,54.0,22.362337662337662,0.14181286549707606,3.4389610389610388,13.300000000000042,4.498571428571431,3.2,13.37650103980618,1,
3388,200,0.03377616171569273,51.77499999999996,0.14399411258267825,2.0,0.0,50.0,21.8742774566474,0.19370860927152322,2.121387283236994,11.20000000000004,4.592485549132955,3.5999999999999983,11.97774311233075,1,
3389,200,0.03374240243642994,52.59999999999997,0.14399644067753456,2.0,0.0,50.0,20.53590425531915,0.14556962025316467,3.458776595744681,11.100000000000033,3.5566489361702134,2.799999999999997,8.31175240449658,1,
3390,200,0.033708676899572396,50.92499999999998,0.14399580218002422,2.0,0.0,50.0,21.14225352112676,0.18624161073825496,2.3211267605633803,10.900000000000043,4.132535211267615,3.999999999999995,7.2722939144890635,1,
3391,200,0.03367498507139457,48.97499999999995,0.1439992194515683,2.0,0.0,46.0,21.538563829787233,0.1100000000000001,3.4242021276595747,9.30000000000002,4.158244680851069,3.5999999999999943,7.26316295404273,1,
3392,200,0.03364132691820462,44.42499999999997,0.14400274906621358,2.0,0.0,51.0,18.780966767371602,0.2347328244274809,2.205438066465257,11.500000000000032,3.1542296072507563,2.1999999999999966,8.268543273937105,2,
3393,200,0.03360770240634438,49.04999999999997,0.14400508416174768,2.0,0.0,54.0,21.026470588235295,0.23611111111111116,2.2308823529411765,13.600000000000039,4.07176470588236,2.9999999999999982,11.558404235303362,1,
3394,200,0.033574111502189356,56.074999999999974,0.1440098813459236,2.0,1.0,46.0,21.67875,0.05722891566265065,3.56125,10.100000000000016,3.7572500000000053,2.599999999999997,7.428534044584503,0,
3395,200,0.033540554172148636,45.774999999999984,0.14401580649589268,2.0,0.0,46.0,18.24186046511628,0.24230769230769234,1.9441860465116279,8.899999999999997,2.2359689922480577,1.7999999999999963,2.8531316943253224,1,
3396,200,0.03350703038266488,35.174999999999976,0.14401662782340363,2.0,0.0,44.0,19.20766129032258,0.3935643564356436,0.5544354838709677,7.800000000000005,3.598991935483873,3.2999999999999963,5.68395353941835,2,
3397,200,0.03347354010021429,44.09999999999995,0.14401620499783777,2.0,0.0,52.0,22.73709677419355,0.303030303030303,1.935483870967742,13.200000000000022,4.682580645161297,3.6999999999999966,11.384661666653729,1,
3398,200,0.0334400832913066,43.19999999999998,0.14401785050751859,2.0,1.0,54.0,21.613675213675215,0.31589147286821706,1.5452991452991454,13.200000000000035,5.26940170940172,4.800000000000001,14.019566249006589,2,
3399,200,0.03340665992248499,43.22499999999999,0.14401656682711067,2.0,0.0,45.0,20.599041533546327,0.2701612903225806,3.0175718849840254,7.800000000000037,3.470766773162944,2.7999999999999963,5.0536790813397525,1,
3400,200,0.03337326996032608,49.99999999999996,0.14402295191876302,2.0,0.0,56.0,21.631979695431472,0.125,3.8553299492385786,15.600000000000032,3.872335025380712,2.5999999999999943,13.667099298969534,1,
3401,200,0.033339913371439905,31.14999999999999,0.1440228015563786,2.0,0.0,44.0,20.391402714932127,0.4772727272727273,0.9841628959276018,8.100000000000017,3.803167420814484,3.9999999999999964,4.632321370986342,2,
3402,200,0.03330659012246989,47.049999999999976,0.14402423287531682,2.0,1.0,43.0,19.973239436619718,0.15073529411764697,3.108450704225352,8.500000000000025,3.431126760563387,2.7999999999999985,6.105113658229883,1,
3403,200,0.03327330018009277,36.79999999999999,0.14402288875402378,3.0,0.0,55.0,20.076604554865426,0.45952380952380956,1.1180124223602483,14.300000000000024,3.939337474120083,2.7999999999999994,12.312832464593162,2,
3404,200,0.03324004351101861,45.89999999999996,0.14402466886885512,3.0,0.0,60.0,22.70731707317073,0.3308823529411765,2.5609756097560976,17.000000000000025,4.600162601626022,3.900000000000016,12.568732391387186,1,
3405,200,0.03320682008199072,46.77499999999999,0.1440299836088641,2.0,0.0,47.0,20.498489425981873,0.2279411764705883,2.9138972809667676,9.10000000000003,3.6953172205438127,3.7999999999999967,4.349338449216545,1,
3406,200,0.03317362985978568,49.69999999999994,0.1440328975423124,2.0,0.0,57.0,21.802835051546392,0.14808917197452232,3.975515463917526,15.700000000000031,4.117783505154643,2.499999999999999,14.915327072694895,2,
3407,200,0.033140472811213274,45.675,0.14403296964946663,2.0,0.0,45.0,18.99103139013453,0.21511627906976738,1.2062780269058295,8.200000000000001,2.8203288490284018,2.3999999999999986,3.654452900169811,1,
3408,200,0.03310734890311644,49.39999999999997,0.14403724129167667,2.0,0.0,51.0,21.30945945945946,0.1578947368421053,4.191891891891892,11.500000000000043,4.10324324324325,2.549999999999996,9.834791224965793,1,
3409,200,0.03307425810237125,47.02499999999998,0.1440395393218922,2.0,0.0,49.0,19.559347181008903,0.2246376811594204,3.0089020771513355,10.400000000000032,3.177299703264096,2.099999999999997,8.34171374167634,1,
3410,200,0.03304120037588693,31.474999999999973,0.14404251719850403,2.0,0.0,51.0,22.7311320754717,0.5188172043010753,0.7429245283018868,11.800000000000031,4.919103773584914,5.000000000000029,10.163677430121037,2,
3411,200,0.03300817569060575,38.874999999999986,0.14404505483442326,2.0,0.0,51.0,20.49500998003992,0.4136363636363637,0.6766467065868264,12.00000000000003,4.302594810379245,3.6999999999999966,10.956983027888498,2,
3412,200,0.032975184013503,45.924999999999955,0.1440483191725868,3.0,0.0,60.0,20.90548780487805,0.2904411764705882,2.0228658536585367,17.70000000000001,3.907926829268293,2.1999999999999993,19.603763207733557,1,
3413,200,0.032942225311587005,46.449999999999974,0.14405014473177452,2.0,0.0,47.0,21.719806763285025,0.2767175572519084,0.7971014492753623,9.60000000000002,4.084702093397748,3.399999999999997,7.111716782491499,1,
3414,200,0.03290929955189908,47.69999999999998,0.14405187111714182,2.0,0.0,52.0,20.72615803814714,0.16958041958041958,2.9713896457765667,12.700000000000044,3.8371934604904685,3.099999999999998,9.170500153130906,2,
3415,200,0.03287640670151345,55.799999999999955,0.14405329430123232,2.0,0.0,53.0,23.68,0.10428571428571431,4.305,13.60000000000004,4.958000000000005,3.2999999999999963,14.81295914524876,0,
3416,200,0.03284354672753726,56.07499999999996,0.14405774056606435,2.0,0.0,50.0,21.33625,0.08233532934131738,3.31125,11.100000000000017,3.5517500000000006,2.299999999999994,7.160383125598673,0,
3417,200,0.032810719597110516,38.89999999999999,0.14405767265211467,2.0,0.0,54.0,22.118895966029726,0.4363636363636364,0.5987261146496815,13.300000000000031,5.2588110403397135,5.800000000000024,11.178651099891884,2,
3418,200,0.032777925277406125,34.72499999999998,0.1440583580325335,2.0,0.0,53.0,24.636363636363637,0.5204081632653061,0.11722488038277512,12.700000000000042,5.9435406698564694,6.500000000000011,10.258880628194419,2,
3419,200,0.03274516373562974,34.02499999999998,0.14405880695226178,2.0,0.0,57.0,24.110849056603772,0.53,0.9669811320754716,15.000000000000036,5.74693396226416,5.700000000000025,14.867431789737246,2,
3420,200,0.03271243493901982,47.44999999999999,0.1440621787772332,2.0,0.0,50.0,19.770029673590503,0.21739130434782616,1.781899109792285,11.100000000000037,3.731008902077155,3.2999999999999945,7.364292047768465,2,
3421,200,0.03267973885484755,32.699999999999996,0.14406169289069837,2.0,0.0,45.0,20.162735849056602,0.4971910112359551,0.049528301886792456,7.800000000000006,3.378066037735846,2.899999999999995,3.677157279933258,2,
3422,200,0.03264707545041687,48.32499999999999,0.14406388479580423,2.0,0.0,45.0,20.852713178294575,0.21691176470588225,2.2325581395348837,8.000000000000034,3.802480620155044,4.099999999999999,3.11197031902008,1,
3423,200,0.03261444469306436,49.874999999999964,0.1440638864741297,2.0,0.0,51.0,21.91891891891892,0.1611842105263157,3.518918918918919,12.100000000000044,4.468918918918924,3.0999999999999925,11.619028157465682,1,
3424,200,0.03258184655015926,44.47499999999997,0.1440623243945784,2.0,0.0,46.0,22.623973727422005,0.2689393939393939,2.625615763546798,8.70000000000003,4.465681444991796,4.500000000000016,4.868277070750682,1,
3425,200,0.03254928098910342,39.474999999999994,0.14406076575221605,2.0,0.0,48.0,19.867537313432837,0.35360360360360366,0.710820895522388,9.800000000000036,4.177238805970162,4.500000000000008,6.934804573696085,2,
3426,200,0.03251674797733129,49.924999999999976,0.14406102896729506,2.0,1.0,50.0,21.539969834087483,0.22569444444444442,2.0075414781297134,11.000000000000036,4.3250377073906545,3.900000000000007,6.815316219561065,1,
3427,200,0.032484247482309846,33.849999999999994,0.14406344082764852,2.0,0.0,43.0,20.81045751633987,0.44565217391304346,0.06318082788671024,7.200000000000028,4.24074074074075,4.700000000000003,3.6441309094361514,2,
3428,200,0.03245177947153859,46.224999999999994,0.14406500594801852,2.0,1.0,50.0,20.980676328502415,0.2961538461538461,1.6296296296296295,11.100000000000033,3.641223832528182,2.9999999999999973,6.49973451924079,1,
3429,200,0.0324193439125495,32.87499999999997,0.14406718255212697,2.0,0.0,49.0,21.511467889908257,0.484375,0.3669724770642202,10.500000000000027,4.406651376146798,4.300000000000016,8.4924086903917,2,
3430,200,0.03238694077290704,45.54999999999997,0.14407129456452653,2.0,0.0,49.0,21.880434782608695,0.26111111111111107,3.124223602484472,10.200000000000033,4.411180124223609,3.749999999999993,6.160045137256385,1,
3431,200,0.03235457002020804,32.175,0.1440685853766976,2.0,0.0,43.0,18.387614678899084,0.4772727272727273,0.2775229357798165,6.600000000000002,2.515825688073392,2.2999999999999963,2.860200373497461,2,
3432,200,0.03232223162208177,49.62499999999998,0.1440677094372122,2.0,0.0,52.0,19.554441260744987,0.2077464788732395,2.634670487106017,12.000000000000032,3.1987106017192004,2.299999999999998,7.047648906102832,1,
3433,200,0.0322899255461898,40.69999999999999,0.1440752358812243,2.0,0.0,45.0,17.92733564013841,0.29385964912280704,0.8961937716262975,8.000000000000039,3.0271626297577905,2.549999999999999,4.942477677702883,2,
3434,200,0.032257651760226075,56.19999999999996,0.1440796414380366,2.0,1.0,48.0,22.10875,0.06437125748502992,3.375,10.300000000000026,4.0152500000000035,3.299999999999991,6.7691780143407,0,
3435,200,0.0322254102319168,36.74999999999997,0.14407655928714935,2.0,0.0,52.0,20.647798742138363,0.4326923076923077,1.2914046121593292,12.700000000000028,4.436058700209649,4.399999999999996,9.22980951794949,2,
3436,200,0.03219320092902044,44.42499999999997,0.14407635768063132,2.0,0.0,54.0,21.977011494252874,0.31589147286821706,1.742200328407225,13.70000000000004,4.077504105090315,2.5999999999999903,12.68742633735988,1,
3437,200,0.032161023819327686,45.899999999999984,0.14407689715061983,2.0,0.0,48.0,21.02791461412151,0.30859375,0.16420361247947454,10.300000000000013,3.508045977011494,2.599999999999998,6.360362920621256,1,
3438,200,0.03212887887066144,45.699999999999974,0.14407992421700574,2.0,0.0,50.0,22.347560975609756,0.25,3.4009146341463414,10.800000000000043,4.773170731707327,4.300000000000001,9.173508824520518,1,
3439,200,0.032096766050876746,43.44999999999996,0.1440825966983767,2.0,1.0,52.0,22.247987117552334,0.3046875,0.9114331723027376,13.900000000000036,4.401610305958136,2.699999999999999,13.84148257442182,1,
3440,200,0.03206468532786077,52.74999999999996,0.14408684122788887,2.0,0.0,53.0,21.7875,0.10582822085889565,3.95375,13.20000000000004,3.822500000000002,2.0999999999999983,13.235314430178876,0,
3441,200,0.03203263666953279,49.17499999999997,0.14408714196311373,2.0,0.0,53.0,22.579029733959313,0.2604895104895105,1.8090766823161188,13.100000000000026,4.788888888888895,4.300000000000004,8.452588949843314,1,
3442,200,0.03200062004384415,42.24999999999999,0.14408770031738288,2.0,0.0,47.0,19.365051903114185,0.27892561983471076,1.9688581314878892,10.600000000000039,4.076643598615922,2.599999999999994,10.726839527901827,2,
3443,200,0.03196863541877823,53.724999999999966,0.14408796962714443,2.0,0.0,55.0,22.690721649484537,0.13095238095238093,4.503865979381444,14.000000000000028,4.6365979381443365,4.099999999999998,12.284299547473793,1,
3444,200,0.03193668276235039,43.849999999999994,0.14408682855959806,2.0,0.0,49.0,20.140677966101695,0.30118110236220474,2.159322033898305,11.200000000000038,4.181864406779668,3.1999999999999975,10.401446743598873,2,
3445,200,0.03190476204260796,44.974999999999966,0.14408876855359334,2.0,0.0,52.0,22.68580060422961,0.24290780141843982,4.033232628398792,12.600000000000028,5.007703927492455,3.9999999999999947,11.94962048452578,1,
3446,200,0.031872873227630244,34.57499999999997,0.1440880022521836,3.0,0.0,52.0,21.28930817610063,0.45499999999999996,0.939203354297694,13.300000000000027,4.711530398322856,3.4999999999999942,16.28478138954334,2,
3447,200,0.03184101628552841,52.724999999999945,0.1440886034308533,2.0,1.0,57.0,22.97229916897507,0.1978527607361964,3.472299168975069,15.400000000000027,5.192382271468151,3.8999999999999972,16.512231264015977,1,
3448,200,0.03180919118444552,34.39999999999998,0.14408873855850535,2.0,0.0,53.0,24.15311004784689,0.5231958762886598,0.2679425837320574,12.900000000000029,5.653588516746421,5.700000000000007,10.794893402700337,2,
3449,200,0.03177739789255645,41.324999999999974,0.14408906470679347,2.0,0.0,55.0,21.25460636515913,0.33536585365853655,2.4824120603015074,14.200000000000031,4.458961474036859,4.000000000000044,14.421321126349646,2,
3450,200,0.03174563637806794,38.974999999999994,0.14409023302767363,2.0,0.0,54.0,21.52173913043478,0.43181818181818177,0.36231884057971014,13.200000000000042,4.9815734989648135,4.600000000000005,11.138859349816617,2,
3451,200,0.03171390660921845,45.04999999999999,0.14409012198392954,2.0,0.0,51.0,19.59742351046699,0.2616279069767442,1.249597423510467,11.400000000000043,4.051851851851861,4.099999999999999,7.656880354735052,2,
3452,200,0.0316822085542782,44.89999999999997,0.14409224144354493,2.0,0.0,54.0,22.600985221674875,0.3214285714285714,2.231527093596059,13.300000000000045,4.963218390804606,4.699999999999999,14.863777502157134,2,
3453,200,0.03165054218154915,50.52499999999996,0.14409361997059023,2.0,0.0,53.0,21.850136239782017,0.1748366013071896,4.192098092643052,12.700000000000042,4.462534059945511,2.8999999999999932,13.377299607428322,1,
3454,200,0.031618907459364916,51.79999999999997,0.14409522344398173,2.0,0.0,51.0,21.00785340314136,0.1367924528301887,3.650523560209424,11.500000000000014,3.741099476439792,2.6999999999999966,8.111963474074688,1,
3455,200,0.031587304356090785,47.52499999999998,0.14409722506347195,2.0,0.0,51.0,20.536296296296296,0.21376811594202905,2.1925925925925926,11.400000000000045,4.276592592592602,4.099999999999999,9.434524651906022,2,
3456,200,0.03155573284012364,50.67499999999997,0.14409877333863594,2.0,0.0,53.0,21.34929577464789,0.1875,1.9816901408450704,13.20000000000004,4.25676056338029,3.549999999999997,11.299885161446541,1,
3457,200,0.031524192879891964,46.54999999999997,0.14410040476903813,2.0,0.0,51.0,22.034755134281202,0.2904411764705882,2.440758293838863,11.800000000000031,4.406319115323859,3.0999999999999934,11.685802819151137,2,
3458,200,0.031492684443855785,43.874999999999964,0.14410181481261058,2.0,0.0,53.0,20.632890365448507,0.30343511450381677,1.696013289036545,12.900000000000029,4.4543189368770815,3.2499999999999982,14.229929250033887,2,
3459,200,0.03146120750050669,57.27499999999998,0.14410317758476837,2.0,0.0,51.0,21.465,0.06845238095238093,3.26375,11.900000000000045,3.628999999999999,3.099999999999993,7.181820221594153,0,
3460,200,0.03142976201836771,39.849999999999994,0.14410649028178646,2.0,0.0,53.0,18.524221453287197,0.30982905982905984,3.36159169550173,12.600000000000048,3.5596885813148837,2.1499999999999977,10.866244885253153,2,
3461,200,0.03139834796599337,45.59999999999998,0.1441118659579799,2.0,0.0,49.0,19.364615384615384,0.2240740740740741,1.6892307692307693,10.900000000000027,3.776461538461543,2.2499999999999982,10.384101287813763,2,
3462,200,0.0313669653119696,49.24999999999996,0.1441175908742709,2.0,0.0,54.0,21.20054945054945,0.18092105263157898,2.7596153846153846,13.400000000000032,4.236813186813191,1.9999999999999976,14.26455082521522,2,
3463,200,0.03133561402491377,43.07499999999998,0.14412225805306228,2.0,0.0,46.0,21.147967479674797,0.2947154471544715,1.021138211382114,10.200000000000028,3.6645528455284557,2.4999999999999942,6.836290029189099,1,
3464,200,0.03130429407347458,47.37499999999997,0.14412429448127523,2.0,0.0,53.0,22.217391304347824,0.30597014925373134,1.6376811594202898,12.600000000000037,4.383252818035432,3.6000000000000068,8.630176693289139,1,
3465,200,0.03127300542633206,48.79999999999998,0.1441253105456067,2.0,0.0,52.0,22.630331753554504,0.2606382978723404,2.4154818325434437,12.20000000000004,4.763665086887843,4.300000000000015,10.646289282434283,1,
3466,200,0.031241748052197565,44.32499999999999,0.14412749360465554,2.0,0.0,51.0,21.504885993485342,0.27611940298507465,2.3094462540716614,12.000000000000036,5.0962540716612486,4.7,13.406650194299758,2,
3467,200,0.031210521919813744,52.17499999999997,0.1441301821212661,2.0,0.0,52.0,22.88324175824176,0.1556603773584906,4.15521978021978,12.800000000000026,5.1129120879121,5.650000000000009,10.195292075406256,1,
3468,200,0.031179326997954438,47.57499999999999,0.14413251923492912,1.0,0.0,47.0,19.83823529411765,0.21014492753623193,2.8426470588235295,9.600000000000033,3.5494117647058863,2.6999999999999993,7.254221224526918,2,
3469,200,0.03114816325542473,44.69999999999999,0.1441337587522436,2.0,0.0,48.0,21.776683087027916,0.3015873015873016,1.0426929392446633,9.80000000000002,3.957307060755341,2.799999999999995,7.524700064711002,1,
3470,200,0.03111703066106086,41.17499999999998,0.14413607708145065,2.0,0.0,49.0,21.611965811965813,0.3389830508474576,0.4752136752136752,11.20000000000003,4.225299145299151,3.799999999999996,8.8238643695358,2,
3471,200,0.03108592918373026,21.0,0.14413342790990108,3.0,0.0,53.0,21.140625,0.6724137931034483,0.03125,12.90000000000003,5.414453125000008,5.1499999999999995,18.765663385977046,3,
3472,200,0.03105485879233143,33.87499999999999,0.14413051300844018,2.0,0.0,45.0,20.380434782608695,0.44892473118279574,0.1934782608695652,8.500000000000021,4.038478260869573,4.3,6.098656940722814,2,
3473,200,0.031023819455793984,50.19999999999999,0.14413245856952273,2.0,1.0,51.0,21.58595988538682,0.20238095238095233,2.786532951289398,12.10000000000004,4.417621776504308,4.20000000000002,7.138285786417627,1,
3474,200,0.03099281114307856,34.674999999999976,0.14413306550012142,2.0,0.0,49.0,20.219354838709677,0.43686868686868685,0.8516129032258064,10.500000000000018,4.052473118279573,3.699999999999994,7.413538922598818,2,
3475,200,0.030961833823176882,50.09999999999997,0.14413413700549557,2.0,1.0,50.0,21.72252747252747,0.15522875816993453,4.1195054945054945,10.900000000000041,4.416483516483528,4.799999999999997,6.736169575250577,1,
3476,200,0.030930887465111603,46.24999999999997,0.1441383003140262,2.0,0.0,49.0,20.541907514450866,0.19890510948905105,1.6748554913294798,10.700000000000022,4.02716763005781,2.8999999999999977,9.739542374332597,2,
3477,200,0.030899972037936367,44.62499999999997,0.14413704342023126,2.0,0.0,48.0,20.646129541864138,0.2732558139534884,0.8072669826224329,9.800000000000024,3.8669826224328636,3.0999999999999983,7.534426286786782,2,
3478,200,0.03086908751073573,52.59999999999996,0.14413816432213533,2.0,1.0,49.0,21.798429319371728,0.10849056603773577,3.600785340314136,10.300000000000022,4.215445026178015,3.699999999999995,7.062312817481783,1,
3479,200,0.030838233852625192,18.59999999999999,0.14413903076164913,3.0,1.0,45.0,16.63986013986014,0.5954545454545455,1.472027972027972,8.000000000000016,3.280419580419584,2.1499999999999977,7.529778592823556,3,
3480,200,0.030807411032751076,44.49999999999997,0.14414153166003074,2.0,1.0,50.0,19.879499217527385,0.25763358778625955,2.3380281690140845,11.00000000000003,3.8733959311424155,2.3999999999999972,10.308300254702255,2,
3481,200,0.03077661902029056,21.525,0.1441459869984455,3.0,0.0,49.0,17.104895104895103,0.6059322033898306,0.06993006993006994,10.600000000000023,3.5636363636363657,1.8999999999999992,9.859847178922953,3,
3482,200,0.030745857784451616,44.02499999999999,0.14414838952374182,2.0,1.0,50.0,18.872037914691944,0.2703252032520326,1.0252764612954186,11.00000000000004,3.1579778830963683,1.8999999999999946,9.001984885996153,2,
3483,200,0.03071512729447303,54.44999999999996,0.14414813683524363,2.0,1.0,46.0,21.085,0.0690184049079754,2.72875,8.800000000000002,3.401000000000002,2.899999999999995,5.156307056729816,0,
3484,200,0.0306844275196243,35.075,0.14415048140042147,1.0,0.0,39.0,16.43682310469314,0.29591836734693877,1.0054151624548737,4.799999999999988,2.1900722021660597,2.2999999999999927,1.1958800645129686,2,
3485,200,0.030653758429205646,34.499999999999986,0.14414911898624164,2.0,0.0,47.0,19.709821428571427,0.45833333333333337,0.7053571428571429,9.000000000000004,3.517187500000004,3.199999999999992,4.925197879453743,2,
3486,200,0.03062311999254796,43.524999999999984,0.14415247154922142,2.0,0.0,55.0,21.06401384083045,0.328125,2.6089965397923875,14.200000000000042,4.909169550173015,3.699999999999999,15.019632157278377,2,
3487,200,0.030592512179012835,46.87499999999997,0.1441551847277895,2.0,0.0,54.0,23.390749601275918,0.3039568345323741,1.79585326953748,13.70000000000004,5.157097288676248,4.599999999999998,10.16311343888004,1,
3488,200,0.030561934957992438,23.199999999999996,0.14415659435900055,4.0,0.0,49.0,15.925233644859814,0.5576923076923077,0.616822429906542,10.700000000000024,3.1619937694704077,1.699999999999998,8.521005822981405,3,
3489,200,0.030531388298909546,46.44999999999999,0.14416214707454783,3.0,0.0,49.0,21.365558912386707,0.23518518518518516,2.8459214501510575,10.600000000000044,4.215558912386718,4.00000000000002,6.558791013205053,1,
3490,200,0.030500872171217483,48.79999999999999,0.14416471752946153,2.0,1.0,51.0,21.69918699186992,0.29379562043795615,1.1609756097560975,11.400000000000032,3.9952845528455327,4.000000000000019,4.933568044333544,1,
3491,200,0.030470386544400145,47.224999999999966,0.14417036044986226,2.0,0.0,49.0,20.8312925170068,0.15277777777777768,3.3224489795918366,10.800000000000031,3.8458503401360606,2.499999999999999,10.448134773723536,1,
3492,200,0.03043993138797189,44.97499999999996,0.1441736354826471,2.0,0.0,53.0,22.47261345852895,0.2870370370370371,2.383411580594679,13.100000000000035,4.72503912363068,3.8999999999999977,13.474899000783788,1,
3493,200,0.030409506671477564,47.27499999999999,0.14417503356018002,2.0,0.0,48.0,21.16267942583732,0.2727272727272727,1.9106858054226474,10.100000000000021,3.8202551834130767,3.299999999999995,4.949666113835718,1,
3494,200,0.03037911236449243,47.64999999999998,0.14417478274595455,2.0,0.0,48.0,22.27479674796748,0.2798507462686567,1.0764227642276423,9.900000000000025,4.340650406504072,4.099999999999998,6.709844959600711,1,
3495,200,0.030348748436622202,35.624999999999986,0.14417385625695966,2.0,0.0,48.0,19.806382978723406,0.4247572815533981,1.4425531914893617,10.700000000000022,3.8453191489361718,2.8999999999999932,9.22434963490106,2,
3496,200,0.03031841485750294,48.924999999999976,0.14417538233395358,2.0,1.0,55.0,22.803977272727273,0.21103896103896114,4.059659090909091,14.700000000000028,5.141477272727278,3.7999999999999954,15.711493154969133,1,
3497,200,0.030288111596801063,31.449999999999974,0.14417819115004432,2.0,0.0,51.0,20.212996389891696,0.32547169811320753,3.03971119133574,14.200000000000017,4.813176895306863,2.1999999999999984,23.277826401446774,3,
3498,200,0.030257838624213294,35.34999999999997,0.1441807792445188,2.0,0.0,50.0,20.411042944785276,0.40384615384615385,1.3169734151329244,10.900000000000034,4.411860940695305,4.099999999999996,9.457731180997042,2,
3499,200,0.030227595909466682,47.69999999999995,0.1441869309401815,2.0,0.0,57.0,22.393732970027248,0.19078947368421062,3.483651226158038,15.300000000000045,4.8377384196185345,3.199999999999993,19.186663195701293,2,
3500,200,0.0301973834223185,43.499999999999986,0.1441880880339525,2.0,0.0,51.0,21.476190476190474,0.3475609756097561,0.8800705467372134,12.000000000000037,4.662610229276908,4.900000000000004,11.127102224655438,2,
3501,200,0.03016720113255626,44.22499999999995,0.1441896759880724,2.0,0.0,52.0,22.84072249589491,0.31488549618320616,1.0821018062397372,12.60000000000002,4.5957307060755355,3.4999999999999956,11.291243744607476,1,
3502,200,0.030137049009997648,36.67499999999998,0.1441896104793969,1.0,0.0,50.0,18.005725190839694,0.38592233009708743,0.7595419847328244,10.90000000000003,3.014503816793894,1.9999999999999962,7.491458144405031,2,
3503,200,0.03010692702449057,56.97499999999995,0.14419237418968428,2.0,1.0,56.0,22.30375,0.07857142857142851,4.305,14.400000000000047,4.132250000000001,2.9499999999999957,12.960580188406622,0,
3504,200,0.03007683514591303,38.57499999999999,0.14419271244814913,2.0,0.0,52.0,21.308695652173913,0.4462616822429907,0.41304347826086957,12.500000000000025,4.642391304347835,4.6,11.343147888222603,2,
3505,200,0.03004677334417314,47.39999999999996,0.14419689095609275,2.0,0.0,55.0,21.73293768545994,0.232394366197183,2.701780415430267,14.400000000000038,4.481454005934724,3.2999999999999914,15.438221187606716,1,
3506,200,0.030016741589209084,45.72499999999999,0.14419970339389598,2.0,0.0,46.0,19.966514459665145,0.2265625,1.3378995433789955,8.700000000000042,3.3503805175038064,2.8999999999999964,5.00406395952262,1,
3507,200,0.029986739850989135,47.27499999999997,0.14420095579201672,2.0,0.0,55.0,20.358006042296072,0.22902097902097895,2.731117824773414,14.600000000000023,4.328851963746227,2.1999999999999984,17.17314934864909,2,
3508,200,0.029956768099511533,46.39999999999996,0.14420506040428568,2.0,0.0,53.0,21.640949554896142,0.2321428571428572,2.5949554896142435,13.400000000000036,4.789465875370927,3.6999999999999975,15.96225354686049,2,
3509,200,0.02992682630480453,40.25,0.1442074961394671,2.0,0.0,57.0,21.35151515151515,0.4402654867256637,1.5292929292929294,15.000000000000037,4.811111111111118,3.6999999999999975,15.516202494449603,2,
3510,200,0.029896914436926308,42.17499999999999,0.1442090793996862,2.0,0.0,49.0,20.40531561461794,0.28600000000000003,1.6926910299003322,10.400000000000034,4.401495016611301,3.9499999999999975,9.250671131309687,2,
3511,200,0.02986703246596503,33.14999999999999,0.14420858753841498,2.0,0.0,49.0,20.24503311258278,0.45833333333333337,1.229580573951435,10.400000000000025,3.9121412803532043,3.699999999999995,7.021674885969391,2,
3512,200,0.029837180362038706,53.64999999999996,0.14421462865766554,2.0,1.0,57.0,22.907068062827225,0.1475903614457832,4.590314136125654,15.000000000000046,4.8806282722513155,4.099999999999996,12.15166126144656,1,
3513,200,0.029807358095295233,47.574999999999974,0.1442161815609861,2.0,1.0,49.0,21.89731437598736,0.2720588235294118,2.486571879936809,11.200000000000031,4.323854660347559,3.4999999999999982,10.204780277922046,1,
3514,200,0.02977756563591232,53.59999999999994,0.1442167796751353,2.0,0.0,55.0,23.74406332453826,0.1511976047904191,4.437994722955145,14.500000000000043,5.4341688654353675,4.799999999999998,15.738213442216177,1,
3515,200,0.029747802954097544,37.29999999999998,0.14421756411234626,4.0,0.0,61.0,20.50094161958569,0.4151785714285714,1.256120527306968,18.10000000000002,4.620527306967991,1.4999999999999973,28.098529507731726,3,
3516,200,0.0297180700200882,24.0,0.1442166703699326,2.0,0.0,45.0,14.708683473389355,0.5410447761194029,0.04201680672268908,7.800000000000007,1.9708683473389341,1.1999999999999982,3.702653788211663,3,
3517,200,0.02968836680415135,25.55,0.14421664651110422,6.0,1.0,51.0,17.309734513274336,0.4894366197183099,0.8053097345132744,11.700000000000026,4.271091445427734,3.1999999999999984,14.815399408284089,3,
3518,200,0.029658693276583766,37.625,0.14421756508777367,2.0,0.0,48.0,20.891489361702128,0.41666666666666663,0.7276595744680852,10.500000000000039,4.511702127659581,4.199999999999998,10.062100100045786,2,
3519,200,0.029629049407711945,46.14999999999999,0.14422154336439208,2.0,0.0,47.0,21.231884057971016,0.27734375,1.2334943639291465,9.100000000000028,3.7919484702093453,3.3999999999999972,5.15849927393429,1,
3520,200,0.029599435167892,45.74999999999997,0.1442252530688773,2.0,1.0,46.0,21.503164556962027,0.25,0.9367088607594937,9.100000000000026,4.077215189873424,3.9500000000000077,4.452276809297437,1,
3521,200,0.02956985052750969,29.799999999999997,0.1442240966187178,2.0,1.0,44.0,20.07906976744186,0.5,0.6186046511627907,7.600000000000032,3.443255813953491,3.0999999999999925,4.004429661599072,2,
3522,200,0.029540295456980357,46.29999999999999,0.14422429741638912,2.0,1.0,52.0,20.885483870967743,0.2645985401459854,2.3532258064516127,12.300000000000031,4.82580645161291,3.049999999999998,15.662826386124925,2,
3523,200,0.029510769926748955,30.82499999999998,0.144222236210219,2.0,0.0,47.0,20.378440366972477,0.5028735632183908,0.0,9.000000000000028,3.7103211009174353,3.8000000000000123,4.173745706094345,2,
3524,200,0.02948127390728994,24.525,0.1442242047456802,3.0,0.0,52.0,17.234756097560975,0.532608695652174,0.38414634146341464,12.10000000000003,4.105182926829273,3.349999999999998,13.61525213091294,3,
3525,200,0.02945180736910729,32.62499999999997,0.14422559072562535,2.0,0.0,49.0,22.931192660550458,0.4921052631578947,1.0091743119266054,11.200000000000033,5.241972477064232,5.300000000000014,9.496017622767631,2,
3526,200,0.02942237028273445,35.37499999999999,0.144225507888234,2.0,1.0,47.0,22.233115468409586,0.43500000000000005,0.3202614379084967,9.800000000000036,5.184531590413956,5.100000000000008,8.649061040440552,2,
3527,200,0.029392962618734357,37.49999999999999,0.1442270183693401,6.0,0.0,62.0,19.458015267175572,0.3883928571428571,1.6068702290076335,18.100000000000016,4.579770992366414,1.6999999999999893,27.76514992260777,3,
3528,200,0.029363584347699333,47.674999999999955,0.14422943515302322,2.0,0.0,53.0,21.893243243243244,0.1578947368421053,3.968918918918919,12.900000000000027,4.57513513513514,2.0999999999999943,16.33911427887936,2,
3529,200,0.029334235440251103,43.675,0.14423306552586115,2.0,0.0,56.0,22.147329650092082,0.3799212598425197,1.5009208103130756,15.000000000000032,5.2609576427256055,4.799999999999997,16.127959490992055,2,
3530,200,0.029304915867040746,48.649999999999984,0.14423343891961968,2.0,0.0,50.0,21.541871921182267,0.2755474452554745,1.9408866995073892,10.90000000000004,3.816420361247949,3.5999999999999908,5.599417062122564,1,
3531,200,0.02927562559874871,45.849999999999966,0.14423356731931491,2.0,1.0,47.0,23.45320197044335,0.2805343511450382,1.257799671592775,9.400000000000036,4.9632183908046095,5.4000000000000306,4.449168140638522,1,
3532,200,0.029246364606084714,45.74999999999998,0.14423412966577026,2.0,0.0,49.0,22.221674876847292,0.30343511450381677,0.8505747126436781,11.30000000000003,4.224302134646965,2.5999999999999948,10.758387510785232,1,
3533,200,0.029217132859787758,49.62499999999996,0.1442360483414324,2.0,0.0,54.0,22.70281690140845,0.1870860927152318,3.483098591549296,13.300000000000043,5.068873239436625,4.800000000000021,11.71571633746553,1,
3534,200,0.029187930330626086,44.82499999999998,0.14423594779953325,2.0,0.0,45.0,22.11658456486043,0.2696850393700787,2.037766830870279,8.20000000000004,4.16124794745485,4.499999999999999,3.5673092105263478,1,
3535,200,0.02915875698939719,52.14999999999996,0.14423663512442758,2.0,0.0,47.0,22.3975,0.06790123456790131,5.16375,10.600000000000014,4.1885,3.29999999999999,7.188528982076598,0,
3536,200,0.02912961280692771,37.37499999999998,0.14423474654591592,2.0,0.0,47.0,19.610671936758894,0.37735849056603776,1.533596837944664,9.900000000000018,4.0116600790513885,3.8999999999999964,7.0947731755424455,2,
3537,200,0.02910049775407347,54.72499999999995,0.14423647160211428,2.0,0.0,49.0,22.29625,0.0714285714285714,3.35875,11.900000000000036,4.1277500000000025,3.199999999999995,7.933592333738078,0,
3538,200,0.02907141180171939,38.17499999999998,0.14423669600008893,2.0,0.0,53.0,21.0,0.4444444444444444,0.256198347107438,12.900000000000038,4.496487603305793,4.300000000000002,10.48860681735722,2,
3539,200,0.029042354920779553,47.97499999999998,0.14423618332561414,2.0,0.0,55.0,20.79813664596273,0.2753623188405797,1.1273291925465838,13.900000000000038,3.7618012422360287,2.3999999999999964,10.213938153278663,1,
3540,200,0.029013327082197053,44.72499999999997,0.14423849538506978,2.0,0.0,49.0,21.936204146730464,0.2805343511450382,1.2185007974481659,12.10000000000003,4.284370015948969,3.499999999999997,10.028776429051163,1,
3541,200,0.028984328256944056,37.775,0.14423879663966616,2.0,0.0,43.0,17.88560885608856,0.33252427184466016,0.7546125461254612,7.2000000000000295,2.9702952029520326,3.0999999999999948,2.9819137536041187,2,
3542,200,0.028955358416021718,49.199999999999974,0.14423789146953833,2.0,0.0,53.0,21.166204986149584,0.17567567567567566,4.1814404432132966,13.400000000000027,4.10872576177286,3.2500000000000036,12.502066957871316,1,
3543,200,0.02892641753046022,46.774999999999956,0.14423750885198178,3.0,0.0,58.0,20.941761363636363,0.226027397260274,2.950284090909091,15.900000000000036,4.024147727272729,2.4999999999999973,19.47610391130221,1,
3544,200,0.028897505571318663,43.02499999999998,0.1442372986910709,2.0,0.0,48.0,21.195402298850574,0.30241935483870963,1.0377668308702792,11.200000000000006,3.60853858784893,2.9999999999999964,5.956921807592764,1,
3545,200,0.028868622509685086,33.97499999999998,0.14423913134098593,2.0,0.0,56.0,19.976331360946745,0.4393203883495146,1.5857988165680474,14.500000000000037,4.07357001972387,1.8999999999999928,18.15183755563173,3,
3546,200,0.028839768316676413,49.374999999999986,0.14424260766592018,2.0,0.0,43.0,18.76901408450704,0.14855072463768115,1.2169014084507042,7.400000000000023,2.7085915492957757,2.400000000000003,2.9853264735696885,1,
3547,200,0.02881094296343847,43.27499999999998,0.14424378577609354,2.0,0.0,49.0,20.444976076555022,0.26953125,2.1610845295055823,10.300000000000034,3.389633173843701,3.0999999999999903,5.39660482082175,1,
3548,200,0.02878214642114589,54.299999999999955,0.14424636373794472,2.0,0.0,51.0,22.23875,0.06065088757396442,5.00625,11.500000000000046,4.093250000000003,3.6999999999999944,6.424864476350798,0,
3549,200,0.028753378661002135,56.899999999999935,0.14424740786934892,2.0,0.0,51.0,22.33875,0.07647058823529407,2.17625,11.600000000000042,4.153250000000006,3.599999999999995,7.817226651916698,0,
3550,200,0.028724639654239423,41.79999999999998,0.14424711019687486,2.0,0.0,54.0,19.927797833935017,0.35169491525423724,0.4332129963898917,13.400000000000045,4.2846570397111945,2.7999999999999976,14.29116494794985,2,
3551,200,0.02869592937211877,45.19999999999996,0.1442466408436248,2.0,0.0,52.0,22.26283987915408,0.25735294117647056,2.5377643504531724,12.900000000000043,4.753927492447137,3.7999999999999945,13.71686632758548,2,
3552,200,0.02866724778592988,44.39999999999996,0.14425032458650605,2.0,0.0,53.0,23.401626016260163,0.31439393939393945,1.7723577235772359,13.700000000000028,5.0167479674796835,5.000000000000012,13.357201975548973,1,
3553,200,0.028638594866991166,52.57499999999996,0.1442540580427701,2.0,0.0,54.0,22.460051546391753,0.1325301204819278,4.404639175257732,13.600000000000037,4.498195876288663,3.0999999999999943,11.809500892597734,1,
3554,200,0.028609970586649693,47.999999999999964,0.1442547061054325,2.0,1.0,57.0,21.2134670487106,0.22972972972972983,3.2034383954154726,15.00000000000003,4.27664756446992,2.599999999999996,13.641560027339802,2,
3555,200,0.028581374916281203,44.14999999999998,0.1442556450401269,1.0,0.0,45.0,20.60591133004926,0.28600000000000003,0.3579638752052545,8.000000000000009,3.254844006568144,3.0999999999999988,3.7078067299396076,1,
3556,200,0.02855280782729001,38.09999999999996,0.14425566828286746,2.0,0.0,53.0,19.531623931623933,0.33974358974358976,2.4153846153846152,12.700000000000035,3.5637606837606857,2.399999999999987,11.677968698863966,2,
3557,200,0.028524269291109027,37.89999999999999,0.14425782009045604,2.0,1.0,44.0,19.11007462686567,0.3341121495327103,0.16791044776119404,7.600000000000046,3.783208955223892,4.400000000000003,5.14809418889996,2,
3558,200,0.028495759279199697,48.64999999999996,0.14425949866607746,2.0,0.0,55.0,23.523349436392916,0.30319148936170215,0.7101449275362319,14.300000000000034,5.166827697262485,3.999999999999998,12.468336116585498,1,
3559,200,0.028467277763052034,38.42499999999998,0.14426029892920839,2.0,0.0,52.0,24.101075268817205,0.44819819819819817,0.5956989247311828,12.200000000000038,6.262795698924743,6.600000000000012,14.676210596418626,2,
3560,200,0.028438824714184505,32.05,0.1442655664999345,2.0,1.0,44.0,18.58612975391499,0.46590909090909094,0.029082774049217,7.400000000000027,2.8136465324384816,2.0999999999999983,4.405540518898169,2,
3561,200,0.02841040010414406,50.22499999999998,0.14426663804853734,2.0,1.0,49.0,20.855113636363637,0.17465753424657526,1.3139204545454546,10.500000000000023,3.9721590909090954,2.8999999999999932,7.731910938934511,1,
3562,200,0.028382003904506077,32.175,0.14426560396467145,1.0,0.0,44.0,19.132075471698112,0.5,0.0,7.400000000000005,2.7596698113207516,2.3999999999999955,3.3983687943262404,2,
3563,200,0.028353636086874374,19.299999999999994,0.1442689869372424,3.0,0.0,49.0,20.214007782101167,0.6851851851851852,0.0,11.200000000000031,4.854085603112848,4.500000000000003,16.463121669089233,3,
3564,200,0.02832529662288112,51.07499999999996,0.14427150373745318,2.0,0.0,54.0,21.01396648044693,0.19407894736842102,2.8240223463687153,13.400000000000038,4.038826815642464,2.299999999999999,13.218657927846293,1,
3565,200,0.028296985484186854,52.39999999999998,0.1442735052953869,2.0,0.0,53.0,22.57369942196532,0.19838709677419364,2.8757225433526012,13.000000000000034,5.0121387283237135,5.100000000000001,8.622731929591612,1,
3566,200,0.028268702642480412,47.849999999999966,0.1442777926997038,2.0,0.0,54.0,20.84826589595376,0.22222222222222232,2.476878612716763,13.900000000000043,3.9768786127167672,2.399999999999995,13.515418480859962,1,
3567,200,0.028240448069478983,38.52499999999999,0.14428221659601753,2.0,0.0,47.0,17.814285714285713,0.3200934579439252,1.2,9.700000000000035,3.0500000000000034,2.249999999999994,6.146448171072026,2,
3568,200,0.02821222173692798,46.499999999999986,0.14428360112128635,2.0,0.0,47.0,20.33977455716586,0.2614503816793893,1.3977455716586151,10.100000000000014,3.2566827697262495,2.399999999999996,6.517287055284747,1,
3569,200,0.02818402361660106,38.974999999999994,0.14428486610832436,2.0,0.0,48.0,19.13131313131313,0.39953271028037385,0.3696969696969697,9.800000000000017,3.6074747474747464,2.7999999999999967,5.921321829698334,2,
3570,200,0.028155853680300096,48.12499999999998,0.14428645381183333,2.0,0.0,52.0,23.073170731707318,0.31204379562043794,0.7886178861788617,12.000000000000036,4.819674796747974,4.099999999999999,9.539979588815154,1,
3571,200,0.02812771189985517,44.89999999999998,0.14428723000260926,2.0,0.0,49.0,21.619512195121953,0.296875,1.240650406504065,10.800000000000034,3.947479674796752,3.4000000000000075,5.451028385295526,1,
3572,200,0.028099598247124487,55.199999999999974,0.1442856033785685,2.0,0.0,51.0,21.32994923857868,0.10403726708074523,2.446700507614213,11.50000000000002,3.691116751269035,3.0,7.2529530729874105,1,
3573,200,0.028071512693994393,58.224999999999966,0.14428591093352347,2.0,0.0,50.0,22.58,0.06395348837209291,3.77125,11.200000000000033,4.29800000000001,4.500000000000006,6.428756044931369,0,
3574,200,0.02804345521237932,57.49999999999998,0.1442860243940313,2.0,1.0,50.0,21.406493506493508,0.11363636363636354,1.3909090909090909,11.300000000000018,3.9250649350649396,3.6999999999999975,7.540592259389912,1,
3575,200,0.028015425774221808,48.12499999999999,0.14428794280132853,1.0,0.0,42.0,18.53676470588235,0.17537313432835822,2.9661764705882354,6.4,2.577941176470586,2.6999999999999944,1.8503409393186385,1,
3576,200,0.027987424351492405,40.999999999999964,0.14429096363303998,2.0,0.0,49.0,20.524046434494196,0.3150406504065041,1.51575456053068,11.80000000000003,3.6479270315091235,3.099999999999998,8.552966986424986,2,
3577,200,0.027959450916189687,36.97499999999996,0.14429033782346237,2.0,0.0,51.0,22.88535031847134,0.42757009345794394,1.1549893842887473,12.100000000000037,5.719957537155,6.000000000000006,11.420544897223307,2,
3578,200,0.027931505440340204,50.374999999999964,0.144293512728602,2.0,0.0,47.0,21.712290502793294,0.14932885906040272,2.11731843575419,10.400000000000027,4.457821229050286,3.999999999999995,8.77720455276945,1,
3579,200,0.027903587895998498,56.99999999999996,0.14429947155126452,2.0,0.0,49.0,22.215,0.06871345029239762,2.91,11.200000000000028,4.079000000000004,3.299999999999999,7.737421089720512,0,
3580,200,0.027875698255247015,44.174999999999955,0.14430118400180478,2.0,0.0,53.0,22.439739413680783,0.31060606060606055,1.6058631921824105,12.600000000000044,4.9184039087948,4.400000000000005,8.845727105134099,2,
3581,200,0.02784783649019611,39.57499999999997,0.14430195671151325,3.0,0.0,53.0,22.112299465240643,0.35245901639344257,1.7272727272727273,13.500000000000036,5.33012477718361,4.7,15.13976448906974,2,
3582,200,0.027820002572984004,42.574999999999974,0.1443041716144391,2.0,0.0,47.0,20.62889983579639,0.2991803278688525,0.7750410509031199,9.000000000000032,3.26863711001642,2.599999999999995,4.948274374460771,1,
3583,200,0.0277921964757768,34.599999999999994,0.14430237891124398,1.0,0.0,45.0,19.506787330316744,0.4627659574468085,0.0,7.900000000000016,3.2968325791855206,2.999999999999998,5.127120283779439,2,
3584,200,0.02776441817076839,30.924999999999983,0.14430840407326295,2.0,0.0,47.0,18.84162895927602,0.4859550561797753,1.165158371040724,9.000000000000012,2.897737556561086,2.7999999999999936,3.8174352359454002,2,
3585,200,0.027736667630180466,34.925,0.14430889609250422,2.0,0.0,43.0,17.471734892787524,0.3877551020408163,1.7231968810916178,6.800000000000009,2.373879142300192,1.9999999999999947,2.784669412694555,2,
3586,200,0.02770894482626248,47.77499999999996,0.1443086827687404,2.0,0.0,56.0,21.93103448275862,0.26041666666666663,2.333855799373041,14.70000000000003,5.384169278996872,3.4999999999999973,18.565860830428328,2,
3587,200,0.02768124973129162,44.57499999999998,0.1443101851993661,2.0,0.0,58.0,20.821538461538463,0.26102941176470584,2.5276923076923077,15.70000000000004,4.617384615384622,2.799999999999997,18.477295354545305,2,
3588,200,0.027653582317572808,39.82499999999997,0.14430945376993537,2.0,0.0,47.0,20.795008912655973,0.3405172413793104,0.9269162210338681,9.300000000000027,4.310873440285214,4.199999999999998,9.309447890188167,2,
3589,200,0.027625942557438617,47.32499999999996,0.1443118178850943,2.0,0.0,48.0,22.135670731707318,0.22887323943661975,2.2865853658536586,10.20000000000002,4.646036585365863,4.499999999999997,6.99984811832646,1,
3590,200,0.027598330423249287,46.324999999999974,0.14431487119152792,2.0,0.0,44.0,20.122065727699532,0.23062015503875966,0.672926447574335,8.300000000000018,3.3147104851330234,3.4999999999999947,4.282110207680271,1,
3591,200,0.02757074588739267,49.474999999999994,0.14431778818894325,2.0,0.0,43.0,18.462290502793294,0.1405109489051095,1.952513966480447,6.900000000000029,2.507821229050278,2.149999999999994,2.864720952687495,1,
3592,200,0.02754318892228425,43.824999999999996,0.14432325420843636,2.0,0.0,48.0,18.33225806451613,0.25,2.009677419354839,9.900000000000036,3.293870967741937,2.299999999999999,6.350462826386169,2,
3593,200,0.027515659500367044,60.599999999999966,0.14432784996030326,2.0,0.0,53.0,22.98125,0.0814606741573034,4.01375,13.600000000000032,4.5387500000000065,4.299999999999999,9.730863641974503,0,
3594,200,0.027488157594111634,43.27499999999998,0.1443283735061101,2.0,0.0,48.0,21.027972027972027,0.3319672131147541,0.7884615384615384,10.30000000000003,4.319230769230775,3.8999999999999995,8.226823154014784,2,
3595,200,0.027460683176016094,31.424999999999994,0.14432890521229383,1.0,0.0,42.0,18.29864253393665,0.4709302325581395,0.8031674208144797,6.399999999999996,2.54751131221719,2.4999999999999964,2.0503776047665054,2,
3596,200,0.027433236218606032,47.04999999999998,0.14433202498492484,2.0,0.0,54.0,20.88,0.2645985401459854,1.4892307692307691,14.000000000000043,3.8549230769230807,3.0999999999999983,9.697452562017972,1,
3597,200,0.027405816694434475,57.04999999999997,0.14433158395461382,2.0,0.0,52.0,21.68125,0.09615384615384626,2.455,12.200000000000038,3.758750000000007,3.300000000000016,7.046309447358568,0,
3598,200,0.027378424576081896,34.72499999999998,0.14433310106494976,2.0,0.0,48.0,21.218884120171673,0.44191919191919193,0.10515021459227468,9.80000000000002,4.633476394849793,4.900000000000002,7.429471483502615,2,
3599,200,0.027351059836156166,44.67499999999998,0.1443331044479062,2.0,0.0,45.0,21.96713615023474,0.24606299212598426,1.2660406885759,9.300000000000024,4.421752738654158,4.500000000000009,5.293483444357403,1,
3600,200,0.02732372244729256,54.62499999999999,0.1443373998749683,2.0,1.0,45.0,20.2367758186398,0.06847133757961776,3.8790931989924435,7.800000000000031,2.965365239294711,2.700000000000003,2.784913163133409,1,
3601,200,0.027296412382153676,49.02499999999999,0.14434013644980923,2.0,1.0,45.0,20.456923076923076,0.21323529411764697,1.323076923076923,8.000000000000007,3.6010769230769264,3.499999999999992,2.9718981820075507,1,
3602,200,0.027269129613429453,44.62499999999998,0.14433785941211635,2.0,0.0,56.0,21.461928934010153,0.34765625,2.1472081218274113,15.000000000000032,4.37681895093063,3.199999999999998,14.95353252404955,2,
3603,200,0.027241874113837102,46.92499999999997,0.14433986453233852,2.0,0.0,47.0,22.535714285714285,0.2390510948905109,1.7484472049689441,10.50000000000002,4.804347826086964,4.399999999999998,8.518355672899615,1,
3604,200,0.027214645856121145,50.974999999999966,0.1443419976108993,2.0,0.0,52.0,22.06268221574344,0.21357615894039728,2.9081632653061225,12.200000000000035,4.702186588921288,3.800000000000001,10.505542324079158,1,
3605,200,0.027187444813053317,55.54999999999997,0.14434301887284112,2.0,1.0,46.0,21.85125,0.05891719745222934,2.51875,10.30000000000003,3.860750000000008,3.8999999999999995,6.074868929482754,0,
3606,200,0.027160270957432564,56.89999999999996,0.1443424189965518,2.0,0.0,54.0,21.34,0.10843373493975905,2.36625,13.300000000000042,3.554000000000005,1.9999999999999991,10.630400610001022,0,
3607,200,0.027133124262085022,48.12499999999997,0.1443435094933394,2.0,0.0,54.0,22.315619967793882,0.2823741007194245,1.423510466988728,13.400000000000038,4.442190016103066,3.6999999999999957,9.663848926459972,1,
3608,200,0.027106004699864013,35.549999999999976,0.14434213949008134,2.0,0.0,50.0,24.22325581395349,0.48039215686274506,0.053488372093023255,12.100000000000033,5.929767441860475,5.500000000000007,12.869509083337473,2,
3609,200,0.027078912243649965,35.62499999999999,0.14434273942830478,2.0,0.0,46.0,20.319565217391304,0.44072164948453607,0.017391304347826087,8.800000000000043,4.0332608695652254,4.200000000000002,6.099292104405078,2,
3610,200,0.027051846866350416,48.92499999999996,0.14434314704521137,2.0,0.0,54.0,20.64840182648402,0.2677304964539007,2.1171993911719937,13.300000000000018,3.759512937595131,2.699999999999996,10.858477277781942,1,
3611,200,0.027024808540899975,40.524999999999956,0.1443419406912357,2.0,0.0,54.0,21.765853658536585,0.3266129032258065,2.0,13.300000000000036,4.209918699186998,3.2000000000000055,11.444858708067235,2,
3612,200,0.02699779724026034,43.47499999999998,0.14434249749622724,2.0,1.0,53.0,19.64967105263158,0.2936507936507936,1.5986842105263157,12.700000000000045,3.9687500000000058,2.8999999999999972,11.393067415456862,2,
3613,200,0.026970812937420194,30.049999999999976,0.14434210536240316,3.0,0.0,53.0,19.008810572687224,0.47527472527472525,1.3392070484581498,13.20000000000003,3.932599118942734,1.6999999999999995,17.66624767726763,3,
3614,200,0.026943855605395233,32.8,0.14434249275551816,2.0,0.0,44.0,19.369565217391305,0.4423076923076923,0.24565217391304348,7.400000000000039,3.463260869565221,3.7999999999999923,3.9590819899905347,2,
3615,200,0.026916925217228112,53.824999999999946,0.1443450037524555,1.0,1.0,51.0,21.6675,0.09146341463414642,3.28,12.800000000000034,3.7505000000000024,2.449999999999995,11.371867518543079,0,
3616,200,0.026890021745988462,39.025,0.1443441304393668,2.0,0.0,46.0,19.196881091617932,0.37962962962962965,0.6939571150097466,8.900000000000011,3.603118908382069,3.299999999999996,6.0943604085603384,2,
3617,200,0.026863145164772798,35.82499999999998,0.14434532098287875,2.0,0.0,49.0,21.511111111111113,0.3901869158878505,1.9090909090909092,11.300000000000036,5.1189898989899065,4.799999999999995,12.833469537678022,2,
3618,200,0.02683629544670454,41.89999999999999,0.14434672456696784,2.0,0.0,43.0,21.62233169129721,0.2838983050847458,0.9310344827586207,7.600000000000029,3.864696223316919,3.8999999999999972,4.2240688093184255,1,
3619,200,0.02680947256493395,50.69999999999996,0.14434989690508904,3.0,0.0,57.0,22.039106145251395,0.19551282051282048,3.702513966480447,15.400000000000041,4.895251396648054,2.849999999999998,18.324510401732272,2,
3620,200,0.026782676492638175,52.89999999999996,0.14435369761311984,2.0,0.0,59.0,22.77747252747253,0.19277108433734935,4.293956043956044,16.400000000000038,5.049450549450556,3.299999999999989,19.535613481941983,1,
3621,200,0.026755907203021123,40.224999999999994,0.14435218214299503,2.0,0.0,47.0,19.945996275605214,0.34375,0.3854748603351955,9.600000000000025,4.292364990689024,4.700000000000001,7.433431171281198,2,
3622,200,0.0267291646693135,45.424999999999976,0.14435507736844216,2.0,0.0,47.0,21.97521865889213,0.19525547445255476,2.782798833819242,10.500000000000021,4.6497084548105025,4.199999999999996,8.146569704310552,1,
3623,200,0.026702448864772767,48.07499999999996,0.14435448007215598,2.0,0.0,56.0,24.51916932907348,0.297945205479452,3.8466453674121404,14.900000000000043,5.82284345047924,4.399999999999999,16.719089531100593,1,
3624,200,0.026675759762683132,47.22499999999998,0.14435367317303524,2.0,0.0,47.0,21.275613275613274,0.19964028776978426,2.038961038961039,10.300000000000024,4.307070707070714,3.7000000000000086,9.741427720677708,2,
3625,200,0.026649097336355485,42.02499999999998,0.14435610746652505,2.0,0.0,51.0,19.912972085385878,0.3114754098360656,0.9720853858784894,11.500000000000023,2.8390804597701136,2.1999999999999886,6.117306945642821,1,
3626,200,0.026622461559127397,44.174999999999955,0.14435630017492093,2.0,0.0,55.0,22.725806451612904,0.30147058823529416,2.8403225806451613,14.000000000000034,4.6758064516129085,2.8999999999999977,13.670192170114985,1,
3627,200,0.02659585240436307,44.39999999999998,0.14435816975150845,2.0,0.0,50.0,21.532019704433498,0.31640625,1.4532019704433496,10.900000000000029,3.8105090311986887,2.799999999999996,7.230713654012123,1,
3628,200,0.02656926984545338,41.325,0.1443582757558062,2.0,0.0,49.0,20.75517890772128,0.3782051282051282,1.1845574387947269,11.00000000000002,4.261205273069685,3.6999999999999957,9.697776067527368,2,
3629,200,0.026542713855815747,46.22499999999996,0.14435552179745026,2.0,0.0,47.0,20.804615384615385,0.2276119402985075,1.4830769230769232,9.100000000000025,3.8096923076923104,3.699999999999995,4.6742094300815165,1,
3630,200,0.02651618440889418,49.499999999999964,0.1443569173117393,3.0,1.0,52.0,22.21752265861027,0.23287671232876717,2.1299093655589125,12.900000000000027,4.726737160120851,4.200000000000003,11.404613262505107,1,
3631,200,0.026489681478159225,47.099999999999966,0.14435813035743036,2.0,0.0,48.0,23.186795491143318,0.2645985401459854,1.959742351046699,9.800000000000036,4.96489533011273,5.200000000000026,5.810087076029507,1,
3632,200,0.026463205037107963,44.074999999999974,0.1443546443509168,2.0,0.0,45.0,20.713821138211383,0.27419354838709675,0.8065040650406504,8.100000000000016,3.404065040650407,3.399999999999993,2.83112917213081,1,
3633,200,0.026436755059263944,39.874999999999986,0.14435519390114387,4.0,0.0,50.0,19.38992537313433,0.3429203539823009,0.5578358208955224,11.800000000000042,4.051865671641796,2.5999999999999934,10.950183887641703,2,
3634,200,0.026410331518177187,47.124999999999986,0.14435610370183777,2.0,0.0,51.0,20.068249258160236,0.21376811594202905,1.8531157270029674,11.700000000000035,4.006083086053417,2.649999999999997,11.482614385559486,2,
3635,200,0.02638393438742414,50.62499999999997,0.14435703676059472,2.0,0.0,51.0,21.116216216216216,0.16390728476821192,3.3027027027027027,11.600000000000032,3.987297297297303,3.150000000000005,9.52826144678866,1,
3636,200,0.02635756364060769,34.625,0.14435742361105472,2.0,0.0,47.0,19.056561085972852,0.46578947368421053,0.8099547511312217,9.300000000000013,3.0348416289592755,1.5999999999999976,6.907328204419483,2,
3637,200,0.026331219251357077,54.49999999999996,0.14435836916053973,2.0,0.0,54.0,22.326196473551637,0.12650602409638556,3.7758186397984885,13.800000000000031,4.219017632241819,2.8499999999999943,12.864860247289645,1,
3638,200,0.026304901193327908,41.099999999999994,0.14435888650397585,2.0,0.0,48.0,18.65945945945946,0.31034482758620685,0.7027027027027027,10.600000000000026,3.655315315315319,2.8999999999999977,8.94884314209287,2,
3639,200,0.026278609440202112,44.72499999999999,0.1443586151638688,2.0,0.0,45.0,19.956521739130434,0.266260162601626,1.8389694041867954,8.100000000000025,3.0267310789049926,2.599999999999999,4.447573954983952,1,
3640,200,0.02625234396568796,51.57499999999995,0.14435853604342144,2.0,0.0,55.0,24.509715994020926,0.2403225806451612,1.7249626307922272,14.300000000000033,6.131539611360251,6.500000000000028,13.683983510590826,1,
3641,200,0.02622610474351996,44.07499999999999,0.14435941393029694,2.0,0.0,47.0,21.650406504065042,0.29032258064516125,0.967479674796748,9.800000000000015,3.966016260162606,3.7000000000000077,4.676044460425592,1,
3642,200,0.02619989174745889,47.77499999999999,0.14435933646324406,1.0,1.0,49.0,21.41409691629956,0.2142857142857142,2.2701908957415564,10.80000000000004,4.573274596182091,3.299999999999994,11.414640762463423,2,
3643,200,0.02617370495129174,18.149999999999988,0.1443608811116782,4.0,0.0,44.0,17.105839416058394,0.6730769230769231,0.0,8.400000000000018,3.113138686131389,1.9999999999999993,7.7167914751915,3,
3644,200,0.026147544328831734,40.52499999999999,0.1443608161649901,2.0,0.0,54.0,21.771488469601678,0.44469026548672563,0.49266247379454925,13.40000000000004,4.934171907756819,4.099999999999999,12.781257427657337,2,
3645,200,0.026121409853918233,46.249999999999986,0.144361407381012,2.0,1.0,50.0,20.107871720116616,0.20220588235294112,2.1049562682215743,11.300000000000024,3.8966472303207054,2.7499999999999964,9.328040650665715,2,
3646,200,0.026095301500416765,48.77499999999999,0.14436277855203192,2.0,0.0,52.0,21.314868804664723,0.22931034482758617,3.3965014577259476,12.000000000000044,4.253498542274058,2.699999999999996,10.622976805958492,2,
3647,200,0.02606921924221896,44.974999999999994,0.14436482204633372,2.0,0.0,52.0,20.286833855799372,0.24624060150375948,1.3244514106583072,13.400000000000032,4.397648902821321,2.8999999999999986,14.902209766535812,2,
3648,200,0.02604316305324258,35.07499999999999,0.14436686156301265,1.0,0.0,49.0,19.662251655629138,0.4642857142857143,0.5342163355408388,10.300000000000026,3.5333333333333354,2.899999999999995,7.626188745078196,2,
3649,200,0.026017132907431427,49.724999999999945,0.14436736361201896,2.0,0.0,63.0,23.508522727272727,0.23734177215189867,4.09375,18.899999999999977,5.564204545454546,3.449999999999995,26.43905612219167,1,
3650,200,0.025991128778755347,49.69999999999999,0.1443691127974477,2.0,0.0,46.0,19.708148148148148,0.19285714285714284,1.2725925925925925,8.90000000000002,3.2694814814814825,3.1999999999999926,5.151405852193945,1,
3651,200,0.0259651506412102,42.69999999999998,0.14437197470970564,2.0,0.0,54.0,20.923214285714284,0.3272357723577236,0.8196428571428571,13.500000000000043,5.011785714285721,3.8999999999999972,18.691706414880247,2,
3652,200,0.02593919846881787,43.899999999999984,0.1443762240451964,2.0,1.0,49.0,21.471544715447155,0.29761904761904767,2.227642276422764,11.600000000000035,3.858699186991871,2.9999999999999925,8.760268623884325,1,
3653,200,0.02591327223562617,42.99999999999998,0.1443773188116577,3.0,0.0,43.0,20.371610845295056,0.242,2.61244019138756,9.10000000000002,3.345614035087723,2.2999999999999954,6.956246464255957,1,
3654,200,0.025887371915708866,41.09999999999998,0.14437983587225403,4.0,0.0,54.0,19.425986842105264,0.2871900826446281,1.393092105263158,13.400000000000041,3.994407894736846,2.299999999999997,13.891914202936276,2,
3655,200,0.025861497483165623,46.524999999999956,0.14438039968986585,3.0,1.0,60.0,23.57523510971787,0.3094405594405595,3.9545454545454546,16.800000000000047,5.37758620689656,4.3500000000000005,16.30911449158945,1,
3656,200,0.025835648912122026,45.24999999999997,0.14438256034685207,2.0,0.0,49.0,21.435139573070607,0.30859375,0.6518883415435139,10.200000000000008,3.7523809523809537,2.999999999999993,5.785202868852496,1,
3657,200,0.0258098261767295,54.57499999999996,0.14438406949223198,2.0,0.0,52.0,22.531725888324875,0.1071428571428572,3.9390862944162435,12.20000000000004,4.412182741116756,4.700000000000003,7.891006420879277,1,
3658,200,0.0257840292511653,39.82499999999999,0.1443858939437695,2.0,0.0,48.0,19.246376811594203,0.2887931034482759,2.0950080515297906,9.800000000000024,3.0673107890499165,2.299999999999996,6.488980448086326,2,
3659,200,0.025758258109632486,42.54999999999998,0.14438679163041035,2.0,0.0,55.0,22.486486486486488,0.3811475409836066,0.8288288288288288,13.80000000000004,5.107207207207217,5.200000000000002,10.184233371425686,2,
3660,200,0.02573251272635994,53.47499999999994,0.14438906644524988,2.0,1.0,54.0,23.4775,0.11227544910179632,4.67,13.300000000000031,4.836500000000005,3.3999999999999937,12.20408681888574,0,
3661,200,0.025706793075602266,60.249999999999964,0.14438936446200346,2.0,1.0,54.0,22.6375,0.07584269662921339,3.88875,13.400000000000043,4.332500000000006,3.8999999999999897,9.224758163684703,0,
3662,200,0.025681099131639813,59.874999999999964,0.1443927896857497,2.0,0.0,55.0,22.9675,0.10593220338983045,3.355,14.000000000000032,4.530500000000004,3.4999999999999956,11.87193829990367,0,
3663,200,0.025655430868778615,47.34999999999998,0.14439326643929756,2.0,1.0,51.0,20.27073552425665,0.2574074074074074,1.3348982785602503,11.40000000000004,4.186071987480445,3.8999999999999986,10.05853173981199,2,
3664,200,0.02562978826135044,49.374999999999964,0.14439515677214115,2.0,0.0,52.0,23.30112721417069,0.2678571428571429,0.9581320450885669,12.400000000000018,5.033494363929157,5.300000000000004,6.720344829374584,1,
3665,200,0.025604171283712656,37.14999999999999,0.14439566900122977,2.0,0.0,49.0,20.13763440860215,0.43446601941747576,0.5720430107526882,10.300000000000011,3.9969892473118307,3.299999999999997,6.5481502515909735,2,
3666,200,0.025578579910248294,43.424999999999976,0.14439492447793434,2.0,0.0,52.0,21.61247947454844,0.3134920634920635,2.013136288998358,12.30000000000004,3.8587848932676527,2.599999999999991,9.179097821397825,1,
3667,200,0.025553014115365962,46.69999999999996,0.14439520325501382,2.0,0.0,50.0,23.482758620689655,0.29814814814814816,0.638752052545156,10.80000000000003,4.980952380952389,4.5000000000000195,7.9750938308887385,1,
3668,200,0.025527473873499885,52.324999999999974,0.14439895610324552,2.0,0.0,51.0,21.822888283378745,0.1499999999999999,2.863760217983651,12.10000000000004,4.44618528610355,3.799999999999998,9.24005028259605,1,
3669,200,0.02550195915910981,51.54999999999998,0.14440046139546153,2.0,0.0,50.0,21.581632653061224,0.19557823129251695,1.5291545189504374,11.400000000000038,4.413556851311965,4.5,7.286172802516018,1,
3670,200,0.025476469946681016,44.39999999999999,0.14440118985106234,2.0,0.0,52.0,20.105084745762714,0.29800000000000004,0.7406779661016949,12.000000000000043,4.4289830508474655,3.999999999999999,11.22249730680073,2,
3671,200,0.025451006210724283,43.42499999999998,0.14440344606995842,2.0,0.0,47.0,19.99671592775041,0.2991803278688525,1.0114942528735633,9.400000000000013,2.8893267651888332,1.9999999999999973,4.753609900776545,1,
3672,200,0.025425567925775893,40.175,0.1444035302216356,2.0,0.0,50.0,19.62768031189084,0.3909090909090909,0.43664717348927873,11.000000000000036,3.937621832358679,3.1999999999999975,7.732200723492269,2,
3673,200,0.025400155066397548,40.37500000000001,0.14440389367306752,2.0,0.0,45.0,17.91522491349481,0.2991071428571429,0.5242214532871973,8.200000000000035,2.945155709342561,2.149999999999994,4.6051200749514685,2,
3674,200,0.025374767607176385,34.99999999999998,0.1444051266729051,2.0,0.0,49.0,23.86320754716981,0.4948979591836735,0.5542452830188679,10.300000000000024,5.598349056603784,6.100000000000002,9.625687609511953,2,
3675,200,0.02534940552272493,44.04999999999996,0.14440637237962772,2.0,0.0,51.0,22.939244663382595,0.312015503875969,1.6075533661740558,12.700000000000035,4.654844006568153,4.200000000000013,10.765691113028552,1,
3676,200,0.025324068787681127,53.87499999999996,0.14440715105697116,2.0,0.0,49.0,21.08118556701031,0.12106918238993702,2.2036082474226806,10.700000000000022,3.670876288659797,2.2999999999999954,9.792776319176388,1,
3677,200,0.02529875737670822,56.42499999999996,0.14440622697118738,1.0,0.0,45.0,22.17,0.04878048780487809,2.625,8.200000000000035,4.052000000000008,4.100000000000012,5.436054493835194,0,
3678,200,0.025273471264494796,44.874999999999986,0.14440609092145604,2.0,0.0,48.0,22.128455284552846,0.29296875,1.1691056910569106,10.700000000000026,4.252845528455291,3.399999999999998,8.35005869537635,1,
3679,200,0.025248210425754734,56.94999999999998,0.1444050466617708,3.0,0.0,55.0,21.677464788732394,0.19999999999999996,2.4985915492957744,14.100000000000026,4.4536619718309876,3.500000000000008,12.402933729287348,1,
3680,200,0.025222974835227212,46.84999999999998,0.14440450391497991,2.0,1.0,55.0,21.905982905982906,0.34022556390977443,1.182905982905983,13.900000000000043,4.860170940170947,3.8999999999999986,13.287768712889896,2,
3681,200,0.025197764467676628,47.62499999999995,0.1444059828040306,2.0,0.0,51.0,24.701149425287355,0.28214285714285714,0.9441707717569786,11.60000000000004,5.711986863711012,5.100000000000017,8.44074935289049,1,
3682,200,0.025172579297892607,52.24999999999995,0.14440517423070237,2.0,0.0,52.0,21.024324324324326,0.1572847682119205,1.4189189189189189,12.600000000000025,3.932162162162168,3.5000000000000115,8.336305142997011,1,
3683,200,0.025147419300689974,36.34999999999997,0.1444070318172748,4.0,0.0,58.0,19.719798657718123,0.275,2.557046979865772,15.900000000000043,4.639597315436244,2.1999999999999993,25.37961088354951,3,
3684,200,0.02512228445090875,42.299999999999976,0.14440848252924182,5.0,0.0,58.0,22.327985739750446,0.378,1.0160427807486632,16.300000000000036,5.230659536541897,4.3999999999999995,16.59747280122023,2,
3685,200,0.025097174723414068,47.14999999999998,0.14440724369116148,2.0,0.0,50.0,22.673170731707316,0.29104477611940294,0.5300813008130081,11.20000000000003,4.579674796747973,3.900000000000017,6.530644803079682,1,
3686,200,0.025072090093096203,47.57499999999999,0.14440568395666348,2.0,1.0,43.0,20.11631419939577,0.19999999999999996,0.41842900302114805,7.300000000000014,3.46601208459215,3.049999999999996,4.938478446889097,1,
3687,200,0.025047030534870507,46.94999999999998,0.144406471112795,1.0,0.0,50.0,21.901477832512317,0.312015503875969,0.08702791461412152,11.100000000000017,4.032183908045982,3.499999999999995,7.489624784296857,1,
3688,200,0.025021996023677443,54.599999999999966,0.1444047647369322,2.0,0.0,49.0,20.9275,0.06707317073170738,4.675,10.200000000000035,3.3064999999999984,2.799999999999991,6.018467153854963,0,
3689,200,0.024996986534482492,52.87499999999994,0.14440506463864414,2.0,0.0,50.0,21.516497461928935,0.11645962732919246,2.5939086294416245,11.500000000000032,3.8076142131979758,2.399999999999995,10.185872133191051,2,
3690,200,0.024972002042276155,47.54999999999999,0.14440459410369458,2.0,0.0,48.0,21.880131362889983,0.28787878787878785,1.6912972085385878,10.500000000000009,4.01937602627258,3.799999999999994,6.020330457290796,1,
3691,200,0.024947042522073932,44.349999999999966,0.14440546769891052,2.0,0.0,45.0,22.29307568438003,0.2616279069767442,1.6006441223832528,9.300000000000017,4.428663446054757,4.499999999999998,5.782864899906679,1,
3692,200,0.02492210794891632,36.974999999999994,0.14440444047649326,2.0,0.0,49.0,20.332608695652173,0.4579207920792079,0.09130434782608696,10.300000000000027,3.9628260869565257,3.699999999999996,6.422496278337834,2,
3693,200,0.024897198297868735,40.474999999999994,0.14440176306469796,2.0,0.0,47.0,18.805405405405406,0.3070175438596491,0.590990990990991,9.00000000000004,3.7428828828828884,2.799999999999999,7.4899691582474555,2,
3694,200,0.024872313544021522,44.77499999999997,0.14440343835580158,2.0,0.0,49.0,22.074074074074073,0.296875,1.1771336553945249,10.600000000000037,4.297262479871182,3.499999999999992,8.058161549631848,1,
3695,200,0.024847453662489916,47.84999999999995,0.14440615286453906,2.0,0.0,61.0,24.978653530377667,0.31896551724137934,3.0689655172413794,17.700000000000028,5.878489326765196,5.000000000000002,13.414368205349517,1,
3696,200,0.02482261862841405,55.97499999999995,0.1444067552425195,2.0,0.0,47.0,22.12875,0.06818181818181812,2.275,10.800000000000022,4.027250000000002,3.499999999999993,6.755767993387533,0,
3697,200,0.024797808416958885,47.79999999999998,0.14440528835097988,2.0,1.0,49.0,22.120772946859905,0.2759259259259259,1.2367149758454106,10.300000000000043,4.325281803542678,4.100000000000006,6.017138108080127,1,
3698,200,0.0247730230033142,49.27499999999998,0.14440392614586614,2.0,0.0,55.0,24.482758620689655,0.32342657342657344,2.006568144499179,13.80000000000004,5.580952380952392,4.800000000000007,13.937868528904337,1,
3699,200,0.024748262362694576,44.42499999999998,0.1444029299918912,2.0,1.0,47.0,20.474548440065682,0.3073770491803278,0.8390804597701149,9.00000000000003,3.176026272577997,2.1999999999999966,5.960098144952576,1,
3700,200,0.024723526470339388,45.29999999999998,0.14440198212318184,2.0,0.0,45.0,21.832512315270936,0.2857142857142857,0.2922824302134647,7.900000000000016,3.990804597701156,3.9000000000000212,3.4426833477135634,1,
3701,200,0.024698815301512727,50.99999999999997,0.14440089032506528,2.0,0.0,50.0,22.22328548644338,0.25349650349650354,1.003189792663477,11.800000000000015,4.456618819776719,4.299999999999998,9.105350165849332,1,
3702,200,0.02467412883150343,33.17499999999998,0.1444048070070516,2.0,0.0,48.0,20.15638766519824,0.4605263157894737,0.8590308370044053,10.100000000000028,3.8651982378854663,3.5000000000000084,7.433009921645716,2,
3703,200,0.024649467035625004,36.775000000000006,0.14440297810165073,2.0,0.0,52.0,20.145251396648046,0.3935185185185185,1.6834264432029795,12.200000000000042,3.981750465549352,2.199999999999994,13.363735643344706,2,
3704,200,0.024624829889215685,44.69999999999996,0.1444057184756932,2.0,0.0,51.0,21.13428120063191,0.27692307692307694,0.7898894154818326,11.400000000000036,3.866034755134283,2.9999999999999942,9.345552150301533,1,
3705,200,0.024600217367638302,47.09999999999999,0.14440319774296773,1.0,0.0,50.0,20.917073170731708,0.303030303030303,1.9235772357723577,10.800000000000034,3.5260162601626033,1.9999999999999991,8.93059879859559,1,
3706,200,0.024575629446280337,46.949999999999974,0.14440496808594397,2.0,0.0,49.0,20.73802395209581,0.2276119402985075,1.6422155688622755,11.200000000000033,3.8646706586826403,2.699999999999993,8.78742422510724,1,
3707,200,0.02455106610055386,55.32499999999993,0.14440392051839923,2.0,0.0,55.0,23.237309644670052,0.11549707602339176,3.545685279187817,14.400000000000043,4.835532994923868,4.600000000000032,9.901367565138912,1,
3708,200,0.024526527305895537,48.44999999999998,0.14440564848757853,2.0,0.0,46.0,20.07205882352941,0.2058823529411764,1.2352941176470589,8.500000000000044,3.499117647058825,2.699999999999993,5.088892579785033,1,
3709,200,0.024502013037766564,46.449999999999974,0.14440329895487064,2.0,0.0,61.0,24.01642036124795,0.35370370370370374,1.839080459770115,17.80000000000003,5.301149425287365,4.100000000000012,17.369914150129496,1,
3710,200,0.02447752327165267,53.09999999999997,0.14440349359639001,2.0,0.0,56.0,21.59441489361702,0.16975308641975317,3.543882978723404,14.500000000000046,4.191755319148938,2.8999999999999924,11.091441000313075,1,
3711,200,0.02445305798306408,44.72499999999997,0.1444040298945477,2.0,0.0,52.0,21.624798711755233,0.3081395348837209,1.0966183574879227,12.500000000000039,4.194847020933982,3.4999999999999982,11.270501867026317,2,
3712,200,0.024428617147535518,49.77499999999997,0.1444029372704405,2.0,0.0,54.0,19.369505494505493,0.18493150684931514,3.004120879120879,13.300000000000022,3.059065934065934,2.099999999999996,7.002403548793108,2,
3713,200,0.02440420074062614,45.05,0.14440485944871545,2.0,0.0,46.0,20.44991789819376,0.2943548387096774,0.44499178981937604,8.500000000000016,3.1612479474548416,2.799999999999996,2.73571419327007,1,
3714,200,0.024379808737919537,45.999999999999986,0.1444053248737346,2.0,0.0,43.0,19.65845648604269,0.26190476190476186,0.22660098522167488,6.699999999999995,2.686371100164199,2.4999999999999933,1.9758622735116433,1,
3715,200,0.024355441115023704,54.29999999999997,0.14440465059775262,2.0,0.0,46.0,21.708108108108107,0.12337662337662336,2.0121621621621624,9.800000000000033,4.342432432432438,3.8999999999999977,6.752184792156366,1,
3716,200,0.024331097847571002,46.324999999999996,0.14440407276999492,1.0,0.0,44.0,18.830838323353294,0.19921875,1.0883233532934131,7.700000000000023,2.720359281437125,2.4999999999999947,3.3178264679319676,1,
3717,200,0.02430677891121819,49.64999999999998,0.1444053253996238,2.0,0.0,50.0,21.172155688622755,0.22163120567375882,1.5778443113772456,11.000000000000036,4.125149700598806,3.5999999999999934,7.672348758356294,1,
3718,200,0.02428248428164631,45.17499999999998,0.14440738982522588,2.0,0.0,45.0,21.547967479674796,0.27380952380952384,0.7008130081300813,7.9000000000000465,3.904552845528461,4.100000000000006,3.389451647700868,1,
3719,200,0.02425821393456074,46.54999999999998,0.14440863388786257,2.0,0.0,54.0,21.666153846153847,0.24285714285714288,2.4292307692307693,14.200000000000038,5.157384615384623,3.849999999999998,16.711961945472158,2,
3720,200,0.024233967845691113,47.17499999999998,0.1444070042980318,2.0,0.0,52.0,21.15830721003135,0.26879699248120303,1.5940438871473355,12.900000000000038,3.927429467084641,3.099999999999988,9.53580710146109,1,
3721,200,0.024209745990791363,44.27499999999998,0.14440543925064758,2.0,0.0,48.0,21.334975369458128,0.2936507936507936,2.1789819376026274,9.600000000000039,3.692282430213467,3.3999999999999977,3.5561569240725115,1,
3722,200,0.02418554834563962,48.574999999999974,0.14440622380769202,2.0,0.0,47.0,20.55965909090909,0.1888489208633093,1.03125,9.200000000000024,3.794886363636373,3.1999999999999993,7.319704528716914,2,
3723,200,0.02416137488603824,55.77499999999996,0.1444056961062648,2.0,0.0,59.0,23.132978723404257,0.16317365269461082,3.6675531914893615,16.400000000000034,5.114893617021282,4.3999999999999995,14.001132726086421,1,
3724,200,0.024137225587813747,50.92499999999999,0.14440462638733867,1.0,0.0,44.0,19.666212534059945,0.1293103448275863,1.9836512261580381,7.200000000000032,3.1521798365122664,2.6499999999999932,3.0373237742573482,1,
3725,200,0.024113100426816865,44.67499999999998,0.1444009072161927,2.0,0.0,57.0,23.05464480874317,0.38779527559055116,1.5974499089253187,15.100000000000035,5.504553734061936,3.999999999999996,18.5018803583279,2,
3726,200,0.024088999378922418,49.549999999999955,0.14440069865757746,2.0,1.0,57.0,24.811165845648603,0.33391608391608396,1.1149425287356323,15.000000000000043,5.777996715927757,4.500000000000001,14.318569240724871,1,
3727,200,0.024064922420029358,64.17499999999998,0.14439927453978826,2.0,0.0,49.0,22.72125,0.061797752808988804,1.96,10.400000000000036,4.382750000000008,4.3000000000000025,5.266310666110472,0,
3728,200,0.024040869526060712,40.14999999999998,0.14439930130427053,2.0,0.0,55.0,22.795321637426902,0.4137931034482759,0.5380116959064327,14.100000000000042,5.672124756335292,5.900000000000013,12.759057028210211,2,
3729,200,0.024016840672963606,54.39999999999998,0.14440065695761678,2.0,0.0,48.0,21.32097186700767,0.09713375796178347,2.1189258312020463,9.700000000000045,3.752046035805631,3.449999999999995,5.596571461743924,1,
3730,200,0.023992835836709175,45.324999999999974,0.1444005942195434,2.0,0.0,54.0,22.385878489326764,0.3110687022900763,1.4548440065681445,13.200000000000033,4.322824302134646,3.199999999999999,9.209109792924986,1,
3731,200,0.02396885499329258,48.64999999999996,0.14440114478253951,2.0,0.0,48.0,20.46965699208443,0.125,2.063324538258575,11.100000000000017,3.4695250659630634,2.099999999999995,10.758338023854702,1,
3732,200,0.023944898118732967,24.674999999999997,0.1444002587877099,5.0,0.0,50.0,16.034682080924856,0.5,0.4190751445086705,11.00000000000002,3.4832369942196544,2.0999999999999988,11.163107045900713,3,
3733,200,0.023920965189073478,46.97499999999996,0.14440071369577906,2.0,0.0,54.0,24.20032840722496,0.3125,1.1839080459770115,14.500000000000018,5.411494252873572,4.600000000000005,11.855597713546203,1,
3734,200,0.023897056180381168,46.17499999999996,0.14439869586529436,2.0,0.0,59.0,21.598173515981735,0.2641843971631206,2.497716894977169,16.300000000000036,4.965905631659063,4.099999999999998,17.781709819111946,2,
3735,200,0.023873171068747034,51.72499999999998,0.1444018764644196,2.0,0.0,54.0,21.061307901907355,0.1683006535947713,2.4019073569482288,13.400000000000036,3.989237057220711,2.599999999999995,12.01542417239754,1,
3736,200,0.023849309830285947,46.17499999999999,0.14440071772204796,2.0,0.0,45.0,21.48768472906404,0.2616279069767442,1.284072249589491,8.600000000000021,3.7839080459770145,3.6999999999999957,2.90996235979294,1,
3737,200,0.023825472441136687,47.47499999999999,0.14440329516797099,2.0,0.0,45.0,19.907834101382488,0.2236842105263157,0.41013824884792627,8.40000000000001,3.2784946236559125,2.9999999999999942,3.8162285512034044,1,
3738,200,0.023801658877461853,48.974999999999994,0.1444037237422378,2.0,0.0,46.0,20.345697329376854,0.19814814814814818,2.0192878338278932,8.80000000000004,3.649109792284873,3.599999999999997,3.753041593748325,1,
3739,200,0.02377786911544788,39.59999999999996,0.1444024516474095,2.0,0.0,51.0,21.992869875222816,0.36344537815126055,1.8912655971479502,11.40000000000004,4.749376114082002,3.999999999999998,10.702711870869418,2,
3740,200,0.023754103131304997,51.14999999999999,0.14440023497406912,2.0,1.0,48.0,21.03206997084548,0.18706293706293708,1.5451895043731778,10.100000000000033,4.083819241982512,3.7999999999999976,5.788540570979328,1,
3741,200,0.02373036090126723,50.44999999999999,0.14439968516007082,2.0,0.0,42.0,20.221153846153847,0.11971830985915499,2.131868131868132,7.200000000000031,3.5156593406593446,3.299999999999998,3.290969785823346,1,
3742,200,0.023706642401592346,50.54999999999997,0.14439908277330954,2.0,0.0,51.0,21.00741839762611,0.22222222222222232,1.0949554896142433,12.200000000000044,4.046142433234428,3.399999999999996,7.250067844367459,1,
3743,200,0.023682947608561836,38.39999999999999,0.1443996765968583,3.0,1.0,50.0,18.17509025270758,0.32407407407407407,1.6425992779783394,11.20000000000004,3.3629963898916997,1.699999999999991,10.863305117052033,2,
3744,200,0.0236592764984809,56.449999999999946,0.14440261459502127,2.0,0.0,48.0,22.33125,0.07335329341317376,2.815,11.100000000000028,4.148750000000007,3.500000000000001,8.476486682010522,0,
3745,200,0.023635629047678443,48.29999999999997,0.14440223394555757,2.0,0.0,53.0,23.16260162601626,0.2971014492753623,1.1056910569105691,12.80000000000004,4.873333333333343,5.000000000000005,7.410495473581845,1,
3746,200,0.023612005232507005,39.24999999999999,0.1443996826967322,1.0,0.0,48.0,20.067061143984223,0.4027777777777778,0.5483234714003945,9.700000000000015,3.945759368836295,2.9999999999999973,7.324443450250578,2,
3747,200,0.023588405029342768,49.42499999999997,0.14439977079970712,2.0,0.0,54.0,20.958452722063036,0.20862068965517233,1.7292263610315186,13.600000000000039,4.04111747851003,2.5999999999999943,12.303907672982383,1,
3748,200,0.02356482841458551,51.64999999999996,0.14440061645316948,2.0,0.0,49.0,21.51462765957447,0.12096774193548376,2.776595744680851,11.000000000000036,4.143882978723409,3.899999999999997,9.30766521132519,1,
3749,200,0.023541275364658647,54.72499999999995,0.14440172118670577,2.0,0.0,53.0,22.29375,0.09969325153374231,3.485,12.700000000000038,4.126249999999999,3.099999999999998,9.510175797149738,0,
3750,200,0.023517745856009107,46.09999999999998,0.14440280163363184,2.0,0.0,47.0,21.67793880837359,0.2734375,1.6360708534621577,9.000000000000032,4.059581320450891,3.899999999999996,4.796687947308403,1,
3751,200,0.023494239865107385,33.675,0.14440234491231646,1.0,0.0,47.0,22.875,0.49731182795698925,0.375,9.400000000000022,5.005424528301895,5.850000000000005,7.8998022528160705,2,
3752,200,0.023470757368447476,46.42499999999996,0.14440237180914337,2.0,0.0,51.0,21.67464114832536,0.2727272727272727,0.8660287081339713,11.400000000000023,4.127432216905903,3.4999999999999964,7.325167222889275,1,
3753,200,0.0234472983425469,58.27499999999997,0.14440300150826035,2.0,0.0,50.0,22.095,0.07647058823529407,3.4225,10.900000000000038,4.007000000000003,3.399999999999994,6.912761801190364,0,
3754,200,0.023423862763946618,47.94999999999998,0.144404058752336,2.0,0.0,48.0,19.354074074074074,0.22058823529411775,1.4355555555555555,9.800000000000018,3.0570370370370363,2.3999999999999955,6.010463671799575,1,
3755,200,0.023400450609211056,26.599999999999987,0.1444024308840837,3.0,0.0,59.0,22.226256983240223,0.5771604938271605,1.3212290502793296,16.500000000000036,6.626256983240232,3.1999999999999975,35.513610012250176,3,
3756,200,0.023377061854928043,54.024999999999956,0.14440339981041161,2.0,1.0,51.0,22.304568527918782,0.10093167701863348,2.4060913705583755,11.600000000000042,4.275888324873103,3.4999999999999956,9.760728762543502,1,
3757,200,0.02335369647770884,48.074999999999974,0.14440109378636404,2.0,1.0,54.0,23.17560975609756,0.31474820143884896,1.3317073170731708,14.000000000000023,4.881138211382122,4.200000000000008,11.370861288548628,1,
3758,200,0.023330354454188063,38.04999999999998,0.14439815377781773,2.0,0.0,53.0,26.54952830188679,0.4952830188679245,0.37971698113207547,13.700000000000038,7.210141509433975,7.250000000000014,15.714206257822383,2,
3759,200,0.023307035761023685,33.225,0.14439658965545032,2.0,0.0,45.0,19.131519274376416,0.47527472527472525,0.14058956916099774,7.800000000000013,3.033560090702949,2.6999999999999957,4.118713492389977,2,
3760,200,0.023283740374897,37.149999999999984,0.14439675493390824,2.0,0.0,46.0,19.47798742138365,0.41666666666666663,0.023060796645702306,9.600000000000014,3.676310272536689,2.7999999999999985,9.129017703315663,2,
3761,200,0.023260468272512637,51.42499999999998,0.14439593294710026,2.0,0.0,43.0,20.126797385620915,0.09228187919463093,2.992156862745098,7.600000000000012,3.2036601307189554,2.7999999999999985,3.5898750905636323,1,
3762,200,0.023237219430598487,48.92499999999996,0.14439858795157293,2.0,0.0,51.0,22.44362017804154,0.22241379310344822,2.4554896142433233,11.900000000000027,4.907863501483691,4.500000000000009,9.098786087722239,1,
3763,200,0.023213993825905707,54.899999999999956,0.14439734992783188,2.0,0.0,51.0,22.985,0.08333333333333326,4.87,11.500000000000039,4.541000000000008,3.899999999999997,7.854331272392673,0,
3764,200,0.023190791435208673,49.79999999999997,0.14439863233581987,2.0,1.0,51.0,24.423510466988727,0.27097902097902093,1.9420289855072463,11.80000000000004,5.706924315619981,5.20000000000001,9.029653407322959,1,
3765,200,0.02316761223530502,45.74999999999992,0.14440015576491336,2.0,0.0,59.0,21.2012987012987,0.15666666666666673,2.827272727272727,16.200000000000042,3.8206493506493544,2.099999999999997,17.833746540304602,2,
3766,200,0.023144456203015532,54.59999999999996,0.14440063052345053,2.0,0.0,53.0,21.767810026385224,0.15251572327044016,1.816622691292876,12.600000000000037,4.24841688654354,2.9999999999999982,10.582410371012475,1,
3767,200,0.023121323315184173,35.04999999999999,0.1443988750944083,2.0,0.0,51.0,25.272727272727273,0.5128865979381443,0.6244019138755981,11.700000000000038,6.325358851674656,6.600000000000022,10.631044567687212,2,
3768,200,0.02309821354867805,52.39999999999997,0.14439946454995778,2.0,0.0,55.0,23.18235294117647,0.21153846153846145,4.160294117647059,14.000000000000043,5.365294117647061,4.100000000000001,13.738060506186299,1,
3769,200,0.023075126880387407,53.05,0.14439899402346693,2.0,0.0,53.0,20.550445103857566,0.22959183673469385,0.7240356083086054,12.70000000000002,3.7719584569732993,2.9999999999999982,8.865954256782834,1,
3770,200,0.02305206328722557,47.72499999999995,0.1444018663491517,2.0,0.0,60.0,24.633825944170773,0.3304195804195804,2.367816091954023,17.10000000000003,5.671592775041056,3.699999999999994,20.65647368421062,1,
3771,200,0.02302902274612894,44.47499999999998,0.1444031823291087,2.0,1.0,51.0,21.278632478632478,0.33799999999999997,0.5025641025641026,11.600000000000026,4.1904273504273535,3.500000000000002,7.665229907896625,2,
3772,200,0.023006005234056964,51.249999999999964,0.1444049056425144,2.0,0.0,48.0,21.56786703601108,0.1499999999999999,1.8462603878116344,10.400000000000041,4.349722991689758,3.9000000000000004,7.939107950959526,1,
3773,200,0.02298301072799215,53.574999999999996,0.14440665080467016,2.0,0.0,45.0,19.237265415549597,0.12074829931972797,1.2319034852546917,7.900000000000006,2.8207774798927616,2.4999999999999982,3.838945167695404,1,
3774,200,0.022960039204939983,42.724999999999994,0.1444076556186882,2.0,1.0,56.0,22.253493013972054,0.4194915254237288,0.2714570858283433,14.600000000000033,5.435528942115778,5.200000000000009,15.759558964143508,2,
3775,200,0.02293709064192893,45.99999999999998,0.14440753937581657,2.0,0.0,52.0,21.195892575039494,0.2954545454545454,0.7393364928909952,12.400000000000029,3.903001579778834,2.999999999999998,10.418926945653528,2,
3776,200,0.022914165016010422,47.699999999999974,0.1444103903997152,2.0,1.0,47.0,20.728486646884274,0.20925925925925926,2.2136498516320473,9.500000000000027,3.878783382789322,2.9999999999999956,6.4462851136426735,1,
3777,200,0.02289126230425885,35.474999999999994,0.14441127973645318,1.0,1.0,45.0,17.433467741935484,0.3787128712871287,0.9818548387096774,7.800000000000025,2.679637096774194,1.799999999999996,4.544623986342313,2,
3778,200,0.022868382483771488,45.49999999999999,0.14441310057057752,2.0,0.0,43.0,19.65024630541872,0.2701612903225806,1.6880131362889983,6.80000000000002,2.6814449917898173,2.3999999999999915,3.312259059534089,1,
3779,200,0.022845525531668517,41.849999999999994,0.1444137832966662,2.0,0.0,54.0,21.3121387283237,0.3995726495726496,0.6069364161849711,13.300000000000047,4.862620423892111,4.600000000000004,13.967671963172059,2,
3780,200,0.02282269142509297,46.82499999999999,0.14441674426356205,2.0,0.0,52.0,20.5434439178515,0.2803030303030303,1.3143759873617693,12.00000000000002,3.511532385466033,2.999999999999999,5.502708541308967,1,
3781,200,0.02279988014121076,48.849999999999966,0.1444172522067227,2.0,0.0,54.0,23.61904761904762,0.3039568345323741,1.0886699507389161,13.300000000000033,5.062725779967165,4.399999999999999,9.79123144952551,1,
3782,200,0.022777091657210594,37.099999999999994,0.14441799748711404,2.0,0.0,49.0,20.198660714285715,0.4579207920792079,0.0,10.200000000000024,3.8104910714285736,3.4999999999999982,7.49294066356759,2,
3783,200,0.02275432595030398,33.95,0.14441762364801586,1.0,0.0,44.0,19.547461368653423,0.4521276595744681,0.7439293598233996,7.300000000000017,3.4260485651214116,3.1999999999999984,3.3402207516276268,2,
3784,200,0.022731582997725205,47.27499999999998,0.14441831109481276,2.0,0.0,48.0,22.548440065681444,0.2765151515151515,0.16748768472906403,9.900000000000016,4.420361247947458,4.199999999999993,5.3915868205349735,1,
3785,200,0.022708862776731332,56.44999999999998,0.14441992798454575,2.0,0.0,43.0,20.68125,0.050000000000000044,2.87875,8.2,3.1587499999999995,2.7999999999999936,3.0023031285986534,0,
3786,200,0.022686165264602126,37.52499999999998,0.14442113684305885,2.0,0.0,60.0,21.393939393939394,0.4655963302752294,0.7393939393939394,17.700000000000017,4.750505050505053,2.2999999999999954,25.50252301815341,2,
3787,200,0.022663490438640077,50.449999999999974,0.14442392494415046,2.0,1.0,53.0,21.122691292875988,0.14215686274509798,3.37598944591029,13.100000000000044,3.861345646438001,2.699999999999993,10.512653425298945,1,
3788,200,0.022640838276170343,53.47499999999999,0.1444265323867221,2.0,0.0,51.0,19.784182305630026,0.14144736842105265,2.017426273458445,11.700000000000035,3.14892761394102,2.299999999999999,5.622026378444463,1,
3789,200,0.022618208754540785,53.12499999999996,0.14442624505130439,2.0,0.0,51.0,22.106493506493507,0.1265432098765431,3.5064935064935066,12.200000000000038,4.345064935064935,2.8999999999999964,11.54922239706939,1,
3790,200,0.022595601851121864,38.074999999999974,0.1444236528619443,2.0,1.0,52.0,23.253218884120173,0.43981481481481477,0.07939914163090128,12.200000000000028,5.877253218884132,6.700000000000005,14.191007160783856,2,
3791,200,0.022573017543306678,46.72499999999998,0.1444261407797541,2.0,0.0,58.0,21.254428341384862,0.3214285714285714,1.2818035426731078,15.700000000000031,3.8054750402576505,2.7999999999999967,10.835650295612545,1,
3792,200,0.022550455808510905,51.89999999999998,0.1444259167342203,2.0,0.0,48.0,20.929411764705883,0.19557823129251695,1.675,10.10000000000004,4.01352941176471,3.2999999999999927,8.758365307883519,1,
3793,200,0.02252791662417283,48.94999999999996,0.14442406203262284,2.0,0.0,54.0,23.853658536585368,0.30673758865248224,1.5707317073170732,13.200000000000044,5.287967479674803,3.9999999999999987,11.758845657599814,1,
3794,200,0.02250539996775326,51.349999999999994,0.1444228559282991,2.0,1.0,42.0,18.700527704485488,0.09751773049645385,2.183377308707124,6.1000000000000085,2.4080474934036933,2.099999999999999,1.7760728936600605,1,
3795,200,0.02248290581673553,36.19999999999999,0.14441925813541218,2.0,0.0,50.0,23.026785714285715,0.46499999999999997,1.3370535714285714,12.500000000000027,5.507366071428579,5.25,12.962175503106655,2,
3796,200,0.02246043414862548,49.17499999999998,0.14441518375724777,2.0,0.0,55.0,22.058451816745656,0.28873239436619713,2.2148499210110586,14.200000000000042,4.962717219589264,3.3999999999999964,16.690342011739908,2,
3797,200,0.02243798494095146,45.175,0.14441424008403764,1.0,0.0,41.0,17.45508982035928,0.189516129032258,1.7919161676646707,5.399999999999993,1.8949101796407133,1.6999999999999982,1.068748943913689,1,
3798,200,0.022415558171264255,44.849999999999994,0.14441746444605322,2.0,0.0,46.0,19.463054187192117,0.29508196721311475,0.5057471264367817,8.500000000000018,2.5691297208538564,1.7999999999999972,3.691142364107001,1,
3799,200,0.022393153817137086,44.79999999999998,0.1444195405712585,2.0,0.0,43.0,20.082926829268292,0.25806451612903225,1.4666666666666666,6.600000000000004,3.0255284552845523,2.8999999999999972,2.6542333643555223,1,
3800,200,0.02237077185616559,46.974999999999966,0.14442006406822624,2.0,1.0,51.0,23.09031198686371,0.31343283582089554,0.1986863711001642,11.900000000000022,4.745484400656819,3.4999999999999956,9.980240509059602,1,
3801,200,0.022348412265967826,48.949999999999974,0.14441999002688494,2.0,0.0,53.0,22.412307692307692,0.26428571428571423,1.5538461538461539,12.800000000000038,4.7743076923077,3.8999999999999977,11.799383217475137,1,
3802,200,0.022326075024184187,49.974999999999966,0.14442036668958638,2.0,0.0,56.0,21.24788732394366,0.20999999999999996,2.202816901408451,15.100000000000025,4.327746478873242,2.9999999999999973,13.956539509104424,2,
3803,200,0.022303760108477434,52.199999999999946,0.14441929301144651,2.0,0.0,54.0,22.46520618556701,0.1399371069182389,3.265463917525773,13.400000000000038,4.501288659793817,3.199999999999992,13.318628704280393,1,
3804,200,0.02228146749653264,50.37499999999996,0.14442110251036236,2.0,1.0,48.0,21.665,0.07679738562091498,3.8575,11.50000000000002,3.7490000000000028,2.699999999999993,10.033714677679253,0,
3805,200,0.02225919716605721,31.449999999999996,0.14442305801893565,2.0,0.0,42.0,18.80616740088106,0.4545454545454546,0.7863436123348018,6.000000000000018,2.9916299559471375,3.1999999999999975,2.712233850035184,2,
3806,200,0.0222369490947808,51.07499999999997,0.14442458878967024,2.0,1.0,49.0,21.71153846153846,0.1611842105263157,3.256868131868132,10.70000000000004,4.4098901098901155,3.7999999999999963,7.565630746646643,1,
3807,200,0.022214723260455337,48.299999999999976,0.1444246574548863,2.0,0.0,53.0,21.43633540372671,0.28284671532846717,1.3462732919254659,12.80000000000004,4.144720496894416,3.199999999999995,9.061469130890886,2,
3808,200,0.022192519640854974,42.99999999999996,0.14442670857245318,2.0,1.0,58.0,24.40147329650092,0.39682539682539686,1.3959484346224678,16.100000000000037,6.363720073664836,6.6000000000000005,20.925292489689724,2,
3809,200,0.022170338213776113,36.774999999999984,0.1444248961503034,2.0,0.0,51.0,22.303964757709252,0.46153846153846156,0.44273127753303965,11.70000000000002,5.129955947136571,5.2,13.24965150522773,2,
3810,200,0.022148178957037315,47.94999999999999,0.14442231656027113,2.0,0.0,47.0,20.38862559241706,0.2574626865671642,1.8988941548183254,9.200000000000035,3.4186413902053734,3.2999999999999967,6.25281186359465,1,
3811,200,0.022126041848479317,49.62499999999996,0.1444240479383029,2.0,0.0,55.0,22.59475218658892,0.23639455782312924,2.7332361516034984,14.000000000000043,5.021428571428584,4.950000000000001,16.27856957681245,1,
3812,200,0.022103926865965004,45.27499999999997,0.14442232781825995,2.0,0.0,56.0,23.308457711442784,0.3446969696969697,2.932006633499171,14.40000000000003,4.974295190713108,4.599999999999999,12.97027045609565,2,
3813,200,0.022081833987379406,33.64999999999999,0.1444207128059655,1.0,0.0,46.0,21.476076555023923,0.5027472527472527,0.01674641148325359,8.40000000000002,4.0473684210526315,3.3499999999999943,5.07874223771343,2,
3814,200,0.022059763190629637,46.524999999999956,0.14441710160744148,2.0,0.0,50.0,23.6568144499179,0.2870370370370371,1.0229885057471264,11.300000000000033,5.085385878489335,4.700000000000009,6.699196937014716,1,
3815,200,0.022037714453644896,46.47499999999999,0.14441658057309092,2.0,0.0,47.0,21.249612403100777,0.23863636363636354,2.545736434108527,10.000000000000025,4.040620155038765,3.5000000000000084,6.038643587869977,1,
3816,200,0.02201568775437644,60.02499999999996,0.14441640738002054,2.0,0.0,51.0,22.25875,0.06686046511627897,2.81,11.400000000000038,4.105250000000004,3.799999999999997,6.088431950674969,0,
3817,200,0.021993683070797576,42.24999999999999,0.14441427954582764,2.0,0.0,47.0,18.389830508474578,0.26694915254237284,0.7677966101694915,10.100000000000028,3.473050847457631,2.7999999999999954,7.487142709401675,2,
3818,200,0.021971700380903618,51.52499999999996,0.14441258620532155,2.0,0.0,52.0,24.012519561815335,0.2602040816326531,1.4553990610328638,12.400000000000034,5.648982785602515,5.200000000000016,10.948660364420139,1,
3819,200,0.021949739662711874,56.949999999999946,0.14441509202838695,2.0,0.0,59.0,23.998711340206185,0.14142857142857146,3.0902061855670104,16.20000000000003,5.421391752577325,3.999999999999993,16.935652991240186,1,
3820,200,0.02192780089426161,51.84999999999999,0.14441587042684212,2.0,0.0,49.0,21.50077519379845,0.232394366197183,0.7286821705426356,11.00000000000003,4.191317829457368,3.5999999999999948,9.031791290887119,1,
3821,200,0.02190588405361408,56.19999999999996,0.14441608338964157,2.0,1.0,55.0,23.16219839142091,0.15303030303030307,2.46514745308311,13.90000000000004,5.175737265415553,3.999999999999994,11.101535825629208,1,
3822,200,0.021883989118852424,41.149999999999984,0.14441673466046345,2.0,0.0,51.0,20.686486486486487,0.35256410256410253,0.5117117117117117,11.700000000000045,4.515855855855864,4.099999999999994,12.998529530166572,2,
3823,200,0.021862116068081715,43.92499999999999,0.14442104527866026,2.0,1.0,40.0,18.214285714285715,0.21721311475409832,1.076086956521739,5.799999999999995,2.21149068322981,1.7999999999999934,1.8040027487431756,1,
3824,200,0.021840264879428885,42.22499999999997,0.14442063657025467,2.0,0.0,47.0,21.214890016920474,0.31611570247933884,0.5972927241962775,10.200000000000042,4.228595600676824,2.9999999999999942,8.874926820888756,2,
3825,200,0.021818435531042762,36.974999999999994,0.1444211101992529,2.0,0.0,48.0,20.71677559912854,0.44999999999999996,0.030501089324618737,9.900000000000043,4.230283224400879,4.499999999999996,6.94214419973425,2,
3826,200,0.02179662800109399,51.09999999999997,0.1444215893185058,2.0,0.0,53.0,22.17055393586006,0.21357615894039728,2.1472303206997085,13.200000000000042,4.766909620991261,3.3999999999999986,11.931802101594885,1,
3827,200,0.021774842267775037,51.92499999999996,0.14441922828195966,2.0,0.0,54.0,23.182215743440235,0.2080645161290322,2.6005830903790086,14.000000000000034,5.3739067055393654,4.500000000000011,14.434378967052412,1,
3828,200,0.021753078309300157,49.899999999999984,0.14441738517689912,2.0,1.0,43.0,20.28191489361702,0.11428571428571432,1.425531914893617,9.00000000000001,3.404255319148938,2.6999999999999984,5.1099909284301175,1,
3829,200,0.021731336103905406,57.424999999999955,0.14441711392812895,2.0,0.0,54.0,23.68625,0.08333333333333326,4.1525,15.10000000000002,4.9617500000000065,4.299999999999997,13.584758163684707,0,
3830,200,0.02170961562984857,54.47499999999992,0.14441799489840243,2.0,0.0,51.0,22.61875,0.09131736526946099,3.47875,11.800000000000031,4.321250000000003,3.500000000000025,9.759963687443307,0,
3831,200,0.021687916865409173,35.125,0.14441665222710495,2.0,0.0,49.0,20.212903225806453,0.46134020618556704,0.24946236559139784,10.400000000000034,3.929892473118281,3.1999999999999993,7.343247928074638,2,
3832,200,0.02166623978888844,43.324999999999974,0.14441440018483145,2.0,0.0,48.0,20.809045226130653,0.3104838709677419,1.3718592964824121,9.700000000000035,4.053936348408716,3.3999999999999972,8.171753664339803,2,
3833,200,0.021644584378609312,58.59999999999998,0.14441381595361705,2.0,0.0,50.0,21.8625,0.08030303030303032,1.73625,11.000000000000034,3.8675,2.8999999999999893,7.337605215008202,0,
3834,200,0.021622950612916365,30.024999999999984,0.14441452311085734,4.0,0.0,53.0,19.233490566037737,0.5174418604651163,0.20518867924528303,13.500000000000028,3.782783018867927,2.1999999999999993,13.659001251564518,3,
3835,200,0.021601338470175833,49.44999999999996,0.14441440679598616,2.0,0.0,55.0,25.323481116584563,0.31690140845070425,1.8078817733990147,13.900000000000034,6.085385878489336,5.800000000000015,10.498484685073391,1,
3836,200,0.021579747928775563,49.499999999999964,0.14441515994122744,2.0,0.0,49.0,21.841246290801188,0.20238095238095233,2.492581602373887,11.100000000000025,4.546439169139472,4.099999999999996,7.534195300203679,1,
3837,200,0.021558178967125027,56.82499999999996,0.14441405320721779,2.0,0.0,54.0,21.4911838790932,0.11969696969696964,2.0818639798488663,13.200000000000035,3.7180100755667507,2.5999999999999988,8.224336037815215,1,
3838,200,0.02153663156365526,37.175,0.1444125796294892,1.0,0.0,50.0,22.138009049773757,0.4678217821782178,0.2149321266968326,10.900000000000036,4.883710407239831,5.0,6.899634219376297,2,
3839,200,0.021515105696818845,51.34999999999998,0.14441113375031892,2.0,0.0,53.0,22.786535303776684,0.284965034965035,1.2282430213464697,12.800000000000024,4.5632183908046,3.8999999999999972,9.17128267903369,1,
3840,200,0.021493601345089923,45.7,0.1444081110839801,1.0,1.0,41.0,19.132621951219512,0.19841269841269837,1.646341463414634,5.6000000000000325,2.8442073170731703,2.9999999999999876,1.5482322376753097,1,
3841,200,0.021472118486964127,48.49999999999997,0.14440869362017017,2.0,0.0,53.0,23.372742200328407,0.322463768115942,1.1280788177339902,12.600000000000023,4.914942528735636,3.4999999999999925,12.7309933132011,1,
3842,200,0.021450657100958614,51.349999999999994,0.14440845847014286,1.0,0.0,44.0,18.80108991825613,0.12588652482269502,1.6689373297002725,7.200000000000017,2.633106267029972,2.8000000000000025,1.9027630926859216,1,
3843,200,0.021429217165611993,50.62499999999998,0.14440911081111635,2.0,0.0,47.0,20.34155844155844,0.11054421768707479,2.648051948051948,9.000000000000028,3.286103896103899,2.699999999999995,5.095516791224168,1,
3844,200,0.021407798659484324,51.699999999999974,0.14440754441218906,2.0,0.0,57.0,21.198250728862973,0.2203947368421053,1.1443148688046647,15.400000000000032,4.592857142857146,2.6999999999999957,17.454257206302735,2,
3845,200,0.02138640156115709,52.47499999999998,0.14440972966184226,2.0,0.0,53.0,21.616343490304708,0.18790849673202614,2.090027700831025,12.700000000000042,4.378808864265937,3.799999999999998,8.371325997586798,1,
3846,200,0.021365025849233204,48.224999999999966,0.14441017910281995,1.0,0.0,51.0,22.85040650406504,0.2867647058823529,0.6813008130081301,11.800000000000033,4.686016260162607,4.6000000000000005,8.490298447480905,1,
3847,200,0.02134367150233695,44.899999999999956,0.1444116726523933,3.0,0.0,59.0,22.998293515358363,0.3665413533834586,0.757679180887372,16.20000000000002,5.043344709897614,3.7999999999999967,15.6408288996637,2,
3848,200,0.02132233849911398,44.52499999999999,0.1444122000194203,2.0,0.0,51.0,21.440917107583775,0.3556910569105691,0.5202821869488536,11.40000000000004,4.35149911816579,3.199999999999998,10.136144801672293,2,
3849,200,0.02130102681823127,42.82499999999996,0.14441460363394984,2.0,0.0,46.0,21.845648604269293,0.29065040650406504,0.8752052545155994,9.400000000000029,3.998686371100168,3.1999999999999966,6.274103861087201,1,
3850,200,0.02127973643837717,51.82499999999999,0.14441299937679464,2.0,0.0,48.0,20.299168975069254,0.17013888888888884,1.6454293628808865,9.800000000000042,3.5885041551246557,2.4999999999999947,7.3535800131599,1,
3851,200,0.021258467338261276,53.34999999999997,0.1444093497219374,2.0,0.0,44.0,20.544757033248082,0.07792207792207795,2.510230179028133,8.500000000000025,3.2863171355498766,2.9499999999999944,5.279450568498688,1,
3852,200,0.021237219496614494,40.224999999999994,0.1444080511796161,2.0,0.0,45.0,17.96461824953445,0.3463302752293578,0.4245810055865922,7.900000000000006,2.9716945996275608,2.499999999999998,4.172770071575228,2,
3853,200,0.021215992892188968,46.27499999999998,0.14440721900771084,2.0,0.0,53.0,21.465040650406504,0.3203125,0.33658536585365856,12.900000000000018,3.8547967479674803,3.3999999999999946,6.85787723676977,1,
3854,200,0.02119478750375811,37.49999999999999,0.14440633570823092,2.0,0.0,49.0,20.05325443786982,0.41346153846153844,0.650887573964497,10.500000000000028,3.9374753451676554,3.399999999999999,6.272347810525696,2,
3855,200,0.02117360331011653,51.42499999999997,0.14440635824979609,2.0,1.0,60.0,22.493392070484582,0.24013157894736836,1.1424375917767988,16.800000000000033,5.428781204111612,4.2,17.89712506468874,2,
3856,200,0.021152440290080017,50.57499999999996,0.14440521970396475,2.0,0.0,49.0,23.25434439178515,0.23611111111111116,1.1627172195892574,10.60000000000003,5.138072669826234,5.099999999999999,8.23359471708667,1,
3857,200,0.02113129842248555,44.624999999999986,0.14440313812106098,2.0,1.0,55.0,22.666666666666668,0.38095238095238093,1.136279926335175,14.200000000000037,5.454327808471467,5.900000000000006,13.945659322769803,2,
3858,200,0.021110177686191275,44.524999999999984,0.14440443686089344,2.0,0.0,45.0,19.621138211382114,0.2701612903225806,0.12032520325203253,7.800000000000008,2.748455284552847,2.099999999999996,4.380883180337591,1,
3859,200,0.021089078060076445,48.64999999999998,0.14440247521076788,2.0,0.0,51.0,24.766830870279147,0.29379562043795615,1.0328407224958949,11.600000000000037,5.751395730706092,6.000000000000006,6.2315460526316295,1,
3860,200,0.021067999523041434,49.94999999999996,0.1443995827189985,2.0,0.0,51.0,23.351156069364162,0.1837748344370862,2.634393063583815,11.400000000000036,5.478612716763017,6.5000000000000195,8.04924147407511,1,
3861,200,0.02104694205400769,42.17499999999998,0.14439886544639607,2.0,0.0,53.0,19.966480446927374,0.36111111111111116,0.5363128491620112,12.60000000000004,4.350465549348237,3.399999999999996,10.841233840093285,2,
3862,200,0.021025905631917766,44.82499999999999,0.14440120420574537,3.0,0.0,49.0,19.561461794019934,0.29761904761904767,2.144518272425249,10.700000000000035,3.6081395348837235,2.299999999999999,8.721103991964796,2,
3863,200,0.021004890235735225,54.799999999999955,0.1444042389696398,2.0,0.0,49.0,22.18125,0.06927710843373491,3.88,12.400000000000027,4.0587500000000025,2.599999999999997,9.299762968379705,0,
3864,200,0.02098389584444467,54.59999999999997,0.14440371900588694,2.0,1.0,59.0,22.536931818181817,0.2220496894409938,2.038352272727273,16.50000000000003,4.98125000000001,4.3000000000000025,14.936326301665684,1,
3865,200,0.0209629224370517,46.52499999999998,0.14439898077931335,2.0,1.0,51.0,21.62929745889387,0.24264705882352944,2.2496263079222723,12.500000000000023,4.40328849028401,3.5000000000000147,10.125422870676587,1,
3866,200,0.02094196999258292,50.64999999999999,0.1443966445815405,2.0,0.0,51.0,20.952743902439025,0.23928571428571432,1.0091463414634145,11.600000000000042,3.9362804878048823,3.299999999999992,7.276322585892435,1,
3867,200,0.020921038490085878,47.474999999999966,0.14439730650698449,2.0,0.0,54.0,21.164670658682635,0.24637681159420288,0.8308383233532934,13.500000000000036,4.4278443113772505,3.2999999999999976,11.859460852533452,2,
3868,200,0.020900127908629072,48.374999999999986,0.1443975271882735,1.0,0.0,46.0,19.88719512195122,0.2199248120300752,1.1600609756097562,8.800000000000024,3.2969512195121973,2.999999999999999,4.104207559227143,1,
3869,200,0.020879238227301908,55.29999999999996,0.1443980480037167,2.0,0.0,56.0,20.50125,0.11250000000000004,2.9625,14.60000000000003,3.050749999999999,1.7999999999999945,11.206241947253092,0,
3870,200,0.020858369425214716,52.39999999999999,0.1443981499818587,2.0,0.0,46.0,21.28034682080925,0.16836734693877542,1.4826589595375723,8.90000000000002,4.2361271676300625,3.849999999999995,5.872608825488748,1,
3871,200,0.020837521481498693,49.27499999999999,0.14439653454492032,2.0,0.0,45.0,21.113744075829384,0.2279411764705883,1.344391785150079,7.900000000000029,3.85371248025277,4.000000000000002,4.913841292976112,1,
3872,200,0.020816694375305884,59.44999999999997,0.1443955730172988,2.0,0.0,51.0,22.81218274111675,0.0939306358381502,2.6319796954314723,11.90000000000004,4.580456852791886,4.299999999999999,8.441687497886349,1,
3873,200,0.020795888085809178,47.824999999999974,0.1443957579562112,2.0,1.0,52.0,23.58132045088567,0.28985507246376807,1.8003220611916264,12.300000000000042,5.201610305958143,4.700000000000002,8.963337879888048,1,
3874,200,0.020775102592202298,46.499999999999986,0.14439271206015386,2.0,0.0,47.0,21.152845528455284,0.28125,1.216260162601626,9.100000000000028,3.6674796747967506,3.499999999999993,4.498726680485659,1,
3875,200,0.020754337873699742,52.14999999999997,0.14439076400230022,2.0,1.0,61.0,23.664634146341463,0.29000000000000004,1.2698170731707317,17.50000000000002,5.563414634146352,4.400000000000011,16.733334541694322,1,
3876,200,0.02073359390953679,49.274999999999984,0.1443868561027411,2.0,0.0,47.0,22.639024390243904,0.2536496350364964,1.2113821138211383,9.30000000000003,4.559186991869925,4.299999999999996,4.641777465205839,1,
3877,200,0.020712870678969465,21.09999999999999,0.144385514118441,10.0,1.0,51.0,19.385454545454547,0.6483050847457628,0.0,11.500000000000023,4.7120000000000015,2.9999999999999956,15.521333968052508,3,
3878,200,0.020692168161274557,54.299999999999976,0.1443851939549391,2.0,0.0,53.0,21.54191616766467,0.22333333333333338,0.5838323353293413,12.700000000000028,4.347005988023958,3.799999999999993,8.543228744372259,1,
3879,200,0.02067148633574953,49.84999999999997,0.14438455774189046,2.0,0.0,52.0,24.671592775041052,0.30035971223021585,1.5862068965517242,12.300000000000033,5.694252873563227,5.000000000000002,10.278303386540191,1,
3880,200,0.020650825181712566,51.07499999999998,0.14438377912992145,2.0,0.0,46.0,20.819718309859155,0.14932885906040272,1.9464788732394367,11.200000000000019,3.9390140845070465,3.2999999999999985,8.424790388395971,1,
3881,200,0.020630184678502493,48.14999999999998,0.14438250140386924,2.0,0.0,50.0,23.14975845410628,0.2873134328358209,1.537842190016103,11.300000000000036,4.942673107890514,5.1000000000000085,5.501945285758783,1,
3882,200,0.020609564805478826,55.199999999999996,0.14438203959669477,1.0,1.0,45.0,19.778350515463917,0.08870967741935476,2.6662371134020617,7.800000000000003,2.889175257731959,2.2999999999999963,3.8554046913272817,1,
3883,200,0.020588965542021685,34.62499999999999,0.14438085406893472,1.0,0.0,46.0,19.779249448123622,0.44680851063829785,0.09713024282560706,8.900000000000036,3.6326710816777097,3.799999999999995,5.40279998830459,2,
3884,200,0.0205683868675318,45.87499999999999,0.14438200129932402,2.0,0.0,48.0,20.616260162601627,0.29296875,0.7073170731707317,9.700000000000037,3.345528455284554,2.7999999999999985,5.109745547612036,1,
3885,200,0.02054782876143049,56.724999999999966,0.1443835107491523,2.0,1.0,51.0,20.944584382871536,0.0984848484848484,1.8047858942065491,12.100000000000007,3.3900503778337523,2.4499999999999957,7.38199080000319,1,
3886,200,0.02052729120315966,35.29999999999999,0.14438304479291608,2.0,0.0,48.0,20.66304347826087,0.46134020618556704,0.17173913043478262,9.70000000000003,4.161086956521744,3.4999999999999956,8.669070222449106,2,
3887,200,0.020506774172181743,53.324999999999974,0.14438436165418989,2.0,0.0,55.0,22.145743145743147,0.23397435897435903,2.057720057720058,13.900000000000038,4.755555555555561,2.6999999999999975,18.001669678999285,2,
3888,200,0.020486277647979705,50.349999999999966,0.1443862981636679,2.0,0.0,50.0,21.202513966480446,0.18197278911564618,2.2206703910614527,12.700000000000017,4.151955307262575,3.3999999999999986,9.970644117388936,1,
3889,200,0.020465801610057018,54.649999999999956,0.1443860778350363,2.0,0.0,50.0,24.66760563380282,0.154320987654321,2.2549295774647886,12.000000000000039,6.2477464788732515,6.750000000000009,12.50612536426386,1,
3890,200,0.020445346037937653,35.14999999999999,0.14438781839643908,2.0,0.0,52.0,23.71698113207547,0.5102040816326531,0.18867924528301888,12.20000000000002,5.510613207547178,5.700000000000004,10.059778222778535,2,
3891,200,0.020424910911166032,44.999999999999986,0.14438952406796526,2.0,1.0,49.0,20.383084577114428,0.28968253968253965,0.6882255389718076,10.200000000000026,4.294693200663355,3.9999999999999987,6.527386141119053,2,
3892,200,0.02040449620930702,43.399999999999984,0.14439057547455159,2.0,0.0,48.0,21.14213197969543,0.323170731707317,1.3028764805414552,9.900000000000045,4.027580372250429,2.8999999999999946,10.105511910215368,2,
3893,200,0.020384101911945913,51.724999999999966,0.14439469545526573,2.0,0.0,50.0,23.346938775510203,0.19736842105263164,2.631195335276968,11.10000000000004,5.472740524781352,5.550000000000016,9.390457633421585,1,
3894,200,0.020363727998688425,49.67499999999998,0.14439667816902074,2.0,0.0,48.0,21.511848341232227,0.25,1.09478672985782,9.60000000000003,4.092575039494477,4.00000000000001,4.793779898574494,1,
3895,200,0.020343374449160633,46.074999999999996,0.1443968245136507,1.0,0.0,47.0,19.317535545023695,0.2579365079365079,1.2195892575039495,9.500000000000007,2.7759873617693485,2.4999999999999902,3.4144714091762234,1,
3896,200,0.020323041243008984,49.47499999999998,0.14439756191914344,2.0,0.0,46.0,19.504411764705882,0.19964028776978426,1.975,9.700000000000014,3.158529411764707,2.5999999999999988,5.520233305002845,1,
3897,200,0.02030272835990026,39.42499999999998,0.14439792138791313,2.0,0.0,51.0,22.681159420289855,0.43181818181818177,0.041407867494824016,12.000000000000043,5.502070393374753,5.300000000000012,12.564894293748594,2,
3898,200,0.0202824357795216,32.77499999999999,0.14439847017303925,3.0,0.0,55.0,17.80293501048218,0.39948453608247425,0.5031446540880503,13.900000000000041,4.063731656184492,1.399999999999999,19.24738555254748,3,
3899,200,0.02026216348158041,53.974999999999966,0.14439640363515602,2.0,0.0,56.0,24.72043010752688,0.25316455696202533,2.6451612903225805,14.600000000000046,6.166052227342562,5.300000000000028,15.105135110901458,1,
3900,200,0.02024191144580439,45.19999999999999,0.14439502178954564,1.0,0.0,46.0,22.141463414634146,0.29000000000000004,0.791869918699187,9.300000000000017,4.260650406504074,4.200000000000008,7.450829032531057,1,
3901,200,0.020221679651941493,48.42499999999998,0.14439550706468657,2.0,1.0,54.0,21.572981366459626,0.2755474452554745,1.9813664596273293,13.500000000000023,4.2267080745341685,3.4999999999999956,7.046539694021531,1,
3902,200,0.020201468079759942,45.79999999999998,0.14439675777688435,2.0,0.0,49.0,19.38861788617886,0.2965116279069767,0.8991869918699187,10.200000000000017,3.097723577235772,2.3999999999999924,6.963590464909696,2,
3903,200,0.020181276709048155,51.92499999999997,0.14439599118388963,2.0,0.0,53.0,22.967329545454547,0.19444444444444442,2.524147727272727,13.500000000000036,5.239488636363647,4.800000000000008,12.606477447212116,1,
3904,200,0.02016110551961476,50.04999999999997,0.1443958318262043,1.0,1.0,51.0,23.239811912225704,0.26388888888888884,1.2727272727272727,11.60000000000002,5.176332288401265,5.099999999999999,7.904898131155721,1,
3905,200,0.02014095449128855,43.69999999999999,0.14439494818376294,1.0,0.0,45.0,21.77504105090312,0.2958333333333333,1.0935960591133005,8.300000000000034,3.9563218390804678,4.199999999999999,3.773471850733437,1,
3906,200,0.020120823603918526,39.07499999999999,0.1443963513576821,1.0,0.0,44.0,17.75897435897436,0.30092592592592593,0.29572649572649573,7.8000000000000345,2.6160683760683785,1.9999999999999991,4.225600308569859,2,
3907,200,0.020100712837373778,37.87499999999999,0.14439639025799966,2.0,0.0,59.0,20.340699815837937,0.41371681415929207,2.686924493554328,16.300000000000033,4.058747697974218,2.0999999999999965,18.692652621011593,2,
3908,200,0.020080622171543543,43.675,0.14439509932394512,2.0,1.0,47.0,19.829268292682926,0.2958333333333333,1.1317073170731706,9.40000000000002,2.8733333333333304,2.2999999999999994,4.982651656161447,1,
3909,200,0.020060551586337145,57.49999999999997,0.14439366105797538,2.0,0.0,53.0,23.94364161849711,0.18865030674846617,0.8005780346820809,13.300000000000033,5.8341040462427864,5.90000000000002,12.818719174377721,1,
3910,200,0.020040501061684014,56.449999999999974,0.14439324024592196,2.0,1.0,49.0,21.697732997481108,0.08841463414634143,2.783375314861461,11.500000000000023,3.8419395465994954,3.2999999999999963,7.847686771832186,1,
3911,200,0.020020470577533613,54.92499999999998,0.14439238883515554,2.0,0.0,49.0,21.349431818181817,0.1693548387096775,1.4559659090909092,10.30000000000003,4.268750000000005,3.8999999999999932,6.720741543335088,1,
3912,200,0.02000046011385546,34.55,0.14438941202246186,2.0,0.0,47.0,21.915137614678898,0.4815789473684211,0.44954128440366975,9.500000000000021,4.632339449541292,5.10000000000001,6.4034144506694455,2,
3913,200,0.019980469650639078,38.89999999999999,0.14438824764186314,2.0,0.0,50.0,21.702928870292887,0.4305555555555556,0.38702928870292885,10.80000000000003,4.9652719665272045,4.699999999999998,10.395115610351812,2,
3914,200,0.01996049916789402,48.29999999999998,0.14438825899039273,2.0,0.0,47.0,22.159349593495936,0.26865671641791045,0.9902439024390244,9.70000000000003,4.271382113821143,3.799999999999996,6.9625815389822305,1,
3915,200,0.019940548645649796,34.24999999999999,0.14438692422122837,2.0,0.0,46.0,22.15566037735849,0.49193548387096775,0.030660377358490566,9.600000000000023,4.573820754716985,4.449999999999998,5.791681768877803,2,
3916,200,0.019920618063955876,40.49999999999999,0.14438656451981868,2.0,1.0,46.0,17.452029520295202,0.3169642857142857,1.6162361623616237,8.50000000000001,2.909409594095939,2.399999999999995,5.038065140946959,2,
3917,200,0.019900707402881673,53.249999999999986,0.14438593205716,2.0,0.0,49.0,24.12357723577236,0.25,0.8406504065040651,10.200000000000044,5.449918699187005,5.200000000000017,6.507818012606346,1,
3918,200,0.01988081664251654,39.77499999999998,0.14438483654405398,2.0,0.0,50.0,22.16757741347905,0.3696581196581197,1.907103825136612,10.800000000000049,4.972313296903471,5.600000000000013,11.78889004644999,2,
3919,200,0.019860945762969703,54.72499999999995,0.14438288069016034,2.0,0.0,53.0,23.487935656836463,0.15909090909090917,3.7761394101876675,12.900000000000038,5.371179624664893,4.800000000000017,14.220495206777974,1,
3920,200,0.019841094744370288,52.97499999999998,0.14438263842397153,2.0,0.0,49.0,22.266068759342303,0.19999999999999996,1.9730941704035874,10.40000000000003,4.785351270553076,5.100000000000001,6.037018634373096,1,
3921,200,0.01982126356686726,45.42499999999997,0.14438228378284884,2.0,0.0,48.0,19.81419939577039,0.23484848484848486,1.4003021148036254,10.500000000000034,3.5131419939577078,2.599999999999998,8.191794620792628,2,
3922,200,0.019801452210629462,58.29999999999994,0.14438400749325922,2.0,0.0,52.0,23.43,0.09571428571428564,3.96125,12.400000000000032,4.808000000000009,4.100000000000037,11.174703460474209,0,
3923,200,0.019781660655845523,44.54999999999997,0.14438487574657963,2.0,0.0,56.0,21.460162601626017,0.32307692307692304,1.0764227642276423,14.600000000000025,3.8518699186991903,2.9999999999999982,10.095466284529838,1,
3924,200,0.019761888882723885,45.69999999999996,0.14438590848871052,3.0,1.0,54.0,22.47203947368421,0.3161764705882353,3.1134868421052633,13.500000000000039,5.022697368421062,4.049999999999997,16.750780142995197,2,
3925,200,0.019742136871492774,48.349999999999994,0.14438245476931919,2.0,0.0,50.0,21.223316912972084,0.29166666666666663,0.8407224958949097,10.900000000000029,3.62528735632184,3.09999999999999,5.732315250215733,1,
3926,200,0.019722404602400184,32.67499999999998,0.14438003485396034,2.0,0.0,56.0,19.784313725490197,0.46578947368421053,0.7407407407407407,14.800000000000043,4.689106753812643,1.8999999999999946,23.450058002658196,3,
3927,200,0.01970269205571384,48.249999999999986,0.14437984656218095,2.0,0.0,52.0,22.55877616747182,0.2873134328358209,1.3510466988727858,12.900000000000038,4.588083735909827,3.999999999999997,10.594120578778217,1,
3928,200,0.019682999211721196,23.45,0.14437894250419855,7.0,0.0,48.0,14.076470588235294,0.47388059701492535,0.3088235294117647,9.700000000000014,2.349117647058824,1.0999999999999996,7.011265754894086,3,
3929,200,0.019663326050729395,55.52499999999996,0.14438103103298058,2.0,0.0,53.0,22.04625,0.10060975609756095,3.2575,12.900000000000025,3.9777500000000043,3.099999999999988,7.624516850807637,0,
3930,200,0.019643672553065292,46.29999999999996,0.14438151887927975,2.0,0.0,55.0,21.988524590163934,0.32299270072992703,1.4262295081967213,14.800000000000015,4.581311475409839,3.5500000000000016,15.172478399565744,2,
3931,200,0.019624038699075377,48.84999999999996,0.14438083114048902,2.0,0.0,55.0,23.153238546603475,0.295774647887324,1.5939968404423381,13.900000000000032,5.077409162717227,3.9999999999999987,12.918337060256423,1,
3932,200,0.0196044244691258,55.37499999999997,0.14438165597895042,3.0,0.0,58.0,23.524147727272727,0.20092024539877307,2.268465909090909,15.700000000000033,5.573579545454555,5.7500000000000195,14.73722942203128,1,
3933,200,0.019584829843602315,55.099999999999966,0.14438078474994137,1.0,0.0,46.0,21.93,0.06875000000000009,3.0775,10.300000000000033,3.908000000000008,3.3999999999999986,7.248297325464639,0,
3934,200,0.019565254802910312,51.44999999999999,0.14437936779663527,2.0,1.0,45.0,21.498489425981873,0.19055944055944063,0.7492447129909365,8.700000000000014,4.295317220543812,4.399999999999995,6.445899124458387,1,
3935,200,0.019545699327474745,48.34999999999998,0.14437844446294823,2.0,0.0,51.0,23.26892109500805,0.27941176470588236,1.8502415458937198,12.100000000000039,5.01417069243157,4.599999999999993,7.889191629499083,1,
3936,200,0.019526163397740135,49.449999999999974,0.14437923455110685,2.0,0.0,55.0,23.383252818035427,0.30319148936170215,0.855072463768116,13.800000000000043,5.082769726247994,3.499999999999996,14.094731614977796,1,
3937,200,0.01950664699417054,50.02499999999999,0.14437967956372993,2.0,0.0,44.0,21.38821752265861,0.19890510948905105,0.6873111782477341,8.600000000000023,4.229154078549857,4.5000000000000036,3.6816206762002257,1,
3938,200,0.01948715009724957,35.52499999999999,0.1443793603776224,1.0,0.0,46.0,19.590308370044053,0.44072164948453607,0.5110132158590308,8.600000000000017,3.533480176211458,3.899999999999996,4.776963927904353,2,
3939,200,0.019467672687480328,43.19999999999998,0.1443789214846955,2.0,0.0,49.0,19.841186736474693,0.319672131147541,1.4764397905759161,10.400000000000043,4.067713787085521,3.199999999999995,9.03638477376289,2,
3940,200,0.01944821474538539,47.574999999999974,0.1443798244133865,2.0,0.0,52.0,22.67065868263473,0.24650349650349646,2.3353293413173652,12.700000000000042,5.024251497005996,3.149999999999998,16.204268538376656,1,
3941,200,0.019428776251506814,56.07499999999999,0.14437931221216063,2.0,0.0,47.0,21.858516483516482,0.1314102564102564,1.9052197802197801,9.70000000000003,4.498076923076931,4.700000000000001,5.67088612276248,1,
3942,200,0.019409357186406115,56.09999999999995,0.1443793173048735,2.0,0.0,51.0,23.143401015228427,0.10798816568047331,3.0964467005076144,12.000000000000034,4.779187817258892,4.300000000000013,9.760115566163165,1,
3943,200,0.01938995753066422,17.549999999999983,0.1443776937213161,3.0,1.0,48.0,20.751020408163264,0.7107843137254902,0.0653061224489796,10.200000000000031,4.886122448979599,4.900000000000002,11.379588831134276,3,
3944,200,0.01937057726488147,44.29999999999999,0.14438209879389763,2.0,1.0,51.0,20.82901554404145,0.3293650793650794,2.153713298791019,11.400000000000027,4.40431778929189,3.299999999999995,11.678651771865006,2,
3945,200,0.01935121636967759,46.99999999999996,0.14438272586730172,2.0,0.0,64.0,21.49406528189911,0.28146853146853146,2.5014836795252227,19.400000000000013,4.33813056379822,2.799999999999995,20.23302680094665,1,
3946,200,0.019331874825691705,54.27499999999999,0.1443821123555458,2.0,0.0,51.0,21.955587392550143,0.1883116883116882,2.1232091690544412,11.600000000000039,4.6393982808023,4.300000000000003,8.718995757415339,1,
3947,200,0.019312552613582255,48.299999999999976,0.14438212718272794,2.0,0.0,51.0,23.302134646962234,0.30109489051094895,2.2725779967159276,11.700000000000045,4.872577996715937,4.399999999999998,8.976956967213198,1,
3948,200,0.019293249714027027,35.04999999999998,0.1443843962636761,2.0,1.0,47.0,17.542443064182194,0.43041237113402064,0.37681159420289856,9.300000000000013,2.4921325051759835,1.7999999999999985,4.113371883680265,2,
3949,200,0.01927396610772311,67.92499999999998,0.14438621154029976,2.0,0.0,54.0,24.1025,0.06413612565445037,3.00625,13.300000000000038,5.211500000000011,5.1999999999999975,10.372433956928141,0,
3950,200,0.01925470177538692,50.8,0.14439061114331087,2.0,0.0,54.0,20.86890243902439,0.23611111111111116,1.6539634146341464,13.500000000000036,4.654268292682934,3.399999999999996,12.795804199054317,2,
3951,200,0.01923545669775411,38.499999999999986,0.14439421748312586,2.0,0.0,50.0,21.837004405286343,0.45952380952380956,0.22687224669603523,12.00000000000002,4.810132158590314,4.199999999999999,12.267313684108434,2,
3952,200,0.019216230855579598,43.79999999999998,0.1443962192607567,2.0,0.0,45.0,20.471264367816094,0.29166666666666663,0.632183908045977,8.100000000000033,3.1740558292282426,2.8999999999999924,3.9483687446074502,1,
3953,200,0.019197024229637535,42.79999999999999,0.14439603222202307,2.0,1.0,52.0,21.125,0.323170731707317,1.2821428571428573,12.200000000000044,5.113571428571438,6.100000000000004,12.401212503866489,2,
3954,200,0.01917783680072131,54.34999999999999,0.14440016065905828,2.0,1.0,49.0,20.421465968586386,0.11451612903225805,3.2801047120418847,10.300000000000045,3.389267015706811,2.999999999999991,5.5980881110854614,1,
3955,200,0.019158668549643484,51.79999999999996,0.1444004295423602,2.0,0.0,56.0,22.338323353293415,0.25993377483443714,1.8907185628742516,14.40000000000004,4.824850299401205,2.899999999999995,16.595976540877626,1,
3956,200,0.019139519457235805,45.199999999999996,0.1444000535835808,2.0,0.0,47.0,18.967105263157894,0.25,0.8289473684210527,9.90000000000002,3.7664473684210544,2.8999999999999977,8.540015744069636,2,
3957,200,0.019120389504349168,52.57499999999998,0.14439825987501245,1.0,0.0,49.0,21.05858310626703,0.16333333333333333,2.4141689373297,10.800000000000036,3.9876021798365175,2.6999999999999984,8.831620179859202,1,
3958,200,0.019101278671853638,40.62499999999998,0.1443975642114147,2.0,0.0,48.0,20.839708561020036,0.35775862068965514,0.6193078324225865,10.900000000000034,4.31220400728598,3.599999999999999,10.734513271400198,2,
3959,200,0.01908218694063837,54.29999999999999,0.14439848685883488,2.0,0.0,49.0,21.631284916201118,0.1611842105263157,2.1773743016759775,10.800000000000036,4.409217877094978,3.9999999999999973,7.715209409837088,1,
3960,200,0.019063114291611637,49.04999999999999,0.14439785132786548,2.0,0.0,46.0,21.492682926829268,0.25373134328358204,1.5365853658536586,8.900000000000022,3.871382113821139,3.6999999999999966,4.149435889843075,1,
3961,200,0.019044060705700774,47.59999999999998,0.14439830797121314,2.0,1.0,58.0,24.93121693121693,0.3659420289855072,1.9717813051146384,15.60000000000004,6.597001763668436,5.999999999999998,25.136065669636302,2,
3962,200,0.01902502616385221,43.974999999999994,0.14440068928909083,2.0,0.0,43.0,19.55993431855501,0.2838983050847458,0.0722495894909688,6.700000000000008,2.6272577996715896,2.299999999999997,2.375486734253668,1,
3963,200,0.019006010647031397,40.825,0.1444025340974978,2.0,0.0,48.0,19.666666666666668,0.368421052631579,1.28060263653484,9.800000000000022,3.8363465160075374,3.299999999999996,8.270968151510894,2,
3964,200,0.018987014136222814,58.47499999999997,0.14440341777511184,2.0,0.0,51.0,21.529411764705884,0.1106060606060606,2.0946291560102304,11.60000000000003,3.877109974424554,3.0999999999999943,8.301829775822046,1,
3965,200,0.01896803661242994,38.67499999999997,0.14440263085060007,2.0,0.0,59.0,22.895495495495496,0.4,2.7675675675675677,16.30000000000004,5.352612612612618,3.799999999999999,21.976078032880658,2,
3966,200,0.01894907805667527,52.19999999999996,0.14440661284322037,2.0,0.0,52.0,21.60945945945946,0.16883116883116878,3.287837837837838,12.300000000000042,4.28324324324325,2.349999999999998,13.617717052076522,1,
3967,200,0.018930138450000234,45.57499999999998,0.14440559020378985,2.0,0.0,52.0,20.469483568075116,0.28816793893129766,1.3865414710485133,13.00000000000004,3.5231611893583765,2.3999999999999972,10.270474627743022,2,
3968,200,0.018911217773465227,54.125,0.1444062346140941,2.0,0.0,53.0,20.991549295774647,0.1785714285714286,2.323943661971831,13.000000000000039,4.042112676056341,2.899999999999999,11.04950196290814,1,
3969,200,0.01889231600814957,51.74999999999999,0.14440532075095475,1.0,0.0,48.0,19.936416184971097,0.18356643356643354,1.546242774566474,9.60000000000004,3.42976878612717,2.7999999999999927,5.184413663198076,1,
3970,200,0.018873433135151486,49.224999999999966,0.14440693374763144,2.0,1.0,57.0,22.338278931750743,0.25,1.6350148367952522,15.300000000000045,5.13308605341247,3.449999999999998,18.52044459853625,2,
3971,200,0.01885456913558812,59.62499999999997,0.144410562030498,2.0,0.0,52.0,22.498730964467004,0.0997109826589595,2.5901015228426396,12.400000000000027,4.392385786802034,3.3999999999999932,9.593180823360665,1,
3972,200,0.018835723990595455,45.37499999999999,0.1444122278810982,2.0,0.0,52.0,20.433098591549296,0.32421875,0.926056338028169,12.200000000000038,4.597359154929585,3.899999999999995,14.10262476636825,2,
3973,200,0.018816897681328357,56.17499999999998,0.14441458974799956,2.0,0.0,54.0,21.53058510638298,0.15251572327044016,1.9547872340425532,13.300000000000042,4.153457446808516,3.499999999999999,8.171358878732796,1,
3974,200,0.018798090188960496,44.67499999999999,0.14441556034944242,2.0,0.0,46.0,19.95566502463054,0.2947154471544715,1.0952380952380953,8.500000000000014,2.864696223316913,2.2999999999999994,3.890209124245058,1,
3975,200,0.0187793014946844,43.84999999999995,0.14441849451292807,2.0,0.0,51.0,22.824302134646963,0.31390977443609025,2.1839080459770117,13.300000000000034,4.938587848932682,3.1999999999999984,14.980571074201993,2,
3976,200,0.018760531579711363,43.64999999999995,0.14442208124357092,2.0,0.0,59.0,22.22748815165877,0.3088235294117647,1.6445497630331753,16.200000000000042,4.5219589257504,2.999999999999991,16.50093339456144,1,
3977,200,0.01874178042527147,38.57499999999997,0.1444228082176332,3.0,0.0,68.0,23.005524861878452,0.4194214876033058,2.6593001841620625,21.699999999999946,5.889686924493552,2.7999999999999945,41.28172794117644,3,
3978,200,0.018723048012613555,47.87499999999997,0.14442585868466623,2.0,0.0,53.0,20.15934065934066,0.18006993006993,2.973901098901099,12.800000000000033,3.4785714285714313,2.4999999999999964,8.263842123237962,1,
3979,200,0.018704334323005223,19.799999999999997,0.1444249598667655,4.0,0.0,53.0,21.59227467811159,0.7407407407407407,0.030042918454935622,12.800000000000026,5.039914163090134,4.599999999999998,15.046709770115005,3,
3980,200,0.018685639337732773,33.89999999999999,0.1444252642320118,2.0,0.0,44.0,17.984375,0.45108695652173914,0.09151785714285714,7.200000000000004,2.481919642857138,1.6999999999999977,3.6048026686197994,2,
3981,200,0.018666963038101215,61.14999999999998,0.14442696974169203,2.0,0.0,49.0,22.27375,0.06896551724137923,2.3975,10.400000000000027,4.114250000000007,3.6999999999999957,7.080508000793808,0,
3982,200,0.018648305405434242,55.57499999999997,0.1444261127310669,2.0,1.0,55.0,24.346820809248555,0.18939393939393945,2.9783236994219653,13.800000000000045,6.076011560693655,6.85000000000001,13.183469426537528,1,
3983,200,0.01862966642107424,51.274999999999984,0.14442937937072925,3.0,0.0,55.0,22.90652818991098,0.23979591836734704,2.4391691394658754,13.800000000000038,5.185608308605346,3.999999999999995,13.961500170601594,1,
3984,200,0.01861104606638221,46.974999999999994,0.14443083450271146,2.0,0.0,43.0,20.673107890499196,0.24224806201550386,1.2318840579710144,6.900000000000009,3.45668276972625,3.799999999999995,2.683782750752009,1,
3985,200,0.018592444322737798,50.749999999999964,0.1444338844590279,2.0,1.0,53.0,22.243076923076924,0.2534013605442177,2.0353846153846153,13.100000000000042,4.67276923076924,4.100000000000006,11.52742423058997,1,
3986,200,0.01857386117153925,60.374999999999986,0.14443770058437122,2.0,1.0,50.0,21.66125,0.09117647058823519,2.7475,10.800000000000018,3.7467499999999987,3.0999999999999934,6.746974979648433,0,
3987,200,0.01855529659420343,37.425,0.14443801364313347,3.0,0.0,49.0,22.590604026845636,0.4538834951456311,0.6823266219239373,10.500000000000032,5.23109619686802,5.400000000000002,9.131763292761118,2,
3988,200,0.018536750572165746,34.52499999999997,0.1444424309438142,2.0,0.0,54.0,21.733905579399142,0.45999999999999996,0.5793991416309013,13.400000000000038,4.973390557939923,4.850000000000012,11.669646105316547,2,
3989,200,0.018518223086880184,52.19999999999998,0.1444438072382067,2.0,0.0,50.0,22.164756446991404,0.17905405405405395,1.7148997134670487,10.900000000000029,4.764899713467059,5.400000000000032,8.186879329560824,1,
3990,200,0.018499714119819242,44.27499999999996,0.14444681698363798,2.0,0.0,49.0,19.129261363636363,0.17537313432835822,3.147727272727273,12.600000000000028,3.217897727272728,1.6999999999999964,11.78890800318802,2,
3991,200,0.01848122365247397,47.175,0.14445074639806807,2.0,0.0,45.0,19.820395738203956,0.2232824427480915,1.6636225266362252,7.900000000000045,3.262709284627098,2.799999999999997,4.9164442323375015,1,
3992,200,0.018462751666353888,43.39999999999997,0.1444509925447482,2.0,0.0,58.0,21.95042735042735,0.36111111111111116,2.1384615384615384,16.20000000000003,4.746324786324791,2.899999999999995,19.166884379821504,2,
3993,200,0.018444298142987012,38.9,0.14445075367008936,2.0,1.0,37.0,17.850574712643677,0.2692307692307693,0.08538587848932677,3.8999999999999875,1.6016420361247887,1.4999999999999996,0.4977326358930091,1,
3994,200,0.01842586306391981,58.79999999999997,0.1444507919956159,2.0,0.0,49.0,22.99875,0.08235294117647052,3.85625,11.500000000000036,4.549250000000005,4.100000000000016,10.754891242017642,0,
3995,200,0.018407446410717215,55.949999999999974,0.14445196725658632,2.0,0.0,60.0,22.409859154929578,0.21604938271604945,2.66056338028169,17.200000000000035,4.8930985915492995,2.8999999999999924,20.631810199980656,1,
3996,200,0.018389048164962566,48.399999999999935,0.14445064417055414,3.0,0.0,60.0,22.610884353741497,0.19155844155844148,4.001360544217687,17.300000000000033,5.0474829931972875,3.699999999999998,19.58563196007591,2,
3997,200,0.01837066830825761,49.54999999999999,0.14445128596161408,2.0,1.0,51.0,20.733231707317074,0.25,1.1996951219512195,11.800000000000024,3.8045731707317074,2.9999999999999964,7.846765612836547,1,
3998,200,0.01835230682222249,47.64999999999999,0.14445394672131756,2.0,0.0,46.0,20.8130081300813,0.2732558139534884,1.102439024390244,8.50000000000002,3.463577235772359,3.3999999999999977,3.804276936418653,1,
3999,200,0.018333963688495727,46.54999999999998,0.1444533138236529,1.0,1.0,58.0,22.41038525963149,0.3484848484848485,1.9413735343383585,15.900000000000043,4.864991624790624,3.599999999999996,18.195927644721884,2,
4000,200,0.01831563888873418,47.09999999999999,0.1444545093776245,2.0,0.0,47.0,19.47583081570997,0.21616541353383467,1.0196374622356494,9.300000000000034,3.6364048338368624,2.1999999999999975,7.889312025520139,2,
4001,200,0.01829733240461304,51.92499999999998,0.14445450859831002,2.0,1.0,50.0,20.152925531914892,0.14542483660130712,2.6914893617021276,10.800000000000036,3.326861702127659,2.3999999999999906,6.685088142768515,1,
4002,200,0.018279044217825845,54.27499999999999,0.1444537836273548,2.0,0.0,54.0,21.57887323943662,0.1883116883116882,1.9309859154929578,13.200000000000038,4.394507042253526,3.9499999999999957,7.425604276144218,1,
4003,200,0.01826077431008438,43.074999999999996,0.14445492309938515,1.0,0.0,41.0,18.697262479871174,0.25427350427350426,0.7552334943639292,6.40000000000002,2.2711755233494366,1.6999999999999975,2.6372919302977045,1,
4004,200,0.01824252266311874,33.57499999999996,0.14445457765986425,2.0,1.0,59.0,21.581740976645435,0.47,0.42038216560509556,16.900000000000016,5.31613588110404,3.299999999999996,25.689706815723156,3,
4005,200,0.018224289258677303,39.69999999999999,0.14445574798292565,2.0,0.0,55.0,20.537373737373738,0.4151785714285714,1.915151515151515,13.80000000000004,4.52141414141415,4.0000000000000036,13.720890361760558,2,
4006,200,0.01820607407852663,40.5,0.14445690252974103,2.0,0.0,46.0,20.137809187279153,0.31465517241379315,1.4275618374558303,8.90000000000004,4.279681978798596,4.450000000000001,8.043764230307067,2,
4007,200,0.018187877104451564,46.9,0.14446009461477793,2.0,0.0,46.0,19.26029411764706,0.20112781954887216,2.286764705882353,8.600000000000001,3.282058823529414,2.999999999999999,4.252216721922003,2,
4008,200,0.0181696983182551,35.274999999999984,0.14446134855674214,2.0,0.0,49.0,20.161425576519918,0.4232673267326733,0.6708595387840671,10.500000000000037,4.14423480083858,3.899999999999996,8.984812330790113,2,
4009,200,0.018151537701758473,33.69999999999998,0.14446450272871708,2.0,0.0,51.0,20.138392857142858,0.48684210526315785,0.8303571428571429,11.600000000000023,3.758258928571429,2.599999999999996,9.962838572417985,2,
4010,200,0.018133395236801075,28.44999999999995,0.14446767075327205,2.0,0.0,55.0,22.192052980132452,0.5106382978723404,2.7836644591611477,15.100000000000035,5.012803532008836,3.1999999999999993,22.685023878211492,2,
4011,200,0.01811527090524041,45.1,0.14446850317171933,2.0,0.0,53.0,19.15582191780822,0.3015873015873016,0.898972602739726,12.700000000000044,3.920205479452059,2.299999999999999,10.559691193502585,2,
4012,200,0.018097164688952158,52.424999999999976,0.14447229228103817,2.0,0.0,55.0,23.370892018779344,0.2666666666666667,2.428794992175274,14.500000000000023,5.264006259780912,3.7999999999999976,16.493392731191303,1,
4013,200,0.01807907656983012,33.37499999999999,0.14447283050358467,2.0,0.0,45.0,19.86279069767442,0.4807692307692307,0.48604651162790696,8.100000000000007,3.313488372093021,2.7999999999999927,3.9421649657380597,2,
4014,200,0.018061006529786143,50.224999999999966,0.14447610355293955,2.0,0.0,54.0,23.1055900621118,0.2743055555555556,1.43944099378882,13.600000000000033,5.146273291925473,4.150000000000006,10.712387717458194,1,
4015,200,0.018042954550750216,48.499999999999986,0.14447821334604188,2.0,0.0,55.0,21.424242424242426,0.30797101449275366,2.5390749601275915,13.80000000000004,3.977192982456147,3.199999999999998,9.476011121059885,1,
4016,200,0.01802492061467033,48.07499999999999,0.1444820505995662,2.0,0.0,49.0,22.129720853858785,0.29887218045112784,1.4811165845648604,10.800000000000033,4.169129720853866,3.7999999999999976,8.404718291630784,1,
4017,200,0.018006904703512558,44.925,0.14448383537803233,2.0,0.0,51.0,22.80246913580247,0.35317460317460314,0.09523809523809523,11.500000000000039,5.168430335097012,5.400000000000001,13.484318668193,2,
4018,200,0.017988906799261007,49.87499999999996,0.14448721452007152,2.0,0.0,55.0,22.45774647887324,0.20695364238410585,4.050704225352113,14.000000000000039,4.921830985915501,3.999999999999999,13.777846514276034,1,
4019,200,0.017970926883917736,45.974999999999994,0.14448989257384298,2.0,0.0,50.0,20.90282131661442,0.23134328358208944,2.2554858934169277,11.500000000000043,4.801097178683391,3.4999999999999964,12.810798294037822,2,
4020,200,0.01795296493950285,43.149999999999956,0.14449072818488323,2.0,0.0,53.0,23.740932642487046,0.34615384615384615,2.1018998272884284,14.000000000000039,5.744214162348887,4.499999999999998,17.993642823052262,2,
4021,200,0.017935020948054412,42.94999999999996,0.14449232022504388,2.0,0.0,48.0,23.660162601626016,0.30078125,2.3317073170731706,13.100000000000025,5.171869918699194,4.299999999999999,14.567556157197945,1,
4022,200,0.017917094891628405,45.29999999999998,0.1444972357660445,2.0,0.0,59.0,19.93450479233227,0.2958015267175572,2.2763578274760383,16.500000000000043,4.107188498402559,2.599999999999996,15.16191992344506,2,
4023,200,0.017899186752298794,33.9,0.14449807851910787,2.0,1.0,46.0,20.295154185022028,0.44892473118279574,0.22466960352422907,9.600000000000039,3.9563876651982444,3.449999999999995,7.440292652160266,2,
4024,200,0.017881296512157415,49.749999999999964,0.144500570302196,2.0,0.0,56.0,24.92775041050903,0.32638888888888884,2.5205254515599345,15.800000000000034,5.847947454844011,3.599999999999992,21.012733067299507,1,
4025,200,0.017863424153314034,61.14999999999996,0.1445044321944192,2.0,1.0,50.0,23.64,0.0674157303370786,3.15625,11.300000000000033,4.934000000000013,4.900000000000013,8.053906584229106,0,
4026,200,0.017845569657896316,52.79999999999997,0.14450810712733322,2.0,0.0,55.0,21.966226138032305,0.23039215686274517,1.4537444933920705,14.000000000000034,4.637591776798828,3.699999999999991,12.125309039158257,1,
4027,200,0.017827733008049722,55.37499999999996,0.14451167262607317,2.0,0.0,62.0,21.31486146095718,0.1511976047904191,3.5780856423173804,18.200000000000028,3.612216624685136,2.299999999999999,13.516156828221833,1,
4028,200,0.017809914185937626,44.949999999999996,0.14451272744074362,2.0,0.0,51.0,20.037096774193547,0.2614503816793893,1.2096774193548387,11.800000000000036,4.316774193548392,2.899999999999996,13.413785779879838,2,
4029,200,0.017792113173741214,36.84999999999998,0.1445160955899027,2.0,0.0,56.0,20.61554192229039,0.4528301886792453,2.0920245398773005,15.400000000000038,4.356646216768921,2.6999999999999935,16.58436567413861,2,
4030,200,0.01777432995365944,45.37499999999999,0.14451777190194465,2.0,0.0,51.0,21.237347294938917,0.34055118110236215,0.9860383944153578,11.500000000000025,4.457242582897036,3.2999999999999994,10.033577580955678,2,
4031,200,0.017756564507909123,48.17499999999998,0.1445202722433918,2.0,1.0,55.0,20.50923076923077,0.2607142857142857,2.2615384615384615,13.900000000000047,4.263846153846159,3.299999999999997,13.622002063910296,2,
4032,200,0.017738816818724773,40.04999999999998,0.14452042420758607,2.0,0.0,57.0,22.36774193548387,0.4590909090909091,0.17849462365591398,15.000000000000043,5.3350537634408735,5.400000000000004,13.520145589758862,2,
4033,200,0.017721086868358722,39.124999999999986,0.1445211911907494,2.0,0.0,53.0,21.858064516129033,0.4444444444444444,1.1505376344086022,12.600000000000035,5.029247311827964,5.200000000000003,11.626639225987931,2,
4034,200,0.017703374639081032,46.874999999999986,0.14452377418628376,2.0,0.0,56.0,20.803076923076922,0.24640287769784175,2.4953846153846153,14.400000000000043,4.661692307692315,3.3999999999999972,13.5979031666348,2,
4035,200,0.017685680113179437,44.174999999999976,0.14452447593880408,2.0,0.0,47.0,20.535303776683087,0.29800000000000004,0.9490968801313628,9.900000000000013,3.2124794745484357,2.599999999999991,5.167017471958595,1,
4036,200,0.01766800327295943,48.47499999999999,0.14452374046293637,2.0,0.0,48.0,22.454545454545453,0.24632352941176472,1.3134796238244515,10.100000000000032,4.705172413793115,4.400000000000008,6.978971582854927,1,
4037,200,0.01765034410074419,54.374999999999964,0.14452765000217438,2.0,0.0,47.0,22.593667546174142,0.109375,2.3562005277044853,9.80000000000004,4.743931398416896,5.2000000000000455,6.4229228996646714,1,
4038,200,0.0176327025788745,53.84999999999994,0.1445286621680103,2.0,0.0,56.0,23.62753036437247,0.18251533742331283,2.7827260458839405,15.900000000000036,5.559244264507433,4.100000000000016,20.92293847891029,2,
4039,200,0.017615078689708876,49.29999999999997,0.1445319860369659,2.0,0.0,60.0,20.519718309859154,0.226027397260274,1.8380281690140845,16.80000000000003,3.759014084507045,2.499999999999998,13.798333442438961,1,
4040,200,0.017597472415623393,44.47499999999999,0.14453383445120288,2.0,0.0,47.0,21.170692431561996,0.29400000000000004,1.5732689210950082,9.100000000000037,3.755233494363934,3.0999999999999988,6.926033243439534,2,
4041,200,0.017579883739011794,45.54999999999999,0.14453546041996346,2.0,0.0,45.0,21.10126582278481,0.2618110236220472,1.9667721518987342,7.90000000000005,3.836075949367096,3.7500000000000018,4.718267300581144,1,
4042,200,0.017562312642285412,47.59999999999997,0.14453928214390635,2.0,1.0,61.0,22.182634730538922,0.2674825174825175,2.8323353293413174,17.400000000000006,4.73143712574851,3.3000000000000336,19.643277285124324,1,
4043,200,0.01754475910787312,47.64999999999999,0.14453982449782582,2.0,1.0,51.0,20.660347551342813,0.28383458646616544,1.161137440758294,11.700000000000022,3.5816745655608218,2.899999999999997,8.417125943377423,1,
4044,200,0.0175272231182214,52.97499999999998,0.14454232882444495,2.0,1.0,55.0,21.918956043956044,0.1891025641025641,3.396978021978022,14.600000000000035,4.534340659340664,2.6999999999999984,16.82050080851658,1,
4045,200,0.017509704655794274,55.02499999999995,0.144542988820283,2.0,0.0,52.0,22.84300791556728,0.14393939393939403,3.048812664907652,12.400000000000027,4.893535620052778,3.9999999999999973,12.213897675276762,1,
4046,200,0.017492203703073247,33.12499999999997,0.14454392242769135,2.0,0.0,60.0,21.548837209302327,0.546875,0.6906976744186046,16.900000000000023,4.32511627906977,1.899999999999995,24.154755623340385,2,
4047,200,0.017474720242557397,33.79999999999998,0.14454550648169937,2.0,1.0,56.0,20.777522935779817,0.5180412371134021,0.4380733944954128,14.600000000000032,3.9662844036697273,2.4999999999999973,13.80345422025836,2,
4048,200,0.01745725425676323,39.3,0.14454754650500967,2.0,0.0,50.0,19.715976331360945,0.39814814814814814,0.3668639053254438,10.80000000000004,3.9871794871794917,3.0999999999999943,10.487943496934486,2,
4049,200,0.017439805728224775,46.84999999999997,0.1445507793365569,2.0,0.0,58.0,21.87375415282392,0.3152173913043478,1.9667774086378738,15.600000000000042,5.28255813953489,3.5999999999999974,19.24109438939534,2,
4050,200,0.017422374639493515,45.44999999999998,0.1445532911087431,2.0,0.0,53.0,20.753488372093024,0.2765151515151515,3.3054263565891473,12.900000000000041,3.742945736434112,2.0999999999999974,13.225954896832949,1,
4051,200,0.01740496097313833,54.82499999999999,0.14455635994751836,2.0,1.0,51.0,21.065096952908586,0.1748366013071896,2.155124653739612,11.400000000000022,4.048060941828262,3.699999999999994,7.078825609122131,1,
4052,200,0.017387564711745573,45.424999999999976,0.14455683003461403,2.0,0.0,45.0,20.431643625192013,0.2265625,1.2749615975422428,9.300000000000022,3.5927803379416323,3.2999999999999963,5.50664289759324,1,
4053,200,0.017370185837918987,43.37499999999999,0.1445569113096668,2.0,0.0,55.0,22.280808080808082,0.41806722689075626,0.43232323232323233,14.00000000000003,5.440202020202028,4.799999999999999,16.18647006007583,2,
4054,200,0.017352824334279676,36.82499999999999,0.14455756260772284,2.0,0.0,49.0,21.36697247706422,0.475,0.5045871559633027,10.200000000000019,4.319954128440372,4.1999999999999975,9.057149477892683,2,
4055,200,0.01733548018346616,35.475,0.14455694212746936,2.0,0.0,47.0,18.422268907563026,0.41326530612244894,0.6995798319327731,9.100000000000023,3.096638655462185,2.5999999999999908,4.048451947478779,2,
4056,200,0.017318153368134255,52.64999999999997,0.14456063409255052,2.0,0.0,51.0,23.107042253521126,0.1613924050632911,3.2859154929577463,12.20000000000004,5.311408450704238,5.7000000000000055,12.091485382831628,1,
4057,200,0.01730084387095716,56.47499999999998,0.14456235972954817,2.0,1.0,53.0,21.77061855670103,0.12730061349693256,3.0489690721649483,12.700000000000045,4.0845360824742345,3.0999999999999908,8.518280167725408,1,
4058,200,0.017283551674625395,35.15,0.14456135648003904,2.0,0.0,45.0,19.660297239915074,0.4149484536082474,1.0,8.100000000000017,3.7836518046709195,4.499999999999998,4.564827623512475,2,
4059,200,0.01726627676184673,35.4,0.14456096052106138,1.0,1.0,43.0,16.408997955010225,0.40625,0.1492842535787321,6.700000000000003,1.8327198364008153,1.2,2.2404111743057866,2,
4060,200,0.017249019115346265,54.82499999999997,0.1445645842108901,2.0,0.0,55.0,22.08445040214477,0.17500000000000004,3.1005361930294906,13.800000000000049,4.529088471849874,3.0499999999999954,13.61082711157841,1,
4061,200,0.017231778717866367,49.84999999999996,0.1445667828900952,2.0,0.0,54.0,21.96798780487805,0.27068965517241383,2.076219512195122,14.000000000000039,4.545426829268297,2.7999999999999927,14.576933691194153,2,
4062,200,0.017214555552166607,42.25,0.1445676851650235,2.0,0.0,53.0,21.772455089820358,0.39406779661016944,1.1417165668662674,12.700000000000035,5.29421157684632,5.600000000000009,12.38410764940248,2,
4063,200,0.017197349601023853,50.74999999999998,0.14456913622033096,2.0,0.0,54.0,20.251758087201125,0.20608108108108114,2.388185654008439,13.500000000000023,3.654992967651196,2.499999999999997,10.68182109511001,2,
4064,200,0.017180160847232114,59.39999999999996,0.14457097084924214,2.0,0.0,52.0,23.23896103896104,0.1242690058479532,2.9064935064935065,12.100000000000025,5.024545454545465,5.3000000000000025,10.967532901893982,1,
4065,200,0.017162989273602654,51.449999999999974,0.14457222653560908,2.0,0.0,53.0,22.802395209580837,0.2226027397260273,1.18562874251497,13.200000000000038,5.103293413173664,5.000000000000013,9.093153244005865,1,
4066,158,0.017145834862963918,12.324999999999985,0.1445745338974956,10.0,0.0,25.0,10.48828125,0,0.23046875,4.599999999999997,1.5425781249999988,0.9000000000000001,1.8271602960250224,4,
4067,200,0.017128697598161453,42.099999999999994,0.14457379426099254,2.0,0.0,50.0,19.397085610200364,0.36111111111111116,1.4061930783242258,10.900000000000022,3.5701275045537386,2.6999999999999966,7.700517518248218,2,
4068,200,0.017111577462058016,52.399999999999984,0.14457584375724003,1.0,0.0,53.0,21.556818181818183,0.1895973154362416,2.1818181818181817,13.000000000000034,4.393181818181823,3.9999999999999987,8.007299214107773,1,
4069,200,0.01709447443753348,46.2,0.14457914934765553,2.0,0.0,46.0,21.926108374384235,0.30200000000000005,0.8045977011494253,9.100000000000046,4.046962233169134,3.399999999999995,6.3702255176877225,1,
4070,200,0.017077388507484793,53.39999999999995,0.14458204447215517,2.0,0.0,65.0,22.06675062972292,0.15963855421686746,3.9798488664987404,19.800000000000022,4.063350125944587,2.6999999999999957,17.487412485030266,1,
4071,200,0.017060319654826052,57.87499999999997,0.14458404133423935,2.0,0.0,50.0,22.125,0.0803571428571428,3.81875,11.200000000000038,4.025000000000005,2.8999999999999955,8.933288958264077,0,
4072,200,0.017043267862488373,49.599999999999994,0.14458514007602918,2.0,0.0,48.0,22.520525451559934,0.2833333333333333,0.6420361247947455,9.900000000000032,4.403612479474552,3.7999999999999976,7.8761329810181735,1,
4073,200,0.017026233113419977,56.17499999999995,0.14458789318060425,2.0,0.0,48.0,22.525,0.07515337423312873,1.7825,11.000000000000021,4.265000000000005,3.700000000000001,7.979287467636723,0,
4074,200,0.017009215390586124,51.64999999999999,0.14458916425387344,2.0,1.0,49.0,21.142857142857142,0.16216216216216206,1.7802197802197801,11.300000000000034,4.068681318681325,3.6000000000000005,9.419806144725452,1,
4075,200,0.016992214676969066,52.999999999999986,0.14459281226499462,2.0,0.0,57.0,19.346753246753245,0.15066225165562908,2.307792207792208,15.000000000000016,2.6892207792207765,1.6999999999999953,9.799445790935739,1,
4076,200,0.016975230955568105,44.54999999999999,0.14459285067268077,3.0,0.0,54.0,18.06774193548387,0.262,1.5612903225806452,13.40000000000004,3.187419354838713,2.1999999999999957,8.558993025476196,2,
4077,200,0.016958264209399526,45.249999999999986,0.14459522670207323,2.0,0.0,55.0,22.070546737213405,0.3615384615384616,1.439153439153439,14.500000000000021,4.880599647266314,3.3999999999999977,15.071557632011203,2,
4078,200,0.016941314421496552,49.249999999999964,0.14459630178725372,2.0,0.0,52.0,21.720893141945773,0.2785714285714286,0.9298245614035088,12.30000000000002,4.155183413078154,3.799999999999996,7.26986004558314,1,
4079,200,0.01692438157490943,50.974999999999994,0.14459924121144013,2.0,0.0,53.0,20.04297994269341,0.20517241379310347,1.6103151862464182,12.700000000000045,3.7600286532951315,2.399999999999997,10.753682243336012,2,
4080,200,0.01690746565270528,45.27499999999996,0.1446005463632053,2.0,0.0,52.0,23.088669950738915,0.3192307692307692,1.0673234811165846,12.100000000000044,4.744499178981947,4.199999999999998,8.366925798101875,1,
4081,200,0.016890566637968184,43.77499999999998,0.144603218016309,3.0,1.0,55.0,22.82695810564663,0.374,1.48816029143898,13.900000000000045,5.628051001821503,5.000000000000005,15.798281950895921,2,
4082,200,0.016873684513799156,48.62499999999999,0.14460697735524844,2.0,1.0,51.0,20.394101876675602,0.15140845070422526,2.96112600536193,12.300000000000033,3.514879356568366,2.599999999999999,9.037985193570773,1,
4083,200,0.01685681926331603,46.62499999999999,0.14460957566592741,2.0,0.0,49.0,20.792663476874004,0.26937984496124034,0.6331738437001595,10.200000000000035,3.598245614035088,3.199999999999992,4.636069320933676,1,
4084,200,0.01683997086965357,46.099999999999994,0.14461226681104705,2.0,0.0,48.0,19.78548387096774,0.265625,1.570967741935484,9.80000000000004,3.933548387096778,2.5999999999999943,8.942349381762236,2,
4085,200,0.016823139315963402,38.94999999999996,0.14461474108322267,3.0,0.0,59.0,21.105982905982906,0.36764705882352944,1.452991452991453,16.500000000000032,4.123760683760685,2.1999999999999953,19.639646664173267,3,
4086,200,0.016806324585413937,51.499999999999986,0.14461965068531724,2.0,0.0,55.0,21.389204545454547,0.21333333333333337,2.7301136363636362,14.900000000000041,4.292613636363641,2.3,17.29924170979499,1,
4087,200,0.01678952666119047,50.67499999999998,0.1446223867229431,2.0,0.0,47.0,21.02769230769231,0.21739130434782616,0.7569230769230769,9.300000000000024,3.943538461538468,4.300000000000012,5.595979185749592,1,
4088,200,0.016772745526495048,34.27499999999999,0.1446235754168878,2.0,0.0,61.0,22.21330275229358,0.5459183673469388,1.2958715596330275,17.40000000000003,4.811238532110097,2.7999999999999954,20.806703332544366,2,
4089,200,0.016755981164546553,31.474999999999984,0.14462644994342286,3.0,0.0,56.0,21.85348837209302,0.5412087912087912,1.2465116279069768,14.700000000000033,4.507906976744188,2.599999999999996,16.95872687250887,2,
4090,200,0.016739233558580632,53.44999999999996,0.14463066194719149,2.0,1.0,50.0,20.85677749360614,0.120253164556962,3.4641943734015346,11.000000000000034,3.473529411764707,1.999999999999998,9.902218313947362,1,
4091,200,0.01672250269184965,25.549999999999994,0.1446308559023173,4.0,0.0,56.0,21.207492795389047,0.6052631578947368,1.685878962536023,15.40000000000004,5.663976945244966,3.6999999999999984,28.82634808318398,3,
4092,200,0.016705788547622755,51.07499999999999,0.14463316613051125,2.0,0.0,48.0,19.736389684813755,0.1975524475524475,2.173352435530086,10.200000000000014,3.307879656160461,2.0999999999999983,8.570399628081148,1,
4093,200,0.016689091109185813,35.37499999999998,0.14463419427504604,2.0,0.0,59.0,20.616326530612245,0.4547619047619048,1.9714285714285715,16.700000000000014,4.514285714285716,2.3999999999999986,24.143774026547465,2,
4094,200,0.016672410359841357,39.45,0.14463602940343467,1.0,0.0,42.0,17.696517412935325,0.2967289719626168,0.03316749585406302,6.100000000000007,1.7852404643449384,1.4999999999999947,1.7156243536995899,2,
4095,200,0.016655746282908664,35.77499999999999,0.14463533448346186,2.0,1.0,50.0,24.77358490566038,0.5025773195876289,0.03773584905660377,10.800000000000036,6.144575471698125,6.700000000000006,10.46234009178146,2,
4096,200,0.016639098861723624,58.424999999999955,0.14463846318924095,2.0,0.0,56.0,24.620111731843576,0.1637931034482758,2.7695530726256985,14.50000000000004,6.202513966480457,6.800000000000006,15.14222992070701,1,
4097,200,0.01662246807963884,60.12499999999998,0.14464375639628782,1.0,0.0,53.0,22.4325,0.0814285714285714,3.13875,13.10000000000004,4.209500000000003,3.4999999999999973,7.364821257533274,0,
4098,200,0.01660585392002353,40.649999999999984,0.1446475000332979,3.0,0.0,62.0,21.623036649214658,0.3882113821138211,2.8359511343804535,18.10000000000002,4.688656195462483,2.5999999999999917,23.715458383080442,2,
4099,200,0.01658925636626351,31.199999999999985,0.14464945443659252,2.0,0.0,47.0,19.823394495412845,0.49431818181818177,0.37844036697247707,9.000000000000037,3.3938073394495443,2.9999999999999893,4.559825087456314,2,
4100,200,0.016572675401761255,43.34999999999999,0.1446535636062787,3.0,0.0,61.0,19.48259493670886,0.26538461538461533,2.1455696202531644,17.50000000000002,4.118037974683551,2.0999999999999988,20.8241571466842,3,
4101,200,0.016556111009935766,54.37499999999998,0.14465632341296925,2.0,0.0,52.0,20.907042253521126,0.19444444444444442,1.0507042253521126,12.100000000000039,3.9914084507042316,2.2,11.348836022289353,1,
4102,200,0.016539563174222668,51.675,0.1446578287847723,2.0,1.0,54.0,21.458456973293767,0.2168874172185431,2.591988130563798,13.300000000000027,4.904302670623153,2.599999999999999,17.643774035551246,2,
4103,200,0.016523031878074135,44.874999999999986,0.14465835527084436,2.0,0.0,60.0,22.112769485903815,0.35687022900763354,1.5306799336650083,16.90000000000002,4.434991708126037,3.2999999999999967,14.882348848210205,2,
4104,200,0.016506517104958845,46.775,0.1446601616456125,2.0,0.0,47.0,18.235905044510385,0.2112403100775193,1.2299703264094954,9.100000000000021,2.383234421364985,1.8999999999999995,3.5368928732596014,1,
4105,200,0.016490018838362035,45.62499999999998,0.14466115857974704,1.0,0.0,44.0,20.346341463414635,0.26574803149606296,0.32682926829268294,8.000000000000014,3.183577235772356,2.999999999999997,3.557772219637048,1,
4106,200,0.01647353706178545,53.02499999999998,0.14466466045363147,2.0,0.0,49.0,20.01098901098901,0.16999999999999993,1.4368131868131868,10.400000000000038,3.4439560439560473,2.0999999999999988,7.976489510040936,2,
4107,200,0.016457071758747287,45.47499999999997,0.14466657016055579,2.0,0.0,51.0,21.31527093596059,0.3046875,0.4072249589490969,12.300000000000015,3.6804597701149477,3.500000000000026,7.3787021138913085,1,
4108,200,0.01644062291278227,55.89999999999996,0.14467144316444586,2.0,1.0,54.0,21.8925,0.10542168674698793,3.21375,14.600000000000035,3.885499999999999,2.999999999999993,9.660904845163886,0,
4109,200,0.016424190507441518,50.42499999999997,0.1446720205669822,2.0,0.0,53.0,24.103448275862068,0.30281690140845074,1.3333333333333333,12.700000000000037,5.353366174055834,4.299999999999999,11.953259814495327,1,
4110,200,0.016407774526292645,39.099999999999994,0.14467214832984834,2.0,0.0,51.0,19.73706004140787,0.43224299065420557,0.36645962732919257,11.600000000000016,3.808902691511387,3.099999999999997,9.011657093378163,2,
4111,200,0.016391374952919677,50.02499999999997,0.14467415134342482,1.0,0.0,55.0,21.588323353293415,0.2432432432432432,1.312874251497006,14.400000000000041,4.8329341317365335,2.8999999999999977,15.259698043355103,2,
4112,200,0.01637499177092302,44.52499999999998,0.1446771222642007,2.0,1.0,51.0,20.180781758957654,0.2936507936507936,0.9169381107491856,11.400000000000045,3.9500000000000046,3.2999999999999945,8.43841814878188,2,
4113,200,0.01635862496391949,49.52499999999996,0.14467957423896946,2.0,0.0,56.0,24.924466338259442,0.31338028169014087,1.0558292282430213,14.500000000000034,5.84597701149426,4.900000000000005,12.548855910267529,1,
4114,200,0.016342274515542307,46.92499999999998,0.144681635105362,2.0,0.0,51.0,20.435406698564595,0.2796296296296297,2.0159489633173844,11.70000000000003,4.068102073365235,2.2999999999999963,12.06156503734159,2,
4115,200,0.016325940409440985,49.64999999999999,0.14468395362381897,2.0,0.0,54.0,20.261329305135952,0.23571428571428577,0.9622356495468278,13.40000000000004,4.2055891238670755,2.3999999999999977,14.684760578035553,2,
4116,200,0.01630962262928145,55.22499999999998,0.14468704512015318,1.0,0.0,47.0,21.103274559193956,0.07802547770700641,1.8765743073047858,9.800000000000042,3.4852644836272093,3.399999999999997,4.876579012903833,1,
4117,200,0.016293321158745884,27.125,0.1446868245793131,3.0,0.0,51.0,17.831550802139038,0.5263157894736842,0.4732620320855615,11.500000000000032,3.9307486631016086,2.3999999999999986,10.953116782841885,3,
4118,200,0.016277035981532836,47.149999999999984,0.14468939173582354,2.0,0.0,45.0,20.366174055829227,0.25763358778625955,0.22167487684729065,7.8000000000000105,3.1110016420361237,2.799999999999994,3.976786238136333,1,
4119,200,0.016260767081357142,45.64999999999999,0.14469055828991922,2.0,0.0,54.0,20.784832451499117,0.35546875,0.890652557319224,13.300000000000027,4.247795414462088,3.6000000000000147,11.970151420892917,2,
4120,200,0.01624451444194987,38.69999999999996,0.14469423759720673,2.0,0.0,49.0,21.13157894736842,0.3141025641025641,1.6266447368421053,11.700000000000026,3.910526315789477,3.099999999999998,9.52030968747214,2,
4121,200,0.016228278047058394,36.82499999999999,0.14469414869491296,2.0,1.0,51.0,23.411627906976744,0.49257425742574257,0.5372093023255814,11.500000000000043,5.4344186046511735,5.300000000000004,8.743560322121878,2,
4122,200,0.016212057880446332,44.899999999999984,0.14469672708590278,2.0,0.0,56.0,22.651785714285715,0.32633587786259544,1.0964285714285715,14.600000000000044,6.055357142857154,5.250000000000005,21.330646462520722,2,
4123,200,0.016195853925893487,33.27499999999999,0.14469779789714435,2.0,1.0,45.0,19.353211009174313,0.4833333333333333,0.01834862385321101,8.000000000000021,3.0951834862385326,3.1999999999999953,4.526674925695064,2,
4124,200,0.01617966616719593,59.04999999999997,0.14469751333839004,2.0,0.0,50.0,21.74625,0.08136094674556205,2.60125,11.300000000000034,3.7977500000000015,2.999999999999999,7.01980590594678,0,
4125,200,0.016163494588165874,47.675,0.1446992890057925,2.0,1.0,54.0,20.61935483870968,0.27611940298507465,1.4967741935483871,13.400000000000043,4.62548387096775,4.000000000000002,11.905091220320642,2,
4126,200,0.016147339172631756,49.47499999999998,0.14469968011936848,2.0,0.0,54.0,22.9064039408867,0.3266423357664233,0.42528735632183906,13.200000000000037,4.635139573070615,3.3999999999999977,12.654168787748137,1,
4127,200,0.01613119990443817,35.474999999999994,0.14470086087339598,1.0,1.0,41.0,17.508,0.35416666666666663,0.248,5.8999999999999995,2.7547999999999977,2.6999999999999957,2.255445981783926,2,
4128,200,0.016115076767445814,33.67499999999999,0.14470262498243114,2.0,0.0,51.0,20.620535714285715,0.48684210526315785,0.6316964285714286,11.700000000000026,4.047544642857146,3.500000000000014,7.862488502912296,2,
4129,200,0.016098969745531575,55.474999999999945,0.1447048620197453,2.0,0.0,54.0,23.75201072386059,0.1621212121212121,2.3498659517426272,14.30000000000004,5.529624664879368,5.200000000000017,14.948492403619046,1,
4130,200,0.016082878822588433,53.19999999999999,0.14470644842570465,2.0,1.0,51.0,20.94034090909091,0.1870860927152318,2.1207386363636362,11.90000000000003,4.023295454545455,2.899999999999997,8.358735550780386,1,
4131,200,0.01606680398252544,48.29999999999998,0.14470642284050694,2.0,0.0,46.0,21.415458937198068,0.25,1.1320450885668276,8.700000000000012,3.902093397745574,3.6000000000000005,5.724954102271584,1,
4132,200,0.016050745209267785,45.84999999999999,0.14470891686983695,2.0,1.0,43.0,21.304065040650407,0.25,2.359349593495935,7.200000000000045,3.758211382113831,4.3000000000000265,3.012879563433341,1,
4133,200,0.01603470248675666,49.49999999999997,0.14470835232694002,2.0,0.0,52.0,22.925501432664756,0.21206896551724141,2.9498567335243555,12.600000000000035,5.221346704871071,5.050000000000011,11.041357811836201,1,
4134,200,0.016018675798949358,43.2,0.1447087756771468,1.0,0.0,46.0,17.658692185007975,0.24583333333333335,1.365231259968102,8.500000000000046,2.7427432216905947,1.6999999999999957,5.222907195620815,2,
4135,200,0.016002665129819207,46.04999999999996,0.144707594741311,2.0,0.0,57.0,23.366174055829227,0.3327067669172933,1.5254515599343186,15.100000000000035,4.911001642036131,3.699999999999998,11.091682269197653,1,
4136,200,0.0159866704633555,43.69999999999997,0.14470779561755773,2.0,1.0,61.0,21.90311986863711,0.3327067669172933,2.6091954022988504,17.499999999999993,5.060755336617407,3.0999999999999948,23.164712791199396,2,
4137,200,0.015970691783563595,48.12499999999997,0.14470932962229474,2.0,1.0,55.0,23.123993558776167,0.3125,1.1867954911433172,14.000000000000044,4.927214170692442,4.300000000000015,11.482171610828825,1,
4138,200,0.015954729074464814,39.349999999999994,0.14470968011911653,2.0,1.0,51.0,21.13304721030043,0.44158878504672894,0.17167381974248927,11.400000000000029,4.581974248927044,3.849999999999997,11.411143929451367,2,
4139,200,0.015938782320096424,46.14999999999998,0.14471295761563124,2.0,0.0,51.0,21.942028985507246,0.3076923076923077,1.038647342995169,12.700000000000028,4.218035426731083,2.7999999999999976,12.556390052899133,2,
4140,200,0.015922851504511698,49.77499999999997,0.14471342845956509,1.0,0.0,56.0,21.593354430379748,0.30281690140845074,1.009493670886076,14.500000000000032,4.285126582278481,2.899999999999994,12.904937672592778,2,
4141,200,0.015906936611779787,45.19999999999999,0.14471651990379933,1.0,0.0,44.0,19.933977455716587,0.25,0.7971014492753623,7.400000000000009,3.0132045088566803,3.1999999999999895,2.0883012654289006,1,
4142,200,0.015891037625985815,50.34999999999999,0.14471811265749973,2.0,0.0,52.0,20.547486033519554,0.18493150684931514,2.4022346368715084,12.800000000000034,3.924860335195531,2.4999999999999973,10.89228030546866,2,
4143,200,0.015875154531230805,43.925,0.14472022985820815,2.0,0.0,49.0,20.643356643356643,0.31854838709677424,0.9842657342657343,10.500000000000028,4.541608391608398,3.4999999999999973,12.15400518975626,2,
4144,200,0.015859287311631637,48.52499999999998,0.14472011411281072,2.0,0.0,54.0,23.209756097560977,0.31204379562043794,1.4032520325203253,14.000000000000032,4.901626016260171,4.099999999999999,16.22586139430611,1,
4145,200,0.0158434359513211,52.74999999999997,0.144723607075709,2.0,0.0,55.0,20.901055408970976,0.1596774193548387,3.150395778364116,14.200000000000035,3.7283641160949856,2.2999999999999954,13.691923792517159,1,
4146,200,0.015827600434447853,30.97499999999997,0.14472408824911542,2.0,0.0,53.0,22.717703349282296,0.5444444444444444,0.6028708133971292,12.700000000000026,4.792344497607662,4.000000000000014,10.473015687688548,2,
4147,200,0.015811780745176342,19.099999999999984,0.1447237822988904,3.0,0.0,49.0,19.354014598540147,0.618421052631579,0.09124087591240876,11.900000000000023,4.72700729927008,3.2499999999999973,16.75066160506168,3,
4148,200,0.01579597686768691,41.37499999999997,0.14472562463548544,2.0,0.0,51.0,20.939837398373985,0.31666666666666665,2.473170731707317,12.600000000000037,3.53967479674797,1.8999999999999986,12.19897848893786,1,
4149,200,0.015780188786175646,33.19999999999997,0.14472677791432229,2.0,0.0,61.0,21.544052863436125,0.5227272727272727,1.8788546255506609,17.500000000000007,4.674008810572689,2.599999999999998,23.81494660747649,3,
4150,200,0.015764416484854486,52.87499999999997,0.14472941385520366,2.0,0.0,62.0,23.53448275862069,0.29666666666666663,2.156739811912226,18.00000000000001,5.353134796238251,4.700000000000001,14.825849480276107,1,
4151,200,0.015748659947951136,52.499999999999964,0.14473266532025242,2.0,0.0,63.0,23.663677130044842,0.27243589743589747,2.6756352765321374,18.600000000000012,5.995216741405093,4.4,19.873295066583346,2,
4152,200,0.015732919159709032,56.24999999999994,0.14473507510282102,2.0,0.0,55.0,22.511335012594458,0.1271929824561404,3.4256926952141056,14.100000000000026,4.330100755667509,2.8999999999999977,15.522002696550858,1,
4153,200,0.015717194104387402,60.09999999999995,0.14473932617614546,2.0,0.0,51.0,23.1675,0.08333333333333326,3.0,11.500000000000046,4.650500000000009,4.20000000000001,8.583813162208147,0,
4154,200,0.015701484766261195,46.699999999999974,0.14474537830618486,2.0,0.0,49.0,21.85528455284553,0.28787878787878785,0.4959349593495935,10.800000000000036,4.0889430894309,3.399999999999996,5.985389504632221,1,
4155,200,0.015685791129621054,50.649999999999984,0.14474892781346352,2.0,0.0,47.0,20.612676056338028,0.18006993006993,2.1154929577464787,10.000000000000039,3.8147887323943728,2.599999999999997,8.554939109182992,1,
4156,200,0.01567011317877336,45.07499999999999,0.14474940066776207,2.0,1.0,47.0,21.68144499178982,0.2943548387096774,0.7044334975369458,9.20000000000004,3.900164203612488,3.900000000000017,2.662552308024185,1,
4157,200,0.01565445089804014,55.12499999999997,0.14475188248349147,1.0,0.0,49.0,22.0725,0.08860759493670889,2.33375,11.100000000000025,3.9935000000000027,3.599999999999996,6.921768565263433,1,
4158,200,0.015638804271759118,52.374999999999986,0.1447552762758651,2.0,0.0,51.0,20.23592493297587,0.1433333333333333,3.482573726541555,11.700000000000038,3.4199731903485264,2.2999999999999927,8.840702748353657,1,
4159,200,0.01562317328428369,44.24999999999996,0.14476013947060234,2.0,0.0,63.0,22.520325203252032,0.3470149253731343,3.299186991869919,18.600000000000005,4.487967479674799,3.0999999999999983,18.74488038834136,1,
4160,200,0.01560755791998283,44.77499999999999,0.14476151657084246,1.0,0.0,44.0,18.32794117647059,0.16666666666666674,1.7838235294117648,7.70000000000003,2.9767647058823536,2.2999999999999954,4.297704709569052,2,
4161,200,0.015591958163241193,43.874999999999986,0.14476478434834314,1.0,0.0,51.0,21.28735632183908,0.3051181102362205,2.4564860426929394,11.600000000000033,3.6637110016420364,2.7999999999999954,6.850080888697194,1,
4162,200,0.015576373998459032,33.72499999999999,0.14476455167102545,2.0,0.0,50.0,19.834381551362682,0.4375,1.0251572327044025,11.700000000000031,3.9480083857442416,2.3,13.595889121339004,2,
4163,200,0.015560805410052154,50.324999999999996,0.14476689162296702,2.0,0.0,41.0,19.22159090909091,0.1376811594202898,1.5028409090909092,6.199999999999993,2.992045454545456,2.799999999999998,2.818067411196204,1,
4164,200,0.015545252382451996,62.449999999999974,0.14476891805150122,2.0,0.0,51.0,22.64,0.07954545454545459,1.91,11.600000000000028,4.334000000000006,4.099999999999994,7.793656177587828,0,
4165,200,0.015529714900105502,53.79999999999997,0.14477035022181867,2.0,1.0,58.0,23.17737430167598,0.21226415094339623,2.863128491620112,15.600000000000039,5.336871508379896,4.1,17.57004347953311,1,
4166,200,0.015514192947475202,46.849999999999966,0.14477345272677777,3.0,0.0,51.0,21.40096618357488,0.3022388059701493,1.3462157809983897,12.000000000000021,3.8933977455716593,2.3999999999999977,9.779997873664604,1,
4167,200,0.015498686509039157,41.349999999999994,0.14477585974292684,2.0,0.0,56.0,21.03187250996016,0.4298245614035088,0.9820717131474104,14.600000000000039,4.625099601593631,3.7999999999999945,12.586710793125555,2,
4168,200,0.015483195569290899,50.79999999999997,0.14477652998163865,2.0,0.0,53.0,23.770334928229666,0.2844827586206896,1.452950558213716,13.300000000000038,5.384848484848497,5.100000000000012,12.50878151645273,1,
4169,200,0.015467720112739499,51.79999999999998,0.1447766768716379,2.0,0.0,53.0,21.52747252747253,0.16776315789473695,2.784340659340659,12.900000000000029,4.299450549450551,3.199999999999993,12.024802606876158,1,
4170,200,0.015452260123909515,48.774999999999984,0.14477842136575939,2.0,0.0,55.0,21.563076923076924,0.2606382978723404,1.916923076923077,13.800000000000043,4.896153846153855,4.000000000000002,12.821323245735588,2,
4171,200,0.01543681558734093,41.14999999999999,0.1447799658968765,1.0,0.0,50.0,20.6775956284153,0.3728070175438597,0.5409836065573771,10.800000000000034,4.078324225865219,4.200000000000026,9.587594757797008,2,
4172,200,0.015421386487589232,31.224999999999984,0.14478030242125944,2.0,0.0,48.0,21.67464114832536,0.5227272727272727,0.01674641148325359,10.100000000000028,4.166507177033494,3.3999999999999932,7.212699415646519,2,
4173,200,0.015405972809225293,47.15,0.14478234292837228,1.0,0.0,50.0,19.976510067114095,0.2848837209302325,0.7533557046979866,10.800000000000047,4.316442953020147,4.600000000000009,9.424085018932281,2,
4174,200,0.015390574536835447,50.47499999999999,0.14478376217024486,1.0,0.0,49.0,20.78134110787172,0.2077464788732395,0.8527696793002916,11.500000000000027,4.185276967930034,2.8999999999999977,11.302416579011753,2,
4175,200,0.015375191655021433,50.949999999999974,0.14478772483994468,2.0,1.0,50.0,20.505361930294907,0.13590604026845643,3.1327077747989276,12.000000000000037,3.581635388739947,2.4999999999999982,8.721729351410183,1,
4176,200,0.015359824148400343,46.14999999999999,0.14478874828673025,2.0,0.0,52.0,22.305410122164048,0.3468992248062015,0.6631762652705061,12.100000000000035,4.954624781849918,4.099999999999999,12.052393155624948,2,
4177,200,0.015344472001604681,62.22499999999996,0.14479122819595844,2.0,0.0,54.0,23.4525,0.09722222222222232,3.18,13.200000000000031,4.821500000000003,4.0,10.793004614069767,0,
4178,200,0.015329135199282314,54.39999999999996,0.1447942027721842,2.0,1.0,53.0,21.16883116883117,0.14130434782608692,2.794805194805195,12.600000000000033,3.810519480519482,2.6999999999999926,9.601269170634518,2,
4179,200,0.015313813726096408,48.04999999999997,0.1447960711932843,2.0,1.0,50.0,22.510569105691058,0.2757352941176471,1.8910569105691057,10.900000000000034,4.482113821138219,4.4999999999999964,5.838915034476966,1,
4180,200,0.015298507566725518,56.24999999999996,0.1447977632685326,2.0,0.0,50.0,22.64375,0.09117647058823519,3.7,12.700000000000026,4.336250000000003,3.0999999999999988,10.86100290781711,0,
4181,200,0.015283216705863457,43.749999999999986,0.1447973949463703,2.0,0.0,58.0,24.327345309381236,0.42741935483870963,0.7784431137724551,15.900000000000036,6.50978043912177,6.500000000000011,19.03413187251007,2,
4182,200,0.015267941128219376,51.09999999999996,0.14479958953149252,2.0,0.0,54.0,22.78072625698324,0.19516129032258056,2.7402234636871508,15.100000000000035,5.098882681564252,3.6999999999999993,18.090397167685982,1,
4183,200,0.015252680818517708,49.59999999999998,0.14480405579767636,2.0,0.0,53.0,21.59264705882353,0.22278911564625847,2.248529411764706,12.70000000000004,4.8085294117647095,2.799999999999998,15.539902032660192,2,
4184,200,0.015237435761498117,47.599999999999994,0.144805816193471,2.0,0.0,42.0,19.3600583090379,0.1742424242424243,2.1574344023323615,6.700000000000026,3.080612244897967,2.6999999999999993,4.027723052731163,1,
4185,200,0.015222205941915557,44.62499999999998,0.14480815467302668,2.0,0.0,55.0,20.68006700167504,0.33984375,0.509212730318258,13.800000000000036,3.8268006700167527,2.1999999999999957,13.244779522345242,2,
4186,200,0.015206991344540219,51.72499999999999,0.14481108730917563,2.0,0.0,57.0,21.961971830985917,0.20454545454545459,2.6267605633802815,15.300000000000047,4.8778873239436695,3.2999999999999963,16.641107421359806,2,
4187,200,0.015191791954157482,45.049999999999976,0.14481210460984303,2.0,0.0,49.0,20.605431309904155,0.2854330708661418,0.6485623003194888,10.300000000000033,3.7851437699680566,3.299999999999998,8.076173703349333,2,
4188,200,0.015176607755567978,59.524999999999956,0.1448119957541562,2.0,0.0,51.0,23.2075,0.09000000000000008,2.4925,11.500000000000034,4.67450000000001,4.700000000000001,8.024612288456762,0,
4189,200,0.01516143873358748,47.05,0.1448138773683655,2.0,0.0,47.0,18.213846153846156,0.21923076923076934,0.7046153846153846,9.300000000000033,3.0527692307692296,2.099999999999997,5.924998662718762,2,
4190,200,0.01514628487304698,41.224999999999994,0.14481382496009845,2.0,1.0,53.0,21.03933747412008,0.4196428571428571,0.2567287784679089,12.600000000000026,4.720703933747415,3.699999999999995,11.855232930969496,2,
4191,200,0.015131146158792626,46.699999999999996,0.14481564065782615,2.0,0.0,46.0,21.266009852216747,0.28200000000000003,0.3579638752052545,8.60000000000004,3.6509031198686426,3.30000000000001,3.1067111734253965,1,
4192,200,0.015116022575685681,50.22499999999997,0.1448181816433083,2.0,0.0,48.0,22.344605475040257,0.25,0.6392914653784219,9.800000000000024,4.4595813204508925,4.600000000000003,6.7764676382118445,1,
4193,200,0.015100914108602571,49.54999999999999,0.14481840761819442,1.0,0.0,51.0,20.858461538461537,0.24637681159420288,2.293846153846154,11.500000000000048,3.842000000000003,2.999999999999991,7.260114722165094,1,
4194,200,0.01508582074243484,47.875,0.14482205100360335,1.0,0.0,48.0,18.913303437967116,0.22709923664122145,1.9506726457399104,9.900000000000029,2.773692077727951,1.799999999999999,6.0340896862990805,1,
4195,200,0.015070742462089098,34.59999999999998,0.14482143507304943,1.0,0.0,48.0,18.744376278118608,0.41666666666666663,0.8282208588957055,9.70000000000002,3.3492842535787335,2.9000000000000057,5.564894948143209,2,
4196,200,0.015055679252487086,56.94999999999999,0.14482499062702436,2.0,1.0,49.0,21.21276595744681,0.12187499999999996,1.434840425531915,10.500000000000037,3.9627659574468153,4.099999999999998,5.839315441297447,1,
4197,200,0.015040631098565566,48.84999999999998,0.144827699738248,2.0,0.0,52.0,21.28909952606635,0.29014598540145986,1.4581358609794628,12.200000000000028,3.9589257503949495,2.3999999999999986,11.750253763526798,1,
4198,200,0.0150255979852764,54.44999999999997,0.14482636882952576,1.0,0.0,54.0,20.83776595744681,0.1655844155844155,0.8218085106382979,13.400000000000038,3.737765957446811,2.099999999999998,12.264712441843876,2,
4199,200,0.015010579897586484,47.69999999999999,0.14482875975223866,2.0,0.0,46.0,21.091787439613526,0.2615384615384615,0.6634460547504025,9.000000000000021,3.7078904991948485,3.1999999999999957,4.217517114407237,1,
4200,200,0.014995576820477703,51.07499999999999,0.14482912452496255,2.0,0.0,46.0,20.29718309859155,0.16549295774647876,1.5845070422535212,10.50000000000003,3.6254929577464825,2.699999999999998,6.885434190506277,1,
4201,200,0.014980588738946993,48.999999999999986,0.1448305715410691,2.0,0.0,56.0,22.682615629984053,0.2964285714285714,1.8548644338118023,14.400000000000027,4.732216905901121,4.199999999999998,8.74440696160033,1,
4202,200,0.014965615638006283,36.675000000000004,0.1448306058095467,2.0,0.0,51.0,22.187782805429865,0.485,0.2986425339366516,11.500000000000025,4.880995475113129,5.000000000000006,9.348691205601929,2,
4203,200,0.014950657502682445,37.52499999999999,0.1448301240179767,1.0,0.0,49.0,22.966887417218544,0.4587378640776699,0.6401766004415012,10.900000000000027,5.477704194260496,5.7000000000000055,10.120766344392099,2,
4204,200,0.014935714318017369,49.02499999999996,0.14483090993433545,2.0,0.0,60.0,20.466763005780347,0.226027397260274,1.7904624277456647,16.80000000000002,4.1485549132948,2.699999999999997,17.194817056235376,2,
4205,200,0.014920786069067842,55.24999999999998,0.14483306939477636,2.0,0.0,55.0,23.23268698060942,0.19099378881987583,3.065096952908587,14.200000000000044,5.348614958448764,4.6500000000000075,14.162331344010928,1,
4206,200,0.014905872740905627,31.099999999999994,0.144833635895872,7.0,0.0,59.0,20.22695035460993,0.5108695652173914,0.8652482269503546,16.500000000000036,5.079669030732866,2.6999999999999993,24.732869087007185,3,
4207,200,0.01489097431861741,48.02499999999999,0.14483491677996185,2.0,0.0,49.0,21.29268292682927,0.28076923076923077,0.3967479674796748,10.300000000000026,3.75138211382114,3.3999999999999937,5.564464021320726,1,
4208,200,0.014876090787304737,55.37499999999997,0.14483579640713493,2.0,1.0,51.0,19.997442455242968,0.10987261146496818,2.415601023017903,11.600000000000033,2.9579283887468026,2.1999999999999935,6.64989047018677,1,
4209,200,0.014861222132084092,54.09999999999994,0.1448369076539886,2.0,1.0,53.0,22.25625,0.08636363636363642,3.78375,13.400000000000032,4.103750000000001,3.399999999999995,9.19795030929742,0,
4210,200,0.014846368338086832,32.6,0.14483656841533016,4.0,0.0,42.0,15.001908396946565,0.23913043478260865,1.6908396946564885,7.300000000000033,2.5244274809160347,1.7999999999999994,3.339148283711223,3,
4211,200,0.014831529390459133,43.024999999999984,0.14483795074682265,2.0,0.0,61.0,20.358288770053477,0.3719512195121951,0.857397504456328,17.6,4.524777183600715,2.4999999999999902,25.951714539908572,2,
4212,200,0.014816705274362072,57.874999999999986,0.1448425442849891,2.0,1.0,54.0,21.305,0.09242424242424252,2.37875,13.400000000000047,3.5330000000000044,2.4999999999999956,7.122822129409642,0,
4213,200,0.01480189597497151,45.124999999999986,0.1448440273395344,2.0,0.0,44.0,21.413793103448278,0.27419354838709675,0.3415435139573071,7.500000000000025,3.739573070607554,3.599999999999996,3.022235224331339,1,
4214,200,0.014787101477478155,50.77499999999996,0.14484462633249642,2.0,0.0,55.0,23.086206896551722,0.2775862068965518,0.7288401253918495,13.800000000000036,5.084169278996875,4.800000000000027,9.947657839589484,1,
4215,200,0.014772321767087523,58.12499999999998,0.14484764289495547,1.0,0.0,54.0,21.1275,0.11969696969696964,2.1075,13.300000000000034,3.4265000000000017,1.9999999999999971,9.553162676816736,1,
4216,200,0.014757556829019875,56.12499999999997,0.14484928535690594,2.0,0.0,52.0,21.301546391752577,0.1358024691358024,2.588917525773196,12.300000000000033,3.817010309278352,2.4999999999999947,11.36560581226394,2,
4217,200,0.014742806648510288,45.77499999999999,0.14485146022068235,2.0,1.0,48.0,19.08931419457735,0.2775590551181102,0.9521531100478469,9.600000000000017,3.0212121212121197,2.699999999999998,5.3276816202356585,2,
4218,200,0.014728071210808588,41.175,0.1448576464350509,2.0,0.0,42.0,19.513821138211384,0.2765486725663717,0.7154471544715447,6.500000000000009,2.684065040650404,2.4999999999999964,2.1970201785185552,1,
4219,200,0.014713350501179315,61.02499999999997,0.1448619809061297,2.0,0.0,53.0,22.8725,0.09000000000000008,2.09625,12.900000000000043,4.473500000000004,3.899999999999996,8.6534612710333,0,
4220,200,0.014698644504901784,49.22499999999998,0.14486381433652643,2.0,0.0,56.0,22.75465838509317,0.26712328767123283,1.9751552795031055,14.800000000000043,5.679192546583862,4.95,18.92181764259118,2,
4221,200,0.014683953207269966,44.67499999999997,0.14486485514971095,2.0,0.0,49.0,22.36318407960199,0.3003875968992248,1.7960199004975124,10.80000000000004,5.178275290215597,4.199999999999998,13.229697091373213,2,
4222,200,0.014669276593592582,44.074999999999974,0.1448658258593913,2.0,0.0,57.0,22.532663316582916,0.34541984732824427,2.9681742043551087,15.400000000000036,4.938358458961481,3.299999999999997,16.398289881259767,2,
4223,200,0.014654614649193026,56.87499999999995,0.1448661709107838,2.0,0.0,56.0,23.18831168831169,0.1470588235294117,4.332467532467533,15.200000000000026,4.994155844155848,3.499999999999994,16.077460494957908,1,
4224,200,0.014639967359409327,23.9,0.14486606775759567,2.0,0.0,55.0,19.256849315068493,0.5909090909090909,0.1541095890410959,14.200000000000028,4.968835616438361,2.9499999999999957,19.647101673645153,3,
4225,200,0.014625334709594222,52.52499999999998,0.1448675220066116,1.0,0.0,48.0,20.723463687150836,0.16095890410958913,0.8449720670391061,9.900000000000034,3.8645251396648104,4.000000000000003,5.768668987915891,1,
4226,200,0.01461071668511503,39.04999999999997,0.1448697558697844,2.0,0.0,56.0,20.696517412935325,0.34243697478991597,1.6434494195688225,14.700000000000038,3.7633499170812628,1.999999999999997,16.33576637477733,3,
4227,200,0.014596113271353742,48.849999999999994,0.1448724740685374,2.0,0.0,50.0,20.572307692307692,0.26111111111111107,0.8923076923076924,11.000000000000034,3.6703076923076945,2.2999999999999954,10.077434526472304,1,
4228,200,0.014581524453706954,58.82499999999999,0.14487268363662562,2.0,0.0,48.0,20.3675,0.0690184049079754,2.3925,10.100000000000016,2.970499999999997,2.3999999999999955,4.952637488496083,0,
4229,200,0.014566950217585823,43.825,0.14487468452186658,2.0,0.0,49.0,21.19400352733686,0.3458333333333333,0.6172839506172839,10.500000000000044,4.354673721340396,4.6,9.153370825660753,2,
4230,200,0.014552390548416123,44.59999999999999,0.14487613386370565,2.0,0.0,49.0,18.36682615629984,0.2701612903225806,1.2854864433811801,10.800000000000027,2.9293460925039883,1.799999999999999,8.496927565576637,2,
4231,200,0.014537845431638196,27.875,0.14487624216417566,3.0,0.0,50.0,14.863861386138614,0.42500000000000004,1.2004950495049505,10.900000000000018,2.8316831683168315,1.499999999999999,8.210383114297114,3,
4232,200,0.0145233148527069,48.32499999999999,0.1448771669478868,2.0,0.0,47.0,19.696374622356494,0.22777777777777786,1.1873111782477341,9.30000000000001,3.21404833836858,2.3999999999999924,5.811341584463437,1,
4233,200,0.01450879879709168,51.14999999999998,0.14487871460882937,2.0,0.0,55.0,21.217868338557995,0.27097902097902093,1.3887147335423198,14.900000000000023,3.9631661442006285,2.8999999999999986,12.085679227993154,1,
4234,200,0.014494297250276454,63.499999999999986,0.14488126977629953,2.0,0.0,53.0,22.96,0.0814606741573034,2.8225,12.900000000000034,4.526000000000003,3.6999999999999913,7.562235815993523,0,
4235,200,0.014479810197759686,54.74999999999997,0.1448846003320397,2.0,0.0,69.0,22.20212765957447,0.21646341463414642,3.3430851063829787,22.29999999999997,4.556382978723403,2.0999999999999988,29.6846926011003,2,
4236,200,0.014465337625054335,54.050000000000004,0.14488519905015673,1.0,0.0,53.0,20.555858310626704,0.16666666666666674,1.5272479564032697,13.000000000000043,3.685967302452318,2.5499999999999945,10.705313417044925,1,
4237,200,0.0144508795176878,37.12499999999999,0.14488643408125018,2.0,0.0,47.0,20.394628099173552,0.4034653465346535,0.15289256198347106,10.300000000000033,4.356404958677693,4.099999999999994,7.912534076113696,2,
4238,200,0.014436435861201989,48.59999999999998,0.1448865592140331,2.0,0.0,48.0,22.904991948470208,0.25735294117647056,1.5136876006441224,10.300000000000034,4.795813204508863,5.000000000000003,6.842480085053471,1,
4239,200,0.014422006641153255,62.449999999999974,0.14488693889192805,2.0,0.0,54.0,24.16,0.08055555555555549,3.385,13.200000000000037,5.246000000000012,5.000000000000007,12.118702935473424,0,
4240,200,0.01440759184311235,42.22499999999994,0.14488904971986966,2.0,0.0,59.0,24.2390243902439,0.332089552238806,3.4390243902439024,16.200000000000042,5.519186991869925,4.099999999999998,20.947069355725805,1,
4241,200,0.014393191452664503,49.89999999999996,0.14489096283294292,2.0,0.0,58.0,22.848396501457724,0.2466887417218544,2.10932944606414,15.900000000000047,5.268075801749275,3.0999999999999974,21.125949935719788,2,
4242,200,0.014378805455409293,55.85,0.1448906102180759,1.0,0.0,45.0,20.85904255319149,0.11038961038961048,1.6595744680851063,8.000000000000043,3.750531914893624,3.8999999999999986,4.91612543169537,1,
4243,200,0.01436443383696074,57.29999999999996,0.14489229331388964,2.0,0.0,50.0,22.7625,0.07440476190476186,3.75625,11.500000000000043,4.407500000000006,3.8000000000000007,7.514005490633645,0,
4244,200,0.01435007658294723,51.97499999999998,0.14489192019671926,2.0,0.0,59.0,21.937685459940653,0.2633333333333333,2.4421364985163203,16.600000000000033,4.604302670623151,2.6999999999999993,16.447510274613485,1,
4245,200,0.01433573367901149,37.875,0.1448932514109342,2.0,0.0,53.0,18.173489278752438,0.410377358490566,1.7875243664717348,12.700000000000037,3.0651072124756378,1.9999999999999982,9.243827365029237,2,
4246,200,0.01432140511081062,41.89999999999999,0.14489418242446495,2.0,0.0,54.0,22.274161735700197,0.41239316239316237,0.8915187376725838,14.200000000000031,5.368244575936894,4.799999999999998,17.529414817466083,2,
4247,200,0.014307090864016068,47.74999999999998,0.1448946086366918,2.0,0.0,52.0,22.60064412238325,0.2944444444444444,2.0177133655394526,12.200000000000031,4.61320450885669,3.7999999999999967,10.286068094596066,1,
4248,200,0.014292790924313561,48.89999999999998,0.1448963508965811,2.0,0.0,54.0,21.74294670846395,0.289568345323741,1.5438871473354232,14.600000000000026,4.278213166144203,2.699999999999998,13.593336158587727,1,
4249,200,0.01427850527740318,50.34999999999998,0.14489843011801282,2.0,0.0,49.0,22.3444976076555,0.25,0.7017543859649122,10.300000000000038,4.529346092503994,4.200000000000015,7.432491046173302,1,
4250,200,0.014264233908999256,51.52499999999999,0.1448988119886959,2.0,0.0,58.0,23.17241379310345,0.2764900662251656,2.54858934169279,15.90000000000004,5.993573667711604,4.449999999999999,25.40702739022671,2,
4251,200,0.014249976804830427,55.29999999999997,0.14489984387308164,2.0,0.0,52.0,21.845646437994723,0.1568322981366459,2.7849604221635884,12.200000000000026,4.29511873350924,2.599999999999992,14.229697509237543,2,
4252,200,0.014235733950639606,52.99999999999998,0.14490340281790554,2.0,1.0,51.0,22.318862275449103,0.22619047619047628,0.6137724550898204,11.800000000000043,4.813173652694619,4.1,10.596227446814796,1,
4253,200,0.014221505332183906,49.79999999999997,0.1449034304429834,2.0,0.0,54.0,22.49546827794562,0.25,1.9395770392749245,13.600000000000028,5.30679758308158,4.049999999999999,16.312604308568627,2,
4254,200,0.014207290935234726,52.89999999999998,0.1449045192394392,2.0,0.0,52.0,21.303468208092486,0.19932432432432434,2.3222543352601157,13.20000000000004,4.250000000000004,3.499999999999993,9.492577626586378,1,
4255,200,0.014193090745577676,51.77499999999999,0.14490772170445704,2.0,0.0,49.0,20.58450704225352,0.17229729729729737,3.12112676056338,10.500000000000039,3.7978873239436677,3.1500000000000252,7.140840688039499,1,
4256,200,0.014178904749012544,54.849999999999994,0.14491080094201858,2.0,1.0,46.0,19.80586592178771,0.1433333333333333,1.4860335195530727,8.700000000000022,3.3139664804469278,3.2999999999999927,3.428889838195291,1,
4257,200,0.014164732931353353,49.55,0.14491320380570002,1.0,0.0,45.0,19.8595166163142,0.19852941176470584,0.8806646525679759,8.100000000000014,3.311933534743202,3.299999999999999,3.75066675337656,1,
4258,200,0.014150575278428262,47.69999999999999,0.14491332848869812,1.0,0.0,51.0,22.04433497536946,0.30681818181818177,1.5172413793103448,12.200000000000044,4.1178981937602686,2.999999999999993,9.884057700604048,1,
4259,200,0.014136431776079627,38.3,0.14491290740347587,1.0,0.0,49.0,19.61853448275862,0.4326923076923077,0.1939655172413793,10.400000000000015,3.6719827586206883,3.0999999999999948,7.149506862676812,2,
4260,200,0.014122302410163962,46.049999999999976,0.14491529725842323,2.0,0.0,53.0,23.202321724709783,0.33333333333333337,0.6981757877280266,13.70000000000003,4.9106135986733035,2.699999999999999,16.428423412026234,2,
4261,200,0.014108187166551869,38.625,0.14491496474610788,2.0,0.0,49.0,19.917004048582996,0.3942307692307693,0.1862348178137652,10.500000000000027,4.154048582995956,3.7499999999999947,7.779600508123873,2,
4262,200,0.01409408603112812,58.22499999999995,0.14491648639935237,2.0,0.0,58.0,21.705,0.0979532163742689,2.96875,15.700000000000035,3.7729999999999992,2.5999999999999917,11.066838291934886,0,
4263,200,0.014079998989791587,52.12499999999997,0.14491581207502857,2.0,1.0,60.0,25.334959349593497,0.30102040816326525,2.065040650406504,16.800000000000043,6.17674796747969,6.300000000000009,12.617037416980489,1,
4264,200,0.014065926028455206,39.47499999999998,0.14491793390846452,2.0,0.0,56.0,18.64373897707231,0.35526315789473684,0.9329805996472663,14.600000000000044,3.4657848324515035,2.499999999999994,11.80563853083172,2,
4265,200,0.014051867133046037,57.174999999999955,0.1449202155706244,2.0,0.0,54.0,22.8025,0.11206896551724133,3.73125,13.600000000000037,4.431500000000005,2.5999999999999903,12.981628033793887,0,
4266,200,0.014037822289505161,47.62499999999997,0.14492053120870005,2.0,0.0,49.0,23.942528735632184,0.29887218045112784,0.3694581280788177,12.50000000000003,5.256814449917908,4.3000000000000025,9.782808347713615,1,
4267,200,0.014023791483787743,46.27499999999999,0.14492143537963065,2.0,0.0,56.0,20.32747603833866,0.29166666666666663,1.1549520766773163,14.400000000000038,4.193450479233231,3.5999999999999943,11.328564287081404,2,
4268,200,0.01400977470186299,39.574999999999996,0.1449218480107783,1.0,0.0,46.0,18.771626297577853,0.32798165137614677,1.2750865051903115,8.70000000000004,2.8984429065743975,2.0999999999999996,5.383421993935683,2,
4269,200,0.013995771929714095,49.14999999999998,0.14492221112042644,2.0,1.0,53.0,22.90731707317073,0.30474452554744524,1.2016260162601626,12.700000000000045,4.7201626016260185,3.599999999999994,11.631949426794788,1,
4270,200,0.013981783153338296,46.04999999999998,0.14492151808500534,2.0,0.0,46.0,21.588617886178863,0.26953125,1.416260162601626,8.600000000000023,3.9289430894308963,3.899999999999994,4.176148948771122,1,
4271,200,0.013967808358746827,34.799999999999976,0.14492314953818713,2.0,0.0,51.0,21.46578366445916,0.4671717171717171,0.6556291390728477,12.000000000000021,4.637969094922743,4.6,11.080157596195125,2,
4272,200,0.013953847531964868,58.02499999999998,0.14492586376284622,2.0,0.0,51.0,21.06382978723404,0.12951807228915668,2.9694148936170213,11.70000000000002,3.87340425531915,3.1999999999999957,8.368935125012634,1,
4273,200,0.013939900659031617,54.29999999999997,0.14492652775369627,2.0,0.0,54.0,22.65597667638484,0.2080645161290322,2.2755102040816326,13.300000000000022,5.05816326530613,5.100000000000003,9.261753333545887,1,
4274,200,0.013925967726000174,46.624999999999986,0.1449276637336282,2.0,1.0,55.0,23.25215889464594,0.3171641791044776,0.9758203799654577,14.200000000000044,6.336960276338526,6.600000000000006,21.249578152965164,2,
4275,200,0.01391204871893762,53.52499999999999,0.14492929474173585,2.0,1.0,47.0,21.63529411764706,0.18243243243243246,2.014705882352941,9.300000000000045,4.437058823529418,4.500000000000011,5.147343657750174,1,
4276,200,0.013898143623924953,45.29999999999999,0.14493118794861765,2.0,1.0,51.0,20.640138408304498,0.3293650793650794,0.4204152249134948,11.800000000000034,4.2811418685121145,3.299999999999999,10.302806697736854,2,
4277,200,0.013884252427057056,42.749999999999986,0.1449306767235089,2.0,0.0,52.0,22.01782531194296,0.35245901639344257,1.8128342245989304,12.400000000000025,5.165418894830666,4.6,12.466722547026006,2,
4278,200,0.013870375114442744,51.999999999999986,0.14493114149208286,2.0,0.0,59.0,24.273752012882447,0.3180272108843537,1.5056360708534622,16.300000000000033,5.617069243156206,3.899999999999996,19.251835857276323,1,
4279,200,0.013856511672204716,53.64999999999998,0.1449325954416072,2.0,0.0,56.0,21.43854748603352,0.20454545454545459,2.414804469273743,14.500000000000036,4.293575418994419,2.4999999999999973,13.846270649852327,1,
4280,200,0.013842662086479501,38.52499999999999,0.14493340603939064,1.0,1.0,50.0,22.062111801242235,0.41981132075471694,0.2463768115942029,10.900000000000043,5.305797101449289,6.300000000000002,10.227794914440594,2,
4281,200,0.013828826343417538,51.77499999999999,0.14493707951558832,2.0,0.0,43.0,18.06675392670157,0.09285714285714275,1.2081151832460733,6.600000000000031,1.9764397905759155,1.5999999999999925,2.1590035892032806,1,
4282,200,0.01381500442918306,42.52499999999999,0.1449373992543397,2.0,0.0,56.0,22.523809523809526,0.42521367521367526,0.13043478260869565,14.400000000000036,5.611387163561084,5.1000000000000005,17.885185093103885,2,
4283,200,0.013801196329954161,49.07499999999999,0.14494038554459487,2.0,0.0,51.0,22.471317829457366,0.2682481751824818,2.3069767441860467,11.50000000000004,4.773643410852722,4.200000000000003,10.858711276272615,1,
4284,200,0.013787402031922757,47.649999999999984,0.144941317791052,2.0,0.0,48.0,22.262479871175522,0.2763157894736842,1.1771336553945249,10.000000000000039,4.410305958132055,4.300000000000012,4.901645628046916,1,
4285,200,0.013773621521294518,35.024999999999984,0.14494090828644438,2.0,0.0,48.0,21.56291390728477,0.46649484536082475,0.15673289183222958,10.700000000000026,4.635320088300227,4.399999999999999,8.05676084753036,2,
4286,200,0.01375985478428895,48.12499999999997,0.14494437941938093,2.0,0.0,57.0,21.09667673716012,0.2718978102189781,1.5090634441087614,15.000000000000043,4.054229607250758,2.399999999999995,16.6631243625113,1,
4287,200,0.013746101807139326,41.17499999999998,0.1449451046836988,2.0,0.0,57.0,25.084821428571427,0.47173913043478266,0.8236607142857143,15.300000000000034,6.726116071428585,6.80000000000001,16.32129659247754,2,
4288,200,0.01373236257609264,46.84999999999995,0.14494623714418625,2.0,0.0,58.0,23.087719298245613,0.30839416058394165,2.4370015948963317,16.200000000000035,4.97527910685806,3.5999999999999965,17.08231909200066,1,
4289,200,0.013718637077409689,47.07499999999999,0.1449514680296053,2.0,0.0,51.0,19.606153846153845,0.26119402985074625,2.749230769230769,11.400000000000038,3.090615384615387,2.3999999999999924,6.303573002539697,1,
4290,200,0.013704925297364945,54.64999999999996,0.14495312648897202,2.0,0.0,55.0,24.31924198250729,0.21153846153846145,1.314868804664723,14.20000000000004,6.056122448979604,6.300000000000005,13.730450876018734,1,
4291,200,0.013691227222246641,48.79999999999997,0.14495315773897266,2.0,0.0,53.0,22.973983739837397,0.3039568345323741,1.865040650406504,13.000000000000032,4.760162601626025,4.099999999999997,15.359868226236403,1,
4292,200,0.013677542838356711,52.724999999999966,0.14495444253139136,2.0,0.0,53.0,21.381284916201118,0.1919354838709677,2.46927374301676,13.00000000000003,4.425139664804473,2.5999999999999956,14.994117915557327,2,
4293,200,0.01366387213201075,41.699999999999996,0.14495646294764394,1.0,0.0,48.0,20.88,0.3464912280701754,0.32761904761904764,9.800000000000043,4.909333333333342,5.900000000000003,9.748195875540658,2,
4294,200,0.013650215089538058,48.525,0.14495793279787808,2.0,0.0,53.0,20.950657894736842,0.28284671532846717,1.457236842105263,12.600000000000042,4.867763157894745,4.549999999999998,14.615447691546187,2,
4295,200,0.013636571697281604,47.22499999999998,0.1449605553406787,2.0,0.0,55.0,22.350970017636683,0.34328358208955223,0.7548500881834215,13.800000000000034,5.52716049382717,4.800000000000002,17.079456527148857,2,
4296,200,0.013622941941597973,48.29999999999997,0.14496208092394086,2.0,0.0,59.0,21.684952978056426,0.29609929078014185,3.5877742946708464,16.400000000000016,4.243416927899689,2.6999999999999966,16.044032129283686,1,
4297,200,0.013609325808857431,45.19999999999998,0.1449637115440924,2.0,0.0,49.0,22.72032520325203,0.30078125,1.6455284552845528,10.90000000000002,4.607967479674803,3.8000000000000083,8.110705930876984,1,
4298,200,0.013595723285443818,42.749999999999986,0.1449641843927738,2.0,1.0,54.0,20.891143911439116,0.364406779661017,0.5682656826568265,13.300000000000031,4.8400369003690145,5.8000000000000025,11.938050230968575,2,
4299,200,0.013582134357754625,43.999999999999986,0.14496635736648647,2.0,1.0,48.0,20.008130081300813,0.2909836065573771,1.8731707317073172,9.600000000000037,2.980650406504066,2.299999999999995,4.958711874444815,1,
4300,200,0.013568559012200934,53.94999999999994,0.14497297772412993,2.0,0.0,59.0,22.37,0.1227272727272728,3.57375,16.30000000000004,4.172000000000001,2.899999999999994,13.661137345527179,0,
4301,200,0.013554997235207374,40.69999999999999,0.14497444074895038,2.0,0.0,51.0,22.112380952380953,0.39035087719298245,0.9219047619047619,12.70000000000003,5.224761904761914,4.800000000000002,15.75643449046536,2,
4302,200,0.013541449013212178,49.49999999999998,0.14497808406237436,2.0,0.0,53.0,22.548644338118024,0.2753623188405797,0.6746411483253588,13.300000000000034,4.6518341307815065,4.799999999999996,8.814512677804746,1,
4303,200,0.013527914332667135,46.074999999999974,0.14497887689939248,2.0,0.0,48.0,21.004746835443036,0.2615384615384615,1.6661392405063291,11.400000000000015,3.778164556962024,3.2000000000000055,7.295111097758539,1,
4304,200,0.013514393180037542,39.34999999999999,0.14497754398685483,2.0,1.0,52.0,19.765656565656567,0.41055045871559637,1.791919191919192,12.300000000000038,4.030505050505056,3.6999999999999944,9.770725479953041,2,
4305,200,0.013500885541802265,47.824999999999974,0.144981327470111,2.0,0.0,53.0,22.39349593495935,0.3022388059701493,1.1902439024390243,12.700000000000038,4.411869918699193,3.499999999999998,10.10952811032622,1,
4306,200,0.013487391404453644,45.04999999999998,0.144986291243834,2.0,0.0,53.0,22.56650246305419,0.3236434108527132,0.9425287356321839,13.700000000000014,4.431198686371105,3.5999999999999956,11.833015854184675,1,
4307,200,0.013473910754497552,51.64999999999999,0.14498877072678873,2.0,0.0,55.0,22.805900621118013,0.26041666666666663,2.0745341614906834,13.900000000000043,4.966459627329199,4.400000000000002,10.669118159788852,1,
4308,200,0.013460443578453348,33.04999999999998,0.14499347150280884,2.0,0.0,44.0,17.49700598802395,0.3967391304347826,0.562874251497006,7.400000000000034,2.6451097804391237,2.0999999999999948,3.5107535458167622,2,
4309,200,0.013446989862853833,40.4,0.14499385302922457,2.0,0.0,52.0,22.43220338983051,0.42567567567567566,0.3771186440677966,12.200000000000031,5.458686440677974,6.050000000000004,10.999295951666037,2,
4310,200,0.013433549594245302,55.84999999999998,0.14499679567513216,2.0,0.0,50.0,21.219072164948454,0.12658227848101267,2.5193298969072164,11.00000000000003,3.753608247422681,2.6999999999999993,8.463635056254466,1,
4311,200,0.013420122759187495,40.49999999999999,0.14499802603460082,2.0,0.0,53.0,18.47992700729927,0.34734513274336287,1.7080291970802919,12.700000000000031,3.513138686131388,2.199999999999993,10.685592884520021,2,
4312,200,0.013406709344253556,45.849999999999994,0.1450008517669833,2.0,0.0,57.0,21.57612456747405,0.3307692307692308,1.069204152249135,15.000000000000043,5.278719723183399,3.6999999999999957,17.86944492835622,2,
4313,200,0.013393309336030088,42.64999999999999,0.14500193890127924,1.0,0.0,50.0,21.73217726396917,0.3879310344827587,0.3892100192678227,11.300000000000034,5.018689788053959,4.700000000000006,12.662029106029182,2,
4314,200,0.01337992272111706,37.25,0.14500220936233055,1.0,0.0,47.0,19.544117647058822,0.40841584158415845,0.1092436974789916,9.00000000000003,3.769747899159669,3.6999999999999966,6.1604985545625395,2,
4315,200,0.01336654948612787,54.89999999999996,0.14500608643238858,2.0,1.0,65.0,22.515492957746478,0.2437888198757765,1.8253521126760563,19.79999999999997,5.027464788732396,2.6999999999999984,25.681986772439572,2,
4316,200,0.013353189617689292,44.82499999999998,0.1450075140267486,2.0,0.0,50.0,22.57021996615905,0.32874015748031493,1.8104906937394247,11.500000000000044,4.884433164128601,4.299999999999995,11.592887311039945,2,
4317,200,0.013339843102441431,32.874999999999986,0.1450097445485053,2.0,0.0,52.0,22.587264150943398,0.5241935483870968,1.5235849056603774,12.20000000000003,4.832783018867927,3.5999999999999956,10.992453400083503,2,
4318,200,0.013326509927037785,48.67499999999997,0.14501284662687214,2.0,1.0,56.0,23.349085365853657,0.2533783783783784,2.5472560975609757,14.500000000000037,6.027134146341471,4.399999999999999,22.67498716116526,2,
4319,200,0.013313190078145189,49.99999999999999,0.14501524322354187,2.0,0.0,43.0,19.750716332378225,0.166058394160584,1.3495702005730659,6.900000000000044,3.316475644699146,3.2999999999999874,3.2205517823166483,1,
4320,200,0.013299883542443767,46.44999999999996,0.14501662920854205,2.0,0.0,53.0,21.536392405063292,0.2718978102189781,2.0031645569620253,13.300000000000042,4.9344936708860825,3.399999999999997,15.370430946640624,2,
4321,200,0.01328659030662701,44.57499999999993,0.1450216933310679,2.0,1.0,63.0,21.637602179836513,0.18918918918918926,4.254768392370572,19.099999999999987,4.51158038147139,2.199999999999993,27.92475423893983,3,
4322,200,0.013273310357401653,46.27499999999999,0.1450258360426115,1.0,0.0,43.0,20.145772594752188,0.1774809160305344,1.9227405247813412,7.700000000000023,3.552040816326537,3.8000000000000105,3.519558707593609,1,
4323,200,0.01326004368148776,37.94999999999999,0.14502566476311152,2.0,0.0,51.0,23.79904306220096,0.5,0.08133971291866028,12.000000000000016,5.441148325358854,4.299999999999995,13.100199973672668,2,
4324,200,0.013246790265618666,48.49999999999997,0.14502716375014976,2.0,1.0,51.0,22.3444976076555,0.28623188405797106,2.1339712918660285,11.60000000000004,4.529346092503999,4.300000000000007,11.662549653039306,1,
4325,200,0.013233550096540928,46.824999999999974,0.1450283764590255,2.0,0.0,49.0,22.12520325203252,0.2951127819548872,1.3626016260162601,10.200000000000024,4.250894308943095,3.2999999999999967,7.917089238123505,1,
4326,200,0.013220323161014392,45.67499999999998,0.14503193593497296,2.0,0.0,48.0,22.03089430894309,0.3046875,0.6666666666666666,9.900000000000036,4.194308943089436,3.4999999999999942,7.466962963746404,2,
4327,200,0.013207109445812128,50.39999999999998,0.14503317873602256,2.0,0.0,53.0,22.379585326953748,0.295774647887324,1.69377990430622,13.100000000000028,4.550398724082941,2.9999999999999982,15.36365534889407,1,
4328,200,0.0131939089377204,43.37499999999999,0.14503425020848537,2.0,1.0,52.0,21.32015065913371,0.37184873949579833,0.704331450094162,12.000000000000036,5.002448210922798,4.399999999999999,13.291284082848707,2,
4329,200,0.01318072162353872,47.849999999999966,0.14503790184583604,2.0,1.0,58.0,21.975155279503106,0.2743055555555556,3.4922360248447206,15.600000000000044,5.21149068322982,3.299999999999995,18.76336041086487,2,
4330,200,0.013167547490079751,53.42499999999997,0.1450404183043172,2.0,1.0,58.0,23.996865203761754,0.2763157894736842,1.9796238244514106,15.600000000000037,5.6305642633228885,3.6999999999999975,19.15470849517136,1,
4331,200,0.01315438652416937,53.54999999999996,0.14504310563870848,2.0,0.0,51.0,23.322714681440445,0.15625,3.3601108033241,11.900000000000029,5.402631578947379,5.800000000000001,10.786177201251599,1,
4332,200,0.01314123871264662,57.69999999999996,0.14504589823268593,1.0,0.0,52.0,22.562972292191436,0.10060975609756095,1.942065491183879,13.60000000000003,4.3610831234257,4.1999999999999975,9.190905596929166,1,
4333,200,0.013128104042363666,41.19999999999999,0.14504602997862415,2.0,0.0,56.0,23.938997821350764,0.45353982300884954,0.23093681917211328,14.400000000000032,6.208061002178659,5.90000000000001,15.611708467818586,2,
4334,200,0.013114982500185848,48.099999999999994,0.14504950064575278,2.0,0.0,53.0,21.848684210526315,0.2755474452554745,2.0328947368421053,12.700000000000045,5.477631578947378,4.349999999999998,15.733292214801146,2,
4335,200,0.013101874072991637,59.09999999999996,0.14505335262586833,2.0,0.0,55.0,23.364213197969544,0.11931818181818188,3.263959390862944,13.90000000000004,4.911675126903558,3.299999999999988,16.266920345345806,1,
4336,200,0.013088778747672577,51.29999999999998,0.14505441041581385,2.0,0.0,52.0,23.673170731707316,0.2857142857142857,0.47804878048780486,12.400000000000034,5.179674796747977,5.400000000000003,8.387820445027334,1,
4337,200,0.013075696511133368,36.974999999999994,0.14505468907141955,1.0,0.0,51.0,23.985645933014354,0.505,0.40669856459330145,11.400000000000038,5.553110047846902,6.150000000000013,8.692396536231703,2,
4338,200,0.013062627350291747,41.875,0.14505489352213488,2.0,0.0,59.0,23.792951541850222,0.48043478260869565,0.5814977973568282,16.20000000000003,5.983700440528642,5.6,19.981813647721022,2,
4339,200,0.013049571252078566,47.72499999999998,0.14505826164468236,3.0,0.0,62.0,21.924615384615386,0.2844827586206896,2.355384615384615,18.39999999999996,5.113076923076918,2.199999999999995,31.22496443778563,2,
4340,200,0.013036528203437736,45.07499999999996,0.1450632162352151,2.0,0.0,64.0,21.40981012658228,0.32894736842105265,2.490506329113924,19.200000000000003,4.4484177215189895,2.7999999999999945,20.270744448867557,2,
4341,200,0.013023498191326184,51.89999999999998,0.1450650042612786,2.0,1.0,48.0,22.309451219512194,0.21232876712328763,1.8079268292682926,10.900000000000041,4.75030487804879,5.000000000000004,6.759863176362663,1,
4342,200,0.013010481202713909,49.29999999999998,0.14506791310396086,2.0,1.0,48.0,22.073552425665103,0.25,0.568075117370892,10.100000000000044,4.485602503912374,4.600000000000002,5.219398608934218,1,
4343,200,0.012997477224583932,57.59999999999995,0.14507083752421998,3.0,0.0,56.0,23.502597402597402,0.1426553672316384,3.9272727272727272,14.600000000000032,5.182727272727278,3.6499999999999964,15.755169784398445,1,
4344,200,0.012984486243932251,46.82499999999999,0.14507053896007333,2.0,1.0,48.0,22.027642276422764,0.2887596899224806,1.616260162601626,9.80000000000003,4.192357723577246,4.400000000000012,7.810742734464309,1,
4345,200,0.012971508247767908,57.99999999999997,0.14507422021064287,2.0,0.0,62.0,21.448051948051948,0.17441860465116288,3.003896103896104,18.00000000000002,3.9500000000000033,2.2999999999999936,15.35104537197742,1,
4346,200,0.012958543223112882,49.575,0.1450774290605494,2.0,0.0,44.0,21.480712166172108,0.19160583941605847,0.9762611275964391,7.600000000000024,4.330118694362029,4.400000000000017,4.174725199493725,1,
4347,200,0.012945591157002159,51.24999999999997,0.14508041605078692,2.0,0.0,52.0,24.089922480620157,0.2568493150684932,1.1317829457364341,12.100000000000037,5.7448062015504,5.50000000000002,10.1550245658905,1,
4348,200,0.012932652036483683,44.55,0.14508350487691993,2.0,0.0,51.0,23.018998272884282,0.3326771653543307,0.9015544041450777,11.400000000000047,5.594991364421427,6.100000000000005,12.337714652189572,2,
4349,200,0.01291972584861831,33.949999999999996,0.1450847646560084,2.0,0.0,45.0,19.963800904977376,0.46739130434782605,0.0,9.000000000000018,3.5710407239819024,2.999999999999995,6.111681331674908,2,
4350,200,0.012906812580479862,46.175,0.1450887636519289,2.0,0.0,51.0,20.896610169491524,0.3038461538461539,0.9169491525423729,11.700000000000042,4.720847457627126,4.199999999999998,10.713613110063596,2,
4351,200,0.012893912219155082,52.324999999999996,0.1450915734106845,2.0,0.0,60.0,22.790372670807454,0.26644736842105265,1.9270186335403727,17.200000000000014,5.879503105590068,3.799999999999999,26.2163822199719,2,
4352,200,0.012881024751743584,57.57499999999997,0.14509533009963602,2.0,0.0,68.0,23.0575,0.16666666666666674,3.77125,21.700000000000003,4.584500000000004,3.1999999999999957,20.677642058815792,1,
4353,200,0.012868150165357922,45.599999999999994,0.14509560199732563,2.0,0.0,41.0,19.37402190923318,0.22540983606557385,0.12363067292644757,5.900000000000032,2.8658841940532103,3.0999999999999956,2.7960260579937466,1,
4354,200,0.012855288447123487,38.675,0.1450965085768848,2.0,0.0,46.0,19.319526627218934,0.37264150943396224,0.5936883629191322,8.500000000000023,3.8463510848126266,3.399999999999999,6.516792116647503,2,
4355,200,0.01284243958417857,38.89999999999999,0.14509913218506143,2.0,0.0,59.0,19.278752436647174,0.41216216216216217,1.469785575048733,16.700000000000006,3.892007797270953,2.5999999999999965,17.380606456712094,2,
4356,200,0.01282960356367432,50.624999999999986,0.14509923246412482,2.0,0.0,53.0,22.591133004926107,0.3035714285714286,1.1954022988505748,12.900000000000023,4.445977011494258,3.4999999999999973,9.738864754098417,1,
4357,200,0.01281678037277469,50.99999999999999,0.14510076778917064,2.0,0.0,53.0,20.50076103500761,0.2535460992907801,1.3820395738203957,12.600000000000032,3.6709284627092864,2.799999999999995,9.237608514345066,1,
4358,200,0.012803969998656512,31.249999999999993,0.14510467635136443,2.0,0.0,46.0,20.028301886792452,0.5116279069767442,0.8443396226415094,8.500000000000025,3.2974056603773585,3.1999999999999957,3.1132417188152015,2,
4359,200,0.01279117242850939,50.049999999999976,0.14510684995052148,2.0,1.0,67.0,23.186795491143318,0.34931506849315064,3.4315619967793882,21.00000000000001,4.964895330112724,3.299999999999995,20.150220879576885,1,
4360,200,0.01277838764953576,49.69999999999998,0.14510885755798233,2.0,0.0,54.0,24.655172413793103,0.3107142857142857,1.6995073891625616,13.200000000000042,5.684400656814461,5.399999999999995,9.858387510785237,1,
4361,200,0.012765615648950858,31.024999999999974,0.14511287098557732,2.0,0.0,50.0,23.29904306220096,0.5217391304347826,1.7511961722488039,10.800000000000049,5.141148325358862,5.600000000000002,9.262618201381693,2,
4362,200,0.012752856413982657,47.574999999999996,0.14511408952559982,1.0,0.0,45.0,19.24700598802395,0.20769230769230762,1.4161676646706587,7.80000000000003,2.970059880239527,3.4000000000000217,3.2785420742543825,1,
4363,200,0.012740109931871932,35.02499999999998,0.1451153965829806,2.0,0.0,50.0,22.15032679738562,0.45707070707070707,0.3202614379084967,12.400000000000036,5.120479302832256,4.600000000000004,13.520646952724615,2,
4364,200,0.012727376189872212,45.62499999999999,0.14511821308616607,2.0,0.0,47.0,20.492753623188406,0.28200000000000003,2.1481481481481484,9.100000000000025,3.3484702093397805,2.699999999999998,5.781546468208741,1,
4365,200,0.012714655175249731,54.24999999999997,0.14511966015971223,2.0,0.0,53.0,23.1399416909621,0.20833333333333326,2.0962099125364433,12.600000000000035,5.348542274052487,4.549999999999997,12.7597553097675,1,
4366,200,0.012701946875283497,51.59999999999997,0.1451227606449046,2.0,0.0,61.0,22.485135135135135,0.19838709677419364,2.6716216216216218,17.700000000000024,4.808648648648652,2.900000000000006,20.35577318439231,1,
4367,200,0.012689251277265185,51.625,0.14512305617404697,2.0,0.0,54.0,22.530882352941177,0.22569444444444442,1.3735294117647059,13.600000000000042,4.974411764705889,3.849999999999997,12.244489369570525,1,
4368,200,0.012676568368499208,40.99999999999997,0.14512439124339493,2.0,0.0,56.0,22.05169340463458,0.37916666666666665,1.1925133689839573,14.400000000000041,4.931194295900186,4.199999999999999,14.423261692933487,2,
4369,200,0.012663898136302665,49.374999999999986,0.14512496560553714,1.0,0.0,52.0,22.394524959742352,0.3088235294117647,1.4476650563607085,12.40000000000004,4.489533011272151,3.999999999999997,13.462067057359286,2,
4370,200,0.012651240568005305,54.149999999999935,0.1451261537537418,2.0,0.0,53.0,22.895140664961637,0.1325301204819278,3.867007672634271,13.600000000000037,4.696547314578006,2.9999999999999964,14.58843904481116,1,
4371,200,0.012638595650949566,41.07499999999999,0.14512515442257473,2.0,0.0,48.0,21.608465608465607,0.3354700854700855,0.8571428571428571,11.900000000000018,4.867901234567909,4.8999999999999995,11.48316764544873,2,
4372,200,0.012625963372490544,58.07499999999995,0.14512707493670243,1.0,0.0,55.0,22.27455919395466,0.13304093567251463,2.4798488664987404,14.200000000000037,4.188035264483632,2.599999999999995,13.298681465971995,1,
4373,200,0.012613343719995933,46.724999999999994,0.14512907667043767,2.0,0.0,48.0,19.947454844006568,0.3051181102362205,0.3645320197044335,10.000000000000018,2.859770114942526,1.9999999999999982,5.252993421052649,1,
4374,200,0.012600736680846106,44.84999999999998,0.145132058008896,2.0,0.0,55.0,21.543624161073826,0.31060606060606055,1.9983221476510067,14.100000000000046,5.135906040268467,4.550000000000002,14.102475289613432,2,
4375,200,0.012588142242433998,55.499999999999986,0.14513572300386135,2.0,0.0,63.0,22.206703910614525,0.21875,2.1452513966480447,18.79999999999999,4.7544692737430205,2.9999999999999982,20.72062100242859,1,
4376,200,0.012575560392165182,51.62499999999997,0.14513628079423468,2.0,0.0,65.0,23.73018292682927,0.2864238410596026,3.027439024390244,20.099999999999994,5.60274390243903,4.500000000000008,19.953453472294875,1,
4377,200,0.012562991117457817,56.82499999999999,0.14513844438154366,1.0,0.0,54.0,20.8031914893617,0.140625,2.613031914893617,13.30000000000004,3.717021276595747,2.999999999999992,7.8700433419451885,1,
4378,200,0.012550434405742605,51.42499999999999,0.14513895370707555,2.0,0.0,53.0,22.500805152979066,0.2785714285714286,0.35426731078904994,12.600000000000044,4.553301127214179,4.899999999999993,6.6672406907997726,1,
4379,200,0.012537890244462845,48.699999999999974,0.14513967060448976,2.0,0.0,51.0,23.11912225705329,0.2572992700729927,1.4843260188087775,12.70000000000003,5.103918495297814,4.499999999999999,11.402755605673187,1,
4380,200,0.012525358621074385,55.42499999999998,0.14514216168843297,2.0,0.0,52.0,21.859154929577464,0.17628205128205132,1.4943661971830986,12.000000000000037,4.56267605633804,4.900000000000015,7.594551566259861,1,
4381,200,0.012512839523045579,59.64999999999996,0.14514630640692333,2.0,0.0,63.0,23.88324175824176,0.19219653179190743,1.723901098901099,18.900000000000023,5.712912087912098,6.000000000000011,16.537172173447164,1,
4382,200,0.01250033293785735,19.474999999999998,0.14514604184181534,2.0,0.0,52.0,21.88412017167382,0.7405660377358491,0.0,12.20000000000003,5.215021459227476,5.400000000000002,13.930288461538535,3,
4383,200,0.01248783885300309,48.29999999999998,0.14514632072972972,1.0,0.0,45.0,21.52657004830918,0.25,0.6360708534621579,8.300000000000017,3.9687600644122405,3.6999999999999975,5.4527902188569914,1,
4384,200,0.012475357255988723,27.625,0.14514641069658255,1.0,0.0,49.0,15.872773536895675,0.3928571428571429,0.7251908396946565,10.60000000000004,3.602544529262095,1.7999999999999994,11.52424116854872,3,
4385,200,0.012462888134332661,52.49999999999996,0.14514989130867592,2.0,0.0,59.0,22.06958762886598,0.14937106918238996,3.6971649484536084,16.50000000000004,4.263917525773198,2.7999999999999954,17.03764387428913,1,
4386,200,0.012450431475565764,35.95,0.14515002629064316,2.0,0.0,50.0,23.394736842105264,0.5077319587628866,0.05980861244019139,10.800000000000033,5.1985645933014455,5.900000000000006,8.35861037184578,2,
4387,200,0.012437987267231379,47.3,0.1451523410382542,1.0,0.0,45.0,18.833827893175073,0.2038461538461538,1.3293768545994065,7.800000000000031,2.7419881305637985,2.899999999999996,3.2815231522756223,1,
4388,200,0.012425555496885309,46.47499999999998,0.14515250600903645,2.0,0.0,50.0,21.29064039408867,0.3169291338582677,0.825944170771757,11.50000000000002,3.6656814449917903,2.799999999999996,7.203324417601414,1,
4389,200,0.012413136152095758,39.724999999999994,0.14515395106455875,1.0,0.0,45.0,19.181654676258994,0.3472222222222222,1.0323741007194245,8.000000000000039,3.2570143884892153,3.799999999999998,4.729300629174993,2,
4390,200,0.012400729220443406,33.25,0.14515397553735496,2.0,0.0,47.0,21.24401913875598,0.5140449438202247,0.0,9.800000000000024,3.9081339712918695,3.899999999999997,6.547578967852003,2,
4391,200,0.012388334689521299,61.02499999999998,0.14515700673259896,2.0,1.0,51.0,21.745,0.07947976878612706,2.4675,12.000000000000027,3.797000000000005,3.299999999999997,7.815403211567558,0,
4392,200,0.012375952546934911,45.524999999999984,0.1451615421648329,2.0,0.0,53.0,22.424242424242426,0.3352713178294574,0.9946524064171123,13.20000000000003,5.753654188948319,4.9000000000000075,19.39862671581098,2,
4393,200,0.012363582780302113,42.724999999999994,0.14516248915502658,1.0,0.0,49.0,20.939086294416242,0.3347457627118644,1.3468697123519457,10.500000000000048,3.7362098138747952,2.899999999999994,8.08602164452596,2,
4394,200,0.012351225377253115,47.625,0.14516569847491728,2.0,1.0,53.0,20.536184210526315,0.2727272727272727,1.332236842105263,12.800000000000036,4.707894736842116,4.7000000000000055,13.963791236883411,2,
4395,200,0.012338880325430523,53.24999999999998,0.14516933141676353,2.0,0.0,53.0,22.101156069364162,0.2201986754966887,2.388728323699422,12.800000000000047,4.728612716763015,2.999999999999999,16.590632143222702,1,
4396,200,0.012326547612489296,46.17499999999998,0.14517079681829176,2.0,0.0,54.0,21.493288590604028,0.32633587786259544,1.2634228187919463,13.500000000000044,4.592281879194638,3.0999999999999988,13.391756654420654,2,
4397,200,0.012314227226096697,40.3,0.1451709268425436,2.0,0.0,43.0,17.386986301369863,0.29128440366972475,0.3476027397260274,6.700000000000022,2.4890410958904123,2.299999999999991,2.3777635865183178,2,
4398,200,0.012301919153932363,55.574999999999974,0.1451723536524418,2.0,0.0,54.0,23.957386363636363,0.1875,2.1292613636363638,14.100000000000033,5.833522727272739,6.3000000000000025,12.21179859366654,1,
4399,200,0.012289623383688195,45.49999999999999,0.14517388100363526,2.0,0.0,54.0,20.74169741697417,0.354,1.1974169741697418,13.200000000000037,4.803505535055361,4.300000000000004,13.186582415076183,2,
4400,200,0.012277339903068436,58.09999999999998,0.14518094158088068,2.0,1.0,56.0,23.03034300791557,0.16470588235294126,3.266490765171504,14.40000000000004,5.005936675461749,3.2999999999999985,16.52953178328583,1,
4401,200,0.012265068699789616,40.62499999999999,0.14518178187474662,2.0,0.0,54.0,19.209731543624162,0.31465517241379315,1.1057046979865772,13.20000000000004,3.554362416107385,2.299999999999995,12.823154652815981,3,
4402,200,0.012252809761580503,57.399999999999984,0.14518313986189557,2.0,0.0,63.0,24.677745664739884,0.25602409638554213,2.44364161849711,18.700000000000017,6.274566473988447,3.8999999999999986,28.433834478754996,1,
4403,200,0.012240563076182176,45.19999999999999,0.1451845718877107,2.0,1.0,55.0,23.687619047619048,0.39,0.7676190476190476,13.800000000000033,6.271619047619058,6.500000000000003,20.397497097495254,2,
4404,200,0.012228328631347955,32.349999999999994,0.14518436993626008,3.0,1.0,51.0,15.40552016985138,0.34782608695652173,1.2038216560509554,11.400000000000041,3.0218683651804725,1.2999999999999987,9.33924540209167,3,
4405,200,0.012216106414843372,59.424999999999955,0.1451876490382122,2.0,1.0,53.0,23.2575,0.09000000000000008,3.81625,12.800000000000047,4.704500000000005,3.4000000000000075,11.450047640699516,0,
4406,200,0.012203896414446235,34.974999999999994,0.14518699267630447,3.0,0.0,47.0,18.625,0.4375,0.9830508474576272,9.10000000000003,3.128601694915254,2.1999999999999984,5.962450231839986,2,
4407,200,0.012191698617946518,50.64999999999999,0.14518849571250508,2.0,0.0,60.0,23.152979066022546,0.31785714285714284,1.8679549114331724,16.80000000000004,4.944605475040262,3.39999999999999,19.541813038066714,1,
4408,200,0.012179513013146433,54.92499999999999,0.14519306033451845,2.0,0.0,49.0,20.61127167630058,0.1870860927152318,1.239884393063584,10.200000000000031,3.834682080924857,3.599999999999996,5.735254216759312,1,
4409,200,0.01216733958786039,54.399999999999984,0.145195397934705,2.0,0.0,48.0,21.15223463687151,0.1611842105263157,1.9455307262569832,9.600000000000039,4.121787709497211,3.2999999999999927,7.984317406442974,1,
4410,200,0.012155178329914935,52.69999999999999,0.14519776005364726,2.0,0.0,57.0,21.16920731707317,0.2533783783783784,1.8597560975609757,15.000000000000036,4.0661585365853705,3.6999999999999975,9.449181591086068,1,
4411,200,0.012143029227148825,52.02499999999999,0.14519902021723113,2.0,0.0,57.0,21.61339421613394,0.27040816326530615,2.0791476407914766,15.100000000000035,4.338508371385088,3.699999999999994,11.138345040403353,1,
4412,200,0.012130892267412964,52.89999999999999,0.1452012471879951,2.0,0.0,49.0,21.267341040462426,0.19178082191780832,0.8641618497109826,10.600000000000037,4.228323699421972,4.0500000000000105,6.326927743425613,1,
4413,200,0.01211876743857037,51.249999999999986,0.14520535822839886,1.0,0.0,48.0,20.189504373177844,0.20454545454545459,1.900874635568513,10.100000000000033,3.5782798833819256,2.399999999999997,8.783205792666788,1,
4414,200,0.012106654728496237,56.77499999999999,0.14520745078658864,2.0,0.0,57.0,23.04189944134078,0.18251533742331283,2.339385474860335,15.300000000000043,5.255586592178779,4.95,15.30467741463567,1,
4415,200,0.012094554125077829,55.549999999999976,0.14520929195194354,2.0,0.0,48.0,21.340599455040874,0.1353503184713376,1.9645776566757494,10.700000000000017,4.156811989100822,3.4999999999999956,8.779063897318867,1,
4416,200,0.012082465616214554,44.749999999999986,0.14521266334746333,2.0,0.0,44.0,21.586206896551722,0.2703252032520326,0.7717569786535303,7.800000000000011,3.843021346469629,4.000000000000004,3.3540859577222086,1,
4417,200,0.012070389189817914,50.89999999999999,0.14521501444853643,2.0,0.0,52.0,23.660162601626016,0.277972027972028,1.0959349593495935,12.20000000000002,5.171869918699198,4.900000000000007,8.066856042979865,1,
4418,200,0.012058324833811458,45.474999999999994,0.14521798707028893,1.0,0.0,47.0,21.28780487804878,0.2987804878048781,0.26178861788617885,9.10000000000004,3.7484552845528505,3.399999999999997,5.430121726807446,1,
4419,200,0.012046272536130841,58.02499999999998,0.14522081934217512,2.0,0.0,60.0,23.26396648044693,0.1901197604790419,2.0,17.30000000000003,5.388826815642469,5.099999999999999,19.209493636071134,1,
4420,200,0.012034232284723775,48.549999999999976,0.14522355784185026,2.0,1.0,58.0,21.174581005586592,0.21527777777777768,4.011173184357542,15.700000000000047,4.135195530726262,3.0999999999999943,11.240989905492091,2,
4421,200,0.012022204067549985,55.64999999999999,0.14522588170052286,2.0,0.0,48.0,20.77335164835165,0.14677419354838706,2.0315934065934065,9.800000000000038,3.8469780219780283,3.599999999999999,6.765553083778215,1,
4422,200,0.012010187872581275,51.29999999999998,0.14522732912709005,2.0,1.0,54.0,23.21900161030596,0.29609929078014185,1.4557165861513688,13.30000000000004,4.984219001610311,3.999999999999998,10.385381755004746,1,
4423,200,0.01199818368780143,48.04999999999998,0.14523042265560568,2.0,1.0,55.0,21.917721518987342,0.2941176470588235,2.1044303797468356,13.800000000000034,4.325949367088614,3.6999999999999957,10.474289562694231,1,
4424,200,0.01198619150120627,44.82499999999999,0.14523295549240892,2.0,0.0,53.0,22.304504504504504,0.3709677419354839,0.6738738738738739,12.80000000000004,4.998018018018029,4.800000000000002,12.336919006311291,2,
4425,200,0.011974211300803622,46.899999999999984,0.1452356455045404,1.0,0.0,51.0,21.182113821138213,0.30343511450381677,1.6504065040650406,12.000000000000028,4.173821138211388,3.399999999999998,10.412269025762564,2,
4426,200,0.011962243074613261,47.04999999999998,0.1452403052598995,2.0,0.0,48.0,21.091954022988507,0.30859375,0.2791461412151067,9.700000000000033,3.546469622331696,3.5000000000000164,5.715901962899098,1,
4427,200,0.011950286810666972,45.54999999999998,0.14524200931787853,1.0,0.0,52.0,23.076142131979694,0.3307692307692308,1.5871404399323181,12.600000000000039,5.345346869712363,4.800000000000002,13.72231459001384,2,
4428,200,0.011938342497008501,58.049999999999976,0.14524323892904678,1.0,0.0,54.0,22.1575,0.09911242603550297,2.985,14.00000000000003,4.044500000000003,3.5999999999999925,10.272035800055997,0,
4429,200,0.011926410121693511,51.449999999999974,0.14524436749130917,2.0,0.0,56.0,24.899186991869918,0.31551724137931036,2.1723577235772358,15.200000000000031,5.915284552845536,4.400000000000001,20.58238990651055,1,
4430,200,0.011914489672789647,56.82499999999999,0.14524713608600673,2.0,0.0,46.0,20.82975871313673,0.11217948717948723,1.85656836461126,8.500000000000028,3.776273458445046,3.8000000000000016,4.282031876948541,1,
4431,200,0.011902581138376438,49.52499999999998,0.14524845366605477,2.0,0.0,52.0,21.614439324116745,0.25357142857142856,1.7096774193548387,13.000000000000032,4.302457757296473,3.4000000000000057,9.678511420481414,1,
4432,200,0.011890684506545358,53.324999999999974,0.14524921912961325,1.0,0.0,53.0,22.76279069767442,0.2432432432432432,0.9441860465116279,13.000000000000028,4.948527131782954,5.500000000000008,9.046457560140809,1,
4433,200,0.011878799765399788,53.099999999999994,0.1452509216137824,2.0,0.0,52.0,22.22626582278481,0.2534722222222222,0.5506329113924051,12.30000000000003,4.511075949367094,4.900000000000011,7.9054667357663915,1,
4434,200,0.01186692690305496,58.59999999999995,0.14525252144733938,2.0,0.0,56.0,22.9825,0.11857142857142855,4.2475,14.70000000000004,4.539500000000005,3.700000000000009,9.76935501461728,0,
4435,200,0.011855065907638027,53.52499999999998,0.14525652181104604,2.0,0.0,57.0,23.736176935229068,0.2897350993377483,1.434439178515008,15.000000000000043,5.4271721958925845,4.300000000000008,13.539769396637865,1,
4436,200,0.011843216767287999,48.89999999999996,0.14525865586958756,2.0,0.0,52.0,22.619967793880836,0.2971014492753623,0.644122383252818,12.200000000000028,4.624798711755242,4.200000000000004,8.829585053417727,1,
4437,200,0.011831379470155714,50.62499999999999,0.14526000155157476,2.0,1.0,55.0,21.051359516616316,0.22887323943661975,1.4290030211480362,13.900000000000047,4.744864048338376,3.249999999999998,15.151601851027955,2,
4438,200,0.011819554004403897,46.82499999999998,0.14526210345813978,2.0,0.0,53.0,21.73008130081301,0.2954545454545454,1.7463414634146341,12.900000000000023,4.013821138211386,3.3999999999999986,8.854190109564742,1,
4439,200,0.011807740358207058,42.774999999999984,0.14526287326070253,2.0,0.0,57.0,25.076767676767677,0.4276859504132231,1.202020202020202,16.000000000000043,7.0462626262626396,6.500000000000018,24.683273638500847,2,
4440,200,0.011795938519751562,52.44999999999998,0.14526386219756648,2.0,1.0,55.0,23.137440758293838,0.27380952380952384,1.9968404423380726,15.200000000000015,5.0679304897314434,4.400000000000028,15.412043185720602,1,
4441,200,0.011784148477235577,31.599999999999987,0.14526680450310203,2.0,0.0,53.0,22.49767441860465,0.5159574468085106,2.0209302325581397,12.800000000000033,4.8944186046511655,2.59999999999999,19.500725477152496,2,
4442,200,0.011772370218869043,40.94999999999999,0.14526741912502422,2.0,0.0,57.0,27.739234449760765,0.5044642857142857,0.22009569377990432,15.300000000000042,7.805263157894748,8.00000000000001,19.295106654533285,2,
4443,200,0.011760603732873708,32.12499999999997,0.1452699142934414,2.0,0.0,53.0,22.382075471698112,0.5295698924731183,1.2004716981132075,12.90000000000003,4.709669811320757,3.6999999999999957,11.359521568627507,2,
4444,200,0.011748849007483096,54.49999999999997,0.1452711200620547,2.0,0.0,52.0,20.974324324324325,0.17258064516129035,1.5405405405405406,12.500000000000028,3.902162162162164,2.9999999999999956,10.529933473216772,2,
4445,200,0.011737106030942461,37.69999999999999,0.14527173176317745,2.0,0.0,51.0,23.615384615384617,0.46904761904761905,0.07918552036199095,11.800000000000045,5.761990950226257,5.8500000000000085,12.736267563458885,2,
4446,200,0.011725374791508845,49.67499999999996,0.14527442726275275,2.0,0.0,61.0,22.94942196531792,0.22697368421052633,2.9104046242774566,18.900000000000002,5.65375722543352,3.1999999999999975,31.3371466995779,2,
4447,200,0.011713655277450987,53.49999999999998,0.1452776020237948,2.0,0.0,56.0,20.62957746478873,0.20424836601307184,1.8774647887323943,14.50000000000002,4.048028169014085,1.9999999999999964,16.80340268479014,2,
4448,200,0.011701947477049383,60.02499999999998,0.14528437393520366,2.0,0.0,58.0,21.2475,0.11686390532544388,3.00625,15.900000000000043,3.498500000000001,1.9999999999999905,12.005816509088381,0,
4449,200,0.011690251378596242,48.575,0.14528709984116586,2.0,1.0,50.0,20.827893175074184,0.2236842105263157,1.6913946587537092,11.100000000000046,3.938427299703268,3.100000000000005,7.939920642782521,1,
4450,200,0.011678566970395442,56.17499999999998,0.14529054807228586,2.0,0.0,64.0,23.77936962750716,0.24693251533742333,2.9842406876790832,19.39999999999999,5.733667621776512,3.999999999999994,23.101736257781745,1,
4451,200,0.011666894240762588,36.34999999999999,0.14529397150553772,2.0,1.0,42.0,17.036259541984734,0.3560606060606061,0.9675572519083969,6.400000000000018,2.3572519083969445,1.9999999999999982,2.577609469179647,2,
4452,200,0.011655233178024955,50.599999999999994,0.14529627076707258,2.0,0.0,50.0,21.786153846153844,0.23571428571428577,1.3846153846153846,10.90000000000003,4.3986153846153915,4.250000000000006,6.49369037559856,1,
4453,200,0.011643583770521462,49.12499999999999,0.14529754037555576,2.0,0.0,50.0,20.864906832298136,0.25,1.5559006211180124,10.800000000000036,3.8018633540372733,3.5999999999999917,7.232156823031621,1,
4454,200,0.01163194600660272,56.999999999999986,0.14530134591266425,2.0,0.0,48.0,21.738031914893618,0.12267080745341619,2.853723404255319,10.800000000000026,4.2779255319149,3.8999999999999972,8.365963681890351,1,
4455,200,0.011620319874630945,44.24999999999999,0.14530239707912787,1.0,1.0,40.0,18.612903225806452,0.2128099173553719,1.1766513056835637,5.499999999999998,2.5015360983102877,2.4999999999999925,1.5452240207645127,1,
4456,200,0.011608705362980011,49.57499999999997,0.14530369283196617,2.0,1.0,58.0,23.463414634146343,0.3280141843971631,1.0666666666666667,15.700000000000037,5.0538211382113865,3.5999999999999974,13.687854921951095,1,
4457,200,0.011597102460035418,49.39999999999999,0.14530664452317268,1.0,0.0,52.0,19.27936962750716,0.18571428571428572,1.686246418338109,12.000000000000034,3.405014326647564,2.199999999999994,10.688836337214719,2,
4458,200,0.011585511154194242,42.85,0.1453075534979405,2.0,0.0,51.0,20.20566037735849,0.35,0.30754716981132074,11.500000000000046,4.527358490566044,3.899999999999992,9.730625776524732,2,
4459,200,0.011573931433865184,44.67499999999998,0.14531008368175138,2.0,0.0,55.0,23.132462686567163,0.37,0.8805970149253731,14.000000000000044,6.136194029850758,5.900000000000007,18.316365686837678,2,
4460,200,0.011562363287468536,53.999999999999986,0.1453124011667924,1.0,0.0,52.0,21.069252077562325,0.17384105960264895,2.0,12.300000000000038,4.050554016620504,3.400000000000004,8.210105470541011,1,
4461,200,0.011550806703436129,54.14999999999999,0.14531499938351167,1.0,0.0,50.0,20.896706586826348,0.21644295302013417,0.39820359281437123,11.200000000000044,3.9598802395209627,3.6999999999999984,7.490233537939604,1,
4462,200,0.011539261670211397,52.87499999999998,0.1453156837546361,2.0,0.0,50.0,22.825072886297377,0.1903973509933774,1.91399416909621,11.500000000000043,5.159620991253653,5.5,10.046422953920109,1,
4463,200,0.011527728176249287,44.57499999999999,0.14531687163656262,2.0,0.0,48.0,21.444991789819376,0.30645161290322576,1.8784893267651888,10.300000000000038,3.7582922824302183,3.3000000000000003,5.610755069025064,1,
4464,200,0.011516206210016314,51.074999999999974,0.1453167259956189,2.0,0.0,59.0,25.58037225042301,0.3527397260273972,1.5279187817258884,16.600000000000037,6.520981387478859,5.600000000000005,25.108125744388595,2,
4465,200,0.011504695759990522,63.574999999999974,0.14531867385450148,2.0,0.0,51.0,23.22625,0.06767955801104963,2.23625,11.400000000000038,4.685750000000007,4.1,8.97021095345468,0,
4466,200,0.011493196814661438,50.47499999999998,0.1453221820463758,2.0,0.0,55.0,21.931750741839764,0.23958333333333326,1.8694362017804154,13.900000000000047,4.963946587537096,3.4999999999999982,15.865337449782722,2,
4467,200,0.011481709362530125,49.249999999999986,0.14532628515952015,2.0,0.0,48.0,20.545023696682463,0.25,0.5371248025276462,9.700000000000024,3.512480252764615,3.6000000000000014,4.168085293295551,1,
4468,200,0.011470233392109144,54.72499999999999,0.14532727048906782,2.0,0.0,49.0,22.360335195530727,0.15764331210191074,1.8896648044692737,10.400000000000038,4.84664804469275,5.200000000000005,8.36703022500519,1,
4469,200,0.011458768891922499,57.89999999999997,0.14533077352331666,2.0,0.0,50.0,21.524296675191817,0.10240963855421681,2.7020460358056266,11.400000000000036,3.8740409207161135,2.499999999999995,9.426336425612822,1,
4470,200,0.01144731585050571,55.52499999999999,0.1453334349383014,2.0,0.0,52.0,22.22486033519553,0.18225806451612914,1.8337988826815643,12.30000000000004,4.765363128491628,3.799999999999999,11.638683325043242,1,
4471,200,0.011435874256405718,62.02499999999998,0.14533639304094048,2.0,0.0,53.0,22.88125,0.07954545454545459,2.33,12.600000000000035,4.478750000000009,4.699999999999997,8.605111882987382,0,
4472,200,0.011424444098180933,53.399999999999984,0.14533714660814223,1.0,0.0,57.0,20.970631424375917,0.2398648648648649,0.7826725403817915,15.200000000000038,4.040234948604997,3.299999999999994,9.00932568569956,1,
4473,200,0.011413025364401209,52.67499999999996,0.14533830647298632,2.0,0.0,57.0,22.92065868263473,0.2466887417218544,1.3353293413173652,15.40000000000004,5.174251497005995,4.1999999999999975,14.87460986995299,1,
4474,200,0.011401618043647792,58.24999999999996,0.14534004221757788,2.0,0.0,62.0,23.454896907216494,0.17105263157894735,2.622422680412371,18.300000000000015,5.095103092783505,2.699999999999992,22.395941047037905,1,
4475,200,0.011390222124513367,36.349999999999994,0.14534140049500435,2.0,1.0,50.0,23.111627906976743,0.4876237623762376,0.5534883720930233,10.800000000000043,5.254418604651172,5.400000000000002,8.605224690236353,2,
4476,200,0.011378837595602027,56.14999999999999,0.14534493027477915,2.0,0.0,59.0,23.196531791907514,0.22169811320754707,2.241329479768786,16.20000000000004,5.385838150289027,4.900000000000035,13.129219923026072,1,
4477,200,0.01136746444552922,50.07499999999998,0.14534741715731364,2.0,0.0,49.0,21.933234421364986,0.21478873239436624,2.0385756676557865,10.500000000000046,4.601632047477752,4.35000000000001,8.44881415442194,1,
4478,200,0.011356102662921816,52.699999999999946,0.14535037093954994,2.0,0.0,56.0,22.824808184143222,0.14696969696969697,4.400255754475704,14.70000000000004,4.654347826086961,2.9499999999999966,15.618951650224192,2,
4479,200,0.011344752236418012,54.37499999999998,0.14535216020183267,2.0,0.0,55.0,22.830882352941178,0.21129032258064506,1.7,13.900000000000045,5.154411764705891,4.600000000000001,12.046418352980954,1,
4480,200,0.011333413154667387,51.42499999999999,0.1453521817907568,2.0,0.0,52.0,23.48440065681445,0.28214285714285714,0.12643678160919541,12.000000000000028,4.981937602627266,4.900000000000003,7.573947044866312,1,
4481,200,0.011322085406330874,55.624999999999986,0.14535469308065396,1.0,0.0,47.0,20.8218085106383,0.11688311688311681,1.4680851063829787,9.300000000000036,3.72819148936171,3.8000000000000025,5.355438114386703,1,
4482,200,0.0113107689800807,55.974999999999994,0.14535814888689258,1.0,1.0,45.0,21.0325,0.0652866242038217,3.07,8.60000000000001,3.3695,2.7999999999999963,4.839777312152095,0,
4483,200,0.011299463864600458,61.44999999999996,0.14536136205374506,2.0,0.0,54.0,23.13875,0.0814285714285714,2.41125,13.600000000000026,4.633250000000008,4.25,9.13875871681056,0,
4484,200,0.011288170048585013,42.449999999999996,0.1453637402188853,2.0,1.0,47.0,17.980263157894736,0.2887931034482759,0.4309210526315789,9.100000000000014,2.5881578947368387,2.099999999999994,3.663027568352807,2,
4485,200,0.011276887520740558,35.624999999999986,0.14536546862567395,2.0,1.0,51.0,22.34467120181406,0.48469387755102045,0.8979591836734694,11.60000000000003,4.98458049886622,5.3,10.047160839160894,2,
4486,200,0.011265616269784572,44.55,0.14536803802202086,2.0,0.0,43.0,20.876847290640395,0.27066115702479343,0.09359605911330049,8.200000000000014,3.4174055829228243,3.2999999999999976,3.7457169974115745,1,
4487,200,0.011254356284445785,44.8,0.14537215567936726,1.0,0.0,43.0,20.44334975369458,0.275,0.1724137931034483,6.6000000000000165,3.1573070607553344,2.999999999999996,1.6502671484038016,1,
4488,200,0.011243107553464221,53.149999999999984,0.14537451701811427,2.0,0.0,54.0,21.70262390670554,0.20945945945945943,1.9577259475218658,13.30000000000004,4.486151603498548,3.6999999999999993,11.902092988663366,1,
4489,200,0.011231870065591157,49.825,0.14537821526897482,1.0,0.0,48.0,20.35524256651017,0.25373134328358204,0.14397496087636932,9.70000000000003,3.4546165884194076,2.8999999999999875,4.856355995297844,1,
4490,200,0.011220643809589084,49.84999999999998,0.14538001004294623,2.0,1.0,50.0,23.10144927536232,0.2682481751824818,0.47020933977455714,11.200000000000026,4.913687600644129,5.000000000000022,6.8121813608547255,1,
4491,200,0.011209428774231766,54.34999999999998,0.14538374215538727,2.0,0.0,51.0,20.416893732970028,0.16176470588235303,1.7356948228882834,11.500000000000036,3.7399182561307938,2.6999999999999993,8.980262438399704,2,
4492,200,0.011198224948304147,48.59999999999997,0.14538684850075276,2.0,0.0,54.0,24.773399014778324,0.3266423357664233,1.3858784893267653,13.400000000000043,5.755336617405594,4.900000000000001,11.826411453839606,1,
4493,200,0.011187032320602409,55.22499999999998,0.14538798014344712,2.0,0.0,51.0,21.898843930635838,0.1919354838709677,1.1560693641618498,11.500000000000034,4.607225433526018,4.499999999999998,8.30664144024496,1,
4494,200,0.011175850879933932,51.949999999999996,0.1453889144416886,2.0,0.0,51.0,21.372670807453417,0.2534722222222222,2.3059006211180124,11.600000000000046,4.106521739130441,3.1999999999999993,11.003555426959473,1,
4495,200,0.011164680615117259,53.49999999999999,0.1453911101432843,2.0,0.0,47.0,20.04289544235925,0.12414965986394555,1.5388739946380696,10.300000000000015,3.304155495978552,2.599999999999997,6.086387770320692,1,
4496,200,0.011153521514982131,52.24999999999999,0.14539279334209043,2.0,0.0,49.0,20.690548780487806,0.221830985915493,1.1646341463414633,10.400000000000011,3.7789634146341458,3.1999999999999957,5.467009190514388,1,
4497,27,0.011142373568369456,1.1749999999999994,0.14539302776776936,1.0,0.0,3.0,1.0769230769230769,0,0.0,0.9,0.362820512820513,0.40000000000000013,0.05875554824921913,4,
4498,200,0.01113123676413127,52.65,0.14539425723061844,2.0,0.0,49.0,21.624048706240487,0.22887323943661975,0.8767123287671232,10.600000000000039,4.344901065449016,3.8999999999999995,8.23844438060648,1,
4499,200,0.011120111091130784,51.09999999999999,0.14539554665458218,1.0,0.0,47.0,20.531722054380666,0.21785714285714275,1.5347432024169185,9.200000000000045,3.715256797583084,3.0999999999999943,5.559100156762392,1,
4500,200,0.011108996538242306,36.899999999999984,0.1453975336111844,2.0,0.0,54.0,23.931603773584907,0.5072815533980582,0.03773584905660377,14.000000000000036,5.63938679245284,5.900000000000001,14.087371380892865,2,
4501,200,0.011097893094351293,31.65,0.1453998854667513,2.0,0.0,41.0,18.405963302752294,0.4676470588235294,0.0,5.70000000000001,2.5433486238532086,2.149999999999996,2.536551671532656,2,
4502,200,0.011086800748354308,61.37499999999997,0.145401434060593,2.0,1.0,56.0,23.668900804289546,0.14942528735632177,2.045576407506702,15.000000000000028,5.479758713136739,5.2500000000000036,12.889331949722909,1,
4503,200,0.011075719489158987,44.57499999999996,0.1454010177769809,2.0,0.0,58.0,24.0017094017094,0.35984848484848486,2.4581196581196583,16.100000000000037,5.824273504273514,4.7,20.18217062508779,2,
4504,200,0.011064649305684076,49.07499999999999,0.14540279330887163,2.0,0.0,47.0,21.35211267605634,0.23518518518518516,0.6025039123630673,9.100000000000016,4.052738654147108,3.7999999999999923,5.465197590125424,1,
4505,200,0.011053590186859403,43.44999999999999,0.14540322373998746,2.0,0.0,59.0,21.71086556169429,0.39919354838709675,1.5377532228360957,16.500000000000025,4.880847145488037,3.999999999999998,18.75623453440426,2,
4506,200,0.01104254212162583,55.42499999999999,0.1454056514801586,1.0,1.0,44.0,21.27,0.04617834394904463,2.61625,8.20000000000002,3.5120000000000067,3.899999999999998,2.7001102189222346,0,
4507,200,0.011031505098935307,59.699999999999974,0.14541005125227116,2.0,0.0,56.0,22.706806282722514,0.1546242774566473,2.4554973821989527,14.400000000000038,4.760471204188487,3.1999999999999975,16.123046248468892,1,
4508,200,0.011020479107750792,51.19999999999998,0.14541209131370367,2.0,0.0,49.0,22.333827893175073,0.21527777777777768,2.115727002967359,10.400000000000036,4.841988130563808,4.5,8.140287557096531,1,
4509,200,0.011009464137046305,55.47499999999997,0.14541554566808826,2.0,1.0,48.0,21.835078534031414,0.10443037974683533,2.073298429319372,10.800000000000017,4.237434554973828,4.350000000000014,8.578430104763665,1,
4510,200,0.010998460175806881,55.24999999999997,0.1454179609315591,2.0,0.0,54.0,21.43213296398892,0.18949044585987251,1.9182825484764543,13.40000000000003,4.2682825484764555,2.9999999999999947,14.011887918846439,1,
4511,200,0.01098746721302854,60.97499999999998,0.14542005395954738,2.0,1.0,58.0,24.100558659217878,0.18895348837209291,1.7458100558659218,15.900000000000036,5.890782122905042,5.500000000000016,13.981031687977381,1,
4512,200,0.010976485237718327,52.9,0.14542383924945496,2.0,0.0,50.0,20.825072886297377,0.19594594594594605,2.572886297376093,11.700000000000037,3.959620991253649,3.599999999999998,7.959887907861376,1,
4513,200,0.010965514238894277,52.02499999999996,0.14542529146246047,2.0,0.0,58.0,23.173352435530084,0.22756410256410264,2.7335243553008595,16.000000000000043,5.5247851002865405,3.399999999999996,21.3646587767318,2,
4514,200,0.01095455420558537,61.624999999999986,0.1454268660350934,2.0,0.0,49.0,21.6875,0.058139534883721034,1.75,10.400000000000018,3.762500000000004,3.099999999999998,6.737454277272348,0,
4515,200,0.01094360512683159,47.37499999999996,0.1454284256707383,2.0,0.0,69.0,22.682215743440235,0.2772108843537415,3.620991253644315,23.29999999999995,5.325801749271135,2.1999999999999957,41.8912454445967,2,
4516,200,0.01093266699168384,50.39999999999998,0.14543144537420116,2.0,0.0,61.0,24.496774193548386,0.32094594594594594,2.2161290322580647,18.000000000000004,6.342258064516135,4.55,29.727485139139397,2,
4517,200,0.010921739789203994,40.849999999999994,0.14543345881302527,1.0,0.0,49.0,20.973929236499067,0.37831858407079644,1.0707635009310987,10.600000000000035,4.352700186219746,4.1999999999999975,9.783122537868342,2,
4518,200,0.010910823508464855,52.49999999999997,0.1454387225026153,2.0,0.0,52.0,22.12257100149477,0.22619047619047628,1.2645739910313902,12.100000000000044,4.699252615844552,4.300000000000018,8.59659562963631,1,
4519,200,0.010899918138550124,48.624999999999986,0.14544369776753524,2.0,0.0,54.0,22.003129890453835,0.29074074074074074,0.9420970266040689,13.200000000000045,4.443348982785607,3.3999999999999972,9.516500979623904,1,
4520,200,0.01088902366855444,49.19999999999999,0.14544834655575384,2.0,0.0,51.0,23.45528455284553,0.2913533834586466,0.17560975609756097,12.20000000000003,5.048943089430901,4.799999999999998,7.5466814374551,1,
4521,200,0.010878140087583343,18.874999999999996,0.14544930283090504,2.0,0.0,48.0,18.62890625,0.6839622641509434,0.02734375,10.600000000000017,3.8816406250000024,2.799999999999998,12.109886778057561,3,
4522,200,0.01086726738475323,45.675,0.14544996789868364,2.0,0.0,46.0,19.87045813586098,0.26190476190476186,2.1627172195892577,9.000000000000021,3.107740916271722,2.599999999999997,5.145561134848092,1,
4523,200,0.010856405549191416,35.024999999999984,0.1454529903996169,1.0,0.0,52.0,23.287735849056602,0.5128865979381443,0.23113207547169812,12.200000000000042,5.253066037735861,5.300000000000008,7.932581894034278,2,
4524,200,0.010845554570036048,27.075,0.14545284667521846,2.0,1.0,51.0,16.736263736263737,0.5135135135135135,0.17857142857142858,11.70000000000004,3.6793956043956126,2.1999999999999984,11.215676591569578,3,
4525,200,0.010834714436436152,50.87499999999999,0.14545519079015562,2.0,0.0,45.0,19.353535353535353,0.17198581560283688,1.2813852813852813,8.200000000000037,3.0802308802308844,2.2999999999999954,4.865232588162816,1,
4526,200,0.010823885137551606,51.52499999999999,0.14545802943869013,2.0,0.0,54.0,20.21706586826347,0.24650349650349646,2.194610778443114,13.400000000000041,3.5520958083832386,2.1999999999999957,7.968651190100081,1,
4527,200,0.01081306666255309,48.89999999999999,0.14546110192822648,2.0,0.0,50.0,21.278033794162827,0.25735294117647056,0.728110599078341,10.900000000000041,4.100614439324125,3.6999999999999984,7.93405828220866,1,
4528,200,0.010802259000622138,60.32499999999999,0.1454646291278348,2.0,0.0,52.0,21.29356568364611,0.14520958083832336,1.4544235924932976,12.400000000000018,4.054557640750674,2.899999999999997,10.988477525313845,1,
4529,200,0.010791462140951094,50.17499999999997,0.14546693222504822,2.0,1.0,59.0,24.05040650406504,0.33391608391608396,2.1447154471544714,16.500000000000036,5.406016260162607,3.699999999999998,20.402407991031875,1,
4530,200,0.010780676072743084,46.82499999999999,0.14546959051109665,2.0,0.0,57.0,20.7442996742671,0.29887218045112784,1.3110749185667752,15.100000000000044,4.639902280130297,2.9999999999999973,17.495245745964898,2,
4531,200,0.010769900785212052,53.074999999999974,0.14547273187898185,2.0,0.0,58.0,24.049441786283893,0.29333333333333333,1.5279106858054226,15.800000000000045,5.552312599681032,4.700000000000002,14.24275416658197,1,
4532,200,0.010759136267582695,50.47499999999998,0.1454763914271188,1.0,0.0,50.0,21.138968481375358,0.193661971830986,1.527220630372493,10.800000000000043,4.149426934097426,3.249999999999993,9.439882944070607,1,
4533,200,0.0107483825090905,56.524999999999956,0.1454809260949098,2.0,0.0,61.0,21.57860824742268,0.15963855421686746,2.48840206185567,17.499999999999996,3.9693298969072166,2.499999999999998,16.343983393531833,1,
4534,200,0.01073763949898172,37.324999999999996,0.1454841061726283,2.0,1.0,48.0,19.91816367265469,0.39077669902912626,0.6187624750499002,9.70000000000005,4.181636726546913,4.199999999999992,7.6100324302789595,2,
4535,200,0.010726907226513326,59.24999999999996,0.1454865831094409,2.0,0.0,60.0,24.53375,0.13700564971751406,4.59625,17.000000000000036,5.470250000000006,3.6999999999999975,20.63379717780818,0,
4536,200,0.01071618568095305,40.32499999999999,0.14548947783371743,2.0,0.0,54.0,22.260593220338983,0.4409090909090909,0.4724576271186441,13.500000000000034,5.340466101694923,5.000000000000002,13.977598964014389,2,
4537,200,0.01070547485157936,53.67499999999998,0.1454919099517188,2.0,0.0,52.0,22.544600938967136,0.25,2.3176838810641627,12.600000000000032,4.768231611893589,3.999999999999998,10.111801136363683,1,
4538,200,0.010694774727681404,51.64999999999999,0.14549700672245225,2.0,0.0,49.0,21.740181268882175,0.215034965034965,1.5453172205438066,10.800000000000031,4.440332326283999,4.600000000000004,6.712270794969966,1,
4539,200,0.010684085298559074,53.14999999999998,0.14550072948478637,2.0,0.0,57.0,21.936416184971097,0.24006622516556297,1.079479768786127,15.00000000000003,4.629768786127172,3.2499999999999964,14.684549109035435,2,
4540,200,0.010673406553522925,50.09999999999997,0.1455033624581989,2.0,0.0,56.0,23.67149758454106,0.31643356643356646,1.288244766505636,14.700000000000038,5.255716586151376,4.099999999999998,15.908273467482733,1,
4541,200,0.010662738481894219,56.44999999999999,0.14550722707467373,2.0,1.0,55.0,22.71191553544495,0.24044585987261136,2.636500754147813,13.800000000000036,5.028205128205138,4.299999999999998,14.238799457649414,1,
4542,200,0.010652081073004893,47.89999999999999,0.1455129948844883,2.0,0.0,48.0,23.980295566502463,0.2805343511450382,0.6075533661740559,10.200000000000035,5.279474548440077,5.500000000000001,5.3783288395168745,1,
4543,200,0.010641434316197518,53.624999999999986,0.14551726306680027,2.0,0.0,53.0,21.779411764705884,0.21644295302013417,1.2588235294117647,12.600000000000035,4.523529411764712,3.8999999999999977,8.962877514873572,1,
4544,200,0.010630798200825346,41.325,0.14551903666049437,2.0,0.0,47.0,19.260473588342442,0.3429203539823009,0.0,9.100000000000037,3.69581056466303,3.499999999999996,6.943812408759172,2,
4545,200,0.01062017271625227,57.34999999999996,0.14552214702397098,2.0,0.0,58.0,21.945,0.11969696969696964,2.31375,15.900000000000036,3.917000000000006,3.099999999999998,11.593879115436172,0,
4546,200,0.010609557851852787,45.849999999999994,0.14552313890789886,2.0,0.0,48.0,20.08374384236453,0.30691056910569103,0.36288998357963875,9.600000000000021,2.941543513957305,2.0999999999999996,4.267267579810198,1,
4547,200,0.010598953597012047,53.900000000000006,0.1455254830267101,2.0,0.0,53.0,21.943148688046648,0.20302013422818788,1.7667638483965014,12.600000000000046,4.630466472303217,4.600000000000025,8.851495850997212,1,
4548,200,0.01058835994112578,54.17499999999998,0.14553005766222352,2.0,1.0,57.0,22.42794117647059,0.2435483870967743,3.488235294117647,15.90000000000004,4.9126470588235325,2.649999999999995,20.06153049638958,1,
4549,200,0.010577776873600335,38.92499999999999,0.14552939003424983,2.0,1.0,55.0,22.742919389978212,0.4629629629629629,1.5010893246187365,14.20000000000003,5.476034858387808,5.40000000000001,14.767121036643328,2,
4550,200,0.010567204383852655,39.5,0.14552994132731895,1.0,0.0,47.0,18.016574585635357,0.3341121495327103,1.427255985267035,9.500000000000025,3.213443830570905,2.2999999999999976,7.229880616453252,2,
4551,200,0.010556642461310231,51.77499999999996,0.14553176010701838,2.0,0.0,57.0,24.18196457326892,0.31418918918918914,0.856682769726248,15.100000000000026,5.5619967793880924,4.200000000000006,16.208549476195483,1,
4552,200,0.010546091095411146,47.55,0.14553206248949957,1.0,0.0,42.0,19.33385579937304,0.2224409448818898,0.8244514106583072,6.300000000000003,2.8327586206896567,2.7999999999999927,2.166377336055415,1,
4553,200,0.010535550275604046,49.44999999999999,0.14553256217588828,2.0,1.0,56.0,21.908212560386474,0.29744525547445255,1.6264090177133654,14.400000000000041,4.19774557165862,3.700000000000014,9.485784410330947,1,
4554,200,0.01052501999134809,35.1,0.14553488949217003,2.0,0.0,45.0,18.95,0.43229166666666663,0.0,8.000000000000023,3.227173913043481,3.4499999999999957,5.485917939120719,2,
4555,200,0.010514500232113012,20.599999999999998,0.1455364297135849,2.0,0.0,56.0,23.11587982832618,0.7412280701754386,0.0,14.400000000000032,5.954077253218892,5.5,19.45108200707348,3,
4556,200,0.010503990987379034,53.699999999999974,0.14554001908095987,2.0,0.0,57.0,23.0042194092827,0.1993670886075949,2.1068917018284106,15.500000000000037,5.524191279887492,4.0000000000000036,22.170541620509674,2,
4557,200,0.010493492246636918,53.549999999999976,0.14554124893989873,2.0,0.0,50.0,22.37193460490463,0.14542483660130712,2.9877384196185286,11.100000000000026,4.775613079019084,4.800000000000019,8.53330395077546,1,
4558,200,0.010483003999387931,38.325,0.14554296344138198,2.0,0.0,49.0,18.57699805068226,0.3738095238095238,0.5263157894736842,10.200000000000047,3.470955165692013,2.2999999999999954,7.811057423395015,2,
4559,200,0.010472526235143808,49.32499999999999,0.14554362307515903,2.0,0.0,50.0,20.768025078369906,0.2682481751824818,1.4231974921630095,11.200000000000028,3.6932601880877756,2.599999999999996,7.435568453455816,1,
4560,200,0.010462058943426795,52.749999999999986,0.14554544022326474,2.0,0.0,57.0,22.917073170731708,0.30208333333333337,0.7447154471544716,15.300000000000033,4.726016260162601,3.3999999999999964,12.409632387156874,1,
4561,200,0.010451602113769604,51.85,0.14554724772293634,1.0,0.0,49.0,21.943661971830984,0.2464788732394365,1.3145539906103287,10.900000000000032,4.407668231611899,3.8999999999999995,6.527140282131708,1,
4562,200,0.01044115573571539,34.724999999999994,0.14554769514625587,2.0,0.0,47.0,22.139908256880734,0.4787234042553191,0.02981651376146789,9.200000000000037,4.783715596330284,4.8000000000000025,6.395479470790966,2,
4563,200,0.01043071979881779,38.974999999999994,0.14554886130818484,2.0,0.0,53.0,25.230232558139534,0.4928571428571429,0.07441860465116279,12.700000000000033,6.525581395348847,6.650000000000007,14.800076798684772,2,
4564,200,0.01042029429264085,48.47499999999999,0.1455501137861073,2.0,0.0,44.0,22.106280193236714,0.23863636363636354,0.5571658615136876,7.500000000000042,4.31658615136877,4.8000000000000105,3.9508301524738476,1,
4565,200,0.01040987920675907,60.92499999999997,0.14555280444290025,2.0,0.0,53.0,23.1475,0.09770114942528729,2.47375,12.900000000000041,4.63850000000001,3.8999999999999986,9.099831968487525,1,
4566,200,0.010399474530757374,38.1,0.14555514340246228,1.0,0.0,47.0,19.424430641821946,0.39903846153846156,0.2939958592132505,9.200000000000024,3.7654244306418216,3.1999999999999953,5.670402335310886,2,
4567,200,0.010389080254231065,57.02499999999997,0.1455588268816744,2.0,0.0,58.0,22.63351498637602,0.1763803680981595,2.0286103542234333,15.800000000000022,4.932561307901912,3.2999999999999963,13.398079071191994,1,
4568,200,0.010378696366785877,62.724999999999966,0.14556019778095852,2.0,0.0,57.0,24.1025,0.1115819209039548,1.97375,15.000000000000034,5.21150000000001,4.550000000000015,12.195386805291964,0,
4569,200,0.01036832285803793,56.57499999999998,0.14556156129390097,2.0,0.0,51.0,21.952319587628867,0.1116352201257862,1.4742268041237114,12.100000000000039,4.193556701030935,3.500000000000014,11.326059766679203,1,
4570,200,0.010357959717613696,55.649999999999984,0.14556387701901663,2.0,1.0,53.0,22.917630057803468,0.18870967741935485,1.504335260115607,13.000000000000037,5.218497109826597,4.300000000000001,9.830632143222656,1,
4571,200,0.010347606935150052,39.275,0.14556663873192788,2.0,0.0,43.0,19.69060773480663,0.352803738317757,0.3848987108655617,7.100000000000017,3.537200736648258,4.000000000000009,4.636348220099894,2,
4572,200,0.010337264500294195,42.3,0.14556888890456504,1.0,0.0,52.0,20.820564516129032,0.40086206896551724,0.5483870967741935,12.00000000000002,4.668346774193551,3.499999999999994,13.365766111822492,2,
4573,200,0.010326932402703702,50.67499999999998,0.14556912598729618,2.0,0.0,51.0,22.55008210180624,0.28260869565217395,0.7816091954022989,11.500000000000025,4.421346469622338,4.399999999999994,5.534600301984509,1,
4574,200,0.01031661063204648,50.59999999999998,0.14557172872158036,2.0,1.0,58.0,23.77504105090312,0.3199300699300699,1.257799671592775,16.00000000000003,5.156321839080462,3.3999999999999977,16.92365509059543,1,
4575,200,0.01030629917800074,53.599999999999994,0.14557576513367557,2.0,0.0,56.0,21.588419405320813,0.2835570469798657,1.7089201877934272,14.400000000000038,4.194522691705794,2.799999999999998,13.150909874608208,1,
4576,200,0.010295998030255039,50.224999999999994,0.14557927739181145,2.0,0.0,56.0,20.113300492610836,0.3115942028985508,0.5073891625615764,14.600000000000033,3.9868637110016496,2.8999999999999972,13.218582290767976,2,
4577,200,0.010285707178508234,61.42499999999999,0.14557996302581794,2.0,0.0,49.0,21.9825,0.07163742690058483,2.6075,10.600000000000044,3.939500000000005,3.6999999999999975,7.312651176017523,0,
4578,200,0.010275426612469454,40.325,0.1455809038184667,2.0,0.0,52.0,24.724137931034484,0.4742990654205608,0.05747126436781609,12.300000000000042,6.317471264367831,6.7000000000000135,11.65782532871103,2,
4579,200,0.010265156321858154,65.375,0.1455832494033144,2.0,0.0,47.0,22.875,0.0377094972067038,1.2475,10.100000000000026,4.475000000000005,3.7999999999999954,8.284987945293723,0,
4580,200,0.010254896296404022,61.39999999999995,0.14558655499719275,2.0,0.0,52.0,22.9525,0.08615819209039555,3.0675,12.200000000000019,4.521500000000003,3.599999999999995,12.733707646418264,0,
4581,200,0.010244646525847041,39.24999999999999,0.14558996000883653,2.0,0.0,52.0,18.050279329608937,0.36818181818181817,1.3333333333333333,12.30000000000003,3.1549348230912484,1.8999999999999995,9.699976696443477,2,
4582,200,0.010234406999937449,60.549999999999976,0.1455932833091164,2.0,0.0,62.0,22.75,0.12861271676300579,2.98,18.00000000000001,4.400000000000004,3.5999999999999934,12.971370267766098,0,
4583,200,0.010224177708435698,55.64999999999998,0.1455941190570559,2.0,0.0,51.0,22.067024128686327,0.13782051282051277,1.801608579088472,11.500000000000037,4.518632707774808,4.699999999999999,7.814479196427822,1,
4584,200,0.01021395864111251,36.47499999999999,0.14559329700039234,2.0,1.0,49.0,22.224489795918366,0.47,0.05668934240362812,10.500000000000023,4.912471655328805,4.9,9.123814273961385,2,
4585,200,0.010203749787748823,63.94999999999996,0.14559621160916777,2.0,0.0,53.0,24.11125,0.0887978142076502,2.43,12.800000000000033,5.216750000000009,4.300000000000006,9.939684968257843,0,
4586,200,0.010193551138135765,57.04999999999998,0.14559924384947534,2.0,0.0,45.0,21.4825,0.039808917197452276,2.02875,9.000000000000025,3.639500000000003,3.0999999999999925,5.405998196872224,0,
4587,200,0.010183362682074704,54.72499999999999,0.14560110711250243,2.0,0.0,55.0,22.85126582278481,0.28,1.4129746835443038,13.90000000000003,4.886075949367094,3.7999999999999985,12.192748039046382,1,
4588,200,0.010173184409377162,57.974999999999994,0.1456024424570831,2.0,0.0,50.0,21.76536312849162,0.1640127388535031,0.9567039106145251,10.800000000000047,4.48966480446928,3.6999999999999935,10.346086549433915,1,
4589,200,0.01016301630986488,61.699999999999974,0.14560689308574526,2.0,0.0,53.0,22.52875,0.08908045977011492,2.8825,13.400000000000043,4.267250000000008,3.2999999999999927,9.82444278819194,0,
4590,200,0.010152858373369763,46.49999999999997,0.1456109214215332,2.0,1.0,48.0,20.499178981937604,0.2965116279069767,0.5582922824302134,10.300000000000031,3.190804597701149,1.899999999999995,7.53123295944784,1,
4591,200,0.010142710589733856,62.399999999999984,0.14561328632584578,2.0,0.0,50.0,22.3375,0.06791907514450868,1.60125,10.90000000000004,4.152500000000003,3.399999999999996,7.0419547530543545,0,
4592,200,0.010132572948809385,59.57499999999999,0.14561505722951465,2.0,0.0,46.0,22.165,0.05239520958083843,2.205,8.500000000000039,4.049000000000008,4.200000000000011,5.5035575993087855,0,
4593,200,0.010122445440458715,47.124999999999986,0.14561476681942429,2.0,0.0,54.0,21.365539452495973,0.30681818181818177,2.534621578099839,13.500000000000032,3.8721417069243165,2.999999999999991,9.288636085468363,1,
4594,200,0.010112328054554321,51.124999999999964,0.1456162623726117,2.0,1.0,57.0,22.31864904552129,0.25,1.8325991189427313,15.600000000000044,4.849045521292225,2.3999999999999986,20.705598067966314,1,
4595,200,0.010102220780978834,49.42499999999999,0.14561782077209573,2.0,1.0,45.0,19.992012779552716,0.2350746268656716,0.7987220447284346,8.00000000000001,3.1065495207667735,2.7999999999999923,3.2546139712918736,1,
4596,200,0.01009212360962496,55.27499999999997,0.14562090233440975,2.0,0.0,65.0,23.368194842406876,0.25310559006211175,1.67621776504298,20.099999999999984,5.641690544412611,3.2999999999999954,27.5613127382221,2,
4597,200,0.010082036530395536,48.024999999999956,0.1456225916946658,1.0,0.0,62.0,20.595588235294116,0.2637931034482759,3.5485294117647057,18.100000000000023,3.8132352941176513,2.9999999999999956,13.089029604302834,1,
4598,200,0.01007195953320349,50.8,0.14562273083179794,2.0,0.0,50.0,21.317230273752013,0.27919708029197077,0.9452495974235104,11.000000000000009,3.843156199677941,2.499999999999993,9.118451042423041,1,
4599,200,0.010061892607971811,39.75000000000001,0.14562564905805486,2.0,0.0,49.0,19.32015065913371,0.3590909090909091,0.455743879472693,10.400000000000041,3.9143126177024565,3.799999999999998,9.242954106965588,2,
4600,200,0.010051835744633576,41.675,0.14562665924166354,1.0,0.0,48.0,20.12072072072072,0.35526315789473684,0.8288288288288288,9.600000000000032,3.8293693693693744,3.7999999999999967,6.05474268238843,2,
4601,200,0.010041788933131934,54.87499999999997,0.14562901328386496,1.0,0.0,47.0,22.064935064935064,0.11217948717948723,2.4753246753246754,10.70000000000003,4.320129870129878,3.7000000000000095,8.641544428309102,1,
4602,200,0.010031752163420051,63.99999999999999,0.14563152208260266,2.0,1.0,48.0,22.65625,0.0585714285714285,1.7675,9.600000000000026,4.343750000000004,3.9500000000000006,5.939495217961332,0,
4603,200,0.010021725425461177,57.849999999999966,0.14563235920471887,2.0,0.0,56.0,22.224274406332455,0.16265060240963858,2.5263852242744065,14.500000000000039,4.522295514511878,2.8999999999999986,13.246742324166455,1,
4604,200,0.010011708709228555,58.175,0.14563750885272864,1.0,0.0,43.0,19.9775,0.045597484276729494,2.3925,6.6999999999999975,2.7364999999999995,2.2500000000000058,2.618621841596639,0,
