,episode,end_day,epsilon,mean_reward,mean_loss,max_berries,mean_berries,max_berries_consumed,mean_berries_consumed,gini_berries_consumed,mean_berries_thrown,max_health,mean_health,median_health,variance_health,deceased,num_emerged_norms
0,1,21,0.9990004998333751,-1.25,0,1.0,0.11320754716981132,2.0,0.8867924528301887,0,0.49056603773584906,1.4,0.5452830188679245,0.5000000000000001,0.154833091436865,4,
0,2,9,0.9980019986673332,-1.9,0,1.0,0.19444444444444445,0.0,0.0,0,0.0,0.7000000000000001,0.3111111111111112,0.30000000000000016,0.06044444444444444,4,
0,3,21,0.9970044955033731,-1.7999999999999998,1.5475444806946648,1.0,0.125,2.0,0.5,0,0.0,0.8000000000000003,0.3458333333333335,0.35000000000000026,0.05870567375886525,4,
0,4,15,0.9960079893439916,-1.65,2.4688051069555725,1.0,0.21428571428571427,1.0,0.21428571428571427,0,0.0,0.7000000000000002,0.3309523809523811,0.3000000000000002,0.05828687572590011,4,
0,5,9,0.9950124791926824,-2.25,2.7407461223454255,1.0,0.027777777777777776,0.0,0.0,0,0.0,0.7000000000000001,0.3111111111111112,0.30000000000000016,0.06044444444444444,4,
0,6,15,0.9940179640539354,-2.0,2.805592903526372,1.0,0.14285714285714285,1.0,0.2619047619047619,0,0.0,0.9,0.35952380952380963,0.40000000000000013,0.07027293844367015,4,
0,7,9,0.9930244429332352,-2.3499999999999996,2.8212735883570605,1.0,0.05555555555555555,0.0,0.0,0,0.0,0.7000000000000001,0.3111111111111112,0.30000000000000016,0.06044444444444444,4,
0,8,9,0.9920319148370607,-2.05,2.7620136245639886,1.0,0.19444444444444445,0.0,0.0,0,0.0,0.7000000000000001,0.3111111111111112,0.30000000000000016,0.06044444444444444,4,
0,9,21,0.9910403787728838,-0.7999999999999998,2.6407050772697023,1.0,0.3148148148148148,2.0,0.8148148148148148,0,0.35185185185185186,1.2,0.4796296296296297,0.5000000000000001,0.11297344514325645,4,
0,10,15,0.9900498337491681,-1.75,2.5283344098816953,1.0,0.09523809523809523,1.0,0.19047619047619047,0,0.0,0.7000000000000001,0.3166666666666668,0.30000000000000016,0.056056910569105695,4,
