episode,end_day,epsilon,mean_reward,mean_loss,max_berries,mean_berries,max_berries_consumed,mean_berries_consumed,gini_berries_consumed,mean_berries_thrown,max_health,mean_health,median_health,variance_health,deceased,num_emerged_norms
1,200,0,39.89999999999996,0,0.0,0.0,0.0,0.0,0.46111111111111114,0.0,0.7000000000000001,0.7000000000000001,0.7000000000000001,0.0,2,8
2,200,0,41.67499999999998,0,1.0,1.0,0.0,0.0,0.38829787234042556,0.0,0.7000000000000001,0.7,0.7000000000000001,1.2350603547366466e-32,2,6
3,200,0,23.199999999999957,0,0.0,0.0,0.0,0.0,0.6379310344827587,0.0,0.7000000000000001,0.7000000000000001,0.7000000000000001,0.0,3,2
4,200,0,41.9,0,0.0,0.0,0.0,0.0,0.5441176470588235,0.0,0.7000000000000001,0.7000000000000001,0.7000000000000001,0.0,2,5
5,200,0,28.600000000000005,0,0.0,0.0,0.0,0.0,0.4954545454545455,0.0,0.7000000000000001,0.7000000000000002,0.7000000000000001,1.2362966513880347e-32,3,5
6,200,0,35.97499999999995,0,0.0,0.0,0.0,0.0,0.3879310344827587,0.0,0.7000000000000001,0.7,0.7000000000000001,1.235179221356275e-32,2,5
7,200,0,42.49999999999997,0,0.0,0.0,0.0,0.0,0.31770833333333337,0.0,0.7000000000000001,0.7000000000000002,0.7000000000000001,1.2348444256567504e-32,2,10
