episode,end_day,epsilon,mean_reward,mean_loss,max_berries,mean_berries,max_berries_consumed,mean_berries_consumed,gini_berries_consumed,mean_berries_thrown,max_health,mean_health,median_health,variance_health,deceased,num_emerged_norms
1,200,0,11.424999999999997,0,2.0,0.0,34.0,14.373949579831933,0.7222222222222222,0.0,1.7999999999999958,0.9294117647058799,0.9,0.15846547675793904,3,4
2,200,0,25.374999999999993,0,1.0,0.0,42.0,17.877232142857142,0.4668674698795181,2.408482142857143,6.100000000000011,2.4015624999999976,2.2999999999999954,2.2848080497052865,2,21
3,200,0,14.624999999999991,0,3.0,0.0,43.0,17.681632653061225,0.7065217391304348,0.02857142857142857,7.100000000000016,3.044489795918368,2.999999999999996,4.396502065840344,3,4
4,200,0,13.849999999999998,0,2.0,0.0,32.0,12.822147651006711,0.6136363636363636,0.09395973154362416,1.4999999999999987,0.631543624161074,0.6000000000000008,0.08491199621634386,3,14
5,200,0,28.54999999999999,0,2.0,0.0,43.0,16.077551020408162,0.3960674157303371,0.6183673469387755,6.700000000000013,1.8130612244897935,1.4999999999999953,2.0275929512409503,2,28
6,75,0,3.275000000000002,0,2.0,0.0,11.0,4.216666666666667,0,0.0,1.5000000000000009,0.5683333333333338,0.6000000000000001,0.09183693312035565,4,9
7,200,0,23.474999999999994,0,2.0,0.0,42.0,16.70631067961165,0.5102739726027398,0.5364077669902912,6.200000000000016,2.079854368932039,1.2999999999999992,3.217744177963166,3,16
8,63,0,3.5500000000000003,0,1.0,0.0,9.0,3.283333333333333,0,0.0,1.0000000000000004,0.36833333333333373,0.40000000000000013,0.05816792832835614,4,9
9,200,0,22.349999999999987,0,2.0,0.0,34.0,16.380382775119617,0.5,0.5215311004784688,2.0999999999999925,0.989952153110046,0.9999999999999981,0.19157477836346523,2,14
10,200,0,23.674999999999986,0,2.0,0.0,39.0,17.394736842105264,0.5171232876712328,0.0,4.29999999999999,1.598564593301433,1.299999999999999,1.2119665985588548,2,14
11,200,0,36.149999999999984,0,1.0,0.0,39.0,18.711001642036123,0.25877192982456143,2.7323481116584567,5.400000000000004,2.1178981937602606,1.899999999999999,1.6841012726488365,1,16
12,200,0,13.474999999999996,0,3.0,1.0,36.0,14.813688212927756,0.6428571428571429,0.10646387832699619,3.099999999999987,1.7422053231939112,1.9999999999999978,0.6549962410363115,3,10
13,200,0,38.97499999999999,0,2.0,0.0,47.0,18.823161189358373,0.262,2.352112676056338,9.000000000000021,2.5353677621283235,2.0999999999999956,3.427051724137943,1,14
14,200,0,35.39999999999999,0,1.0,0.0,39.0,18.607553366174056,0.2633928571428571,2.592775041050903,4.899999999999993,2.055829228243017,1.7999999999999945,1.2808931190681592,1,12
15,200,0,25.97499999999999,0,1.0,0.0,40.0,17.212053571428573,0.46341463414634143,0.9352678571428571,4.999999999999993,1.9703124999999961,1.999999999999994,1.2293703133485732,2,21
16,45,0,1.5250000000000004,0,1.0,0.0,6.0,2.2666666666666666,0,0.0,1.2000000000000002,0.49444444444444463,0.5000000000000002,0.0860908754167181,4,8
17,200,0,11.124999999999995,0,2.0,0.0,34.0,14.484978540772532,0.7357142857142858,0.0,1.6,0.7755364806866945,0.7000000000000005,0.17155061892130793,3,7
18,200,0,24.27499999999999,0,1.0,0.0,35.0,15.791845493562231,0.42307692307692313,1.4656652360515021,2.8999999999999955,1.2845493562231733,1.1999999999999977,0.5101069742810401,2,22
19,104,0,5.099999999999993,0,1.0,0.0,16.0,6.709677419354839,0,0.632258064516129,2.799999999999998,0.9780645161290317,0.7000000000000001,0.5564452214452206,4,5
20,200,0,23.54999999999999,0,1.0,0.0,37.0,17.72248803827751,0.5034246575342466,1.0287081339712918,3.4999999999999933,1.7952153110047802,1.6999999999999933,0.7776849069670222,2,13
21,56,0,3.975000000000002,0,1.0,0.0,8.0,3.572519083969466,0,0.2595419847328244,1.5999999999999992,0.5893129770992366,0.6000000000000001,0.1290536130536129,4,12
22,200,0,26.57499999999999,0,1.0,0.0,39.0,16.85169491525424,0.4088235294117647,1.5021186440677967,4.29999999999999,2.095127118644063,2.1999999999999975,1.2977998770103567,2,23
23,200,0,14.449999999999998,0,2.0,0.0,34.0,13.457337883959044,0.6277777777777778,0.0,2.3999999999999964,1.0119453924914659,0.8999999999999999,0.3941622402385587,3,11
24,200,0,37.59999999999998,0,2.0,0.0,46.0,20.128455284552846,0.27419354838709675,4.7544715447154475,8.600000000000026,3.052845528455284,2.7999999999999883,3.0485812640128778,1,11
25,200,0,26.74999999999999,0,2.0,0.0,38.0,17.185022026431717,0.4390243902439024,0.19162995594713655,4.199999999999992,2.05859030837004,1.9999999999999942,1.3515957596487316,2,22
26,200,0,16.44999999999999,0,3.0,0.0,43.0,15.469750889679716,0.6346153846153846,0.0,6.700000000000014,2.411032028469752,1.9,4.679332573454921,3,12
27,200,0,16.374999999999996,0,2.0,0.0,37.0,12.721518987341772,0.5480769230769231,0.0,3.599999999999993,1.1072784810126572,0.7500000000000003,0.7839738621000414,3,16
28,74,0,3.3750000000000018,0,2.0,0.0,11.0,4.184873949579832,0,0.0,1.5000000000000004,0.5882352941176472,0.5000000000000006,0.13583757062146887,4,7
29,200,0,36.374999999999986,0,1.0,0.0,38.0,18.012759170653908,0.23245614035087714,2.3094098883572567,4.59999999999999,1.9303030303030255,1.9999999999999938,1.0862615229645245,1,20
30,200,0,24.874999999999993,0,2.0,0.0,41.0,17.70232558139535,0.506578947368421,0.5395348837209303,5.9000000000000155,2.0088372093023237,1.6999999999999915,2.1557940280910217,2,15
31,200,0,24.59999999999999,0,1.0,0.0,40.0,17.6,0.5,0.5790697674418605,5.0,1.9474418604651116,1.5999999999999897,1.4158034386340623,2,15
32,200,0,23.749999999999993,0,1.0,0.0,38.0,17.528708133971293,0.5067567567567568,1.5669856459330143,3.7999999999999874,1.6789473684210485,1.5999999999999954,0.8012360135757681,2,14
33,194,0,11.425,0,2.0,0.0,31.0,12.623134328358208,0,0.07835820895522388,1.7999999999999972,0.8444029850746245,0.8,0.17015760967935048,4,16
34,33,0,0.5250000000000002,0,1.0,0.0,4.0,1.2424242424242424,0,0.0,0.8000000000000004,0.3833333333333335,0.4000000000000002,0.05412858783008037,4,9
35,200,0,12.924999999999997,0,2.0,0.0,36.0,14.079681274900398,0.7,0.0,2.599999999999991,0.981673306772906,1.0,0.27536571428571205,3,8
36,200,0,25.22499999999998,0,2.0,0.0,44.0,18.413875598086126,0.532051282051282,0.3444976076555024,7.500000000000008,2.210047846889949,1.699999999999999,2.8284319751835807,2,13
37,200,0,25.77499999999998,0,2.0,0.0,40.0,18.0188679245283,0.49683544303797467,0.0,5.200000000000006,2.0917452830188665,1.7999999999999967,2.2629869002920304,2,11
38,200,0,20.199999999999992,0,2.0,0.0,41.0,13.28099173553719,0.4653846153846154,1.699724517906336,5.699999999999999,1.5622589531680429,0.999999999999999,1.9295268957561749,3,18
39,200,0,23.624999999999993,0,1.0,0.0,36.0,17.123255813953488,0.476027397260274,0.7209302325581395,3.399999999999991,1.6697674418604613,1.5999999999999914,0.7692296875591499,2,15
40,92,0,4.0749999999999975,0,2.0,0.0,14.0,5.679389312977099,0,0.0,1.5999999999999992,0.6992366412213739,0.7000000000000001,0.15596270396270379,4,3
41,39,0,0.6500000000000002,0,1.0,0.0,5.0,1.6666666666666667,0,0.0,0.9,0.41969696969696985,0.4000000000000003,0.06492996555683121,4,1
42,200,0,22.27499999999999,0,1.0,0.0,34.0,17.098086124401913,0.5,0.33253588516746413,3.09999999999999,1.420574162679421,1.2999999999999952,0.48934027002741165,2,7
43,200,0,36.274999999999984,0,1.0,1.0,41.0,17.878164556962027,0.24137931034482762,2.776898734177215,5.499999999999998,1.9022151898734132,1.7999999999999983,1.0080355913405044,1,18
44,27,0,0.12499999999999978,0,2.0,0.0,3.0,1.0166666666666666,0,0.0,1.3,0.4366666666666667,0.40000000000000013,0.10335093081411499,4,6
45,200,0,35.79999999999999,0,1.0,0.0,41.0,18.720853858784892,0.2760869565217391,2.405582922824302,6.300000000000008,2.123809523809521,1.6999999999999957,2.3260239430543574,1,12
46,27,0,0.5500000000000002,0,2.0,0.0,3.0,1.0333333333333334,0,0.0,1.2,0.4466666666666667,0.4500000000000001,0.0945151430953042,4,5
47,116,0,5.024999999999994,0,1.0,0.0,18.0,8.574193548387097,0,0.0,2.899999999999995,1.361290322580643,1.2999999999999994,0.7159507159507138,4,5
48,123,0,5.850000000000001,0,2.0,0.0,19.0,7.660493827160494,0,0.0,1.0,0.4932098765432102,0.5000000000000002,0.06261060092215062,4,7
49,140,0,6.674999999999992,0,1.0,0.0,22.0,10.230366492146597,0,0.0,3.5999999999999934,1.431413612565442,1.3999999999999981,0.9271014254385926,4,3
50,39,0,1.8250000000000004,0,1.0,0.0,5.0,1.988888888888889,0,0.0,1.2,0.527777777777778,0.5500000000000003,0.09335103099148043,4,9
51,200,0,20.474999999999994,0,2.0,1.0,33.0,12.450839328537171,0.40384615384615385,1.2781774580335732,1.9999999999999991,0.7434052757793763,0.7000000000000003,0.12591047110783943,3,26
52,200,0,27.29999999999998,0,2.0,0.0,38.0,16.429752066115704,0.382183908045977,0.48140495867768596,4.299999999999989,1.96260330578512,2.099999999999998,1.288214424451978,2,22
53,200,0,22.174999999999983,0,2.0,0.0,36.0,17.25598086124402,0.5035211267605634,0.0,2.9999999999999956,1.5153110047846847,1.5999999999999976,0.4939789266438844,2,14
54,51,0,1.3,0,1.0,0.0,7.0,2.4615384615384617,0,0.0,0.8000000000000007,0.4089743589743594,0.40000000000000063,0.05236396514877529,4,1
55,200,0,38.57499999999998,0,2.0,1.0,42.0,18.400316455696203,0.2337398373983739,4.481012658227848,6.1999999999999975,2.215506329113921,2.1999999999999966,1.794827338435686,1,21
56,27,0,1.0,0,2.0,0.0,3.0,1.0138888888888888,0,0.0,0.7000000000000003,0.3388888888888891,0.30000000000000043,0.04710785259502219,4,9
57,200,0,24.59999999999999,0,1.0,0.0,38.0,17.58256880733945,0.47077922077922074,1.6536697247706422,3.899999999999993,2.0493119266054998,2.2999999999999883,0.8443847023856436,2,21
58,200,0,17.25,0,2.0,0.0,34.0,13.267045454545455,0.5136363636363637,0.3664772727272727,2.399999999999997,1.1747159090909054,1.0999999999999992,0.3309258855717762,3,13
59,200,0,12.349999999999989,0,2.0,0.0,32.0,13.533101045296167,0,0.0,3.4999999999999956,1.157491289198605,0.8999999999999992,0.7776449592074568,4,12
60,200,0,13.224999999999998,0,2.0,0.0,34.0,13.197080291970803,0.6428571428571429,0.08029197080291971,1.7999999999999994,0.8576642335766398,0.7999999999999996,0.14733373293373273,3,9
61,200,0,35.94999999999999,0,1.0,0.0,37.0,16.78357030015798,0.2272727272727273,4.410742496050553,3.6999999999999877,1.2556082148499184,1.0999999999999996,0.5347289661781688,1,17
62,81,0,4.250000000000003,0,1.0,1.0,12.0,4.2101449275362315,0,0.2608695652173913,1.2000000000000002,0.4746376811594208,0.5000000000000002,0.06827338129496399,4,13
63,200,0,15.699999999999992,0,2.0,0.0,40.0,15.310714285714285,0.6479591836734694,0.025,5.5,2.179642857142854,1.9999999999999962,2.2715788466689566,3,8
64,200,0,23.399999999999988,0,1.0,0.0,37.0,17.026315789473685,0.5069444444444444,0.4473684210526316,3.2999999999999883,1.377511961722485,1.2999999999999994,0.45968830663392535,2,12
65,200,0,14.974999999999998,0,2.0,0.0,34.0,12.944078947368421,0.601063829787234,0.13815789473684212,1.9999999999999982,0.8351973684210511,0.7999999999999992,0.1376771086944758,3,11
66,200,0,25.049999999999997,0,1.0,0.0,43.0,17.834821428571427,0.47560975609756095,1.6049107142857142,6.8999999999999995,2.3761160714285667,2.299999999999997,2.1752216459146045,2,23
67,128,0,8.7,0,1.0,0.0,20.0,7.294117647058823,0,0.058823529411764705,1.6999999999999997,0.6004524886877829,0.6000000000000001,0.11063554463554452,4,10
68,200,0,23.124999999999993,0,2.0,0.0,37.0,17.411483253588518,0.5034246575342466,0.6507177033492823,3.6999999999999917,1.608612440191384,1.4999999999999936,0.9041415268739612,2,15
69,200,0,17.399999999999995,0,3.0,0.0,36.0,13.364705882352942,0.5318181818181819,1.1205882352941177,2.7999999999999914,1.3344117647058789,1.1999999999999993,0.5923209543335096,3,19
70,200,0,22.4,0,2.0,0.0,35.0,14.653846153846153,0.4401408450704225,0.5361990950226244,2.9999999999999925,1.1371040723981876,0.9,0.5760470508745226,3,19
71,200,0,34.77499999999998,0,1.0,0.0,37.0,18.0,0.2545454545454545,2.9080459770114944,3.5999999999999894,1.691297208538584,1.7999999999999954,0.6176763373597887,1,15
72,200,0,23.59999999999999,0,1.0,0.0,37.0,16.76179245283019,0.4965753424657534,0.8325471698113207,3.1999999999999935,1.3374999999999975,1.2499999999999964,0.565129912390485,2,14
73,200,0,23.79999999999999,0,1.0,0.0,37.0,16.683962264150942,0.4965753424657534,0.38443396226415094,3.5999999999999908,1.2908018867924491,1.0999999999999994,0.5189041301627005,2,9
74,200,0,17.974999999999998,0,2.0,0.0,34.0,14.5,0.5535714285714286,0.3435754189944134,2.1999999999999926,1.1039106145251358,1.1999999999999893,0.21708137293914614,3,11
75,200,0,35.92499999999999,0,1.0,0.0,40.0,17.502439024390245,0.26327433628318586,0.9528455284552846,4.899999999999994,1.4772357723577216,1.1999999999999962,1.1452409154363512,1,15
76,200,0,16.49999999999999,0,3.0,0.0,44.0,16.37956204379562,0.6538461538461539,0.15328467153284672,7.300000000000023,2.8306569343065715,1.8999999999999961,5.1786911754912,3,11
77,39,0,2.1250000000000004,0,1.0,0.0,5.0,1.8333333333333333,0,0.0,1.0000000000000004,0.41041666666666693,0.4000000000000003,0.059689636462289766,4,8
78,200,0,35.54999999999998,0,2.0,0.0,39.0,18.35960591133005,0.2544642857142857,3.1921182266009853,4.199999999999987,1.9070607553366126,1.8999999999999968,0.8598046807592691,1,11
79,176,0,12.674999999999997,0,1.0,0.0,28.0,11.068493150684931,0,0.7465753424657534,1.5,0.7318493150684927,0.6999999999999998,0.11525409614956075,4,19
80,57,0,2.3000000000000007,0,1.0,0.0,8.0,2.764705882352941,0,0.0,1.2999999999999998,0.4539215686274511,0.45000000000000007,0.08111986926848021,4,5
81,200,0,23.74999999999999,0,1.0,0.0,37.0,16.775943396226417,0.4932432432432432,1.4386792452830188,3.399999999999992,1.3459905660377336,1.0999999999999976,0.7155539424280309,2,18
82,200,0,34.42499999999998,0,1.0,0.0,40.0,17.642036124794746,0.2727272727272727,1.1247947454844007,5.299999999999997,1.4765188834154315,1.2999999999999945,0.8074146893874005,1,12
83,200,0,16.949999999999992,0,2.0,0.0,40.0,14.829032258064515,0.5833333333333334,0.0,5.1,2.2058064516129003,2.0499999999999985,2.3311518330055416,3,12
84,200,0,35.32499999999999,0,1.0,0.0,39.0,17.850574712643677,0.2681818181818182,1.4252873563218391,4.899999999999994,1.6016420361247923,1.2999999999999985,1.0333005823986152,1,25
85,200,0,17.799999999999986,0,3.0,0.0,47.0,17.37979094076655,0.6359649122807017,0.17073170731707318,9.000000000000032,3.616027874564466,3.299999999999997,7.848827942890493,3,11
86,176,0,11.54999999999999,0,1.0,0.0,28.0,12.245551601423488,0,0.0,3.4999999999999933,1.211032028469749,0.9000000000000002,0.831169959473147,4,14
87,200,0,22.39999999999999,0,1.0,0.0,35.0,16.794258373205743,0.5036231884057971,0.0,2.4999999999999956,1.2382775119617193,1.2,0.3668622905971135,2,9
88,200,0,12.774999999999993,0,3.0,0.0,37.0,14.351020408163265,0.7,0.0,2.9999999999999942,1.0461224489795908,0.8999999999999988,0.47596228175396293,3,7
89,200,0,18.349999999999998,0,2.0,0.0,35.0,12.538461538461538,0.43965517241379315,1.3241758241758241,2.6999999999999886,1.2233516483516444,1.2,0.40454017132721576,3,18
90,39,0,2.8000000000000003,0,1.0,0.0,5.0,1.9074074074074074,0,0.37037037037037035,1.2000000000000002,0.44814814814814835,0.4000000000000005,0.0765772099802795,4,13
91,200,0,11.174999999999997,0,2.0,0.0,33.0,13.254980079681275,0.6554054054054054,0.1593625498007968,1.4,0.5585657370517936,0.6000000000000001,0.05692952380952378,3,8
92,33,0,1.0250000000000004,0,1.0,0.0,4.0,1.4722222222222223,0,0.0,1.0,0.463888888888889,0.5000000000000001,0.07509936330310629,4,6
93,200,0,27.849999999999994,0,1.0,0.0,37.0,15.317120622568094,0.34090909090909094,1.8560311284046693,3.6999999999999873,1.4634241245136141,1.499999999999993,0.6541899733151592,2,29
94,200,0,13.424999999999997,0,2.0,0.0,34.0,12.846428571428572,0.6453488372093024,0.0,1.4,0.6003571428571436,0.6000000000000005,0.08596525465886036,3,11
95,200,0,36.29999999999999,0,2.0,0.0,47.0,19.483091787439612,0.28658536585365857,3.391304347826087,9.100000000000021,2.7426731078904973,2.2999999999999914,4.128350741624329,1,23
96,200,0,33.82499999999999,0,1.0,0.0,35.0,16.811802232854866,0.23095238095238102,1.0717703349282297,2.9999999999999916,1.2097288676236015,1.0999999999999968,0.4484072871939893,1,15
97,200,0,23.22499999999999,0,1.0,0.0,37.0,17.58133971291866,0.5069444444444444,0.20334928229665072,3.2999999999999914,1.710526315789469,1.7499999999999947,0.615538652610127,2,9
98,200,0,36.92499999999998,0,1.0,0.0,41.0,18.647709320695103,0.2333333333333334,3.2701421800947865,5.800000000000005,2.3740916271721915,2.2999999999999936,1.4586688895100384,1,20
99,200,0,24.79999999999999,0,2.0,0.0,41.0,16.913832199546484,0.4772727272727273,1.0272108843537415,5.900000000000002,2.127437641723353,1.7999999999999918,2.1200970793912033,3,16
100,200,0,45.724999999999994,0,1.0,0.0,38.0,19.16375,0.010000000000000009,6.615,4.699999999999991,2.248249999999994,2.2999999999999954,1.005573508708602,0,15
101,200,0,35.72499999999999,0,1.0,0.0,41.0,18.63929146537842,0.2543478260869565,2.135265700483092,6.100000000000002,2.2363929146537798,2.0999999999999956,1.3589045223524527,1,10
102,27,0,0.9249999999999998,0,1.0,0.0,3.0,1.1388888888888888,0,0.0,0.7000000000000002,0.31388888888888905,0.30000000000000027,0.04676056338028168,4,7
103,200,0,37.07499999999999,0,1.0,0.0,41.0,18.535885167464116,0.24152542372881358,2.819776714513557,5.500000000000004,2.2441786283891507,2.099999999999997,1.394558973158865,1,24
104,200,0,13.699999999999994,0,2.0,0.0,35.0,13.298181818181819,0.6569767441860465,0.0,1.9999999999999947,0.8370909090909084,0.8,0.16284459959801034,3,12
105,200,0,22.42499999999999,0,1.0,0.0,35.0,16.86842105263158,0.5036231884057971,0.7535885167464115,3.099999999999992,1.2827751196172215,1.099999999999998,0.5285580032394098,2,11
106,21,0,0.1999999999999999,0,1.0,0.0,2.0,0.8333333333333334,0,0.0,1.1,0.38666666666666677,0.40000000000000013,0.07651014170602942,4,9
107,200,0,23.349999999999994,0,1.0,0.0,35.0,16.68139534883721,0.4722222222222222,0.10232558139534884,2.899999999999994,1.4046511627906941,1.3999999999999944,0.45491105955142724,2,16
108,135,0,6.275000000000001,0,1.0,0.0,21.0,8.53448275862069,0,0.0,1.0,0.46264367816092034,0.5000000000000001,0.05843402146985963,4,6
109,33,0,0.5500000000000005,0,1.0,0.0,4.0,1.2272727272727273,0,0.0,1.0000000000000004,0.3742424242424245,0.40000000000000013,0.0628358208955224,4,6
110,80,0,3.3000000000000025,0,2.0,0.0,12.0,5.008403361344538,0,0.0,2.199999999999998,0.8151260504201673,0.7000000000000001,0.31054943502824794,4,4
111,147,0,7.525000000000004,0,2.0,0.0,23.0,9.294416243654823,0,0.0,1.3999999999999995,0.54263959390863,0.5000000000000018,0.07858998144712416,4,9
112,98,0,8.625000000000002,0,2.0,0.0,15.0,5.357466063348416,0,0.5113122171945701,1.5,0.5651583710407238,0.5000000000000001,0.12408271908271895,4,22
113,147,0,7.250000000000002,0,2.0,0.0,23.0,9.5,0,0.078125,1.2999999999999996,0.6302083333333335,0.6500000000000001,0.09148577164094064,4,10
114,39,0,1.2250000000000008,0,1.0,0.0,5.0,1.8333333333333333,0,0.0,1.2,0.4935897435897436,0.5000000000000001,0.10523261548578,4,5
115,200,0,34.82499999999999,0,1.0,0.0,40.0,17.894909688013136,0.277027027027027,1.8292282430213465,5.599999999999994,1.6282430213464658,1.2999999999999996,1.1739838222605652,1,12
116,200,0,45.524999999999984,0,2.0,0.0,38.0,17.9225,0.01573426573426584,5.15375,3.799999999999986,1.5034999999999972,1.3999999999999986,0.6831388174043972,0,8
117,140,0,10.324999999999996,0,1.0,0.0,22.0,9.24609375,0,0.4609375,2.7999999999999985,0.9378906249999994,0.8,0.3889217975127789,4,16
118,200,0,47.274999999999984,0,1.0,0.0,40.0,19.73125,0.014516129032257963,7.2775,5.199999999999996,2.5887499999999943,2.799999999999991,1.3213255020710908,0,18
119,200,0,38.94999999999999,0,1.0,0.0,41.0,17.634441087613293,0.2016129032258065,2.619335347432024,5.8000000000000025,1.9768882175226556,1.6999999999999986,1.6838654582046926,1,22
120,200,0,36.82499999999998,0,1.0,0.0,41.0,19.087027914614122,0.2717391304347826,2.3448275862068964,5.499999999999995,2.3435139573070547,2.399999999999994,1.147879745470227,1,14
121,45,0,0.8750000000000004,0,1.0,0.0,6.0,2.2083333333333335,0,0.0,1.0,0.5055555555555555,0.5000000000000002,0.08804167470576883,4,1
122,200,0,25.74999999999999,0,2.0,0.0,42.0,18.03211009174312,0.48750000000000004,0.02981651376146789,6.500000000000011,2.3190366972477032,1.749999999999993,2.4842148925537337,2,13
123,45,0,2.4250000000000003,0,1.0,0.0,6.0,2.656862745098039,0,0.0,1.2,0.5303921568627452,0.5500000000000003,0.0811429395366721,4,9
124,200,0,25.27499999999998,0,2.0,0.0,39.0,18.52122641509434,0.490506329113924,0.0023584905660377358,4.699999999999997,2.3931603773584884,2.3499999999999956,2.0681486858573175,2,14
125,200,0,20.874999999999986,0,3.0,0.0,42.0,16.56756756756757,0.5681818181818182,0.45675675675675675,6.200000000000022,2.1416216216216233,1.1999999999999997,3.6345644599303304,3,12
126,93,0,5.5249999999999995,0,1.0,0.0,14.0,5.384615384615385,0,0.4551282051282051,1.2000000000000002,0.5102564102564108,0.5000000000000006,0.06989767824121637,4,8
127,200,0,23.674999999999994,0,1.0,0.0,39.0,18.047846889952154,0.5135135135135135,0.8516746411483254,4.39999999999999,1.9904306220095653,1.9999999999999944,1.012163023757599,2,16
128,134,0,6.349999999999994,0,1.0,0.0,21.0,9.910614525139664,0,0.0,2.8999999999999964,1.433519553072623,1.2999999999999992,0.8301872659176,4,4
129,69,0,4.750000000000002,0,1.0,0.0,10.0,3.6458333333333335,0,0.0,1.4,0.5027777777777779,0.5000000000000001,0.1023583313238485,4,5
130,200,0,35.79999999999999,0,1.0,0.0,40.0,18.9688013136289,0.27212389380530977,1.251231527093596,5.700000000000011,2.272577996715925,1.8999999999999964,1.6733576358930162,1,12
131,123,0,6.525000000000002,0,2.0,0.0,19.0,7.511494252873563,0,0.0,1.2999999999999998,0.5522988505747128,0.5999999999999999,0.07847431874483893,4,7
132,200,0,27.124999999999986,0,2.0,0.0,45.0,18.008830022075056,0.47619047619047616,1.3178807947019868,8.000000000000027,2.5412803532008823,1.6999999999999966,3.837409555183062,2,20
133,200,0,33.34999999999999,0,1.0,0.0,40.0,17.025641025641026,0.30714285714285716,1.2957264957264958,4.799999999999992,1.4735042735042694,1.299999999999994,0.7701891159006923,2,20
134,200,0,23.049999999999994,0,2.0,0.0,42.0,14.87621359223301,0.476027397260274,1.5315533980582525,6.200000000000016,1.8919902912621362,0.9999999999999992,3.213037297561617,3,21
135,200,0,31.499999999999996,0,2.0,0.0,40.0,14.85344827586207,0.25,1.193103448275862,5.099999999999998,1.3677586206896526,1.0499999999999938,1.1151189807341853,2,31
136,200,0,36.57499999999998,0,1.0,0.0,39.0,19.262479871175522,0.24137931034482762,3.8824476650563606,4.899999999999996,2.61030595813204,2.6999999999999966,1.2627956124883266,1,17
137,188,0,9.824999999999994,0,2.0,0.0,30.0,13.077551020408164,0,0.0,2.899999999999995,1.041224489795917,0.7999999999999999,0.5674936691989848,4,8
138,74,0,5.900000000000002,0,1.0,0.0,11.0,4.173652694610778,0,0.8143712574850299,1.4999999999999996,0.6167664670658681,0.6000000000000001,0.1459516637980491,4,16
139,200,0,11.374999999999996,0,2.0,0.0,34.0,14.389121338912133,0.7222222222222222,0.0,1.9999999999999987,0.8903765690376555,0.8999999999999944,0.2232167366946769,3,3
140,39,0,1.275,0,1.0,0.0,5.0,1.641025641025641,0,0.0,0.8000000000000003,0.3782051282051285,0.4000000000000002,0.05196942298208121,4,8
141,200,0,24.374999999999986,0,1.0,0.0,39.0,17.483253588516746,0.51,0.562200956937799,4.399999999999991,1.651674641148322,1.3999999999999984,0.9991536317485336,2,14
142,152,0,13.75,0,1.0,0.0,24.0,10.796774193548387,0,0.5967741935483871,1.5999999999999996,0.7754838709677411,0.7499999999999987,0.13314228035671533,4,17
143,116,0,7.424999999999995,0,2.0,0.0,18.0,6.674876847290641,0,0.6945812807881774,2.1999999999999997,0.6374384236453204,0.5000000000000008,0.21850514463211013,4,15
144,171,0,10.85,0,1.0,0.0,27.0,10.094696969696969,0,0.0,1.4,0.5560606060606061,0.5000000000000007,0.08981304254250652,4,12
145,200,0,12.249999999999993,0,1.0,0.0,38.0,15.772532188841202,0.7371794871794872,0.0,3.6999999999999913,1.5480686695278947,1.6,1.0613141025640966,3,6
146,200,0,21.224999999999994,0,2.0,0.0,40.0,15.525380710659899,0.5147058823529411,0.5634517766497462,5.099999999999993,1.7370558375634475,1.3999999999999981,1.2906656359712652,3,17
147,200,0,33.42499999999998,0,1.0,0.0,35.0,16.942528735632184,0.2548076923076923,1.6995073891625616,2.399999999999991,1.0568144499178957,0.9999999999999997,0.20051650129421728,1,13
148,200,0,35.52499999999998,0,1.0,0.0,36.0,16.780907668231613,0.20575221238938046,2.1251956181533647,3.599999999999989,1.3100156494522663,1.2000000000000004,0.4465987460815013,1,21
149,92,0,3.3499999999999943,0,2.0,0.0,14.0,6.424,0,0.0,2.5999999999999988,1.0663999999999993,0.7999999999999966,0.6171505376344077,4,9
150,86,0,4.0,0,1.0,0.0,13.0,5.587786259541985,0,0.0,2.399999999999998,0.9419847328244269,0.7000000000000001,0.4775780885780876,4,7
151,75,0,4.425000000000002,0,1.0,0.0,11.0,4.160583941605839,0,0.0,1.4,0.5569343065693432,0.5999999999999998,0.09939151747655578,4,11
152,200,0,27.22499999999998,0,2.0,0.0,38.0,16.431865828092242,0.41279069767441856,2.111111111111111,3.9999999999999916,1.7303983228511501,1.5999999999999988,1.0185143806476504,2,25
153,39,0,1.475,0,1.0,0.0,5.0,1.6904761904761905,0,0.0,0.8000000000000002,0.33333333333333354,0.3000000000000003,0.047943302622253714,4,8
154,33,0,0.7000000000000004,0,1.0,0.0,4.0,1.2878787878787878,0,0.0,1.0000000000000002,0.4106060606060608,0.40000000000000024,0.07247990815154995,4,5
155,200,0,24.124999999999993,0,1.0,0.0,37.0,17.493119266055047,0.4766666666666667,0.8211009174311926,3.7999999999999883,1.9791284403669671,1.999999999999991,0.712893816249765,2,13
156,69,0,2.550000000000001,0,1.0,0.0,10.0,3.5588235294117645,0,0.0,0.8000000000000007,0.3656862745098043,0.40000000000000013,0.049905796404883206,4,7
157,27,0,0.9249999999999998,0,1.0,0.0,3.0,1.064102564102564,0,0.2564102564102564,0.9,0.3551282051282053,0.40000000000000013,0.05658556633240176,4,8
158,200,0,37.84999999999999,0,1.0,0.0,42.0,18.99837398373984,0.2584033613445378,2.159349593495935,6.20000000000001,2.3747967479674768,2.0999999999999956,2.02810186556115,1,16
159,200,0,11.474999999999996,0,2.0,0.0,33.0,13.841004184100418,0.7214285714285714,0.0,1.300000000000002,0.5615062761506285,0.6000000000000001,0.065046568627451,3,10
160,200,0,13.599999999999989,0,2.0,0.0,41.0,17.531380753138077,0.7267441860465116,0.0,6.000000000000003,2.775732217573222,2.399999999999997,3.856800770308131,3,8
161,200,0,11.024999999999997,0,1.0,0.0,33.0,13.448979591836734,0.6944444444444444,0.0,1.0,0.5048979591836747,0.5000000000000018,0.04732373717179807,3,7
162,200,0,24.39999999999999,0,1.0,0.0,37.0,15.98868778280543,0.4671052631578947,1.1538461538461537,3.099999999999992,1.1615384615384596,0.9999999999999989,0.46286697071604915,2,21
163,200,0,25.049999999999986,0,1.0,0.0,38.0,18.132558139534883,0.47435897435897434,0.5395348837209303,4.099999999999987,2.275348837209296,2.3999999999999906,0.7273962541711904,2,17
164,69,0,2.5500000000000016,0,1.0,0.0,10.0,3.712962962962963,0,0.0,1.4000000000000004,0.49814814814814845,0.5000000000000002,0.09370830832547375,4,8
165,200,0,23.42499999999999,0,1.0,0.0,35.0,16.155963302752294,0.46232876712328763,0.41284403669724773,2.299999999999992,1.1933486238532072,1.1999999999999966,0.2203468265867045,2,16
166,200,0,33.92499999999998,0,1.0,0.0,36.0,17.43349753694581,0.2547169811320755,1.6600985221674878,3.2999999999999883,1.351395730706071,1.2999999999999994,0.33839387402933235,1,9
167,200,0,24.27499999999999,0,1.0,0.0,34.0,15.82618025751073,0.42105263157894735,2.3090128755364807,3.299999999999995,1.3051502145922715,1.1999999999999937,0.5960706407865327,2,21
168,134,0,5.6249999999999964,0,2.0,0.0,21.0,9.281437125748504,0,0.0,2.3999999999999986,0.8287425149700595,0.6999999999999998,0.3022984796328166,4,8
169,200,0,24.749999999999986,0,3.0,0.0,46.0,18.455188679245282,0.5284810126582279,0.4693396226415094,8.40000000000003,2.6068396226415107,1.4999999999999991,4.819107384230326,3,10
170,200,0,24.324999999999992,0,1.0,0.0,38.0,16.212669683257918,0.4551282051282052,0.8438914027149321,3.999999999999997,1.3285067873303151,0.9999999999999992,0.9913643832250701,2,19
171,200,0,15.224999999999998,0,3.0,0.0,36.0,13.963815789473685,0.576530612244898,0.2631578947368421,2.999999999999997,1.6799342105263113,1.9999999999999933,0.7027957582643456,3,13
172,92,0,10.050000000000004,0,1.0,0.0,14.0,5.861924686192468,0,0.0,1.2999999999999998,0.6242677824267783,0.6000000000000003,0.09556337535013994,4,17
173,200,0,26.74999999999999,0,1.0,0.0,37.0,15.251020408163265,0.361764705882353,1.3551020408163266,3.399999999999986,1.2951020408163227,1.2999999999999945,0.4819780174011507,2,26
174,39,0,1.7750000000000006,0,1.0,0.0,5.0,1.988888888888889,0,0.0,1.1000000000000003,0.407777777777778,0.40000000000000024,0.06428077540437091,4,8
175,200,0,31.474999999999987,0,1.0,0.0,37.0,16.634517766497463,0.2846534653465347,3.3570219966159054,3.5999999999999894,1.323011844331638,1.1999999999999966,0.5085074438845598,2,28
176,27,0,0.9500000000000001,0,1.0,0.0,3.0,1.106060606060606,0,0.0,1.0,0.4106060606060608,0.40000000000000024,0.07247990815154992,4,10
177,200,0,34.67499999999999,0,1.0,0.0,38.0,17.23027375201288,0.25,1.6876006441223832,3.699999999999994,1.3909822866344577,1.2999999999999994,0.5447510113058776,1,17
178,200,0,26.32499999999999,0,2.0,0.0,40.0,18.208715596330276,0.48124999999999996,0.6697247706422018,6.300000000000007,2.4084862385321077,1.8999999999999917,2.625561061574482,2,14
179,200,0,17.0,0,2.0,0.0,34.0,13.876470588235295,0.5707547169811321,0.2323529411764706,1.8999999999999946,0.9814705882352918,0.999999999999998,0.16451102518187796,3,11
180,135,0,8.825000000000001,0,1.0,0.0,21.0,7.666666666666667,0,0.18055555555555555,1.4999999999999998,0.5101851851851854,0.5000000000000001,0.0898055942557067,4,9
181,45,0,3.200000000000001,0,1.0,0.0,6.0,2.566666666666667,0,0.2,1.3000000000000003,0.5383333333333334,0.5500000000000003,0.08903673866240709,4,17
182,200,0,26.124999999999986,0,2.0,0.0,42.0,16.77601809954751,0.48456790123456794,0.0,6.300000000000001,1.633936651583709,1.199999999999997,1.990261206062557,2,15
183,200,0,17.94999999999999,0,3.0,0.0,43.0,15.290322580645162,0.6008771929824561,1.3161290322580645,7.000000000000008,2.4593548387096758,1.9999999999999991,3.534771849863163,3,17
184,200,0,36.749999999999986,0,1.0,0.0,39.0,17.647527910685806,0.241304347826087,2.200956937799043,4.69999999999999,1.7111642743221653,1.5999999999999988,0.9874057813231248,1,13
185,200,0,34.94999999999999,0,1.0,0.0,38.0,18.039024390243902,0.25917431192660545,2.370731707317073,3.899999999999987,1.7991869918699137,1.7999999999999985,0.7588793942214082,1,8
186,200,0,36.54999999999999,0,1.0,0.0,42.0,18.570731707317073,0.2628205128205128,2.240650406504065,6.400000000000006,2.1182113821138184,1.8999999999999937,1.8230877998223267,1,17
187,200,0,23.074999999999992,0,1.0,0.0,38.0,17.832535885167463,0.5102739726027398,0.8779904306220095,3.6999999999999886,1.8612440191387516,1.9999999999999922,0.8408472839866478,2,13
188,200,0,35.874999999999986,0,1.0,0.0,39.0,18.56650246305419,0.26327433628318586,3.4614121510673237,4.399999999999986,2.031198686371095,2.099999999999995,0.7947594909404598,1,15
189,110,0,8.674999999999999,0,1.0,0.0,17.0,5.933628318584071,0,0.8407079646017699,1.7000000000000002,0.5991150442477876,0.5999999999999999,0.13610807635829655,4,16
190,200,0,14.349999999999996,0,2.0,0.0,33.0,13.157894736842104,0.6086956521739131,0.29276315789473684,1.5999999999999988,0.8233552631578931,0.799999999999998,0.10718595466103982,3,8
191,200,0,14.124999999999998,0,2.0,0.0,34.0,12.73037542662116,0.5166666666666667,0.13651877133105803,2.199999999999995,1.0672354948805418,1.0999999999999979,0.28493663218711923,3,7
192,200,0,23.049999999999986,0,1.0,0.0,37.0,17.789473684210527,0.5069444444444444,1.5909090909090908,3.3999999999999893,1.8354066985645885,1.99999999999999,0.701812583346206,2,12
193,92,0,4.449999999999997,0,2.0,0.0,14.0,5.629370629370629,0,0.0,1.8999999999999977,0.8083916083916078,0.7000000000000002,0.2571449530516427,4,10
194,200,0,24.52499999999998,0,2.0,0.0,39.0,18.27511961722488,0.5032467532467533,0.21052631578947367,4.599999999999992,2.126794258373202,1.899999999999994,1.5203912478608923,2,15
195,200,0,34.249999999999986,0,1.0,0.0,37.0,16.973983739837397,0.2546728971962616,1.840650406504065,2.9999999999999916,1.1601626016260145,1.0999999999999979,0.39143840687000026,1,15
196,200,0,37.49999999999998,0,1.0,0.0,40.0,18.4073482428115,0.24137931034482762,1.2156549520766773,5.300000000000021,2.1557507987220434,1.899999999999994,1.8186377033492886,1,14
197,200,0,23.074999999999992,0,1.0,0.0,35.0,16.011467889908257,0.47535211267605637,0.591743119266055,2.29999999999999,1.0901376146788953,1.0999999999999968,0.19400925852862905,2,17
198,200,0,13.624999999999991,0,2.0,0.0,41.0,18.13304721030043,0.7380952380952381,0.030042918454935622,5.900000000000007,2.9643776824034314,2.8999999999999946,2.4286041114058357,3,5
199,200,0,35.024999999999984,0,1.0,1.0,39.0,18.759349593495934,0.2589285714285714,2.7642276422764227,4.599999999999993,2.2313821138211334,2.1999999999999913,1.0873269808367503,1,14
200,200,0,14.574999999999998,0,2.0,0.0,35.0,13.546075085324231,0.5869565217391305,0.023890784982935155,2.6999999999999913,1.4092150170648428,1.5999999999999934,0.5565427266797075,3,16
201,39,0,1.2750000000000001,0,1.0,0.0,5.0,1.6025641025641026,0,0.0,0.9000000000000005,0.4012820512820515,0.40000000000000024,0.06013644583264837,4,3
202,200,0,16.625,0,2.0,0.0,33.0,12.53072625698324,0.44999999999999996,0.7150837988826816,2.499999999999998,1.1206703910614495,1.1,0.3366703338717088,3,23
203,200,0,34.649999999999984,0,1.0,0.0,38.0,18.0623973727422,0.2637614678899083,2.4942528735632186,3.7999999999999865,1.728735632183903,1.699999999999993,0.6125913503019799,1,8
204,200,0,27.099999999999987,0,2.0,1.0,40.0,16.21593291404612,0.42261904761904767,1.3773584905660377,5.100000000000003,1.6675052410901439,1.2999999999999887,1.3731010688794347,2,26
205,39,0,1.2500000000000004,0,1.0,0.0,5.0,1.6923076923076923,0,0.0,1.1,0.4551282051282052,0.5000000000000001,0.08787276015124115,4,2
206,116,0,11.2,0,1.0,0.0,18.0,7.704379562043796,0,0.7737226277372263,1.7999999999999967,0.8072992700729918,0.7999999999999998,0.1878324342324337,4,22
207,200,0,15.124999999999988,0,2.0,0.0,42.0,16.596958174904945,0.6875,0.0,6.300000000000015,2.6889733840304184,2.2999999999999985,3.9572360050890674,3,10
208,87,0,6.800000000000002,0,2.0,0.0,13.0,5.032432432432432,0,0.42162162162162165,1.5,0.632972972972973,0.6000000000000002,0.09637505843852262,4,15
209,200,0,24.349999999999973,0,1.0,0.0,39.0,19.141148325358852,0.5032467532467533,0.7129186602870813,4.7999999999999945,2.6464114832535843,2.8999999999999946,1.5859890226243774,2,13
210,134,0,7.849999999999994,0,1.0,0.0,21.0,8.783653846153847,0,0.0,2.899999999999996,1.113942307692306,0.9000000000000004,0.5964059357880847,4,16
211,200,0,26.92499999999999,0,2.0,0.0,41.0,16.713978494623657,0.4487951807228916,0.07741935483870968,5.400000000000004,1.8305376344085984,1.5999999999999939,1.5997630235311506,2,18
212,51,0,2.1499999999999995,0,1.0,0.0,7.0,2.5104166666666665,0,0.0,1.0,0.4416666666666669,0.5000000000000001,0.0668128052088985,4,7
213,200,0,35.849999999999994,0,1.0,0.0,42.0,19.00162601626016,0.27155172413793105,2.8016260162601627,6.000000000000006,2.376747967479671,2.1999999999999926,1.6551222555945664,1,13
214,68,0,3.5750000000000015,0,1.0,0.0,10.0,3.831932773109244,0,0.0,1.4999999999999993,0.5831932773109242,0.5999999999999993,0.11653248587570608,4,4
215,200,0,24.124999999999993,0,1.0,0.0,36.0,15.993212669683258,0.44999999999999996,0.9049773755656109,3.0999999999999917,1.1968325791855177,1.1,0.3546524162712461,2,20
216,200,0,24.39999999999999,0,1.0,0.0,37.0,17.332558139534882,0.4736842105263158,0.7837209302325582,3.99999999999999,1.795348837209299,1.6999999999999977,1.1698916705877194,2,21
217,92,0,6.374999999999998,0,1.0,0.0,14.0,5.618497109826589,0,0.0,1.7999999999999972,0.7739884393063575,0.7000000000000001,0.24170141673349285,4,12
218,57,0,2.1,0,1.0,0.0,8.0,2.8020833333333335,0,0.0,1.1,0.4291666666666669,0.40000000000000047,0.07269886055344545,4,8
219,200,0,23.024999999999988,0,2.0,0.0,41.0,15.433962264150944,0.45945945945945943,0.5731132075471698,6.500000000000009,1.9077830188679241,1.0999999999999992,3.173942928660833,3,17
220,200,0,22.349999999999994,0,1.0,0.0,36.0,16.803827751196174,0.5108695652173914,0.30861244019138756,3.199999999999992,1.244019138755978,1.1000000000000003,0.46428506836535227,2,11
221,200,0,11.724999999999998,0,2.0,0.0,35.0,14.759183673469387,0.6973684210526315,0.12244897959183673,2.599999999999993,1.2910204081632612,1.2999999999999985,0.3816400106623982,3,7
222,200,0,13.175,0,2.0,0.0,33.0,12.857142857142858,0.6309523809523809,0.10357142857142858,1.499999999999999,0.7074999999999999,0.7000000000000001,0.0838376765009757,3,12
223,200,0,16.074999999999996,0,1.0,0.0,38.0,14.549342105263158,0.6225490196078431,0.0,4.399999999999996,1.6582236842105247,0.9999999999999996,1.7992281556024414,3,10
224,200,0,28.27499999999999,0,2.0,0.0,40.0,16.104536489151872,0.3792134831460674,2.143984220907298,4.999999999999999,1.7504930966469388,1.4999999999999982,1.1556008994429026,2,26
225,134,0,5.12499999999999,0,2.0,0.0,21.0,11.459627329192546,0,0.0,3.9999999999999942,1.9757763975155245,2.099999999999992,1.4881041666666632,4,1
226,200,0,22.87499999999999,0,1.0,0.0,36.0,17.038277511961724,0.5071428571428571,0.5119617224880383,2.9999999999999902,1.384688995215307,1.2999999999999983,0.39766258592171216,2,9
227,200,0,29.89999999999999,0,1.0,0.0,39.0,16.61878453038674,0.33854166666666663,2.6500920810313073,4.599999999999987,1.8255985267034949,1.3999999999999986,1.2641556327327907,2,25
228,200,0,26.299999999999983,0,1.0,0.0,39.0,17.93288590604027,0.45481927710843373,1.360178970917226,4.399999999999991,2.3908277404921656,2.7999999999999954,1.3354706518257453,2,18
229,200,0,12.849999999999994,0,1.0,0.0,38.0,16.13469387755102,0.7134146341463414,0.0,4.199999999999989,2.0869387755101987,2.199999999999997,1.2925856324136917,3,2
230,200,0,10.149999999999986,0,1.0,0.0,34.0,16.875536480686694,0.7357142857142858,0.0,4.599999999999995,2.209871244635189,1.9999999999999987,1.6242672413793042,3,4
231,170,0,14.425,0,1.0,0.0,27.0,12.5,0,0.2919254658385093,1.8999999999999977,0.9496894409937867,0.9999999999999961,0.1980918761995693,4,11
232,38,0,0.9750000000000009,0,1.0,0.0,5.0,1.87012987012987,0,0.0,1.4,0.5467532467532468,0.5000000000000001,0.1432928475033737,4,6
233,158,0,13.100000000000005,0,2.0,0.0,25.0,10.873287671232877,0,0.11986301369863013,1.9999999999999978,0.8756849315068472,0.8999999999999968,0.17088338435194617,4,14
234,200,0,21.749999999999993,0,2.0,0.0,42.0,16.70304568527919,0.5357142857142857,0.5076142131979695,6.100000000000011,2.2167512690355307,1.6999999999999993,2.479329274970211,3,14
235,200,0,23.599999999999994,0,2.0,0.0,39.0,14.179138321995465,0.43000000000000005,1.0136054421768708,4.399999999999992,1.3682539682539663,1.0000000000000004,0.9726026326614532,3,21
236,200,0,11.524999999999995,0,1.0,0.0,35.0,14.686192468619247,0.722972972972973,0.0,2.0999999999999974,1.0686192468619224,1.0999999999999983,0.30383228291316294,3,7
237,200,0,22.299999999999994,0,1.0,0.0,36.0,16.667464114832537,0.5071428571428571,0.9330143540669856,2.499999999999997,1.1622009569377962,1.0999999999999979,0.29426669642805836,2,12
238,200,0,23.699999999999996,0,1.0,0.0,38.0,18.61244019138756,0.5033333333333333,1.2511961722488039,4.799999999999994,2.3291866028708093,2.3999999999999932,1.2541313965533978,2,10
239,200,0,36.249999999999986,0,1.0,0.0,38.0,17.251184834123222,0.2236842105263157,2.156398104265403,3.799999999999988,1.5361769352290635,1.4999999999999964,0.5588348041368799,1,19
240,200,0,25.624999999999996,0,1.0,0.0,38.0,17.537634408602152,0.43292682926829273,0.9935483870967742,5.100000000000006,2.3247311827957016,1.899999999999991,1.9067735311528984,2,18
241,200,0,24.299999999999994,0,1.0,0.0,35.0,16.069196428571427,0.44333333333333336,0.09598214285714286,2.6999999999999913,1.3167410714285674,1.2999999999999996,0.4658158074368547,2,16
242,200,0,36.874999999999986,0,2.0,0.0,40.0,18.761904761904763,0.2629310344827587,2.160919540229885,5.300000000000014,2.1484400656814424,1.899999999999996,1.6505479939603127,1,10
243,200,0,34.49999999999999,0,1.0,0.0,40.0,18.275862068965516,0.2725225225225225,1.9261083743842364,4.999999999999994,1.856814449917894,1.6999999999999922,1.13227599223468,1,10
244,93,0,5.425,0,1.0,0.0,14.0,4.685185185185185,0,0.6481481481481481,1.1,0.3969135802469138,0.40000000000000013,0.06832641085241777,4,11
245,33,0,0.6250000000000004,0,1.0,0.0,4.0,1.303030303030303,0,0.0,1.0000000000000004,0.41969696969696996,0.40000000000000047,0.06674856486796787,4,7
246,200,0,13.524999999999999,0,2.0,0.0,33.0,13.405594405594405,0.6337209302325582,0.13986013986013987,1.999999999999997,0.964335664335661,0.9999999999999943,0.15012849196161085,3,10
247,104,0,5.899999999999995,0,2.0,0.0,16.0,6.127167630057803,0,0.0,2.199999999999999,0.7115606936416183,0.6000000000000003,0.23108794439989278,4,12
248,200,0,11.199999999999998,0,2.0,1.0,35.0,16.035242290748897,0.75,0.0,2.699999999999995,1.5083700440528605,1.799999999999995,0.6557576463282058,3,1
249,33,0,0.8500000000000002,0,1.0,0.0,4.0,1.3194444444444444,0,0.0,0.8000000000000003,0.37222222222222245,0.40000000000000013,0.05340536368898321,4,6
250,200,0,25.274999999999988,0,2.0,0.0,41.0,17.25229357798165,0.4935897435897436,0.42660550458715596,5.600000000000005,1.8346330275229334,1.4499999999999955,1.9019527604618742,2,16
251,57,0,2.4750000000000005,0,1.0,0.0,8.0,2.872549019607843,0,0.0,1.0,0.4480392156862749,0.5000000000000001,0.06171777371911948,4,8
252,200,0,25.54999999999999,0,1.0,0.0,39.0,16.620309050772626,0.4375,1.0838852097130243,4.599999999999991,1.7373068432671037,1.6999999999999935,0.9458755019297431,2,14
253,200,0,16.674999999999997,0,2.0,0.0,34.0,11.973988439306359,0.4907407407407407,0.4190751445086705,1.7999999999999998,0.7104046242774562,0.6999999999999991,0.12411243369669611,3,24
254,200,0,17.299999999999997,0,2.0,0.0,34.0,12.150684931506849,0.381578947368421,0.5506849315068493,2.699999999999992,1.2758904109589007,1.1999999999999869,0.6066561580495957,3,19
255,128,0,11.725000000000001,0,1.0,0.0,20.0,9.392857142857142,0,0.0,1.6999999999999984,0.7096428571428564,0.6999999999999988,0.14080166838862726,4,18
256,200,0,37.02499999999999,0,1.0,0.0,40.0,17.619565217391305,0.22033898305084754,1.8571428571428572,5.399999999999994,1.854658385093164,1.7999999999999934,1.051518101920498,1,18
257,200,0,17.69999999999999,0,3.0,0.0,45.0,16.52097902097902,0.65,0.024475524475524476,7.800000000000021,2.9447552447552465,2.299999999999997,5.100856531572855,3,11
258,200,0,22.924999999999994,0,2.0,0.0,38.0,18.038277511961724,0.5102739726027398,1.11244019138756,4.399999999999991,1.9846889952153066,1.899999999999998,1.1211117025234163,2,14
259,200,0,10.57499999999999,0,2.0,0.0,33.0,14.882845188284518,0.7071428571428572,0.0,2.5999999999999903,1.2016736401673602,1.2999999999999945,0.40192892156862403,3,1
260,200,0,24.124999999999993,0,1.0,0.0,36.0,16.051339285714285,0.44333333333333336,0.7299107142857143,2.699999999999988,1.3220982142857098,1.2999999999999994,0.31346412360552345,2,22
261,200,0,36.499999999999986,0,2.0,0.0,40.0,18.317230273752013,0.25,2.7053140096618358,5.599999999999997,2.043156199677935,1.8999999999999972,1.4127305777408958,1,12
262,200,0,35.774999999999984,0,1.0,0.0,39.0,17.541062801932366,0.25,2.5410628019323673,4.399999999999994,1.5774557165861487,1.399999999999999,0.9672559381806827,1,13
263,117,0,13.325000000000003,0,1.0,0.0,18.0,8.029508196721311,0,0.6360655737704918,1.2999999999999998,0.6160655737704918,0.6000000000000001,0.09098877708978322,4,24
264,200,0,22.949999999999996,0,2.0,0.0,35.0,16.88443396226415,0.4928571428571429,0.8561320754716981,2.999999999999993,1.4110849056603731,1.3999999999999961,0.37702544847726044,2,12
265,200,0,36.474999999999994,0,1.0,0.0,43.0,18.187403993855607,0.2337398373983739,4.145929339477727,6.800000000000019,2.378033794162824,2.099999999999995,2.900492071731956,2,49
266,200,0,26.34999999999999,0,1.0,0.0,37.0,15.69601677148847,0.4024390243902439,1.4046121593291405,3.299999999999989,1.3995807127882562,1.3999999999999986,0.46453016771561817,2,27
267,200,0,22.849999999999987,0,1.0,0.0,36.0,17.074162679425836,0.5035211267605634,0.9497607655502392,3.1999999999999975,1.4062200956937772,1.299999999999999,0.582739765228387,2,14
268,200,0,37.02499999999999,0,1.0,0.0,40.0,18.619967793880836,0.2456896551724137,2.9581320450885666,5.199999999999996,2.2247987117552297,2.2999999999999945,1.4257011202157395,1,19
269,200,0,18.999999999999993,0,2.0,0.0,42.0,15.10179640718563,0.575,0.020958083832335328,6.200000000000004,2.2646706586826317,1.849999999999998,2.4603307785397313,3,12
270,146,0,11.600000000000001,0,1.0,0.0,23.0,9.907063197026023,0,0.0,1.6999999999999993,0.6539033457249066,0.6000000000000003,0.12575787728026516,4,11
271,200,0,26.524999999999984,0,1.0,0.0,38.0,17.05579399141631,0.4307228915662651,0.6266094420600858,3.99999999999999,2.0429184549356183,2.149999999999997,1.2475199742119603,2,25
272,200,0,17.825,0,2.0,0.0,36.0,13.791176470588235,0.5681818181818182,0.22058823529411764,2.5999999999999903,1.119117647058821,1.0,0.3391374492858906,3,14
273,200,0,36.19999999999999,0,1.0,0.0,37.0,17.94470774091627,0.22345132743362828,1.6413902053712481,4.199999999999995,1.952290679304894,1.9999999999999951,1.2196541947849642,1,16
274,200,0,24.499999999999993,0,1.0,0.0,36.0,15.321888412017167,0.4058441558441559,1.1437768240343347,2.799999999999994,1.1261802575107271,0.9999999999999983,0.3933507402546545,2,26
275,200,0,31.94999999999999,0,2.0,0.0,44.0,17.13705583756345,0.28738317757009346,4.050761421319797,8.00000000000002,2.385956006768189,1.799999999999995,3.8107612230875176,2,29
276,200,0,11.724999999999996,0,2.0,0.0,33.0,13.194552529182879,0.6842105263157895,0.0,1.2000000000000013,0.5583657587548648,0.6000000000000002,0.0562830062984497,3,9
277,57,0,2.1500000000000004,0,1.0,0.0,8.0,2.90625,0,0.0,1.1,0.4916666666666669,0.5000000000000002,0.06764622897449808,4,4
278,63,0,2.4500000000000015,0,1.0,0.0,9.0,3.2941176470588234,0,0.0,1.4000000000000004,0.48921568627451,0.5000000000000001,0.09136306834566953,4,8
279,200,0,45.44999999999999,0,1.0,0.0,38.0,18.34375,0.016891891891891886,7.765,4.099999999999987,1.756249999999996,1.7999999999999947,0.7232370675579128,0,15
280,200,0,25.849999999999987,0,3.0,0.0,43.0,17.85091743119266,0.49683544303797467,0.03211009174311927,6.700000000000019,2.2103211009174295,1.49999999999999,3.347915673742092,2,14
281,200,0,41.59999999999999,0,1.0,0.0,43.0,17.639204545454547,0.1522556390977443,3.289772727272727,6.600000000000004,2.0426136363636336,1.8999999999999984,1.6127896048343948,1,23
282,116,0,7.449999999999997,0,1.0,0.0,18.0,7.6479591836734695,0,0.0,2.2999999999999954,1.0290816326530596,0.8999999999999999,0.3806437589483261,4,9
283,74,0,3.1500000000000026,0,1.0,0.0,11.0,4.7478991596638656,0,0.0,2.5999999999999983,0.9260504201680665,0.799999999999997,0.44615960451977316,4,7
284,200,0,37.149999999999984,0,1.0,0.0,40.0,17.274418604651164,0.22033898305084754,2.4170542635658916,4.899999999999996,1.655503875968988,1.4999999999999973,0.9659448974097605,1,17
285,200,0,26.924999999999997,0,1.0,0.0,39.0,17.333333333333332,0.4109195402298851,2.277432712215321,4.699999999999988,2.293374741200823,2.399999999999995,1.2719698398545924,2,25
286,200,0,34.899999999999984,0,1.0,0.0,38.0,18.492610837438423,0.25900900900900903,2.3366174055829227,4.499999999999989,1.9868637110016374,1.9999999999999925,0.9311271570319183,1,16
287,200,0,25.62499999999999,0,2.0,0.0,41.0,17.514739229024944,0.475,0.5306122448979592,5.599999999999991,2.0866213151927386,2.0999999999999908,1.0080121349238957,2,16
288,200,0,24.24999999999999,0,1.0,0.0,37.0,16.420704845814978,0.4383116883116883,1.3083700440528634,3.199999999999996,1.6237885462555024,1.6999999999999937,0.7189530116682389,2,19
289,200,0,14.124999999999991,0,2.0,0.0,42.0,16.728033472803347,0.7159090909090909,0.029288702928870293,6.000000000000004,2.3087866108786583,1.9999999999999942,2.54059488795518,3,1
290,200,0,10.849999999999998,0,2.0,0.0,33.0,13.97071129707113,0.7214285714285714,0.0,1.4,0.6393305439330543,0.6000000000000005,0.06950035014005594,3,8
291,170,0,9.624999999999996,0,2.0,0.0,27.0,10.97071129707113,0,0.0,1.9999999999999973,0.7096234309623427,0.6000000000000002,0.2076516106442572,4,9
292,87,0,8.7,0,1.0,0.0,13.0,5.911627906976745,0,0.22325581395348837,1.2999999999999998,0.6130232558139536,0.6000000000000003,0.1026233125649013,4,17
293,140,0,7.049999999999993,0,1.0,0.0,22.0,10.401015228426395,0,0.0,3.3999999999999955,1.5903553299492355,1.3999999999999981,1.2306493506493466,4,7
294,200,0,24.04999999999999,0,2.0,0.0,37.0,18.70095693779904,0.5,0.3014354066985646,4.399999999999995,2.3822966507176977,2.449999999999993,1.0182570125283974,2,13
295,200,0,19.449999999999996,0,2.0,0.0,33.0,15.314720812182742,0.5204918032786885,0.7030456852791879,1.6999999999999997,0.9116751269035516,0.8999999999999999,0.12143807775308366,3,14
296,200,0,21.32499999999999,0,3.0,0.0,44.0,15.65498652291105,0.5514705882352942,0.3288409703504043,7.300000000000014,2.187601078167116,1.1,4.07189741354258,3,10
297,200,0,24.574999999999992,0,1.0,0.0,40.0,18.35377358490566,0.5,2.9245283018867925,5.399999999999997,2.2926886792452796,2.449999999999994,1.725262745098034,2,19
298,27,0,0.7,0,1.0,0.0,3.0,1.1363636363636365,0,0.0,1.1,0.42878787878787894,0.4000000000000002,0.08267508610792192,4,6
299,200,0,14.099999999999998,0,2.0,0.0,34.0,12.462328767123287,0.5611111111111111,0.3116438356164384,1.799999999999999,0.799657534246575,0.7999999999999993,0.12030951291885092,3,17
300,87,0,3.4750000000000005,0,1.0,0.0,13.0,5.0,0,0.0,1.1,0.4383333333333337,0.4000000000000007,0.06870199319397174,4,2
301,141,0,8.700000000000003,0,2.0,0.0,22.0,8.148148148148149,0,0.0,1.2999999999999998,0.5157407407407413,0.5000000000000004,0.06966112956810622,4,5
302,200,0,43.27499999999999,0,1.0,0.0,38.0,18.74375,0.015306122448979664,8.76125,4.399999999999991,1.9962499999999939,1.9999999999999962,0.7020870345109869,0,15
303,200,0,37.44999999999998,0,1.0,0.0,39.0,18.722495894909688,0.2543103448275862,1.8472906403940887,4.3999999999999915,2.1247947454843956,2.0999999999999943,0.9630167169974045,1,16
304,200,0,35.749999999999986,0,1.0,0.0,40.0,18.564860426929393,0.26315789473684215,2.2692939244663384,5.399999999999993,2.0302134646962178,1.8999999999999964,1.0771852890422722,1,16
305,200,0,34.59999999999998,0,1.0,0.0,39.0,17.80952380952381,0.2681818181818182,2.2282430213464695,4.3999999999999915,1.5770114942528703,1.3999999999999946,0.9517893658326109,1,15
306,200,0,21.999999999999986,0,3.0,0.0,43.0,17.791348600508904,0.5387323943661971,0.5139949109414759,7.400000000000021,2.8529262086514002,1.7999999999999954,4.874176939811487,3,12
307,200,0,22.924999999999994,0,1.0,0.0,37.0,17.25358851674641,0.5105633802816901,0.5119617224880383,3.4999999999999885,1.5138755980861196,1.4999999999999938,0.46071919552663004,2,13
308,200,0,13.22499999999999,0,2.0,0.0,41.0,17.412017167381975,0.7380952380952381,0.0,6.000000000000005,2.5317596566523597,2.5999999999999974,3.153641688771,3,6
309,200,0,16.174999999999997,0,2.0,0.0,36.0,13.91139240506329,0.6029411764705882,0.11708860759493671,2.499999999999994,1.223101265822782,1.1,0.44494547093284903,3,13
310,33,0,1.3000000000000005,0,1.0,0.0,4.0,1.6282051282051282,0,0.0,1.0000000000000004,0.462820512820513,0.5000000000000001,0.07003945421666942,4,11
311,200,0,28.649999999999995,0,1.0,0.0,35.0,15.67403314917127,0.3277777777777777,1.292817679558011,2.199999999999999,1.127255985267032,1.1,0.21376980681571403,2,24
312,200,0,24.44999999999999,0,2.0,0.0,39.0,17.25581395348837,0.4966666666666667,0.0,4.799999999999994,1.7409302325581355,1.3999999999999981,1.3461459499510497,2,17
313,200,0,23.89999999999999,0,1.0,0.0,37.0,17.530232558139534,0.48026315789473684,0.9558139534883721,4.299999999999991,1.9055813953488325,1.7999999999999992,1.068625790296317,2,18
314,200,0,17.15,0,2.0,0.0,33.0,12.164835164835164,0.4732142857142857,0.8928571428571429,1.9,0.7782967032967023,0.7000000000000003,0.12637058002188756,3,28
315,200,0,20.374999999999993,0,2.0,1.0,42.0,14.022727272727273,0.5436507936507936,0.6534090909090909,6.1999999999999975,1.628124999999997,1.1999999999999997,1.829308975569593,3,18
316,200,0,24.124999999999993,0,1.0,0.0,40.0,18.36842105263158,0.5097402597402597,1.7272727272727273,4.8999999999999915,2.182775119617219,1.7999999999999974,1.3132993366643122,2,13
317,200,0,43.425,0,1.0,1.0,39.0,18.31,0.022413793103448265,7.98,4.199999999999991,1.7359999999999955,1.6999999999999986,0.5698548903982623,0,16
318,200,0,25.22499999999999,0,2.0,0.0,40.0,16.34878587196468,0.46518987341772156,0.41721854304635764,4.800000000000003,1.5068432671081666,1.0,1.6474446415344397,2,19
319,200,0,28.69999999999999,0,2.0,0.0,41.0,15.889112903225806,0.3848314606741573,2.9294354838709675,5.600000000000009,1.7094758064516116,1.0999999999999996,2.027841838912262,2,28
320,39,0,1.4749999999999999,0,2.0,0.0,5.0,1.6282051282051282,0,0.0,1.0,0.37051282051282064,0.40000000000000013,0.06542331086634882,4,8
321,92,0,5.574999999999996,0,1.0,0.0,14.0,5.3478260869565215,0,0.0,1.899999999999999,0.7422360248447201,0.7000000000000001,0.233131944444444,4,10
322,147,0,7.875000000000003,0,2.0,0.0,23.0,9.421875,0,0.20833333333333334,1.4,0.5833333333333337,0.6000000000000001,0.0752450967094376,4,10
323,27,0,0.12499999999999992,0,1.0,0.0,3.0,1.0333333333333334,0,0.0,1.1,0.4466666666666667,0.5000000000000001,0.08851347596554597,4,4
324,200,0,30.024999999999988,0,2.0,0.0,39.0,16.6331569664903,0.31060606060606055,3.9100529100529102,4.499999999999989,1.7567901234567864,1.599999999999997,1.1754028766236928,2,34
325,200,0,43.59999999999999,0,1.0,0.0,37.0,18.29375,0.015957446808510634,7.3275,3.7999999999999896,1.726249999999995,1.6999999999999966,0.4912617050964106,0,13
326,200,0,23.849999999999987,0,1.0,0.0,36.0,16.174311926605505,0.472972972972973,0.3761467889908257,2.7999999999999923,1.1878440366972447,1.0999999999999988,0.34932654725268714,2,17
327,200,0,24.02499999999999,0,1.0,0.0,37.0,17.708133971291865,0.5,0.8732057416267942,3.2999999999999887,1.7866028708133912,1.6999999999999973,0.6380059866188158,2,14
328,15,0,-0.4,0,1.0,0.0,1.0,0.3125,0,0.0,0.7000000000000001,0.30833333333333346,0.30000000000000016,0.05203647416413374,4,7
329,33,0,0.9500000000000001,0,1.0,0.0,4.0,1.4027777777777777,0,0.0,1.0,0.42222222222222244,0.40000000000000024,0.07202006559907387,4,8
330,39,0,1.0250000000000001,0,1.0,0.0,5.0,1.5555555555555556,0,0.0,0.8000000000000005,0.36388888888888915,0.40000000000000013,0.05287285355971447,4,7
331,200,0,18.999999999999986,0,3.0,0.0,45.0,16.536277602523658,0.6166666666666667,0.6719242902208202,7.900000000000027,2.9511041009463757,2.0999999999999988,5.932589363904178,3,10
332,200,0,16.149999999999995,0,2.0,0.0,38.0,13.8,0.5384615384615384,0.7870967741935484,4.499999999999999,1.8264516129032247,1.0999999999999992,2.1622260377319193,3,22
333,69,0,4.450000000000001,0,1.0,0.0,10.0,4.1328671328671325,0,0.34965034965034963,1.6,0.5860139860139861,0.6000000000000001,0.11323650234741774,4,11
334,200,0,24.174999999999994,0,1.0,0.0,35.0,16.41628959276018,0.45270270270270274,0.25565610859728505,2.9999999999999893,1.4425339366515797,1.4999999999999951,0.43430168455643653,2,17
335,200,0,16.299999999999997,0,3.0,0.0,35.0,13.597058823529412,0.5,0.48823529411764705,4.099999999999995,1.754411764705878,1.7499999999999925,1.150784608863393,3,19
336,86,0,6.35,0,1.0,0.0,13.0,5.5474860335195535,0,0.0,1.4,0.598882681564246,0.6000000000000001,0.0896104868913857,4,12
337,51,0,2.4000000000000004,0,1.0,0.0,7.0,2.5729166666666665,0,0.0,1.1,0.47916666666666685,0.5000000000000002,0.07353228431904499,4,9
338,200,0,14.624999999999993,0,2.0,0.0,40.0,15.330798479087452,0.6630434782608695,0.0,5.300000000000002,2.0387832699619755,1.8999999999999981,2.4209643187601153,3,10
339,200,0,36.84999999999999,0,1.0,0.0,40.0,18.162640901771336,0.25,4.254428341384863,5.2999999999999945,1.9504025764895283,1.7999999999999914,1.1854658749092366,1,11
340,200,0,35.92499999999998,0,2.0,0.0,37.0,17.35609756097561,0.24545454545454537,1.0048780487804878,3.399999999999988,1.3894308943089393,1.3999999999999941,0.4176292355852582,1,10
341,200,0,13.524999999999986,0,2.0,0.0,36.0,14.538181818181819,0.625,0.7854545454545454,4.699999999999994,1.7512727272727246,1.4999999999999991,1.6475383476145076,3,12
342,200,0,24.17499999999999,0,1.0,0.0,37.0,16.81132075471698,0.4932432432432432,0.5919811320754716,3.199999999999991,1.3672169811320727,1.2999999999999954,0.5294706716729214,2,15
343,200,0,22.799999999999994,0,1.0,0.0,35.0,16.455188679245282,0.4928571428571429,0.7877358490566038,2.2999999999999963,1.153537735849053,1.1999999999999982,0.22017738840216766,2,15
344,122,0,12.149999999999999,0,1.0,0.0,19.0,7.821678321678322,0,1.06993006993007,2.399999999999999,0.9034965034965022,0.8,0.27635478941255565,4,27
345,39,0,2.225,0,1.0,0.0,5.0,2.0,0,0.5294117647058824,1.2000000000000002,0.4539215686274512,0.4000000000000006,0.08229645294626549,4,13
346,200,0,18.874999999999996,0,2.0,0.0,34.0,15.732984293193716,0.5333333333333333,0.6649214659685864,3.9999999999999925,1.4130890052355989,1.199999999999999,0.8682639474243213,3,12
347,200,0,22.999999999999993,0,1.0,0.0,36.0,16.69954128440367,0.4691780821917808,1.3555045871559632,3.399999999999992,1.519495412844033,1.4999999999999973,0.595288198006256,2,19
348,135,0,8.675,0,2.0,0.0,21.0,7.558558558558558,0,0.26576576576576577,1.3000000000000007,0.5761261261261265,0.6000000000000001,0.0847020270681574,4,17
349,200,0,23.549999999999994,0,1.0,0.0,37.0,17.760765550239235,0.5034246575342466,1.4521531100478469,4.099999999999992,1.8181818181818141,1.7999999999999992,0.8784304298804338,2,14
350,200,0,13.274999999999999,0,2.0,0.0,34.0,13.705454545454545,0.6428571428571429,0.14181818181818182,2.3999999999999915,1.1730909090909052,1.1999999999999997,0.35622606579921395,3,7
351,200,0,20.499999999999993,0,2.0,0.0,35.0,15.032019704433498,0.49615384615384617,0.770935960591133,2.599999999999991,1.1847290640394048,1.1999999999999944,0.3144977704977682,3,16
352,21,0,0.44999999999999996,0,1.0,0.0,2.0,0.8333333333333334,0,0.0,0.9000000000000002,0.3866666666666669,0.4000000000000002,0.06050569602667407,4,7
353,200,0,26.974999999999987,0,2.0,0.0,39.0,17.083700440528634,0.4307228915662651,0.40969162995594716,4.499999999999997,2.029515418502199,1.5999999999999974,1.7131019091283923,2,17
354,75,0,4.725000000000001,0,1.0,0.0,11.0,4.401459854014599,0,0.072992700729927,1.5000000000000004,0.5744525547445256,0.5000000000000006,0.12074062233589075,4,10
355,200,0,36.67499999999998,0,1.0,0.0,38.0,18.385878489326764,0.2544642857142857,3.257799671592775,3.8999999999999884,1.9228243021346418,1.7999999999999963,0.787412208800685,1,14
356,200,0,25.22499999999999,0,1.0,0.0,39.0,17.759174311926607,0.4778481012658228,1.5321100917431192,4.499999999999988,2.138761467889903,2.1999999999999953,1.0780215681632794,2,21
357,39,0,0.9750000000000003,0,1.0,0.0,5.0,1.6527777777777777,0,0.0,1.0000000000000004,0.42222222222222244,0.40000000000000047,0.07035307736831951,4,5
358,92,0,4.500000000000002,0,2.0,0.0,14.0,5.265734265734266,0,0.0,1.5999999999999992,0.5902097902097899,0.5999999999999989,0.1351555164319247,4,8
359,57,0,4.175000000000002,0,1.0,0.0,8.0,3.7786259541984735,0,0.0,1.2999999999999998,0.5206106870229009,0.5000000000000002,0.10271095571095569,4,9
360,86,0,3.3249999999999997,0,1.0,0.0,13.0,6.033613445378151,0,0.0,2.4999999999999982,1.10252100840336,1.0,0.5076765536723152,4,4
361,200,0,25.099999999999987,0,2.0,0.0,38.0,17.761467889908257,0.46794871794871795,0.5068807339449541,4.29999999999999,2.156651376146783,2.1999999999999984,0.9967729293248043,2,17
362,200,0,38.37499999999998,0,1.0,0.0,40.0,18.88217054263566,0.2128099173553719,5.7410852713178295,5.199999999999995,2.620155038759684,2.7999999999999914,1.198635415264498,1,21
363,200,0,19.775,0,2.0,0.0,33.0,11.995073891625616,0.376984126984127,1.1773399014778325,2.299999999999997,0.9068965517241353,0.7999999999999995,0.25749094549094426,3,24
364,27,0,0.925,0,1.0,0.0,3.0,1.1527777777777777,0,0.0,1.1,0.42222222222222233,0.40000000000000013,0.08868994790661777,4,6
365,200,0,44.474999999999994,0,1.0,0.0,38.0,18.73,0.011904761904761862,7.36,4.1999999999999895,1.9879999999999949,1.999999999999993,0.8626073478239742,0,14
366,200,0,23.22499999999999,0,2.0,0.0,36.0,17.291866028708135,0.5035211267605634,0.6220095693779905,4.099999999999993,1.5368421052631556,1.1499999999999981,1.1878839076709946,2,12
367,200,0,13.024999999999997,0,2.0,0.0,34.0,13.278810408921933,0.6646341463414634,0.02973977695167286,1.7999999999999994,0.7698884758364304,0.7999999999999979,0.12835157545605283,3,6
368,33,0,0.6750000000000004,0,2.0,0.0,4.0,1.2272727272727273,0,0.10606060606060606,1.0000000000000002,0.37424242424242443,0.40000000000000013,0.061017221584385765,4,7
369,200,0,25.274999999999988,0,1.0,0.0,39.0,16.3920704845815,0.4375,1.066079295154185,4.49999999999999,1.6145374449339183,1.5499999999999965,1.0301460834970704,2,14
370,51,0,1.5999999999999999,0,1.0,0.0,7.0,2.3333333333333335,0,0.0,0.8000000000000006,0.3761904761904765,0.4000000000000002,0.05325017717930545,4,6
371,33,0,1.35,0,1.0,0.0,4.0,1.5333333333333334,0,0.43333333333333335,1.1,0.4144444444444446,0.4000000000000002,0.07346709470304975,4,12
372,200,0,25.174999999999986,0,2.0,0.0,40.0,17.63679245283019,0.5032467532467533,0.0,4.799999999999996,1.862499999999997,1.699999999999999,1.3629645390070868,2,16
373,200,0,22.17499999999999,0,2.0,0.0,42.0,17.012886597938145,0.5543478260869565,0.0,6.200000000000009,2.0585051546391724,1.3999999999999984,2.7612604372172767,3,10
374,200,0,25.099999999999994,0,1.0,0.0,35.0,15.729613733905579,0.4253246753246753,1.2253218884120172,2.699999999999997,1.247210300429182,1.2999999999999925,0.40326660680159054,2,22
375,200,0,26.849999999999994,0,1.0,0.0,37.0,16.46234309623431,0.4107142857142857,0.3305439330543933,3.699999999999987,1.7531380753138033,1.799999999999996,0.8101506020141472,2,22
376,104,0,5.274999999999993,0,1.0,0.0,16.0,6.906832298136646,0,0.0,2.899999999999997,1.1484472049689427,0.9,0.7217800925925908,4,9
377,200,0,35.57499999999999,0,1.0,0.0,43.0,18.904761904761905,0.28539823008849563,1.7044334975369457,7.0000000000000115,2.2341543513957283,1.9999999999999956,1.969282139775673,1,8
378,200,0,35.02499999999999,0,2.0,0.0,43.0,19.804597701149426,0.2847826086956522,3.334975369458128,7.6000000000000165,2.7740558292282413,2.399999999999995,3.3890897325280567,1,16
379,200,0,22.949999999999992,0,1.0,0.0,36.0,17.36842105263158,0.5035211267605634,0.21052631578947367,3.099999999999987,1.5827751196172195,1.5999999999999968,0.37941839368600255,2,6
380,21,0,0.17499999999999982,0,1.0,0.0,2.0,0.8666666666666667,0,0.0,0.9,0.40666666666666684,0.4000000000000002,0.0646401778271742,4,9
381,200,0,37.04999999999998,0,1.0,0.0,40.0,18.23671497584541,0.25,1.9259259259259258,6.500000000000003,1.9948470209339755,1.6999999999999975,1.826934705943365,1,15
382,200,0,18.849999999999998,0,2.0,1.0,35.0,12.118110236220472,0.3811475409836066,1.5406824146981628,2.799999999999996,1.2167979002624636,1.1999999999999993,0.327121658859187,3,27
383,93,0,4.2250000000000005,0,1.0,0.0,14.0,5.5,0,0.0,1.4,0.5484848484848486,0.5999999999999999,0.08007805773976924,4,9
384,200,0,25.599999999999987,0,2.0,0.0,40.0,16.953125,0.46518987341772156,0.4955357142857143,5.800000000000002,1.8470982142857117,1.2999999999999976,2.0616089943847387,2,18
385,200,0,26.77499999999999,0,1.0,0.0,39.0,15.620967741935484,0.39534883720930236,1.1129032258064515,4.699999999999993,1.3743951612903196,1.0999999999999934,1.0719898786659317,2,29
386,200,0,24.54999999999998,0,2.0,0.0,42.0,18.14858490566038,0.5162337662337663,0.0,6.0000000000000115,2.169575471698111,1.949999999999996,2.3968942845223222,2,15
387,200,0,30.44999999999999,0,1.0,0.0,36.0,16.181657848324516,0.30729166666666663,2.3350970017636685,3.199999999999993,1.195943562610227,1.0999999999999996,0.3747113422584958,2,28
388,56,0,3.6000000000000014,0,1.0,0.0,8.0,2.992,0,0.4,1.4,0.5048000000000001,0.5000000000000001,0.09502304147465432,4,9
389,200,0,35.09999999999998,0,1.0,0.0,38.0,18.141215106732346,0.26363636363636367,3.6075533661740558,4.299999999999994,1.7760262725779934,1.7999999999999918,0.8052730802415828,1,16
390,200,0,25.599999999999987,0,1.0,0.0,37.0,16.984749455337692,0.4375,1.4139433551198257,3.499999999999991,1.9453159041394292,2.299999999999993,0.9148571292956075,2,26
391,51,0,1.8000000000000005,0,1.0,0.0,7.0,2.4404761904761907,0,0.0,0.9000000000000002,0.44047619047619085,0.5000000000000001,0.05789369241672573,4,7
392,39,0,1.0249999999999997,0,1.0,0.0,5.0,1.5833333333333333,0,0.0,0.8000000000000003,0.38055555555555576,0.4000000000000002,0.052131969901601384,4,6
393,200,0,14.049999999999988,0,3.0,0.0,43.0,17.412017167381975,0.7386363636363636,0.0,6.600000000000002,2.531759656652358,2.3999999999999972,3.2983653846153795,3,5
394,200,0,35.999999999999986,0,1.0,0.0,37.0,17.142410015649453,0.21460176991150437,2.8622848200312987,3.1999999999999895,1.5269170579029687,1.599999999999993,0.45379927507836615,1,17
395,63,0,2.6500000000000012,0,1.0,0.0,9.0,3.3703703703703702,0,0.0,1.1,0.525925925925926,0.5500000000000003,0.07970505015862127,4,7
396,200,0,36.524999999999984,0,2.0,0.0,39.0,18.370731707317074,0.2588495575221239,1.4097560975609755,4.8999999999999915,1.9982113821138172,1.7999999999999963,1.1551055459198725,1,14
397,200,0,13.224999999999998,0,2.0,0.0,34.0,12.718861209964412,0.6104651162790697,0.0,1.5999999999999988,0.7604982206405689,0.7999999999999962,0.13463348530901662,3,17
398,200,0,14.649999999999995,0,3.0,0.0,36.0,13.866438356164384,0.6329787234042553,0.09931506849315068,2.699999999999994,1.255821917808217,1.099999999999999,0.5178831380551907,3,13
399,200,0,35.94999999999999,0,2.0,0.0,49.0,18.67464114832536,0.29132231404958675,3.9649122807017543,10.300000000000017,2.4872408293460904,2.099999999999998,3.671712571986741,2,46
400,158,0,7.099999999999989,0,1.0,0.0,25.0,12.206896551724139,0,0.0,4.699999999999997,1.7073891625615747,1.4999999999999973,1.6744195301883094,4,10
401,200,0,46.42499999999998,0,1.0,0.0,40.0,18.99625,0.03187919463087252,9.44125,4.799999999999991,2.1477499999999945,2.199999999999996,0.6232709113607946,0,15
402,92,0,5.3249999999999975,0,2.0,0.0,14.0,5.703225806451613,0,0.0,1.6999999999999993,0.7380645161290322,0.7000000000000003,0.14765401265401254,4,11
403,200,0,23.94999999999998,0,2.0,0.0,38.0,17.782296650717704,0.5033333333333333,0.20095693779904306,3.699999999999988,1.8311004784688947,1.7999999999999954,0.6774098430086422,2,18
404,176,0,11.774999999999995,0,1.0,0.0,28.0,11.242857142857142,0,0.0,2.299999999999996,0.8939285714285707,0.8000000000000005,0.2832881796961687,4,13
405,200,0,24.699999999999992,0,1.0,0.0,38.0,17.332558139534882,0.48376623376623373,1.5930232558139534,4.299999999999994,1.7869767441860431,1.6999999999999988,1.1546738489661867,2,24
406,146,0,6.674999999999991,0,2.0,0.0,23.0,10.602094240837696,0,0.0,3.899999999999997,1.2994764397905747,0.8999999999999997,1.0983020833333308,4,9
407,80,0,5.1750000000000025,0,1.0,0.0,12.0,4.529032258064516,0,0.0,1.3999999999999995,0.5832258064516128,0.6000000000000001,0.10217449217449208,4,10
408,200,0,16.549999999999994,0,2.0,0.0,39.0,13.704918032786885,0.5673076923076923,0.14098360655737704,4.900000000000001,1.6449180327868853,0.8000000000000003,2.331089396284827,3,9
409,200,0,44.8,0,1.0,0.0,38.0,18.775,0.006666666666666599,6.99,4.199999999999989,2.0149999999999944,1.8999999999999952,0.9976765588696173,0,13
410,200,0,23.17499999999999,0,1.0,0.0,36.0,17.320574162679424,0.5035211267605634,0.5741626794258373,3.19999999999999,1.5540669856459297,1.6999999999999948,0.7051669213555115,2,10
411,200,0,19.799999999999997,0,2.0,0.0,34.0,15.399484536082474,0.5286885245901639,0.3556701030927835,2.0999999999999956,1.0904639175257695,1.0999999999999996,0.18689484067674905,3,11
412,200,0,30.524999999999995,0,2.0,0.0,38.0,16.898710865561693,0.33854166666666663,1.832412523020258,3.9999999999999916,1.8620626151012853,1.5999999999999992,1.2101302365964766,2,29
413,200,0,23.999999999999993,0,2.0,0.0,37.0,17.130733944954127,0.4797297297297297,1.1169724770642202,3.399999999999989,1.7616972477064163,1.6999999999999946,0.564063389357949,2,18
414,200,0,27.349999999999984,0,1.0,0.0,39.0,16.5614406779661,0.40116279069767447,0.9576271186440678,4.299999999999992,1.9362288135593178,1.899999999999993,1.2201548143260417,2,23
415,200,0,31.174999999999997,0,2.0,0.0,46.0,17.883760683760684,0.3160377358490566,3.4564102564102566,9.200000000000014,2.4837606837606816,1.799999999999998,4.841476927392594,3,37
416,15,0,-0.20000000000000007,0,1.0,0.0,1.0,0.3958333333333333,0,0.0,0.8000000000000002,0.3583333333333335,0.40000000000000013,0.05870603560573165,4,5
417,80,0,3.0500000000000016,0,2.0,0.0,12.0,4.849557522123894,0,0.0,1.5,0.6592920353982298,0.6000000000000003,0.1560541979949873,4,6
418,200,0,27.09999999999999,0,1.0,0.0,40.0,16.49475890985325,0.42647058823529416,0.8867924528301887,4.799999999999991,1.768134171907752,1.6999999999999957,0.8824685313455857,2,19
419,200,0,30.84999999999999,0,1.0,0.0,38.0,15.121212121212121,0.27040816326530615,1.0802139037433156,4.29999999999999,1.514081996434935,1.2999999999999963,1.0044572953736586,2,31
420,200,0,23.799999999999994,0,2.0,0.0,37.0,18.423444976076556,0.5,0.9330143540669856,4.399999999999994,2.2157894736842065,2.1499999999999946,1.297557161907701,2,11
421,200,0,22.774999999999995,0,1.0,0.0,33.0,14.445652173913043,0.38888888888888884,1.2891304347826087,2.1999999999999984,0.9445652173913022,0.8999999999999981,0.21677583542455237,3,21
422,39,0,0.7750000000000006,0,1.0,0.0,5.0,1.7777777777777777,0,0.0,1.2,0.4972222222222223,0.5000000000000001,0.09139880378159365,4,7
423,200,0,23.32499999999998,0,2.0,0.0,38.0,18.26555023923445,0.5067567567567568,0.2535885167464115,4.099999999999991,2.121052631578943,2.1999999999999966,1.0952089879409048,2,15
424,200,0,13.749999999999988,0,2.0,0.0,35.0,14.195804195804195,0.6388888888888888,0.6328671328671329,4.299999999999992,1.4384615384615358,1.0999999999999996,1.0290927318295686,3,13
425,200,0,22.724999999999994,0,1.0,0.0,37.0,17.157894736842106,0.5105633802816901,1.145933014354067,3.299999999999991,1.4564593301435371,1.2999999999999976,0.5623658018692401,2,13
426,200,0,14.699999999999994,0,2.0,0.0,38.0,14.145454545454545,0.6195652173913043,0.0,3.79999999999999,1.5549090909090886,1.4000000000000004,1.2184920131175219,3,8
427,99,0,6.9,0,1.0,0.0,15.0,5.2444444444444445,0,0.17777777777777778,1.5,0.508888888888889,0.5000000000000001,0.0968128645945862,4,3
428,123,0,13.450000000000003,0,1.0,0.0,19.0,8.20401337792642,0,0.36789297658862874,1.4000000000000008,0.6575250836120403,0.6999999999999997,0.09114004474272921,4,25
429,200,0,25.174999999999994,0,1.0,0.0,40.0,17.8868778280543,0.4598765432098766,2.51131221719457,4.9999999999999964,2.333031674208142,2.4999999999999902,1.7459314199720501,2,20
430,200,0,35.72499999999999,0,2.0,0.0,43.0,19.001642036124796,0.2891304347826087,2.3596059113300494,7.0000000000000115,2.2922824302134615,1.9999999999999911,2.056317083692842,1,13
431,200,0,23.249999999999993,0,1.0,0.0,36.0,16.791866028708135,0.5035211267605634,1.124401913875598,2.699999999999993,1.2368421052631546,1.1999999999999973,0.3551997161220878,2,12
432,200,0,36.399999999999984,0,1.0,0.0,40.0,18.02463054187192,0.2676991150442478,2.1247947454844005,5.0999999999999925,1.706075533661737,1.499999999999992,1.1055982528041373,1,11
433,33,0,1.425,0,1.0,0.0,4.0,1.4743589743589745,0,0.0,0.9000000000000002,0.3705128205128208,0.40000000000000013,0.053113595265493994,4,7
434,200,0,24.874999999999986,0,3.0,0.0,45.0,18.574418604651164,0.5221518987341772,0.9697674418604652,8.300000000000018,2.5320930232558125,1.7999999999999912,4.245969745644944,3,15
435,27,0,0.5999999999999999,0,1.0,0.0,3.0,1.0757575757575757,0,0.0,0.8000000000000004,0.3924242424242427,0.40000000000000024,0.05434902411021814,4,9
436,200,0,23.97499999999999,0,1.0,0.0,38.0,18.05581395348837,0.48376623376623373,1.7395348837209301,3.9999999999999925,2.2209302325581337,2.3999999999999977,1.0744979691615348,2,15
437,27,0,0.6000000000000001,0,1.0,0.0,3.0,0.9393939393939394,0,0.0,0.8000000000000003,0.36515151515151534,0.40000000000000013,0.05137313432835821,4,4
438,200,0,35.39999999999999,0,2.0,0.0,46.0,19.036334913112164,0.2747933884297521,3.169036334913112,8.400000000000018,2.6072669826224297,2.0999999999999983,3.856576089126712,2,39
439,200,0,22.09999999999999,0,1.0,0.0,35.0,16.5,0.5073529411764706,0.4138755980861244,2.299999999999993,1.0617224880382752,0.9999999999999997,0.23178974719985102,2,7
440,200,0,14.549999999999992,0,2.0,0.0,40.0,14.946768060836503,0.6413043478260869,0.8022813688212928,5.2999999999999945,1.849429657794674,1.7999999999999994,1.9663303839925894,3,7
441,200,0,22.02499999999999,0,1.0,0.0,33.0,15.58590308370044,0.4119718309859155,0.737885462555066,3.299999999999992,1.532599118942726,1.499999999999999,0.5743585862261333,3,21
442,200,0,13.799999999999999,0,2.0,0.0,34.0,13.01048951048951,0.6363636363636364,0.03496503496503497,1.7000000000000002,0.7272727272727273,0.7000000000000001,0.09296362858365419,3,13
443,200,0,36.72499999999999,0,1.0,0.0,42.0,19.151219512195123,0.2628205128205128,3.343089430894309,6.300000000000009,2.4665040650406462,2.2999999999999887,2.159339016032831,1,13
444,200,0,15.79999999999999,0,2.0,0.0,41.0,15.01048951048951,0.5865384615384616,0.9615384615384616,6.10000000000001,2.210489510489512,1.3999999999999997,3.8289577602543052,3,15
445,200,0,28.09999999999999,0,1.0,0.0,38.0,16.405189620758485,0.38636363636363635,0.48303393213572854,3.6999999999999913,1.7564870259481016,1.799999999999999,0.9995876494023852,2,21
446,200,0,45.974999999999994,0,1.0,1.0,39.0,19.385,0.016447368421052655,7.9975,4.799999999999993,2.380999999999995,2.499999999999993,1.1143407411574018,0,13
447,27,0,0.475,0,1.0,0.0,3.0,1.0909090909090908,0,0.0,1.0,0.40151515151515166,0.40000000000000013,0.06895292766934558,4,8
448,200,0,25.84999999999999,0,1.0,0.0,35.0,15.169734151329243,0.3780487804878049,1.2842535787321063,2.799999999999995,1.1541922290388522,1.1,0.3574123452659725,2,29
449,200,0,35.249999999999986,0,1.0,0.0,37.0,17.63317384370016,0.23198198198198194,3.197767145135566,3.4999999999999925,1.702551834130776,1.6999999999999944,0.6034081011782372,1,16
450,200,0,15.199999999999996,0,2.0,0.0,36.0,13.088524590163935,0.5153061224489796,0.24918032786885247,2.699999999999995,1.4167213114754058,1.4999999999999987,0.6198909958720275,3,15
451,200,0,24.199999999999992,0,1.0,0.0,39.0,18.285377358490567,0.5,0.8867924528301887,4.199999999999987,2.2516509433962204,2.299999999999989,0.8662756779307412,2,17
452,98,0,4.574999999999997,0,1.0,0.0,15.0,5.8671328671328675,0,0.0,1.9,0.602797202797203,0.5999999999999993,0.1595803990610328,4,7
453,200,0,34.67499999999999,0,1.0,0.0,39.0,17.632183908045977,0.27314814814814814,0.8784893267651889,4.49999999999999,1.4706075533661704,1.399999999999995,0.6275942622950781,1,10
454,200,0,17.150000000000002,0,2.0,0.0,33.0,13.278409090909092,0.5092592592592593,0.5482954545454546,2.2999999999999905,1.1815340909090863,1.199999999999998,0.27599646497663305,3,13
455,200,0,34.94999999999999,0,1.0,0.0,38.0,17.243156199677937,0.24545454545454537,1.8502415458937198,3.599999999999986,1.39871175523349,1.3999999999999924,0.4514970957369525,1,14
456,195,0,10.65,0,2.0,0.0,31.0,13.048979591836735,0,0.061224489795918366,1.5999999999999996,0.5783673469387757,0.5999999999999998,0.08528855124616805,4,10
457,200,0,25.174999999999994,0,1.0,0.0,40.0,17.555803571428573,0.45731707317073167,1.9553571428571428,5.100000000000006,2.208705357142854,2.2999999999999945,1.8925006103546003,2,22
458,134,0,9.299999999999995,0,1.0,0.0,21.0,8.546218487394958,0,0.25630252100840334,2.7999999999999967,0.9647058823529402,0.8999999999999991,0.38102995957134944,4,17
459,105,0,6.0,0,1.0,0.0,16.0,6.1726190476190474,0,0.0,1.100000000000001,0.5238095238095243,0.500000000000001,0.07741203982567409,4,12
460,200,0,30.575000000000003,0,1.0,0.0,45.0,17.854054054054053,0.3578431372549019,2.6792792792792794,7.90000000000002,2.3277477477477464,1.6999999999999984,2.922014323559215,2,30
461,200,0,11.649999999999997,0,2.0,0.0,33.0,13.43579766536965,0.6842105263157895,0.0,1.6999999999999993,0.7031128404669248,0.6999999999999963,0.14403918362403084,3,8
462,63,0,1.7500000000000009,0,2.0,0.0,9.0,3.6,0,0.0,1.6,0.5744444444444444,0.5999999999999998,0.13125200642054569,4,0
463,200,0,14.474999999999994,0,2.0,0.0,38.0,15.011152416356877,0.6611111111111111,0.02973977695167286,4.29999999999999,1.8895910780669107,1.8999999999999946,1.520953565505795,3,9
464,200,0,11.649999999999997,0,2.0,0.0,33.0,13.43824701195219,0.6824324324324325,0.0,1.5999999999999996,0.6398406374501994,0.6000000000000012,0.09626285714285714,3,10
465,200,0,35.69999999999999,0,1.0,0.0,40.0,18.04433497536946,0.27212389380530977,1.8472906403940887,5.099999999999998,1.7178981937602604,1.299999999999999,1.4227540983606515,1,22
466,200,0,13.95,0,2.0,0.0,33.0,12.868852459016393,0.5869565217391305,0.30491803278688523,2.2999999999999985,0.9072131147540972,0.8000000000000002,0.3092627708978313,3,15
467,200,0,24.299999999999983,0,1.0,0.0,38.0,18.089622641509433,0.493421052631579,0.9952830188679245,3.6999999999999886,2.1341981132075416,2.199999999999995,0.8331983312473855,2,19
468,200,0,36.499999999999986,0,1.0,0.0,41.0,18.23604465709729,0.2586206896551724,2.692185007974482,5.800000000000003,2.064274322169055,1.7999999999999967,1.611199863657636,1,16
469,110,0,5.349999999999994,0,1.0,0.0,17.0,7.217391304347826,0,0.0,2.6999999999999966,1.0254658385093154,0.7999999999999953,0.5255208333333319,4,4
470,75,0,4.275000000000002,0,1.0,0.0,11.0,4.151515151515151,0,0.0,1.0000000000000004,0.4757575757575762,0.5000000000000002,0.06365838259771565,4,8
471,200,0,25.099999999999987,0,2.0,0.0,39.0,18.191037735849058,0.4935897435897436,0.17452830188679244,4.299999999999989,2.195047169811315,1.899999999999994,1.39109169795577,2,16
472,200,0,26.27499999999999,0,1.0,0.0,37.0,16.240165631469978,0.40662650602409633,0.8923395445134575,3.499999999999988,1.6374741200828122,1.5999999999999992,0.7023875210040755,2,21
473,69,0,3.7250000000000014,0,1.0,0.0,10.0,3.7063492063492065,0,0.0,0.8000000000000008,0.4198412698412703,0.4000000000000007,0.046990236220472444,4,8
474,200,0,22.52499999999999,0,1.0,0.0,35.0,16.172169811320753,0.4928571428571429,0.5023584905660378,2.099999999999995,0.9837264150943377,0.999999999999997,0.15320300375469256,2,17
475,80,0,4.300000000000001,0,1.0,0.0,12.0,4.6838235294117645,0,0.16176470588235295,1.5999999999999996,0.6183823529411763,0.5999999999999998,0.11753609083536083,4,9
476,146,0,8.574999999999998,0,1.0,0.0,23.0,9.384615384615385,0,0.0,2.199999999999998,0.7877828054298641,0.600000000000001,0.30017362817362764,4,11
477,200,0,15.349999999999987,0,3.0,0.0,45.0,18.15918367346939,0.7083333333333334,0.02857142857142857,7.8000000000000185,3.3310204081632664,2.799999999999995,5.639784752765578,3,7
478,200,0,24.124999999999982,0,3.0,1.0,46.0,18.606796116504853,0.5422077922077922,0.18446601941747573,8.40000000000002,2.7337378640776686,2.099999999999998,4.11381317639021,3,12
479,62,0,2.900000000000001,0,2.0,0.0,9.0,3.5486725663716814,0,0.3185840707964602,1.899999999999999,0.7867256637168132,0.7000000000000001,0.27126096491228013,4,9
480,200,0,28.124999999999993,0,2.0,0.0,40.0,16.28092243186583,0.4204545454545454,0.12578616352201258,5.500000000000001,1.6398322851153033,0.9999999999999992,2.04676620020393,2,19
481,200,0,26.699999999999985,0,2.0,0.0,39.0,17.995535714285715,0.44277108433734935,0.8325892857142857,4.6999999999999975,2.4886160714285674,2.699999999999993,1.5515968869423897,2,19
482,200,0,34.29999999999999,0,1.0,0.0,43.0,19.079601990049753,0.30405405405405406,1.900497512437811,6.900000000000012,2.4369817578772777,2.1999999999999944,2.193082825460392,2,29
483,200,0,22.3,0,2.0,0.0,36.0,14.137931034482758,0.4401408450704225,0.5563218390804597,2.7999999999999954,1.0002298850574698,0.8999999999999984,0.43147349173466204,3,22
484,200,0,33.8,0,1.0,0.0,35.0,16.66824644549763,0.21698113207547176,2.377567140600316,3.2999999999999945,1.4802527646129493,1.5999999999999903,0.5174786367447959,2,35
485,21,0,-0.4750000000000001,0,1.0,0.0,2.0,0.5833333333333334,0,0.0,1.0,0.3958333333333335,0.40000000000000013,0.07543204515848892,4,2
486,200,0,19.949999999999996,0,2.0,0.0,40.0,15.024725274725276,0.5515873015873016,0.0,4.999999999999999,1.7326923076923055,1.1999999999999993,1.7993568813917464,3,12
487,39,0,1.2999999999999998,0,1.0,0.0,5.0,1.5512820512820513,0,0.0,0.7000000000000003,0.32435897435897454,0.30000000000000027,0.046722012165050134,4,8
488,200,0,37.124999999999986,0,1.0,0.0,40.0,17.838810641627543,0.22844827586206895,2.38810641627543,5.499999999999997,1.9447574334898239,1.7999999999999954,1.3457308973354196,1,16
489,21,0,0.3499999999999999,0,1.0,0.0,2.0,0.8833333333333333,0,0.0,1.1,0.4166666666666668,0.4000000000000002,0.08241178105029173,4,6
490,200,0,23.57499999999999,0,1.0,0.0,37.0,17.07894736842105,0.5034246575342466,0.8564593301435407,3.499999999999993,1.409090909090906,1.1999999999999993,0.7454718611745402,2,17
491,15,0,-0.7999999999999999,0,1.0,0.0,1.0,0.19047619047619047,0,0.0,0.7000000000000001,0.31666666666666676,0.30000000000000016,0.05475326148610323,4,0
492,200,0,36.92499999999998,0,1.0,0.0,41.0,17.71563981042654,0.24145299145299148,2.085308056872038,6.199999999999996,1.8148499210110554,1.6999999999999953,1.5920109411811618,1,16
493,134,0,11.625000000000002,0,1.0,0.0,21.0,9.869402985074627,0,0.44029850746268656,1.6999999999999997,0.7817164179104473,0.7999999999999976,0.13955571335087621,4,11
494,200,0,47.37499999999998,0,1.0,1.0,40.0,19.23625,0.0212418300653594,5.60875,4.999999999999992,2.291749999999996,2.3999999999999977,1.203483817943459,0,15
495,135,0,6.350000000000002,0,2.0,0.0,21.0,9.308641975308642,0,0.0,1.4999999999999996,0.637654320987654,0.6000000000000001,0.09778340890904229,4,1
496,200,0,45.724999999999994,0,1.0,0.0,39.0,18.9875,0.016447368421052655,8.6075,4.899999999999991,2.142499999999995,1.9999999999999978,1.1406455322586375,0,19
497,80,0,7.450000000000003,0,1.0,0.0,12.0,5.411167512690355,0,0.15228426395939088,1.4,0.649238578680203,0.6999999999999993,0.09833951762523187,4,18
498,182,0,9.199999999999998,0,1.0,0.0,29.0,12.409691629955947,0,0.0,1.6999999999999988,0.7048458149779724,0.699999999999998,0.13456062723179615,4,5
499,200,0,27.049999999999986,0,2.0,0.0,42.0,16.358050847457626,0.4205882352941176,0.9661016949152542,6.400000000000005,1.814194915254234,1.3999999999999913,1.9646166448966031,2,23
500,200,0,34.89999999999998,0,2.0,0.0,38.0,17.617405582922824,0.25909090909090904,2.5336617405582924,4.399999999999991,1.4617405582922793,1.299999999999998,0.7546794650560786,1,16
501,63,0,2.825000000000001,0,1.0,0.0,9.0,3.1018518518518516,0,0.0,1.0,0.43148148148148174,0.4000000000000007,0.059013975820972286,4,7
502,200,0,37.34999999999998,0,1.0,1.0,44.0,19.44334975369458,0.27941176470588236,1.561576354679803,7.200000000000022,2.557307060755335,2.2999999999999936,2.640614646246772,1,8
503,200,0,23.72499999999999,0,1.0,0.0,36.0,16.44724770642202,0.472972972972973,0.8027522935779816,2.599999999999995,1.3516055045871507,1.3999999999999904,0.26511349588363453,2,15
504,200,0,23.199999999999992,0,1.0,0.0,37.0,16.940191387559807,0.5069444444444444,0.5311004784688995,3.399999999999988,1.3258373205741583,1.2999999999999954,0.32579362762772773,2,12
505,93,0,6.375,0,1.0,0.0,14.0,4.919540229885057,0,0.0,1.2000000000000004,0.5281609195402301,0.5000000000000003,0.08386490503715935,4,13
506,57,0,3.1750000000000007,0,1.0,0.0,8.0,3.017543859649123,0,0.06140350877192982,1.2,0.5903508771929826,0.6000000000000001,0.0864924971142747,4,7
507,158,0,7.774999999999997,0,2.0,0.0,25.0,10.605911330049262,0,0.0,2.0999999999999988,0.7467980295566503,0.7000000000000001,0.19421859833042102,4,7
508,81,0,5.425000000000002,0,2.0,0.0,12.0,4.358974358974359,0,0.0,1.1,0.5179487179487181,0.5000000000000003,0.07506554345592764,4,11
509,200,0,35.92499999999999,0,1.0,0.0,42.0,19.011494252873565,0.2804347826086957,1.8686371100164203,6.100000000000011,2.2981937602627225,1.9999999999999911,2.0250432484900838,1,12
510,200,0,17.35,0,2.0,0.0,35.0,13.780346820809248,0.5590909090909091,0.1531791907514451,2.1999999999999895,1.0433526011560665,1.0499999999999954,0.21685068704840454,3,13
511,104,0,4.799999999999995,0,2.0,0.0,16.0,6.583892617449664,0,0.0,1.8999999999999977,0.7738255033557042,0.7000000000000001,0.24341981981981925,4,9
512,200,0,27.04999999999999,0,1.0,0.0,39.0,16.240585774058577,0.41279069767441856,1.6610878661087867,4.499999999999992,1.6878661087866074,1.4999999999999996,1.1203597641837622,2,27
513,39,0,1.8000000000000005,0,1.0,0.0,5.0,2.1555555555555554,0,0.0,1.2,0.507777777777778,0.5000000000000002,0.08339424620323492,4,10
514,200,0,36.57499999999998,0,1.0,0.0,42.0,18.95402298850575,0.2760869565217391,1.6863711001642037,6.000000000000004,2.2637110016420325,2.2999999999999923,1.4424472605694536,1,14
515,200,0,33.999999999999986,0,1.0,0.0,36.0,16.611916264090176,0.24528301886792447,2.032206119162641,2.4999999999999964,1.0199677938808362,0.9000000000000005,0.2840786744113669,1,23
516,200,0,21.525,0,3.0,0.0,37.0,12.891252955082741,0.37857142857142856,0.9243498817966903,3.299999999999987,1.283924349881794,1.0999999999999992,0.6827713940802941,3,23
517,200,0,25.12499999999999,0,2.0,0.0,43.0,18.11860465116279,0.509493670886076,0.5116279069767442,6.700000000000007,2.258604651162786,1.899999999999997,1.9140177069643456,2,12
518,99,0,10.400000000000002,0,1.0,0.0,15.0,6.199203187250996,0,0.3665338645418327,1.2999999999999998,0.5513944223107573,0.5999999999999998,0.07349523809523803,4,19
519,200,0,34.999999999999986,0,1.0,0.0,39.0,17.949096880131364,0.2681818181818182,2.2167487684729066,4.699999999999988,1.6607553366174002,1.4999999999999951,0.7324683994823077,1,9
520,200,0,36.649999999999984,0,2.0,0.0,42.0,18.469622331691298,0.2760869565217391,2.1313628899835795,6.2000000000000055,1.9730706075533635,1.7999999999999976,1.571364430543569,1,20
521,200,0,24.22499999999999,0,1.0,0.0,37.0,17.029816513761467,0.4671052631578947,1.7798165137614679,3.7999999999999887,1.717660550458711,1.5999999999999945,0.7530636260816905,2,16
522,27,0,0.725,0,1.0,0.0,3.0,1.0454545454545454,0,0.0,1.0,0.42878787878787894,0.4500000000000002,0.07903788748564866,4,1
523,200,0,37.52499999999999,0,1.0,0.0,37.0,17.391705069124423,0.19444444444444442,0.9846390168970814,4.699999999999994,1.768817204301072,1.5999999999999992,1.097785983954691,1,10
524,33,0,0.5250000000000008,0,1.0,0.0,4.0,1.3181818181818181,0,0.0,1.2000000000000002,0.42878787878787894,0.4000000000000002,0.08813088404133182,4,5
525,200,0,17.499999999999996,0,2.0,0.0,34.0,13.701704545454545,0.5318181818181819,0.45170454545454547,2.1999999999999913,1.1116477272727239,1.1499999999999937,0.20955352170649397,3,16
526,68,0,2.975000000000002,0,2.0,0.0,10.0,3.9911504424778763,0,0.0,2.0999999999999996,0.707079646017699,0.6000000000000001,0.24474780701754373,4,7
527,188,0,10.224999999999989,0,2.0,0.0,30.0,12.762645914396888,0,0.07782101167315175,3.399999999999995,1.135019455252917,0.799999999999993,0.8200311894379818,4,14
528,200,0,23.77499999999999,0,1.0,0.0,38.0,18.016746411483254,0.5067567567567568,1.4497607655502391,3.7999999999999923,1.9717703349282243,1.9999999999999962,0.8664807724226287,2,13
529,21,0,0.024999999999999967,0,1.0,0.0,2.0,0.6481481481481481,0,0.0,0.8000000000000003,0.37962962962962976,0.40000000000000013,0.059049742710120076,4,6
530,200,0,22.724999999999994,0,1.0,0.0,36.0,17.00956937799043,0.5071428571428571,0.42105263157894735,2.499999999999996,1.3674641148325315,1.399999999999993,0.3132972762601355,2,13
531,200,0,25.249999999999993,0,1.0,0.0,37.0,17.474945533769063,0.43518518518518523,1.1394335511982572,4.999999999999996,2.239433551198253,2.099999999999989,1.2945077843174444,2,16
532,146,0,8.449999999999996,0,2.0,0.0,23.0,8.95475113122172,0,0.6968325791855203,2.2999999999999994,0.806787330316742,0.7000000000000003,0.23457411957411936,4,12
533,99,0,9.15,0,1.0,0.0,15.0,6.938325991189427,0,0.3788546255506608,1.6999999999999984,0.7127753303964752,0.7000000000000001,0.15450939295140473,4,23
534,105,0,5.250000000000001,0,1.0,0.0,16.0,6.193333333333333,0,0.0,1.2999999999999998,0.4966666666666669,0.5000000000000002,0.08032579225743358,4,7
535,200,0,37.59999999999998,0,2.0,0.0,40.0,18.719806763285025,0.24159663865546221,2.5458937198067635,5.9999999999999964,2.2847020933977413,1.9999999999999951,1.793635359402546,1,17
536,21,0,0.12500000000000006,0,1.0,0.0,2.0,0.5925925925925926,0,0.0,0.8000000000000002,0.34629629629629644,0.35000000000000026,0.05657975986277873,4,5
537,200,0,36.624999999999986,0,1.0,0.0,41.0,19.267651888341543,0.26724137931034486,3.1822660098522166,6.000000000000012,2.451888341543511,2.299999999999993,1.8705474547023313,1,12
538,44,0,1.600000000000001,0,2.0,0.0,6.0,2.397590361445783,0,0.0,1.6999999999999993,0.6626506024096385,0.6000000000000001,0.20044134727061536,4,8
539,50,0,2.1250000000000013,0,2.0,0.0,7.0,2.6736842105263157,0,0.0,1.5,0.5726315789473684,0.6000000000000001,0.10094636524822691,4,9
540,81,0,6.400000000000002,0,1.0,0.0,12.0,5.626436781609195,0,0.0,1.2999999999999996,0.5798850574712644,0.6000000000000001,0.09138001651527657,4,10
541,200,0,37.49999999999998,0,1.0,0.0,39.0,19.04186795491143,0.24145299145299148,2.3703703703703702,5.100000000000006,2.4779388083735867,2.3999999999999955,1.3998873042215523,1,17
542,134,0,12.700000000000005,0,1.0,0.0,21.0,10.432142857142857,0,0.45357142857142857,1.5999999999999983,0.8489285714285704,0.8999999999999961,0.12000038265794176,4,12
543,200,0,31.87499999999999,0,1.0,1.0,37.0,17.15213675213675,0.2945544554455446,2.058119658119658,3.2999999999999923,1.5494017094017054,1.3999999999999977,0.6427066482771476,2,30
544,200,0,16.699999999999996,0,1.0,0.0,40.0,14.58688524590164,0.6084905660377359,0.0,5.000000000000008,1.9380327868852456,1.1,2.507236197110424,3,16
545,200,0,26.099999999999987,0,2.0,0.0,43.0,17.060267857142858,0.4722222222222222,0.9620535714285714,6.70000000000002,1.9274553571428577,1.0999999999999996,3.389017553300164,2,23
546,200,0,25.39999999999999,0,1.0,0.0,38.0,16.72466960352423,0.44375,0.698237885462555,3.999999999999988,1.782378854625546,1.7999999999999956,0.8689007592848581,2,21
547,140,0,5.974999999999995,0,2.0,0.0,22.0,9.867052023121387,0,0.0,2.599999999999998,0.8953757225433522,0.7000000000000005,0.3609155306067888,4,6
548,200,0,23.724999999999994,0,1.0,0.0,36.0,16.192660550458715,0.472972972972973,0.45871559633027525,3.0999999999999925,1.1988532110091723,1.0999999999999992,0.4177302401430832,2,18
549,200,0,18.099999999999994,0,1.0,0.0,38.0,14.526470588235295,0.5833333333333334,0.4176470588235294,3.5999999999999877,1.37147058823529,1.2999999999999967,0.4980433221740632,3,11
550,81,0,5.200000000000001,0,1.0,0.0,12.0,4.737179487179487,0,0.0,1.2000000000000004,0.5602564102564103,0.5999999999999999,0.097911649886994,4,10
551,158,0,8.099999999999996,0,1.0,0.0,25.0,10.409302325581395,0,0.0,2.4999999999999982,0.7999999999999994,0.6999999999999997,0.33349558670820284,4,8
552,170,0,8.949999999999992,0,1.0,0.0,27.0,12.103004291845494,0,0.0,3.4999999999999947,1.342060085836908,1.099999999999992,0.9949016357205976,4,6
553,200,0,25.099999999999987,0,2.0,0.0,41.0,18.109302325581396,0.5032467532467533,0.47674418604651164,5.900000000000008,2.25302325581395,1.9999999999999918,1.9955714200725831,2,10
554,200,0,36.77499999999999,0,1.0,0.0,43.0,18.776357827476037,0.2584745762711864,4.023961661341853,6.700000000000012,2.377156549520763,2.099999999999993,1.767549779904307,1,15
555,200,0,15.074999999999989,0,3.0,0.0,44.0,17.362549800796813,0.6979166666666666,0.0,7.800000000000012,2.9944223107569723,2.699999999999996,5.203876190476201,3,11
556,200,0,24.649999999999984,0,2.0,1.0,38.0,18.548837209302327,0.48376623376623373,0.5534883720930233,4.599999999999995,2.5167441860465067,2.6999999999999957,1.3111685839296,2,18
557,200,0,31.324999999999996,0,1.0,0.0,38.0,16.552028218694886,0.3112244897959183,2.005291005291005,4.099999999999987,1.569488536155198,1.599999999999989,0.5474129049917834,2,22
558,200,0,47.02499999999999,0,1.0,0.0,38.0,18.8325,0.010000000000000009,5.87875,4.399999999999992,2.0494999999999957,2.1999999999999944,0.9411512205487764,0,13
559,200,0,25.124999999999993,0,1.0,0.0,37.0,16.87224669603524,0.43354430379746833,0.6233480176211453,3.4999999999999907,1.8947136563876605,1.9999999999999958,0.7579493001479695,2,24
560,200,0,24.349999999999987,0,2.0,0.0,42.0,18.303827751196174,0.53,0.019138755980861243,6.4000000000000075,2.1440191387559793,1.3999999999999984,2.9514284896665046,2,9
561,200,0,22.699999999999992,0,1.0,0.0,36.0,16.976076555023923,0.5071428571428571,0.6004784688995215,2.8999999999999897,1.3473684210526282,1.399999999999999,0.3850790107770556,2,14
562,200,0,20.975,0,2.0,0.0,36.0,15.525179856115107,0.47058823529411764,0.49160671462829736,4.199999999999997,1.8023980815347675,1.4999999999999996,1.1459001196172218,3,14
563,200,0,36.94999999999999,0,1.0,0.0,42.0,18.842105263157894,0.25,2.4688995215311005,6.400000000000004,2.4279106858054176,2.3999999999999955,1.5801660019128592,1,18
564,200,0,23.74999999999998,0,1.0,0.0,37.0,18.09433962264151,0.49,0.5235849056603774,3.899999999999991,2.1370283018867866,2.2999999999999954,0.7514868585732102,2,12
565,200,0,22.39999999999999,0,1.0,0.0,35.0,16.88755980861244,0.5036231884057971,1.0454545454545454,2.699999999999991,1.2942583732057376,1.1999999999999957,0.3758065051538698,2,10
566,200,0,24.69999999999999,0,1.0,0.0,39.0,18.873205741626794,0.5032467532467533,2.083732057416268,5.099999999999992,2.485645933014349,2.7999999999999945,1.3993713477904959,2,13
567,68,0,2.700000000000002,0,2.0,0.0,10.0,3.869158878504673,0,0.0,1.6999999999999993,0.6317757009345791,0.5000000000000002,0.20162473794549238,4,9
568,200,0,46.39999999999999,0,1.0,0.0,41.0,19.355,0.03431372549019618,9.04375,5.499999999999998,2.3629999999999947,2.449999999999994,1.1938828654419729,0,19
569,200,0,23.02499999999999,0,2.0,0.0,36.0,16.537735849056602,0.4964788732394366,0.6863207547169812,2.5999999999999885,1.2030660377358455,1.1999999999999997,0.2265720483938235,2,9
570,200,0,37.94999999999999,0,1.0,0.0,39.0,17.97314375987362,0.22457627118644075,2.036334913112164,4.699999999999996,1.9693522906793015,1.8999999999999968,1.4262996645769206,1,20
571,200,0,25.24999999999999,0,2.0,0.0,41.0,17.306976744186045,0.4871794871794872,0.9604651162790697,5.899999999999996,1.7799999999999958,1.299999999999998,1.8177958777494707,2,16
572,200,0,11.44999999999999,0,2.0,0.0,37.0,16.626609442060087,0.7368421052631579,0.0,4.800000000000001,2.0605150214592274,1.5999999999999988,2.3656089743589757,3,6
573,33,0,1.275,0,1.0,0.0,4.0,1.2777777777777777,0,0.0,0.7000000000000003,0.3472222222222224,0.3500000000000003,0.048057109781979544,4,7
574,200,0,26.174999999999994,0,1.0,0.0,36.0,16.03105590062112,0.3719512195121951,0.9710144927536232,3.3999999999999875,1.7281573498964753,1.699999999999989,0.7137029765783018,2,19
575,87,0,3.975000000000002,0,2.0,0.0,13.0,4.857142857142857,0,0.0,0.9000000000000005,0.42460317460317504,0.4000000000000011,0.053445669291338614,4,8
576,200,0,18.799999999999997,0,2.0,0.0,34.0,13.721485411140584,0.5127118644067796,0.23872679045092837,1.899999999999999,0.7530503978779828,0.7000000000000001,0.17739910503208314,3,14
577,200,0,26.524999999999984,0,2.0,0.0,39.0,17.895927601809955,0.4512195121951219,0.2850678733031674,5.499999999999997,2.3384615384615333,2.29999999999999,1.5973071666589846,2,17
578,69,0,2.4500000000000006,0,1.0,0.0,10.0,3.6372549019607843,0,0.0,1.0,0.4127450980392161,0.40000000000000063,0.05445063923868115,4,5
579,200,0,34.349999999999994,0,1.0,0.0,38.0,17.99014778325123,0.26869158878504673,2.6288998357963873,3.5999999999999877,1.6853858784893216,1.699999999999993,0.46029669974115317,1,11
580,44,0,1.1000000000000008,0,1.0,0.0,6.0,2.142857142857143,0,0.0,1.4999999999999998,0.5311688311688312,0.5000000000000001,0.14606612685560047,4,6
581,200,0,12.574999999999992,0,2.0,0.0,37.0,14.983673469387755,0.7,0.0,3.5999999999999917,1.4257142857142837,1.2999999999999976,1.1158063441290094,3,9
582,200,0,24.999999999999993,0,1.0,0.0,37.0,16.219565217391306,0.42721518987341767,0.5521739130434783,3.2999999999999896,1.5732608695652142,1.6999999999999964,0.7033100818056747,2,22
583,200,0,19.625,0,2.0,0.0,35.0,12.8425,0.3984375,0.805,3.299999999999995,1.3802499999999966,1.3999999999999921,0.6473889836811437,3,17
584,21,0,0.225,0,1.0,0.0,2.0,0.6481481481481481,0,0.0,1.1,0.37962962962962976,0.40000000000000013,0.0790566037735849,4,9
585,200,0,24.29999999999999,0,1.0,0.0,37.0,17.46788990825688,0.4671052631578947,1.1857798165137614,4.199999999999987,1.9805045871559572,1.6999999999999993,0.9722167863436648,2,17
586,200,0,33.449999999999996,0,1.0,0.0,44.0,19.275290215588722,0.3075221238938053,2.669983416252073,7.9000000000000075,2.55439469320066,2.0999999999999974,3.1817597522606795,2,33
587,200,0,22.24999999999999,0,1.0,0.0,35.0,16.454545454545453,0.5073529411764706,0.7320574162679426,2.299999999999991,1.034449760765548,0.9999999999999987,0.22809681610320162,2,12
588,33,0,0.7000000000000004,0,1.0,0.0,4.0,1.3181818181818181,0,0.0,0.9000000000000005,0.42878787878787905,0.45000000000000034,0.06448909299655568,4,5
589,200,0,23.52499999999999,0,1.0,0.0,38.0,17.392344497607656,0.5102739726027398,1.2870813397129186,3.8999999999999875,1.5971291866028654,1.4999999999999922,0.54104748659306,2,12
590,200,0,22.69999999999999,0,1.0,0.0,34.0,15.993023255813954,0.4714285714285714,0.5604651162790698,2.1999999999999935,0.9916279069767419,0.9999999999999963,0.17960529802757041,2,18
591,200,0,24.97499999999999,0,2.0,0.0,38.0,17.762114537444933,0.44999999999999996,2.9933920704845813,4.299999999999993,2.3651982378854575,2.6999999999999957,1.4262406908764451,2,22
592,200,0,26.89999999999999,0,2.0,0.0,36.0,15.785714285714286,0.39457831325301207,0.5489795918367347,2.8999999999999932,1.380816326530609,1.3999999999999988,0.547226102566021,2,25
593,87,0,6.575000000000001,0,1.0,0.0,13.0,5.860335195530726,0,0.0,1.4,0.5787709497206703,0.5999999999999999,0.10927340823970029,4,10
594,75,0,3.725000000000002,0,1.0,0.0,11.0,4.055555555555555,0,0.0,1.0000000000000004,0.4579365079365083,0.5000000000000001,0.06402834645669292,4,8
595,200,0,16.099999999999998,0,2.0,0.0,34.0,12.240853658536585,0.5147058823529411,0.42073170731707316,1.7999999999999976,0.8435975609756076,0.7999999999999977,0.15587509178959486,3,17
596,200,0,23.04999999999999,0,1.0,0.0,36.0,16.87735849056604,0.4930555555555556,0.7099056603773585,3.099999999999992,1.406839622641506,1.399999999999998,0.49229086357947066,2,17
597,200,0,23.624999999999993,0,2.0,0.0,43.0,16.361650485436893,0.4932432432432432,0.5631067961165048,6.700000000000021,2.3070388349514563,1.499999999999997,3.604025084981429,3,19
598,200,0,26.349999999999987,0,2.0,1.0,41.0,17.158590308370044,0.4512195121951219,0.513215859030837,5.399999999999998,2.0665198237885423,2.199999999999992,1.2131580913567623,2,17
599,200,0,35.19999999999999,0,1.0,0.0,40.0,18.16912972085386,0.2772727272727272,1.5977011494252873,4.799999999999988,1.7927750410508971,1.7999999999999936,0.5604747627264836,1,11
600,200,0,25.34999999999999,0,1.0,0.0,37.0,16.191629955947135,0.4294871794871795,0.2841409691629956,3.499999999999988,1.4942731277533006,1.2999999999999976,0.850808335152699,2,14
601,200,0,36.374999999999986,0,1.0,0.0,39.0,18.09090909090909,0.2369565217391305,2.7767145135566187,4.699999999999993,1.9771929824561347,1.8999999999999924,1.0067710771046527,1,16
602,200,0,36.39999999999999,0,1.0,0.0,40.0,18.617224880382775,0.25,1.708133971291866,5.499999999999997,2.2929824561403476,1.999999999999997,1.7314065139089545,1,14
603,146,0,6.799999999999992,0,1.0,0.0,23.0,11.12565445026178,0,0.0,3.6999999999999944,1.6136125654450235,1.3999999999999995,1.1545060307017507,4,6
604,170,0,7.949999999999992,0,1.0,0.0,27.0,12.730232558139535,0,0.0,3.2999999999999927,1.4613953488372065,1.5999999999999912,0.8041549844236726,4,6
605,200,0,26.024999999999988,0,2.0,0.0,39.0,17.415011037527595,0.4537037037037037,0.8300220750551877,5.200000000000014,2.1465783664459144,1.9999999999999956,1.888766812210054,2,18
606,200,0,26.34999999999999,0,1.0,0.0,36.0,15.330677290836654,0.34523809523809523,1.3266932270916334,3.2999999999999914,1.4553784860557737,1.499999999999994,0.6835096407582402,2,30
607,39,0,1.4749999999999999,0,1.0,0.0,5.0,1.6282051282051282,0,0.0,0.8000000000000004,0.3705128205128208,0.40000000000000013,0.05157488081538715,4,9
608,33,0,1.5000000000000004,0,1.0,0.0,4.0,1.7857142857142858,0,0.0,1.0,0.4333333333333335,0.4500000000000003,0.06842239546420976,4,6
609,200,0,24.27499999999999,0,1.0,0.0,38.0,17.9377990430622,0.5,1.3110047846889952,4.09999999999999,1.924401913875594,1.9999999999999942,0.9287400056088715,2,15
610,200,0,36.29999999999999,0,2.0,0.0,44.0,19.105090311986864,0.2931034482758621,2.0689655172413794,7.300000000000012,2.354351395730703,1.799999999999998,2.737365293356344,1,10
611,200,0,15.424999999999997,0,2.0,0.0,33.0,13.033536585365853,0.57,0.24390243902439024,1.799999999999999,0.7777439024390229,0.7000000000000002,0.13203638121264513,3,14
612,200,0,25.19999999999999,0,1.0,0.0,37.0,16.116740088105725,0.4358974358974359,0.8700440528634361,3.299999999999992,1.4414096916299521,1.3999999999999968,0.527582951265066,2,24
613,200,0,23.54999999999999,0,2.0,0.0,35.0,16.393023255813954,0.47916666666666663,1.4186046511627908,2.7999999999999923,1.223255813953485,1.1999999999999935,0.31680971773778943,2,14
614,200,0,25.899999999999977,0,2.0,0.0,39.0,18.425581395348836,0.46604938271604934,0.7674418604651163,4.69999999999999,2.4427906976744147,2.799999999999992,1.7002711750739516,2,19
615,200,0,17.925,0,2.0,0.0,33.0,12.967123287671233,0.5178571428571429,0.2547945205479452,1.4999999999999991,0.6610958904109592,0.7000000000000001,0.09284333153185606,3,15
616,200,0,14.999999999999996,0,3.0,0.0,38.0,13.889285714285714,0.6329787234042553,0.07857142857142857,3.6999999999999886,1.4017857142857109,1.3499999999999974,0.6833983851834788,3,13
617,51,0,4.250000000000001,0,1.0,0.0,7.0,2.8550724637681157,0,0.5869565217391305,1.4000000000000004,0.49637681159420316,0.5000000000000001,0.09325263876490049,4,22
618,57,0,2.675,0,1.0,0.0,8.0,2.823529411764706,0,0.0,0.9000000000000005,0.41862745098039256,0.40000000000000074,0.049559742382005195,4,8
619,200,0,13.699999999999989,0,2.0,0.0,42.0,17.733905579399142,0.7383720930232558,0.0,6.100000000000003,2.724892703862658,2.999999999999997,3.0206377099911537,3,6
620,74,0,3.6750000000000025,0,1.0,0.0,11.0,4.616,0,0.0,2.0999999999999983,0.831199999999999,0.7000000000000001,0.3559293394777257,4,8
621,63,0,2.7500000000000004,0,1.0,0.0,9.0,3.1862745098039214,0,0.0,0.8000000000000009,0.424509803921569,0.40000000000000085,0.05048255310967991,4,7
622,200,0,22.94999999999999,0,1.0,0.0,37.0,17.210526315789473,0.5105633802816901,0.7990430622009569,3.8999999999999893,1.4880382775119576,1.2999999999999992,0.6984733549675735,2,11
623,200,0,18.4,0,2.0,0.0,36.0,14.571022727272727,0.5657894736842105,0.2755681818181818,2.8999999999999946,1.2377840909090876,1.199999999999998,0.4146836638338024,3,9
624,117,0,6.225000000000001,0,1.0,0.0,18.0,6.649425287356322,0,0.08045977011494253,1.2,0.4695402298850579,0.5000000000000001,0.07062625928984302,4,11
625,93,0,5.575000000000001,0,2.0,0.0,14.0,4.790123456790123,0,0.29012345679012347,1.2999999999999998,0.4598765432098767,0.40000000000000047,0.08104751743322025,4,12
626,200,0,25.49999999999998,0,2.0,0.0,43.0,18.354066985645932,0.5221518987341772,0.0,6.800000000000009,2.1741626794258364,2.0999999999999983,2.666524727711863,2,11
627,146,0,7.600000000000002,0,2.0,0.0,23.0,9.87434554973822,0,0.041884816753926704,1.9999999999999964,0.8628272251308874,0.7999999999999955,0.22234155701754368,4,7
628,69,0,4.300000000000001,0,1.0,0.0,10.0,3.5434782608695654,0,0.4927536231884058,1.1000000000000005,0.4398550724637684,0.4000000000000007,0.06964711442524814,4,11
629,200,0,23.449999999999996,0,1.0,0.0,37.0,16.976744186046513,0.4797297297297297,1.0465116279069768,2.9999999999999893,1.5818604651162738,1.4999999999999987,0.4402779896051318,2,13
630,200,0,23.64999999999999,0,1.0,0.0,39.0,17.827751196172247,0.5135135135135135,0.9641148325358851,4.499999999999998,1.8583732057416236,1.5999999999999945,1.2614801714714103,2,15
631,200,0,23.624999999999993,0,1.0,0.0,37.0,17.441037735849058,0.4932432432432432,0.9528301886792453,3.399999999999987,1.745047169811315,1.7999999999999894,0.4924310387984947,2,13
632,69,0,8.725000000000003,0,1.0,0.0,10.0,5.02262443438914,0,0.7194570135746606,1.6,0.6438914027149318,0.6000000000000002,0.13585913185913165,4,15
633,171,0,10.925000000000004,0,2.0,0.0,27.0,10.844357976653697,0,0.0,1.5999999999999996,0.6377431906614787,0.6000000000000003,0.0934795906007751,4,12
634,27,0,0.5750000000000001,0,1.0,0.0,3.0,0.9166666666666666,0,0.0,0.8000000000000003,0.37666666666666687,0.40000000000000013,0.05613781606001667,4,8
635,200,0,11.424999999999997,0,2.0,0.0,35.0,15.36734693877551,0.6710526315789473,0.09795918367346938,2.699999999999992,1.6706122448979541,1.9999999999999885,0.5891869918699137,3,1
636,200,0,36.19999999999999,0,1.0,0.0,41.0,18.165853658536584,0.2630434782608696,2.4097560975609755,5.599999999999996,1.8752845528455249,1.7999999999999985,1.3095064300520283,1,22
637,74,0,2.7250000000000014,0,2.0,0.0,11.0,4.336448598130841,0,0.0,1.6,0.6149532710280375,0.6000000000000001,0.1351153039832285,4,4
638,117,0,7.050000000000001,0,1.0,0.0,18.0,6.610810810810811,0,0.2756756756756757,1.4,0.577837837837838,0.6,0.08399777933613829,4,14
639,200,0,26.525,0,3.0,0.0,38.0,14.175675675675675,0.2614942528735632,1.281853281853282,4.49999999999999,1.7770270270270234,1.4999999999999971,1.2893419125456946,3,27
640,57,0,2.550000000000001,0,1.0,0.0,8.0,3.074074074074074,0,0.0,1.1,0.5148148148148152,0.5000000000000008,0.07460173197290579,4,10
641,74,0,3.0500000000000025,0,2.0,0.0,11.0,4.530973451327434,0,0.0,1.9999999999999987,0.7814159292035395,0.7,0.2955184837092728,4,7
642,164,0,7.52499999999999,0,2.0,0.0,26.0,12.330143540669857,0,0.0,3.899999999999994,1.5019138755980832,1.399999999999992,1.1763869047619009,4,8
643,200,0,48.29999999999998,0,1.0,0.0,39.0,19.65125,0.009740259740259827,8.0525,4.599999999999995,2.540749999999995,2.7999999999999896,1.155791243423812,0,16
644,153,0,7.200000000000003,0,2.0,0.0,24.0,10.327956989247312,0,0.0,1.5000000000000009,0.5521505376344089,0.5000000000000009,0.08432576961988728,4,5
645,200,0,36.024999999999984,0,1.0,0.0,39.0,17.932676518883415,0.2633928571428571,1.8210180623973728,4.699999999999991,1.6509031198686341,1.4999999999999933,1.0884462899050862,1,13
646,45,0,2.675,0,1.0,0.0,6.0,2.1176470588235294,0,0.0,1.2,0.4186274509803923,0.40000000000000013,0.07779775064885128,4,10
647,153,0,10.775000000000004,0,2.0,0.0,24.0,9.29182879377432,0,0.15953307392996108,1.6000000000000005,0.605058365758755,0.6,0.10655190164728677,4,15
648,21,0,-0.20000000000000007,0,1.0,0.0,2.0,0.5833333333333334,0,0.0,1.0,0.3958333333333335,0.40000000000000013,0.07543204515848892,4,0
649,128,0,6.325000000000003,0,2.0,0.0,20.0,8.389221556886227,0,0.0,1.4999999999999998,0.6994011976047896,0.6999999999999985,0.13132171543316104,4,4
650,200,0,23.349999999999994,0,1.0,0.0,36.0,16.704128440366972,0.476027397260274,0.49311926605504586,3.299999999999989,1.5057339449541245,1.4999999999999958,0.48389168573607527,2,14
651,200,0,24.749999999999993,0,1.0,0.0,38.0,16.839449541284402,0.48026315789473684,0.6857798165137615,4.199999999999992,1.5869266055045839,1.4999999999999953,0.8614161866435159,2,18
652,200,0,35.52499999999999,0,1.0,0.0,40.0,18.209339774557165,0.25442477876106195,3.0901771336553945,4.999999999999994,1.978421900161026,1.8999999999999928,1.1059140649310184,1,9
653,200,0,29.774999999999988,0,1.0,1.0,37.0,15.31407942238267,0.2657894736842106,2.996389891696751,3.299999999999992,1.646389891696747,1.899999999999991,0.7010452079565951,2,30
654,99,0,4.050000000000001,0,2.0,0.0,15.0,6.134920634920635,0,0.0,1.2,0.4484126984126988,0.45000000000000057,0.06504125984251964,4,1
655,33,0,1.0250000000000001,0,1.0,0.0,4.0,1.3888888888888888,0,0.0,1.0,0.41388888888888903,0.40000000000000036,0.06231912020065597,4,6
656,200,0,34.92499999999998,0,1.0,0.0,39.0,17.261083743842363,0.27293577981651373,1.6436781609195403,4.599999999999995,1.2479474548440046,1.0999999999999956,0.7643369283865371,1,14
657,200,0,23.54999999999999,0,1.0,0.0,36.0,16.760465116279068,0.476027397260274,0.3023255813953488,3.0999999999999877,1.4520930232558098,1.4999999999999933,0.4723121271613106,2,12
658,200,0,36.04999999999998,0,1.0,0.0,38.0,17.91869918699187,0.25,2.1609756097560977,3.8999999999999937,1.7269918699186955,1.499999999999993,0.9914041414611386,1,14
659,200,0,36.77499999999999,0,2.0,0.0,38.0,17.54226475279107,0.23245614035087714,2.2312599681020733,3.699999999999993,1.648006379585323,1.6999999999999909,0.6231036710689597,1,17
660,200,0,36.09999999999998,0,1.0,0.0,40.0,18.935960591133004,0.2676991150442478,2.4499178981937604,5.299999999999994,2.2528735632183863,2.0999999999999974,1.3682425582398585,1,11
661,146,0,8.849999999999996,0,1.0,0.0,23.0,9.769911504424778,0,0.0,2.5999999999999956,1.0106194690265473,0.9,0.3232563876651971,4,12
662,200,0,17.25,0,2.0,0.0,33.0,11.94150417827298,0.4590909090909091,0.520891364902507,1.6999999999999993,0.7966573816155975,0.7999999999999997,0.11581145251396606,3,26
663,44,0,3.350000000000001,0,1.0,0.0,6.0,2.5762711864406778,0,0.13559322033898305,1.4,0.547457627118644,0.5000000000000001,0.13233354880413695,4,14
664,200,0,11.274999999999997,0,2.0,0.0,34.0,14.376569037656903,0.7222222222222222,0.0,1.6999999999999997,0.8828451882845173,0.8999999999999977,0.16226085434173573,3,7
665,140,0,6.149999999999998,0,2.0,0.0,22.0,9.54913294797688,0,0.0,1.7999999999999985,0.7046242774566467,0.6000000000000004,0.17223870622828094,4,8
666,200,0,38.749999999999986,0,1.0,0.0,43.0,18.940988835725676,0.25,1.8835725677830941,6.80000000000001,2.4872408293460904,2.3999999999999932,1.9819475081907143,1,12
667,200,0,35.824999999999974,0,2.0,0.0,39.0,17.970731707317075,0.25900900900900903,2.7333333333333334,4.69999999999999,1.758211382113816,1.5999999999999948,0.7499142307204155,1,11
668,63,0,3.300000000000001,0,2.0,0.0,9.0,3.5,0,0.0,1.3000000000000005,0.4983333333333336,0.5000000000000002,0.08750329884019725,4,9
669,93,0,4.15,0,2.0,0.0,14.0,5.454545454545454,0,0.0,1.4,0.5212121212121213,0.5000000000000002,0.08197899328473848,4,2
670,200,0,36.874999999999986,0,1.0,0.0,44.0,19.073170731707318,0.27941176470588236,2.7772357723577237,7.700000000000013,2.419674796747964,1.9999999999999996,2.1368380642159197,1,12
671,200,0,24.624999999999982,0,1.0,0.0,37.0,16.685267857142858,0.45779220779220775,0.859375,3.7999999999999896,1.6542410714285665,1.6999999999999897,0.6055207445827865,2,18
672,104,0,6.549999999999995,0,2.0,0.0,16.0,6.522471910112359,0,0.6123595505617978,2.199999999999997,0.9359550561797743,0.8499999999999979,0.3102900609159477,4,12
673,200,0,15.999999999999998,0,2.0,0.0,34.0,12.362275449101796,0.5192307692307693,0.38922155688622756,1.8999999999999977,0.780838323353293,0.7000000000000001,0.1698738738738734,3,19
674,200,0,28.974999999999984,0,1.0,1.0,37.0,15.375227686703097,0.3198924731182796,1.8214936247723132,3.0999999999999894,1.1570127504553707,1.0999999999999963,0.3119964830789632,2,31
675,200,0,28.499999999999993,0,2.0,0.0,38.0,15.155642023346303,0.3489010989010989,1.2762645914396886,3.8999999999999875,1.317509727626456,1.1999999999999955,0.7730426389598533,2,35
676,200,0,24.049999999999986,0,1.0,0.0,39.0,17.985645933014354,0.51,0.9952153110047847,4.39999999999999,1.953110047846885,1.7999999999999965,1.1573294872455202,2,11
677,200,0,15.299999999999994,0,1.0,0.0,37.0,13.384615384615385,0.6173469387755102,0.0,3.4999999999999942,1.1010033444816043,0.8999999999999997,0.5891360178970894,3,14
678,200,0,11.049999999999999,0,2.0,0.0,33.0,14.410041841004183,0.7214285714285714,0.0,1.9999999999999982,0.9029288702928848,0.8999999999999955,0.1670654761904758,3,5
679,200,0,29.125,0,3.0,0.0,49.0,18.590316573556798,0.3688118811881188,2.5735567970204842,10.800000000000026,3.2901303538175046,2.299999999999998,8.08449300893308,3,24
680,200,0,17.82499999999999,0,2.0,0.0,42.0,15.12258064516129,0.6160714285714286,0.0,6.400000000000013,2.130322580645162,1.2,3.517826824420657,3,12
681,200,0,29.249999999999993,0,2.0,1.0,37.0,15.145719489981785,0.303763440860215,1.6794171220400729,3.199999999999998,1.3111111111111078,1.1999999999999944,0.5504612475116081,2,34
682,33,0,2.175,0,1.0,0.0,4.0,1.694736842105263,0,0.0,1.2999999999999998,0.4210526315789475,0.40000000000000013,0.08103945035460987,4,13
683,200,0,45.74999999999999,0,1.0,0.0,38.0,19.05125,0.016891891891891886,7.015,5.300000000000001,2.1807499999999957,2.19999999999999,1.255331398955309,0,15
684,80,0,4.875000000000002,0,1.0,0.0,12.0,4.469798657718121,0,0.0,1.6999999999999993,0.6006711409395973,0.5999999999999989,0.15443603603603587,4,12
685,200,0,16.049999999999994,0,2.0,0.0,36.0,13.436532507739939,0.5961538461538461,0.021671826625386997,2.7999999999999967,0.8891640866873067,0.6000000000000011,0.5288969404186781,3,15
686,57,0,2.9250000000000007,0,2.0,0.0,8.0,2.8981481481481484,0,0.0,1.4000000000000004,0.5092592592592595,0.5000000000000002,0.09251479036268544,4,10
687,200,0,22.799999999999994,0,1.0,0.0,36.0,17.413875598086126,0.5035211267605634,0.7703349282296651,3.199999999999994,1.6100478468899482,1.4999999999999962,0.6041130246161037,2,13
688,200,0,47.274999999999984,0,1.0,0.0,40.0,19.32375,0.0212418300653594,7.47875,5.199999999999997,2.3442499999999935,2.299999999999999,1.2579939031154674,0,18
689,200,0,25.024999999999995,0,1.0,0.0,36.0,15.776150627615063,0.41455696202531644,0.9707112970711297,3.4999999999999907,1.3414225941422566,1.099999999999997,0.7336011869591992,2,23
690,33,0,1.1749999999999998,0,1.0,0.0,4.0,1.3194444444444444,0,0.0,0.9,0.3722222222222224,0.40000000000000013,0.05340536368898321,4,10
691,200,0,33.17499999999998,0,1.0,0.0,35.0,17.213008130081302,0.24523809523809526,2.6065040650406504,2.6999999999999886,1.3035772357723536,1.299999999999995,0.2808334743432437,1,10
692,200,0,37.04999999999998,0,1.0,0.0,38.0,17.29192546583851,0.21491228070175428,2.7841614906832297,3.699999999999986,1.6580745341614858,1.6999999999999906,0.5016285579948605,1,17
693,200,0,17.524999999999995,0,2.0,0.0,38.0,13.305389221556887,0.5357142857142857,0.5988023952095808,4.09999999999999,1.346706586826345,1.0499999999999985,1.045133252655634,3,21
694,86,0,5.450000000000001,0,1.0,0.0,13.0,4.806451612903226,0,0.0,1.6999999999999984,0.6141935483870962,0.5999999999999981,0.14870795870795858,4,8
695,165,0,11.825000000000001,0,2.0,0.0,26.0,10.254545454545454,0,0.10181818181818182,1.5999999999999992,0.6952727272727272,0.7000000000000001,0.11354279064847111,4,17
696,200,0,25.84999999999999,0,1.0,0.0,38.0,16.485355648535563,0.4006024096385542,1.2698744769874477,4.199999999999992,1.9251046025104561,1.6999999999999946,1.563142290673696,2,16
697,110,0,5.974999999999997,0,2.0,0.0,17.0,7.221556886227545,0,0.041916167664670656,2.1999999999999975,0.9580838323353279,0.9,0.2889120768789432,4,7
698,200,0,36.57499999999999,0,1.0,0.0,38.0,17.518633540372672,0.21551724137931028,3.729813664596273,3.9999999999999862,1.7940993788819828,1.7999999999999958,0.7263333936127837,1,15
699,110,0,6.424999999999999,0,1.0,0.0,17.0,6.648044692737431,0,0.0,1.4,0.5888268156424581,0.5999999999999999,0.09686142322097369,4,12
700,200,0,22.925,0,2.0,0.0,33.0,13.540254237288135,0.33108108108108103,1.9576271186440677,2.599999999999996,1.2358050847457587,1.199999999999995,0.40505455981829613,3,26
701,200,0,26.124999999999993,0,2.0,0.0,40.0,16.31057268722467,0.44753086419753085,0.4669603524229075,4.899999999999995,1.5577092511013186,1.3999999999999957,1.1464549402032795,2,23
702,200,0,34.14999999999999,0,1.0,0.0,36.0,17.128455284552846,0.24532710280373826,1.4552845528455285,2.899999999999989,1.252845528455281,1.1999999999999966,0.34203752273784555,1,12
703,86,0,4.099999999999999,0,2.0,0.0,13.0,5.109489051094891,0,0.0,1.6999999999999993,0.7408759124087587,0.6999999999999997,0.21366901108269354,4,9
704,164,0,8.599999999999994,0,2.0,0.0,26.0,11.259911894273127,0,0.0,3.0999999999999934,1.1806167400881034,1.0000000000000004,0.610385033379907,4,11
705,200,0,36.44999999999998,0,1.0,1.0,39.0,18.51888341543514,0.26327433628318586,2.7126436781609193,4.69999999999999,2.0026272577996655,1.8999999999999906,0.9226228429680703,1,14
706,57,0,2.1500000000000004,0,2.0,0.0,8.0,2.6777777777777776,0,0.0,0.8000000000000005,0.34111111111111136,0.3000000000000006,0.0475379676503272,4,6
707,200,0,34.74999999999998,0,1.0,0.0,38.0,18.50574712643678,0.26363636363636367,2.7783251231527095,4.099999999999991,1.9947454844006514,1.9999999999999973,0.7070350517687609,1,14
708,200,0,23.749999999999993,0,2.0,0.0,37.0,17.86602870813397,0.5034246575342466,0.6220095693779905,3.699999999999987,1.8813397129186544,1.6999999999999984,0.6978854529741304,2,11
709,62,0,2.0250000000000017,0,1.0,0.0,9.0,3.473684210526316,0,0.0,1.5999999999999996,0.6105263157894737,0.6000000000000001,0.1508532801418439,4,6
710,200,0,25.67499999999999,0,2.0,0.0,42.0,17.928899082568808,0.49375,0.016055045871559634,6.300000000000022,2.24059633027523,1.2999999999999985,3.4487599884268536,2,16
711,200,0,17.39999999999999,0,2.0,0.0,40.0,13.378881987577639,0.5357142857142857,0.0,4.8999999999999995,1.6111801242236015,1.0000000000000004,1.8179049603117146,3,17
712,86,0,4.925000000000001,0,2.0,0.0,13.0,5.1678832116788325,0,0.051094890510948905,1.899999999999999,0.6970802919708019,0.5999999999999982,0.22058716965046857,4,6
713,200,0,27.77499999999999,0,1.0,0.0,40.0,16.865702479338843,0.401685393258427,2.3698347107438016,5.0999999999999925,2.1497933884297478,1.9999999999999962,1.706515506606039,2,24
714,200,0,36.04999999999998,0,1.0,0.0,40.0,18.33492822966507,0.2456521739130435,1.773524720893142,5.500000000000003,2.1236044657097244,1.999999999999993,1.3367030076717992,1,13
715,200,0,25.124999999999982,0,2.0,0.0,38.0,17.81192660550459,0.4715189873417721,0.25229357798165136,4.399999999999993,2.1704128440366928,2.199999999999995,1.4719993161314004,2,18
716,200,0,43.999999999999986,0,1.0,0.0,37.0,18.195,0.01736111111111116,6.865,3.5999999999999948,1.6669999999999963,1.5999999999999959,0.7050621016595293,0,11
717,200,0,24.874999999999993,0,1.0,0.0,36.0,16.691609977324262,0.4473684210526315,0.9727891156462585,3.39999999999999,1.5995464852607677,1.6999999999999966,0.7324298642533882,2,20
718,87,0,7.050000000000002,0,1.0,0.0,13.0,6.286486486486487,0,0.0,1.499999999999999,0.7043243243243241,0.7000000000000001,0.10733578775128554,4,14
719,200,0,32.52499999999999,0,1.0,0.0,36.0,14.668852459016394,0.1923076923076923,1.6737704918032787,3.199999999999992,1.1868852459016366,1.0,0.5822557975162476,2,35
720,200,0,33.94999999999999,0,1.0,0.0,41.0,19.160919540229884,0.28539823008849563,4.474548440065681,6.100000000000022,2.387848932676519,1.7999999999999998,2.466197260569467,1,10
721,200,0,23.27499999999999,0,1.0,0.0,35.0,16.53125,0.4486301369863014,1.2544642857142858,3.299999999999993,1.5939732142857093,1.5999999999999983,0.6017300688081365,2,15
722,200,0,13.949999999999992,0,2.0,0.0,40.0,15.91633466135458,0.6931818181818182,0.0,4.899999999999997,2.12669322709163,2.1999999999999984,1.979996190476182,3,10
723,200,0,26.04999999999999,0,1.0,0.0,37.0,17.008583690987123,0.4207317073170732,2.4012875536480687,4.19999999999999,2.0686695278969913,2.2999999999999963,1.3564066219981032,2,29
724,200,0,36.024999999999984,0,1.0,0.0,40.0,17.9869918699187,0.2633928571428571,1.2373983739837398,4.899999999999994,1.7679674796747928,1.6999999999999944,0.966439887474084,1,10
725,200,0,38.42499999999998,0,1.0,0.0,40.0,18.055384615384614,0.20867768595041314,4.461538461538462,5.300000000000001,2.1601538461538423,1.999999999999995,1.3615693528268669,1,16
726,200,0,37.97499999999998,0,1.0,0.0,39.0,17.55658914728682,0.20798319327731085,4.706976744186046,4.699999999999988,1.8248062015503828,1.8999999999999937,0.7063941022633261,1,19
727,21,0,0.14999999999999997,0,1.0,0.0,2.0,0.6481481481481481,0,0.0,0.9000000000000002,0.37962962962962976,0.40000000000000013,0.06127272727272728,4,5
728,200,0,25.849999999999984,0,2.0,0.0,38.0,17.696428571428573,0.441358024691358,0.8705357142857143,4.499999999999993,2.309151785714281,2.3999999999999932,1.7349472105548924,2,20
729,200,0,18.599999999999994,0,2.0,0.0,33.0,15.175392670157068,0.5296610169491526,0.4424083769633508,2.1999999999999984,1.0785340314136096,1.099999999999993,0.21440979146536127,3,11
730,200,0,12.124999999999996,0,2.0,0.0,33.0,13.193916349809886,0.6730769230769231,0.0,1.5999999999999996,0.6471482889733841,0.6000000000000005,0.08028770529724719,3,8
731,200,0,24.374999999999993,0,1.0,0.0,38.0,17.82093023255814,0.46794871794871795,2.5651162790697675,4.199999999999989,2.088372093023251,2.299999999999991,1.1344755785590979,2,17
732,200,0,27.749999999999982,0,2.0,0.0,39.0,16.908704883227177,0.4224137931034483,1.7452229299363058,4.599999999999994,1.986199575371547,1.6999999999999993,1.4884574468085052,2,23
733,93,0,4.25,0,1.0,0.0,14.0,5.371212121212121,0,0.0,1.0000000000000013,0.4712121212121218,0.5000000000000002,0.06250817884405678,4,10
734,200,0,22.64999999999999,0,1.0,0.0,35.0,16.73444976076555,0.5,0.0,2.3999999999999906,1.2023923444976043,1.199999999999999,0.2684168655529019,2,11
735,63,0,4.675000000000001,0,1.0,0.0,9.0,3.398550724637681,0,0.0,1.1,0.4311594202898554,0.40000000000000063,0.06939505330042531,4,13
736,200,0,24.499999999999993,0,1.0,0.0,39.0,17.568396226415093,0.5,0.6627358490566038,4.799999999999996,1.8214622641509406,1.3999999999999964,1.4985807259073847,2,14
737,200,0,16.724999999999998,0,2.0,1.0,36.0,12.618618618618619,0.5,0.984984984984985,2.499999999999989,1.1435435435435397,1.0999999999999994,0.27927764952023487,3,18
738,63,0,2.9250000000000007,0,1.0,0.0,9.0,3.240740740740741,0,0.0,1.0000000000000009,0.4481481481481485,0.5000000000000001,0.06657635256794998,4,6
739,39,0,0.9250000000000005,0,1.0,0.0,5.0,1.5694444444444444,0,0.0,0.9000000000000005,0.37222222222222245,0.40000000000000013,0.05507235191973761,4,7
740,57,0,2.225,0,1.0,0.0,8.0,2.84375,0,0.0,1.2,0.454166666666667,0.5,0.07436570808464459,4,9
741,176,0,10.299999999999994,0,2.0,0.0,28.0,11.136,0,0.672,1.6999999999999988,0.7599999999999995,0.7000000000000003,0.1360021760348163,4,12
742,200,0,22.074999999999996,0,1.0,0.0,34.0,16.629186602870814,0.5,1.0933014354066986,2.0999999999999925,1.139234449760762,1.1999999999999944,0.1915239550602939,2,11
743,200,0,24.324999999999996,0,1.0,0.0,37.0,16.352678571428573,0.45394736842105265,1.6227678571428572,3.0999999999999877,1.486830357142853,1.4499999999999946,0.4627976163784265,2,20
744,200,0,24.54999999999999,0,1.0,0.0,36.0,16.054298642533936,0.45394736842105265,1.1357466063348416,2.39999999999999,1.2253393665158325,1.2999999999999914,0.2687710569555118,2,21
745,200,0,27.24999999999999,0,2.0,0.0,38.0,16.962264150943398,0.40116279069767447,0.9433962264150944,4.29999999999999,2.115303983228507,2.2999999999999936,1.0965211314651313,2,27
746,200,0,24.02499999999999,0,1.0,0.0,38.0,17.00232558139535,0.49,1.0325581395348837,3.5999999999999903,1.5888372093023222,1.3499999999999965,0.8847638981281609,2,14
747,99,0,7.524999999999999,0,1.0,0.0,15.0,5.389162561576355,0,0.45320197044334976,1.2999999999999998,0.5783251231527098,0.6000000000000001,0.08997573286740433,4,20
748,56,0,3.6750000000000016,0,1.0,0.0,8.0,3.824,0,0.0,1.6999999999999993,0.6871999999999998,0.7000000000000001,0.15984639016897062,4,8
749,200,0,22.97499999999999,0,2.0,0.0,37.0,17.169856459330145,0.5069444444444444,0.9760765550239234,3.2999999999999896,1.4636363636363603,1.5,0.564948861912852,2,16
750,68,0,3.325000000000002,0,1.0,0.0,10.0,3.8823529411764706,0,0.0,1.6999999999999997,0.6134453781512607,0.6000000000000001,0.14688841807909594,4,8
751,134,0,6.124999999999996,0,1.0,0.0,21.0,9.445086705202312,0,0.0,2.5999999999999965,1.054913294797687,0.8,0.5485057471264353,4,9
752,200,0,11.449999999999998,0,2.0,0.0,32.0,12.961089494163424,0.6554054054054054,0.038910505836575876,1.1,0.5023346303501959,0.5000000000000014,0.05641563711240312,3,9
753,200,0,11.049999999999997,0,2.0,0.0,33.0,14.309623430962343,0.7214285714285714,0.0,1.799999999999998,0.8426778242677816,0.8000000000000008,0.1457125350140049,3,5
754,200,0,36.67499999999999,0,1.0,0.0,40.0,18.324367088607595,0.23290598290598297,2.4746835443037973,5.200000000000004,2.1699367088607557,2.099999999999992,1.3472008372076685,1,21
755,140,0,6.399999999999992,0,2.0,0.0,22.0,10.383783783783784,0,0.0,3.6999999999999975,1.4437837837837826,0.9000000000000005,1.2490924497428681,4,8
756,200,0,11.524999999999988,0,2.0,0.0,35.0,15.47011952191235,0.6858974358974359,0.0,4.19999999999999,1.8589641434262916,1.8999999999999981,1.4798933333333253,3,13
757,200,0,44.224999999999994,0,1.0,0.0,38.0,18.31875,0.022108843537415046,7.8525,4.0999999999999925,1.7412499999999955,1.6499999999999961,0.7755496492963218,0,15
758,158,0,7.074999999999993,0,1.0,0.0,25.0,12.568527918781726,0,0.0,3.5999999999999948,1.8035532994923822,1.799999999999991,1.3275850340136008,4,6
759,129,0,6.475000000000003,0,1.0,0.0,20.0,7.972067039106145,0,0.0,1.2999999999999998,0.5553072625698331,0.5999999999999993,0.07688764044943809,4,5
760,57,0,5.475000000000001,0,1.0,0.0,8.0,3.4358974358974357,0,0.5,1.2000000000000002,0.5179487179487181,0.5000000000000002,0.06891144442161493,4,18
761,33,0,1.45,0,1.0,0.0,4.0,1.7738095238095237,0,0.0,1.1,0.4261904761904763,0.40000000000000024,0.07170517363571934,4,7
762,57,0,1.9000000000000008,0,1.0,0.0,8.0,2.9,0,0.0,1.1,0.4744444444444447,0.5000000000000002,0.07213359674033828,4,5
763,21,0,-0.4,0,1.0,0.0,2.0,0.5833333333333334,0,0.0,0.9,0.3958333333333334,0.40000000000000013,0.0729309596178897,4,1
764,200,0,22.874999999999993,0,1.0,0.0,36.0,16.91866028708134,0.5035211267605634,1.0047846889952152,2.7999999999999883,1.3129186602870775,1.2999999999999994,0.3960554706592686,2,12
765,200,0,25.399999999999974,0,2.0,0.0,40.0,19.05424528301887,0.4907407407407407,0.0,5.600000000000025,2.712971698113209,2.7999999999999936,2.760719732999597,2,14
766,200,0,11.049999999999997,0,2.0,0.0,33.0,13.92468619246862,0.7214285714285714,0.0,1.2000000000000008,0.6117154811715484,0.600000000000001,0.06287640056022406,3,5
767,141,0,9.225000000000001,0,1.0,0.0,22.0,8.131221719457013,0,0.03619909502262444,1.3999999999999995,0.5407239819004531,0.5000000000000016,0.07345618345618335,4,12
768,140,0,6.700000000000002,0,2.0,0.0,22.0,9.491329479768787,0,0.0,1.6999999999999997,0.6699421965317915,0.6000000000000005,0.12904303662122416,4,9
769,200,0,19.15,0,3.0,0.0,36.0,13.251968503937007,0.42741935483870963,1.0498687664041995,3.2999999999999936,1.6356955380577392,1.6999999999999997,0.8497028106916439,3,15
770,200,0,15.499999999999984,0,1.0,0.0,33.0,13.049853372434018,0.4903846153846154,1.1436950146627567,4.199999999999993,1.4026392961876817,0.8000000000000005,1.4969267285861656,3,19
771,200,0,33.149999999999984,0,1.0,0.0,36.0,17.10305958132045,0.23611111111111116,3.468599033816425,2.999999999999996,1.3146537842189991,1.1999999999999995,0.4509780624416526,1,14
772,92,0,5.4499999999999975,0,2.0,0.0,14.0,5.229813664596273,0,0.6770186335403726,1.6999999999999997,0.6490683229813667,0.6000000000000002,0.14660416666666665,4,13
773,170,0,8.299999999999995,0,2.0,0.0,27.0,11.804651162790698,0,0.0,2.4999999999999964,0.9060465116279064,0.8000000000000002,0.30327232606438104,4,8
774,200,0,25.099999999999987,0,1.0,0.0,40.0,16.823255813953487,0.4871794871794872,0.6581395348837209,5.199999999999995,1.489767441860462,1.2999999999999958,0.9944123007696047,2,15
775,57,0,2.950000000000001,0,1.0,0.0,8.0,2.8596491228070176,0,0.543859649122807,1.2000000000000004,0.5271929824561407,0.5000000000000006,0.08654790303963063,4,12
776,57,0,4.125000000000001,0,1.0,0.0,8.0,3.4318181818181817,0,0.0,1.3000000000000003,0.48030303030303056,0.5000000000000001,0.07749526487975665,4,14
777,200,0,18.4,0,2.0,0.0,35.0,13.256,0.5,0.976,2.0999999999999983,0.9826666666666638,0.9999999999999937,0.20074098304699015,3,19
778,200,0,23.72499999999999,0,1.0,0.0,38.0,17.44575471698113,0.5,0.8254716981132075,3.6999999999999886,1.747877358490561,1.6999999999999977,0.7137730496453852,2,12
779,200,0,13.999999999999996,0,3.0,0.0,37.0,13.567272727272726,0.6611111111111111,0.0,2.9999999999999947,0.9985454545454542,0.7000000000000006,0.5454596424415508,3,11
780,104,0,4.449999999999998,0,2.0,0.0,16.0,6.741258741258742,0,0.0,1.6999999999999997,0.8041958041958033,0.7000000000000003,0.21691607981220612,4,7
781,200,0,24.59999999999998,0,1.0,0.0,38.0,18.123255813953488,0.48376623376623373,0.43953488372093025,3.999999999999989,2.2613953488372043,2.599999999999995,1.2506094678716406,2,19
782,164,0,10.22499999999999,0,1.0,0.0,26.0,10.408560311284047,0,0.0,3.499999999999996,0.973929961089493,0.7000000000000003,0.5985122940891452,4,15
783,75,0,3.800000000000002,0,1.0,0.0,11.0,4.25,0,0.0,1.4000000000000006,0.5348484848484852,0.5000000000000007,0.0803053435114504,4,7
784,117,0,5.125000000000001,0,2.0,0.0,18.0,7.527777777777778,0,0.0,0.9000000000000005,0.43194444444444513,0.4000000000000014,0.05189872196768748,4,1
785,200,0,25.77499999999999,0,2.0,0.0,37.0,15.421610169491526,0.42500000000000004,0.701271186440678,3.2999999999999936,1.099788135593218,0.9999999999999998,0.4003619216906119,2,21
786,200,0,23.074999999999992,0,1.0,0.0,37.0,17.342105263157894,0.5069444444444444,0.03827751196172249,3.5999999999999885,1.56698564593301,1.599999999999992,0.5092478952398897,2,12
787,200,0,15.02499999999999,0,3.0,0.0,43.0,16.91235059760956,0.6861702127659575,0.05976095617529881,6.800000000000015,2.738645418326694,2.2999999999999985,4.049367619047628,3,3
788,164,0,14.975000000000005,0,1.0,0.0,26.0,12.426829268292684,0,0.375,1.6999999999999993,0.8326219512195105,0.8499999999999982,0.13658951693111343,4,13
789,152,0,8.524999999999999,0,2.0,0.0,24.0,9.733031674208144,0,0.0,1.8999999999999981,0.7389140271493209,0.7000000000000001,0.1765888615888613,4,13
790,200,0,23.974999999999994,0,1.0,0.0,34.0,15.202173913043477,0.41666666666666663,1.2717391304347827,2.199999999999996,0.9628260869565193,0.8999999999999972,0.24872797130421112,2,24
791,200,0,43.749999999999986,0,1.0,0.0,37.0,18.57125,0.012237762237762295,6.89,3.899999999999995,1.8927499999999948,1.9999999999999907,0.6155983993724948,0,14
792,200,0,36.17499999999999,0,2.0,0.0,42.0,18.39291465378422,0.2629310344827587,3.2270531400966185,6.700000000000003,2.0885668276972584,1.7999999999999976,1.599792915672647,1,16
793,200,0,25.57499999999999,0,2.0,0.0,39.0,18.155813953488373,0.48124999999999996,0.48372093023255813,5.299999999999998,2.2809302325581364,2.099999999999991,1.809320547974837,2,16
794,200,0,16.699999999999992,0,1.0,0.0,38.0,13.864353312302839,0.6084905660377359,0.5394321766561514,3.5999999999999917,1.188958990536276,0.8000000000000005,0.737330228484989,3,13
795,200,0,12.424999999999997,0,3.0,0.0,36.0,15.350597609561753,0.6625,0.05976095617529881,3.199999999999994,1.8159362549800742,2.199999999999986,0.7741009523809458,3,9
796,33,0,0.9000000000000001,0,1.0,0.0,4.0,1.2916666666666667,0,0.0,0.9,0.3555555555555557,0.40000000000000013,0.05553540420605825,4,7
797,200,0,25.399999999999984,0,2.0,0.0,45.0,19.145933014354068,0.5384615384615384,0.47368421052631576,8.100000000000023,2.6492822966507177,1.4999999999999942,4.94114020478131,2,8
798,68,0,2.325000000000002,0,1.0,0.0,10.0,3.8514851485148514,0,0.0,1.6999999999999997,0.5831683168316829,0.5999999999999993,0.13408627450980382,4,7
799,200,0,12.399999999999999,0,2.0,0.0,33.0,13.242537313432836,0.65,0.055970149253731345,1.9999999999999982,0.8152985074626857,0.7000000000000005,0.17905949347701952,3,16
800,200,0,23.749999999999993,0,1.0,0.0,38.0,17.697674418604652,0.48026315789473684,1.5,4.499999999999991,2.01441860465116,2.0999999999999943,1.3315667472511947,2,16
801,200,0,15.99999999999999,0,2.0,0.0,43.0,16.71747211895911,0.66,0.0,6.900000000000024,2.966914498141267,2.499999999999997,5.3237744610282185,3,8
802,200,0,17.37499999999999,0,3.0,0.0,44.0,16.81533101045296,0.6481481481481481,0.024390243902439025,7.200000000000029,3.126829268292687,3.099999999999996,5.389484994172524,3,5
803,21,0,0.2999999999999999,0,1.0,0.0,2.0,0.6333333333333333,0,0.0,0.8000000000000003,0.32666666666666677,0.3000000000000002,0.05330369547096415,4,2
804,188,0,13.22499999999999,0,1.0,0.0,30.0,11.977419354838709,0,0.6774193548387096,2.899999999999997,1.0503225806451602,0.8000000000000005,0.5123761953818445,4,21
805,152,0,8.274999999999995,0,1.0,0.0,24.0,10.868778280542987,0,0.0,3.3999999999999932,1.5180995475113095,1.4999999999999978,1.0845814905814863,4,9
806,195,0,13.1,0,1.0,0.0,31.0,11.353333333333333,0,0.36666666666666664,1.5,0.5613333333333337,0.5000000000000018,0.07983910932343681,4,19
807,110,0,4.124999999999996,0,2.0,0.0,17.0,7.686131386861314,0,0.0,2.5,0.8591240875912408,0.7000000000000005,0.38623294970161953,4,1
808,93,0,5.400000000000001,0,1.0,0.0,14.0,4.809523809523809,0,0.3392857142857143,1.2999999999999998,0.4773809523809526,0.5000000000000001,0.08103886900754693,4,12
809,200,0,36.399999999999984,0,1.0,0.0,44.0,19.165853658536584,0.2844827586206896,2.56260162601626,7.400000000000011,2.4752845528455243,2.199999999999996,2.2736065400397676,1,20
810,51,0,1.800000000000001,0,1.0,0.0,7.0,2.6,0,0.0,1.4000000000000004,0.5344444444444447,0.5000000000000003,0.11160513643659713,4,6
811,111,0,5.800000000000001,0,1.0,0.0,17.0,6.555555555555555,0,0.0,1.0000000000000009,0.4969135802469141,0.5000000000000007,0.05968410623785388,4,7
812,122,0,8.949999999999996,0,1.0,0.0,19.0,8.396475770925111,0,0.0,2.3999999999999977,0.807929515418502,0.7000000000000001,0.3201195466542455,4,15
813,200,0,24.27499999999999,0,2.0,0.0,37.0,17.186046511627907,0.4833333333333333,1.0674418604651164,3.9999999999999907,1.699069767441856,1.599999999999998,0.830143159238281,2,16
814,123,0,8.325,0,1.0,0.0,19.0,6.719047619047619,0,0.22857142857142856,1.1,0.4890476190476198,0.5000000000000006,0.056595614413025186,4,12
815,200,0,27.999999999999993,0,1.0,0.0,38.0,16.569200779727094,0.3708791208791209,3.382066276803119,4.699999999999993,1.8323586744639337,1.5999999999999956,1.202544230301551,2,26
816,135,0,9.300000000000006,0,2.0,0.0,21.0,8.6431718061674,0,0.18061674008810572,1.7000000000000002,0.6810572687224669,0.6999999999999994,0.12365238317031509,4,13
817,200,0,32.47499999999999,0,1.0,0.0,37.0,17.187604690117254,0.28398058252427183,1.2294807370184255,3.7999999999999874,1.3956448911222752,1.1999999999999988,0.586146831720944,2,25
818,200,0,33.62499999999999,0,1.0,0.0,41.0,17.986599664991626,0.2909090909090909,2.592964824120603,5.800000000000009,2.210720268006698,1.6999999999999962,2.4330242306570025,2,39
819,200,0,24.024999999999995,0,1.0,0.0,35.0,15.40308370044053,0.44594594594594594,0.486784140969163,2.0999999999999974,0.9497797356828174,0.8999999999999997,0.1767298838027306,2,20
820,200,0,37.12499999999999,0,1.0,0.0,44.0,18.91625615763547,0.2796610169491526,2.0755336617405584,7.200000000000007,2.2410509031198655,1.8999999999999955,1.8964480155306283,1,13
821,200,0,35.42499999999998,0,1.0,0.0,39.0,18.232520325203254,0.25442477876106195,2.2439024390243905,5.399999999999999,1.9152845528455258,1.699999999999993,1.3738838360336711,1,13
822,200,0,23.94999999999999,0,1.0,0.0,36.0,16.766519823788546,0.4276315789473685,1.275330396475771,3.5999999999999917,1.8392070484581444,1.8999999999999908,0.7894358004026829,2,21
823,39,0,0.8500000000000005,0,1.0,0.0,5.0,1.7638888888888888,0,0.0,1.1,0.488888888888889,0.5000000000000001,0.08461508778699593,4,5
824,111,0,5.075,0,1.0,0.0,17.0,6.8133333333333335,0,0.0,1.2000000000000004,0.532666666666667,0.5000000000000007,0.07526956753633499,4,6
825,200,0,25.79999999999998,0,2.0,0.0,40.0,18.627906976744185,0.4783950617283951,0.16744186046511628,4.7999999999999945,2.5725581395348787,2.5999999999999943,1.324044802838299,2,15
826,200,0,34.224999999999994,0,2.0,0.0,38.0,17.894909688013136,0.26388888888888884,1.5008210180623973,4.19999999999999,1.6282430213464647,1.599999999999988,0.769056622088002,1,6
827,200,0,25.32499999999999,0,1.0,0.0,37.0,15.946351931330472,0.42721518987341767,1.1909871244635193,3.4999999999999876,1.431330472103001,1.2999999999999994,0.5899224056549423,2,26
828,134,0,5.549999999999991,0,1.0,0.0,21.0,10.826347305389222,0,0.0,3.899999999999995,1.7556886227544886,1.6999999999999926,1.4154525243832436,4,5
829,200,0,36.149999999999984,0,1.0,0.0,40.0,18.742200328407225,0.2676991150442478,1.1412151067323482,4.999999999999993,2.1366174055829172,2.099999999999994,0.8686943485763532,1,11
830,69,0,2.900000000000001,0,1.0,0.0,10.0,3.5462962962962963,0,0.0,0.9,0.3981481481481485,0.4000000000000003,0.05666809568721595,4,6
831,200,0,22.174999999999994,0,3.0,0.0,36.0,14.605504587155963,0.426056338028169,1.4495412844036697,2.999999999999991,1.3543577981651338,1.1999999999999995,0.6085851284883822,3,18
832,200,0,22.049999999999994,0,1.0,0.0,34.0,16.842105263157894,0.5,0.0,2.199999999999998,1.2669856459330096,1.2999999999999978,0.17694934267383117,2,11
833,200,0,30.99999999999999,0,1.0,0.0,37.0,16.600349040139616,0.29500000000000004,2.2216404886561953,3.5999999999999925,1.6750436300174483,1.599999999999996,0.9854709315075109,2,33
834,200,0,14.474999999999989,0,3.0,0.0,44.0,18.63519313304721,0.7388888888888889,0.0,7.400000000000016,3.265665236051504,3.099999999999997,4.3905758178603165,3,4
835,200,0,11.374999999999996,0,2.0,0.0,35.0,15.55793991416309,0.7361111111111112,0.0,2.699999999999993,1.4193133047210256,1.499999999999996,0.4983057029177674,3,7
836,200,0,27.19999999999998,0,2.0,0.0,40.0,18.128755364806867,0.4109195402298851,0.6330472103004292,5.300000000000013,2.8103004291845486,3.299999999999997,2.385312610807949,2,19
837,69,0,3.5500000000000007,0,1.0,0.0,10.0,3.6166666666666667,0,0.0,1.1,0.5083333333333336,0.5000000000000004,0.07243558580456973,4,8
838,200,0,27.499999999999993,0,1.0,0.0,38.0,16.338645418326692,0.3623595505617978,2.551792828685259,4.099999999999992,2.0027888446215094,2.09999999999999,1.1608334821410784,2,24
839,39,0,1.875,0,2.0,0.0,5.0,1.8764044943820224,0,0.0,1.2,0.47303370786516874,0.5000000000000001,0.09568939393939388,4,8
840,200,0,23.97499999999999,0,1.0,0.0,38.0,17.827751196172247,0.5033333333333333,0.9425837320574163,3.8999999999999893,1.8583732057416227,1.9999999999999922,0.9425309776045457,2,16
841,200,0,35.899999999999984,0,1.0,0.0,40.0,18.51869918699187,0.25877192982456143,2.624390243902439,4.9999999999999964,2.0869918699186956,2.1999999999999913,1.2062730022420518,1,15
842,87,0,4.500000000000002,0,2.0,0.0,13.0,4.891304347826087,0,0.0,1.4999999999999998,0.5702898550724638,0.5999999999999999,0.11267394843249481,4,7
843,200,0,34.22499999999999,0,1.0,0.0,45.0,18.42454394693201,0.3125,2.5472636815920398,8.200000000000006,2.04394693200663,1.599999999999993,2.5204139072847673,2,32
844,128,0,11.325000000000001,0,1.0,0.0,20.0,9.351145038167939,0,0.4198473282442748,1.4999999999999998,0.6358778625954199,0.6000000000000002,0.1021493815829727,4,13
845,38,0,1.9000000000000006,0,1.0,0.0,5.0,2.094736842105263,0,0.7157894736842105,1.3999999999999995,0.5915789473684211,0.6000000000000001,0.12815381205673748,4,6
846,200,0,22.424999999999994,0,1.0,0.0,36.0,17.0,0.5108695652173914,0.06220095693779904,2.9999999999999885,1.3617224880382746,1.2999999999999963,0.5899257682159706,2,11
847,200,0,36.22499999999999,0,1.0,0.0,40.0,18.423645320197043,0.26754385964912286,2.8423645320197046,4.899999999999992,1.9454844006568106,1.9999999999999947,0.9170962036238082,1,16
848,200,0,16.099999999999994,0,2.0,0.0,33.0,12.54913294797688,0.5047169811320755,0.3872832369942196,2.099999999999998,0.9722543352601136,0.8999999999999964,0.24189115816731382,3,15
849,200,0,25.199999999999985,0,2.0,0.0,38.0,17.126696832579185,0.4625,0.9909502262443439,3.99999999999999,1.8443438914027108,1.899999999999999,0.7900738625021059,2,17
850,200,0,36.19999999999999,0,1.0,0.0,43.0,18.43577235772358,0.27586206896551724,2.5707317073170732,6.8999999999999995,2.037235772357719,1.7999999999999905,1.7589921316468506,1,10
851,182,0,9.324999999999994,0,2.0,0.0,29.0,12.648068669527897,0,0.0,2.599999999999998,0.9635193133047205,0.7000000000000001,0.5507393899204229,4,6
852,200,0,11.84999999999999,0,2.0,0.0,37.0,16.06694560669456,0.7243589743589743,0.0,3.99999999999999,1.8970711297071094,1.8999999999999981,1.608094887955173,3,6
853,200,0,22.924999999999994,0,1.0,0.0,38.0,17.913875598086126,0.5138888888888888,0.8779904306220095,3.6999999999999895,1.9100478468899473,1.7999999999999887,0.899090789420963,2,14
854,200,0,25.999999999999993,0,1.0,0.0,37.0,16.1864406779661,0.41463414634146345,0.951271186440678,3.099999999999987,1.6197033898305033,1.6999999999999955,0.5467116880551874,2,18
855,200,0,45.22499999999999,0,1.0,0.0,38.0,18.435,0.022413793103448265,4.575,3.9999999999999907,1.8109999999999968,1.799999999999993,0.9188304356725493,0,11
856,200,0,19.55,0,2.0,0.0,33.0,14.29,0.4838709677419355,0.615,2.3999999999999977,1.0577499999999966,1.0,0.27264164151025877,3,17
857,74,0,2.9500000000000024,0,2.0,0.0,11.0,4.557522123893805,0,0.0,2.0999999999999988,0.7973451327433625,0.7000000000000001,0.29691885964912246,4,9
858,200,0,44.57499999999999,0,1.0,0.0,37.0,17.96625,0.006849315068493178,6.47625,3.7999999999999905,1.5297499999999968,1.499999999999998,0.6309659233842507,0,16
859,200,0,26.599999999999977,0,1.0,0.0,40.0,17.986425339366516,0.45238095238095233,1.5950226244343892,5.099999999999998,2.3927601809954715,2.399999999999997,1.80819213464166,2,26
860,200,0,17.97499999999999,0,2.0,0.0,42.0,14.316455696202532,0.5745614035087719,0.75,6.500000000000011,2.0262658227848105,1.0999999999999999,3.540516448850839,3,15
861,182,0,17.025,0,1.0,0.0,29.0,13.502659574468085,0,0.5797872340425532,1.899999999999999,0.8109042553191472,0.7999999999999993,0.16198330680813428,4,19
862,200,0,35.27499999999999,0,1.0,0.0,41.0,18.426929392446635,0.2767857142857143,1.9507389162561577,5.500000000000003,1.9474548440065638,1.6999999999999984,1.3994759490940425,1,17
863,200,0,44.14999999999999,0,1.0,0.0,37.0,18.54,0.006849315068493178,7.61125,3.999999999999994,1.8739999999999946,1.8999999999999946,0.6715250492578854,0,12
864,200,0,16.049999999999997,0,2.0,0.0,35.0,11.768996960486323,0.4423076923076923,0.1337386018237082,1.9999999999999982,0.8756838905775047,0.8,0.22500351071692418,3,18
865,200,0,12.199999999999998,0,2.0,0.0,34.0,13.342412451361868,0.6858974358974359,0.0,1.4,0.6470817120622572,0.7,0.07634477955426358,3,9
866,200,0,26.57499999999999,0,2.0,0.0,42.0,16.808370044052865,0.4487951807228916,0.10352422907488987,6.299999999999998,1.8643171806167362,1.3999999999999981,1.785695752371245,2,14
867,81,0,3.325000000000002,0,1.0,0.0,12.0,4.575,0,0.0,1.2000000000000004,0.5133333333333336,0.5000000000000004,0.08232793944023893,4,6
868,200,0,14.549999999999994,0,2.0,0.0,40.0,15.425855513307985,0.6521739130434783,0.7604562737642585,5.000000000000001,2.1095057034220503,2.0999999999999988,2.358917129308344,3,12
869,200,0,19.874999999999996,0,2.0,0.0,39.0,12.913279132791327,0.4722222222222222,0.07588075880758807,4.299999999999992,1.3230352303523019,0.999999999999999,1.0451410105757883,3,19
870,200,0,14.9,0,2.0,0.0,33.0,12.951612903225806,0.5904255319148937,0.23870967741935484,1.7999999999999994,0.827741935483869,0.7999999999999993,0.13103820018938786,3,13
871,200,0,17.674999999999997,0,2.0,0.0,34.0,14.898351648351648,0.5394736842105263,0.12912087912087913,3.4999999999999916,1.4607142857142812,1.3999999999999868,0.5698620325295262,3,10
872,93,0,3.5999999999999996,0,2.0,0.0,14.0,5.698412698412699,0,0.0,1.4999999999999996,0.5865079365079364,0.5999999999999999,0.10498330708661407,4,7
873,200,0,35.149999999999984,0,1.0,0.0,39.0,17.796747967479675,0.25900900900900903,2.6910569105691056,4.4999999999999885,1.6538211382113772,1.4999999999999996,0.6926335716400814,1,10
874,122,0,4.9249999999999945,0,2.0,0.0,19.0,9.019354838709678,0,0.0,2.799999999999995,1.2374193548387076,1.2999999999999985,0.5392673992673973,4,7
875,129,0,6.600000000000001,0,2.0,0.0,20.0,8.03448275862069,0,0.0,1.4999999999999996,0.5764367816091953,0.5999999999999996,0.10157456647398835,4,9
876,200,0,11.624999999999996,0,2.0,0.0,34.0,14.744769874476987,0.7083333333333334,0.0,2.0999999999999974,1.118828451882841,1.1999999999999922,0.22412640056022254,3,4
877,69,0,3.575000000000001,0,1.0,0.0,10.0,3.9047619047619047,0,0.1984126984126984,1.2,0.538888888888889,0.6000000000000001,0.08619149606299209,4,8
878,200,0,24.224999999999994,0,1.0,0.0,36.0,15.950892857142858,0.44333333333333336,0.7008928571428571,2.9999999999999942,1.261830357142854,1.1999999999999995,0.4349068524137625,2,19
879,200,0,35.79999999999998,0,1.0,1.0,40.0,18.61576354679803,0.2678571428571429,2.308702791461412,5.1999999999999975,2.060755336617401,1.7999999999999963,1.288791738567729,1,11
880,200,0,23.04999999999999,0,1.0,0.0,36.0,16.732057416267942,0.5035211267605634,0.7296650717703349,2.89999999999999,1.2009569377990403,1.1999999999999946,0.31837411216611183,2,11
881,152,0,7.500000000000003,0,2.0,0.0,24.0,10.230366492146597,0,0.0,1.499999999999999,0.6837696335078529,0.6999999999999994,0.10659813596491213,4,5
882,200,0,25.69999999999999,0,2.0,0.0,37.0,16.44782608695652,0.4375,1.4065217391304348,3.3999999999999937,1.6319565217391268,1.7999999999999925,0.7170908652687346,2,22
883,200,0,25.299999999999976,0,2.0,0.0,40.0,18.74056603773585,0.49375,0.47877358490566035,4.899999999999999,2.5247641509433922,2.7999999999999954,1.874043387567785,2,20
884,200,0,16.474999999999994,0,2.0,0.0,35.0,12.781437125748504,0.5613207547169812,0.40718562874251496,2.0999999999999974,0.734131736526946,0.7000000000000001,0.15907597149388167,3,15
885,200,0,26.199999999999992,0,1.0,0.0,37.0,15.552301255230125,0.4085365853658537,0.9895397489539749,3.1999999999999913,1.274895397489537,1.0999999999999996,0.5152715956985825,2,30
886,200,0,23.474999999999994,0,1.0,0.0,37.0,17.742924528301888,0.4932432432432432,0.45990566037735847,4.099999999999989,1.926179245283014,1.6999999999999937,1.0622686691697885,2,11
887,200,0,24.724999999999994,0,1.0,0.0,39.0,17.839622641509433,0.4967532467532467,1.0613207547169812,4.399999999999989,1.9841981132075428,1.7999999999999956,1.257375219023772,2,18
888,200,0,21.14999999999999,0,3.0,0.0,44.0,14.140921409214092,0.5147058823529411,0.4281842818428184,7.30000000000002,1.9132791327913303,0.8000000000000004,4.240315511163353,3,22
889,200,0,24.84999999999999,0,1.0,0.0,38.0,16.84162895927602,0.47077922077922074,0.9027149321266968,3.7999999999999865,1.6733031674208085,1.699999999999991,0.49824910551127544,2,13
890,200,0,37.22499999999999,0,1.0,0.0,42.0,18.808130081300813,0.2668067226890757,2.0861788617886177,6.700000000000011,2.2606504065040616,1.9999999999999982,1.7745863826727035,1,13
891,200,0,20.749999999999996,0,2.0,0.0,40.0,15.90979381443299,0.5261194029850746,0.5309278350515464,5.900000000000001,1.866752577319585,1.3999999999999966,2.1905328710069543,3,12
892,200,0,21.89999999999999,0,1.0,0.0,34.0,16.607655502392344,0.503731343283582,0.10526315789473684,2.1999999999999957,1.126315789473681,1.099999999999998,0.20471534943882425,2,10
893,57,0,5.050000000000001,0,1.0,0.0,8.0,3.7083333333333335,0,0.4305555555555556,1.2000000000000004,0.5652777777777781,0.6000000000000001,0.08810417169037858,4,16
894,200,0,35.249999999999986,0,1.0,0.0,39.0,17.834138486312398,0.25,1.9017713365539453,4.599999999999989,1.7533011272141656,1.6999999999999935,0.6795279016699471,1,12
895,200,0,22.67499999999999,0,2.0,0.0,37.0,16.822966507177032,0.5142857142857142,0.5789473684210527,3.3999999999999893,1.2555023923444943,1.2,0.408309381134707,2,12
896,200,0,11.399999999999995,0,2.0,0.0,35.0,14.639484978540773,0.7361111111111112,0.030042918454935622,2.199999999999997,0.8682403433476396,0.7000000000000014,0.2416567197170637,3,6
897,200,0,25.37499999999999,0,2.0,1.0,39.0,17.900943396226417,0.4935897435897436,0.06367924528301887,5.700000000000003,2.0209905660377334,1.699999999999995,2.149547768043386,2,12
898,44,0,3.200000000000001,0,2.0,0.0,6.0,2.8125,0,0.0,1.4,0.6973214285714283,0.6999999999999997,0.14295064976480892,4,10
899,63,0,4.4,0,1.0,0.0,9.0,4.0,0,0.0,1.0000000000000004,0.47898550724637723,0.5000000000000003,0.06151814314971378,4,9
900,200,0,25.949999999999992,0,1.0,0.0,40.0,17.23695652173913,0.4487951807228916,1.876086956521739,5.100000000000009,2.105434782608694,1.9999999999999993,1.9261317397530264,2,25
901,200,0,14.874999999999998,0,2.0,0.0,34.0,12.203225806451613,0.53125,0.12258064516129032,2.0999999999999988,0.7851612903225795,0.7999999999999967,0.14126515364363815,3,17
902,93,0,4.324999999999998,0,1.0,0.0,14.0,5.398550724637682,0,0.0,1.4000000000000004,0.5355072463768119,0.5000000000000006,0.08417843827128081,4,8
903,15,0,-0.15,0,1.0,0.0,1.0,0.375,0,0.0,0.8000000000000002,0.3458333333333335,0.3500000000000002,0.05750759878419453,4,7
904,200,0,26.249999999999982,0,2.0,0.0,38.0,17.352941176470587,0.4390243902439024,0.8431372549019608,4.399999999999994,2.1662309368191672,2.0999999999999917,1.3589750332257373,2,20
905,200,0,23.54999999999999,0,1.0,0.0,37.0,17.11244019138756,0.5034246575342466,0.5478468899521531,3.0999999999999903,1.4291866028708091,1.3999999999999984,0.3950355705888716,2,12
906,200,0,23.54999999999999,0,1.0,0.0,37.0,16.58372093023256,0.48287671232876717,0.34186046511627904,3.699999999999993,1.346046511627904,1.0999999999999974,0.7888607293711665,2,16
907,39,0,1.1250000000000004,0,1.0,0.0,5.0,1.7179487179487178,0,0.0,1.1,0.47051282051282056,0.5000000000000001,0.08747821798454707,4,2
908,21,0,0.12499999999999997,0,1.0,0.0,2.0,0.6111111111111112,0,0.0,0.7000000000000003,0.3574074074074077,0.40000000000000013,0.053204116638078905,4,5
909,200,0,14.724999999999993,0,2.0,0.0,39.0,14.992395437262358,0.6611111111111111,0.0,4.700000000000004,1.8357414448669191,1.6,2.1276506476983563,3,8
910,200,0,36.074999999999974,0,1.0,0.0,38.0,17.85385878489327,0.25900900900900903,1.6305418719211822,3.8999999999999897,1.6036124794745439,1.599999999999993,0.5747668248490032,1,11
911,200,0,17.074999999999996,0,2.0,0.0,36.0,13.176470588235293,0.55,0.6058823529411764,2.599999999999997,0.928529411764705,0.8,0.37221870431405013,3,16
912,200,0,35.54999999999998,0,2.0,0.0,41.0,17.901477832512317,0.2765486725663717,2.1133004926108376,5.4,1.6321839080459741,1.3999999999999986,1.1272430974978396,1,12
913,200,0,25.624999999999993,0,1.0,0.0,38.0,16.815677966101696,0.41463414634146345,1.2923728813559323,3.999999999999988,2.043008474576266,2.299999999999999,1.0487270123842416,2,22
914,75,0,3.5000000000000013,0,1.0,0.0,11.0,4.112,0,0.056,1.5999999999999992,0.4952,0.40000000000000024,0.14014592933947753,4,5
915,200,0,27.249999999999993,0,2.0,0.0,36.0,15.372509960159363,0.35465116279069764,1.298804780876494,3.199999999999999,1.4231075697211129,1.2999999999999998,0.9014218084705286,2,30
916,200,0,14.2,0,2.0,0.0,32.0,12.151612903225807,0,0.9258064516129032,1.5999999999999988,0.7445161290322572,0.7000000000000001,0.10743878708415276,4,16
917,200,0,35.29999999999998,0,1.0,0.0,41.0,18.354679802955665,0.2767857142857143,2.050903119868637,5.3999999999999995,1.9041050903119823,1.7999999999999887,1.0909713114754065,1,13
918,200,0,24.64999999999999,0,1.0,0.0,39.0,17.9811320754717,0.4967532467532467,0.18632075471698112,4.69999999999999,2.0691037735849,2.099999999999988,0.9276590738422967,2,12
919,200,0,13.399999999999995,0,2.0,0.0,35.0,13.138181818181819,0.6569767441860465,0.0,1.9999999999999978,0.7410909090909092,0.7000000000000005,0.15682270178779184,3,13
920,200,0,13.899999999999993,0,2.0,0.0,40.0,15.93227091633466,0.7045454545454546,0.0,5.1,2.0932270916334637,1.9999999999999973,2.1996304761904697,3,10
921,75,0,5.725000000000001,0,1.0,0.0,11.0,5.293413173652695,0,0.041916167664670656,1.4,0.5556886227544912,0.6000000000000001,0.09540519219736084,4,10
922,63,0,3.675,0,1.0,0.0,9.0,3.2083333333333335,0,0.6333333333333333,1.4,0.5333333333333333,0.5000000000000002,0.09939579137440094,4,12
923,200,0,34.82499999999999,0,1.0,0.0,39.0,17.829228243021348,0.268348623853211,1.7733990147783252,4.399999999999987,1.5888341543513913,1.4999999999999982,0.64263567730802,1,9
924,26,0,0.7,0,1.0,0.0,3.0,1.2253521126760563,0,0.0,1.4,0.4873239436619719,0.5000000000000001,0.12282142857142853,4,6
925,200,0,14.29999999999999,0,2.0,0.0,39.0,14.82899628252788,0.6413043478260869,0.7397769516728625,4.699999999999995,1.8472118959107788,1.4999999999999996,2.092855721393027,3,12
926,38,0,1.800000000000001,0,1.0,0.0,5.0,1.9550561797752808,0,0.0,1.5999999999999992,0.5337078651685391,0.5000000000000001,0.1667499999999998,4,9
927,200,0,13.825,0,2.0,0.0,33.0,13.064846416382252,0.5909090909090909,0.2525597269624573,2.299999999999998,1.0713310580204745,1.0999999999999899,0.24095564253098412,3,10
928,200,0,22.799999999999994,0,2.0,0.0,35.0,16.25943396226415,0.4928571428571429,1.3820754716981132,2.29999999999999,1.0360849056603745,0.9999999999999997,0.2048075093867318,2,15
929,200,0,36.54999999999998,0,1.0,0.0,41.0,18.637110016420362,0.2717391304347826,2.587848932676519,5.500000000000004,2.073563218390801,1.9999999999999893,1.26480532786885,1,10
930,200,0,25.44999999999999,0,1.0,0.0,37.0,16.206521739130434,0.42500000000000004,1.3804347826086956,4.1999999999999895,1.5654347826086927,1.4000000000000004,1.0007447577729505,2,24
931,200,0,19.099999999999998,0,2.0,0.0,35.0,13.585106382978724,0.5,0.2127659574468085,2.1999999999999997,1.067819148936168,1.0999999999999954,0.23814160919540078,3,24
932,33,0,1.6250000000000007,0,1.0,1.0,4.0,1.9047619047619047,0,0.0,1.2,0.5047619047619049,0.5000000000000001,0.10142026931254426,4,14
933,200,0,35.97499999999999,0,1.0,0.0,43.0,18.71264367816092,0.2799145299145299,2.4696223316912973,6.800000000000006,2.118883415435137,1.999999999999993,1.8284989214840353,1,21
934,200,0,25.99999999999999,0,1.0,0.0,37.0,16.610169491525422,0.39634146341463417,1.1673728813559323,3.5999999999999943,1.9654661016949093,2.1999999999999886,0.9321802381689741,2,25
935,57,0,2.8500000000000005,0,1.0,0.0,8.0,2.8703703703703702,0,0.0,1.1,0.3925925925925928,0.40000000000000024,0.06439509560147473,4,9
936,200,0,26.299999999999986,0,2.0,0.0,42.0,17.15837104072398,0.48750000000000004,0.5180995475113123,6.300000000000011,1.863348416289591,1.3999999999999966,2.007309470063424,2,20
937,200,0,19.424999999999997,0,2.0,0.0,36.0,15.390052356020943,0.532258064516129,0.8979057591623036,2.999999999999997,1.4413612565444982,1.3999999999999966,0.6081887022607779,3,12
938,33,0,0.5000000000000002,0,1.0,0.0,4.0,1.1818181818181819,0,0.0,0.9,0.3469696969696971,0.3500000000000002,0.05704936854190584,4,6
939,200,0,24.94999999999999,0,1.0,0.0,38.0,17.61627906976744,0.4807692307692307,1.1465116279069767,4.299999999999987,1.9572093023255768,1.8999999999999961,0.8929179714330453,2,17
940,200,0,22.07499999999999,0,1.0,0.0,34.0,16.614832535885167,0.5,0.0,2.3999999999999937,1.1306220095693758,1.1999999999999937,0.25930301105177694,2,10
941,146,0,6.549999999999996,0,2.0,0.0,23.0,10.46927374301676,0,0.0,2.299999999999996,0.9709497206703899,0.8000000000000005,0.39447565543071017,4,7
942,200,0,22.62499999999999,0,1.0,0.0,36.0,16.81578947368421,0.5071428571428571,0.8397129186602871,3.0999999999999908,1.2511961722488008,1.1,0.43460631971749286,2,14
943,63,0,2.575,0,1.0,0.0,9.0,3.2058823529411766,0,0.0,0.9000000000000005,0.4362745098039221,0.45000000000000057,0.053297125829087764,4,8
944,200,0,22.924999999999994,0,1.0,0.0,36.0,16.82075471698113,0.4930555555555556,0.9221698113207547,2.699999999999992,1.372877358490562,1.4999999999999905,0.34103512724238366,2,13
945,87,0,6.2250000000000005,0,3.0,0.0,13.0,4.6419753086419755,0,0.2839506172839506,1.3000000000000003,0.5265432098765435,0.5000000000000004,0.07010059825477266,4,17
946,44,0,2.325,0,1.0,0.0,6.0,2.6831683168316833,0,0.0,1.2999999999999998,0.5712871287128715,0.6000000000000001,0.09552156862745091,4,12
947,200,0,12.199999999999996,0,2.0,0.0,35.0,14.595918367346938,0.6973684210526315,0.0,2.699999999999999,1.1930612244897945,0.8999999999999997,0.6063701186192164,3,7
948,86,0,3.6249999999999996,0,1.0,0.0,13.0,5.752,0,0.0,2.1999999999999966,1.003999999999999,0.9999999999999957,0.4765745007680479,4,7
949,200,0,22.524999999999995,0,1.0,0.0,36.0,16.904306220095695,0.5071428571428571,0.8349282296650717,3.1999999999999895,1.30430622009569,1.2999999999999936,0.48204163161117475,2,15
950,122,0,6.899999999999995,0,1.0,0.0,19.0,8.104712041884817,0,0.0,2.6999999999999966,0.9947643979057582,0.8000000000000002,0.4484665570175426,4,12
951,200,0,35.94999999999999,0,1.0,0.0,38.0,17.957307060755337,0.25900900900900903,1.5862068965517242,3.899999999999991,1.6656814449917856,1.5999999999999917,0.751747088006898,1,12
952,86,0,4.475,0,1.0,0.0,13.0,4.909090909090909,0,0.0,2.099999999999999,0.6993006993006992,0.6000000000000001,0.24287852112676034,4,10
953,200,0,36.09999999999999,0,1.0,0.0,43.0,19.44006568144499,0.2847826086956522,3.064039408866995,6.900000000000014,2.55533661740558,2.4999999999999916,1.7637899050905983,1,9
954,80,0,4.3000000000000025,0,1.0,0.0,12.0,4.656934306569343,0,0.0,1.4999999999999996,0.5963503649635035,0.5999999999999994,0.11962809036658126,4,8
955,200,0,12.574999999999998,0,2.0,0.0,34.0,13.281368821292777,0.675,0.03802281368821293,1.5999999999999996,0.6996197718631182,0.7000000000000001,0.09996327781633113,3,10
956,200,0,15.349999999999989,0,3.0,0.0,45.0,18.783673469387754,0.7083333333333334,0.02857142857142857,7.900000000000029,3.705714285714291,3.899999999999998,5.892963481274192,3,9
957,123,0,11.500000000000004,0,1.0,0.0,19.0,7.496296296296296,0,0.2851851851851852,1.4,0.5492592592592594,0.5000000000000007,0.08250058299839498,4,21
958,200,0,34.84999999999999,0,1.0,0.0,39.0,16.66510172143975,0.2321428571428572,1.8184663536776213,4.199999999999986,1.2405320813771485,1.1999999999999935,0.5056979819749166,1,16
959,200,0,34.874999999999986,0,2.0,0.0,38.0,17.715447154471544,0.2592592592592593,1.3073170731707318,3.7999999999999856,1.6050406504064991,1.499999999999996,0.5821387326028981,1,10
960,200,0,23.5,0,2.0,0.0,34.0,13.265524625267666,0.3513513513513513,0.9571734475374732,2.4999999999999996,0.8475374732334031,0.7999999999999996,0.20716298008143402,3,20
961,86,0,6.825000000000003,0,1.0,0.0,13.0,5.926966292134831,0,0.16292134831460675,1.6,0.6460674157303371,0.6000000000000003,0.11361171606224156,4,12
962,200,0,24.57499999999999,0,2.0,0.0,36.0,16.330357142857142,0.4407894736842105,0.484375,2.8999999999999964,1.4895089285714256,1.5999999999999925,0.545629263140059,2,24
963,111,0,5.050000000000002,0,1.0,0.0,17.0,6.553333333333334,0,0.0,0.8000000000000007,0.37666666666666715,0.40000000000000024,0.04752433441486286,4,7
964,200,0,23.649999999999984,0,1.0,0.0,37.0,18.574162679425836,0.5,0.5,4.1999999999999895,2.3062200956937753,2.399999999999997,1.0582927262008937,2,17
965,200,0,15.57499999999999,0,3.0,0.0,42.0,16.070631970260223,0.6785714285714286,0.0,6.100000000000012,2.4449814126394056,2.299999999999998,3.6356849087893917,3,11
966,200,0,29.549999999999994,0,1.0,0.0,37.0,15.103383458646617,0.32608695652173914,1.1917293233082706,3.3999999999999897,1.2701127819548845,1.2999999999999947,0.5333003678146251,2,29
967,200,0,23.59999999999999,0,1.0,0.0,37.0,17.440191387559807,0.5034246575342466,0.3492822966507177,3.1999999999999877,1.6258373205741579,1.6999999999999964,0.469191577525565,2,12
968,200,0,30.22499999999999,0,1.0,0.0,39.0,15.327985739750446,0.2912371134020618,1.950089126559715,4.299999999999987,1.5065953654188924,1.1999999999999995,0.9303872648703544,2,39
969,200,0,12.024999999999993,0,2.0,0.0,36.0,15.175732217573222,0.7236842105263158,0.0,2.599999999999991,1.3623430962343062,1.3999999999999981,0.4739877450980348,3,8
970,200,0,18.49999999999999,0,3.0,0.0,42.0,14.85139318885449,0.5948275862068966,0.5789473684210527,6.600000000000009,2.0501547987616098,0.9000000000000005,4.041486082355649,3,12
971,200,0,13.924999999999999,0,2.0,0.0,33.0,13.1160409556314,0.625,0.0,1.699999999999998,0.8071672354948786,0.7999999999999957,0.13063274624918425,3,12
972,200,0,33.57499999999998,0,1.0,0.0,42.0,18.24709784411277,0.29587155963302747,2.990049751243781,6.000000000000007,2.1155887230514048,1.7999999999999985,1.776644133242392,2,33
973,200,0,35.27499999999999,0,1.0,0.0,38.0,18.29720853858785,0.25900900900900903,1.9556650246305418,4.499999999999991,1.8696223316912919,1.6999999999999948,1.0498682053494341,1,8
974,200,0,47.89999999999999,0,1.0,1.0,41.0,19.7325,0.015822784810126667,8.41,5.700000000000006,2.589499999999996,2.4999999999999942,1.5803922193628401,0,12
975,15,0,-0.45000000000000007,0,1.0,0.0,1.0,0.375,0,0.0,0.8000000000000002,0.3458333333333335,0.3500000000000002,0.05750759878419453,4,7
976,122,0,7.775000000000001,0,1.0,0.0,19.0,6.886699507389163,0,0.18226600985221675,1.7000000000000002,0.6256157635467977,0.5999999999999989,0.14121918074160342,4,15
977,200,0,25.54999999999999,0,1.0,0.0,37.0,16.620171673819744,0.41463414634146345,1.4399141630901287,4.099999999999987,1.8742489270386222,1.8999999999999986,1.242303976422362,2,21
978,200,0,25.07499999999999,0,2.0,0.0,40.0,16.954128440366972,0.4902597402597403,0.01834862385321101,5.199999999999999,1.6557339449541257,1.1999999999999955,1.654998763776004,2,15
979,200,0,15.199999999999996,0,1.0,0.0,37.0,14.25,0.6354166666666666,0.0,3.5999999999999908,1.4859589041095864,1.199999999999998,0.9541633533889204,3,11
980,57,0,2.0500000000000007,0,1.0,0.0,8.0,2.8020833333333335,0,0.0,1.0,0.4291666666666669,0.40000000000000074,0.06269777536625068,4,7
981,80,0,5.600000000000002,0,1.0,0.0,12.0,4.3105590062111805,0,0.0,1.4999999999999996,0.5819875776397516,0.6,0.12259953703703698,4,16
982,200,0,15.749999999999996,0,2.0,1.0,33.0,12.751497005988025,0.5441176470588235,0.625748502994012,1.799999999999999,0.7269461077844306,0.7000000000000001,0.12789780825601707,3,17
983,200,0,22.349999999999994,0,1.0,0.0,36.0,16.5622009569378,0.5108695652173914,0.24641148325358853,2.59999999999999,1.099043062200953,1.099999999999994,0.26196230605014653,2,10
984,21,0,-0.12500000000000006,0,1.0,0.0,2.0,0.5370370370370371,0,0.0,0.7000000000000001,0.3129629629629631,0.30000000000000016,0.04966380789022299,4,7
985,200,0,15.54999999999999,0,3.0,0.0,43.0,16.334600760456272,0.6581632653061225,0.0,6.700000000000011,2.6547528517110264,2.399999999999999,4.109989301411059,3,2
986,200,0,16.924999999999997,0,2.0,0.0,34.0,13.685294117647059,0.5707547169811321,0.04411764705882353,1.8000000000000003,0.8667647058823519,0.8999999999999981,0.14780845855067898,3,12
987,200,0,24.549999999999994,0,1.0,0.0,36.0,16.508928571428573,0.4407894736842105,0.6674107142857143,3.0999999999999908,1.5966517857142801,1.5999999999999963,0.4522901501223157,2,19
988,200,0,13.574999999999998,0,2.0,0.0,33.0,12.551369863013699,0.5681818181818182,0.7705479452054794,1.9,0.8263698630136969,0.7999999999999978,0.16399833456481688,3,13
989,200,0,32.14999999999999,0,1.0,0.0,42.0,17.540983606557376,0.3431372549019608,2.7358834244080144,6.10000000000002,2.3329690346083773,1.8999999999999981,2.2778823490378275,2,33
990,200,0,33.99999999999999,0,1.0,1.0,39.0,17.87642276422764,0.2637614678899083,2.31869918699187,4.199999999999987,1.7016260162601573,1.4999999999999996,0.6467632937095437,1,10
991,200,0,24.699999999999992,0,1.0,0.0,37.0,16.454347826086956,0.439873417721519,1.4130434782608696,3.799999999999991,1.6358695652173871,1.5999999999999963,0.775521387152108,2,20
992,200,0,15.925,0,2.0,0.0,33.0,12.429878048780488,0.54,0.027439024390243903,1.7999999999999985,0.8051829268292658,0.7999999999999939,0.16104170733294276,3,15
993,200,0,11.924999999999995,0,2.0,0.0,35.0,14.744769874476987,0.722972972972973,0.0,2.3999999999999924,1.103765690376567,1.0,0.38162429971988515,3,7
994,51,0,3.1000000000000005,0,1.0,0.0,7.0,2.6578947368421053,0,0.0,1.2,0.5008771929824564,0.5000000000000002,0.07991766063870717,4,11
995,200,0,23.02499999999999,0,2.0,0.0,36.0,16.708133971291865,0.5035211267605634,0.9330143540669856,2.799999999999991,1.1866028708133949,1.1999999999999953,0.3391526015464454,2,12
996,200,0,37.82499999999999,0,2.0,0.0,46.0,19.490968801313628,0.28688524590163933,1.8243021346469623,8.500000000000016,2.5858784893267623,2.2999999999999963,2.7586914365832675,1,14
997,200,0,17.275,0,2.0,0.0,35.0,13.910404624277456,0.5681818181818182,0.0,2.1999999999999917,0.925433526011559,0.8999999999999998,0.1788343983627768,3,12
998,15,0,-0.5,0,1.0,0.0,1.0,0.2916666666666667,0,0.0,0.7000000000000001,0.29583333333333345,0.30000000000000016,0.05208858011289622,4,5
999,200,0,34.57499999999999,0,1.0,0.0,38.0,18.676518883415437,0.25900900900900903,2.883415435139573,4.199999999999991,2.097208538587844,1.9999999999999978,1.0020474547023237,1,14
1000,75,0,4.725000000000001,0,1.0,0.0,11.0,4.615384615384615,0,0.0,1.4999999999999996,0.6237762237762239,0.6000000000000005,0.10447476525821588,4,12
