episode,end_day,epsilon,mean_reward,mean_loss,max_berries,mean_berries,max_berries_consumed,mean_berries_consumed,gini_berries_consumed,mean_berries_thrown,max_health,mean_health,median_health,variance_health,deceased,num_emerged_norms
1,16,0.999000499833375,-1.5999999999999999,0,1.0,0.0,1.0,0.30952380952380953,0,0.16666666666666666,1.1,0.38809523809523816,0.40000000000000013,0.09014747589336357,4,
2,15,0.9980019986673331,-1.375,0,1.0,0.0,1.0,0.2619047619047619,0,0.0,0.9,0.3595238095238097,0.40000000000000013,0.06863868406125921,4,
3,9,0.997004495503373,-1.625,1.1393923400227068,1.0,0.0,0.0,0.0,0,0.0,0.7000000000000001,0.3111111111111112,0.30000000000000016,0.058810810810810805,4,
4,21,0.9960079893439915,-1.0250000000000001,2.4814398186232047,1.0,0.0,2.0,0.8518518518518519,0,0.2777777777777778,1.2000000000000002,0.501851851851852,0.5000000000000001,0.1224459691252144,4,
5,9,0.9950124791926823,-1.475,2.973532198457157,1.0,0.0,0.0,0.0,0,0.0,0.7000000000000001,0.3111111111111112,0.30000000000000016,0.058810810810810805,4,
6,9,0.9940179640539353,-1.8250000000000002,3.0843493694508517,0.0,0.0,0.0,0.0,0,0.0,0.7000000000000001,0.3111111111111112,0.30000000000000016,0.058810810810810805,4,
7,15,0.9930244429332351,-1.575,3.058012950959674,1.0,0.0,1.0,0.23809523809523808,0,0.0,0.8000000000000002,0.34523809523809534,0.3500000000000002,0.061559841179807145,4,
8,32,0.9920319148370607,-0.75,2.936060744696234,1.0,0.0,4.0,1.4615384615384615,0,0.7076923076923077,1.4,0.5461538461538461,0.5000000000000002,0.1311316287878787,4,
9,9,0.9910403787728836,-1.625,2.8431474490817044,1.0,0.0,0.0,0.0,0,0.0,0.7000000000000001,0.3111111111111112,0.30000000000000016,0.058810810810810805,4,
10,9,0.9900498337491681,-1.6749999999999998,2.741489539784448,1.0,0.0,0.0,0.0,0,0.0,0.7000000000000001,0.3111111111111112,0.30000000000000016,0.058810810810810805,4,
11,21,0.9890602787753687,-0.7250000000000001,2.539719652425997,1.0,0.0,2.0,0.8833333333333333,0,0.4666666666666667,1.1,0.4766666666666668,0.5000000000000001,0.10681856071130869,4,
12,21,0.9880717128619305,-1.2000000000000002,2.4237989651919962,1.0,0.0,2.0,0.5833333333333334,0,0.0,0.9,0.3958333333333334,0.40000000000000013,0.0729309596178897,4,
13,9,0.9870841350202876,-1.7,2.327902165729267,1.0,0.0,0.0,0.0,0,0.0,0.7000000000000001,0.3111111111111112,0.30000000000000016,0.058810810810810805,4,
14,9,0.9860975442628619,-1.6749999999999998,2.234983077968724,1.0,0.0,0.0,0.0,0,0.0,0.7000000000000001,0.3111111111111112,0.30000000000000016,0.058810810810810805,4,
15,15,0.9851119396030626,-0.9249999999999999,2.142476004960619,2.0,0.0,1.0,0.2619047619047619,0,0.0,0.9,0.35952380952380963,0.40000000000000013,0.0686386840612592,4,
16,9,0.9841273200552851,-1.4749999999999999,2.068103008709421,2.0,0.0,0.0,0.0,0,0.0,0.7000000000000001,0.3111111111111112,0.30000000000000016,0.058810810810810805,4,
17,15,0.9831436846349096,-1.3000000000000003,1.9883199719621263,1.0,0.0,1.0,0.4166666666666667,0,0.14583333333333334,1.1,0.3708333333333334,0.35000000000000014,0.08460269214068605,4,
18,15,0.9821610323583008,-0.9750000000000001,1.9142493074462834,1.0,0.0,1.0,0.3541666666666667,0,0.0,0.8000000000000002,0.3333333333333334,0.3000000000000002,0.05849761181068172,4,
19,9,0.981179362242806,-1.65,1.858711576724367,1.0,0.0,0.0,0.0,0,0.0,0.7000000000000001,0.3111111111111112,0.30000000000000016,0.058810810810810805,4,
20,27,0.9801986733067553,-0.4500000000000005,1.7640091026166114,2.0,0.0,3.0,1.2638888888888888,0,0.375,1.2,0.488888888888889,0.5000000000000001,0.09128304071001347,4,
21,15,0.9792189645694596,-1.4000000000000001,1.7152377267677184,1.0,0.0,1.0,0.21428571428571427,0,0.0,0.7000000000000002,0.33095238095238105,0.3000000000000002,0.05693136698808847,4,
22,15,0.97824023505121,-1.325,1.6604219727909482,1.0,0.0,1.0,0.21428571428571427,0,0.0,0.7000000000000002,0.33095238095238105,0.3000000000000002,0.05693136698808848,4,
23,9,0.9772624837732771,-1.5750000000000002,1.6224124556939996,1.0,0.0,0.0,0.0,0,0.0,0.7000000000000001,0.3111111111111112,0.30000000000000016,0.058810810810810805,4,
24,9,0.9762857097579093,-1.775,1.587353792585647,0.0,0.0,0.0,0.0,0,0.0,0.7000000000000001,0.3111111111111112,0.30000000000000016,0.058810810810810805,4,
25,9,0.9753099120283326,-1.525,1.5525818202810346,1.0,0.0,0.0,0.0,0,0.0,0.7000000000000001,0.3111111111111112,0.30000000000000016,0.058810810810810805,4,
26,15,0.9743350896087494,-1.25,1.5095176936599657,1.0,0.0,1.0,0.19047619047619047,0,0.0,0.7000000000000001,0.31666666666666676,0.30000000000000016,0.05475326148610323,4,
27,9,0.9733612415243368,-1.7750000000000001,1.4787820843620638,0.0,0.0,0.0,0.0,0,0.0,0.7000000000000001,0.3111111111111112,0.30000000000000016,0.058810810810810805,4,
28,15,0.9723883668012469,-1.2999999999999998,1.4470933762257516,1.0,0.0,1.0,0.30952380952380953,0,0.16666666666666666,1.1,0.3880952380952382,0.40000000000000013,0.09014747589336357,4,
29,33,0.9714164644666048,-0.8250000000000004,1.4044764658603754,1.0,0.0,4.0,1.4333333333333333,0,0.11666666666666667,1.5,0.5066666666666667,0.49999999999999994,0.13932759099749925,4,
30,9,0.9704455335485082,-1.55,1.3807401267307593,1.0,0.0,0.0,0.0,0,0.0,0.7000000000000001,0.3111111111111112,0.30000000000000016,0.058810810810810805,4,
31,9,0.9694755730760259,-1.625,1.3561483305106732,1.0,0.0,0.0,0.0,0,0.0,0.7000000000000001,0.3111111111111112,0.30000000000000016,0.058810810810810805,4,
32,38,0.9685065820791976,-0.2500000000000002,1.3002995335917489,2.0,0.0,5.0,1.7230769230769232,0,0.12307692307692308,1.2999999999999998,0.4907692307692308,0.4999999999999998,0.11840435606060601,4,
33,27,0.967538559589032,0.1499999999999997,1.2579485229594827,1.0,0.0,3.0,1.2692307692307692,0,0.16666666666666666,1.1,0.4320512820512822,0.40000000000000024,0.08065263850073975,4,
34,9,0.9665715046375066,-1.6,1.2409630022260207,1.0,0.0,0.0,0.0,0,0.0,0.7000000000000001,0.3111111111111112,0.30000000000000016,0.058810810810810805,4,
35,15,0.9656054162575665,-1.2,1.2218420480511334,1.0,0.0,1.0,0.19047619047619047,0,0.0,0.7000000000000001,0.31666666666666676,0.30000000000000016,0.05475326148610323,4,
36,21,0.9646402934831231,-1.2750000000000001,1.2022814942250932,1.0,0.0,2.0,0.625,0,0.16666666666666666,1.2000000000000002,0.42083333333333345,0.40000000000000013,0.09752496743378201,4,
37,9,0.9636761353490535,-1.5500000000000003,1.1867685096262772,1.0,0.0,0.0,0.0,0,0.0,0.7000000000000001,0.3111111111111112,0.30000000000000016,0.058810810810810805,4,
38,15,0.9627129408911995,-1.375,1.1703845159177217,1.0,0.0,1.0,0.16666666666666666,0,0.0,0.7000000000000001,0.3023809523809525,0.30000000000000016,0.055025524673851384,4,
39,9,0.9617507091463667,-1.475,1.1555037878195058,1.0,0.0,0.0,0.0,0,0.0,0.7000000000000001,0.3111111111111112,0.30000000000000016,0.058810810810810805,4,
40,15,0.9607894391523232,-1.5999999999999999,1.1388722549788157,1.0,0.0,1.0,0.3333333333333333,0,0.19047619047619047,1.2,0.4023809523809525,0.4000000000000001,0.10457742484401585,4,
41,15,0.9598291299477989,-1.075,1.1232042921286176,1.0,0.0,1.0,0.21428571428571427,0,0.0,0.7000000000000002,0.33095238095238105,0.3000000000000002,0.05693136698808848,4,
42,27,0.9588697805724845,-0.12500000000000006,1.0971788419466413,1.0,1.0,3.0,1.2222222222222223,0,1.0,1.2000000000000002,0.463888888888889,0.5000000000000001,0.09510322207215896,4,
43,9,0.9579113900670306,-1.775,1.0852593005488063,0.0,0.0,0.0,0.0,0,0.0,0.7000000000000001,0.3111111111111112,0.30000000000000016,0.058810810810810805,4,
44,21,0.9569539574730467,-1.075,1.070572896967747,1.0,0.0,2.0,0.5625,0,0.16666666666666666,1.2,0.38333333333333336,0.3500000000000001,0.09768128528006945,4,
45,21,0.9559974818331,-0.6500000000000001,1.0569677155929567,2.0,0.0,2.0,0.4375,0,0.0,0.7000000000000001,0.30833333333333346,0.30000000000000016,0.05203647416413374,4,
46,20,0.9550419621907147,-0.675,1.0431854892020394,2.0,0.0,2.0,0.8113207547169812,0,0.0,1.4,0.5,0.5000000000000001,0.12683760683760678,4,
47,15,0.9540873975903711,-1.2750000000000001,1.0320197765020631,2.0,0.0,1.0,0.2857142857142857,0,0.0,1.0,0.37380952380952387,0.40000000000000013,0.0781678956324447,4,
48,15,0.9531337870775047,-0.9,1.0207461664838866,2.0,0.0,1.0,0.19047619047619047,0,0.0,0.7000000000000001,0.31666666666666676,0.30000000000000016,0.05475326148610323,4,
49,15,0.9521811296985049,-1.075,1.009861375217504,1.0,0.0,1.0,0.4583333333333333,0,0.0,1.2,0.3958333333333334,0.4000000000000001,0.09544072948328264,4,
50,39,0.951229424500714,-0.025000000000000078,0.9863117320950832,2.0,0.0,5.0,1.8333333333333333,0,0.5384615384615384,1.1,0.4935897435897437,0.5000000000000001,0.09138418543481833,4,
51,15,0.950278670532427,-1.225,0.9759207740723427,1.0,0.0,1.0,0.23809523809523808,0,0.0,0.8000000000000002,0.34523809523809534,0.3500000000000002,0.061559841179807145,4,
52,27,0.9493288668428895,-0.8000000000000002,0.9605137105193197,2.0,0.0,3.0,0.7962962962962963,0,0.0,0.8000000000000003,0.33518518518518536,0.3000000000000003,0.05526243567753003,4,
53,15,0.9483800124822982,-1.0749999999999997,0.949257130490446,1.0,0.0,1.0,0.375,0,0.0,0.8000000000000002,0.3458333333333335,0.3500000000000002,0.05750759878419453,4,
54,21,0.9474321065017983,-1.0,0.9393659651820444,2.0,1.0,2.0,0.6296296296296297,0,0.16666666666666666,0.8000000000000002,0.36851851851851863,0.40000000000000013,0.056250428816466545,4,
55,9,0.9464851479534838,-1.1500000000000001,0.9321880015519405,2.0,0.0,0.0,0.0,0,0.0,0.7000000000000001,0.3111111111111112,0.30000000000000016,0.058810810810810805,4,
56,15,0.9455391358903963,-1.3,0.9247262210907458,1.0,0.0,1.0,0.3333333333333333,0,0.19047619047619047,1.2,0.4023809523809525,0.4000000000000001,0.10457742484401585,4,
57,9,0.9445940693665233,-1.75,0.9185265148667164,0.0,0.0,0.0,0.0,0,0.0,0.7000000000000001,0.3111111111111112,0.30000000000000016,0.058810810810810805,4,
58,15,0.9436499474367985,-1.0750000000000002,0.9112126340525997,2.0,0.0,1.0,0.21428571428571427,0,0.0,0.7000000000000002,0.33095238095238105,0.3000000000000002,0.05693136698808848,4,
59,15,0.9427067691570997,-0.65,0.901913518449995,1.0,0.0,1.0,0.5555555555555556,0,0.14814814814814814,1.1,0.39074074074074094,0.40000000000000013,0.07716295025728988,4,
60,15,0.9417645335842487,-1.3,0.8953636038701427,1.0,0.0,1.0,0.23809523809523808,0,0.0,0.8000000000000002,0.34523809523809534,0.3500000000000002,0.061559841179807145,4,
61,15,0.9408232397760097,-1.2500000000000002,0.8878115177452104,1.0,0.0,1.0,0.23809523809523808,0,0.0,0.8000000000000002,0.34523809523809534,0.3500000000000002,0.061559841179807145,4,
62,27,0.9398828867910889,-0.8750000000000001,0.877448282438748,1.0,0.0,3.0,0.9259259259259259,0,0.12962962962962962,1.1,0.41296296296296303,0.4000000000000002,0.07930360205831903,4,
63,9,0.9389434736891332,-1.0750000000000002,0.8717351869582292,1.0,0.0,0.0,0.0,0,0.0,0.7000000000000001,0.3111111111111112,0.30000000000000016,0.058810810810810805,4,
64,21,0.9380049995307295,-0.8500000000000001,0.8634060142090724,1.0,0.0,2.0,0.6111111111111112,0,0.0,1.0,0.3574074074074075,0.3500000000000002,0.06876500857632932,4,
65,21,0.9370674633774034,-0.2250000000000003,0.8540505733382253,1.0,0.0,2.0,0.8181818181818182,0,0.0,0.7000000000000003,0.3469696969696972,0.35000000000000026,0.049774971297359354,4,
66,33,0.9361308642916188,-0.4500000000000003,0.84305240969624,2.0,0.0,4.0,1.625,0,0.7222222222222222,1.2000000000000002,0.5555555555555556,0.6000000000000001,0.12165927069264901,4,
67,20,0.9351952013367766,-1.125,0.8376090833059437,1.0,0.0,2.0,0.7659574468085106,0,0.1702127659574468,1.5999999999999996,0.531914893617021,0.49999999999999933,0.19162137681159405,4,
68,21,0.9342604735772135,-1.15,0.8315463741888169,1.0,0.0,2.0,0.5625,0,0.14583333333333334,1.1,0.38333333333333347,0.40000000000000013,0.08267477203647414,4,
69,21,0.933326680078202,-0.8000000000000002,0.8253297506352455,1.0,0.0,2.0,0.6041666666666666,0,0.0,1.0,0.40833333333333344,0.40000000000000013,0.08038211029092487,4,
70,15,0.9323938199059483,-1.375,0.8199492298077364,1.0,0.0,1.0,0.23809523809523808,0,0.0,0.8000000000000002,0.34523809523809534,0.3500000000000002,0.061559841179807145,4,
71,21,0.9314618921275921,-1.0750000000000002,0.8129208533740875,1.0,0.0,2.0,0.6296296296296297,0,0.14814814814814814,1.2000000000000002,0.36851851851851863,0.30000000000000016,0.09181818181818181,4,
72,21,0.9305308958112057,-1.125,0.8068463997127941,1.0,0.0,2.0,0.4583333333333333,0,0.0,0.7000000000000002,0.3208333333333335,0.3000000000000002,0.054172818063395564,4,
73,9,0.9296008300257927,-1.425,0.8022442724132371,1.0,0.0,0.0,0.0,0,0.0,0.7000000000000001,0.3111111111111112,0.30000000000000016,0.058810810810810805,4,
74,15,0.9286716938412872,-1.375,0.7972353284801316,1.0,0.0,1.0,0.21428571428571427,0,0.0,0.7000000000000002,0.33095238095238105,0.3000000000000002,0.05693136698808848,4,
75,21,0.9277434863285529,-0.025000000000000244,0.7905331466462608,2.0,1.0,2.0,0.9666666666666667,0,0.7333333333333333,1.2,0.5266666666666667,0.6,0.10865240344540147,4,
76,9,0.9268162065593822,-1.475,0.7867005566932104,1.0,0.0,0.0,0.0,0,0.0,0.7000000000000001,0.3111111111111112,0.30000000000000016,0.058810810810810805,4,
77,15,0.9258898536064953,-1.4,0.7828128311304301,1.0,0.0,1.0,0.21428571428571427,0,0.0,0.7000000000000002,0.33095238095238105,0.3000000000000002,0.05693136698808848,4,
78,9,0.9249644265435393,-1.65,0.7787837554598334,1.0,0.0,0.0,0.0,0,0.0,0.7000000000000001,0.3111111111111112,0.30000000000000016,0.058810810810810805,4,
79,20,0.9240399244450868,-0.8500000000000001,0.7723442167681134,1.0,0.0,2.0,0.9830508474576272,0,0.3559322033898305,1.6,0.5559322033898305,0.5000000000000001,0.1689540229885057,4,
80,15,0.9231163463866358,-1.15,0.7677417482054856,1.0,0.0,1.0,0.5208333333333334,0,0.0,1.2,0.43333333333333335,0.40000000000000013,0.10184976118106814,4,
81,21,0.922193691444608,-1.0750000000000002,0.7636961453033544,1.0,1.0,2.0,0.5833333333333334,0,0.16666666666666666,1.2000000000000002,0.3958333333333335,0.40000000000000013,0.09544072948328267,4,
82,21,0.9212719586963487,-0.4250000000000004,0.7584333350558364,1.0,0.0,2.0,0.7222222222222222,0,0.3888888888888889,1.1,0.4240740740740742,0.40000000000000013,0.09000686106346482,4,
83,15,0.9203511472201247,-1.475,0.7542796805141601,1.0,0.0,1.0,0.21428571428571427,0,0.0,0.7000000000000002,0.33095238095238105,0.3000000000000002,0.05693136698808847,4,
84,27,0.9194312560951247,-0.2750000000000002,0.748267164556943,1.0,0.0,3.0,1.0151515151515151,0,0.48484848484848486,1.1,0.4106060606060608,0.40000000000000024,0.07429850746268656,4,
85,15,0.9185122844014574,-1.425,0.7441639327957679,1.0,0.0,1.0,0.21428571428571427,0,0.0,0.7000000000000002,0.33095238095238105,0.3000000000000002,0.05693136698808849,4,
86,15,0.9175942312201509,-1.5499999999999998,0.7403348054281536,1.0,0.0,1.0,0.16666666666666666,0,0.0,0.7000000000000001,0.3023809523809525,0.30000000000000016,0.055025524673851384,4,
87,9,0.9166770956331523,-1.2,0.7374437552385256,2.0,0.0,0.0,0.0,0,0.0,0.7000000000000001,0.3111111111111112,0.30000000000000016,0.058810810810810805,4,
88,15,0.9157608767233256,-0.8250000000000001,0.733921619258482,1.0,0.0,1.0,0.4166666666666667,0,0.14583333333333334,1.1,0.37083333333333346,0.35000000000000014,0.08460269214068605,4,
89,9,0.914845573574452,-1.6,0.7306378496394977,1.0,0.0,0.0,0.0,0,0.0,0.7000000000000001,0.3111111111111112,0.30000000000000016,0.058810810810810805,4,
90,27,0.9139311852712282,-0.4750000000000002,0.7266956548542742,2.0,0.0,3.0,0.7962962962962963,0,0.0,0.7000000000000003,0.33518518518518536,0.30000000000000043,0.05081646655231561,4,
91,21,0.9130177108992658,0.024999999999999578,0.7209929565752287,2.0,0.0,2.0,1.0307692307692307,0,0.6153846153846154,1.6,0.4907692307692308,0.40000000000000024,0.1405634469696969,4,
92,9,0.9121051495450904,-1.625,0.7183628195496319,1.0,0.0,0.0,0.0,0,0.0,0.7000000000000001,0.3111111111111112,0.30000000000000016,0.058810810810810805,4,
93,15,0.9111935002961405,-1.05,0.7153641816006839,2.0,0.0,1.0,0.21428571428571427,0,0.0,0.7000000000000002,0.33095238095238105,0.3000000000000002,0.05693136698808848,4,
94,9,0.910282762240767,-1.5250000000000001,0.7126473016739167,1.0,0.0,0.0,0.0,0,0.0,0.7000000000000001,0.3111111111111112,0.30000000000000016,0.058810810810810805,4,
95,15,0.9093729344682314,-1.275,0.7093975768459928,2.0,0.0,1.0,0.16666666666666666,0,0.0,0.7000000000000001,0.3023809523809525,0.30000000000000016,0.055025524673851384,4,
96,15,0.9084640160687062,-1.2000000000000002,0.7065400051274672,1.0,0.0,1.0,0.19047619047619047,0,0.0,0.7000000000000001,0.31666666666666676,0.30000000000000016,0.05475326148610323,4,
97,27,0.9075560061332727,0.17499999999999985,0.701025164728443,2.0,0.0,3.0,1.0833333333333333,0,0.2777777777777778,1.0,0.3805555555555557,0.40000000000000013,0.07213582867065405,4,
98,21,0.9066489037539209,-1.0750000000000002,0.6970596402956822,1.0,0.0,2.0,0.7037037037037037,0,0.0,0.9,0.41296296296296303,0.4000000000000002,0.0704116638078902,4,
99,33,0.9057427080235485,0.0249999999999998,0.6921899934466441,1.0,0.0,4.0,1.2575757575757576,0,0.0,1.1,0.39242424242424256,0.40000000000000013,0.07071641791044775,4,
100,15,0.9048374180359595,-0.85,0.6890380714333558,2.0,0.0,1.0,0.375,0,0.0,0.7000000000000002,0.3458333333333335,0.3500000000000002,0.05500651324359531,4,
101,15,0.9039330328858641,-1.1,0.685917401615336,1.0,0.0,1.0,0.2857142857142857,0,0.16666666666666666,0.9,0.3738095238095239,0.40000000000000013,0.06673284174702213,4,
102,33,0.9030295516688768,-0.2250000000000003,0.6821847077757573,1.0,0.0,4.0,1.1833333333333333,0,0.0,0.8000000000000004,0.3566666666666669,0.40000000000000013,0.05480411225340371,4,
103,15,0.9021269734815165,-1.175,0.6790878872743314,2.0,0.0,1.0,0.2619047619047619,0,0.0,0.9,0.3595238095238097,0.40000000000000013,0.06863868406125921,4,
104,15,0.9012252974212047,-1.1,0.6762469995851241,2.0,0.0,1.0,0.21428571428571427,0,0.0,0.7000000000000002,0.33095238095238105,0.3000000000000002,0.05693136698808848,4,
105,27,0.9003245225862656,-0.3750000000000002,0.6718160507280386,2.0,0.0,3.0,1.0151515151515151,0,0.15151515151515152,0.9000000000000005,0.4106060606060608,0.4000000000000003,0.06702411021814006,4,
106,9,0.899424648075924,-1.5,0.669403588397132,1.0,0.0,0.0,0.0,0,0.0,0.7000000000000001,0.3111111111111112,0.30000000000000016,0.058810810810810805,4,
107,15,0.8985256729903055,-1.2,0.6668278720983266,1.0,0.0,1.0,0.23809523809523808,0,0.0,0.8000000000000002,0.34523809523809534,0.3500000000000002,0.061559841179807145,4,
108,15,0.8976275964304349,-0.9750000000000001,0.6633327129555826,1.0,0.0,1.0,0.5370370370370371,0,0.0,1.1,0.37962962962962976,0.40000000000000013,0.0790566037735849,4,
109,15,0.8967304174982355,-1.475,0.6609366183998009,1.0,0.0,1.0,0.2857142857142857,0,0.0,1.0,0.3738095238095239,0.40000000000000013,0.0781678956324447,4,
110,15,0.8958341352965282,-1.25,0.6584847917981567,1.0,0.0,1.0,0.3333333333333333,0,0.0,1.2,0.4023809523809525,0.4000000000000001,0.10457742484401585,4,
111,27,0.894938748929031,-0.8500000000000001,0.6548531950752733,1.0,0.0,3.0,0.9444444444444444,0,0.12962962962962962,1.1,0.4240740740740742,0.40000000000000013,0.10112178387650084,4,
112,32,0.8940442575003572,-0.20000000000000032,0.6513695933923753,2.0,1.0,4.0,1.6307692307692307,0,0.12307692307692308,1.6,0.6476923076923075,0.6000000000000001,0.1945407196969696,4,
113,26,0.8931506601160155,-0.050000000000000266,0.6476988864034339,1.0,0.0,3.0,1.2,0,0.1076923076923077,1.2999999999999998,0.4907692307692308,0.5000000000000001,0.10547821969696965,4,
114,15,0.8922579558824083,-1.2,0.6452895275142418,1.0,0.0,1.0,0.4375,0,0.16666666666666666,1.2,0.38333333333333336,0.3500000000000001,0.09768128528006945,4,
115,21,0.8913661439068313,-0.6250000000000001,0.642345891257678,1.0,0.0,2.0,0.7333333333333333,0,0.0,1.1,0.38666666666666677,0.40000000000000013,0.07651014170602945,4,
116,15,0.8904752232974726,-1.5000000000000002,0.6404360173555815,1.0,0.0,1.0,0.2619047619047619,0,0.0,0.9,0.3595238095238097,0.40000000000000013,0.06863868406125921,4,
117,15,0.8895851931634113,-1.175,0.6381474690956465,1.0,0.0,1.0,0.19047619047619047,0,0.0,0.7000000000000001,0.31666666666666676,0.30000000000000016,0.05475326148610323,4,
118,15,0.8886960526146174,-1.325,0.6359822298287936,1.0,0.0,1.0,0.2619047619047619,0,0.0,0.9,0.3595238095238097,0.40000000000000013,0.06863868406125921,4,
119,15,0.8878078007619501,-1.025,0.6338852599733155,1.0,0.0,1.0,0.19047619047619047,0,0.0,0.7000000000000001,0.31666666666666676,0.30000000000000016,0.05475326148610323,4,
120,21,0.8869204367171575,-0.9000000000000005,0.6310805221120432,1.0,0.0,2.0,0.7407407407407407,0,0.48148148148148145,1.1,0.43518518518518534,0.40000000000000013,0.09824013722126927,4,
121,9,0.8860339595928756,-1.425,0.6289752249022804,1.0,0.0,0.0,0.0,0,0.0,0.7000000000000001,0.3111111111111112,0.30000000000000016,0.058810810810810805,4,
122,15,0.8851483685026271,-1.25,0.6262199095427622,1.0,0.0,1.0,0.3333333333333333,0,0.0,0.7000000000000001,0.3208333333333335,0.3000000000000002,0.05167173252279635,4,
123,27,0.8842636625608209,-0.07499999999999912,0.6219976542591814,2.0,0.0,3.0,1.5070422535211268,0,0.8450704225352113,1.7000000000000002,0.5549295774647889,0.5000000000000001,0.16053571428571425,4,
124,15,0.8833798408827509,-0.9,0.6198604867696362,2.0,0.0,1.0,0.16666666666666666,0,0.0,0.7000000000000001,0.3023809523809525,0.30000000000000016,0.055025524673851384,4,
125,15,0.8824969025845955,-1.25,0.6182350413544003,1.0,0.0,1.0,0.19047619047619047,0,0.0,0.7000000000000001,0.31666666666666676,0.30000000000000016,0.05475326148610323,4,
126,21,0.8816148467834161,-0.40000000000000036,0.6151862712587487,1.0,0.0,2.0,0.8,0,0.13333333333333333,1.1,0.4266666666666668,0.40000000000000024,0.0799777716032231,4,
127,21,0.880733672597157,-0.825,0.6127877634137003,1.0,0.0,2.0,0.6111111111111112,0,0.0,0.9,0.3574074074074075,0.40000000000000013,0.06209605488850772,4,
128,27,0.8798533791446438,-0.8250000000000001,0.609520176996118,1.0,0.0,3.0,0.9333333333333333,0,0.0,0.9000000000000002,0.38666666666666694,0.4000000000000002,0.06050569602667409,4,
129,21,0.8789739655455832,-0.5750000000000003,0.6073141375190683,2.0,0.0,2.0,0.5,0,0.2708333333333333,0.7000000000000003,0.3458333333333335,0.35000000000000026,0.052505427702996085,4,
130,26,0.8780954309205613,-0.3750000000000003,0.6043197966183642,1.0,0.0,3.0,1.0923076923076922,0,0.0,1.2999999999999998,0.42615384615384616,0.40000000000000013,0.10195549242424236,4,
131,15,0.8772177743910435,-0.8250000000000004,0.601896285915713,1.0,0.0,1.0,0.5370370370370371,0,0.4074074074074074,1.1,0.37962962962962976,0.40000000000000013,0.0790566037735849,4,
132,15,0.8763409950793732,-1.05,0.6001179375279064,2.0,0.0,1.0,0.3125,0,0.0,0.7000000000000001,0.30833333333333346,0.30000000000000016,0.05203647416413374,4,
133,21,0.8754650921087711,-0.6500000000000004,0.5971410163008112,1.0,0.0,2.0,0.9166666666666666,0,0.6,1.1,0.43666666666666687,0.45000000000000023,0.07934426229508196,4,
134,21,0.874590064603334,-1.0250000000000004,0.5945577069011448,1.0,0.0,2.0,0.5555555555555556,0,0.0,0.7000000000000002,0.32407407407407424,0.3000000000000002,0.05147512864493996,4,
135,15,0.8737159116880344,-1.325,0.5928118152617526,1.0,0.0,1.0,0.2619047619047619,0,0.0,0.9,0.3595238095238097,0.40000000000000013,0.06863868406125921,4,
136,15,0.8728426324887193,-0.8500000000000001,0.5905169655793067,2.0,0.0,1.0,0.42592592592592593,0,0.12962962962962962,0.7000000000000001,0.3129629629629631,0.30000000000000016,0.049663807890222976,4,
137,21,0.8719702261321094,-1.0250000000000004,0.5884941796793184,1.0,0.0,2.0,0.5,0,0.0,0.8000000000000002,0.3458333333333335,0.3500000000000002,0.05750759878419453,4,
138,27,0.8710986917457983,-1.0250000000000001,0.5860171167230637,1.0,0.0,3.0,0.8888888888888888,0,0.0,1.1,0.39074074074074094,0.40000000000000013,0.07716295025728988,4,
139,9,0.8702280284582515,-1.4500000000000002,0.5843522386207546,1.0,0.0,0.0,0.0,0,0.0,0.7000000000000001,0.3111111111111112,0.30000000000000016,0.058810810810810805,4,
140,21,0.8693582353988059,-0.9500000000000002,0.5822232198056098,2.0,0.0,2.0,0.5208333333333334,0,0.0,1.0,0.35833333333333345,0.35000000000000014,0.07371254884932694,4,
141,26,0.8684893116976679,-0.37500000000000044,0.5794872212476291,1.0,0.0,3.0,1.267605633802817,0,0.4647887323943662,1.2999999999999998,0.5126760563380282,0.5000000000000001,0.11774999999999997,4,
142,15,0.867621256485914,-0.9249999999999999,0.5776550644833036,1.0,0.0,1.0,0.3333333333333333,0,0.0,0.7000000000000002,0.32083333333333347,0.30000000000000016,0.054172818063395564,4,
143,15,0.8667540688954889,-1.05,0.5760854091643188,1.0,0.0,1.0,0.21428571428571427,0,0.0,0.7000000000000002,0.33095238095238105,0.3000000000000002,0.05693136698808848,4,
144,15,0.865887748059205,-0.8999999999999999,0.5738621896938919,2.0,0.0,1.0,0.3125,0,0.0,0.7000000000000001,0.30833333333333346,0.30000000000000016,0.05203647416413374,4,
145,21,0.8650222931107413,-1.3000000000000003,0.5716929307058143,1.0,0.0,2.0,0.5,0,0.0,0.8000000000000003,0.3458333333333335,0.35000000000000026,0.05750759878419453,4,
146,27,0.8641577031846428,-0.4500000000000002,0.5693711873748796,1.0,0.0,3.0,0.85,0,0.0,0.8000000000000003,0.33666666666666684,0.3000000000000004,0.05467074187274243,4,
147,21,0.8632939774163194,-1.0250000000000001,0.5672133103233304,1.0,0.0,2.0,0.5370370370370371,0,0.0,0.7000000000000001,0.3129629629629631,0.30000000000000016,0.04966380789022299,4,
148,15,0.8624311149420455,-1.3,0.56552493670697,1.0,0.0,1.0,0.21428571428571427,0,0.0,0.7000000000000002,0.33095238095238105,0.3000000000000002,0.05693136698808848,4,
149,21,0.8615691148989583,-0.2500000000000001,0.5631936120877747,1.0,0.0,2.0,0.65,0,0.0,0.8000000000000002,0.33666666666666684,0.30000000000000027,0.054670741872742415,4,
150,9,0.8607079764250578,-1.4000000000000001,0.5617938499279578,1.0,0.0,0.0,0.0,0,0.0,0.7000000000000001,0.3111111111111112,0.30000000000000016,0.058810810810810805,4,
151,15,0.8598476986592055,-1.1750000000000003,0.5602535791200096,1.0,0.0,1.0,0.30952380952380953,0,0.0,1.1,0.38809523809523816,0.40000000000000013,0.09014747589336357,4,
152,9,0.8589882807411234,-1.3750000000000002,0.558789847839856,1.0,0.0,0.0,0.0,0,0.0,0.7000000000000001,0.3111111111111112,0.30000000000000016,0.058810810810810805,4,
153,15,0.8581297218113938,-1.275,0.5570153827624746,1.0,0.0,1.0,0.375,0,0.0,0.9,0.34583333333333344,0.35000000000000014,0.06501085540599218,4,
154,21,0.8572720210114575,-0.7000000000000002,0.5547728654915877,2.0,0.0,2.0,0.6111111111111112,0,0.24074074074074073,0.8000000000000002,0.35740740740740756,0.40000000000000013,0.05320411663807889,4,
155,21,0.8564151774836135,-0.9750000000000003,0.5530036069373168,1.0,0.0,2.0,0.4583333333333333,0,0.0,0.7000000000000002,0.3208333333333335,0.3000000000000002,0.054172818063395564,4,
156,27,0.8555591903710185,-0.8500000000000002,0.5509394257693856,1.0,0.0,3.0,1.037037037037037,0,0.12962962962962962,1.1,0.47962962962962974,0.5000000000000001,0.10647341337907373,4,
157,27,0.8547040588176851,-0.6500000000000001,0.5483978268308174,1.0,0.0,3.0,1.0303030303030303,0,0.3333333333333333,1.2,0.41969696969696985,0.4000000000000002,0.08129735935706081,4,
158,33,0.8538497819684817,-0.2500000000000001,0.5460662835135659,1.0,0.0,4.0,1.2878787878787878,0,0.0,1.1,0.41060606060606075,0.40000000000000013,0.07793570608495981,4,
159,15,0.8529963589691315,-1.5,0.5444690718004652,1.0,0.0,1.0,0.16666666666666666,0,0.0,0.7000000000000001,0.3023809523809525,0.30000000000000016,0.055025524673851384,4,
160,15,0.8521437889662113,-0.8500000000000002,0.5429084284956606,1.0,0.0,1.0,0.4375,0,0.16666666666666666,1.2000000000000002,0.38333333333333347,0.35000000000000014,0.09768128528006946,4,
161,26,0.8512920711071511,-0.05000000000000021,0.5405110186341479,2.0,0.0,3.0,1.2203389830508475,0,0.7966101694915254,1.3,0.5864406779661018,0.6000000000000001,0.15240229885057469,4,
162,15,0.850441204540233,-1.175,0.5392229394004843,2.0,0.0,1.0,0.21428571428571427,0,0.0,0.7000000000000002,0.33095238095238105,0.3000000000000002,0.05693136698808847,4,
163,15,0.8495911884145902,-0.975,0.5378400801200857,1.0,0.0,1.0,0.21428571428571427,0,0.0,0.7000000000000002,0.33095238095238105,0.3000000000000002,0.05693136698808847,4,
164,15,0.8487420218802068,-1.3250000000000002,0.5364746988645936,1.0,0.0,1.0,0.23809523809523808,0,0.0,0.8000000000000002,0.34523809523809534,0.3500000000000002,0.061559841179807145,4,
165,39,0.8478937040879159,-0.12499999999999939,0.5340675768725083,2.0,0.0,5.0,1.6527777777777777,0,0.0,0.9000000000000005,0.4222222222222225,0.40000000000000063,0.06535211267605637,4,
166,15,0.8470462341893996,-0.925,0.5324896394139507,1.0,0.0,1.0,0.375,0,0.0,0.8000000000000002,0.3458333333333335,0.3500000000000002,0.05750759878419453,4,
167,21,0.8461996113371882,-0.17500000000000038,0.530621291741801,2.0,0.0,2.0,0.9545454545454546,0,0.0,1.1,0.42878787878787894,0.40000000000000013,0.0954052812858783,4,
168,15,0.8453538346846587,-1.55,0.5292041848185944,1.0,0.0,1.0,0.23809523809523808,0,0.0,0.8000000000000002,0.34523809523809534,0.3500000000000002,0.061559841179807145,4,
169,21,0.8445089033860343,-1.1,0.5277709745557868,1.0,0.0,2.0,0.5833333333333334,0,0.0,1.0,0.3958333333333334,0.40000000000000013,0.07543204515848892,4,
170,9,0.8436648165963837,-1.6,0.5267332427483502,1.0,0.0,0.0,0.0,0,0.0,0.7000000000000001,0.3111111111111112,0.30000000000000016,0.058810810810810805,4,
171,15,0.8428215734716199,-1.25,0.5251742467385019,1.0,0.0,1.0,0.21428571428571427,0,0.0,0.7000000000000002,0.33095238095238105,0.3000000000000002,0.05693136698808848,4,
172,51,0.8419791731684999,0.1500000000000008,0.5221220470674979,2.0,0.0,7.0,2.4358974358974357,0,0.0,1.0,0.3935897435897438,0.4000000000000002,0.06625184941640637,4,
173,9,0.8411376148446232,-1.375,0.5209404775781498,1.0,0.0,0.0,0.0,0,0.0,0.7000000000000001,0.3111111111111112,0.30000000000000016,0.058810810810810805,4,
174,15,0.8402968976584314,-1.0500000000000003,0.5195558842778893,1.0,0.0,1.0,0.375,0,0.0,0.8000000000000002,0.3458333333333335,0.3500000000000002,0.05750759878419453,4,
175,45,0.8394570207692074,-0.04999999999999938,0.5172226584568489,2.0,0.0,6.0,1.9861111111111112,0,0.0,0.9000000000000002,0.37222222222222245,0.40000000000000013,0.053405363688983215,4,
176,15,0.838617983337074,-1.35,0.5160379359644977,1.0,0.0,1.0,0.16666666666666666,0,0.0,0.7000000000000001,0.3023809523809525,0.30000000000000016,0.055025524673851384,4,
177,21,0.8377797845229938,-0.42500000000000027,0.5143310592862789,1.0,0.0,2.0,0.7666666666666667,0,0.0,0.8000000000000002,0.3466666666666668,0.35000000000000026,0.053837176993609334,4,
178,15,0.8369424234887681,-1.1,0.5131646547505202,1.0,0.0,1.0,0.4791666666666667,0,0.0,1.1,0.40833333333333344,0.40000000000000013,0.08538428137212331,4,
179,21,0.8361058993970355,-0.9750000000000003,0.5113787805992552,1.0,0.0,2.0,0.6296296296296297,0,0.0,0.9,0.36851851851851863,0.40000000000000013,0.060696397941680955,4,
180,45,0.835270211411272,0.12500000000000056,0.5088095245897748,1.0,0.0,6.0,2.0641025641025643,0,0.0,1.1000000000000005,0.4474358974358977,0.5000000000000001,0.07173598553345391,4,
181,27,0.8344353586957896,4.163336342344337e-16,0.5064215687261986,1.0,1.0,3.0,1.1944444444444444,0,0.7222222222222222,1.2000000000000002,0.44722222222222235,0.4500000000000002,0.09028747829442406,4,
182,27,0.8336013404157353,-0.35000000000000026,0.5043045605875836,1.0,0.0,3.0,1.1515151515151516,0,0.6060606060606061,1.1,0.437878787878788,0.4500000000000002,0.08570608495981628,4,
183,20,0.832768155737091,-0.55,0.5026489491748765,1.0,0.0,2.0,1.0,0,0.288135593220339,1.4,0.5661016949152542,0.6000000000000001,0.14126436781609192,4,
184,9,0.8319358038266718,-1.3,0.5016354666457712,1.0,0.0,0.0,0.0,0,0.0,0.7000000000000001,0.3111111111111112,0.30000000000000016,0.058810810810810805,4,
185,21,0.8311042838521256,-0.7500000000000002,0.5002374958478338,1.0,0.0,2.0,0.4791666666666667,0,0.0,0.8000000000000002,0.33333333333333354,0.30000000000000027,0.05849761181068172,4,
186,33,0.8302735949819326,-0.15000000000000024,0.49808701812900186,1.0,0.0,4.0,1.3888888888888888,0,0.4722222222222222,1.2000000000000002,0.41388888888888914,0.4000000000000002,0.07565502604669108,4,
187,15,0.8294437363854039,-0.9750000000000001,0.49703425713583493,2.0,0.0,1.0,0.21428571428571427,0,0.16666666666666666,0.7000000000000001,0.33095238095238105,0.3000000000000002,0.054072603516732834,4,
188,26,0.8286147072326806,-0.475,0.49526787746048284,2.0,0.0,3.0,1.0677966101694916,0,0.4406779661016949,1.2999999999999998,0.4949152542372881,0.5000000000000001,0.11712643678160913,4,
189,15,0.8277865066947336,-1.1750000000000003,0.49413661858568764,1.0,0.0,1.0,0.3333333333333333,0,0.3333333333333333,1.1,0.4023809523809525,0.40000000000000013,0.08742484401588202,4,
190,21,0.8269591339433623,-0.3750000000000004,0.4921770623151102,1.0,1.0,2.0,1.0303030303030303,0,0.4090909090909091,1.2,0.4742424242424243,0.45000000000000007,0.11981859931113656,4,
191,21,0.8261325881511938,-0.20000000000000007,0.4905919906903592,1.0,0.0,2.0,0.7833333333333333,0,0.0,1.0,0.4166666666666668,0.40000000000000024,0.07240900250069461,4,
192,21,0.8253068684916823,-1.2750000000000004,0.4893527721448081,1.0,0.0,2.0,0.6041666666666666,0,0.0,1.2,0.40833333333333344,0.40000000000000013,0.09538862353452017,4,
193,27,0.8244819741391082,-0.4500000000000003,0.487519762778917,1.0,0.0,3.0,1.0,0,0.0,0.8000000000000003,0.3469696969696972,0.35000000000000026,0.05523076923076922,4,
194,21,0.8236579042685769,-0.675,0.4861300348323355,1.0,0.0,2.0,0.6111111111111112,0,0.0,0.9,0.35740740740740756,0.40000000000000013,0.05987307032590051,4,
195,51,0.8228346580560184,0.10000000000000131,0.4844479918082698,1.0,0.0,7.0,2.641025641025641,0,0.0,1.2000000000000002,0.5166666666666669,0.5000000000000003,0.0957636034851225,4,
196,15,0.8220122346781865,-1.325,0.48327072091344414,1.0,0.0,1.0,0.3333333333333333,0,0.19047619047619047,1.2000000000000002,0.4023809523809525,0.40000000000000013,0.10457742484401589,4,
197,38,0.821190633312658,0.22500000000000075,0.4813319813357315,2.0,0.0,5.0,1.9154929577464788,0,0.6056338028169014,1.3999999999999995,0.6140845070422534,0.6000000000000001,0.14208333333333323,4,
198,27,0.8203698531378311,-0.7250000000000002,0.48005854297349043,1.0,0.0,3.0,0.8518518518518519,0,0.0,0.9000000000000002,0.36851851851851863,0.40000000000000013,0.06069639794168096,4,
199,26,0.8195498933329256,-0.8750000000000001,0.4786661947952842,1.0,0.0,3.0,1.1132075471698113,0,0.1320754716981132,1.5,0.5566037735849056,0.5000000000000001,0.16666666666666657,4,
200,26,0.8187307530779818,-0.12500000000000022,0.47709281796707603,2.0,0.0,3.0,1.323076923076923,0,0.2923076923076923,1.6,0.6199999999999999,0.6000000000000001,0.17794981060606052,4,
201,21,0.8179124315538594,-0.8250000000000003,0.4758006193966731,1.0,0.0,2.0,0.9666666666666667,0,0.11666666666666667,1.1,0.4666666666666668,0.5000000000000001,0.1002500694637399,4,
202,21,0.8170949279422366,-0.2500000000000002,0.4744223544276231,1.0,0.0,2.0,0.85,0,0.0,1.2,0.3966666666666668,0.4000000000000001,0.08667963323145315,4,
203,15,0.8162782414256099,-1.5,0.47349612166168953,1.0,0.0,1.0,0.2619047619047619,0,0.0,0.9,0.3595238095238097,0.40000000000000013,0.06863868406125921,4,
204,21,0.8154623711872927,-0.6750000000000004,0.47199856069291907,2.0,1.0,2.0,0.9830508474576272,0,0.13559322033898305,1.4,0.49491525423728816,0.4999999999999998,0.13747126436781607,4,
205,21,0.8146473164114145,-0.6500000000000002,0.4706126389062189,1.0,0.0,2.0,0.75,0,0.0,0.9000000000000002,0.3366666666666668,0.30000000000000027,0.05867185329258128,4,
206,33,0.8138330762829207,-0.6250000000000001,0.4690342114344693,1.0,0.0,4.0,1.2575757575757576,0,0.10606060606060606,1.1,0.39242424242424256,0.40000000000000013,0.07253501722158437,4,
207,15,0.813019649987571,-1.325,0.4679859776918687,1.0,0.0,1.0,0.23809523809523808,0,0.0,0.8000000000000002,0.34523809523809534,0.3500000000000002,0.061559841179807145,4,
208,21,0.812207036711939,-1.0750000000000002,0.46685742532118657,1.0,0.0,2.0,0.5208333333333334,0,0.0,0.8000000000000002,0.3583333333333335,0.40000000000000013,0.05870603560573165,4,
209,15,0.8113952356434114,-1.3,0.46578685024585986,1.0,0.0,1.0,0.2619047619047619,0,0.0,0.9,0.35952380952380963,0.40000000000000013,0.0686386840612592,4,
210,15,0.8105842459701871,-1.475,0.46471280942596893,1.0,0.0,1.0,0.3333333333333333,0,0.19047619047619047,1.2,0.4023809523809525,0.4000000000000001,0.10457742484401585,4,
211,15,0.8097740668812763,-1.1,0.46373191886301085,1.0,0.0,1.0,0.3541666666666667,0,0.0,0.8000000000000002,0.3333333333333334,0.3000000000000002,0.05849761181068172,4,
212,15,0.8089646975664998,-1.1500000000000001,0.46289597944352107,1.0,0.0,1.0,0.19047619047619047,0,0.0,0.7000000000000001,0.31666666666666676,0.30000000000000016,0.05475326148610323,4,
213,27,0.8081561372164884,-0.6500000000000002,0.46179068238120535,1.0,0.0,3.0,0.8888888888888888,0,0.0,1.0,0.39074074074074094,0.40000000000000013,0.07049399656946827,4,
214,15,0.8073483850226815,-0.5750000000000002,0.4606552404770024,2.0,1.0,1.0,0.5416666666666666,0,0.6666666666666666,1.2,0.44583333333333347,0.4500000000000001,0.09835866261398173,4,
215,15,0.8065414401773269,-1.125,0.45967645732403856,1.0,0.0,1.0,0.16666666666666666,0,0.0,0.7000000000000001,0.3023809523809525,0.30000000000000016,0.055025524673851384,4,
216,21,0.8057353018734796,-0.6500000000000001,0.4583355771663993,1.0,0.0,2.0,0.7962962962962963,0,0.16666666666666666,1.3000000000000003,0.4685185185185186,0.5000000000000001,0.11256603773584906,4,
217,15,0.8049299693050015,-1.225,0.45746968201297694,1.0,0.0,1.0,0.2619047619047619,0,0.0,0.9,0.3595238095238097,0.40000000000000013,0.06863868406125921,4,
218,15,0.8041254416665596,-1.0750000000000002,0.45650085810831037,1.0,0.0,1.0,0.23809523809523808,0,0.0,0.8000000000000002,0.34523809523809534,0.3500000000000002,0.061559841179807145,4,
219,44,0.8033217181536265,0.9750000000000014,0.4546167213432697,2.0,0.0,6.0,2.144578313253012,0,0.0,1.4999999999999996,0.5542168674698794,0.5000000000000001,0.13720092915214857,4,
220,27,0.8025187979624785,-0.5250000000000004,0.45334238658480314,2.0,0.0,3.0,0.8148148148148148,0,0.0,0.8000000000000002,0.34629629629629644,0.3500000000000002,0.05435677530017152,4,
221,26,0.8017166802901953,-0.050000000000000044,0.45188271348357895,1.0,0.0,3.0,1.1384615384615384,0,0.0,1.4,0.5092307692307693,0.5000000000000001,0.12209753787878783,4,
222,33,0.8009153643346592,-0.10000000000000031,0.4504198413155527,2.0,0.0,4.0,1.4027777777777777,0,0.0,1.2,0.4222222222222223,0.40000000000000013,0.09202392436812654,4,
223,44,0.8001148492945541,-0.07499999999999979,0.44887575345448416,1.0,0.0,6.0,2.2816901408450705,0,0.09859154929577464,1.6999999999999997,0.5887323943661968,0.5999999999999993,0.1658214285714284,4,
224,26,0.7993151343693651,-0.02499999999999966,0.44748323297556625,2.0,0.0,3.0,1.1846153846153846,0,0.2,1.5,0.4815384615384615,0.4999999999999998,0.12553503787878784,4,
225,21,0.7985162187593771,-0.4750000000000001,0.4465023780716393,3.0,0.0,2.0,0.6481481481481481,0,0.0,1.1,0.37962962962962976,0.40000000000000013,0.07683361921097769,4,
226,15,0.7977181016656743,-1.1,0.44566188623850467,1.0,0.0,1.0,0.16666666666666666,0,0.0,0.7000000000000001,0.3023809523809525,0.30000000000000016,0.055025524673851384,4,
227,15,0.7969207822901396,-1.325,0.44496291996392434,1.0,0.0,1.0,0.2857142857142857,0,0.0,1.0,0.3738095238095239,0.40000000000000013,0.0781678956324447,4,
228,21,0.7961242598354538,-0.8250000000000003,0.4436910380295146,2.0,0.0,2.0,0.6111111111111112,0,0.0,1.0,0.3574074074074075,0.3500000000000002,0.06876500857632933,4,
229,15,0.7953285335050939,-1.3750000000000002,0.44286975048964333,1.0,0.0,1.0,0.21428571428571427,0,0.0,0.7000000000000002,0.33095238095238105,0.3000000000000002,0.05693136698808847,4,
230,21,0.794533602503334,-0.7250000000000001,0.44184065443434206,1.0,0.0,2.0,0.7407407407407407,0,0.4444444444444444,1.1,0.43518518518518534,0.4500000000000002,0.08490222984562605,4,
231,44,0.7937394660352427,1.6750000000000007,0.4399167766987182,1.0,0.0,6.0,2.635514018691589,0,0.7570093457943925,1.3999999999999995,0.5757009345794392,0.5999999999999993,0.13250524109014666,4,
232,27,0.7929461233066837,-1.942890293094024e-16,0.43865693545221807,1.0,0.0,3.0,1.0555555555555556,0,0.0,0.8000000000000003,0.3638888888888891,0.40000000000000013,0.05620683002122322,4,
233,21,0.792153573524314,-0.9000000000000002,0.43779337164408505,1.0,0.0,2.0,0.5208333333333334,0,0.0,0.8000000000000002,0.3583333333333335,0.40000000000000013,0.05870603560573165,4,
234,51,0.7913618158955839,0.8500000000000001,0.43597485118960944,2.0,0.0,7.0,2.5,0,0.21875,1.2000000000000002,0.4354166666666669,0.40000000000000024,0.08729679869777535,4,
235,21,0.7905708496287356,-0.3500000000000002,0.4349777030449702,1.0,0.0,2.0,0.7222222222222222,0,0.12962962962962962,0.9,0.4240740740740742,0.4500000000000002,0.06777701543739277,4,
236,15,0.7897806739328027,-0.42500000000000004,0.4341109524493723,1.0,0.0,1.0,0.5740740740740741,0,0.25925925925925924,1.1,0.4018518518518519,0.40000000000000013,0.07946826758147513,4,
237,39,0.7889912880176096,0.4499999999999997,0.4327630023944813,1.0,0.0,5.0,1.7564102564102564,0,0.08974358974358974,1.1,0.4474358974358976,0.5000000000000001,0.06711984218313331,4,
238,57,0.7882026910937704,1.4250000000000007,0.430903114887754,2.0,0.0,8.0,2.8823529411764706,0,0.0,1.2000000000000004,0.45392156862745126,0.5000000000000001,0.07641353455733924,4,
239,9,0.7874148823726879,-1.475,0.43023975932964087,2.0,0.0,0.0,0.0,0,0.0,0.7000000000000001,0.3111111111111112,0.30000000000000016,0.058810810810810805,4,
240,26,0.7866278610665535,-0.37500000000000033,0.42917375985682915,2.0,0.0,3.0,1.0677966101694916,0,0.0,1.2999999999999998,0.49491525423728816,0.5,0.11712643678160914,4,
241,15,0.7858416263883455,-0.30000000000000004,0.42805629005599943,2.0,0.0,1.0,0.5370370370370371,0,0.2962962962962963,1.2000000000000002,0.37962962962962976,0.35000000000000014,0.09017152658662092,4,
242,15,0.7850561775518295,-0.775,0.42706151106360807,1.0,0.0,1.0,0.5925925925925926,0,0.4074074074074074,1.1,0.41296296296296303,0.4000000000000002,0.07930360205831903,4,
243,21,0.7842715137715565,-0.6000000000000001,0.4259927149228087,1.0,0.0,2.0,0.75,0,0.0,1.0,0.39666666666666683,0.4000000000000002,0.06667407613225895,4,
244,27,0.7834876342628625,-0.375,0.425050574573657,1.0,0.0,3.0,0.9166666666666666,0,0.11666666666666667,1.1,0.3766666666666668,0.40000000000000013,0.0781439288691303,4,
245,9,0.7827045382418681,-1.35,0.42450451819199697,1.0,0.0,0.0,0.0,0,0.0,0.7000000000000001,0.3111111111111112,0.30000000000000016,0.058810810810810805,4,
246,21,0.7819222249254772,-0.7500000000000001,0.4235341540627159,1.0,0.0,2.0,0.5740740740740741,0,0.0,0.7000000000000002,0.33518518518518536,0.30000000000000027,0.05081646655231561,4,
247,21,0.7811406935313765,-0.5500000000000003,0.42258255635481234,1.0,0.0,2.0,0.8,0,0.0,1.1,0.4266666666666668,0.40000000000000024,0.0799777716032231,4,
248,15,0.7803599432780343,-1.3249999999999997,0.42194992422753974,1.0,0.0,1.0,0.2619047619047619,0,0.0,0.9,0.3595238095238097,0.40000000000000013,0.06863868406125921,4,
249,39,0.7795799733847004,0.8250000000000007,0.4205808152476778,1.0,0.0,5.0,1.7976190476190477,0,0.15476190476190477,1.2000000000000002,0.48333333333333345,0.5000000000000001,0.07687597448618,4,
250,15,0.7788007830714049,-1.35,0.4200407413342839,1.0,0.0,1.0,0.23809523809523808,0,0.0,0.8000000000000002,0.34523809523809534,0.3500000000000002,0.061559841179807145,4,
251,21,0.7780223715589573,-0.4750000000000004,0.4191749794583418,1.0,0.0,2.0,0.9,0,0.0,1.1,0.4266666666666668,0.40000000000000024,0.0799777716032231,4,
252,15,0.7772447380689461,-0.9750000000000001,0.418584729962667,1.0,0.0,1.0,0.4375,0,0.14583333333333334,0.9,0.38333333333333347,0.40000000000000013,0.06266608771168042,4,
253,21,0.7764678818237378,-0.8250000000000001,0.4176770781525918,1.0,0.0,2.0,0.6296296296296297,0,0.0,0.8000000000000002,0.36851851851851863,0.40000000000000013,0.05847341337907375,4,
254,33,0.775691802046476,-0.1500000000000003,0.41672072144744576,1.0,0.0,4.0,1.5774647887323943,0,0.19718309859154928,1.7000000000000002,0.5380281690140846,0.5000000000000001,0.17055952380952377,4,
255,21,0.774916497961081,-0.2000000000000003,0.41566367318631015,1.0,0.0,2.0,0.7166666666666667,0,0.25,1.0,0.3766666666666668,0.40000000000000013,0.06614059460961377,4,
256,27,0.7741419687922484,-0.25000000000000017,0.41457754466998475,1.0,0.0,3.0,1.2575757575757576,0,0.12121212121212122,1.2,0.5015151515151516,0.5000000000000001,0.10774971297359355,4,
257,21,0.7733682137654491,-1.0250000000000004,0.4137497574222285,1.0,0.0,2.0,0.4583333333333333,0,0.0,0.7000000000000002,0.32083333333333347,0.30000000000000016,0.054172818063395564,4,
258,62,0.772595232106928,0.9750000000000021,0.4122198450505454,2.0,0.0,9.0,3.4210526315789473,0,0.0,1.2,0.5789473684210529,0.6000000000000001,0.10504210992907798,4,
259,26,0.7718230230437034,-0.30000000000000027,0.41119382826835,1.0,0.0,3.0,1.2372881355932204,0,0.3559322033898305,1.4,0.5966101694915252,0.6000000000000001,0.15054022988505736,4,
260,38,0.7710515858035663,0.0249999999999993,0.41016379983609164,1.0,0.0,5.0,1.9610389610389611,0,0.2077922077922078,1.2999999999999998,0.6012987012987013,0.6000000000000001,0.11807017543859646,4,
261,21,0.7702809196150792,-0.5500000000000004,0.4093623125430416,1.0,0.0,2.0,0.7222222222222222,0,0.35185185185185186,1.1,0.4240740740740742,0.4000000000000003,0.08111492281303599,4,
262,21,0.7695110237075758,-0.7000000000000002,0.4085158509909111,1.0,0.0,2.0,0.9833333333333333,0,0.65,1.2000000000000002,0.4766666666666668,0.5000000000000001,0.11882189497082522,4,
263,32,0.7687418973111603,-0.47500000000000053,0.40762042951511795,2.0,0.0,4.0,1.476923076923077,0,0.1076923076923077,1.5,0.5553846153846154,0.5999999999999998,0.13573390151515147,4,
264,15,0.7679735396567061,-0.7999999999999999,0.40678553132315565,1.0,0.0,1.0,0.5185185185185185,0,0.0,0.9,0.36851851851851863,0.40000000000000013,0.06514236706689537,4,
265,33,0.7672059499758557,0.3499999999999995,0.40545297008312814,1.0,0.0,4.0,1.6867469879518073,0,0.24096385542168675,1.5,0.5180722891566265,0.5000000000000001,0.12390824622531935,4,
266,45,0.7664391275010192,0.05000000000000082,0.4042413174316264,1.0,0.0,6.0,2.138888888888889,0,0.0,1.2000000000000004,0.4638888888888892,0.5000000000000001,0.0801003279953695,4,
267,63,0.7656730714653739,3.100000000000003,0.4024004263799815,2.0,0.0,9.0,3.58,0,0.4533333333333333,1.2000000000000002,0.4886666666666668,0.5000000000000001,0.08180852482332547,4,
268,26,0.764907781102864,-0.6000000000000003,0.4016282206203109,1.0,0.0,3.0,1.0566037735849056,0,0.0,1.4,0.5226415094339623,0.5000000000000001,0.1376495726495726,4,
269,33,0.764143255648199,-0.3750000000000002,0.40062764992265876,1.0,0.0,4.0,1.1818181818181819,0,0.0,0.8000000000000003,0.3469696969696972,0.35000000000000026,0.053412169919632595,4,
270,21,0.7633794943368531,-0.5750000000000002,0.3999017966881322,1.0,0.0,2.0,0.6481481481481481,0,0.0,0.9000000000000002,0.37962962962962976,0.40000000000000013,0.06349571183533448,4,
271,21,0.7626164964050653,-0.4500000000000002,0.3990538578492385,1.0,0.0,2.0,0.7666666666666667,0,0.0,1.0,0.4066666666666668,0.40000000000000013,0.0746429563767713,4,
272,26,0.7618542610898376,-0.5250000000000002,0.39819183205066866,1.0,0.0,3.0,1.0566037735849056,0,0.0,1.2999999999999998,0.5226415094339623,0.5000000000000001,0.13311965811965804,4,
273,21,0.7610927876289343,-0.5,0.3973429528180768,2.0,0.0,2.0,0.7333333333333333,0,0.0,1.0,0.3866666666666669,0.40000000000000013,0.06850791886635176,4,
274,21,0.7603320752608821,-0.10000000000000034,0.39627842639703625,1.0,0.0,2.0,0.9583333333333334,0,0.0,1.0,0.40555555555555567,0.40000000000000013,0.06748215319313138,4,
275,33,0.7595721232249685,-0.2250000000000003,0.39523982036924393,1.0,0.0,4.0,1.4861111111111112,0,0.09722222222222222,1.1,0.4722222222222224,0.5000000000000001,0.1006366968936909,4,
276,21,0.7588129307612413,-0.6500000000000001,0.3944558457597489,1.0,0.0,2.0,0.6666666666666666,0,0.0,1.1,0.39074074074074083,0.40000000000000013,0.08160891938250428,4,
277,27,0.7580544971105083,-0.4750000000000003,0.3935432322012399,1.0,0.0,3.0,0.9333333333333333,0,0.0,1.0,0.3866666666666669,0.40000000000000013,0.06850791886635176,4,
278,57,0.7572968215143355,2.000000000000002,0.39221944784310125,2.0,0.0,8.0,2.9469026548672566,0,0.4778761061946903,1.2999999999999998,0.5849557522123895,0.6000000000000001,0.0977459273182957,4,
279,51,0.7565399032150474,0.17500000000000154,0.39108642377471603,2.0,0.0,7.0,2.5128205128205128,0,0.0,1.1,0.4397435897435899,0.40000000000000024,0.08779385171790233,4,
280,57,0.7557837414557255,0.5500000000000008,0.390078971852538,1.0,0.0,8.0,2.8777777777777778,0,0.0,1.2999999999999998,0.46111111111111125,0.45000000000000007,0.09127670082726257,4,
281,21,0.755028335480208,0.049999999999999656,0.389247746647216,2.0,0.0,2.0,0.9,0,0.6,1.1,0.42666666666666686,0.4000000000000003,0.0779772158933037,4,
282,21,0.754273684533089,-0.625,0.38852202634130323,1.0,0.0,2.0,0.65,0,0.0,0.7000000000000002,0.3366666666666668,0.30000000000000027,0.05066963045290358,4,
283,15,0.7535197878597172,-1.0999999999999999,0.38796823840604405,1.0,0.0,1.0,0.375,0,0.0,0.8000000000000002,0.3458333333333335,0.3500000000000002,0.05750759878419453,4,
284,62,0.7527666447061963,0.650000000000001,0.386895628828454,2.0,0.0,9.0,3.764044943820225,0,0.0898876404494382,1.4,0.7157303370786513,0.7000000000000001,0.1617954545454544,4,
285,56,0.7520142543193826,1.4500000000000013,0.38561196087404376,2.0,0.0,8.0,2.9306930693069306,0,0.8316831683168316,1.4,0.5891089108910891,0.6000000000000001,0.1306862745098038,4,
286,44,0.751262615946886,0.8250000000000011,0.38444913084187726,1.0,0.0,6.0,2.536842105263158,0,0.16842105263157894,1.4,0.5978947368421053,0.6000000000000001,0.11811391843971625,4,
287,21,0.750511728837068,-0.42500000000000016,0.3837361946951629,1.0,0.0,2.0,0.7407407407407407,0,0.0,1.2000000000000002,0.43518518518518534,0.4000000000000002,0.09157118353344766,4,
288,15,0.7497615922390413,-0.85,0.38304771921422737,1.0,0.0,1.0,0.5370370370370371,0,0.0,1.0,0.37962962962962976,0.40000000000000013,0.07238765008576328,4,
289,15,0.7490122054026693,-1.3,0.3824105171997764,1.0,0.0,1.0,0.5416666666666666,0,0.2916666666666667,1.1,0.44583333333333347,0.4500000000000001,0.1058619192357794,4,
290,15,0.7482635675785653,-1.35,0.3819134373477686,1.0,0.0,1.0,0.2619047619047619,0,0.0,0.9,0.3595238095238097,0.40000000000000013,0.06863868406125921,4,
291,27,0.747515678018091,-0.02500000000000041,0.38113007609811583,2.0,0.0,3.0,1.2361111111111112,0,0.3611111111111111,1.2000000000000002,0.4722222222222223,0.5000000000000001,0.10563766158595406,4,
292,15,0.7467685359733571,-0.9750000000000001,0.3807296569529573,2.0,0.0,1.0,0.21428571428571427,0,0.0,0.7000000000000002,0.33095238095238105,0.3000000000000002,0.05693136698808848,4,
293,15,0.7460221406972215,-1.225,0.3803138650359715,1.0,0.0,1.0,0.16666666666666666,0,0.0,0.7000000000000001,0.3023809523809525,0.30000000000000016,0.055025524673851384,4,
294,26,0.7452764914432887,-0.5000000000000004,0.37949352091169547,1.0,0.0,3.0,1.2769230769230768,0,0.1076923076923077,1.4,0.5369230769230768,0.5000000000000001,0.14113162878787872,4,
295,21,0.7445315874659094,-0.3500000000000004,0.37886257208926494,1.0,0.0,2.0,0.8148148148148148,0,0.12962962962962962,1.2,0.47962962962962974,0.5000000000000001,0.10425042881646653,4,
296,57,0.7437874280201796,0.8500000000000012,0.3777616272435142,1.0,0.0,8.0,2.625,0,0.0,0.9000000000000005,0.36041666666666694,0.40000000000000013,0.05448073792729244,4,
297,27,0.7430440123619398,-0.4500000000000002,0.3770999345516911,2.0,0.0,3.0,1.05,0,0.0,1.1,0.4566666666666668,0.5000000000000001,0.08547929980550152,4,
298,20,0.7423013397477743,-0.925,0.3764766735155446,1.0,0.0,2.0,0.7735849056603774,0,0.1509433962264151,1.2,0.47735849056603774,0.4999999999999998,0.11499999999999995,4,
299,51,0.7415594094350105,0.8500000000000012,0.37524045517122595,1.0,0.0,7.0,2.375,0,0.0,1.0000000000000007,0.47291666666666704,0.5000000000000002,0.06823223005968532,4,
300,15,0.7408182206817179,-0.8250000000000001,0.37469538749629305,1.0,0.0,1.0,0.21428571428571427,0,0.0,0.7000000000000002,0.33095238095238105,0.3000000000000002,0.05693136698808848,4,
301,21,0.7400777727467076,-0.15000000000000002,0.3738562950835874,1.0,1.0,2.0,0.9393939393939394,0,0.22727272727272727,1.2,0.41969696969696973,0.4000000000000002,0.08493455797933407,4,
302,45,0.7393380648895319,0.37500000000000067,0.3730783816005182,1.0,0.0,6.0,2.0,0,0.0,1.0,0.38055555555555576,0.40000000000000013,0.06546787574763649,4,
303,15,0.7385990963704826,-1.5,0.3725709415701437,1.0,0.0,1.0,0.3333333333333333,0,0.19047619047619047,1.2,0.4023809523809525,0.4000000000000001,0.10457742484401585,4,
304,62,0.7378608664505911,2.575000000000002,0.37099156923302945,1.0,0.0,9.0,3.6176470588235294,0,1.2720588235294117,1.6,0.6713235294117647,0.6000000000000003,0.1551419302514192,4,
305,38,0.7371233743916278,1.2249999999999996,0.3698063355718111,1.0,0.0,5.0,2.3069306930693068,0,0.9801980198019802,1.5,0.6247524752475248,0.6000000000000001,0.133756862745098,4,
306,15,0.7363866194561001,-0.9750000000000001,0.36933112611075924,1.0,0.0,1.0,0.2619047619047619,0,0.0,0.9,0.3595238095238097,0.40000000000000013,0.06863868406125921,4,
307,45,0.7356506009072533,0.8250000000000004,0.36844857505048323,1.0,0.0,6.0,2.119047619047619,0,0.0,1.1,0.46190476190476215,0.5000000000000001,0.07141601700921331,4,
308,39,0.7349153180090687,0.30000000000000027,0.3676756474810857,1.0,0.0,5.0,1.5769230769230769,0,0.0,0.9000000000000002,0.38589743589743625,0.40000000000000024,0.05532303139898076,4,
309,27,0.7341807700262634,-0.6750000000000003,0.36712026948616716,1.0,0.0,3.0,0.8703703703703703,0,0.0,0.9000000000000002,0.37962962962962976,0.40000000000000013,0.06349571183533446,4,
310,21,0.7334469562242892,-1.0250000000000001,0.36656826021083144,1.0,0.0,2.0,0.4583333333333333,0,0.0,0.7000000000000001,0.32083333333333347,0.3000000000000002,0.05167173252279635,4,
311,21,0.7327138758693325,-0.6500000000000001,0.3660637960202603,1.0,0.0,2.0,0.4791666666666667,0,0.0,0.7000000000000002,0.3333333333333335,0.30000000000000027,0.05349544072948329,4,
312,15,0.7319815282283126,-1.125,0.36560044728272917,1.0,0.0,1.0,0.19047619047619047,0,0.0,0.7000000000000001,0.31666666666666676,0.30000000000000016,0.05475326148610323,4,
313,27,0.731249912568882,0.049999999999999656,0.36479393837738705,1.0,0.0,3.0,1.1666666666666667,0,0.0,0.9000000000000002,0.3705128205128208,0.40000000000000013,0.056191024165707704,4,
314,15,0.7305190281594249,-1.025,0.3642621177834175,1.0,0.0,1.0,0.3958333333333333,0,0.0,0.8000000000000002,0.3583333333333335,0.40000000000000013,0.05870603560573165,4,
315,38,0.7297888742690568,0.05000000000000093,0.3635285518252392,1.0,0.0,5.0,1.7183098591549295,0,0.43661971830985913,1.2999999999999998,0.495774647887324,0.5000000000000001,0.10267857142857138,4,
316,33,0.7290594501676237,0.07500000000000001,0.3628143102710391,1.0,0.0,4.0,1.2727272727272727,0,0.0,0.9,0.4015151515151517,0.4000000000000002,0.06167853042479906,4,
317,21,0.7283307551257017,-0.3250000000000002,0.3620979691635663,1.0,0.0,2.0,0.9,0,0.0,1.2,0.48666666666666675,0.5000000000000001,0.10318421783828839,4,
318,27,0.7276027884145955,-0.35000000000000014,0.36142060665051756,2.0,0.0,3.0,1.05,0,0.5666666666666667,1.1,0.4566666666666668,0.5000000000000001,0.09148096693525977,4,
319,21,0.7268755493063382,0.0249999999999998,0.360769821007204,1.0,0.0,2.0,0.8787878787878788,0,0.0,1.0,0.38333333333333347,0.40000000000000013,0.06504018369690011,4,
320,39,0.7261490370736909,0.4000000000000004,0.3598775523133826,1.0,0.0,5.0,1.75,0,0.16666666666666666,1.2,0.4547619047619049,0.5,0.08082211197732102,4,
321,21,0.7254232509901412,-1.0750000000000002,0.3594348007257908,1.0,0.0,2.0,0.5625,0,0.0,0.9,0.38333333333333347,0.40000000000000013,0.06766825879287884,4,
322,21,0.7246981903299029,-0.7250000000000002,0.35897118884948387,1.0,0.0,2.0,0.6296296296296297,0,0.0,1.0,0.36851851851851863,0.40000000000000013,0.06958833619210976,4,
323,21,0.7239738543679153,0.24999999999999972,0.3582900387407221,2.0,0.0,2.0,0.9305555555555556,0,0.0,1.0,0.38888888888888895,0.40000000000000013,0.0740574956588848,4,
324,21,0.7232502423798424,-0.25000000000000006,0.3576302005608053,2.0,0.0,2.0,0.8939393939393939,0,0.10606060606060606,1.1,0.39242424242424256,0.40000000000000013,0.07071641791044773,4,
325,27,0.7225273536420722,0.19999999999999934,0.35696927327603645,1.0,0.0,3.0,1.3380281690140845,0,0.647887323943662,1.4,0.5464788732394368,0.5000000000000006,0.11913095238095232,4,
326,27,0.7218051874317158,0.8250000000000004,0.3561239284900084,1.0,0.0,3.0,1.2976190476190477,0,0.39285714285714285,1.1,0.44047619047619063,0.4500000000000002,0.07646775336640678,4,
327,50,0.721083743026607,0.9250000000000027,0.3552916814604046,2.0,1.0,7.0,3.234042553191489,0,0.40425531914893614,2.3999999999999995,0.917021276595744,0.7000000000000001,0.4759343520090545,4,
328,27,0.7203630197053014,-4.440892098500626e-16,0.3547235982148817,1.0,0.0,3.0,1.1944444444444444,0,0.1111111111111111,1.2000000000000002,0.4472222222222224,0.4500000000000003,0.0819525371406521,4,
329,27,0.7196430167470754,-0.6250000000000002,0.3540584650172382,1.0,0.0,3.0,0.9166666666666666,0,0.0,1.2,0.37666666666666665,0.3500000000000001,0.08414559599888856,4,
330,38,0.7189237334319262,-0.5000000000000007,0.3533081609326445,1.0,0.0,5.0,2.0422535211267605,0,0.7887323943661971,1.6999999999999997,0.6901408450704223,0.6999999999999988,0.2085357142857141,4,
331,63,0.7182051690405703,1.3750000000000007,0.3522688003199541,2.0,0.0,9.0,3.3958333333333335,0,0.07291666666666667,1.2,0.5229166666666667,0.5000000000000003,0.08844275637547473,4,
332,27,0.7174873228544433,-0.8000000000000003,0.3517407205800611,2.0,0.0,3.0,0.95,0,0.0,1.3,0.3966666666666667,0.4,0.10068352320088911,4,
333,27,0.716770194155699,-0.12500000000000014,0.35108126651241844,1.0,0.0,3.0,1.2461538461538462,0,0.2153846153846154,1.6999999999999997,0.5092307692307693,0.40000000000000024,0.1738020833333332,4,
334,45,0.7160537822272085,0.7750000000000007,0.35015944664538645,2.0,0.0,6.0,1.9111111111111112,0,0.0,1.0000000000000004,0.4011111111111115,0.40000000000000024,0.06167304605506853,4,
335,27,0.7153380863525599,1.1102230246251565e-16,0.3493893313023899,1.0,0.0,3.0,1.3461538461538463,0,0.6153846153846154,1.1,0.43205128205128224,0.40000000000000024,0.0821913529508466,4,
336,15,0.7146231058160573,-1.375,0.34896825189987357,1.0,0.0,1.0,0.21428571428571427,0,0.0,0.7000000000000002,0.33095238095238105,0.3000000000000002,0.05693136698808848,4,
337,21,0.71390883990272,-0.6500000000000001,0.3485328258243336,2.0,0.0,2.0,0.5925925925925926,0,0.0,0.9,0.3462962962962964,0.3500000000000002,0.061025728987993126,4,
338,27,0.7131952878982822,-0.6250000000000002,0.34798717974256255,1.0,0.0,3.0,0.8666666666666667,0,0.0,0.8000000000000002,0.34666666666666685,0.35000000000000026,0.053837176993609334,4,
339,21,0.7124824490891918,0.024999999999999883,0.3474704967009383,1.0,0.0,2.0,0.8636363636363636,0,0.0,1.0,0.42878787878787894,0.4500000000000002,0.07176349024110217,4,
340,80,0.7117703227626097,2.3000000000000034,0.34643187382125307,2.0,0.0,12.0,4.823008849557522,0,0.0,1.5999999999999996,0.6433628318584069,0.6000000000000002,0.1417590852130325,4,
341,21,0.7110589082064097,-0.7500000000000001,0.34600106800868297,1.0,0.0,2.0,0.5625,0,0.0,1.0,0.38333333333333347,0.40000000000000013,0.07267042987407728,4,
342,32,0.7103482047091773,0.34999999999999987,0.3452992928434932,2.0,0.0,4.0,1.7469879518072289,0,0.3253012048192771,1.7999999999999998,0.56144578313253,0.5000000000000001,0.1725145180023227,4,
343,56,0.7096382115602087,3.2250000000000014,0.3441107267237317,2.0,0.0,8.0,3.0839160839160837,0,0.7482517482517482,1.2999999999999998,0.6153846153846154,0.6000000000000002,0.0980897887323943,4,
344,32,0.7089289280495107,-0.30000000000000027,0.34347827312318385,1.0,0.0,4.0,1.5492957746478873,0,0.11267605633802817,1.6999999999999997,0.5887323943661971,0.5999999999999994,0.1573690476190475,4,
345,33,0.7082203534678,-0.27500000000000024,0.34304248233441426,1.0,0.0,4.0,1.3636363636363635,0,0.0,1.1,0.4560606060606062,0.5000000000000001,0.07854190585533868,4,
346,21,0.7075124871065016,-0.10000000000000016,0.3424337671309961,1.0,0.0,2.0,0.8939393939393939,0,0.10606060606060606,1.1,0.39242424242424256,0.40000000000000013,0.07253501722158438,4,
347,33,0.7068053282577494,-0.2500000000000002,0.34184242540338966,2.0,0.0,4.0,1.4090909090909092,0,0.0,1.2000000000000002,0.48333333333333345,0.5000000000000001,0.10383696900114808,4,
348,9,0.7060988762143844,-1.4500000000000002,0.3415443480556031,1.0,0.0,0.0,0.0,0,0.0,0.7000000000000001,0.3111111111111112,0.30000000000000016,0.058810810810810805,4,
349,27,0.7053931302699543,-1.1102230246251565e-16,0.3410146100274489,2.0,0.0,3.0,1.0757575757575757,0,0.3484848484848485,1.1,0.4469696969696972,0.5000000000000001,0.07584156142365096,4,
350,39,0.7046880897187134,-0.07499999999999965,0.34041716503580144,1.0,0.0,5.0,1.6527777777777777,0,0.0,1.0,0.42222222222222244,0.4000000000000003,0.0686860891375651,4,
351,21,0.703983753855621,-0.7250000000000001,0.339961387428397,1.0,0.0,2.0,0.7222222222222222,0,0.14814814814814814,1.2000000000000002,0.4240740740740742,0.40000000000000013,0.10334476843910806,4,
352,21,0.7032801219763409,-1.0500000000000003,0.3395427614211826,1.0,0.0,2.0,0.625,0,0.0,1.1,0.42083333333333345,0.40000000000000013,0.09002171081198436,4,
353,56,0.7025771933772416,0.17500000000000046,0.338715254595077,1.0,0.0,8.0,3.146067415730337,0,0.7078651685393258,2.3000000000000003,0.6617977528089883,0.5999999999999993,0.28868939393939386,4,
354,15,0.701874967355394,-0.7,0.33834795885929814,1.0,0.0,1.0,0.3333333333333333,0,0.0,0.7000000000000001,0.3208333333333335,0.3000000000000002,0.05167173252279635,4,
355,62,0.7011734432085724,1.7000000000000024,0.33748189227353054,2.0,0.0,9.0,3.364485981308411,0,0.5420560747663551,1.2999999999999998,0.6261682242990654,0.6000000000000002,0.10661425576519908,4,
356,57,0.7004726202352524,2.6500000000000026,0.3365875682042435,2.0,0.0,8.0,3.5952380952380953,0,0.31746031746031744,1.3000000000000005,0.5246031746031748,0.5000000000000003,0.08805102362204725,4,
357,21,0.699772497734611,-0.05000000000000032,0.33607389309172,1.0,1.0,2.0,1.0303030303030303,0,0.0,1.2,0.4742424242424243,0.45000000000000007,0.11981859931113659,4,
358,39,0.6990730750065257,1.5499999999999998,0.33519493368124176,1.0,0.0,5.0,2.2222222222222223,0,0.2777777777777778,1.1,0.4370370370370372,0.40000000000000063,0.06307811026322556,4,
359,27,0.6983743513515736,-0.20000000000000023,0.33477234166739395,1.0,0.0,3.0,0.9166666666666666,0,0.0,0.8000000000000002,0.37666666666666687,0.40000000000000013,0.05613781606001666,4,
360,56,0.697676326071031,0.4500000000000004,0.33405772035574693,2.0,0.0,8.0,3.0,0,0.07865168539325842,1.6999999999999997,0.5741573033707862,0.5000000000000001,0.14620454545454528,4,
361,45,0.6969789984668727,1.200000000000001,0.3332466466026306,1.0,0.0,6.0,2.267326732673267,0,0.3564356435643564,1.2999999999999998,0.5534653465346534,0.5000000000000002,0.1072509803921568,4,
362,50,0.696282367841771,1.3250000000000008,0.33244784774947983,1.0,0.0,7.0,2.68,0,0.49,1.2999999999999998,0.619,0.6000000000000001,0.11975097509750972,4,
363,27,0.6955864334990951,0.14999999999999963,0.33189417773275876,1.0,0.0,3.0,1.3194444444444444,0,0.0,1.1,0.42222222222222233,0.40000000000000024,0.07868801852209142,4,
364,15,0.6948911947429106,-1.225,0.33156778617366983,1.0,0.0,1.0,0.16666666666666666,0,0.0,0.7000000000000001,0.3023809523809525,0.30000000000000016,0.055025524673851384,4,
365,56,0.6941966508779789,1.1000000000000005,0.33074327879057175,1.0,0.0,8.0,3.0660377358490565,0,0.6981132075471698,1.6,0.7113207547169809,0.7000000000000001,0.151394748553627,4,
366,21,0.6935028012097558,-0.3750000000000002,0.33014612252250414,1.0,0.0,2.0,1.1527777777777777,0,0.4027777777777778,1.2000000000000002,0.4722222222222224,0.5000000000000001,0.09230175573991896,4,
367,27,0.6928096450443917,-0.17500000000000018,0.3295445152313578,1.0,0.0,3.0,1.2777777777777777,0,0.20833333333333334,1.2000000000000002,0.4972222222222223,0.5000000000000001,0.10640169785838317,4,
368,44,0.6921171816887304,-0.3249999999999999,0.32894572188299737,1.0,0.0,6.0,2.4225352112676055,0,0.09859154929577464,2.0,0.6732394366197179,0.5000000000000001,0.2975119047619047,4,
369,39,0.6914254104503085,1.2000000000000004,0.3282512407988852,2.0,0.0,5.0,2.09375,0,0.19791666666666666,1.1,0.49166666666666686,0.5000000000000001,0.08264785675529028,4,
370,27,0.6907343306373547,-0.3250000000000003,0.327793752449877,2.0,0.0,3.0,0.9848484848484849,0,0.0,1.1,0.39242424242424256,0.40000000000000013,0.08344661308840412,4,
371,33,0.690043941558789,0.07499999999999973,0.32728949182500144,1.0,0.0,4.0,1.375,0,0.18055555555555555,1.1,0.40555555555555567,0.40000000000000013,0.07748408257765771,4,
372,15,0.6893542425242224,-1.0,0.32700441321305007,1.0,0.0,1.0,0.4583333333333333,0,0.0,1.1,0.3958333333333334,0.40000000000000013,0.08293530178028657,4,
373,45,0.6886652328439558,0.7750000000000006,0.3264042081765706,2.0,0.0,6.0,2.2023809523809526,0,0.4642857142857143,1.3000000000000003,0.5119047619047621,0.5000000000000001,0.11844649184975194,4,
374,39,0.6879769118289795,0.7500000000000008,0.32589068497398643,1.0,0.0,5.0,1.6666666666666667,0,0.24358974358974358,0.9000000000000002,0.3935897435897438,0.40000000000000024,0.05548084826565839,4,
375,27,0.6872892787909722,0.5999999999999994,0.3252606648913028,2.0,0.0,3.0,1.4777777777777779,0,0.0,1.2000000000000002,0.46111111111111125,0.4500000000000001,0.09127670082726261,4,
376,45,0.686602333042301,1.2250000000000005,0.3245661044252536,2.0,0.0,6.0,2.0833333333333335,0,0.0,1.2000000000000002,0.48541666666666683,0.5000000000000001,0.08875529028757459,4,
377,75,0.6859160738960202,1.9750000000000019,0.32367266747122286,1.0,0.0,11.0,4.035087719298246,0,0.0,1.1,0.44298245614035103,0.4500000000000003,0.06508734128510964,4,
378,15,0.6852305006658703,-0.75,0.3233443007962051,2.0,0.0,1.0,0.3125,0,0.0,0.7000000000000001,0.30833333333333346,0.30000000000000016,0.05203647416413374,4,
379,27,0.6845456126662782,0.2749999999999996,0.32272782071707967,2.0,0.0,3.0,1.4698795180722892,0,0.5301204819277109,1.4,0.5180722891566266,0.5000000000000001,0.0993263646922183,4,
380,33,0.6838614092123558,-0.40000000000000047,0.3223302424682901,2.0,0.0,4.0,1.2727272727272727,0,0.10606060606060606,1.2000000000000002,0.40151515151515166,0.40000000000000013,0.07986452353616533,4,
381,27,0.6831778896198997,0.8249999999999997,0.32175565536701345,1.0,0.0,3.0,1.3888888888888888,0,0.07777777777777778,1.2,0.4077777777777779,0.40000000000000013,0.07761575503148534,4,
382,21,0.6824950532053901,-3.3306690738754696e-16,0.3213012022898686,1.0,1.0,2.0,0.8939393939393939,0,0.19696969696969696,1.1,0.4469696969696972,0.5000000000000001,0.07584156142365095,4,
383,27,0.6818128992859905,-0.6250000000000002,0.3209429223701492,1.0,0.0,3.0,1.0333333333333334,0,0.0,1.2,0.4466666666666669,0.45000000000000023,0.08851347596554597,4,
384,21,0.6811314271795471,-0.6000000000000002,0.320457109824695,1.0,0.0,2.0,0.8166666666666667,0,0.13333333333333333,1.2000000000000002,0.4366666666666668,0.40000000000000013,0.10135037510419559,4,
385,63,0.6804506362045877,1.6500000000000021,0.31976120111854445,1.0,1.0,9.0,3.3805309734513274,0,0.07079646017699115,1.2999999999999998,0.5902654867256639,0.6000000000000002,0.10000156641604008,4,
386,33,0.679770525680321,0.5499999999999996,0.3192190940479778,1.0,0.0,4.0,1.3095238095238095,0,0.0,1.0000000000000002,0.36190476190476206,0.40000000000000013,0.056652019844082205,4,
387,33,0.6790910949266368,0.17499999999999974,0.31874205044128023,2.0,0.0,4.0,1.4583333333333333,0,0.09722222222222222,1.1,0.5055555555555556,0.5000000000000002,0.09470962762878639,4,
388,33,0.678412343264104,0.5499999999999992,0.3181839748520199,2.0,0.0,4.0,1.5238095238095237,0,0.0,1.2,0.4476190476190477,0.4500000000000001,0.08155350815024803,4,
389,27,0.6777342700139711,-0.5250000000000001,0.3178646193009836,1.0,0.0,3.0,0.8888888888888888,0,0.0,0.9000000000000002,0.39074074074074094,0.40000000000000013,0.06827101200686106,4,
390,63,0.6770568744981647,1.8000000000000014,0.3169946370574362,1.0,0.0,9.0,3.4789915966386555,0,0.17647058823529413,1.9,0.6134453781512605,0.5000000000000002,0.19731214689265533,4,
391,32,0.6763801560392891,0.5999999999999996,0.31642768477979166,1.0,0.0,4.0,1.4819277108433735,0,0.5662650602409639,1.5,0.48915662650602415,0.4999999999999998,0.12122531939605105,4,
392,63,0.675704113960626,1.4500000000000008,0.3157898687615519,2.0,0.0,9.0,3.264705882352941,0,0.09803921568627451,1.4000000000000001,0.5068627450980393,0.5000000000000001,0.09496203018360086,4,
393,27,0.6750287475861332,0.2749999999999996,0.3153613240830975,1.0,1.0,3.0,1.3333333333333333,0,0.09722222222222222,1.2,0.5305555555555557,0.6000000000000001,0.10214161682423305,4,
394,68,0.6743540562404442,3.0500000000000016,0.3144045171525264,2.0,1.0,10.0,3.683098591549296,0,0.5140845070422535,1.2999999999999998,0.6830985915492956,0.7000000000000001,0.11324108515597872,4,
395,27,0.6736800392488677,-0.12500000000000033,0.31384487643845804,1.0,0.0,3.0,1.2435897435897436,0,0.2564102564102564,1.1,0.46282051282051295,0.5000000000000001,0.09004274206805851,4,
396,45,0.6730066959373864,1.2249999999999999,0.31330428396619686,2.0,0.0,6.0,2.1875,0,0.0,1.2000000000000002,0.5104166666666669,0.5000000000000002,0.08135865436787845,4,
397,74,0.6723340256326572,1.5500000000000025,0.31274722339432504,3.0,0.0,11.0,4.514018691588785,0,0.09345794392523364,1.7999999999999994,0.7214953271028031,0.6999999999999995,0.17553459119496836,4,
398,20,0.6716620276620098,-1.125,0.31247250399829263,1.0,0.0,2.0,0.8867924528301887,0,0.37735849056603776,1.5,0.5452830188679245,0.5000000000000001,0.161025641025641,4,
399,45,0.6709907013534459,0.09999999999999976,0.31197532666957023,1.0,0.0,6.0,2.261904761904762,0,0.2619047619047619,1.2000000000000002,0.5476190476190477,0.6,0.11060524450744151,4,
400,15,0.6703200460356393,-1.0,0.31177080790412437,2.0,0.0,1.0,0.19047619047619047,0,0.0,0.7000000000000001,0.31666666666666676,0.30000000000000016,0.05475326148610323,4,
401,45,0.6696500610379346,0.9250000000000007,0.31105827035091854,3.0,0.0,6.0,2.118811881188119,0,0.37623762376237624,1.2999999999999998,0.4940594059405941,0.5000000000000001,0.101756862745098,4,
402,27,0.6689807456903467,-0.2500000000000005,0.3106188126168593,1.0,0.0,3.0,1.106060606060606,0,0.0,1.2,0.4106060606060607,0.40000000000000013,0.08521010332950629,4,
403,68,0.6683120993235603,1.3000000000000025,0.31013452949501724,2.0,0.0,10.0,3.722772277227723,0,0.0,1.2999999999999998,0.505940594059406,0.5000000000000001,0.10175686274509797,4,
404,68,0.6676441212689289,1.700000000000002,0.3094257775959202,1.0,0.0,10.0,4.1440677966101696,0,0.8220338983050848,1.9999999999999996,0.8627118644067789,0.7000000000000002,0.32134453781512584,4,
405,33,0.6669768108584744,1.4,0.3088330147065962,2.0,0.0,4.0,1.5520833333333333,0,0.08333333333333333,1.1,0.39166666666666683,0.40000000000000013,0.06097883884970156,4,
406,21,0.6663101674248864,-0.32500000000000023,0.3083990997403071,1.0,0.0,2.0,0.8181818181818182,0,0.0,1.0,0.4015151515151517,0.40000000000000024,0.0634971297359357,4,
407,21,0.6656441903015212,-0.4250000000000001,0.3080529547690245,1.0,0.0,2.0,0.65,0,0.0,0.8000000000000002,0.33666666666666684,0.30000000000000027,0.052670186162823,4,
408,26,0.6649788788224019,-0.07500000000000012,0.3077442388705905,1.0,0.0,3.0,1.1384615384615384,0,0.1076923076923077,1.4,0.45384615384615384,0.40000000000000013,0.11635890151515148,4,
409,39,0.6643142323222168,0.5250000000000007,0.3072113355250178,1.0,0.0,5.0,1.5238095238095237,0,0.38095238095238093,0.9,0.36190476190476206,0.40000000000000013,0.05236569808646349,4,
410,51,0.6636502501363194,1.800000000000002,0.3065510558832376,1.0,0.0,7.0,3.265486725663717,0,0.061946902654867256,1.2999999999999998,0.6327433628318584,0.6999999999999997,0.11389254385964907,4,
411,15,0.6629869316007274,-0.475,0.3062081957617199,1.0,0.0,1.0,0.5370370370370371,0,0.0,1.0,0.37962962962962976,0.40000000000000013,0.06794168096054887,4,
412,39,0.6623242760521222,1.6000000000000008,0.3056803647454796,2.0,0.0,5.0,2.2475247524752477,0,0.504950495049505,1.2999999999999998,0.4821782178217823,0.4999999999999998,0.09909803921568622,4,
413,110,0.6616622828278483,3.5500000000000007,0.3048872398601744,1.0,0.0,17.0,7.111888111888112,0,0.0,1.4,0.6531468531468531,0.6999999999999995,0.11480340375586845,4,
414,15,0.6610009512659124,-0.625,0.30460857019131654,2.0,0.0,1.0,0.3541666666666667,0,0.0,0.8000000000000002,0.3333333333333334,0.3000000000000002,0.05849761181068172,4,
415,38,0.6603402807049829,0.07499999999999973,0.3042459732496775,1.0,0.0,5.0,1.7887323943661972,0,0.09859154929577464,1.2,0.5380281690140845,0.5000000000000001,0.12491666666666658,4,
416,33,0.659680270484389,-0.4250000000000001,0.3039474675319843,1.0,0.0,4.0,1.3,0,0.13333333333333333,1.2,0.4266666666666668,0.4000000000000002,0.09198110586273961,4,
417,27,0.6590209199441207,0.17499999999999977,0.3034713983327175,2.0,0.0,3.0,1.1666666666666667,0,0.09722222222222222,1.1,0.43055555555555575,0.40000000000000024,0.07324715415782362,4,
418,38,0.6583622284248272,0.3999999999999994,0.3030046443294088,1.0,0.0,5.0,1.9397590361445782,0,0.8072289156626506,1.3999999999999995,0.5975903614457829,0.6000000000000001,0.13929152148664337,4,
419,21,0.657704195267817,-0.7500000000000001,0.30269465550072994,1.0,0.0,2.0,0.5925925925925926,0,0.0,0.7000000000000002,0.34629629629629644,0.3500000000000002,0.05213379073756432,4,
420,27,0.6570468198150567,-0.3500000000000002,0.3023754998184749,1.0,0.0,3.0,1.0666666666666667,0,0.11666666666666667,1.1,0.4666666666666668,0.5000000000000001,0.08824673520422337,4,
421,27,0.6563901014091712,-0.6000000000000002,0.3020772412741147,1.0,0.0,3.0,0.9333333333333333,0,0.0,1.0,0.38666666666666677,0.40000000000000013,0.06450680744651291,4,
422,27,0.6557340393934418,0.14999999999999963,0.3017038318362889,1.0,1.0,3.0,1.25,0,0.625,1.2,0.4805555555555557,0.5000000000000001,0.09936330310630904,4,
423,87,0.6550786331118063,3.7250000000000028,0.3009630301146364,1.0,0.0,13.0,4.892857142857143,0,0.875,1.3,0.6345238095238095,0.6999999999999997,0.0984544520426602,4,
424,33,0.6544238819088586,0.6249999999999994,0.30050401580284064,1.0,0.0,4.0,1.6888888888888889,0,0.4777777777777778,1.2000000000000002,0.5477777777777778,0.6,0.11450919866650201,4,
425,74,0.6537697851298473,2.700000000000002,0.29975723380871766,2.0,0.0,11.0,4.244274809160306,0,0.0,2.1999999999999997,0.7312977099236635,0.6999999999999975,0.24567599067599022,4,
426,27,0.6531163421206756,-0.2000000000000004,0.29942995134527933,1.0,0.0,3.0,1.0303030303030303,0,0.0,1.2,0.4196969696969698,0.4000000000000002,0.08493455797933407,4,
427,62,0.6524635522279004,1.650000000000001,0.29890455136232597,2.0,1.0,9.0,3.6283185840707963,0,0.3008849557522124,2.3,0.7707964601769907,0.7,0.28970081453634067,4,
428,33,0.651811414798732,1.625,0.2983611948335317,2.0,0.0,4.0,1.6875,0,0.3125,1.1,0.4729166666666668,0.5000000000000001,0.07198263700488333,4,
429,57,0.6511599291810325,2.700000000000001,0.29767557664482514,1.0,0.0,8.0,3.0869565217391304,0,0.5,1.2000000000000002,0.5572463768115944,0.6000000000000001,0.08216194927269861,4,
430,39,0.6505090947233165,1.1102230246251565e-16,0.2971904289403441,1.0,0.0,5.0,1.6025641025641026,0,0.0,1.0,0.40128205128205147,0.4000000000000002,0.06783001808318262,4,
431,39,0.6498589107747496,0.22500000000000014,0.29684551017995714,1.0,0.0,5.0,1.6153846153846154,0,0.0,0.9,0.362820512820513,0.40000000000000013,0.05413940489889857,4,
432,21,0.6492093766851474,-0.1750000000000001,0.29656540490791733,2.0,0.0,2.0,0.6296296296296297,0,0.0,0.9,0.36851851851851863,0.40000000000000013,0.06514236706689537,4,
433,27,0.6485604918049761,-0.35000000000000037,0.29617862081227947,1.0,0.0,3.0,1.1363636363636365,0,0.0,1.2,0.42878787878787894,0.4000000000000002,0.0826750861079219,4,
434,122,0.6479122554853506,4.924999999999996,0.2952008905325089,2.0,0.0,19.0,7.4748603351955305,0,0.0,1.899999999999999,0.7296089385474853,0.7000000000000001,0.1673408239700372,4,
435,50,0.6472646670780347,1.0500000000000012,0.2947435005729982,2.0,0.0,7.0,2.50561797752809,0,0.0,1.4,0.5539325842696629,0.5000000000000002,0.12452272727272722,4,
436,86,0.6466177259354396,2.775000000000003,0.29422861999674527,1.0,0.0,13.0,4.92,0,0.0,1.2999999999999998,0.5336000000000001,0.5000000000000002,0.0939170506912442,4,
437,63,0.6459714314106245,1.900000000000001,0.2936585136121532,1.0,1.0,9.0,3.2149532710280373,0,0.1308411214953271,1.2,0.4971962616822433,0.5000000000000002,0.08327044025157229,4,
438,33,0.6453257828572946,-0.10000000000000009,0.29337987368313995,1.0,0.0,4.0,1.1333333333333333,0,0.0,0.9,0.32666666666666677,0.30000000000000016,0.05930536260072241,4,
439,39,0.6446807796298013,0.6249999999999993,0.29286602050569455,2.0,0.0,5.0,2.305263157894737,0,0.4105263157894737,1.6999999999999997,0.6357894736842105,0.6000000000000001,0.16863253546099283,4,
440,68,0.6440364210831414,1.5500000000000027,0.29237043625719167,2.0,0.0,10.0,4.1683168316831685,0,0.7623762376237624,1.6999999999999984,0.7732673267326726,0.7999999999999979,0.19465098039215656,4,
441,68,0.6433927065729562,1.3000000000000016,0.29182330922043426,1.0,0.0,10.0,4.009345794392523,0,0.2336448598130841,1.699999999999998,0.7495327102803728,0.7000000000000001,0.20606918238993685,4,
442,86,0.6427496354555312,2.3000000000000043,0.29119937947498403,1.0,0.0,13.0,5.496,0,0.736,1.699999999999998,0.8791999999999986,0.9999999999999972,0.20182027649769532,4,
443,27,0.6421072070877952,-0.30000000000000027,0.29089574997362044,1.0,0.0,3.0,0.9848484848484849,0,0.0,1.0,0.39242424242424256,0.40000000000000013,0.0670792192881745,4,
444,21,0.6414654208273198,-0.2250000000000002,0.2906167839328924,1.0,0.0,2.0,0.8,0,0.21666666666666667,1.0,0.3666666666666668,0.40000000000000013,0.06557377049180328,4,
445,27,0.6408242760323187,0.8999999999999995,0.29019752058464793,1.0,1.0,3.0,1.3888888888888888,0,0.0,1.2,0.44777777777777794,0.4000000000000004,0.08072725027781204,4,
446,74,0.6401837720616471,1.7250000000000019,0.28967013103431016,2.0,0.0,11.0,4.345132743362832,0,0.07079646017699115,1.7999999999999998,0.7017699115044245,0.7,0.1895692355889723,4,
447,104,0.6395439082748009,5.875000000000006,0.28881994291876356,2.0,1.0,16.0,6.1291866028708135,0,1.0334928229665072,1.6000000000000005,0.7153110047846888,0.7000000000000001,0.14034294871794856,4,
448,33,0.6389046840319162,-0.05000000000000024,0.28850071656246085,2.0,0.0,4.0,1.3333333333333333,0,0.0,1.1,0.437878787878788,0.4500000000000002,0.07661308840413318,4,
449,21,0.6382660986937688,0.27499999999999974,0.2881857692718626,1.0,0.0,2.0,1.0128205128205128,0,0.16666666666666666,1.1,0.37051282051282064,0.40000000000000013,0.06388459641624197,4,
450,33,0.6376281516217733,0.7499999999999993,0.28784134517255916,1.0,0.0,4.0,1.5476190476190477,0,0.6904761904761905,1.2000000000000002,0.46190476190476215,0.5000000000000001,0.08427498228206941,4,
451,33,0.6369908421779825,0.2500000000000001,0.2875498131718322,1.0,0.0,4.0,1.6923076923076923,0,0.2692307692307692,1.3000000000000003,0.5012820512820515,0.5000000000000001,0.09603978300180831,4,
452,15,0.6363541697250871,-1.4,0.28737464894615833,1.0,0.0,1.0,0.3333333333333333,0,0.19047619047619047,1.2,0.4023809523809525,0.4000000000000001,0.10457742484401585,4,
453,86,0.6357181336264143,2.1750000000000034,0.28677287454873585,1.0,0.0,13.0,5.1344537815126055,0,0.0,1.6000000000000005,0.5630252100840337,0.5000000000000003,0.1416680790960452,4,
454,45,0.6350827332459281,1.5750000000000004,0.28622967904618174,1.0,0.0,6.0,2.1203703703703702,0,0.07407407407407407,1.2000000000000002,0.44259259259259287,0.40000000000000063,0.08152619394666893,4,
455,122,0.6344479679482282,4.0249999999999995,0.2855600681172541,2.0,0.0,19.0,8.083870967741936,0,0.05161290322580645,1.5999999999999996,0.6761290322580643,0.6999999999999997,0.12530636030636025,4,
456,98,0.633813837098549,3.9999999999999964,0.2848113445432323,2.0,0.0,15.0,5.968944099378882,0,1.3478260869565217,2.2999999999999985,0.8503105590062106,0.7999999999999989,0.26449768518518474,4,
457,32,0.6331803400627598,-0.14999999999999997,0.28451329383535945,1.0,0.0,4.0,1.6338028169014085,0,0.09859154929577464,1.2999999999999998,0.5887323943661972,0.6000000000000001,0.12186904761904756,4,
458,63,0.6325474762073634,1.6250000000000009,0.2841604651771243,2.0,0.0,9.0,3.2058823529411766,0,0.0,1.1,0.43627450980392174,0.4000000000000005,0.07329904835143707,4,
459,44,0.6319152448994959,0.30000000000000115,0.2837492121888813,2.0,0.0,6.0,2.3734939759036147,0,0.08433734939759036,1.6,0.6481927710843373,0.6000000000000001,0.1731242740998838,4,
460,33,0.631283645506926,0.1749999999999996,0.2833936729478955,1.0,0.0,4.0,1.704225352112676,0,0.5633802816901409,1.6999999999999997,0.6140845070422534,0.6000000000000001,0.17758333333333323,4,
461,81,0.6306526773980542,1.8000000000000032,0.28288622050766127,2.0,0.0,12.0,4.719298245614035,0,0.0,1.2000000000000002,0.5377192982456142,0.6000000000000001,0.09112812620238551,4,
462,33,0.6300223399419123,1.1749999999999994,0.28245861912537457,1.0,0.0,4.0,1.8736842105263158,0,0.07368421052631578,1.2,0.5221052631578948,0.5000000000000001,0.10320700354609924,4,
463,57,0.6293926325081629,1.2500000000000007,0.282106022014783,1.0,0.0,8.0,2.7111111111111112,0,0.08888888888888889,1.2000000000000002,0.3611111111111113,0.3000000000000005,0.06816273614026419,4,
464,15,0.6287635544670984,-0.775,0.28190526544100386,2.0,0.0,1.0,0.21428571428571427,0,0.0,0.7000000000000002,0.33095238095238105,0.3000000000000002,0.05693136698808848,4,
465,62,0.6281351051896408,2.725000000000002,0.2813148713343158,1.0,0.0,9.0,3.152,0,0.0,1.3999999999999995,0.5479999999999996,0.5000000000000001,0.14554531490015338,4,
466,15,0.6275072840473407,-0.925,0.28110737094401916,2.0,0.0,1.0,0.5,0,0.14583333333333334,1.1,0.42083333333333345,0.40000000000000013,0.09002171081198436,4,
467,26,0.626880090412377,-0.10000000000000031,0.28081209631784776,1.0,0.0,3.0,1.1971830985915493,0,0.5633802816901409,1.5,0.47042253521126765,0.40000000000000013,0.1271785714285714,4,
468,32,0.6262535236575559,-3.3306690738754696e-16,0.28049020032010935,1.0,1.0,4.0,1.5070422535211268,0,0.5633802816901409,1.3000000000000003,0.5633802816901409,0.5000000000000001,0.14263095238095236,4,
469,69,0.6256275831563107,2.4250000000000007,0.28001751611516523,1.0,0.0,10.0,3.4365079365079363,0,0.06349206349206349,1.2000000000000002,0.4293650793650796,0.4000000000000004,0.0636655118110236,4,
470,62,0.6250022682827008,1.900000000000002,0.27953492129712654,1.0,0.0,9.0,3.7142857142857144,0,0.48739495798319327,1.7999999999999998,0.6588235294117646,0.6000000000000002,0.1395748587570621,4,
471,15,0.6243775784114112,-0.7,0.2793263830560239,1.0,0.0,1.0,0.3958333333333333,0,0.0,0.9,0.3583333333333335,0.40000000000000013,0.06370820668693007,4,
472,39,0.623753512917752,2.1249999999999996,0.27880846308618557,1.0,0.0,5.0,2.456,0,0.416,1.7000000000000002,0.5720000000000001,0.5999999999999999,0.11482334869431637,4,
473,33,0.6231300711776578,0.8250000000000007,0.2784913398463327,2.0,0.0,4.0,1.8928571428571428,0,0.40476190476190477,1.3000000000000003,0.49761904761904774,0.5000000000000001,0.10715237420269312,4,
474,33,0.6225072525676867,0.375,0.27818309832675453,2.0,0.0,4.0,1.5897435897435896,0,0.6794871794871795,1.1,0.43974358974358996,0.4000000000000003,0.08163899391747491,4,
475,93,0.62188505646502,5.850000000000005,0.27734137983699125,2.0,0.0,14.0,6.247474747474747,0,0.8232323232323232,1.6,0.5823232323232326,0.6,0.09933653036757384,4,
476,51,0.6212634822474616,3.2750000000000017,0.27680080214257413,1.0,0.0,7.0,2.7753623188405796,0,0.0,1.1,0.4485507246376815,0.5000000000000001,0.06105183006879167,4,
477,45,0.6206425292934373,0.6750000000000004,0.2764282797990545,1.0,0.0,6.0,2.0,0,0.0,1.0,0.4333333333333335,0.45000000000000034,0.06413607370659107,4,
478,33,0.6200221969819939,1.6749999999999996,0.2760167097810002,1.0,0.0,4.0,1.9259259259259258,0,0.0,1.1,0.45925925925925953,0.5000000000000001,0.0653828346051616,4,
479,27,0.6194024846927992,0.9500000000000001,0.27571795316776165,2.0,0.0,3.0,1.2564102564102564,0,0.32051282051282054,1.1,0.47051282051282073,0.5000000000000001,0.07516850238369224,4,
480,21,0.6187833918061408,-0.9250000000000002,0.27552477927740565,1.0,0.0,2.0,0.5625,0,0.0,1.1,0.38333333333333347,0.40000000000000013,0.08267477203647414,4,
481,33,0.6181649177029258,1.475,0.27513804386694424,2.0,0.0,4.0,1.6875,0,0.3958333333333333,1.3000000000000003,0.4729166666666668,0.5000000000000001,0.08948453608247421,4,
482,32,0.61754706176468,1.575,0.27482087119492615,1.0,0.0,4.0,1.8526315789473684,0,0.25263157894736843,1.4,0.5157894736842106,0.5000000000000001,0.1034463652482269,4,
483,39,0.6169298233735474,1.175,0.27442653690917546,1.0,0.0,5.0,1.9306930693069306,0,0.0,1.2999999999999998,0.4940594059405942,0.5000000000000001,0.08393333333333328,4,
484,63,0.6163132019122897,2.725000000000002,0.27388361888147356,1.0,1.0,9.0,3.0757575757575757,0,0.4696969696969697,1.2,0.484848484848485,0.5000000000000002,0.07492624691499739,4,
485,33,0.6156971967642851,1.2999999999999994,0.2735166076060907,1.0,0.0,4.0,1.9215686274509804,0,0.5686274509803921,1.1,0.5480392156862746,0.6000000000000001,0.09034797654522733,4,
486,45,0.6150818073135287,1.725,0.2732065693468883,2.0,0.0,6.0,2.15625,0,0.2604166666666667,1.1,0.4541666666666669,0.5000000000000001,0.07811611502984264,4,
487,56,0.6144670329446308,2.2750000000000026,0.27285172075231945,1.0,0.0,8.0,3.2016806722689077,0,0.0,1.7999999999999994,0.5882352941176471,0.5000000000000006,0.15096468926553652,4,
488,38,0.6138528730428171,0.6000000000000009,0.272622119664372,2.0,0.0,5.0,1.8181818181818181,0,0.5714285714285714,1.2999999999999998,0.5623376623376624,0.6,0.11977058029689602,4,
489,39,0.6132393269939275,-0.37499999999999983,0.27238209122061885,1.0,0.0,5.0,1.7424242424242424,0,0.0,1.2,0.4651515151515152,0.45000000000000007,0.11199311136624568,4,
490,45,0.6126263941844161,2.725000000000001,0.27196555536205796,2.0,0.0,6.0,2.773109243697479,0,0.5966386554621849,1.4,0.512605042016807,0.5000000000000003,0.09304096045197738,4,
491,26,0.6120140740013499,-0.6499999999999999,0.27174796097194437,1.0,0.0,3.0,1.1016949152542372,0,0.23728813559322035,1.7000000000000002,0.5152542372881356,0.4999999999999998,0.17795402298850568,4,
492,45,0.6114023658324087,1.3750000000000007,0.27138099202443655,1.0,0.0,6.0,2.0784313725490198,0,0.6372549019607843,1.2000000000000002,0.465686274509804,0.40000000000000024,0.10442084014226663,4,
493,86,0.6107912690658842,3.9500000000000037,0.2708976125952349,1.0,0.0,13.0,5.167741935483871,0,0.05161290322580645,1.5999999999999996,0.7148387096774189,0.7000000000000001,0.1604961704961701,4,
494,39,0.6101807830906798,0.5250000000000001,0.270590863801475,1.0,1.0,5.0,1.8571428571428572,0,0.6190476190476191,1.2,0.5190476190476192,0.5000000000000002,0.09679376328844788,4,
495,98,0.6095709072963093,2.675000000000003,0.27004135669153273,2.0,0.0,15.0,6.131386861313868,0,0.1386861313868613,2.0,0.7058394160583935,0.6000000000000001,0.21968563512361444,4,
496,62,0.6089616410728969,2.4250000000000025,0.2696530121639753,2.0,0.0,9.0,3.4873949579831933,0,0.7563025210084033,1.3000000000000003,0.5226890756302524,0.5000000000000002,0.09369350282485871,4,
497,15,0.6083529838111763,-1.1250000000000002,0.2695131545013991,1.0,0.0,1.0,0.21428571428571427,0,0.0,0.7000000000000002,0.33095238095238105,0.3000000000000002,0.05693136698808848,4,
498,123,0.6077449349024902,5.774999999999998,0.26884256782610927,2.0,1.0,19.0,7.040609137055838,0,0.6192893401015228,1.4999999999999996,0.634010152284264,0.6000000000000003,0.11239950525664802,4,
499,68,0.6071374937387897,3.0250000000000012,0.26833382342709755,1.0,0.0,10.0,3.72992700729927,0,0.45255474452554745,1.5,0.5832116788321167,0.5999999999999995,0.11322783461210563,4,
500,21,0.6065306597126334,0.0249999999999998,0.2680398470058533,1.0,0.0,2.0,0.9583333333333334,0,0.0,1.0,0.4055555555555557,0.4000000000000002,0.07248311788539454,4,
501,80,0.6059244322171875,2.5000000000000027,0.26752868284655607,2.0,0.0,12.0,4.64,0,0.0,1.3999999999999995,0.6199999999999998,0.6000000000000001,0.1257680491551458,4,
502,62,0.6053188106462243,2.000000000000002,0.2671502694893364,2.0,0.0,9.0,3.309734513274336,0,0.1592920353982301,1.6,0.6433628318584069,0.6000000000000002,0.14600720551378435,4,
503,9,0.6047137943941221,-1.4250000000000003,0.2670390304275148,1.0,0.0,0.0,0.0,0,0.0,0.7000000000000001,0.3111111111111112,0.30000000000000016,0.058810810810810805,4,
504,51,0.6041093828558647,1.9500000000000008,0.2666351260101262,2.0,0.0,7.0,2.816666666666667,0,0.6833333333333333,1.2,0.5083333333333334,0.5000000000000001,0.0904368358913813,4,
505,27,0.6035055754270405,0.7499999999999996,0.26634571310068217,1.0,0.0,3.0,1.2738095238095237,0,0.38095238095238093,1.1,0.4261904761904764,0.40000000000000024,0.0831353649893692,4,
506,86,0.6029023715038421,5.125,0.26574378701101753,1.0,0.0,13.0,5.0785340314136125,0,0.8272251308900523,1.6999999999999997,0.6680628272251307,0.6000000000000005,0.12469024122807001,4,
507,21,0.6022997704830654,-0.7750000000000001,0.2655580027395893,1.0,0.0,2.0,0.6296296296296297,0,0.0,0.9,0.36851851851851863,0.40000000000000013,0.06514236706689537,4,
508,122,0.6016977717621094,4.649999999999993,0.26496825608447283,2.0,0.0,19.0,7.473988439306359,0,1.3872832369942196,1.5999999999999996,0.6560693641618494,0.6000000000000002,0.1294039026998128,4,
509,63,0.6010963747389753,2.125000000000002,0.2645815663077556,1.0,0.0,9.0,3.544,0,0.288,1.7999999999999998,0.6728,0.6999999999999993,0.14678955453148992,4,
510,63,0.6004955788122659,3.325000000000002,0.26419300883014885,1.0,0.0,9.0,4.340277777777778,0,0.4791666666666667,1.2,0.5444444444444445,0.6,0.08622329394743183,4,
511,110,0.5998953833811855,4.375000000000004,0.2637083365216658,1.0,0.0,17.0,6.736526946107785,0,0.23353293413173654,1.7999999999999998,0.7964071856287412,0.7999999999999966,0.18813755020080283,4,
512,33,0.5992957878455384,0.9750000000000002,0.26344812511116267,2.0,1.0,4.0,1.8111111111111111,0,0.2777777777777778,1.2000000000000002,0.5411111111111112,0.6000000000000001,0.09243239906161252,4,
513,15,0.5986967916057292,-1.1,0.26332913197432095,1.0,0.0,1.0,0.30952380952380953,0,0.0,1.1,0.38809523809523816,0.40000000000000013,0.09014747589336357,4,
514,20,0.5980983940627613,-0.2500000000000002,0.26314683955667206,1.0,0.0,2.0,0.8679245283018868,0,0.0,1.2999999999999998,0.5339622641509434,0.5000000000000001,0.1392735042735042,4,
515,39,0.5975005946182375,0.10000000000000012,0.2629333650070166,1.0,0.0,5.0,1.6666666666666667,0,0.0,1.2,0.4196969696969698,0.40000000000000013,0.09039035591274394,4,
516,110,0.596903392674358,3.6500000000000052,0.26231378401596017,2.0,0.0,17.0,6.987096774193549,0,0.2064516129032258,1.8999999999999977,0.753548387096773,0.7000000000000001,0.20739926739926706,4,
517,57,0.596306787633921,1.200000000000002,0.26199918489328267,2.0,0.0,8.0,2.6979166666666665,0,0.07291666666666667,1.1,0.40416666666666695,0.40000000000000024,0.06228106348345088,4,
518,33,0.5957107789003212,1.6,0.261676033226931,1.0,0.0,4.0,1.9803921568627452,0,0.39215686274509803,1.2000000000000002,0.4774509803921571,0.5000000000000001,0.07802845333076994,4,
519,39,0.5951153658775501,2.500000000000001,0.2613226386383138,2.0,1.0,5.0,2.2857142857142856,0,0.29411764705882354,1.2999999999999998,0.5630252100840337,0.6000000000000001,0.08821892655367228,4,
520,134,0.5945205479701944,5.1249999999999964,0.26082026466300356,2.0,0.0,21.0,8.605405405405405,0,0.03783783783783784,1.6,0.7821621621621612,0.7999999999999995,0.1447130668536696,4,
521,57,0.5939263245834361,2.5250000000000026,0.2604405162872934,2.0,0.0,8.0,2.841666666666667,0,0.8166666666666667,1.2000000000000002,0.5233333333333334,0.5000000000000003,0.07796096951177163,4,
522,45,0.593332695123052,0.900000000000001,0.2602125982271869,2.0,0.0,6.0,2.128205128205128,0,0.0,1.2,0.485897435897436,0.5000000000000001,0.08661022521782014,4,
523,164,0.5927396589954125,10.374999999999991,0.25921423736544413,2.0,0.0,26.0,10.63551401869159,0,2.308411214953271,1.799999999999998,0.8629283489096556,0.8999999999999935,0.18644681677018565,4,
524,51,0.5921472156074813,0.900000000000001,0.2589633710691735,1.0,0.0,7.0,2.3222222222222224,0,0.0,0.9000000000000005,0.4077777777777782,0.40000000000000063,0.05494628966539078,4,
525,51,0.5915553643668151,1.3500000000000005,0.2586584608689955,2.0,1.0,7.0,2.685185185185185,0,0.6203703703703703,1.2999999999999998,0.5148148148148147,0.5,0.10571551058904223,4,
526,27,0.5909641046815626,-0.12500000000000022,0.2584758338144413,2.0,0.0,3.0,1.2916666666666667,0,0.0,1.2000000000000002,0.5055555555555556,0.5000000000000001,0.0947096276287864,4,
527,15,0.5903734359604639,-0.6000000000000001,0.25835741559544223,1.0,0.0,1.0,0.5208333333333334,0,0.14583333333333334,1.1,0.43333333333333346,0.4500000000000001,0.09684759009986973,4,
528,68,0.5897833576128504,2.2750000000000026,0.25803809698779623,1.0,0.0,10.0,3.9747899159663866,0,0.058823529411764705,1.2999999999999998,0.6689075630252097,0.6999999999999993,0.12215112994350265,4,
529,27,0.5891938690486437,0.4249999999999996,0.25776883619992186,2.0,0.0,3.0,1.5324675324675325,0,0.5584415584415584,1.2,0.5623376623376624,0.6000000000000001,0.11041835357624827,4,
530,45,0.5886049696783552,2.2000000000000015,0.2573836129815007,2.0,0.0,6.0,2.341666666666667,0,0.11666666666666667,1.2,0.4633333333333335,0.5,0.08716160844503089,4,
531,21,0.5880166589130854,-0.4500000000000002,0.25723190314126143,1.0,0.0,2.0,0.75,0,0.0,0.9,0.39666666666666683,0.4000000000000002,0.060672409002500684,4,
532,45,0.5874289361645234,0.6250000000000002,0.2569731893122711,1.0,0.0,6.0,2.0952380952380953,0,0.5476190476190477,1.1,0.4476190476190478,0.5000000000000001,0.06583699503897944,4,
533,33,0.5868418008449466,0.29999999999999977,0.2567871148728874,2.0,0.0,4.0,1.5256410256410255,0,0.1282051282051282,1.4000000000000001,0.4935897435897437,0.5000000000000001,0.10677132993588688,4,
534,75,0.5862552523672196,2.025000000000002,0.25649383037531126,1.0,0.0,11.0,4.184210526315789,0,0.0,1.2999999999999998,0.5640350877192981,0.5999999999999999,0.10003001154290107,4,
535,27,0.5856692901447937,-0.02499999999999991,0.2563375061671171,1.0,0.0,3.0,1.0972222222222223,0,0.2638888888888889,1.0,0.388888888888889,0.40000000000000013,0.07572448388963918,4,
536,33,0.5850839135917069,0.8249999999999995,0.2561048530131263,2.0,0.0,4.0,1.3846153846153846,0,0.0,1.1,0.4089743589743591,0.40000000000000013,0.06928982409995066,4,
537,86,0.5844991221225824,2.800000000000004,0.2558003362917464,2.0,0.0,13.0,5.728,0,0.672,2.3999999999999977,0.9895999999999984,0.8999999999999961,0.40255760368663557,4,
538,75,0.5839149151526287,5.075000000000003,0.2552871807083566,2.0,0.0,11.0,4.23121387283237,0,0.5260115606936416,1.3000000000000005,0.5971098265895955,0.6000000000000001,0.08883854584335735,4,
539,51,0.5833312920976388,1.225000000000001,0.25498697151873306,1.0,0.0,7.0,2.5,0,0.0,1.1,0.5104166666666667,0.5000000000000002,0.07635811177428105,4,
540,128,0.5827482523739896,9.6,0.2542399314162365,1.0,0.0,20.0,9.033003300330034,0,2.900990099009901,1.899999999999999,0.7646864686468644,0.7000000000000001,0.13403494248867193,4,
541,33,0.5821657953986414,0.5,0.2540402177725587,1.0,0.0,4.0,1.2916666666666667,0,0.0,0.8000000000000002,0.3555555555555558,0.40000000000000013,0.05220142774454948,4,
542,152,0.5815839205891371,5.049999999999999,0.25339066416046296,2.0,0.0,24.0,10.370558375634518,0,0.12690355329949238,2.1999999999999984,0.8837563451776623,0.7999999999999948,0.30776437847866406,4,
543,21,0.5810026273636019,-0.05000000000000013,0.25320336101471463,2.0,0.0,2.0,0.7,0,0.0,0.8000000000000002,0.36666666666666686,0.40000000000000013,0.05357043623228675,4,
544,51,0.5804219151407424,0.4750000000000011,0.252965945108682,1.0,0.0,7.0,2.5357142857142856,0,0.0,1.1000000000000005,0.4976190476190479,0.5000000000000004,0.09143586109142454,4,
545,98,0.5798417833398464,2.9500000000000046,0.2525400197561961,2.0,0.0,15.0,6.154929577464789,0,0.0,1.6999999999999997,0.7676056338028162,0.7999999999999984,0.144450726578386,4,
546,152,0.579262231380782,5.349999999999995,0.25209583106132966,1.0,0.0,24.0,10.356020942408376,0,0.8167539267015707,1.4999999999999991,0.7591623036649202,0.7999999999999966,0.13477576754385942,4,
547,21,0.5786832586839974,-0.20000000000000023,0.2518886638629412,1.0,0.0,2.0,0.8484848484848485,0,0.0,0.8000000000000002,0.36515151515151534,0.40000000000000013,0.05501033295063146,4,
548,182,0.5781048646705196,6.64999999999999,0.2512133413094182,2.0,0.0,29.0,12.959276018099548,0,0.8733031674208145,1.7999999999999963,0.9126696832579156,0.9999999999999939,0.16328173628173578,4,
549,39,0.5775270487619547,1.0000000000000004,0.2509631652548974,1.0,0.0,5.0,1.7777777777777777,0,0.0,1.2,0.44111111111111123,0.40000000000000024,0.08398691196444001,4,
550,38,0.5769498103804866,1.1,0.25071104000727096,1.0,0.0,5.0,2.126315789473684,0,0.43157894736842106,1.4,0.5347368421052632,0.5000000000000002,0.10501551418439713,4,
551,57,0.5763731489488771,2.6000000000000023,0.25040025123445947,1.0,0.0,8.0,3.2777777777777777,0,0.30952380952380953,1.2000000000000002,0.5055555555555558,0.5000000000000002,0.07719622047244093,4,
552,152,0.5757970638904645,5.749999999999993,0.24978114535923984,1.0,0.0,24.0,9.822660098522167,0,0.0,1.5999999999999992,0.6995073891625608,0.699999999999998,0.13256455057270408,4,
553,146,0.5752215546291638,5.899999999999997,0.24929944627659545,1.0,0.0,23.0,9.467980295566502,0,0.5714285714285714,1.7999999999999985,0.7674876847290624,0.7999999999999966,0.15283828382838247,4,
554,33,0.5746466205894657,0.3749999999999996,0.2490727605897381,1.0,0.0,4.0,1.5783132530120483,0,0.0963855421686747,1.4,0.5325301204819277,0.5000000000000001,0.11883855981416953,4,
555,164,0.574072261196436,5.999999999999992,0.24844902387391243,1.0,0.0,26.0,11.344827586206897,0,0.8866995073891626,1.5999999999999996,0.8029556650246298,0.7999999999999997,0.1367433508056685,4,
556,170,0.5734984758757153,6.824999999999992,0.24777555149164165,1.0,0.0,27.0,11.366515837104073,0,0.0,1.899999999999999,0.7986425339366507,0.7999999999999982,0.1814045864045861,4,
557,32,0.5729252640535184,7.494005416219807e-16,0.24759621933709583,2.0,0.0,4.0,1.6619718309859155,0,0.0,1.7999999999999998,0.656338028169014,0.6000000000000001,0.19320238095238085,4,
558,110,0.5723526251566332,4.075000000000003,0.2471970233692275,2.0,0.0,17.0,7.025806451612903,0,0.08387096774193549,2.199999999999998,0.8232258064516117,0.7999999999999962,0.2554711954711949,4,
559,39,0.5717805586124209,0.8500000000000005,0.24698555068346434,1.0,0.0,5.0,1.7738095238095237,0,0.08333333333333333,1.1,0.4690476190476192,0.5000000000000001,0.07619560595322464,4,
560,110,0.5712090638488149,4.1,0.24663214179393286,2.0,0.0,17.0,6.735483870967742,0,0.0,1.4999999999999993,0.649032258064516,0.6000000000000002,0.13566600066600054,4,
561,116,0.5706381402943203,4.599999999999999,0.246217764850991,2.0,0.0,18.0,7.040697674418604,0,0.0,1.6,0.6773255813953488,0.6999999999999997,0.11896663624378864,4,
562,117,0.5700677873780134,7.075000000000006,0.2456175277039413,2.0,0.0,18.0,6.493562231759657,0,0.9055793991416309,1.4999999999999991,0.5721030042918455,0.5000000000000007,0.11969606542882387,4,
563,56,0.5694980045295416,1.350000000000001,0.2453582598465448,2.0,1.0,8.0,3.02803738317757,0,0.1588785046728972,1.7999999999999998,0.6878504672897191,0.6999999999999985,0.18482180293501033,4,
564,74,0.5689287911791218,1.975000000000003,0.24502396430641898,2.0,0.0,11.0,4.247787610619469,0,0.0,1.4,0.6115044247787608,0.5999999999999998,0.12863878446115273,4,
565,32,0.5683601467575404,0.6250000000000008,0.24483804970270812,2.0,0.0,4.0,1.7532467532467533,0,0.4935064935064935,1.2999999999999998,0.5623376623376624,0.6000000000000001,0.10730094466936567,4,
566,26,0.5677920706961532,-0.32500000000000023,0.2446759003637638,1.0,0.0,3.0,1.1016949152542372,0,0.13559322033898305,1.6,0.5152542372881356,0.4999999999999998,0.16167816091954018,4,
567,122,0.5672245624268841,6.4,0.24424060934990927,2.0,0.0,19.0,6.776744186046511,0,0.08837209302325581,1.5000000000000004,0.5293023255813956,0.5000000000000002,0.09835280373831774,4,
568,39,0.5666576213822246,1.8000000000000003,0.24394765302789662,1.0,0.0,5.0,2.1481481481481484,0,0.6296296296296297,1.1,0.42592592592592615,0.40000000000000047,0.05933293320757951,4,
569,81,0.5660912469952337,4.000000000000003,0.2435957104842137,2.0,0.0,12.0,4.12,0,0.13333333333333333,1.100000000000001,0.5006666666666671,0.5000000000000003,0.07793635272678792,4,
570,146,0.5655254386995371,5.174999999999996,0.24319891766872692,2.0,0.0,23.0,9.713513513513513,0,0.0,1.5999999999999988,0.6751351351351345,0.6999999999999984,0.1482509350163626,4,
571,33,0.5649601959293262,0.3500000000000001,0.24302036194034612,1.0,0.0,4.0,1.4871794871794872,0,0.6025641025641025,1.2,0.47051282051282073,0.5000000000000001,0.0797846457340128,4,
572,110,0.5643955181193583,4.675000000000003,0.24257609152358478,2.0,0.0,17.0,6.770949720670391,0,0.0446927374301676,1.3999999999999995,0.6625698324022343,0.6999999999999992,0.12793258426966272,4,
573,39,0.5638314047049556,0.6250000000000012,0.242349230224251,1.0,0.0,5.0,2.146067415730337,0,0.797752808988764,1.6999999999999997,0.6348314606741572,0.6000000000000001,0.15105303030303024,4,
574,68,0.5632678551220046,0.8000000000000025,0.24210269420725694,1.0,0.0,10.0,4.4526315789473685,0,0.07368421052631578,2.0999999999999988,0.8631578947368409,0.7000000000000001,0.3293107269503543,4,
575,39,0.5627048688069557,1.7250000000000005,0.24188935562035843,1.0,0.0,5.0,1.9803921568627452,0,0.0,1.1,0.4421568627450983,0.4500000000000003,0.06813130827645869,4,
576,21,0.5621424451968224,-0.40000000000000013,0.24177416328294218,1.0,0.0,2.0,0.6833333333333333,0,0.0,0.8000000000000002,0.35666666666666685,0.40000000000000013,0.05480411225340372,4,
577,39,0.5615805837291813,0.5249999999999999,0.2415992943759806,1.0,0.0,5.0,1.6282051282051282,0,0.0,1.0000000000000002,0.4166666666666668,0.4000000000000004,0.06601512411638995,4,
578,21,0.5610192838421706,-0.10000000000000037,0.24144735681787832,1.0,0.0,2.0,1.0307692307692307,0,0.0,1.2999999999999998,0.4907692307692308,0.5000000000000001,0.09809185606060601,4,
579,74,0.5604585449744904,3.1000000000000028,0.24117565923045253,2.0,0.0,11.0,4.246478873239437,0,0.45774647887323944,1.5999999999999988,0.7760563380281683,0.7999999999999997,0.1736606655755589,4,
580,200,0.559898366565402,9.099999999999987,0.24056255517213695,1.0,0.0,34.0,13.796812749003983,0.6842105263157895,0.0,2.0999999999999956,0.8549800796812735,0.8,0.23363428571428466,3,
581,200,0.5593387480547268,11.24999999999999,0.23987294255070551,2.0,0.0,34.0,12.85958904109589,0.5722222222222222,0.708904109589041,2.499999999999994,1.0256849315068473,0.9999999999999963,0.24156914488113096,3,
582,74,0.5587796888828463,3.025000000000002,0.23952031598354157,3.0,0.0,11.0,4.528169014084507,0,0.7535211267605634,1.7999999999999998,0.7507042253521121,0.7000000000000001,0.17095868670336742,4,
583,200,0.5582211884907012,9.824999999999989,0.2389423780551731,2.0,0.0,33.0,12.629090909090909,0.6280487804878049,1.5454545454545454,1.5,0.5927272727272728,0.6000000000000001,0.09987570083571347,3,
584,182,0.5576632463197913,7.949999999999982,0.2383659893523285,2.0,0.0,29.0,12.079681274900398,0,2.143426294820717,2.499999999999997,0.9362549800796793,0.8999999999999952,0.2850247619047612,4,
585,69,0.5571058618121739,3.700000000000003,0.237992101088804,2.0,0.0,10.0,3.801282051282051,0,0.4935897435897436,1.1,0.5525641025641027,0.6000000000000001,0.07877871378672692,4,
586,146,0.5565490344104649,5.6749999999999945,0.2376134476976516,1.0,0.0,23.0,9.167487684729064,0,0.0,1.5999999999999992,0.6935960591133005,0.7000000000000001,0.10769559308872055,4,
587,200,0.5559927635578367,8.649999999999984,0.23721581610118087,1.0,0.0,35.0,15.060085836909872,0.7361111111111112,0.0,2.299999999999996,1.1206008583690945,1.1999999999999935,0.25374336870026326,3,
588,63,0.5554370486980182,1.7000000000000013,0.2369857385374428,2.0,0.0,9.0,3.205607476635514,0,0.0,1.4,0.4915887850467292,0.5000000000000001,0.09105870020964357,4,
589,110,0.5548818892752949,4.450000000000004,0.2365808065384557,2.0,0.0,17.0,6.375,0,0.717391304347826,1.7999999999999998,0.7146739130434777,0.6999999999999991,0.1481042682026288,4,
590,26,0.5543272847345071,0.12499999999999978,0.23645476447639419,1.0,0.0,3.0,1.3661971830985915,0,0.22535211267605634,1.4000000000000001,0.571830985915493,0.5999999999999998,0.1414880952380952,4,
591,45,0.5537732345210501,2.150000000000001,0.23620441693604083,2.0,1.0,6.0,2.72,0,0.96,1.6999999999999997,0.6439999999999999,0.6000000000000001,0.16167434715821802,4,
592,200,0.5532197380808739,7.599999999999985,0.23582913915236056,2.0,1.0,32.0,14.98326359832636,0,0.03347280334728033,2.3999999999999986,1.261924686192465,1.4999999999999898,0.46688480392156606,4,
593,27,0.5526667948604818,-0.12500000000000028,0.23571286894513016,1.0,0.0,3.0,1.0757575757575757,0,0.10606060606060606,1.1,0.39242424242424256,0.40000000000000013,0.06889781859931113,4,
594,80,0.5521144043069306,5.6250000000000036,0.23533531665455895,2.0,0.0,12.0,4.513089005235602,0,0.47643979057591623,1.4,0.6272251308900524,0.6000000000000002,0.09653892543859643,4,
595,152,0.5515625658678298,5.674999999999999,0.23487814771325302,2.0,0.0,24.0,9.788177339901479,0,0.08374384236453201,1.5999999999999996,0.678817733990147,0.699999999999998,0.12206658901184225,4,
596,104,0.5510112789913407,4.275000000000003,0.23458086881187193,2.0,0.0,16.0,6.355421686746988,0,0.0963855421686747,1.9999999999999991,0.9024096385542154,0.8999999999999997,0.22048412266376277,4,
597,39,0.5504605431261766,1.4249999999999994,0.23438742279453245,2.0,0.0,5.0,1.8645833333333333,0,0.40625,1.1,0.5041666666666668,0.5000000000000002,0.08019967444384153,4,
598,129,0.5499103577216016,4.849999999999998,0.23411728829936562,1.0,0.0,20.0,7.890804597701149,0,0.0,1.1,0.4902298850574718,0.5000000000000004,0.06732056151940544,4,
599,99,0.54936072222743,4.775000000000004,0.23372668691131743,2.0,0.0,15.0,5.28494623655914,0,1.7903225806451613,1.3,0.5844086021505378,0.6000000000000001,0.0844367683191212,4,
600,176,0.5488116360940264,6.974999999999991,0.23325539650778498,2.0,0.0,28.0,12.22907488986784,0,0.0,2.2999999999999994,0.99030837004405,0.999999999999993,0.2903081819593225,4,
601,39,0.5482630987723047,1.4249999999999998,0.23306686822092937,2.0,0.0,5.0,2.405940594059406,0,1.0,1.5,0.5772277227722773,0.5999999999999998,0.11959215686274505,4,
602,116,0.5477151097137275,6.199999999999994,0.23271776053977777,2.0,0.0,18.0,6.822115384615385,0,0.1778846153846154,2.2999999999999994,0.7562499999999999,0.6499999999999997,0.27823659940364726,4,
603,80,0.5471676683703055,3.375000000000004,0.2324139454178846,2.0,0.0,12.0,4.725,0,1.13125,1.7999999999999998,0.7581249999999996,0.7000000000000002,0.17294073987265113,4,
604,74,0.5466207741945976,2.0250000000000026,0.23218099906194462,2.0,0.0,11.0,4.336633663366337,0,0.0,1.2999999999999998,0.5237623762376238,0.5000000000000001,0.10241568627450974,4,
605,80,0.5460744266397094,4.500000000000005,0.23181432172821478,2.0,0.0,12.0,5.144578313253012,0,0.6506024096385542,1.3999999999999995,0.6602409638554215,0.6999999999999993,0.12252005080747587,4,
606,33,0.5455286251592933,1.4499999999999997,0.2316397617914242,1.0,0.0,4.0,1.9578947368421054,0,0.09473684210526316,1.2999999999999998,0.5410526315789475,0.5999999999999998,0.09316710992907795,4,
607,86,0.544983369207548,4.1750000000000025,0.2313147837813518,1.0,0.0,13.0,4.604790419161676,0,0.6407185628742516,1.2000000000000002,0.6239520958083833,0.6000000000000003,0.09104632816982211,4,
608,200,0.5444386582392171,11.599999999999987,0.230730739946276,2.0,0.0,35.0,12.714754098360656,0.5729166666666666,0.6459016393442623,2.299999999999996,0.9327868852458995,0.8000000000000003,0.26535410216718175,3,
609,128,0.5438944917095899,4.8249999999999975,0.23044577042769704,2.0,0.0,20.0,8.254335260115607,0,0.0,1.6999999999999993,0.7531791907514447,0.7999999999999977,0.1527840149692594,4,
610,200,0.5433508690744998,8.774999999999988,0.22998831728844077,2.0,0.0,33.0,14.363265306122448,0.7083333333333334,0.0,2.0999999999999974,1.0240816326530575,1.0,0.21742369718779067,3,
611,39,0.542807789790324,2.025,0.2297857857461097,2.0,1.0,5.0,2.5233644859813085,0,0.11214953271028037,1.5999999999999996,0.6373831775700933,0.6000000000000003,0.12496855345911943,4,
612,98,0.5422652533139832,3.2000000000000046,0.22952530565132961,1.0,0.0,15.0,6.2727272727272725,0,0.0,1.8999999999999995,0.8461538461538447,0.8,0.24417546948356744,4,
613,92,0.541723259102941,2.975000000000003,0.22926393698345693,2.0,1.0,14.0,5.694656488549619,0,0.09923664122137404,1.6999999999999997,0.7358778625954187,0.6999999999999981,0.19589976689976657,4,
614,38,0.5411818066152029,-0.19999999999999984,0.22917346454764334,2.0,0.0,5.0,2.0153846153846153,0,0.1076923076923077,1.6999999999999997,0.6661538461538462,0.6000000000000001,0.21829071969696962,4,
615,200,0.5406408953093166,8.999999999999982,0.22880307243055525,2.0,0.0,34.0,14.355102040816327,0.668918918918919,0.08571428571428572,2.2999999999999954,1.0632653061224466,1.099999999999993,0.32273757163800937,3,
616,200,0.5401005246443706,9.774999999999986,0.228456958646701,2.0,0.0,34.0,13.699619771863118,0.6625,0.030418250950570342,2.1999999999999984,1.0190114068441034,0.9999999999999943,0.2527981147351363,3,
617,200,0.5395606940799943,10.374999999999993,0.22797747523802675,2.0,0.0,35.0,13.260223048327138,0.6190476190476191,0.23048327137546468,2.3999999999999937,0.9460966542750912,0.8999999999999988,0.28323217247097665,3,
618,200,0.539021403076357,10.199999999999987,0.2275389342534349,2.0,0.0,34.0,13.087272727272728,0.5952380952380952,0.7490909090909091,2.4999999999999956,0.9592727272727255,0.8999999999999985,0.3614006135618303,3,
619,33,0.5384826510941678,0.8249999999999995,0.22739599842616723,1.0,0.0,4.0,1.5357142857142858,0,0.0,1.0,0.4119047619047621,0.40000000000000024,0.06367682494684619,4,
620,104,0.5379444375946745,4.525,0.22712132604796056,1.0,0.0,16.0,6.127167630057803,0,0.5202312138728323,1.4999999999999996,0.6283236994219652,0.6000000000000002,0.09428762363004532,4,
621,27,0.5374067620396636,0.47499999999999964,0.22697395679523116,2.0,0.0,3.0,1.2820512820512822,0,0.24358974358974358,1.1,0.4397435897435899,0.45000000000000023,0.07240670721683377,4,
622,200,0.5368696238914595,9.374999999999984,0.22655716261752312,1.0,0.0,35.0,14.119521912350598,0.6858974358974359,0.0,2.6999999999999935,1.0486055776892402,0.9999999999999959,0.39286285714285557,3,
623,200,0.5363330226129241,11.124999999999982,0.22607688918785862,2.0,0.0,34.0,12.475524475524475,0.55,2.0874125874125875,1.6999999999999988,0.7860139860139855,0.799999999999999,0.12365205697169739,3,
624,182,0.535796957667456,6.749999999999992,0.225630422633963,2.0,0.0,29.0,12.348017621145374,0,0.05726872246696035,1.399999999999999,0.6995594713656383,0.7000000000000001,0.10233659369663088,4,
625,200,0.5352614285189903,9.27499999999998,0.22514844260620112,2.0,0.0,34.0,14.94820717131474,0.6578947368421053,0.0,2.8999999999999972,1.5745019920318681,1.7999999999999936,0.6972095238095194,3,
626,200,0.5347264346319975,9.04999999999998,0.2247598916246695,2.0,0.0,34.0,14.048,0.6578947368421053,0.776,2.399999999999998,1.0095999999999967,0.9999999999999941,0.24391174258788095,3,
627,75,0.5341919754714841,4.100000000000003,0.22453594119095396,2.0,0.0,11.0,4.612903225806452,0,0.4967741935483871,1.4999999999999996,0.5948387096774195,0.599999999999999,0.13030136530136519,4,
628,27,0.5336580505029906,0.5499999999999998,0.2243978871989616,1.0,0.0,3.0,1.5060240963855422,0,0.26506024096385544,1.4,0.49638554216867475,0.5000000000000001,0.10686991869918692,4,
629,50,0.5331246591925921,0.8500000000000009,0.22427509045881827,2.0,0.0,7.0,2.842696629213483,0,0.07865168539325842,1.6999999999999997,0.7157303370786511,0.7000000000000001,0.19550757575757538,4,
630,50,0.5325918010068972,1.4000000000000006,0.22410070078230554,2.0,0.0,7.0,3.102803738317757,0,0.8598130841121495,1.6999999999999993,0.6598130841121492,0.6000000000000001,0.19008385744234793,4,
631,21,0.5320594754130477,-0.17500000000000035,0.22400259279696408,1.0,0.0,2.0,1.0606060606060606,0,0.0,1.1,0.49242424242424254,0.5000000000000001,0.09314580941446611,4,
632,158,0.5315276818787179,6.424999999999992,0.22366189226300678,2.0,0.0,25.0,10.96551724137931,0,0.03940886699507389,2.199999999999998,0.998029556650244,0.9,0.3073927392739264,4,
633,104,0.5309964198721143,3.875,0.22343047223863768,2.0,0.0,16.0,6.432258064516129,0,0.7741935483870968,1.8999999999999981,0.8348387096774181,0.799999999999997,0.21608558108558085,4,
634,68,0.5304656888619749,3.625000000000003,0.22314338824091678,1.0,0.0,10.0,3.935483870967742,0,0.7870967741935484,1.4999999999999996,0.567741935483871,0.5000000000000006,0.11302863802863798,4,
635,110,0.5299354883175685,6.375,0.2227665136901612,2.0,0.0,17.0,6.004694835680751,0,2.051643192488263,1.7000000000000002,0.6469483568075117,0.6000000000000001,0.14887894551225525,4,
636,140,0.5294058177086945,5.4999999999999964,0.22248223101435136,1.0,0.0,22.0,9.368715083798882,0,0.7430167597765364,1.9999999999999991,0.7296089385474858,0.7000000000000001,0.18946441947565515,4,
637,38,0.5288766765056825,1.0499999999999998,0.22231954440683815,1.0,1.0,5.0,2.067415730337079,0,0.29213483146067415,1.2,0.601123595505618,0.6000000000000002,0.1037196969696969,4,
638,75,0.528348064179391,2.300000000000001,0.22205035657933128,2.0,0.0,11.0,4.2936507936507935,0,0.9285714285714286,1.2000000000000002,0.600793650793651,0.6000000000000001,0.09754519685039369,4,
639,200,0.5278199802012077,9.624999999999986,0.2215941316177641,2.0,0.0,33.0,13.492537313432836,0.65,0.19402985074626866,2.199999999999994,0.965298507462684,0.9999999999999993,0.2177913760216078,3,
640,45,0.5272924240430485,2.550000000000002,0.22136460760888613,2.0,0.0,6.0,2.732824427480916,0,1.5419847328244274,1.2999999999999998,0.5664122137404581,0.6000000000000001,0.09506060606060601,4,
641,86,0.5267653951773574,4.000000000000004,0.22111402917984951,1.0,0.0,13.0,5.548192771084337,0,0.06626506024096386,2.5999999999999983,0.9421686746987943,0.8,0.39076610415532503,4,
642,80,0.5262388930771054,5.975000000000004,0.22081527402922968,1.0,0.0,12.0,4.8316831683168315,0,1.6237623762376239,1.6999999999999997,0.679207920792079,0.6999999999999997,0.10362963507585221,4,
643,140,0.5257129172157903,4.924999999999995,0.2205229656788648,2.0,0.0,22.0,9.831460674157304,0,0.9044943820224719,2.1999999999999984,0.9865168539325827,0.8999999999999999,0.3182552157308331,4,
644,51,0.5251874670674361,4.6250000000000036,0.2202637933418284,2.0,0.0,7.0,3.664804469273743,0,0.6089385474860335,1.3,0.5955307262569834,0.6000000000000001,0.10098876404494377,4,
645,86,0.5246625421065929,3.0250000000000035,0.220063443890954,2.0,1.0,13.0,5.197183098591549,0,0.4014084507042254,2.099999999999999,0.8436619718309853,0.7999999999999974,0.2872628081138715,4,
646,39,0.5241381418083354,1.9999999999999998,0.21990655665178654,2.0,0.0,5.0,2.196261682242991,0,0.9439252336448598,1.7000000000000002,0.5700934579439253,0.5999999999999998,0.12771488469601672,4,
647,200,0.5236142656482635,11.424999999999983,0.21951004791051443,3.0,1.0,36.0,13.506849315068493,0.601063829787234,1.3150684931506849,3.199999999999988,1.3297945205479413,1.2999999999999998,0.5612764035982738,3,
648,86,0.5230909131025008,4.525000000000005,0.2191927792256389,2.0,0.0,13.0,5.491329479768786,0,0.27167630057803466,1.5999999999999988,0.6734104046242769,0.6000000000000006,0.154211440791232,4,
649,63,0.5225680836476948,2.2250000000000014,0.21898802438929782,1.0,0.0,9.0,3.3157894736842106,0,0.5789473684210527,1.1,0.4535087719298247,0.5000000000000001,0.07986225471335129,4,
650,116,0.522045776761016,5.600000000000001,0.21871373049962572,2.0,0.0,18.0,6.908629441624366,0,1.0355329949238579,1.8999999999999981,0.7984771573604048,0.7999999999999988,0.19721088435374107,4,
651,69,0.5215239919201575,2.8250000000000024,0.21849314708726783,1.0,0.0,10.0,3.909090909090909,0,0.7954545454545454,1.3,0.603030303030303,0.6000000000000001,0.09999655627618662,4,
652,80,0.5210027286033344,3.325000000000001,0.21827955020476314,1.0,0.0,12.0,4.416058394160584,0,0.7445255474452555,1.4999999999999996,0.6094890510948906,0.6000000000000001,0.11779944586530258,4,
653,146,0.5204819862892832,7.149999999999999,0.21796927324738322,1.0,0.0,23.0,9.244635193133048,0,0.8798283261802575,1.5999999999999996,0.6673819742489266,0.6999999999999988,0.10614832007073374,4,
654,200,0.5199617644572618,8.624999999999982,0.21762667967041968,2.0,0.0,33.0,15.017167381974248,0.7352941176470589,0.030042918454935622,2.399999999999995,1.0948497854077217,0.9999999999999997,0.3576624668434999,3,
655,182,0.5194420625870482,8.974999999999987,0.2172962767537829,2.0,0.0,29.0,11.571428571428571,0,0.46785714285714286,2.3999999999999937,1.048214285714283,0.9000000000000004,0.36935866528909583,4,
656,116,0.5189228801589404,5.174999999999997,0.21707377791002005,2.0,0.0,18.0,7.005586592178771,0,0.0,1.9000000000000004,0.6860335195530725,0.6000000000000001,0.21226966292134805,4,
657,200,0.5184042166537559,10.299999999999983,0.21663857239437073,2.0,0.0,35.0,13.71003717472119,0.6547619047619048,0.6356877323420075,2.6999999999999966,1.108921933085499,1.0999999999999983,0.3523416252072944,3,
658,164,0.5178860715528314,6.424999999999993,0.21640747025496437,1.0,0.0,26.0,11.369458128078819,0,0.0,2.2999999999999976,0.8177339901477826,0.7000000000000001,0.3120083478936123,4,
659,80,0.5173684443380216,3.800000000000003,0.2161969104470692,1.0,0.0,12.0,4.22360248447205,0,0.6149068322981367,1.5,0.5968944099378881,0.5999999999999991,0.141548611111111,4,
660,200,0.5168513344916992,9.299999999999976,0.21591626834436728,2.0,0.0,33.0,13.933852140077821,0.6842105263157895,1.3929961089494163,2.199999999999996,1.0019455252918252,0.9999999999999988,0.2303109859496113,3,
661,200,0.5163347414967544,8.749999999999982,0.21565668792906229,1.0,0.0,33.0,14.087649402390438,0.6578947368421053,0.7689243027888446,2.799999999999997,1.0294820717131443,0.9999999999999921,0.3981809523809516,3,
662,38,0.5158186648365941,0.700000000000001,0.21553971605279504,1.0,0.0,5.0,1.9518072289156627,0,0.0,1.2999999999999998,0.6048192771084335,0.6000000000000001,0.1305981416957026,4,
663,200,0.5153031039951417,9.999999999999984,0.21517622203452363,1.0,0.0,34.0,13.657794676806084,0.65,1.4866920152091254,2.699999999999994,1.034980988593153,0.9999999999999926,0.3349788919731648,3,
664,57,0.5147880584568362,2.0750000000000006,0.2149946805359919,1.0,0.0,8.0,3.1848739495798317,0,0.7478991596638656,1.4999999999999998,0.5630252100840337,0.5999999999999995,0.10939689265536717,4,
665,200,0.5142735277066319,9.099999999999985,0.2145606400927435,2.0,0.0,35.0,14.716738197424892,0.7361111111111112,0.0,1.8999999999999946,0.9145922746781098,0.9,0.20124999999999854,3,
666,200,0.5137595112299983,9.824999999999982,0.21425951397234633,2.0,0.0,36.0,14.49800796812749,0.7,0.027888446215139442,2.699999999999989,1.2326693227091594,1.1999999999999948,0.35543238095237817,3,
667,200,0.5132460085129188,10.449999999999989,0.21392527218233084,3.0,0.0,35.0,14.201492537313433,0.6666666666666666,0.19029850746268656,2.6999999999999935,1.3123134328358175,1.3999999999999961,0.47563858374058127,3,
668,27,0.5127330190418905,0.7249999999999999,0.21382008899555113,1.0,0.0,3.0,1.4545454545454546,0,0.09090909090909091,1.4,0.5155844155844155,0.5000000000000001,0.11250337381916324,4,
669,200,0.512220542303924,10.099999999999985,0.21345517108789355,2.0,0.0,35.0,13.935114503816793,0.6646341463414634,1.5687022900763359,2.599999999999992,1.1442748091603028,1.0999999999999974,0.28674620864472494,3,
670,200,0.5117085777865424,12.149999999999984,0.213012219737567,2.0,1.0,34.0,12.970491803278689,0.5691489361702128,2.6262295081967215,2.8999999999999977,1.1334426229508174,0.9999999999999912,0.5542318111455087,3,
671,27,0.5111971249777814,0.925,0.21286713212242536,1.0,0.0,3.0,1.3111111111111111,0,0.2111111111111111,0.9,0.3611111111111113,0.40000000000000013,0.050827262625015426,4,
672,158,0.5106861833661879,8.149999999999993,0.21252843251208725,2.0,0.0,25.0,9.589641434262948,0,0.6653386454183267,1.9999999999999982,0.8956175298804756,0.8,0.2848857142857129,4,
673,164,0.5101757524408203,5.72499999999999,0.21227637119228898,2.0,0.0,26.0,11.556650246305418,0,0.0,2.6999999999999975,0.9300492610837421,0.8000000000000005,0.3231935546495817,4,
674,188,0.5096658316912476,7.374999999999988,0.21200190419335535,2.0,0.0,30.0,13.678414096916299,0,0.8634361233480177,2.2999999999999963,1.0563876651982336,1.0999999999999908,0.26819127464679327,4,
675,194,0.5091564206075492,10.14999999999999,0.21161166847531615,2.0,0.0,31.0,11.768456375838927,0,0.7818791946308725,1.6999999999999984,0.7744966442953011,0.7999999999999989,0.13317658187223366,4,
676,200,0.5086475186803137,8.449999999999985,0.21130620554235513,2.0,0.0,34.0,15.914163090128755,0.7357142857142858,0.030042918454935622,2.89999999999999,1.6330472103004239,1.6999999999999962,0.5592186118479171,3,
677,200,0.5081391254006393,9.199999999999985,0.2110488961517571,2.0,1.0,34.0,14.388,0.6842105263157895,0.052,2.2999999999999936,1.1871999999999958,1.1999999999999997,0.2747205555288865,3,
678,200,0.5076312402601327,10.499999999999982,0.21071566472267475,2.0,0.0,37.0,15.0,0.6428571428571429,0.875,3.499999999999991,1.7300781249999966,1.8999999999999986,1.0841509117265509,3,
679,200,0.5071238627509086,8.924999999999985,0.21040208111542458,2.0,1.0,35.0,14.951020408163265,0.6973684210526315,0.11020408163265306,2.5999999999999894,1.4061224489795872,1.4999999999999916,0.3680094628815102,3,
680,51,0.5066169923655895,2.1750000000000016,0.21023434590068482,1.0,0.0,7.0,3.1403508771929824,0,0.2982456140350877,1.2,0.5377192982456143,0.5000000000000007,0.09007541362062327,4,
681,200,0.5061106285973052,9.399999999999984,0.20989890477574502,3.0,0.0,33.0,13.740458015267176,0.6730769230769231,0.732824427480916,2.599999999999996,0.9610687022900744,0.8999999999999999,0.24970936584939385,3,
682,45,0.5056047709396915,1.85,0.2097363344644996,2.0,0.0,6.0,2.1403508771929824,0,0.17543859649122806,1.1000000000000005,0.4429824561403512,0.40000000000000074,0.0682454790303963,4,
683,21,0.5050994188868908,-0.30000000000000027,0.20967195467042746,2.0,0.0,2.0,0.9,0,0.7,1.1,0.4866666666666668,0.5000000000000001,0.09518199499861071,4,
684,74,0.5045945719335512,3.275000000000003,0.2094972851461982,2.0,1.0,11.0,4.085106382978723,0,0.900709219858156,1.7999999999999998,0.7219858156028365,0.7000000000000001,0.15548189134808846,4,
685,38,0.5040902295748255,0.6250000000000009,0.2093771455397433,1.0,0.0,5.0,1.819277108433735,0,0.08433734939759036,1.2999999999999998,0.5253012048192771,0.5000000000000001,0.0990127758420441,4,
686,92,0.5035863913063714,3.425000000000004,0.20920307746823774,2.0,0.0,14.0,5.335766423357664,0,0.0,1.2999999999999998,0.5919708029197082,0.6000000000000001,0.08804241261722076,4,
687,200,0.5030830566243506,9.974999999999985,0.20882771567323238,1.0,0.0,35.0,14.50390625,0.675,0.03515625,2.8999999999999946,1.3808593749999967,1.349999999999995,0.5261651026169192,3,
688,51,0.5025802250254283,2.225000000000001,0.20868227750095117,2.0,1.0,7.0,2.6018518518518516,0,0.46296296296296297,1.2000000000000002,0.5314814814814816,0.5000000000000004,0.10049901397582096,4,
689,200,0.502077896006773,10.89999999999998,0.20842307174243244,3.0,0.0,35.0,13.541818181818181,0.622093023255814,0.2581818181818182,2.8999999999999972,1.1534545454545422,1.0999999999999917,0.47478525335871924,3,
690,69,0.5015760690660555,1.6500000000000021,0.2082790624801852,1.0,0.0,10.0,3.9313725490196076,0,0.0,1.2000000000000004,0.58921568627451,0.6000000000000003,0.10234451600499857,4,
691,68,0.5010747437014489,2.600000000000001,0.20810370156450114,2.0,0.0,10.0,4.044117647058823,0,0.4338235294117647,1.9,0.7816176470588229,0.7999999999999993,0.1704801297648012,4,
692,200,0.5005739194116277,9.999999999999984,0.20787694807106918,2.0,0.0,34.0,14.69921875,0.6858974358974359,0.06640625,2.6999999999999966,1.444140624999996,1.4499999999999942,0.5442708476386634,3,
693,39,0.5000735956957676,1.5999999999999996,0.2077596577586855,1.0,0.0,5.0,2.1386138613861387,0,0.12871287128712872,1.2999999999999998,0.5178217821782178,0.5000000000000001,0.09790980392156856,4,
694,74,0.4995737720535449,3.850000000000003,0.20756564756256268,2.0,1.0,11.0,4.328859060402684,0,0.4966442953020134,1.8999999999999995,0.6570469798657715,0.6000000000000001,0.16567927927927914,4,
695,98,0.49907444798513595,4.725000000000006,0.20734866543314573,2.0,0.0,15.0,6.505263157894737,0,1.5263157894736843,2.399999999999998,0.9968421052631566,0.9999999999999996,0.2984193467963096,4,
696,200,0.4985756229912165,8.624999999999984,0.2070074451434126,2.0,0.0,34.0,15.708154506437769,0.7357142857142858,0.0,3.099999999999992,1.509442060085833,1.499999999999997,0.6582062334217462,3,
697,51,0.4980772965729616,1.5250000000000004,0.20692644496259577,2.0,0.0,7.0,2.3125,0,0.0,1.1000000000000003,0.3979166666666669,0.40000000000000024,0.06729462832338577,4,
698,62,0.4975794682320448,1.9000000000000021,0.20682908178271464,2.0,0.0,9.0,3.4867256637168142,0,0.4424778761061947,1.5999999999999996,0.6858407079646014,0.6999999999999988,0.15326284461152864,4,
699,194,0.4970821374706377,8.574999999999983,0.20644671729554093,2.0,0.0,31.0,12.67680608365019,0,0.10266159695817491,2.2999999999999994,0.8684410646387819,0.8,0.2499962410363166,4,
700,116,0.49658530379140947,6.2500000000000036,0.20616046230916546,1.0,0.0,18.0,7.3125,0,0.22596153846153846,1.9000000000000004,0.71875,0.6999999999999993,0.17950835586991185,4,
701,45,0.49608896669752645,1.7500000000000007,0.20604803309197084,1.0,0.0,6.0,2.611111111111111,0,0.08333333333333333,1.3,0.5370370370370372,0.5500000000000003,0.08789505273085826,4,
702,21,0.4955931256926514,-0.050000000000000294,0.20596215432529577,1.0,1.0,2.0,1.0,0,0.21212121212121213,1.2000000000000002,0.45606060606060617,0.4500000000000002,0.10036509758897817,4,
703,200,0.4950977802809434,11.149999999999986,0.205535671479383,3.0,0.0,34.0,12.535836177474403,0.5722222222222222,0.6450511945392492,1.899999999999999,0.8399317406143328,0.8000000000000002,0.17700820054048896,3,
704,69,0.494602929967057,2.2000000000000015,0.20539255294232842,2.0,0.0,10.0,3.6666666666666665,0,0.0,1.2000000000000004,0.47037037037037066,0.5000000000000002,0.0739432393037812,4,
705,27,0.4941085742561417,0.1499999999999997,0.20529736856031672,1.0,0.0,3.0,1.267605633802817,0,0.36619718309859156,1.4,0.504225352112676,0.5,0.1280357142857142,4,
706,200,0.4936147126538418,9.77499999999999,0.2049467639160073,2.0,0.0,34.0,13.123595505617978,0.6280487804878049,1.794007490636704,1.699999999999998,0.8003745318352051,0.7999999999999979,0.12408399730669947,3,
707,200,0.49312134466629576,9.32499999999998,0.2046981879046313,1.0,0.0,35.0,15.096234309623432,0.722972972972973,0.8158995815899581,3.2999999999999927,1.3146443514644326,1.2,0.6925591736694633,3,
708,200,0.49262846980013547,9.099999999999985,0.20437090234254665,2.0,0.0,35.0,14.82857142857143,0.6602564102564102,0.8816326530612245,2.6999999999999886,1.3326530612244845,1.3999999999999906,0.3375516460082602,3,
709,45,0.492136087562486,0.8500000000000008,0.2042647668149917,2.0,0.0,6.0,2.0,0,0.0,1.0,0.41444444444444456,0.40000000000000024,0.0694666008149154,4,
710,38,0.4916441974609651,1.2750000000000006,0.2041770756517633,1.0,0.0,5.0,2.0105263157894737,0,0.5157894736842106,1.2999999999999998,0.5410526315789473,0.5000000000000002,0.11211657801418429,4,
711,98,0.4911527990036827,3.150000000000003,0.2040123785939569,1.0,0.0,15.0,6.290076335877862,0,0.061068702290076333,1.4999999999999996,0.7129770992366405,0.7000000000000001,0.13655710955710934,4,
712,62,0.4906618916992401,1.7750000000000015,0.2038715210451119,2.0,0.0,9.0,3.327731092436975,0,0.07563025210084033,2.0999999999999996,0.6689075630252096,0.5999999999999986,0.23610875706214665,4,
713,33,0.4901714750567302,0.8999999999999996,0.20377877210783457,2.0,0.0,4.0,1.7108433734939759,0,0.9156626506024096,1.4,0.5686746987951807,0.6000000000000001,0.12385598141695697,4,
714,45,0.4896815485857362,1.7500000000000002,0.20366674079739838,2.0,0.0,6.0,2.5185185185185186,0,0.5833333333333334,1.3000000000000003,0.5814814814814815,0.6000000000000001,0.10707365171911169,4,
715,200,0.48919211179633154,9.449999999999983,0.2034304110533527,2.0,0.0,34.0,13.863117870722434,0.625,0.7870722433460076,2.5999999999999934,1.1992395437262326,1.1999999999999944,0.43247715706684886,3,
716,200,0.4887031641990795,12.399999999999993,0.2031759244601447,2.0,0.0,35.0,13.183870967741935,0.5867346938775511,0.7064516129032258,2.3999999999999955,1.0929032258064493,1.0999999999999983,0.2407263343010835,3,
717,74,0.4882147053050323,2.850000000000002,0.20302527217062377,2.0,0.0,11.0,4.153846153846154,0,0.2076923076923077,1.7000000000000002,0.676923076923077,0.6999999999999993,0.13347535357121718,4,
718,62,0.4877267346257312,3.1250000000000027,0.2029058486883372,1.0,0.0,9.0,3.802919708029197,0,0.0,1.4,0.57007299270073,0.5000000000000004,0.12575341005967594,4,
719,200,0.48723925167320525,9.824999999999983,0.20269152636985704,2.0,0.0,37.0,16.297071129707113,0.7115384615384616,0.0,4.599999999999995,2.0502092050209173,1.699999999999998,1.776840686274505,3,
720,200,0.4867522559599717,12.574999999999989,0.20237657156617886,2.0,0.0,36.0,13.721311475409836,0.6173469387755102,0.02622950819672131,2.9999999999999925,1.1590163934426216,0.8999999999999998,0.643146929824558,3,
721,200,0.4862657469990346,9.649999999999977,0.20216691215202154,2.0,0.0,35.0,15.204081632653061,0.6858974358974359,0.7346938775510204,3.1999999999999966,1.5579591836734663,1.7999999999999892,0.7932253765160567,3,
722,200,0.485779724303885,10.524999999999988,0.2018252106383972,2.0,0.0,34.0,12.957142857142857,0.622093023255814,0.8035714285714286,1.7999999999999998,0.8424999999999987,0.8000000000000004,0.1574457582367116,3,
723,39,0.4852941873885002,0.6750000000000008,0.20174064294601762,1.0,0.0,5.0,1.5897435897435896,0,0.0,0.8000000000000004,0.3935897435897438,0.40000000000000024,0.053942133815551525,4,
724,200,0.48480913576734325,11.524999999999988,0.2014496215711519,3.0,0.0,36.0,13.482876712328768,0.5904255319148937,0.571917808219178,3.4999999999999925,1.3565068493150656,1.1499999999999984,0.6797944008538239,3,
725,33,0.48432456895536247,1.7250000000000003,0.20135201041706918,2.0,1.0,4.0,2.1415929203539825,0,0.6017699115044248,1.4,0.5212389380530974,0.5000000000000001,0.10876096491228066,4,
726,200,0.483840486467991,9.549999999999981,0.2010877591879247,2.0,1.0,37.0,16.920704845814978,0.75,0.030837004405286344,3.5999999999999863,2.039647577092505,2.2999999999999874,0.6511279304455769,3,
727,134,0.48335688782114633,9.849999999999996,0.20082760752917656,2.0,0.0,21.0,9.097643097643097,0,1.138047138047138,1.6999999999999997,0.7104377104377102,0.6999999999999997,0.11319200072555771,4,
728,62,0.48287377253122976,2.1000000000000014,0.2006942281631356,2.0,0.0,9.0,3.336448598130841,0,0.0,1.2999999999999998,0.6093457943925233,0.6000000000000001,0.10721174004192863,4,
729,200,0.4823911401151259,11.999999999999984,0.2004067661960582,3.0,0.0,35.0,13.00983606557377,0.5520833333333334,0.8950819672131147,2.999999999999993,1.2514754098360623,1.1,0.6649967750257942,3,
730,44,0.48190899009020244,1.3750000000000007,0.20030351379056346,2.0,0.0,6.0,2.2842105263157895,0,0.43157894736842106,1.4999999999999998,0.56,0.5999999999999995,0.10767508865248221,4,
731,200,0.4814273219743092,9.799999999999978,0.20006635418437382,3.0,0.0,35.0,16.01953125,0.6875,0.0,4.499999999999992,2.236328124999996,2.1999999999999935,1.6406974898908906,3,
732,116,0.480946135285778,4.9999999999999964,0.19987808196721651,2.0,0.0,18.0,7.063157894736842,0,1.0947368421052632,2.1999999999999957,0.9399999999999988,0.8999999999999997,0.2581966259453161,4,
733,44,0.48046542954342225,1.1749999999999994,0.1997839007215598,1.0,0.0,6.0,2.4947368421052634,0,0.22105263157894736,1.5999999999999992,0.6863157894736839,0.7,0.1713054078014182,4,
734,152,0.479985204266536,6.199999999999994,0.19956752740952027,3.0,0.0,24.0,10.299492385786802,0,0.09644670050761421,2.1999999999999975,0.8776649746192877,0.8999999999999961,0.20153679653679596,4,
735,200,0.4795054589748941,10.149999999999986,0.19924823469699576,2.0,0.0,35.0,13.9140625,0.65,0.02734375,2.499999999999994,1.066796874999998,1.0,0.3550357824063454,3,
736,200,0.4790261931887511,10.849999999999989,0.19898889420159027,2.0,0.0,35.0,13.667883211678832,0.6104651162790697,0.8284671532846716,2.699999999999996,1.2671532846715294,1.349999999999995,0.39797748917748604,3,
737,158,0.4785474064288412,11.024999999999999,0.19867650382358965,2.0,0.0,25.0,9.682926829268293,0,1.521341463414634,1.8999999999999995,0.7631097560975605,0.7499999999999992,0.15312224050268144,4,
738,44,0.4780690982163776,1.625,0.1985804771483515,1.0,0.0,6.0,2.38,0,0.15,1.4,0.6789999999999998,0.6999999999999998,0.13067206720672056,4,
739,188,0.4775912680730521,10.774999999999993,0.19830643822345623,2.0,0.0,30.0,12.195121951219512,0,1.478658536585366,1.899999999999999,0.9295731707317051,0.9999999999999962,0.18562105537120138,4,
740,200,0.4771139155210344,10.674999999999988,0.1980599365507664,2.0,0.0,35.0,13.516363636363636,0.6453488372093024,1.450909090909091,2.1999999999999953,1.0596363636363606,1.0000000000000004,0.26873796678302914,3,
741,50,0.47663704008297203,2.3000000000000016,0.1979398122897365,2.0,0.0,7.0,3.05607476635514,0,0.0,1.5999999999999996,0.6317757009345792,0.6000000000000001,0.16236897274633108,4,
742,200,0.4761606412819894,11.549999999999985,0.19767065747861154,2.0,1.0,33.0,13.456591639871382,0.5691489361702128,1.9389067524115755,2.9999999999999947,1.2668810289389036,1.0999999999999992,0.6894890405293587,3,
743,200,0.4756847186416878,10.124999999999979,0.1973654756460406,2.0,0.0,35.0,13.624087591240876,0.5872093023255814,0.8722627737226277,2.599999999999998,1.2781021897810185,1.399999999999994,0.3814963702963674,3,
744,44,0.47520927168614446,2.4250000000000016,0.1972647707237132,1.0,0.0,6.0,3.6074074074074076,0,1.3037037037037038,1.8999999999999995,0.9162962962962955,0.8999999999999989,0.25248902546093055,4,
745,200,0.4747342999399124,9.77499999999998,0.19704081881580687,2.0,0.0,35.0,14.597609561752988,0.6858974358974359,0.027888446215139442,2.5999999999999885,1.3354581673306725,1.399999999999999,0.41034285714285296,3,
746,164,0.4742598029280199,7.549999999999994,0.19680478327998574,1.0,0.0,26.0,10.849137931034482,0,0.6982758620689655,2.0999999999999956,0.9806034482758591,0.9999999999999933,0.23424019471229712,4,
747,188,0.4737857801759698,6.999999999999984,0.19658302117636645,2.0,0.0,30.0,14.118942731277533,0,0.0,3.299999999999997,1.3048458149779696,1.0999999999999923,0.6743067846607661,4,
748,50,0.4733122312097393,2.600000000000002,0.19645395101162788,1.0,1.0,7.0,3.2116788321167884,0,1.0656934306569343,1.6999999999999993,0.6795620437956202,0.6999999999999988,0.15360507246376798,4,
749,200,0.47283915555577954,12.199999999999992,0.1961102227475137,2.0,0.0,36.0,13.0,0.576530612244898,0.4440789473684211,2.6999999999999904,1.1470394736842076,1.0999999999999974,0.34848184818481537,3,
750,63,0.4723665527410147,5.050000000000003,0.19595627713349362,2.0,0.0,9.0,4.273743016759776,0,0.6089385474860335,1.4999999999999996,0.6458100558659218,0.6000000000000005,0.1082958801498126,4,
751,98,0.471894422292842,5.450000000000005,0.1957750712047,2.0,0.0,15.0,5.99009900990099,0,0.6039603960396039,1.8999999999999986,0.7267326732673264,0.699999999999998,0.18473543611989293,4,
752,33,0.4714227637391309,1.8749999999999993,0.19569038271486472,2.0,0.0,4.0,1.8796296296296295,0,0.49074074074074076,1.2000000000000002,0.4981481481481483,0.5000000000000001,0.07926262539655318,4,
753,44,0.4709515766082228,2.550000000000001,0.19558022917377116,1.0,0.0,6.0,2.632,0,0.512,1.2999999999999998,0.5672,0.6000000000000001,0.09725038402457752,4,
754,51,0.47048086042893056,1.7750000000000008,0.19549557947706747,2.0,0.0,7.0,2.4313725490196076,0,0.14705882352941177,1.0000000000000004,0.4656862745098042,0.5000000000000002,0.06324041141978276,4,
755,200,0.47001061473053796,10.749999999999988,0.19524710102492393,2.0,0.0,36.0,14.041044776119403,0.6686046511627907,1.6194029850746268,2.7999999999999923,1.216044776119401,1.0999999999999992,0.4597862801609484,3,
756,62,0.46954083904279925,2.2500000000000018,0.19514910646409184,2.0,0.0,9.0,3.3451327433628317,0,0.07079646017699115,1.6,0.6008849557522122,0.5000000000000002,0.1680654761904761,4,
757,39,0.4690715328959387,1.8250000000000002,0.19505063981515525,1.0,0.0,5.0,2.3425925925925926,0,0.25,1.3,0.5092592592592594,0.5000000000000002,0.09251479036268538,4,
758,200,0.46860269582065023,12.349999999999993,0.1947526096373101,2.0,0.0,37.0,14.173913043478262,0.6275510204081632,0.43478260869565216,3.4999999999999902,1.4421404682274226,1.1,0.8983011185682276,3,
759,128,0.4681343273480965,8.050000000000004,0.19452743936842876,2.0,0.0,20.0,7.494296577946768,0,2.011406844106464,2.199999999999997,0.8821292775665385,0.7999999999999944,0.29903857275040385,4,
760,200,0.46766642700990924,10.099999999999985,0.1943098894911537,2.0,0.0,36.0,14.457142857142857,0.6987179487179487,0.0,2.5999999999999908,1.1097959183673438,1.0999999999999979,0.365624416899904,3,
761,81,0.4671989943381879,3.6750000000000016,0.19417266053060545,2.0,0.0,12.0,4.402777777777778,0,0.2013888888888889,1.2000000000000004,0.48194444444444473,0.5000000000000001,0.08203906438389198,4,
762,50,0.46673202886549986,1.35,0.19410509455194894,2.0,0.0,7.0,2.6842105263157894,0,0.2736842105263158,1.4999999999999996,0.6547368421052632,0.7000000000000001,0.13280806737588643,4,
763,200,0.46626553012487953,11.474999999999984,0.19390953837831854,2.0,0.0,36.0,13.78397212543554,0.5978260869565217,1.5679442508710801,3.0999999999999877,1.483623693379787,1.5999999999999983,0.6551056235431179,3,
764,200,0.46579949764982825,10.024999999999984,0.19367708688066787,2.0,1.0,35.0,15.334661354581673,0.6602564102564102,0.03187250996015936,3.29999999999999,1.8063745019920268,1.9999999999999938,0.8417257142857087,3,
765,200,0.4653339309743134,10.099999999999984,0.19345309977971592,2.0,0.0,36.0,15.240816326530613,0.6987179487179487,0.0,2.9999999999999893,1.5799999999999954,1.7999999999999936,0.6515700386512004,3,
766,74,0.46486882963276827,4.950000000000004,0.1932945257609165,1.0,0.0,11.0,5.247368421052632,0,0.9052631578947369,1.8999999999999986,0.7663157894736835,0.7000000000000001,0.15792238012133275,4,
767,146,0.46440419316009157,6.224999999999993,0.19305726329523534,2.0,0.0,23.0,9.901477832512315,0,0.034482758620689655,2.499999999999994,1.0985221674876822,1.0999999999999979,0.3443904096291962,4,
768,74,0.4639400210916467,3.5250000000000017,0.19291792040912586,2.0,0.0,11.0,4.261744966442953,0,0.697986577181208,1.6,0.6409395973154361,0.6000000000000001,0.11329549549549545,4,
769,200,0.4634763129632616,9.624999999999986,0.19272710839641308,2.0,0.0,35.0,14.6,0.6858974358974359,0.056,2.599999999999997,1.314399999999997,1.2499999999999991,0.4763602617641851,3,
770,176,0.46301306831122807,7.049999999999989,0.19251762052711413,2.0,0.0,28.0,12.180995475113122,0,0.0,1.8999999999999977,0.8502262443438898,0.8000000000000003,0.2527313677313668,4,
771,45,0.4625502866723014,3.1500000000000004,0.1924120927170418,1.0,0.0,6.0,2.761904761904762,0,0.29365079365079366,1.2000000000000002,0.481746031746032,0.5000000000000001,0.07403653543307086,4,
772,98,0.4620879675837,6.0749999999999975,0.19224790351675486,2.0,0.0,15.0,5.686486486486486,0,0.772972972972973,1.6999999999999997,0.6459459459459458,0.6000000000000002,0.1187032491818606,4,
773,200,0.4616261105831047,10.724999999999987,0.19206256094871565,1.0,0.0,35.0,13.645914396887159,0.6280487804878049,0.05058365758754864,2.1999999999999913,0.9272373540856006,0.9999999999999939,0.2268880208333312,3,
774,93,0.4611647152086584,6.650000000000007,0.19190405372736763,2.0,0.0,14.0,5.842105263157895,0,0.9912280701754386,1.2000000000000002,0.5385964912280704,0.5000000000000007,0.07798549525806507,4,
775,200,0.4607037809989658,12.974999999999984,0.1916823313310076,2.0,1.0,36.0,13.805280528052805,0.5867346938775511,1.2574257425742574,3.3999999999999893,1.5448844884488415,1.2000000000000002,0.8299416172882477,3,
776,200,0.46024330749309256,10.949999999999987,0.1914601716748225,2.0,0.0,36.0,13.85820895522388,0.622093023255814,0.11567164179104478,2.9999999999999973,1.287686567164175,1.1999999999999924,0.5217586288514805,3,
777,27,0.4597832942305652,0.2999999999999997,0.19141289746581214,1.0,0.0,3.0,1.3333333333333333,0,0.1388888888888889,1.4000000000000001,0.5305555555555557,0.5000000000000002,0.11881149913177695,4,
778,200,0.45932374075137034,11.99999999999999,0.19115732098413096,2.0,0.0,35.0,13.100671140939598,0.5797872340425532,0.0,2.4999999999999907,1.1429530201342248,1.099999999999999,0.33352792135400533,3,
779,200,0.4588646465959545,9.999999999999982,0.19090719288871605,2.0,0.0,34.0,13.732342007434944,0.6280487804878049,0.6505576208178439,2.3999999999999932,1.2026022304832666,1.299999999999991,0.29772968490878654,3,
780,200,0.4584060113052235,10.199999999999985,0.1906740038536987,2.0,1.0,34.0,13.621722846441948,0.5833333333333334,1.5355805243445693,2.799999999999995,1.1464419475655403,1.0999999999999956,0.3784477050836023,3,
781,200,0.45794783442054204,9.424999999999983,0.19046729929898995,2.0,0.0,33.0,14.677290836653386,0.6578947368421053,0.9282868525896414,3.199999999999994,1.383266932270913,1.29999999999999,0.6322399999999971,3,
782,200,0.45749011548373314,10.299999999999986,0.1902655409522241,2.0,0.0,35.0,14.295719844357977,0.675,0.0311284046692607,2.5999999999999948,1.2750972762645874,1.399999999999991,0.4403981952519339,3,
783,92,0.4570328540370779,3.7000000000000033,0.19016709946199367,2.0,0.0,14.0,5.643356643356643,0,0.22377622377622378,1.7999999999999985,0.8671328671328661,0.9,0.23508509389671284,4,
784,200,0.4565760496233147,15.099999999999987,0.1898675409195904,2.0,0.0,36.0,12.467787114845938,0.4913793103448276,1.7254901960784315,2.6999999999999935,0.9809523809523798,0.8000000000000005,0.35442988512962004,3,
785,200,0.4561197017856392,15.299999999999992,0.18962824057455846,2.0,0.0,36.0,13.986486486486486,0.5333333333333333,1.4,3.099999999999994,1.0178378378378359,0.8999999999999992,0.34411675760962335,3,
786,200,0.4556638100677035,10.774999999999991,0.1894489089483503,4.0,0.0,34.0,13.576512455516013,0.6337209302325582,0.24199288256227758,3.0999999999999925,1.1469750889679682,1.0000000000000004,0.5192945795339385,3,
787,62,0.45520837401361586,4.2500000000000036,0.18931070773073694,2.0,0.0,9.0,4.0,0,0.8795180722891566,1.9,0.6963855421686747,0.6000000000000003,0.17686082380693147,4,
788,56,0.45475339316794017,3.175000000000003,0.18922044943759614,2.0,0.0,8.0,3.5182481751824817,0,0.9781021897810219,1.4,0.5788321167883212,0.6000000000000001,0.10342604433077576,4,
789,200,0.4542988670756955,11.374999999999984,0.18898828153502223,2.0,0.0,36.0,14.607272727272727,0.625,0.21454545454545454,3.8999999999999932,1.7927272727272685,1.6999999999999975,1.2571273669734393,3,
790,80,0.45384479528235583,5.7000000000000055,0.18881829613299014,2.0,0.0,12.0,5.305418719211823,0,2.231527093596059,1.8999999999999995,0.6669950738916253,0.6000000000000003,0.14034265191224987,4,
791,200,0.4533911773338492,11.29999999999998,0.18863161158980715,2.0,0.0,37.0,14.274809160305344,0.6569767441860465,0.8244274809160306,3.3999999999999906,1.3870229007633552,1.2999999999999943,0.6423600367116775,3,
792,200,0.4529380127765577,9.324999999999976,0.18848217006050108,4.0,0.0,36.0,15.677824267782427,0.7236842105263158,0.8493723849372385,3.599999999999996,1.663598326359828,1.7999999999999932,0.7347965686274478,3,
793,200,0.4524853011573167,10.474999999999982,0.1882645011768645,3.0,0.0,36.0,14.414448669201521,0.6666666666666666,0.8326996197718631,2.9999999999999964,1.447908745247144,1.499999999999993,0.5521614041175061,3,
794,51,0.45203304202341466,3.3500000000000014,0.1881563233929863,2.0,0.0,7.0,3.0072992700729926,0,0.10948905109489052,1.6000000000000005,0.6007299270072993,0.6000000000000001,0.10474957374254049,4,
795,51,0.4515812349225922,1.9750000000000014,0.1880678373401533,1.0,0.0,7.0,3.307017543859649,0,1.736842105263158,1.3,0.6377192982456141,0.7,0.10305886879569061,4,
796,200,0.45112987940304233,10.97499999999998,0.18786331881776366,3.0,1.0,36.0,14.18909090909091,0.5795454545454546,0.20727272727272728,3.59999999999999,1.6465454545454508,1.7999999999999958,1.0795932508198383,3,
797,200,0.4506789750134095,12.974999999999993,0.18766391535303076,2.0,0.0,35.0,12.870253164556962,0.56,2.2721518987341773,2.4999999999999902,1.0256329113924023,0.9999999999999979,0.2502631816133374,3,
798,68,0.45022852130278923,3.1000000000000023,0.1875701259857191,1.0,0.0,10.0,3.610294117647059,0,0.4852941176470588,1.5,0.6404411764705881,0.6000000000000002,0.13035685320356843,4,
799,116,0.44977851782072775,3.8500000000000014,0.1874490079468785,1.0,0.0,18.0,7.688311688311688,0,0.045454545454545456,1.799999999999998,0.8129870129870117,0.7999999999999966,0.18944971537001856,4,
800,200,0.44932896411722156,8.924999999999981,0.1872949147289159,2.0,0.0,35.0,16.004405286343612,0.75,0.0,2.899999999999988,1.489867841409686,1.599999999999996,0.37342881540133155,3,
801,81,0.448879859742717,5.925000000000004,0.18713984846136514,2.0,0.0,12.0,5.106060606060606,0,0.6161616161616161,1.3000000000000005,0.5520202020202022,0.6000000000000001,0.08401321327449426,4,
802,200,0.4484312042481095,9.124999999999986,0.18693661216550597,2.0,0.0,36.0,15.594713656387665,0.75,0.0,2.6999999999999913,1.2440528634361208,1.3000000000000003,0.5009765564353323,3,
803,188,0.44798299718474366,9.724999999999984,0.18680089783306164,2.0,1.0,30.0,11.79642857142857,0,2.0535714285714284,2.399999999999997,0.9474999999999978,0.8999999999999945,0.2673543029885578,4,
804,200,0.44753523810441237,9.899999999999984,0.1866399977730967,2.0,0.0,35.0,14.581673306772908,0.6730769230769231,0.10358565737051793,2.599999999999995,1.3402390438246963,1.4999999999999885,0.346872380952379,3,
805,200,0.4470879265593564,9.474999999999982,0.1865217484264812,2.0,0.0,36.0,15.154811715481172,0.7105263157894737,0.0,2.699999999999998,1.3648535564853523,1.4,0.5113259803921534,3,
806,200,0.44664106210226434,10.249999999999982,0.18634081613091877,3.0,1.0,34.0,13.872262773722628,0.6428571428571429,1.4927007299270072,2.49999999999999,1.2627737226277325,1.2999999999999996,0.3061365301365274,3,
807,200,0.44619464428627154,10.199999999999982,0.18617862897334186,5.0,0.0,34.0,13.594795539033457,0.6280487804878049,0.0,2.8999999999999972,1.120074349442376,0.9999999999999948,0.4314245439469307,3,
808,200,0.4457486726649602,10.249999999999988,0.18595528698334257,2.0,0.0,36.0,13.64638783269962,0.6309523809523809,1.5551330798479088,2.5999999999999908,1.0692015209125445,1.0999999999999943,0.24882691417996558,3,
809,122,0.4453031467923587,5.274999999999993,0.18586218814359332,5.0,1.0,19.0,8.136842105263158,0,1.1473684210526316,2.6999999999999957,1.1989473684210508,1.1499999999999972,0.498223219479763,4,
810,140,0.4448580662229411,10.299999999999999,0.1856961058404646,2.0,0.0,22.0,9.167259786476869,0,2.110320284697509,1.5,0.6836298932384337,0.6999999999999993,0.11752710233029372,4,
811,200,0.4444134305116268,10.474999999999989,0.18550919214240127,2.0,0.0,32.0,12.647686832740213,0,0.20284697508896798,1.9999999999999978,0.7818505338078282,0.7000000000000005,0.18796479229989796,4,
812,200,0.44396923921378006,11.699999999999985,0.1852916417595124,2.0,0.0,37.0,13.385454545454545,0.6055555555555555,0.1890909090909091,3.499999999999995,1.1381818181818166,0.899999999999997,0.7759705913466588,3,
813,200,0.4435254918852095,10.749999999999982,0.18514954928916733,3.0,0.0,37.0,15.119521912350598,0.676829268292683,0.027888446215139442,3.89999999999999,1.6629482071713113,1.6999999999999957,1.1021904761904693,3,
814,200,0.44308218808216776,12.074999999999992,0.18493209137057504,2.0,0.0,35.0,12.90967741935484,0.5459183673469388,1.332258064516129,2.399999999999993,1.1567741935483848,1.1,0.3548448995306897,3,
815,110,0.4426393273613511,5.875,0.1847735369531859,2.0,0.0,17.0,7.173076923076923,0,0.03365384615384615,2.099999999999999,0.7562499999999993,0.7000000000000001,0.17496498162402022,4,
816,200,0.44219690927989863,12.474999999999978,0.18458410136914974,3.0,0.0,35.0,13.254125412541255,0.5416666666666666,2.5181518151815183,3.0999999999999974,1.400330033003298,1.2999999999999994,0.694099860578595,3,
817,200,0.4417549333953923,13.099999999999987,0.18441912753427783,2.0,0.0,35.0,12.770186335403727,0.553921568627451,2.1490683229813663,3.1999999999999935,1.026086956521737,0.8999999999999992,0.4548518079145059,3,
818,200,0.44131339926585617,10.399999999999983,0.18427008914836043,2.0,0.0,37.0,15.273469387755101,0.7,0.0,3.2999999999999905,1.5995918367346906,1.2999999999999998,0.9360562441689932,3,
819,200,0.4408723064497561,10.874999999999982,0.18408396144367348,2.0,0.0,34.0,13.89090909090909,0.6071428571428571,0.7163636363636363,2.699999999999994,1.4152727272727232,1.4999999999999987,0.5183190521527518,3,
820,123,0.44043165450599925,8.124999999999996,0.18394348968888394,1.0,0.0,19.0,6.6434108527131785,0,0.7015503875968992,1.2000000000000002,0.53062015503876,0.5000000000000009,0.07716434054955451,4,
821,200,0.43999144299393356,12.724999999999989,0.183774770803696,3.0,0.0,36.0,12.686468646864686,0.5459183673469388,1.2046204620462047,2.4999999999999947,1.0735973597359718,0.9999999999999999,0.3590427849424866,3,
822,63,0.43955167147334756,3.7000000000000024,0.1836721601067381,2.0,0.0,9.0,3.9870967741935486,0,0.6064516129032258,1.6999999999999997,0.6374193548387096,0.6000000000000002,0.13666999666999652,4,
823,200,0.43911233950446965,12.074999999999983,0.18346736259705787,3.0,0.0,35.0,13.651006711409396,0.5585106382978723,1.0302013422818792,3.5999999999999948,1.5516778523489896,1.3,0.867876085267384,3,
824,200,0.4386734466479678,15.524999999999983,0.18320816305882046,2.0,0.0,34.0,13.513784461152882,0.4375,1.6616541353383458,2.4999999999999933,0.9912280701754369,0.8999999999999999,0.314686934673365,3,
825,200,0.4382349924649492,10.624999999999986,0.18308082756372857,2.0,0.0,36.0,13.906716417910447,0.6104651162790697,1.4962686567164178,3.899999999999993,1.3279850746268633,1.0999999999999988,0.8645646937610468,3,
826,200,0.4377969765169596,14.374999999999991,0.18289384118695626,3.0,0.0,36.0,12.434659090909092,0.4692982456140351,1.4488636363636365,2.699999999999989,1.1798295454545429,1.099999999999995,0.48354591898500865,3,
827,200,0.437359398365983,11.149999999999984,0.18278526492259217,2.0,0.0,37.0,14.416342412451362,0.6785714285714286,0.0,3.9999999999999925,1.3474708171206207,0.9000000000000007,1.1363629481589095,3,
828,200,0.43692225757444114,10.999999999999982,0.18265100148434368,2.0,0.0,34.0,13.370909090909091,0.6428571428571429,0.6327272727272727,2.3999999999999972,0.9723636363636339,0.9,0.26411245107373205,3,
829,200,0.4364855537051933,8.324999999999985,0.18253785047297252,2.0,0.0,34.0,15.964757709251101,0.75,0.03524229074889868,2.7999999999999927,1.4660792951541792,1.5999999999999917,0.4104432541530803,3,
830,200,0.43604928632153556,9.974999999999982,0.18241614490345204,2.0,0.0,37.0,16.948497854077253,0.7368421052631579,0.03862660944206009,3.8999999999999915,2.253648068669522,2.599999999999996,1.1497181697612655,3,
831,200,0.43561345498720044,14.849999999999993,0.18218186736185976,3.0,0.0,36.0,13.754054054054054,0.525,2.637837837837838,2.399999999999992,1.0616216216216185,1.099999999999996,0.2842048517520206,3,
832,200,0.43517805926635666,10.724999999999978,0.18206426180540516,3.0,0.0,37.0,15.505836575875486,0.6904761904761905,1.6070038910505837,3.899999999999994,1.9451361867704229,2.1999999999999913,1.0338538638565817,3,
833,200,0.43474309872360845,11.749999999999986,0.1818929607759237,3.0,0.0,37.0,14.061818181818182,0.5833333333333334,0.10909090909090909,3.6999999999999917,1.5701818181818155,1.2000000000000002,1.0756341902041613,3,
834,200,0.4343085729239951,12.299999999999983,0.18177079823470824,3.0,0.0,37.0,13.842657342657343,0.601063829787234,0.6958041958041958,3.599999999999989,1.5097902097902058,1.399999999999999,0.7403327831774499,3,
835,200,0.4338744814329909,10.974999999999982,0.1816441808211879,3.0,0.0,36.0,14.437956204379562,0.6477272727272727,0.7664233576642335,3.299999999999997,1.6021897810218941,1.5999999999999956,0.7903706959706914,3,
836,68,0.4334408238165043,3.1000000000000045,0.18159449757280016,2.0,0.0,10.0,4.580882352941177,0,0.6102941176470589,2.3,0.8213235294117641,0.7000000000000001,0.29831143552311423,4,
837,200,0.43300759964087765,11.949999999999989,0.1814394013890475,2.0,0.0,35.0,12.678929765886288,0.5797872340425532,0.8494983277591973,1.8999999999999924,0.8943143812709008,0.8999999999999986,0.1695682326621913,3,
838,200,0.43257480847288665,11.274999999999988,0.18123384459714045,2.0,0.0,36.0,14.117437722419929,0.6055555555555555,0.38434163701067614,3.7999999999999945,1.6252669039145882,1.2999999999999994,1.2803386524822629,3,
839,200,0.43214244987974026,13.549999999999986,0.18101744221441918,2.0,0.0,40.0,14.60655737704918,0.6084905660377359,1.9147540983606557,5.099999999999994,1.9498360655737668,1.7999999999999963,1.8424542053663486,3,
840,200,0.43171052342907973,11.62499999999999,0.1808331064254807,3.0,0.0,37.0,14.436363636363636,0.6611111111111111,0.07272727272727272,3.799999999999992,1.5199999999999967,1.1999999999999997,1.146051518036595,3,
841,200,0.43127902868897855,13.52499999999999,0.1806577567543618,2.0,0.0,35.0,13.00578034682081,0.5045454545454545,3.7196531791907512,2.7999999999999905,1.2167630057803436,1.199999999999997,0.3500109426554705,3,
842,200,0.43084796522794205,10.324999999999989,0.18047847249567414,2.0,0.0,37.0,14.992,0.7012195121951219,0.088,3.1999999999999873,1.5087999999999946,1.5999999999999908,0.4992105473687524,3,
843,200,0.43041733261490667,12.449999999999992,0.18030232708039778,3.0,1.0,36.0,13.524590163934427,0.5867346938775511,0.9016393442622951,3.599999999999992,1.395081967213112,1.0999999999999996,0.8613293343653198,3,
844,200,0.4299871304192398,12.599999999999987,0.18014859189231075,3.0,0.0,36.0,14.151315789473685,0.6173469387755102,0.8486842105263158,3.29999999999999,1.4194078947368394,1.2499999999999973,0.7034138397446257,3,
845,200,0.42955735821073915,11.724999999999984,0.17998086671812724,3.0,0.0,36.0,13.649122807017545,0.5869565217391305,1.6210526315789473,2.8999999999999897,1.4245614035087684,1.4999999999999942,0.49533266029744455,3,
846,200,0.42912801555963254,9.09999999999998,0.17989133456477943,4.0,0.0,36.0,15.725321888412017,0.7364864864864865,0.9012875536480687,2.799999999999998,1.5197424892703806,1.599999999999989,0.413265915119362,3,
847,200,0.42869910203657724,13.874999999999986,0.17970755045703515,2.0,0.0,38.0,13.893890675241158,0.5961538461538461,1.112540192926045,4.0999999999999925,1.5176848874598057,0.9,1.5935622415219128,3,
848,27,0.4282706172126597,0.8749999999999997,0.17966476648839544,1.0,0.0,3.0,1.1923076923076923,0,0.08974358974358974,0.8000000000000003,0.33974358974359,0.3000000000000004,0.04881308564852868,4,
849,200,0.427842560659395,12.049999999999994,0.17952571940359496,2.0,0.0,34.0,12.219354838709677,0.5208333333333334,1.9387096774193548,2.1999999999999966,0.8780645161290306,0.8999999999999946,0.21010166599028027,3,
850,200,0.4274149319487267,11.074999999999978,0.1794247656623754,3.0,0.0,39.0,15.9601593625498,0.6918604651162791,0.07171314741035857,4.199999999999987,2.15298804780876,2.3999999999999893,1.1589238095238017,3,
851,200,0.4269877306530259,11.049999999999985,0.17932263550753125,3.0,0.0,37.0,14.513618677042802,0.6666666666666666,0.09727626459143969,3.29999999999999,1.4338521400778175,1.3999999999999946,0.712133296996118,3,
852,146,0.4265609563450914,7.6499999999999915,0.17923217081726367,4.0,0.0,23.0,9.523605150214593,0,0.2875536480686695,2.899999999999995,1.159227467811157,0.9,0.5720391246684331,4,
853,200,0.4261346085981487,12.124999999999991,0.1790463883383121,3.0,0.0,35.0,13.144736842105264,0.6041666666666666,1.1644736842105263,2.2999999999999963,0.9555921052631567,0.8999999999999997,0.21023416112102938,3,
854,39,0.4257086869858502,1.725000000000001,0.17898353840559025,1.0,0.0,5.0,2.2685185185185186,0,0.5555555555555556,1.2,0.5314814814814817,0.5500000000000003,0.08383091828860496,4,
855,200,0.42528319108227414,12.674999999999994,0.17883605937148755,2.0,0.0,35.0,13.549689440993788,0.5833333333333334,1.2888198757763976,2.4999999999999925,1.1304347826086933,1.0999999999999976,0.30361081373031074,3,
856,111,0.42485812046192456,4.849999999999999,0.17874695195782914,1.0,0.0,17.0,6.580246913580247,0,0.0,1.3000000000000007,0.5783950617283954,0.6000000000000002,0.08169683344129869,4,
857,27,0.4244334746997309,1.1749999999999998,0.1787040280912326,1.0,0.0,3.0,1.4555555555555555,0,0.12222222222222222,1.2,0.4477777777777779,0.4500000000000001,0.08206074824052349,4,
858,116,0.4240092533710473,5.200000000000001,0.1786329339351766,2.0,0.0,18.0,7.657608695652174,0,0.6630434782608695,2.0999999999999983,0.9657608695652162,0.9999999999999976,0.22834529611578777,4,
859,200,0.4235854560516524,12.449999999999985,0.17846836160604335,2.0,0.0,40.0,15.28996282527881,0.6648936170212766,0.03717472118959108,5.1999999999999975,2.056877323420073,1.399999999999999,2.4796616915422875,3,
860,27,0.4231620823177488,-0.1250000000000001,0.17844097320350993,1.0,1.0,3.0,0.9333333333333333,0,0.13333333333333333,1.2000000000000002,0.38666666666666677,0.40000000000000013,0.08851347596554597,4,
861,200,0.42273913174596284,9.724999999999982,0.17829337139962442,2.0,0.0,36.0,16.218884120171673,0.7364864864864865,0.0,3.599999999999994,1.8158798283261757,1.9999999999999911,0.9190351458885894,3,
862,200,0.42231660391334386,12.599999999999993,0.17814215760238367,2.0,0.0,36.0,12.683229813664596,0.46153846153846156,1.8043478260869565,3.199999999999993,1.3614906832298104,1.1999999999999953,0.7224991560815122,3,
863,200,0.4218944983973639,11.624999999999982,0.17804068487852126,4.0,0.0,38.0,14.047445255474452,0.6413043478260869,2.102189781021898,3.599999999999987,1.4313868613138643,1.4999999999999907,0.5123063603063557,3,
864,200,0.42147281477591764,11.449999999999982,0.17787363683116697,3.0,0.0,37.0,14.66914498141264,0.6363636363636364,0.026022304832713755,4.299999999999993,1.764684014869886,1.7999999999999963,1.5246102819237073,3,
865,200,0.4210515526273212,11.374999999999979,0.17768780655949803,2.0,0.0,35.0,14.622775800711743,0.5795454545454546,0.16725978647686832,3.799999999999993,1.979715302491099,2.399999999999988,1.3832003546099225,3,
866,200,0.42063071153031245,11.624999999999984,0.17757890458690717,3.0,0.0,37.0,14.394160583941606,0.6166666666666667,1.686131386861314,3.799999999999988,1.7029197080291927,1.6499999999999952,0.9584713952713878,3,
867,200,0.4202102910640503,12.77499999999999,0.1774934218631115,3.0,0.0,34.0,12.758064516129032,0.5520833333333334,2.8,2.699999999999995,1.0754838709677408,0.9000000000000005,0.42482273488797806,3,
868,92,0.41979029080811425,3.1500000000000035,0.17742462819106897,2.0,0.0,14.0,5.591240875912408,0,0.051094890510948905,1.6999999999999988,0.7452554744525535,0.7000000000000001,0.18350916453537885,4,
869,200,0.41937071034250395,11.024999999999984,0.17724560243378953,2.0,0.0,35.0,13.341818181818182,0.6104651162790697,0.7381818181818182,2.5999999999999943,1.0858181818181798,0.9999999999999966,0.4390410451708421,3,
870,200,0.418951549247639,13.299999999999994,0.17711972978943788,3.0,0.0,36.0,13.540372670807454,0.5769230769230769,0.7639751552795031,3.0999999999999908,1.268322981366457,1.1999999999999953,0.5016722124166897,3,
871,200,0.41853280710435814,9.874999999999984,0.17695130809113255,2.0,0.0,36.0,15.305439330543933,0.7105263157894737,0.03765690376569038,2.699999999999988,1.4552301255230067,1.4999999999999982,0.4216432072829084,3,
872,200,0.41811448349391933,17.124999999999996,0.17677621197414872,2.0,0.0,34.0,11.93525179856115,0.3619402985074627,2.328537170263789,1.6999999999999997,0.7592326139088723,0.799999999999997,0.10932186234817794,3,
873,200,0.4176965779979988,12.474999999999987,0.17665710464378986,3.0,0.0,38.0,13.366548042704625,0.6117021276595744,1.5409252669039146,4.199999999999993,1.1747330960854083,0.9,0.8182687436676764,3,
874,200,0.41727909019869114,12.54999999999998,0.17648613975623137,3.0,0.0,42.0,15.83941605839416,0.66,1.6167883211678833,6.300000000000009,2.4430656934306554,2.1999999999999975,2.9241696969696984,3,
875,92,0.4168620196785084,5.200000000000005,0.17638980320387682,2.0,0.0,14.0,5.589189189189189,0,1.3405405405405406,1.6999999999999997,0.7205405405405398,0.7000000000000001,0.15233929406264593,4,
876,200,0.41644536602038007,16.02499999999997,0.17618747512570046,2.0,0.0,36.0,13.583756345177665,0.46875,2.532994923857868,2.69999999999999,1.1431472081218248,1.0,0.3609325216607051,3,
877,200,0.4160291288076525,9.749999999999984,0.17611978127468114,4.0,0.0,35.0,15.786610878661088,0.7094594594594594,0.06276150627615062,3.499999999999992,1.7439330543933023,1.7999999999999896,1.028422619047614,3,
878,200,0.4156133076240884,10.774999999999988,0.17596133956330556,2.0,0.0,34.0,12.759581881533101,0.5568181818181818,0.47735191637630664,2.2999999999999994,0.9693379790940752,0.9,0.247076777389276,3,
879,200,0.4151979020538666,10.724999999999993,0.1758852987862378,2.0,1.0,35.0,13.801526717557252,0.6280487804878049,0.9809160305343512,2.399999999999993,1.1396946564885462,1.0999999999999999,0.27155806127354354,3,
880,200,0.4147829116815814,12.724999999999985,0.17578314729968517,3.0,0.0,38.0,14.058219178082192,0.6,2.835616438356164,4.1999999999999895,1.6606164383561606,1.4999999999999984,1.0041798904565806,3,
881,200,0.41436833609224244,11.199999999999982,0.17562683146433164,2.0,0.0,36.0,14.376712328767123,0.5797872340425532,2.030821917808219,4.099999999999992,1.9215753424657498,1.9999999999999971,1.3252692258072007,3,
882,200,0.4139541748712741,10.749999999999984,0.17552316485177105,3.0,0.0,37.0,15.007782101167315,0.6428571428571429,0.8326848249027238,3.8999999999999893,1.7583657587548593,1.8999999999999928,1.040111131298442,3,
883,200,0.41354042760451515,10.699999999999985,0.1753766708368441,1.0,1.0,35.0,13.989090909090908,0.6337209302325582,0.07272727272727272,3.2999999999999945,1.4087272727272686,1.2999999999999985,0.7418972812863599,3,
884,200,0.4131270938782182,12.249999999999988,0.1752544251271395,3.0,0.0,34.0,12.798780487804878,0.446078431372549,1.2682926829268293,3.7999999999999954,1.4765243902438991,1.2999999999999998,0.8521702313562503,3,
885,200,0.41271417327904963,12.549999999999988,0.17509652001344414,3.0,0.0,37.0,13.75503355704698,0.576530612244898,1.5100671140939597,3.9999999999999925,1.6040268456375806,1.2999999999999994,1.0014715719063483,3,
886,200,0.41230166539408875,12.824999999999982,0.1749691255128982,3.0,0.0,34.0,13.580838323353293,0.5480769230769231,2.5449101796407185,2.6999999999999975,1.2245508982035895,1.1999999999999953,0.28856151674062025,3,
887,200,0.4118895698108276,13.449999999999989,0.17481396880383107,3.0,0.0,35.0,13.156424581005586,0.5131578947368421,3.2681564245810057,2.999999999999998,1.1441340782122877,1.0999999999999945,0.3676639903872404,3,
888,200,0.41147788611717057,12.374999999999991,0.17464697857228534,2.0,0.0,36.0,13.574193548387097,0.5735294117647058,1.4870967741935484,2.89999999999999,1.2012903225806424,1.1,0.4310350784087206,3,
889,57,0.41106661390143395,4.250000000000003,0.17457736464047613,2.0,0.0,8.0,4.12987012987013,0,1.3831168831168832,1.7999999999999998,0.797402597402597,0.7999999999999997,0.16155850727387713,4,
890,200,0.4106557527523455,11.949999999999987,0.17447190354253517,3.0,0.0,38.0,14.676363636363636,0.6413043478260869,0.04727272727272727,4.599999999999993,1.821090909090906,1.5999999999999956,1.8165973764942276,3,
891,188,0.410245302259044,9.69999999999999,0.17436230757052112,4.0,0.0,30.0,12.95,0,0.175,2.9999999999999956,1.4296428571428539,1.399999999999999,0.6353794053495552,4,
892,200,0.40983526201107895,10.824999999999985,0.17430048465673592,5.0,0.0,36.0,14.416342412451362,0.6402439024390244,0.05058365758754864,3.6999999999999917,1.4035019455252893,1.0999999999999996,1.0461903464147226,3,
893,200,0.40942563159841006,14.774999999999993,0.1741782358611217,3.0,0.0,36.0,12.412087912087912,0.461864406779661,3.28021978021978,2.799999999999991,1.0387362637362618,0.9999999999999992,0.2940236990075076,3,
894,200,0.4090164106114069,15.774999999999991,0.17406712830868884,2.0,0.0,38.0,12.12054794520548,0.430327868852459,1.6493150684931508,3.799999999999993,1.139452054794519,0.9,0.703763886386833,3,
895,200,0.40860759864084845,11.024999999999984,0.17395960074791103,3.0,0.0,38.0,14.423487544483987,0.5797872340425532,1.612099644128114,4.199999999999988,1.8857651245551557,1.8999999999999986,1.3415225430597673,3,
896,200,0.4081991952779227,11.024999999999986,0.17381614375451648,2.0,0.0,34.0,13.817843866171003,0.6402439024390244,0.0,2.4999999999999947,1.2271375464683976,1.399999999999988,0.43395356550580105,3,
897,200,0.4077912001142262,12.749999999999984,0.17365633642773318,2.0,0.0,39.0,14.20136518771331,0.6,0.5187713310580204,4.699999999999989,1.7778156996586996,1.7999999999999985,1.5098667412170255,3,
898,200,0.4073836127417638,10.474999999999989,0.1735637786524816,4.0,0.0,38.0,15.92050209205021,0.7125,0.06276150627615062,3.6999999999999917,1.8242677824267732,1.9999999999999876,0.8868742997198814,3,
899,200,0.40697643275294815,17.324999999999985,0.17335183347899366,2.0,0.0,38.0,12.956852791878173,0.46212121212121215,1.7233502538071066,3.8999999999999937,1.1142131979695427,0.8,0.7743715012722616,3,
900,200,0.4065696597405991,11.749999999999982,0.1732174102256043,2.0,0.0,37.0,14.531598513011152,0.6022727272727273,0.07434944237918216,3.3999999999999915,1.7356877323420028,1.9999999999999973,0.9400033167495786,3,
901,200,0.4061632932979437,14.87499999999999,0.1730744219497942,5.0,0.0,36.0,13.031791907514451,0.5357142857142857,0.7225433526011561,3.399999999999997,1.05722543352601,0.8999999999999997,0.5092150524161531,3,
902,200,0.40575733301861544,12.299999999999981,0.17293530064198814,2.0,0.0,37.0,13.891608391608392,0.5691489361702128,2.3111888111888113,3.4999999999999925,1.635664335664333,1.3499999999999999,0.9867820771440743,3,
903,200,0.405351778496654,10.374999999999982,0.17287645391864417,3.0,0.0,37.0,15.412244897959184,0.7,0.04081632653061224,3.7999999999999927,1.6828571428571393,1.4,1.0756424097027786,3,
904,200,0.4049466293265049,10.649999999999975,0.17278725362795688,4.0,1.0,39.0,17.127490039840637,0.6918604651162791,0.10358565737051793,5.500000000000002,2.85338645418327,3.399999999999998,2.674801904761913,3,
905,200,0.4045418851030188,14.699999999999985,0.1726388600799834,2.0,1.0,38.0,14.057803468208093,0.5603448275862069,1.716763005780347,3.6999999999999895,1.3849710982658932,1.1,0.7249825001044103,3,
906,200,0.4041375454214515,18.44999999999999,0.17247600635751706,3.0,0.0,36.0,12.544642857142858,0.34589041095890416,4.263392857142857,2.899999999999992,0.9725446428571415,0.8999999999999961,0.328600519175098,3,
907,69,0.4037336098774634,5.000000000000002,0.17240860882927928,1.0,0.0,10.0,4.4508670520231215,0,0.815028901734104,1.7000000000000002,0.6664739884393063,0.6000000000000003,0.1461641272387061,4,
908,200,0.40333007806711874,11.549999999999986,0.17233040816477174,6.0,0.0,36.0,15.509727626459144,0.6524390243902439,0.03501945525291829,4.39999999999999,2.04552529182879,2.199999999999997,1.5059269016472778,3,
909,134,0.40292694958688574,9.024999999999999,0.172254515522872,6.0,0.0,21.0,8.3203125,0,1.62890625,2.199999999999996,0.9378906249999988,0.7999999999999998,0.30782681010147145,4,
910,200,0.40252422403363597,15.449999999999983,0.17212226623423094,1.0,0.0,38.0,13.380681818181818,0.5466101694915254,1.4403409090909092,3.599999999999993,1.0707386363636355,0.700000000000001,0.7086097188930021,3,
911,200,0.40212190100464373,11.799999999999986,0.17198222666566665,2.0,0.0,34.0,13.60958904109589,0.5833333333333334,0.2979452054794521,2.8999999999999972,1.4160958904109557,1.3999999999999995,0.7085506022541971,3,
912,200,0.401719980097586,11.799999999999986,0.17192842154409438,4.0,0.0,37.0,13.567164179104477,0.625,0.048507462686567165,3.099999999999993,1.1085820895522376,0.8000000000000007,0.5864643637831862,3,
913,200,0.4013184609105419,12.049999999999986,0.171816851966073,3.0,0.0,37.0,14.145907473309608,0.6413043478260869,0.21352313167259787,3.299999999999993,1.4886120996441246,1.5999999999999979,0.7928340932117474,3,
914,200,0.4009173430419921,13.724999999999987,0.17167360031320522,2.0,0.0,37.0,12.465465465465465,0.46818181818181814,2.921921921921922,3.099999999999988,1.2678678678678648,1.1999999999999917,0.5956996248466877,3,
915,200,0.4005166260908188,11.299999999999988,0.17156533156302353,3.0,0.0,37.0,13.934065934065934,0.6166666666666667,0.989010989010989,3.4999999999999907,1.405860805860803,1.3999999999999946,0.6622455989695105,3,
916,200,0.40011630965630496,9.974999999999982,0.17148770835162683,3.0,0.0,36.0,16.338912133891213,0.7105263157894737,0.8577405857740585,3.799999999999991,2.0753138075313755,2.1999999999999975,1.05819572829131,3,
917,110,0.3997163933381341,9.275000000000002,0.17140438899746316,3.0,0.0,17.0,8.205128205128204,0,2.5567765567765566,2.1999999999999984,0.9355311355311343,0.9,0.21357556891369664,4,
918,200,0.3993168767363899,10.57499999999998,0.1713150371833226,3.0,0.0,38.0,17.383673469387755,0.7012195121951219,0.8734693877551021,5.200000000000006,2.865714285714286,3.2999999999999963,2.3056384113021497,3,
919,200,0.39891775945155566,12.124999999999984,0.17123739435739752,4.0,0.0,40.0,16.918367346938776,0.7151162790697675,0.061224489795918366,5.100000000000008,2.557142857142856,2.299999999999998,2.4135912301745965,3,
920,134,0.39851904108451414,9.424999999999997,0.17112550086674433,2.0,0.0,21.0,8.712686567164178,0,1.0522388059701493,1.6999999999999997,0.6854477611940298,0.6999999999999991,0.11512565612686736,4,
921,200,0.39812072123654696,10.099999999999982,0.17099594770272708,2.0,0.0,37.0,15.648068669527897,0.7368421052631579,0.0,3.1999999999999913,1.473390557939911,1.4999999999999973,0.7240263041556099,3,
922,200,0.39772279950933415,11.049999999999986,0.17090094087114344,3.0,0.0,37.0,15.140077821011673,0.6666666666666666,0.8599221789883269,3.6999999999999904,1.8097276264591393,1.7999999999999914,0.995990491763558,3,
923,200,0.397325275504954,10.474999999999987,0.17077899838539976,2.0,0.0,36.0,15.183266932270916,0.7,0.03187250996015936,3.2999999999999936,1.6438247011952145,1.8999999999999884,0.6677314285714231,3,
924,200,0.39692814882588245,16.62499999999998,0.1706279982536737,3.0,0.0,35.0,13.732360097323602,0.4545454545454546,3.6715328467153285,2.599999999999999,1.0498783454987821,0.9999999999999979,0.29963071276343695,3,
925,200,0.39653141907499284,17.599999999999977,0.1704401211934305,2.0,0.0,34.0,15.1,0.47058823529411764,1.4348837209302325,2.899999999999998,0.9134883720930225,0.7999999999999993,0.3563781307632798,3,
926,200,0.39613508585555535,11.599999999999985,0.17034251175593929,3.0,0.0,36.0,13.962825278810408,0.6569767441860465,1.6282527881040891,2.6999999999999895,1.26059479553903,1.299999999999998,0.4006832504145897,3,
927,200,0.3957391487712367,12.574999999999987,0.17027035142409924,2.0,0.0,35.0,12.661184210526315,0.5104166666666666,1.4638157894736843,3.1999999999999984,1.1509868421052614,0.9999999999999997,0.6137556673700127,3,
928,33,0.3953436074260998,2.0750000000000006,0.1702298145820038,2.0,0.0,4.0,2.3962264150943398,0,1.0471698113207548,1.4,0.671698113207547,0.7,0.12015309301290607,4,
929,200,0.39494846142460327,11.899999999999986,0.1701668232355527,6.0,0.0,35.0,14.338926174496644,0.5691489361702128,0.9832214765100671,4.199999999999991,1.9463087248322108,2.099999999999987,1.4457241309415143,3,
930,200,0.3945537103716011,12.524999999999986,0.1700832686259818,7.0,0.0,35.0,13.535836177474403,0.5652173913043478,0.9965870307167235,3.899999999999991,1.476791808873717,1.3999999999999884,0.9328510856397292,3,
931,56,0.3941593538723422,2.400000000000001,0.17002886504129788,1.0,0.0,8.0,3.1588785046728973,0,0.06542056074766354,1.4,0.5981308411214953,0.6000000000000001,0.11514675052410887,4,
932,200,0.39376539153247,13.849999999999994,0.16994764136937593,3.0,0.0,37.0,13.406832298136646,0.5424528301886793,0.30745341614906835,3.6999999999999926,1.4527950310558984,1.1999999999999986,1.068900012538212,3,
933,200,0.3933718229580221,11.374999999999986,0.16980965053545874,2.0,0.0,36.0,13.993031358885018,0.5652173913043478,1.6411149825783973,4.099999999999989,1.7094076655052217,1.5999999999999943,1.1784972319347227,3,
934,200,0.39297864775542996,14.899999999999979,0.16966376295510782,2.0,0.0,35.0,14.80890052356021,0.5040983606557377,2.9633507853403143,3.799999999999993,1.5230366492146563,1.2000000000000002,0.9337165491389261,3,
935,68,0.39258586553151836,3.3000000000000025,0.16960727794008965,2.0,0.0,10.0,4.077464788732394,0,2.0422535211267605,2.0,0.7760563380281682,0.6999999999999993,0.23788920299558594,4,
936,200,0.39219347589350495,14.99999999999999,0.16946519025501183,3.0,0.0,38.0,13.147826086956522,0.5086206896551724,3.9884057971014495,4.099999999999992,1.402898550724635,1.0999999999999983,0.9233616749563065,3,
937,200,0.39180147844900015,12.62499999999998,0.16939548322356293,3.0,0.0,38.0,14.891228070175439,0.6145833333333334,0.712280701754386,4.099999999999991,2.0961403508771888,2.2999999999999914,1.5629166256278832,3,
938,200,0.3914098728060065,10.899999999999983,0.16928142967187074,3.0,0.0,39.0,16.188284518828453,0.7134146341463414,0.05439330543933055,4.5999999999999925,1.9849372384937203,2.1999999999999953,1.6757020308123174,3,
939,200,0.3910186585729182,11.149999999999986,0.16916686738616807,2.0,0.0,37.0,14.5893536121673,0.6686046511627907,0.17110266159695817,3.3999999999999897,1.552851711026612,1.5,0.7975604325699686,3,
940,200,0.3906278353585211,10.749999999999982,0.16907167805322032,4.0,0.0,38.0,16.350597609561753,0.6666666666666666,0.9442231075697212,4.49999999999999,2.415936254980075,2.7999999999999914,1.6059866666666593,3,
941,200,0.39023740277199187,15.624999999999991,0.1689623463658666,3.0,0.0,38.0,13.467647058823529,0.5570175438596491,1.276470588235294,3.699999999999995,1.1032352941176453,0.9999999999999966,0.5233764132907709,3,
942,200,0.38984736042289797,14.349999999999989,0.16888717204328743,2.0,0.0,35.0,12.864161849710984,0.5045454545454545,2.2832369942196533,2.299999999999998,1.1317919075144474,1.1999999999999922,0.25165033621517546,3,
943,200,0.38945770792119694,14.174999999999988,0.16874018117138306,2.0,0.0,37.0,13.198198198198199,0.4772727272727273,1.4204204204204205,4.6,1.6552552552552553,0.9999999999999999,1.8586452997619225,3,
944,200,0.3890684448772363,13.499999999999986,0.16870476229453102,4.0,0.0,38.0,13.972602739726028,0.6173469387755102,0.8356164383561644,4.3999999999999915,1.5373287671232847,1.0999999999999988,1.2389978067860563,3,
945,200,0.388679570901753,13.824999999999985,0.16861789188289583,3.0,0.0,40.0,14.445205479452055,0.6225490196078431,0.8493150684931506,4.8999999999999915,1.8208904109589006,1.6999999999999968,1.4727657952452924,3,
946,200,0.38829108560587294,12.199999999999985,0.16852309124082232,2.0,0.0,37.0,14.606271777003485,0.6117021276595744,0.8745644599303136,4.599999999999991,1.9519163763066163,1.6999999999999966,1.6754086538461446,3,
947,200,0.3879029886011109,11.874999999999982,0.16838127205897466,2.0,0.0,37.0,14.875444839857652,0.6086956521739131,0.15658362989323843,4.8999999999999995,2.0800711743772236,2.2999999999999976,2.0434009625126643,3,
948,182,0.3875152794993697,8.84999999999999,0.1683325700600512,10.0,0.0,29.0,14.197424892703863,0,0.12875536480686695,4.599999999999999,1.939484978540771,1.6999999999999984,1.814525862068963,4,
949,200,0.38712795791294036,15.849999999999987,0.16825223757088092,2.0,0.0,37.0,12.446022727272727,0.4482758620689655,2.414772727272727,3.4999999999999907,1.3110795454545436,1.0,0.7555935691629693,3,
950,200,0.3867410234545012,18.099999999999977,0.16817641930053973,3.0,0.0,35.0,16.5,0.4894366197183099,3.8726415094339623,2.499999999999998,1.180424528301883,1.199999999999994,0.23893416770963596,2,
951,200,0.3863544757371177,14.199999999999985,0.1680257733311318,3.0,0.0,40.0,13.40327868852459,0.5424528301886793,0.7180327868852459,5.099999999999993,1.5819672131147526,0.8000000000000003,1.8622194272445756,3,
952,200,0.3859683143742421,13.174999999999983,0.16791784597961515,2.0,0.0,38.0,13.473684210526315,0.5735294117647058,1.555921052631579,4.099999999999991,1.4667763157894715,1.1,1.1363097981929278,3,
953,200,0.38558253897971306,15.34999999999998,0.16779556711980043,4.0,0.0,38.0,14.167597765363128,0.5416666666666666,1.4636871508379887,4.399999999999995,1.472625698324021,1.0999999999999985,1.313786038092114,3,
954,200,0.38519714916775516,11.774999999999983,0.16767954227648946,2.0,0.0,35.0,13.60738255033557,0.5372340425531915,0.21476510067114093,3.399999999999992,1.6140939597315394,1.5999999999999932,0.7786020742542432,3,
955,200,0.3848121445529785,15.749999999999995,0.16756317822949202,2.0,0.0,38.0,12.758241758241759,0.45491803278688525,2.590659340659341,3.699999999999988,1.3898351648351621,1.0999999999999996,0.7791607985206932,3,
956,200,0.3844275247503785,11.999999999999982,0.16745033997797282,2.0,0.0,36.0,14.486577181208053,0.5729166666666666,0.2986577181208054,4.199999999999991,2.0429530201342243,2.399999999999988,1.6485091719874252,3,
957,200,0.3840432893753352,16.099999999999984,0.16732320293225025,2.0,0.0,36.0,13.750636132315522,0.4765625,2.9974554707379135,2.799999999999996,1.2055979643765884,0.9999999999999997,0.5192595566145211,3,
958,200,0.38365943804361335,15.849999999999993,0.1671599925715491,5.0,1.0,37.0,12.913385826771654,0.41666666666666663,2.062992125984252,4.299999999999996,1.5112860892388436,1.0999999999999992,1.216337696335074,3,
959,200,0.3832759703713615,10.599999999999977,0.16709830155125224,4.0,1.0,39.0,17.01255230125523,0.7134146341463414,0.8702928870292888,5.499999999999996,2.479497907949787,2.099999999999997,2.194136904761901,3,
960,200,0.38289288597511206,12.699999999999983,0.16702770704462697,5.0,0.0,36.0,13.322147651006711,0.53125,1.6476510067114094,3.2999999999999923,1.4630872483221444,1.3999999999999966,0.7701226309921902,3,
961,200,0.38251018447178037,14.924999999999994,0.16689688839454847,3.0,0.0,35.0,12.991176470588234,0.5462962962962963,0.6147058823529412,2.6999999999999957,0.9532352941176461,0.7999999999999998,0.41819903286360377,3,
962,200,0.38212786547866506,11.349999999999985,0.16679212727816847,3.0,0.0,39.0,16.476,0.6802325581395349,0.152,5.000000000000011,2.4520000000000013,1.8999999999999961,2.6890190243043985,3,
963,57,0.3817459286134471,5.075000000000002,0.16673988598264008,2.0,0.0,8.0,3.425287356321839,0,1.1149425287356323,1.2000000000000002,0.541954022988506,0.5500000000000003,0.0856564822460776,4,
964,200,0.38136437349418956,18.774999999999977,0.1665786018801104,2.0,0.0,36.0,15.988662131519275,0.46232876712328763,1.8911564625850341,2.4999999999999893,1.1709750566893389,1.1999999999999948,0.2133990127519526,2,
965,200,0.38098319973933725,12.049999999999986,0.16652753364866318,5.0,0.0,37.0,14.667883211678832,0.65,0.14233576642335766,3.99999999999999,1.7401459854014563,1.7999999999999978,0.9787663003662934,3,
966,200,0.38060240696771647,10.624999999999984,0.16650102577460038,3.0,1.0,38.0,16.439330543933053,0.7125,0.9288702928870293,4.199999999999988,2.13556485355648,2.1999999999999957,1.2910171568627358,3,
967,200,0.38022199479853436,12.449999999999983,0.1663935886707527,4.0,0.0,40.0,16.01195219123506,0.65,0.7410358565737052,5.000000000000002,2.2127490039840616,2.0999999999999956,2.2672838095238057,3,
968,44,0.3798419628513787,3.9500000000000024,0.16633909698649135,2.0,0.0,6.0,2.9161290322580644,0,0.3548387096774194,1.7000000000000002,0.5445161290322582,0.5000000000000001,0.1148618048618048,4,
969,200,0.37946231074621756,11.17499999999998,0.16624313876841879,2.0,0.0,38.0,16.053061224489795,0.7012195121951219,0.061224489795918366,4.099999999999989,2.067346938775506,2.49999999999999,1.348017459682787,3,
970,200,0.37908303810339883,13.599999999999982,0.16616090481576545,3.0,0.0,38.0,13.703947368421053,0.5343137254901961,2.25,4.39999999999999,1.7509868421052592,1.6999999999999984,1.3045526159173213,3,
971,200,0.37870414454364976,12.924999999999981,0.1660772704393862,5.0,1.0,37.0,14.620805369127517,0.5969387755102041,0.6912751677852349,4.0999999999999925,1.9604026845637539,1.5999999999999985,1.7007330833417673,3,
972,122,0.3783256296880768,8.024999999999997,0.1660250242266057,7.0,0.0,19.0,7.6371681415929205,0,1.4867256637168142,3.299999999999997,1.0876106194690254,0.8999999999999994,0.6289738619676934,4,
973,164,0.37794749315816506,9.474999999999998,0.16597743919884317,8.0,0.0,26.0,11.289915966386555,0,0.8487394957983193,3.399999999999997,1.1815126050420144,1.0999999999999936,0.5142051091926616,4,
974,146,0.37756973457577797,11.824999999999985,0.16588435116626252,3.0,0.0,23.0,10.964071856287426,0,3.104790419161677,2.6999999999999984,0.9640718562874241,0.8,0.36140701895925725,4,
975,51,0.37719235356315695,3.5750000000000006,0.16582976391614873,1.0,0.0,7.0,2.977272727272727,0,1.0606060606060606,1.1000000000000003,0.5348484848484851,0.6000000000000001,0.08030534351145036,4,
976,200,0.37681534974292086,13.824999999999985,0.16575350607062023,1.0,0.0,36.0,13.027863777089783,0.5384615384615384,1.4210526315789473,3.199999999999992,1.301547987616096,1.0999999999999999,0.6839360478490858,3,
977,200,0.37643872273806595,11.399999999999984,0.16564724066884745,3.0,0.0,36.0,14.820512820512821,0.625,0.22344322344322345,4.799999999999998,1.913553113553113,1.5999999999999992,1.779217475311291,3,
978,200,0.37606247217196515,13.97499999999999,0.16552183041636478,2.0,1.0,35.0,11.88728323699422,0.4136363636363637,2.6445086705202314,2.899999999999994,1.053757225433525,0.8000000000000005,0.48462865973353136,3,
979,200,0.37568659766836787,15.224999999999987,0.16539376722054436,4.0,0.0,38.0,13.256983240223464,0.5083333333333333,1.812849162011173,3.799999999999992,1.2648044692737406,1.099999999999997,0.6769788472492023,3,
980,200,0.37531109885139957,12.374999999999984,0.16528187262654578,2.0,0.0,38.0,14.774545454545455,0.6521739130434783,0.0,3.8999999999999884,1.8145454545454511,2.099999999999993,1.1727493917274858,3,
981,200,0.37493597534556133,19.04999999999997,0.1651851411873348,3.0,0.0,35.0,15.041304347826086,0.42567567567567566,2.3391304347826085,3.0999999999999956,1.1454347826086932,0.9999999999999992,0.5333947230374405,3,
982,200,0.3745612267757298,15.42499999999999,0.16505371551880296,2.0,0.0,34.0,12.602702702702702,0.4913793103448276,1.8054054054054054,1.9999999999999996,0.7178378378378375,0.6999999999999971,0.18179124756207088,3,
983,200,0.37418685276715613,11.074999999999982,0.1650345358099098,4.0,0.0,37.0,15.50597609561753,0.6547619047619048,0.9163346613545816,4.499999999999994,1.8804780876493992,1.9999999999999982,1.3454171428571369,3,
984,200,0.3738128529454665,12.274999999999986,0.16498677931125758,9.0,0.0,34.0,14.06049822064057,0.563953488372093,0.7366548042704626,4.299999999999991,1.6679715302491067,1.3999999999999995,1.2720863728470035,3,
985,200,0.37343922693666093,10.549999999999978,0.1649030699246656,3.0,0.0,37.0,16.774058577405857,0.7115384615384616,0.8368200836820083,4.599999999999992,2.3364016736401627,2.499999999999995,1.6722188375350067,3,
986,200,0.3730659743671134,18.799999999999976,0.16472591007167503,2.0,0.0,34.0,15.753303964757709,0.42808219178082196,4.259911894273127,2.7999999999999954,1.2233480176211422,1.1999999999999975,0.3291921500133404,2,
987,33,0.3726930948635714,0.8499999999999999,0.16470614903765615,1.0,0.0,4.0,1.5256410256410255,0,0.19230769230769232,1.2000000000000002,0.4935897435897437,0.5000000000000001,0.0960003287851389,4,
988,200,0.3723205880531552,14.324999999999992,0.1645986475863408,2.0,0.0,37.0,12.7629179331307,0.5092592592592593,2.425531914893617,3.099999999999991,1.2969604863221862,0.9999999999999999,0.7818216925351017,3,
989,200,0.3719484535633582,10.69999999999999,0.16448419931031483,3.0,0.0,37.0,14.7680608365019,0.6802325581395349,0.19011406844106463,3.0999999999999908,1.5916349809885886,1.699999999999997,0.7221457899606694,3,
990,200,0.3715766910220457,12.349999999999985,0.1644384057474782,5.0,0.0,37.0,14.673539518900343,0.5729166666666666,0.2542955326460481,4.599999999999993,2.1343642611683817,2.2999999999999936,1.7532727916863422,3,
991,200,0.37120530005745517,14.59999999999999,0.16432522868103497,2.0,0.0,37.0,14.097058823529412,0.5625,1.9029411764705881,3.9999999999999907,1.470294117647056,1.1999999999999984,0.9386256801529371,3,
992,200,0.37083428029819565,15.024999999999991,0.16419259061665126,2.0,0.0,38.0,12.413294797687861,0.48275862068965514,0.8179190751445087,3.5999999999999908,1.1439306358381485,0.8999999999999999,0.6419482938645915,3,
993,200,0.37046363137324734,11.249999999999982,0.16409366664777753,2.0,0.0,36.0,13.850174216027874,0.5869565217391305,2.1602787456445993,3.599999999999992,1.5735191637630634,1.1999999999999995,1.2474672202797132,3,
994,200,0.37009335291196127,10.674999999999983,0.16402247349854815,3.0,0.0,38.0,15.313807531380753,0.725,0.0,3.89999999999999,1.4451882845188253,1.2999999999999987,0.9900255602240834,3,
995,86,0.369723444544059,6.300000000000004,0.16396505897112007,2.0,0.0,13.0,5.415841584158416,0,0.905940594059406,1.6999999999999993,0.7356435643564353,0.7000000000000001,0.162198857927113,4,
996,200,0.369353905899632,11.099999999999989,0.16388611402269784,2.0,0.0,36.0,14.721374045801527,0.6785714285714286,0.14885496183206107,3.9999999999999925,1.5496183206106842,1.1999999999999997,1.0754162842533046,3,
997,39,0.3689847366091418,1.7250000000000014,0.16385151860237746,2.0,0.0,5.0,2.495049504950495,0,0.0,1.4999999999999996,0.6306930693069306,0.6000000000000001,0.13461568627450976,4,
998,200,0.3686159363034188,12.224999999999985,0.1637844536017592,2.0,0.0,38.0,14.817857142857143,0.6436170212765957,1.6107142857142858,3.7999999999999887,1.8839285714285674,2.0999999999999943,1.0299334175180728,3,
999,200,0.3682475046136629,12.62499999999999,0.1637210272652076,7.0,0.0,36.0,13.578595317725753,0.5416666666666666,1.0635451505016722,4.0999999999999925,1.6147157190635413,1.3999999999999981,1.3175239373601726,3,
1000,200,0.36787944117144233,12.324999999999987,0.16360322293309154,4.0,0.0,36.0,14.168316831683168,0.576530612244898,1.372937293729373,4.199999999999994,1.83399339933993,1.599999999999996,1.3231822934820412,3,
1001,200,0.3675117456086935,13.774999999999986,0.16347252502436857,3.0,0.0,38.0,13.40327868852459,0.5245098039215687,0.20655737704918034,3.799999999999989,1.6055737704918005,1.0999999999999996,1.3140486326109317,3,
1002,200,0.36714441755772104,13.824999999999985,0.16339063318734537,3.0,0.0,39.0,13.884868421052632,0.5288461538461539,1.0394736842105263,5.199999999999996,1.8851973684210512,1.299999999999999,2.2526013093112556,3,
1003,200,0.3667774566511966,13.34999999999999,0.16333186789282922,2.0,0.0,36.0,12.841772151898734,0.553921568627451,2.018987341772152,3.1999999999999904,1.1091772151898707,1.0,0.3867234490010486,3,
1004,33,0.3664108625221595,1.9,0.16330311894996413,1.0,0.0,4.0,1.803921568627451,0,1.0784313725490196,1.3,0.5127450980392158,0.5000000000000001,0.10896568297606457,4,
1005,200,0.36604463480401533,13.424999999999988,0.16325419753036582,9.0,0.0,36.0,15.101045296167248,0.5434782608695652,1.5470383275261324,5.600000000000002,2.3993031358885024,2.6999999999999966,2.5535496794871793,3,
1006,200,0.36567877313053654,14.049999999999985,0.16314924595595096,2.0,1.0,39.0,13.851973684210526,0.6057692307692307,2.7401315789473686,4.699999999999994,1.4963815789473667,1.0999999999999996,1.3099023967970524,3,
1007,200,0.3653132771358613,12.47499999999998,0.1630899483439423,5.0,0.0,38.0,16.285171102661597,0.6136363636363636,0.8555133079847909,4.900000000000005,2.6661596958174947,3.300000000000009,2.6904906893361225,3,
1008,200,0.36494814645449375,12.824999999999989,0.16297317778959802,2.0,1.0,38.0,14.37979094076655,0.6145833333333334,0.8397212543554007,4.299999999999987,1.7658536585365805,1.7999999999999985,1.2072807400932306,3,
1009,200,0.3645833807213029,11.84999999999998,0.1629329040684804,3.0,1.0,41.0,17.109375,0.6630434782608695,1.046875,5.900000000000015,2.9839843750000017,2.699999999999995,3.101626764324419,3,
1010,200,0.3642189795715233,12.049999999999978,0.16282803181311867,3.0,0.0,39.0,15.256809338521402,0.6477272727272727,1.5603112840466926,4.499999999999993,1.9077821011673115,1.8999999999999941,1.6643226138565805,3,
1011,200,0.3638549426407535,14.549999999999992,0.16269571297498028,2.0,0.0,38.0,13.282282282282281,0.5267857142857143,1.927927927927928,4.199999999999992,1.4354354354354333,1.199999999999998,0.9156895245653229,3,
1012,200,0.3634912695649568,16.399999999999984,0.16261350070133476,3.0,0.0,40.0,14.105113636363637,0.5161290322580645,3.352272727272727,5.999999999999998,1.7678977272727254,1.2999999999999954,1.9945253141570392,3,
1013,200,0.3631279599804599,12.074999999999982,0.1625261344475959,2.0,0.0,37.0,14.537366548042705,0.6413043478260869,0.13523131672597866,3.7999999999999905,1.723487544483982,1.9999999999999987,1.2418128166159998,3,
1014,200,0.36276501352395324,12.324999999999983,0.16246841264379092,4.0,0.0,39.0,14.49809885931559,0.6166666666666667,0.07224334600760456,4.299999999999991,1.5939163498098832,1.6999999999999993,1.2765593916261795,3,
1015,200,0.36240242983249027,21.924999999999976,0.16228810147476452,2.0,0.0,36.0,15.010224948875255,0.3902439024390244,2.445807770961145,2.5999999999999956,0.993456032719835,0.9,0.279058548009366,2,
1016,116,0.36204020854348745,7.300000000000003,0.16219951150808917,3.0,0.0,18.0,9.176229508196721,0,3.0081967213114753,3.199999999999999,1.2200819672131127,1.2000000000000002,0.4496452506928694,4,
1017,200,0.36167834929472326,16.29999999999999,0.16209206028182052,2.0,0.0,38.0,13.537234042553191,0.503968253968254,1.2180851063829787,3.6999999999999935,1.2944148936170194,1.099999999999998,0.6667022458001746,3,
1018,200,0.36131685172433853,11.69999999999998,0.16200503012516726,3.0,0.0,38.0,15.018587360594795,0.65,0.8661710037174721,4.299999999999988,1.9475836431226723,1.8999999999999981,1.5165671641790943,3,
1019,200,0.3609557154708356,12.999999999999995,0.16193662537833195,3.0,0.0,36.0,13.751552795031056,0.5961538461538461,1.2453416149068324,2.7999999999999967,1.0857142857142825,0.9999999999999981,0.364706268144246,3,
1020,200,0.3605949401730783,11.549999999999986,0.16185680374743788,3.0,0.0,39.0,15.893877551020408,0.7023809523809523,0.07346938775510205,4.199999999999991,1.9718367346938732,1.999999999999996,1.3537191789950602,3,
1021,200,0.3602345254702911,12.874999999999998,0.16172054737647396,2.0,0.0,37.0,13.793650793650794,0.5673076923076923,0.6761904761904762,3.1999999999999873,1.5622222222222175,1.6999999999999948,0.6063567282109108,3,
1022,200,0.35987447100205955,11.674999999999985,0.16166500377338636,4.0,0.0,39.0,16.1284046692607,0.6818181818181818,1.7782101167315174,4.299999999999988,2.374708171206221,2.699999999999991,1.3573186167635582,3,
1023,200,0.35951477640832885,14.824999999999985,0.16153830828323895,2.0,0.0,37.0,13.803977272727273,0.5344827586206896,1.2073863636363635,3.099999999999992,1.3451704545454521,1.2999999999999976,0.6104929662720004,3,
1024,62,0.3591554413294046,2.0250000000000012,0.16152407733631755,1.0,0.0,9.0,3.4455445544554455,0,0.1782178217821782,1.2999999999999998,0.6544554455445539,0.699999999999999,0.12902745098039198,4,
1025,200,0.3587964654059516,14.799999999999985,0.16142338946595863,3.0,1.0,40.0,13.740853658536585,0.5570175438596491,2.198170731707317,5.099999999999995,1.6246951219512167,1.3999999999999955,1.3566893468298846,3,
1026,200,0.3584378482789939,13.17499999999999,0.1613406335697999,2.0,0.0,37.0,13.14041095890411,0.5833333333333334,0.708904109589041,3.1999999999999917,1.1797945205479436,0.9,0.6438801121236606,3,
1027,200,0.35807958958991437,19.17499999999998,0.16119461571747867,2.0,1.0,34.0,14.597849462365591,0.4054054054054054,4.027956989247312,2.2999999999999963,1.0486021505376313,1.099999999999992,0.22473564451679598,3,
1028,200,0.3577216889804542,14.82499999999999,0.1610977897255533,3.0,0.0,40.0,14.81055900621118,0.5982142857142857,0.8975155279503105,4.899999999999998,1.8869565217391278,1.4999999999999991,1.622764773395829,3,
1029,200,0.3573641460927129,20.524999999999974,0.16096969987781679,2.0,0.0,34.0,14.926778242677825,0.3846153846153846,3.774058577405858,2.499999999999995,0.9899581589958134,0.9999999999999921,0.2827037460117371,2,
1030,200,0.3570069605691474,15.79999999999999,0.16085225449254584,2.0,1.0,35.0,11.98473282442748,0.376984126984127,2.8295165394402035,2.499999999999999,1.0926208651399467,1.0999999999999917,0.3010416450844284,3,
1031,200,0.35665013205257223,9.974999999999975,0.16079556399627948,3.0,0.0,39.0,19.98237885462555,0.75,0.06607929515418502,6.000000000000032,3.8766519823788674,4.300000000000006,2.662017543859679,3,
1032,200,0.3562936601861588,13.124999999999986,0.16069069749775222,3.0,0.0,39.0,14.804794520547945,0.59,0.821917808219178,4.899999999999996,2.1784246575342445,2.149999999999997,2.06644230205364,3,
1033,200,0.35593754461343535,10.149999999999977,0.16059744487819463,2.0,0.0,36.0,17.238493723849373,0.7236842105263158,0.895397489539749,4.5,2.6000000000000023,3.400000000000005,2.230248249299725,3,
1034,200,0.35558178497828613,14.849999999999977,0.16050806265239462,2.0,0.0,37.0,15.23463687150838,0.5635593220338984,2.0921787709497206,3.5999999999999934,1.5446927374301636,1.299999999999999,0.8114167115314034,3,
1035,200,0.3552263809249515,16.19999999999999,0.16045443987831748,4.0,0.0,38.0,12.994594594594595,0.44354838709677424,2.2378378378378376,4.699999999999997,1.6048648648648633,1.0999999999999983,1.7591243179278109,3,
1036,200,0.3548713320980274,13.699999999999989,0.16038287274946478,1.0,1.0,35.0,12.285285285285285,0.410377358490566,3.111111111111111,2.899999999999993,1.2300300300300278,1.1999999999999984,0.46859191256041827,3,
1037,200,0.35451663814246503,11.724999999999973,0.1602994061994486,2.0,0.0,39.0,16.019157088122604,0.65,0.8467432950191571,4.499999999999991,2.424521072796931,3.099999999999991,1.9239480328831386,3,
1038,200,0.35416229870357024,10.57499999999998,0.16019132865716257,2.0,0.0,36.0,15.733067729083665,0.6875,0.8247011952191236,3.9999999999999907,2.016733067729079,2.1999999999999953,1.2762342857142779,3,
1039,200,0.35380831342700375,12.599999999999984,0.16007324494803,2.0,0.0,39.0,14.957894736842105,0.5867346938775511,0.9333333333333333,4.799999999999993,2.2203508771929794,2.4999999999999973,1.8242398798384636,3,
1040,200,0.35345468195878016,15.549999999999988,0.15998530758517823,3.0,0.0,37.0,12.172972972972973,0.3811475409836066,1.7945945945945947,3.399999999999992,1.3162162162162132,1.0,0.7831481603225682,3,
1041,200,0.353101403945268,11.17499999999998,0.15991889321790778,3.0,0.0,39.0,15.4453125,0.6704545454545454,0.08203125,4.899999999999994,1.9714843749999962,1.5999999999999996,1.7880813305867012,3,
1042,200,0.3527484790331891,12.999999999999977,0.1598848351395024,7.0,0.0,40.0,16.634328358208954,0.6117021276595744,0.2126865671641791,7.100000000000004,2.9779850746268686,2.9499999999999975,4.554839953775265,3,
1043,200,0.35239590686961875,14.824999999999992,0.1598277262467509,4.0,0.0,38.0,13.984126984126984,0.5613207547169812,1.6222222222222222,4.099999999999991,1.815555555555552,1.5999999999999983,1.2626596387970583,3,
1044,200,0.3520436871019846,13.699999999999987,0.15976552061252358,6.0,0.0,41.0,13.72027972027972,0.5931372549019608,1.013986013986014,5.399999999999995,1.5055944055944033,1.1999999999999944,1.5451624182407178,3,
1045,200,0.3516918193780669,13.724999999999987,0.1597316835415325,7.0,0.0,38.0,14.674657534246576,0.5969387755102041,0.09246575342465753,4.9999999999999964,2.0777397260273953,2.099999999999995,2.003877297303634,3,
1046,200,0.3513403033459978,11.799999999999976,0.15964020708996382,3.0,0.0,43.0,18.292887029288703,0.7277777777777777,0.8410041841004184,6.70000000000002,3.2326359832635996,3.199999999999996,4.447966736694695,3,
1047,200,0.35098913865426146,16.749999999999986,0.15954350603792006,3.0,0.0,35.0,12.517006802721088,0.3274647887323944,3.893424036281179,3.1999999999999935,1.218594104308388,1.0,0.5426048951048924,3,
1048,200,0.35063832495169295,14.049999999999983,0.15946809137598614,3.0,0.0,38.0,13.704180064308682,0.5330188679245284,0.6495176848874598,4.399999999999989,1.7395498392282922,1.5999999999999974,1.5611850703060275,3,
1049,200,0.3502878618874786,16.24999999999999,0.15934037172366608,2.0,0.0,35.0,13.337628865979381,0.4484126984126984,2.1623711340206184,2.7999999999999976,1.0873711340206167,0.9999999999999983,0.32600247105478036,3,
1050,200,0.3499377491111553,11.449999999999985,0.1592489958156672,2.0,0.0,39.0,16.171548117154813,0.7134146341463414,0.0,4.6999999999999895,1.974895397489535,2.0999999999999934,1.4518637955181979,3,
1051,200,0.3495879862726104,16.649999999999974,0.15915547224061047,3.0,0.0,36.0,15.416243654822335,0.5078125,1.6700507614213198,3.0999999999999903,1.4538071065989806,1.4999999999999944,0.41335111282893444,3,
1052,200,0.3492385730220808,16.099999999999987,0.15906664386278802,2.0,0.0,38.0,13.95945945945946,0.5241935483870968,2.6324324324324326,3.7999999999999905,1.3486486486486462,1.0999999999999996,0.7006113996449904,3,
1053,200,0.34888950901015336,15.724999999999987,0.15893686218756295,2.0,0.0,40.0,13.556818181818182,0.49590163934426235,2.2755681818181817,4.799999999999991,1.8019886363636333,1.2999999999999996,1.58066221156872,3,
1054,200,0.348540793887764,18.774999999999974,0.15878389499059034,2.0,0.0,34.0,15.903803131991051,0.45138888888888884,1.825503355704698,3.0999999999999983,1.173378076062637,1.0999999999999992,0.3482639333760396,2,
1055,200,0.3481924273061976,12.924999999999983,0.15869224293409254,3.0,1.0,38.0,15.304794520547945,0.6275510204081632,1.6849315068493151,5.100000000000003,2.2400684931506856,1.699999999999998,2.408867973212301,3,
1056,200,0.3478444089170874,16.674999999999994,0.1585866848549079,3.0,0.0,38.0,13.140495867768594,0.4877049180327869,1.165289256198347,3.8999999999999946,1.4267217630853977,1.0,1.1164569546475585,3,
1057,200,0.34749673837241524,20.39999999999997,0.15851292034073325,5.0,0.0,36.0,15.390625,0.3558823529411764,5.7578125,2.999999999999994,1.3062499999999964,1.2999999999999927,0.3977749548910307,2,
1058,200,0.3471494153245103,10.524999999999988,0.15850663314195662,2.0,0.0,38.0,15.451882845188285,0.7125,0.06276150627615062,4.099999999999992,1.5430962343096206,1.2000000000000002,1.2316789215686208,3,
1059,200,0.34680243942604977,16.749999999999982,0.1584586418939379,7.0,0.0,41.0,14.615384615384615,0.5241935483870968,2.421652421652422,5.600000000000008,2.121652421652423,1.399999999999999,2.6844532467532565,3,
1060,33,0.3464558103300574,0.8250000000000002,0.1584406675233001,1.0,1.0,4.0,1.6363636363636365,0,0.6753246753246753,1.4999999999999998,0.5701298701298702,0.5999999999999995,0.13120782726045876,4,
1061,200,0.3461095276899044,18.39999999999998,0.15829628006697238,2.0,0.0,39.0,14.381898454746137,0.3928571428571429,4.788079470198675,4.399999999999988,1.5492273730684285,1.3999999999999915,0.9984424583836823,3,
1062,200,0.34576359115930777,14.674999999999986,0.15821198565218575,3.0,0.0,39.0,13.149847094801224,0.4642857142857143,1.0,4.399999999999989,1.6847094801223212,1.2999999999999985,1.5090157863234988,3,
1063,200,0.3454180003923312,11.874999999999988,0.1581340829209501,2.0,0.0,37.0,14.456204379562044,0.6166666666666667,1.686131386861314,3.4999999999999876,1.7401459854014552,1.899999999999994,0.7501501165501104,3,
1064,200,0.34507275504338375,14.099999999999989,0.158071439101324,2.0,0.0,37.0,14.27639751552795,0.589622641509434,1.484472049689441,3.69999999999999,1.5664596273291893,1.4999999999999976,0.9366480522361375,3,
1065,200,0.3447278547672202,14.574999999999985,0.15800021178568574,4.0,0.0,42.0,14.66095890410959,0.589622641509434,0.1643835616438356,6.099999999999995,2.118835616438353,1.8999999999999966,1.9382638424638976,3,
1066,200,0.34438329921894,16.274999999999984,0.15795398554810824,2.0,0.0,39.0,15.643979057591624,0.5423076923076923,2.154450261780105,4.4999999999999885,1.5937172774869073,1.3999999999999968,1.0200198734949195,3,
1067,200,0.34403908805398786,22.69999999999997,0.1578854624785173,2.0,0.0,35.0,15.226923076923077,0.3558823529411764,2.3596153846153847,2.599999999999993,1.0017307692307678,0.8999999999999996,0.3391328740121064,2,
1068,200,0.34369522092815236,12.199999999999985,0.15780946172105753,2.0,0.0,39.0,15.048327137546469,0.6630434782608695,0.31226765799256506,4.599999999999991,1.9118959107806652,1.6999999999999997,1.7448640132669888,3,
1069,200,0.3433516974975665,13.399999999999977,0.1577348262086021,2.0,0.0,38.0,13.978260869565217,0.5555555555555556,2.8322981366459627,3.899999999999987,1.7844720496894364,1.8499999999999943,0.9834950763384471,3,
1070,200,0.34300851741870664,12.399999999999983,0.15765313488910943,2.0,0.0,40.0,15.639405204460967,0.6648936170212766,0.0,5.1,2.2665427509293656,2.2999999999999994,2.500625207296842,3,
1071,200,0.3426656803483929,13.949999999999992,0.15756919820353105,2.0,0.0,38.0,13.782334384858045,0.5801886792452831,0.24290220820189273,4.199999999999988,1.4463722397476306,1.1999999999999993,0.8690570018310585,3,
1072,200,0.34232318594378797,13.29999999999999,0.15747903003111205,3.0,0.0,37.0,14.1875,0.59,1.0888157894736843,3.999999999999987,1.7904605263157851,1.7999999999999956,1.0877826110479818,3,
1073,200,0.3419810338623976,14.97499999999999,0.15741235507290602,2.0,0.0,39.0,12.324324324324325,0.5043859649122807,2.03003003003003,4.1999999999999975,1.0570570570570565,0.8999999999999992,0.5679808455378395,3,
1074,200,0.34163922376206945,17.72499999999998,0.15734720181377115,4.0,0.0,40.0,14.40979381443299,0.503731343283582,3.554123711340206,4.999999999999992,1.5466494845360794,1.1999999999999975,1.351105996293411,3,
1075,57,0.3412977553009937,4.975000000000002,0.15730429994438375,1.0,0.0,8.0,3.9248554913294798,0,0.7745664739884393,1.4000000000000004,0.6283236994219654,0.6000000000000002,0.10053060678962839,4,
1076,200,0.34095662813770156,13.549999999999983,0.15724502799860604,3.0,0.0,40.0,15.329896907216495,0.5441176470588235,0.5360824742268041,5.800000000000004,2.5962199312714804,2.1999999999999997,3.1931849315068632,3,
1077,200,0.3406158419310661,16.349999999999987,0.15717539793464502,3.0,0.0,41.0,13.872628726287262,0.4884615384615385,2.086720867208672,6.300000000000002,1.8661246612466107,1.5,2.1638819036427703,3,
1078,200,0.3402753963403008,15.549999999999983,0.15714489915467164,9.0,0.0,39.0,14.552050473186119,0.5092592592592593,1.608832807570978,5.300000000000008,2.4078864353312346,2.6999999999999993,3.2263736963617697,3,
1079,200,0.33993529102496034,11.949999999999982,0.15704679187332785,4.0,1.0,38.0,15.197080291970803,0.6086956521739131,0.23357664233576642,4.1999999999999975,2.2087591240875875,2.6999999999999984,1.7288514152514078,3,
1080,200,0.3395955256449391,13.524999999999986,0.15695330134902005,2.0,0.0,37.0,13.041935483870967,0.5147058823529411,1.4225806451612903,3.5999999999999934,1.4141935483870947,0.9999999999999997,1.1651655064048472,3,
1081,200,0.33925609986047195,14.27499999999998,0.15689624140799102,3.0,0.0,40.0,13.968944099378882,0.5,2.4161490683229814,5.299999999999998,2.10310559006211,1.7,2.2327448086957347,3,
1082,188,0.3389170133321328,11.249999999999993,0.1568547097291512,14.0,1.0,30.0,12.958955223880597,0,2.1865671641791047,4.099999999999993,1.4958955223880572,1.1,1.1408572462860045,4,
1083,200,0.3385782657208353,17.349999999999987,0.156763637320619,3.0,1.0,39.0,12.96640826873385,0.40909090909090906,3.2842377260981914,4.399999999999991,1.6142118863049064,1.1,1.4737355109235524,3,
1084,200,0.3382398566878317,14.824999999999985,0.15671328154883812,2.0,0.0,36.0,13.994011976047904,0.5462962962962963,0.5119760479041916,3.6999999999999895,1.6215568862275416,1.499999999999998,1.024754067500329,3,
1085,200,0.33790178589471304,13.249999999999984,0.15666401939984947,2.0,0.0,40.0,15.27946127946128,0.5769230769230769,1.5454545454545454,5.7000000000000135,2.514478114478115,2.199999999999998,2.896153183384733,3,
1086,32,0.33756405300340836,1.5750000000000006,0.15664415264161835,2.0,1.0,4.0,2.1595744680851063,0,0.6382978723404256,1.6999999999999997,0.7127659574468084,0.7000000000000001,0.1679411431805319,4,
1087,200,0.33722665767618487,18.974999999999987,0.15657856847153118,4.0,1.0,38.0,13.23404255319149,0.397887323943662,2.66193853427896,4.599999999999994,1.4427895981087453,1.0999999999999985,1.1880338460162712,3,
1088,200,0.33688959957564707,19.74999999999999,0.15653851307080718,2.0,0.0,37.0,13.729847494553377,0.368421052631579,3.69281045751634,3.499999999999995,1.2159041394335492,0.9999999999999979,0.6517980823998458,3,
1089,200,0.336552878364737,18.49999999999997,0.15650932144420365,4.0,0.0,33.0,16.621559633027523,0.46739130434782605,3.0940366972477062,3.2999999999999914,1.456192660550453,1.399999999999999,0.36861037902101346,2,
1090,200,0.33621649370673334,15.024999999999991,0.15646351878555598,3.0,0.0,37.0,12.691616766467066,0.48636363636363633,0.26047904191616766,3.6999999999999913,1.343113772455088,0.9999999999999993,0.8672507731612167,3,
1091,200,0.3358804452652514,12.199999999999982,0.15640226831739998,3.0,0.0,38.0,14.746268656716419,0.6388888888888888,0.10820895522388059,4.59999999999999,1.7936567164179062,1.6999999999999957,1.2686714562187524,3,
1092,200,0.3355447327042427,14.49999999999999,0.15632839292807246,4.0,0.0,38.0,13.808383233532934,0.5446428571428571,1.5149700598802396,4.199999999999989,1.6377245508981992,1.349999999999997,1.1851144278606884,3,
1093,200,0.33520935568799465,16.124999999999982,0.1562569301433713,6.0,0.0,39.0,13.244318181818182,0.5,1.8096590909090908,4.599999999999994,1.5633522727272702,1.099999999999997,1.5873913464564964,3,
1094,74,0.3348743138811302,5.850000000000004,0.1562148569665638,1.0,0.0,11.0,4.713513513513513,0,0.32972972972972975,1.5,0.5551351351351353,0.5000000000000006,0.09415205703599809,4,
1095,200,0.3345396069486076,12.22499999999998,0.1561273711344251,3.0,0.0,37.0,14.483516483516484,0.6055555555555555,1.4871794871794872,3.2999999999999936,1.7619047619047576,1.8999999999999964,0.7937242378703245,3,
1096,200,0.33420523455571977,10.999999999999984,0.15607096298485232,3.0,0.0,37.0,15.10204081632653,0.6646341463414634,1.6693877551020408,3.3999999999999937,1.496734693877548,1.2999999999999994,0.8925756364120963,3,
1097,200,0.3338711963680944,15.599999999999984,0.1560174745254212,3.0,1.0,40.0,13.878260869565217,0.44999999999999996,4.092753623188406,5.000000000000014,2.206376811594205,1.6,2.5152268450060595,3,
1098,200,0.3335374920516932,15.049999999999983,0.15597536022601688,7.0,0.0,42.0,15.141447368421053,0.6227272727272727,2.2302631578947367,6.099999999999989,2.1536184210526277,2.4999999999999947,1.5561221663149842,3,
1099,200,0.33320412127281185,15.44999999999998,0.1559370460919997,3.0,0.0,39.0,13.971098265895954,0.5127118644067796,2.0289017341040463,5.3999999999999995,1.9086705202312113,1.5499999999999976,2.117341352378561,3,
1100,200,0.33287108369807955,11.024999999999983,0.15587938978263383,3.0,0.0,39.0,17.271966527196653,0.7134146341463414,0.029288702928870293,5.500000000000001,2.635146443514643,2.5999999999999943,2.824504551820732,3,
1101,200,0.3325383789944587,12.574999999999976,0.15581932875748614,5.0,0.0,41.0,16.640625,0.6956521739130435,0.73828125,5.400000000000001,2.6089843749999972,2.9999999999999947,2.1975700007629473,3,
1102,200,0.33220600682924445,18.14999999999997,0.15573463455264153,2.0,0.0,35.0,16.7,0.4823943661971831,3.6232558139534885,2.9999999999999973,1.4074418604651122,1.299999999999998,0.4652029486368207,2,
1103,50,0.3318739668700649,3.2250000000000005,0.15571555023233322,1.0,0.0,7.0,3.5483870967741935,0,0.5967741935483871,1.6999999999999988,0.7411290322580639,0.7000000000000001,0.1866269918699185,4,
1104,200,0.3315422587848797,16.07499999999998,0.15567731056164674,5.0,0.0,41.0,14.179411764705883,0.525,1.6205882352941177,6.100000000000002,2.075588235294116,1.3999999999999988,2.9722238946703645,3,
1105,200,0.331210882241981,16.124999999999975,0.1556043297596647,5.0,1.0,43.0,15.075075075075075,0.5286885245901639,2.9129129129129128,7.400000000000011,2.617417417417417,1.9999999999999978,4.063697244066097,3,
1106,200,0.33087983690999206,13.074999999999985,0.15554542695332982,3.0,1.0,39.0,14.362637362637363,0.6223404255319149,1.5970695970695972,4.39999999999999,1.652014652014649,1.4999999999999996,1.1767974452554675,3,
1107,200,0.3305491224578677,15.299999999999988,0.15549893247792348,3.0,0.0,41.0,13.973134328358208,0.5211864406779662,2.5104477611940297,5.500000000000004,2.032238805970147,1.3999999999999986,2.315578307670368,3,
1108,200,0.3302187385548933,13.224999999999985,0.15542083823379985,3.0,0.0,42.0,15.74609375,0.675531914893617,0.171875,6.1,2.1519531249999964,1.5999999999999976,2.6212861829556657,3,
1109,200,0.329888684870685,13.32499999999999,0.15536075075830263,2.0,0.0,37.0,15.335526315789474,0.5931372549019608,0.9046052631578947,4.899999999999992,2.2700657894736813,1.899999999999997,1.8498147486879795,3,
1110,200,0.32955896107518906,17.574999999999992,0.15527159105630287,2.0,1.0,39.0,13.492021276595745,0.4765625,1.2340425531914894,4.499999999999988,1.5896276595744645,1.4999999999999976,1.090618213969931,3,
1111,200,0.32922956683868165,15.474999999999978,0.15518173337961108,2.0,0.0,36.0,15.441489361702128,0.5204918032786885,3.0664893617021276,3.399999999999994,1.801861702127654,1.8999999999999877,0.6532724314765668,3,
1112,200,0.3289005018317685,19.24999999999997,0.15512135317644757,3.0,0.0,35.0,16.52714932126697,0.45547945205479456,2.31447963800905,3.499999999999989,1.5090497737556519,1.4999999999999953,0.6253964159026998,2,
1113,200,0.3285717657253846,13.12499999999998,0.15503506833701408,4.0,0.0,42.0,16.520446096654275,0.6377551020408163,0.10037174721189591,6.000000000000017,2.9022304832713757,2.7999999999999923,3.4795970149253805,3,
1114,200,0.32824335819079375,18.974999999999977,0.15500752646003713,4.0,0.0,38.0,15.981132075471699,0.4894366197183099,1.3514150943396226,3.6999999999999953,1.3757075471698075,1.199999999999994,0.7051449311639523,3,
1115,200,0.32791527889958855,13.049999999999983,0.15494703089068962,3.0,0.0,37.0,14.48993288590604,0.6173469387755102,1.1476510067114094,3.3999999999999932,1.7630872483221438,1.7999999999999987,0.9221377656160198,3,
1116,200,0.3275875275236895,16.124999999999982,0.15493733566809448,4.0,0.0,42.0,14.606349206349206,0.5482456140350878,0.6158730158730159,6.200000000000028,2.318412698412703,1.1999999999999986,3.9785582117229956,3,
1117,200,0.3272601037353453,24.84999999999998,0.15486228128080293,2.0,0.0,36.0,14.784905660377358,0.31666666666666665,2.352830188679245,2.799999999999994,1.1390566037735832,1.099999999999997,0.28566427790771615,2,
1118,200,0.3269330072071321,14.599999999999982,0.15482960253861733,4.0,0.0,42.0,15.753424657534246,0.6273584905660378,0.0684931506849315,6.100000000000022,2.6058219178082216,2.449999999999997,3.4630546661506294,3,
1119,200,0.3266062376119534,16.54999999999999,0.15475470203282762,2.0,0.0,40.0,13.147398843930636,0.4833333333333333,0.8265895953757225,5.199999999999998,1.653757225433524,1.2999999999999987,1.7377027106043463,3,
1120,200,0.32627979462303947,18.099999999999987,0.15468055528070052,3.0,1.0,37.0,14.491841491841491,0.43309859154929575,2.766899766899767,4.299999999999992,1.6512820512820483,1.2999999999999985,1.14129243642686,3,
1121,200,0.32595367791394736,18.974999999999966,0.1546028083554151,2.0,1.0,35.0,16.974770642201836,0.4683098591549296,3.2247706422018347,3.7999999999999954,1.6846330275229306,1.6999999999999897,0.5800192009258514,2,
1122,200,0.32562788715856034,15.224999999999982,0.1545684306193174,5.0,0.0,42.0,14.848387096774193,0.5357142857142857,1.4774193548387098,6.300000000000023,2.5116129032258097,2.299999999999999,3.5982251636333524,3,
1123,200,0.3253024220310876,12.524999999999983,0.15453159557800908,3.0,0.0,40.0,16.744274809160306,0.6847826086956522,0.21755725190839695,5.600000000000017,2.7633587786259555,2.399999999999997,2.8345002403741204,3,
1124,200,0.324977282206064,17.424999999999986,0.15445221344276006,5.0,0.0,38.0,14.128,0.503968253968254,1.9786666666666666,4.799999999999992,1.6402666666666632,1.3999999999999981,1.1059864603481577,3,
1125,200,0.32465246735834974,15.699999999999987,0.1543972814722437,3.0,0.0,39.0,13.423188405797102,0.461864406779661,2.3304347826086955,5.099999999999997,1.8898550724637668,1.2999999999999985,2.147770197607205,3,
1126,200,0.3243279771631298,15.274999999999979,0.15432025778325728,2.0,0.0,43.0,15.511784511784512,0.5954545454545455,1.5824915824915824,6.700000000000012,2.6437710437710433,1.7999999999999998,3.573074097587526,3,
1127,200,0.32400381129591416,15.674999999999986,0.15424327223090986,2.0,0.0,39.0,14.983240223463687,0.5614754098360656,1.3854748603351956,4.399999999999988,1.6033519553072586,1.4999999999999967,0.751447141530703,3,
1128,200,0.3236799694325367,16.19999999999999,0.1542102597439193,7.0,0.0,36.0,12.022346368715084,0.3793103448275862,2.38268156424581,3.7999999999999927,1.211173184357539,0.9999999999999997,0.6622825620498848,3,
1129,200,0.32335645124915574,16.849999999999984,0.15415451793478563,2.0,0.0,38.0,13.268733850129198,0.45769230769230773,3.1136950904392764,3.5999999999999894,1.339793281653744,1.2,0.5792472357245851,3,
1130,200,0.3230332564222529,13.174999999999983,0.15411398064926973,4.0,0.0,40.0,14.875457875457876,0.625,2.446886446886447,4.7999999999999945,1.9597069597069565,1.699999999999997,1.6536367539716539,3,
1131,200,0.3227103846286335,17.89999999999998,0.15407178059399274,4.0,0.0,41.0,13.401002506265664,0.44999999999999996,4.481203007518797,5.399999999999994,1.547619047619045,1.1,1.2293190954773818,3,
1132,200,0.3223878355454255,15.024999999999988,0.15405058338025054,2.0,0.0,41.0,15.66043613707165,0.5482456140350878,1.6573208722741433,6.700000000000016,2.915264797507792,2.0,4.69928299689444,3,
1133,200,0.32206560885008,20.749999999999964,0.15395684986035382,2.0,0.0,36.0,15.80503144654088,0.3858024691358025,4.937106918238993,3.499999999999993,1.464989517819702,1.399999999999999,0.5315019689884282,2,
1134,200,0.32174370422037013,20.374999999999975,0.15388075830557302,2.0,1.0,36.0,16.093681917211327,0.4253246753246753,3.4357298474945535,3.499999999999994,1.4864923747276637,1.3999999999999964,0.4847435921777077,2,
1135,146,0.32142212133439135,13.15,0.1538286428120434,2.0,0.0,23.0,10.253333333333334,0,2.3573333333333335,2.3,1.0082666666666653,0.9999999999999966,0.24673341677096344,4,
1136,200,0.32110085987056064,19.599999999999994,0.15377515908148265,3.0,0.0,40.0,12.824561403508772,0.37142857142857144,2.699248120300752,5.600000000000007,1.6724310776942346,1.199999999999998,2.036144974874373,3,
1137,200,0.3207799195076166,12.724999999999985,0.15375305845163273,3.0,0.0,41.0,16.861940298507463,0.65625,1.626865671641791,6.300000000000008,3.0384328358208967,2.9499999999999966,3.688313075198766,3,
1138,200,0.32045929992461875,16.19999999999999,0.15372763840141973,2.0,0.0,41.0,14.714714714714715,0.5720338983050848,1.5195195195195195,5.800000000000003,2.0174174174174144,1.4999999999999991,2.128905021282733,3,
1139,200,0.3201390008009476,17.02499999999999,0.15369785878260728,4.0,0.0,45.0,14.447447447447447,0.503968253968254,1.7447447447447448,7.800000000000016,2.44984984984985,1.4,3.736227364548022,3,
1140,200,0.31981902181630384,11.474999999999982,0.1536310282790242,3.0,0.0,40.0,18.715481171548117,0.7261904761904762,0.1087866108786611,6.100000000000012,3.48619246861925,3.899999999999996,3.2564772408963756,3,
1141,200,0.31949936265070866,13.424999999999986,0.15360433885750555,3.0,0.0,40.0,15.29642857142857,0.6377551020408163,1.8642857142857143,5.400000000000002,2.2460714285714265,2.099999999999999,2.1305831707037055,3,
1142,200,0.31918002298450265,16.074999999999974,0.15354720124736115,2.0,0.0,37.0,14.454545454545455,0.5431034482758621,1.6079545454545454,3.9999999999999907,1.5633522727272693,1.3999999999999966,0.9321587855015575,3,
1143,200,0.3188610024983463,19.849999999999973,0.15346737019075893,3.0,1.0,35.0,15.78448275862069,0.4033333333333333,1.6508620689655173,2.8999999999999972,1.3793103448275819,1.399999999999997,0.44129812582735045,3,
1144,200,0.31854230087321894,18.274999999999963,0.15346169789719769,3.0,0.0,38.0,17.430232558139537,0.48972602739726023,3.0348837209302326,4.299999999999988,1.8539534883720885,1.7999999999999945,1.1273741880702377,2,
1145,200,0.3182239177904191,15.549999999999981,0.15342224655559675,2.0,0.0,41.0,14.507739938080496,0.5833333333333334,1.671826625386997,5.399999999999994,1.8551083591331237,1.7999999999999998,1.6634805613066395,3,
1146,200,0.3179058529315635,20.449999999999964,0.1533812066931706,3.0,0.0,37.0,16.356828193832598,0.44480519480519476,2.8744493392070485,3.7999999999999963,1.5616740088105696,1.499999999999993,0.9115311355311319,2,
1147,200,0.31758810597858733,11.47499999999998,0.1533136688815434,2.0,0.0,40.0,17.677290836653388,0.6818181818181818,0.8047808764940239,6.100000000000003,3.1976095617529894,3.599999999999995,3.523556190476203,3,
1148,200,0.3172706766137436,15.449999999999985,0.1532833933170601,3.0,0.0,43.0,15.521885521885523,0.6045454545454545,2.0774410774410774,6.700000000000023,2.615488215488218,1.9999999999999987,3.4195968619626522,3,
1149,200,0.31695356451960294,15.074999999999989,0.15323314847474864,3.0,0.0,36.0,13.142857142857142,0.4482758620689655,2.070028011204482,4.099999999999991,1.6666666666666639,1.1999999999999993,1.3695158809867474,3,
1150,200,0.31663676937905316,11.424999999999981,0.15316250803435594,2.0,0.0,39.0,16.25,0.59375,1.8285714285714285,5.7000000000000055,2.942500000000004,3.6,3.019267975356844,3,
1151,200,0.3163202908752992,22.074999999999974,0.1530669603904281,2.0,0.0,37.0,15.680981595092025,0.36309523809523814,3.625766871165644,3.99999999999999,1.573824130879341,1.4999999999999973,0.7277432251589114,2,
1152,200,0.31600412869186245,18.099999999999987,0.1530353946862683,4.0,0.0,38.0,14.487179487179487,0.4444444444444444,3.979020979020979,4.099999999999989,1.5393939393939364,1.2999999999999985,0.9125556400782397,3,
1153,200,0.3156882825125808,15.899999999999984,0.15297745025895013,3.0,0.0,41.0,14.329192546583851,0.5745614035087719,1.84472049689441,6.099999999999999,1.9614906832298116,1.3499999999999992,2.38947175525399,3,
1154,200,0.31537275202160797,14.49999999999999,0.1529458110219949,2.0,0.0,38.0,14.37125748502994,0.5714285714285714,0.40718562874251496,3.699999999999986,1.6880239520958036,1.799999999999995,0.7645340863251252,3,
1155,200,0.3150575369034133,19.249999999999986,0.15291987403415586,2.0,0.0,36.0,14.92152466367713,0.4143835616438356,3.697309417040359,2.5999999999999917,1.2755605381165884,1.1999999999999997,0.3564224417464728,3,
1156,200,0.3147426368427819,12.549999999999986,0.15290201564792152,2.0,0.0,38.0,14.138181818181819,0.6195652173913043,0.8145454545454546,3.799999999999987,1.5636363636363588,1.6999999999999953,0.8295250185126346,3,
1157,200,0.31442805152481357,15.524999999999975,0.15287252276654728,2.0,0.0,40.0,15.675977653631286,0.5645161290322581,2.6452513966480447,4.799999999999999,2.018994413407819,1.5999999999999992,1.8922238087435477,3,
1158,200,0.31411378063492296,15.09999999999999,0.15282122236654108,2.0,0.0,39.0,13.804804804804805,0.5394736842105263,0.6936936936936937,4.39999999999999,1.7633633633633605,1.2999999999999998,1.4750073948488478,3,
1159,200,0.3137998238588391,13.37499999999998,0.15279264498106848,3.0,0.0,41.0,16.349090909090908,0.5969387755102041,0.12727272727272726,6.500000000000018,2.9425454545454586,3.099999999999997,4.099880461229261,3,
1160,200,0.3134861808826053,21.82499999999997,0.1527173274784414,2.0,0.0,38.0,16.150743099787686,0.4207317073170732,4.019108280254777,3.69999999999999,1.5912951167728193,1.5999999999999912,0.5664448250991664,2,
1161,200,0.3131728513925785,16.974999999999987,0.1526892215715048,5.0,0.0,42.0,14.059880239520957,0.49590163934426235,1.6976047904191616,6.5000000000000036,2.1065868263473027,1.5999999999999994,2.9907618663439535,3,
1162,200,0.3128598350754292,14.47499999999998,0.15268452130768484,3.0,0.0,42.0,15.754448398576512,0.5931372549019608,0.02491103202846975,6.400000000000014,2.6843416370106765,3.099999999999996,3.247411600810542,3,
1163,200,0.312547131618141,15.624999999999991,0.15267533429932928,6.0,0.0,39.0,14.375394321766562,0.5370370370370371,0.9873817034700315,6.000000000000004,2.19968454258675,1.8999999999999941,3.2381709258816977,3,
1164,200,0.31223474070801055,18.874999999999982,0.1526181944170974,3.0,0.0,38.0,15.223255813953488,0.4652777777777778,2.116279069767442,4.099999999999989,1.4283720930232517,1.2999999999999932,0.6678963109589531,3,
1165,200,0.31192266203264674,13.274999999999986,0.152584217179668,3.0,0.0,40.0,15.142348754448399,0.6173469387755102,1.0462633451957295,5.399999999999993,2.2402135231316684,2.3999999999999924,1.950685157041531,3,
1166,200,0.31161089527997105,15.874999999999982,0.15255646979926457,4.0,0.0,41.0,15.414414414414415,0.5583333333333333,2.24024024024024,5.800000000000012,2.556156156156155,2.6999999999999975,3.059546749873748,3,
1167,200,0.3112994401382165,15.799999999999988,0.15251873696493234,2.0,0.0,38.0,13.16260162601626,0.4354838709677419,2.265582655826558,5.000000000000002,1.7409214092140919,1.0999999999999992,2.0489908930669816,3,
1168,200,0.3109882962959281,11.874999999999977,0.15251450846408604,2.0,0.0,40.0,18.97071129707113,0.6802325581395349,0.899581589958159,6.5000000000000115,3.654393305439334,3.6999999999999953,3.9146831232493198,3,
1169,200,0.31067746344196184,13.424999999999985,0.15248640179189077,2.0,0.0,37.0,13.976027397260275,0.625,0.6541095890410958,3.2999999999999923,1.4428082191780798,1.0999999999999996,0.7949233547963308,3,
1170,200,0.31036694126548503,16.549999999999994,0.1524418700815806,2.0,0.0,41.0,14.044077134986226,0.484375,1.1239669421487604,6.100000000000003,2.0201101928374636,1.4999999999999978,2.6162821018760236,3,
1171,200,0.31005672945597523,17.42499999999998,0.1523615173627238,2.0,0.0,41.0,13.3368700265252,0.41666666666666663,3.496021220159151,5.800000000000001,1.9641909814323586,1.3999999999999997,2.4656581391421746,3,
1172,200,0.3097468277032208,18.374999999999968,0.15232109151923381,2.0,0.0,35.0,17.49764150943396,0.4928571428571429,3.4622641509433962,3.899999999999994,1.7790094339622597,1.7999999999999903,0.808596912807675,2,
1173,200,0.30943723569731985,11.274999999999986,0.15227584946140257,3.0,0.0,37.0,16.408163265306122,0.7,0.0,4.199999999999994,2.280408163265302,2.8999999999999977,1.9219338931094143,3,
1174,200,0.3091279531286804,14.049999999999992,0.15224274349520656,5.0,0.0,40.0,13.8,0.5,1.032258064516129,4.899999999999989,1.925161290322576,2.299999999999991,1.3974459671796708,3,
1175,200,0.30881897968801986,17.599999999999987,0.15222491961264006,2.0,0.0,38.0,13.664082687338501,0.4807692307692307,1.7622739018087856,3.5999999999999894,1.4421188630490929,1.399999999999999,0.5597026066983568,3,
1176,200,0.3085103150663647,17.399999999999977,0.15219669134443176,4.0,1.0,44.0,14.472463768115942,0.53125,4.084057971014492,7.4,2.1976811594202865,1.6999999999999997,2.750394542277183,3,
1177,200,0.3082019589550503,13.724999999999985,0.15216314544618234,2.0,0.0,41.0,14.354477611940299,0.6581632653061225,0.7425373134328358,5.599999999999996,1.482462686567162,1.0999999999999956,1.492511730225689,3,
1178,200,0.3078939110457206,19.84999999999997,0.15213521523694654,2.0,0.0,37.0,17.718604651162792,0.4797297297297297,2.3069767441860467,4.399999999999997,2.0269767441860416,2.0999999999999943,0.7823927657802356,2,
1179,200,0.3075861710303276,14.774999999999991,0.15207298779271114,2.0,1.0,38.0,14.76764705882353,0.5482456140350878,1.7705882352941176,4.899999999999997,2.040294117647057,1.8999999999999986,1.8892456682151222,3,
1180,200,0.30727873860113125,16.174999999999997,0.15205320156763846,6.0,0.0,37.0,12.8125,0.430327868852459,2.592391304347826,4.699999999999997,1.5190217391304337,1.1,1.3406263337837714,3,
1181,200,0.30697161345069907,20.524999999999988,0.15199436222322293,5.0,0.0,41.0,14.460850111856823,0.42307692307692313,3.149888143176734,6.500000000000003,1.612304250559283,1.0999999999999996,1.9494556774503515,3,
1182,87,0.306664795271906,10.425000000000008,0.15195354825397805,2.0,0.0,13.0,6.397306397306397,0,1.2525252525252526,2.0,0.7629629629629627,0.7000000000000002,0.15176129149283504,4,
1183,200,0.30635828375793367,16.774999999999967,0.15190469418132627,2.0,0.0,39.0,15.686486486486487,0.5277777777777778,2.4108108108108106,4.499999999999992,2.240540540540536,2.399999999999995,1.490259242215058,3,
1184,200,0.3060520786022707,17.19999999999999,0.1518381128206437,2.0,0.0,37.0,14.012531328320803,0.43939393939393945,2.017543859649123,3.899999999999987,1.6303258145363373,1.4999999999999996,1.0302396984924551,3,
1185,200,0.30574617949871175,17.049999999999986,0.15176500634189327,3.0,0.0,40.0,14.666666666666666,0.5,1.3910761154855642,5.699999999999998,2.008923884514434,1.3999999999999995,2.282823229539818,3,
1186,200,0.3054405861413579,18.799999999999986,0.15170144793365287,2.0,0.0,38.0,15.035460992907801,0.4683098591549296,1.635933806146572,3.8999999999999915,1.559101654846332,1.2999999999999985,0.7421376196011779,3,
1187,200,0.3051352982246155,20.37499999999997,0.15164249967523252,2.0,0.0,35.0,15.727659574468085,0.3928571428571429,3.882978723404255,3.6999999999999957,1.413404255319146,1.199999999999996,0.7220150838165826,2,
1188,200,0.30483031544319683,17.474999999999984,0.1516065263733687,3.0,0.0,42.0,14.277333333333333,0.44402985074626866,2.3333333333333335,6.700000000000021,2.3938666666666686,1.4999999999999991,4.0114842416657375,3,
1189,200,0.304525637492119,21.049999999999976,0.15154817928545256,2.0,0.0,37.0,17.15801886792453,0.4965753424657534,2.5919811320754715,3.399999999999989,1.5752358490565994,1.499999999999999,0.5915362536503933,2,
1190,200,0.3042212640667041,19.27499999999997,0.15148343470111267,2.0,0.0,37.0,17.10091743119266,0.4766666666666667,3.626146788990826,3.8999999999999897,1.743807339449536,1.6999999999999986,0.7522821220968421,2,
1191,200,0.3039171948625785,13.94999999999998,0.15147350784512575,3.0,0.0,43.0,17.19083969465649,0.6683673469387755,1.465648854961832,7.10000000000002,3.1366412213740476,3.049999999999996,4.548189327389556,3,
1192,200,0.30361342957567317,13.074999999999976,0.15142705431164044,3.0,1.0,41.0,15.84341637010676,0.6,1.491103202846975,5.7000000000000135,2.7120996441281138,2.9999999999999964,3.191139564336376,3,
1193,200,0.30330996790222264,14.07499999999998,0.15141562504286002,4.0,0.0,43.0,17.380597014925375,0.67,0.03731343283582089,7.30000000000003,3.298134328358216,3.799999999999998,5.036447238349869,3,
1194,200,0.3030068095387654,15.174999999999986,0.15138312856382835,2.0,0.0,40.0,13.930379746835444,0.5681818181818182,1.2183544303797469,5.099999999999989,1.7946202531645532,1.499999999999999,1.5038152320865164,3,
1195,200,0.30270395418214285,16.649999999999988,0.15135823836853438,2.0,0.0,38.0,13.5420054200542,0.5,1.3875338753387534,4.099999999999989,1.4661246612466088,1.2999999999999992,0.6528680963572218,3,
1196,200,0.3024014015294998,23.32499999999998,0.15127390605519656,2.0,0.0,39.0,15.266666666666667,0.3489010989010989,2.659047619047619,4.299999999999991,1.3070476190476177,1.0999999999999983,0.818829492351896,2,
1197,200,0.3020991512782834,20.24999999999998,0.1512784888097393,2.0,0.0,36.0,17.03953488372093,0.48611111111111116,1.1232558139534883,3.4999999999999973,1.61116279069767,1.399999999999997,0.8060657980843577,2,
1198,200,0.3017972031262435,17.19999999999999,0.15125491008451242,2.0,0.0,42.0,14.666666666666666,0.5357142857142857,1.6495726495726495,6.300000000000011,2.1968660968660956,1.5999999999999979,2.7295564935064984,3,
1199,200,0.3014955567714318,15.149999999999993,0.15121197583818352,2.0,0.0,38.0,13.426470588235293,0.5307017543859649,2.1911764705882355,3.799999999999989,1.5267647058823495,1.2999999999999987,0.9038502928225977,3,
1200,200,0.30119421191220214,19.474999999999984,0.15117237696920416,2.0,0.0,36.0,14.528344671201815,0.4305555555555556,2.0226757369614514,2.799999999999999,1.1505668934240327,1.0999999999999965,0.3078527354997935,3,
1201,200,0.30089316824720935,13.074999999999987,0.15116083910163303,2.0,0.0,37.0,13.756849315068493,0.6145833333333334,0.17465753424657535,3.1999999999999873,1.4078767123287625,1.3999999999999981,0.5131289070288354,3,
1202,200,0.30059242547541,16.074999999999996,0.15112102850283493,3.0,1.0,37.0,12.355371900826446,0.44166666666666665,1.9173553719008265,3.199999999999994,1.215151515151514,0.9999999999999981,0.6625027320745529,3,
1203,200,0.30029198329606105,13.274999999999986,0.1510895896739735,4.0,1.0,37.0,13.790940766550523,0.5691489361702128,1.3658536585365855,3.599999999999989,1.5881533101045264,1.3999999999999968,1.0331126165501097,3,
1204,200,0.2999918414087205,13.349999999999984,0.15109629476741857,4.0,0.0,41.0,16.70394736842105,0.6296296296296297,3.710526315789474,5.800000000000017,2.950986842105264,3.149999999999996,2.784831791375868,3,
1205,200,0.2996919995132463,25.42499999999997,0.15104495945065474,2.0,0.0,36.0,14.828413284132841,0.2880434782608695,2.6678966789667897,3.6999999999999953,1.2953874538745365,1.0499999999999978,0.7080807657873833,2,
1206,200,0.2993924573097967,19.849999999999994,0.1509924654438108,2.0,0.0,40.0,12.75912408759124,0.397887323943662,1.878345498783455,4.799999999999997,1.4148418491484163,1.1,1.0474014918304484,3,
1207,200,0.29909321449882925,18.99999999999998,0.15094657408115603,3.0,0.0,36.0,14.881118881118882,0.4571428571428572,1.543123543123543,3.0999999999999894,1.2121212121212084,1.1999999999999944,0.369412193001519,3,
1208,200,0.29879427078110127,13.84999999999999,0.15094124212043078,12.0,0.0,34.0,14.485981308411215,0.51,0.8909657320872274,5.800000000000013,2.2760124610591945,1.699999999999998,3.1209813664596338,3,
1209,200,0.2984956258576689,18.02499999999998,0.1508958455199159,2.0,0.0,38.0,13.969465648854962,0.4545454545454546,1.4020356234096691,4.29999999999999,1.6819338422391825,1.3999999999999995,1.1227597638039934,3,
1210,200,0.2981972794298874,17.59999999999999,0.15086205423929902,2.0,0.0,38.0,13.534883720930232,0.4653846153846154,1.6227390180878554,4.09999999999999,1.5320413436692468,1.299999999999998,0.9452845734736333,3,
1211,200,0.2978992311994101,20.349999999999962,0.1507988744762437,2.0,0.0,38.0,17.0718954248366,0.42721518987341767,4.62962962962963,3.8999999999999964,2.0864923747276634,2.1999999999999913,0.9864453199164561,2,
1212,74,0.29760148086818883,7.350000000000005,0.15077164486745034,2.0,0.0,11.0,5.48,0,2.448888888888889,1.9999999999999991,0.9351111111111101,0.9999999999999974,0.22068268015170656,4,
1213,200,0.2973040281384732,18.27499999999998,0.1507640366526165,5.0,0.0,41.0,14.194225721784777,0.45895522388059706,1.6089238845144358,6.800000000000007,2.158530183727034,1.1,4.02439721686416,3,
1214,200,0.2970068727128105,20.599999999999977,0.15072579461438648,4.0,0.0,41.0,14.746236559139785,0.4104938271604939,3.838709677419355,5.499999999999996,1.5415053763440834,1.2999999999999998,1.0525832470031042,3,
1215,200,0.29671001429404525,21.474999999999977,0.15069182657374428,5.0,0.0,40.0,14.213250517598343,0.3524096385542169,3.3333333333333335,4.899999999999993,1.5219461697722536,1.2999999999999978,0.959812334967934,3,
1216,200,0.2964134525853191,16.624999999999993,0.15066937645433456,4.0,0.0,39.0,13.312,0.375,3.517333333333333,5.000000000000012,2.032266666666667,1.3999999999999997,2.4906832404141586,3,
1217,200,0.29611718729007014,20.349999999999973,0.15060039823169022,2.0,0.0,34.0,15.689361702127659,0.38636363636363635,3.578723404255319,3.1999999999999926,1.3904255319148897,1.2999999999999998,0.5142723597662253,2,
1218,200,0.2958212181120332,16.59999999999999,0.15057516593978656,3.0,0.0,39.0,13.061624649859944,0.4795081967213115,1.792717086834734,4.7,1.537254901960783,1.0999999999999983,1.5807813382712923,3,
1219,200,0.295525544755239,12.57499999999998,0.1505579572374093,2.0,0.0,41.0,16.91235059760956,0.6833333333333333,0.0,5.500000000000005,2.738645418326692,2.7999999999999954,2.8990704761904773,3,
1220,200,0.2952301669240142,14.499999999999984,0.15053284172755443,3.0,0.0,43.0,16.003649635036496,0.6225490196078431,0.07664233576642336,6.800000000000008,2.692700729927006,2.999999999999994,3.576125740925741,3,
1221,200,0.2949350843229809,18.849999999999994,0.15048988682774467,2.0,0.0,36.0,12.444444444444445,0.3472222222222222,2.795918367346939,2.399999999999997,1.0009070294784568,0.9000000000000002,0.24834512546277182,3,
1222,200,0.29464029665705654,18.77499999999997,0.15046704660270227,2.0,0.0,35.0,17.672093023255815,0.4823943661971831,3.3069767441860467,3.6999999999999966,1.9906976744185985,2.099999999999996,0.649358839150019,2,
1223,200,0.29434580363145335,12.099999999999987,0.1504406139077352,2.0,1.0,41.0,17.364,0.7055555555555556,0.136,6.000000000000011,2.931999999999999,2.899999999999996,2.36549384790157,3,
1224,200,0.29405160495167837,19.699999999999964,0.15043106882493068,3.0,0.0,38.0,18.440191387559807,0.5102739726027398,1.8014354066985645,4.699999999999989,2.225837320574156,2.099999999999998,0.8070882482558072,2,
1225,200,0.29375770032353277,17.249999999999986,0.15040911839225987,4.0,0.0,42.0,13.448179271708684,0.453125,2.700280112044818,6.099999999999998,1.9641456582633023,1.4,2.278676322892466,3,
1226,200,0.2934640894531121,14.54999999999999,0.15040289321247358,1.0,1.0,38.0,13.305921052631579,0.553921568627451,0.3026315789473684,3.9999999999999933,1.4470394736842085,1.0999999999999994,1.1973726126710977,3,
1227,200,0.2931707720468052,18.324999999999985,0.15039364816213519,2.0,0.0,43.0,15.092436974789916,0.5423076923076923,0.969187675070028,6.90000000000001,2.1927170868347328,1.6999999999999988,2.8871965036720892,3,
1228,200,0.2928777478112949,14.449999999999985,0.15038952613290174,2.0,0.0,38.0,12.980645161290322,0.5576923076923077,0.5129032258064516,3.599999999999992,1.1993548387096755,0.9,0.7163296184143398,3,
1229,200,0.29258501645355667,13.674999999999981,0.15036766058388965,3.0,0.0,42.0,16.067164179104477,0.6173469387755102,0.06716417910447761,6.800000000000008,2.6354477611940283,2.099999999999996,3.939283377191153,3,
1230,200,0.2922925776808594,12.874999999999984,0.1503235102783832,2.0,0.0,38.0,14.75609756097561,0.6145833333333334,0.6968641114982579,4.199999999999987,1.9916376306620158,1.9999999999999947,1.571447406759896,3,
1231,200,0.2920004312007641,17.674999999999986,0.1503039174159161,1.0,0.0,38.0,12.5,0.44047619047619047,0.7594594594594595,3.69999999999999,1.2497297297297272,0.9999999999999957,0.8622900094229993,3,
1232,200,0.2917085767211244,14.074999999999983,0.15025623031323682,3.0,0.0,39.0,14.733552631578947,0.5865384615384616,1.0888157894736843,5.099999999999994,2.1871710526315775,1.8999999999999961,2.3574596115349236,3,
1233,200,0.2914170139500857,13.299999999999978,0.15024636244097267,4.0,0.0,43.0,17.747081712062258,0.6875,0.054474708171206226,6.700000000000029,3.3459143968871645,3.6999999999999966,4.49702610222871,3,
1234,200,0.2911257425960852,16.67499999999999,0.15020253657781032,2.0,0.0,39.0,14.222222222222221,0.4545454545454546,2.488372093023256,5.199999999999993,2.0374677002583956,1.5999999999999992,1.870779205170661,3,
1235,200,0.29083476236785155,15.89999999999999,0.15017344151540712,2.0,0.0,36.0,12.259776536312849,0.4568965517241379,2.7374301675977653,3.2999999999999923,1.0905027932960873,0.8999999999999999,0.5341039145463171,3,
1236,200,0.2905440729744046,20.099999999999973,0.1501525922067983,2.0,0.0,38.0,17.095652173913045,0.44620253164556967,2.621739130434783,4.299999999999992,2.020652173913038,1.8999999999999977,1.0404697092141226,2,
1237,200,0.2902536741250547,17.44999999999998,0.15013588938233866,4.0,0.0,43.0,14.815028901734104,0.5515873015873016,0.7341040462427746,6.800000000000009,2.158381502890172,1.4999999999999996,2.9527434323184254,3,
1238,200,0.2899635655294032,17.44999999999998,0.1501081474571003,1.0,0.0,42.0,14.778711484593838,0.53125,1.0196078431372548,6.200000000000017,2.217927170868348,1.4,3.5057565438453446,3,
1239,200,0.2896737468973414,16.62499999999998,0.15007597156170283,4.0,0.0,41.0,14.517964071856287,0.5635593220338984,2.0479041916167664,5.4999999999999964,1.9359281437125722,1.5499999999999972,1.922319214737121,3,
1240,200,0.2893842179390506,22.174999999999986,0.15001927117056818,3.0,1.0,39.0,15.535353535353535,0.37209302325581395,4.6909090909090905,4.6999999999999895,1.5202020202020177,1.0999999999999996,1.1087681206738884,2,
1241,200,0.28909497836500186,14.924999999999986,0.15000643473337627,3.0,1.0,41.0,14.430379746835444,0.5446428571428571,2.259493670886076,6.000000000000011,2.223734177215189,1.3999999999999981,3.358236142406492,3,
1242,200,0.28880602788595566,17.52499999999999,0.14997625398811232,3.0,0.0,41.0,13.126050420168067,0.48809523809523814,0.25210084033613445,5.5,1.5338935574229673,1.1999999999999966,1.4973223589228524,3,
1243,200,0.2885173662129613,15.924999999999992,0.14995540156126963,3.0,0.0,41.0,14.286127167630058,0.5204918032786885,0.6098265895953757,5.9,2.097687861271674,1.6,2.219492962452488,3,
1244,200,0.2882289930573573,16.649999999999977,0.14991614149420457,4.0,0.0,40.0,16.414948453608247,0.5111940298507462,1.5902061855670102,5.800000000000022,2.5750000000000015,2.2999999999999963,2.6162222753632056,3,
1245,200,0.2879409081307702,13.549999999999978,0.1499090388431279,3.0,0.0,44.0,17.866171003717472,0.6421568627450981,0.055762081784386616,7.200000000000036,3.7096654275093024,4.3999999999999995,5.805339966832544,3,
1246,200,0.2876531111451154,25.174999999999976,0.14986532838956693,3.0,0.0,36.0,15.124125874125873,0.265625,5.786713286713287,3.3999999999999915,1.3118881118881087,1.1999999999999997,0.45073417628666285,2,
1247,200,0.28736560181259563,21.649999999999988,0.1498574441737389,4.0,0.0,41.0,13.600409836065573,0.3088235294117647,3.8831967213114753,5.699999999999993,1.637295081967211,1.1999999999999993,1.7882887172833097,3,
1248,200,0.28707837984570167,18.19999999999999,0.14982546485120135,3.0,0.0,40.0,12.667539267015707,0.40909090909090906,0.6518324607329843,4.8999999999999915,1.5591623036649185,1.0999999999999999,1.4264572411477197,3,
1249,200,0.2867914449572114,10.924999999999983,0.14981818526718646,4.0,0.0,38.0,16.848979591836734,0.7012195121951219,0.05714285714285714,4.599999999999993,2.54489795918367,2.8999999999999972,1.741360122617613,3,
1250,200,0.2865047968601901,17.649999999999984,0.14979637656675213,3.0,0.0,44.0,15.47536231884058,0.53125,1.2956521739130435,7.800000000000027,2.853333333333337,1.799999999999998,6.132975198279371,3,
1251,200,0.28621843526798946,24.099999999999977,0.149754778528085,2.0,0.0,38.0,15.033834586466165,0.31666666666666665,3.018796992481203,4.399999999999993,1.390789473684208,1.0999999999999939,1.0228699080993386,2,
1252,200,0.285932359894248,17.59999999999998,0.1497435821777126,3.0,0.0,43.0,15.110192837465565,0.5454545454545454,1.7327823691460056,6.600000000000005,2.10440771349862,1.9999999999999982,2.6411576407018353,3,
1253,200,0.28564657045289016,14.374999999999973,0.14970945293624513,3.0,0.0,42.0,15.79020979020979,0.5673076923076923,0.7237762237762237,6.100000000000019,2.7979020979020985,3.2999999999999945,3.6788517635552394,3,
1254,200,0.28536106665812666,12.299999999999983,0.14967180221567503,3.0,1.0,40.0,16.197080291970803,0.625,0.9051094890510949,5.700000000000009,2.7846715328467155,2.6999999999999984,2.8822851814851886,3,
1255,200,0.28507584822445353,17.424999999999983,0.14966293121107338,5.0,0.0,46.0,16.205607476635514,0.5887096774193549,0.48909657320872274,8.500000000000027,3.0741433021806888,2.199999999999997,7.025474378882017,3,
1256,200,0.2847909148666525,15.674999999999988,0.14964984075004195,4.0,0.0,40.0,13.847305389221557,0.5258620689655172,0.25149700598802394,5.099999999999994,1.883832335329338,2.0999999999999948,1.734005647438474,3,
1257,200,0.2845062662997899,15.849999999999985,0.14961702507035363,3.0,0.0,41.0,14.087227414330219,0.5307017543859649,1.5389408099688473,5.3999999999999995,2.0591900311526463,1.2999999999999994,2.1970163043478226,3,
1258,200,0.28422190223921745,19.97499999999998,0.14961303385898006,2.0,0.0,37.0,17.60141509433962,0.5035211267605634,3.018867924528302,3.499999999999987,1.8412735849056547,1.8999999999999977,0.47733216520650473,2,
1259,200,0.28393782240057086,15.549999999999985,0.1495975465669025,7.0,0.0,40.0,14.357798165137615,0.5394736842105263,0.6055045871559633,5.800000000000011,2.147094801223241,1.5999999999999988,3.0679025138410947,3,
1260,200,0.2836540264997704,21.049999999999997,0.1495492442514358,2.0,0.0,39.0,14.579710144927537,0.36585365853658536,4.0186335403726705,4.899999999999997,1.549275362318837,1.2999999999999972,1.0639533109289778,3,
1261,200,0.28337051425301996,17.47499999999998,0.14950923745887768,2.0,0.0,37.0,16.088669950738915,0.503731343283582,4.495073891625616,3.2999999999999976,1.6073891625615713,1.5999999999999919,0.5344806624806611,3,
1262,200,0.2830872853768075,19.274999999999977,0.14948281454960705,4.0,0.0,41.0,14.320987654320987,0.4683098591549296,1.202469135802469,6.1000000000000005,1.691358024691356,1.2999999999999976,1.900159123055163,3,
1263,200,0.2828043395879039,18.499999999999968,0.14944582467133244,2.0,1.0,39.0,15.665158371040723,0.43000000000000005,4.778280542986425,4.699999999999988,1.8742081447963757,1.7,1.1677117980374934,3,
1264,200,0.2825216766033636,19.24999999999998,0.14942577629571252,2.0,0.0,39.0,15.57109557109557,0.4691780821917808,2.5594405594405596,4.499999999999989,1.7617715617715575,1.6999999999999904,1.0506188871984306,3,
1265,200,0.2822392961405233,20.799999999999972,0.14942534149393624,2.0,0.0,38.0,17.4197247706422,0.4736842105263158,1.9357798165137614,4.599999999999988,1.9516055045871505,1.949999999999993,0.9055755806307316,2,
1266,200,0.28195719791700274,17.174999999999986,0.149413561876449,15.0,0.0,35.0,13.94236311239193,0.4772727272727273,0.18155619596541786,5.4000000000000075,2.051873198847264,1.8999999999999964,2.6931240449139633,3,
1267,200,0.28167538165070355,23.94999999999998,0.1493934644727069,2.0,0.0,36.0,14.791896869244935,0.2949438202247191,3.832412523020258,3.2999999999999945,1.2178637200736615,1.0999999999999992,0.47509686346863333,3,
1268,200,0.2813938470598095,15.374999999999982,0.14939082194613706,4.0,1.0,45.0,16.18088737201365,0.5714285714285714,2.143344709897611,8.300000000000018,3.125255972696248,2.399999999999997,5.902366042307359,3,
1269,200,0.281112593862786,15.149999999999983,0.14936910412370424,3.0,0.0,43.0,15.394736842105264,0.5625,1.006578947368421,6.700000000000019,2.7200657894736855,1.899999999999998,4.587837796894458,3,
1270,200,0.2808316217783798,13.349999999999978,0.14937432054038344,3.0,0.0,42.0,17.237918215613384,0.6377551020408163,0.026022304832713755,6.700000000000034,3.332713754646849,4.099999999999999,4.276907131011645,3,
1271,39,0.2805509305256187,2.975000000000001,0.14936282875325807,2.0,0.0,5.0,2.694915254237288,0,0.23728813559322035,1.6,0.6440677966101694,0.6000000000000002,0.13722042663219128,4,
1272,200,0.28027051982381157,17.62499999999997,0.14936229093035985,2.0,0.0,38.0,16.02577319587629,0.5269230769230769,2.0463917525773194,4.2999999999999945,1.9270618556700982,1.9999999999999891,0.9847123413244023,3,
1273,200,0.27999038939254756,14.549999999999986,0.14935459639943185,2.0,0.0,38.0,14.348387096774193,0.5769230769230769,0.06129032258064516,4.49999999999999,1.9174193548387057,1.8999999999999952,1.322678071572017,3,
1274,39,0.27971053895169634,4.225000000000001,0.14934569511683266,2.0,1.0,5.0,3.0738255033557045,0,0.6375838926174496,2.299999999999999,0.7255033557046979,0.6000000000000003,0.24741441441441403,4,
1275,200,0.2794309682214073,15.374999999999979,0.14933523657994896,2.0,0.0,45.0,16.53767123287671,0.5803571428571429,1.428082191780822,7.9000000000000306,3.314726027397266,2.7499999999999973,6.528866565802322,3,
1276,200,0.27915167692210985,18.04999999999999,0.14932650368420886,2.0,0.0,44.0,14.582417582417582,0.49626865671641796,0.6236263736263736,7.4000000000000234,2.3409340659340674,1.2999999999999998,4.451297558398452,3,
1277,200,0.2788726647745125,21.82499999999997,0.14931544963451732,3.0,0.0,36.0,16.510775862068964,0.4082278481012658,3.146551724137931,3.6999999999999953,1.8073275862068923,1.8999999999999873,0.7410704382359061,2,
1278,200,0.27859393149960326,15.174999999999992,0.1492984365809177,2.0,0.0,40.0,15.24223602484472,0.5803571428571429,1.4254658385093169,5.600000000000008,2.410559006211179,1.999999999999997,2.5861246298814695,3,
1279,200,0.27831547681864865,15.549999999999985,0.14929184692479766,1.0,0.0,41.0,14.445482866043614,0.5394736842105263,2.3489096573208723,5.600000000000014,2.197507788161994,1.4999999999999996,2.440765139751561,3,
1280,200,0.27803730045319414,18.69999999999999,0.14926690480870597,2.0,1.0,41.0,13.6,0.426056338028169,2.31358024691358,5.500000000000004,1.7135802469135788,1.1999999999999993,1.8188637028727477,3,
1281,200,0.2777594021250632,15.949999999999987,0.14924251696262805,3.0,0.0,43.0,15.402439024390244,0.5583333333333333,2.527439024390244,6.900000000000007,2.632621951219511,2.1999999999999966,3.7958918230575542,3,
1282,200,0.2774817815563575,20.02499999999997,0.1492504558159826,3.0,0.0,36.0,17.20232558139535,0.48287671232876717,1.2790697674418605,3.799999999999996,1.7088372093023205,1.599999999999999,0.8180658629846527,2,
1283,200,0.2772044384694566,17.32499999999998,0.14924105787731315,5.0,0.0,44.0,14.546546546546546,0.5119047619047619,0.9009009009009009,7.60000000000002,2.413813813813816,1.2999999999999998,4.623214234182256,3,
1284,200,0.2769273725870171,17.324999999999985,0.1491985919952932,3.0,0.0,41.0,13.838068181818182,0.47580645161290325,1.2613636363636365,6.099999999999999,2.091761363636362,1.4999999999999996,2.6781639669741613,3,
1285,200,0.2766505836319734,24.174999999999972,0.14914664777354208,2.0,0.0,38.0,15.23991935483871,0.36627906976744184,3.004032258064516,3.599999999999993,1.3489919354838673,1.1999999999999966,0.603832083409545,2,
1286,200,0.27637407132753633,14.799999999999983,0.14914029690414746,4.0,1.0,38.0,15.113772455089821,0.5714285714285714,1.6706586826347305,4.599999999999994,2.1335329341317335,1.6999999999999984,1.896018286943654,3,
1287,200,0.2760978353971936,20.499999999999986,0.1491013469808387,2.0,1.0,37.0,13.356687898089172,0.34615384615384615,3.4203821656050954,3.299999999999993,1.1365180467091274,0.9999999999999974,0.40648142805625564,3,
1288,200,0.27582187556470933,17.124999999999982,0.14907128725403007,4.0,0.0,42.0,15.076696165191741,0.5204918032786885,0.8407079646017699,7.4000000000000155,2.6870206489675543,1.4999999999999996,5.212679255134034,3,
1289,200,0.2755461915541236,15.474999999999982,0.1490267573196995,2.0,0.0,41.0,14.813084112149532,0.47807017543859653,1.529595015576324,6.000000000000014,2.644236760124613,1.7999999999999994,4.233722826086975,3,
1290,200,0.27527078308975234,20.974999999999973,0.1489797355524466,2.0,0.0,38.0,17.18807339449541,0.4736842105263158,1.610091743119266,5.599999999999994,1.8126146788990782,1.599999999999995,1.4430824061653362,2,
1291,200,0.27499564989618713,22.07499999999999,0.14895383532316986,2.0,0.0,37.0,13.388030888030888,0.2674418604651163,4.225868725868726,3.3999999999999897,1.2766409266409238,1.1999999999999993,0.4571973703335136,3,
1292,200,0.2747207916982947,22.07499999999997,0.14893755620863341,2.0,0.0,36.0,16.028629856850717,0.37048192771084343,3.644171779141104,3.999999999999989,1.7505112474437583,1.7999999999999972,0.7612350284375988,2,
1293,200,0.27444620822121696,17.899999999999984,0.14890272552671013,2.0,0.0,40.0,14.658653846153847,0.4444444444444444,3.7139423076923075,4.799999999999988,1.8615384615384576,1.6999999999999929,1.196508393285367,3,
1294,200,0.2741718991903702,12.849999999999987,0.14886172569759798,2.0,0.0,40.0,15.1875,0.6722222222222223,0.02734375,4.99999999999999,1.8144531249999962,1.699999999999999,1.233208361943991,3,
1295,200,0.2738978643314456,20.549999999999983,0.14883700729120425,3.0,0.0,42.0,13.340229885057472,0.3668831168831169,2.87816091954023,6.600000000000001,1.7795402298850551,1.0999999999999996,2.624353887456132,3,
1296,200,0.27362410337040804,21.974999999999966,0.14878541209611096,2.0,0.0,36.0,16.549266247379453,0.39457831325301207,3.807127882599581,4.299999999999995,1.8675052410901425,1.999999999999997,0.9277322351534711,2,
1297,200,0.27335061603349675,18.92499999999998,0.14879626399748835,5.0,0.0,43.0,15.60989010989011,0.5378787878787878,0.6181318681318682,7.5000000000000115,2.553571428571428,1.5999999999999988,4.302629608664492,3,
1298,200,0.2730774020472242,18.849999999999973,0.14879201125073632,3.0,0.0,35.0,17.73820754716981,0.4963768115942029,1.945754716981132,4.099999999999995,1.9233490566037674,1.7999999999999978,0.9441062995410914,2,
1299,200,0.2728044611383765,15.449999999999985,0.1487922875110934,2.0,0.0,40.0,15.694117647058823,0.5550847457627118,1.7205882352941178,6.500000000000013,2.5961764705882358,2.0999999999999974,3.4049854237493515,3,
1300,200,0.2725317930340126,28.67499999999996,0.14876518574880576,2.0,0.0,38.0,16.179229480737018,0.27427184466019416,3.4824120603015074,3.799999999999991,1.2760469011725264,1.1999999999999953,0.48034886983456965,2,
1301,200,0.2722593974614645,14.774999999999997,0.14871989481535292,2.0,0.0,37.0,14.064705882352941,0.5570175438596491,2.261764705882353,3.1999999999999886,1.2832352941176435,1.2000000000000004,0.45628171523974825,3,
1302,200,0.2719872741483365,22.674999999999976,0.14867378178501367,2.0,0.0,42.0,17.059447983014863,0.41860465116279066,5.112526539278131,6.099999999999994,2.2231422505307816,2.199999999999994,1.4984733141002464,2,
1303,200,0.27171542282250544,18.649999999999988,0.1486706289366755,5.0,0.0,45.0,14.933333333333334,0.4642857142857143,1.9146666666666667,8.100000000000025,2.7810666666666704,1.5999999999999996,6.527767948572115,3,
1304,200,0.27144384321211973,14.124999999999982,0.14864501939426542,3.0,0.0,41.0,15.483985765124554,0.62,0.9039145907473309,5.500000000000005,2.445195729537366,2.299999999999997,3.235258105369807,3,
1305,74,0.2711725350455999,5.2500000000000036,0.14862737993300204,2.0,1.0,11.0,4.938202247191011,0,0.601123595505618,1.7999999999999998,0.7674157303370783,0.7000000000000002,0.15984218666161656,4,
1306,200,0.27090149805163766,14.924999999999988,0.14862421248435376,2.0,0.0,41.0,14.881533101045296,0.5637254901960784,0.07317073170731707,5.60000000000002,2.2675958188153333,1.7999999999999985,3.3070388986014114,3,
1307,200,0.2706307319591961,14.399999999999983,0.14864089677199943,4.0,0.0,42.0,17.06711409395973,0.6203703703703703,0.47651006711409394,7.200000000000018,3.416107382550341,3.4999999999999973,5.73806020066893,3,
1308,200,0.270360236497509,17.099999999999984,0.1486329872734206,3.0,0.0,40.0,14.085164835164836,0.4642857142857143,2.912087912087912,5.500000000000009,2.1859890109890103,1.749999999999997,2.5146853088795846,3,
1309,200,0.270090011396081,15.324999999999987,0.14861486169064447,2.0,0.0,40.0,14.661585365853659,0.5570175438596491,0.8932926829268293,5.500000000000002,2.1771341463414635,1.349999999999999,2.8366681538904905,3,
1310,200,0.2698200563846868,19.77499999999998,0.14862449629501154,4.0,0.0,42.0,16.188630490956072,0.5253623188405797,1.6382428940568476,7.100000000000009,2.3987080103359144,1.9999999999999956,3.167487180172006,3,
1311,200,0.2695503711933716,16.499999999999986,0.1486177999843571,4.0,0.0,43.0,15.670886075949367,0.5948275862068966,0.2848101265822785,6.7000000000000215,2.683227848101267,1.799999999999996,4.727076160432646,3,
1312,200,0.26928095555244996,21.774999999999974,0.14861163989053353,3.0,0.0,40.0,15.651785714285714,0.44480519480519476,0.9933035714285714,5.299999999999998,1.832366071428568,1.6999999999999924,1.5324198940723324,3,
1313,200,0.2690118091925064,19.44999999999999,0.14860372502363245,3.0,0.0,41.0,12.924528301886792,0.33783783783783783,3.9504716981132075,5.600000000000014,1.7606132075471708,1.0999999999999983,2.7611763037129835,3,
1314,200,0.26874293184439435,16.499999999999975,0.14858335758705726,3.0,0.0,40.0,15.635294117647058,0.5805084745762712,1.3529411764705883,5.100000000000004,2.2255882352941163,1.599999999999997,2.2589236066055993,3,
1315,200,0.2684743232392366,24.049999999999976,0.1485580034763306,2.0,0.0,36.0,16.071310116086234,0.25,5.446102819237147,3.3999999999999955,1.4031509121061319,1.199999999999997,0.6494943455589504,3,
1316,200,0.2682059831084244,22.149999999999963,0.1485281127547548,2.0,0.0,38.0,16.914163090128756,0.4126506024096386,3.6566523605150216,4.499999999999997,2.073819742489267,2.299999999999998,1.12880477078584,2,
1317,200,0.26793791118361776,20.049999999999976,0.1485150506344851,3.0,0.0,36.0,17.312925170068027,0.4633333333333334,3.707482993197279,5.299999999999998,1.9424036281179116,1.7999999999999954,1.4255335252982315,2,
1318,200,0.26767010719674456,25.02499999999998,0.14849772208942813,3.0,0.0,41.0,15.563809523809525,0.3521505376344086,5.5790476190476195,5.399999999999993,1.5596190476190432,1.399999999999995,0.8239342727774029,2,
1319,200,0.2674025708800009,18.34999999999998,0.14848799105567384,2.0,0.0,42.0,15.15267175572519,0.4714285714285714,1.9491094147582697,7.30000000000001,2.506361323155216,1.4,4.4707518388066045,3,
1320,200,0.26713530196585034,21.024999999999984,0.14845304956388577,3.0,1.0,42.0,14.011061946902656,0.3375,2.506637168141593,6.900000000000016,2.148672566371684,1.1999999999999997,3.9731814021331284,3,
1321,200,0.2668683001870241,22.074999999999974,0.14845053266678543,4.0,0.0,43.0,18.22398190045249,0.4878048780487805,3.16289592760181,6.599999999999996,2.5027149321266915,2.399999999999997,1.4971496137958513,2,
1322,200,0.2666015652765202,13.349999999999987,0.14842435105157792,3.0,0.0,40.0,15.389078498293514,0.5931372549019608,0.3037542662116041,5.2000000000000055,2.5518771331058008,2.7999999999999967,2.64143509458578,3,
1323,200,0.2663350969676039,24.649999999999977,0.14838681581033608,2.0,0.0,37.0,15.187845303867404,0.3097826086956522,4.355432780847146,3.399999999999989,1.3604051565377502,1.2999999999999978,0.4938851204688484,2,
1324,200,0.26606889499380665,20.04999999999997,0.14834662361727902,3.0,0.0,36.0,17.46485260770975,0.4633333333333334,4.299319727891157,3.79999999999999,2.0335600907029416,2.0999999999999868,0.6935711641299843,2,
1325,200,0.2658029590889266,20.024999999999963,0.14830763995834134,2.0,0.0,39.0,17.830232558139535,0.493421052631579,4.288372093023256,4.49999999999999,2.0855813953488327,2.1499999999999932,1.1424959572523317,2,
1326,200,0.2655372889870278,16.099999999999984,0.14828888896012943,2.0,0.0,42.0,14.70807453416149,0.5172413793103449,1.236024844720497,6.800000000000013,2.5037267080745345,1.699999999999999,4.227542412931732,3,
1327,200,0.2652718844224401,21.17499999999999,0.1482639279111121,3.0,1.0,37.0,12.755060728744938,0.2621951219512195,2.9271255060728745,3.699999999999991,1.2342105263157874,0.9999999999999997,0.632253283340501,3,
1328,200,0.2650067451297589,20.32499999999997,0.14825264891161133,3.0,0.0,38.0,17.540178571428573,0.4551282051282052,3.3816964285714284,5.599999999999993,2.199330357142852,2.1999999999999904,1.3788233857989147,2,
1329,200,0.26474187084384504,16.649999999999984,0.14823391906772238,3.0,0.0,42.0,14.803977272727273,0.4801587301587301,0.21875,6.500000000000021,2.686647727272732,1.649999999999999,5.022504297716792,3,
1330,200,0.26447726129982396,14.074999999999978,0.14820083070747772,2.0,0.0,39.0,14.620805369127517,0.5343137254901961,0.11409395973154363,5.6,2.264429530201344,1.999999999999999,2.8931968514577284,3,
1331,200,0.2642129162330863,19.299999999999972,0.1481793437096367,6.0,0.0,40.0,16.362530413625304,0.4894366197183099,3.7737226277372264,6.100000000000009,2.2776155717761557,1.8999999999999986,2.6044291972531433,3,
1332,200,0.2639488353792868,18.024999999999988,0.14815800504247725,2.0,0.0,42.0,14.132432432432433,0.46212121212121215,0.9108108108108108,6.400000000000025,2.260000000000003,1.1999999999999993,4.221403808647273,3,
1333,200,0.2636850184743448,18.474999999999987,0.14814411394778265,4.0,0.0,45.0,14.904347826086957,0.4884615384615385,1.5391304347826087,8.000000000000027,2.787246376811598,1.3000000000000003,6.158265895953791,3,
1334,200,0.2634214652544431,20.624999999999986,0.14813843062107496,2.0,0.0,42.0,14.638297872340425,0.4633333333333334,2.6430260047281324,6.099999999999994,1.6768321513002333,1.1999999999999997,1.5583372082625344,3,
1335,200,0.2631581754560287,18.424999999999976,0.14810134116720605,2.0,0.0,36.0,17.344186046511627,0.47916666666666663,3.2581395348837208,4.1999999999999975,1.8023255813953447,1.5499999999999963,1.1944661680160482,2,
1336,200,0.26289514881581166,19.749999999999968,0.14808555198293233,2.0,0.0,40.0,15.698412698412698,0.4342105263157895,2.3401360544217686,4.800000000000002,1.8825396825396803,1.3999999999999995,1.7268922254216366,3,
1337,200,0.26263238507076536,21.699999999999974,0.148078013461691,3.0,1.0,39.0,17.08823529411765,0.4715189873417721,1.51131221719457,4.199999999999988,1.8212669683257858,1.7999999999999914,0.6620850416916154,2,
1338,200,0.262369883958126,24.44999999999997,0.1480786092096526,3.0,0.0,40.0,16.243809523809524,0.3695652173913043,3.779047619047619,5.1999999999999975,1.5881904761904735,1.299999999999999,1.1522837633878016,2,
1339,200,0.2621076452153925,13.949999999999978,0.14806638605106068,3.0,0.0,44.0,17.739776951672862,0.6715686274509803,0.2825278810408922,7.300000000000031,3.5267657992565122,3.799999999999996,5.769623548922092,3,
1340,200,0.261845668580326,14.374999999999979,0.14805712757429484,3.0,0.0,43.0,17.2901023890785,0.6111111111111112,0.12627986348122866,8.100000000000028,3.6310580204778233,3.499999999999997,7.855543285807524,3,
1341,200,0.26158395379094995,24.049999999999983,0.1480210062571781,2.0,0.0,37.0,15.638722554890219,0.36931818181818177,2.8802395209580838,3.5999999999999894,1.4666666666666637,1.299999999999999,0.6889315537848568,2,
1342,200,0.2613225005855494,20.099999999999994,0.14801056799845408,2.0,0.0,43.0,13.158150851581508,0.3783783783783784,2.8686131386861313,6.800000000000016,1.860097323600974,0.9999999999999997,3.289084181861245,3,
1343,200,0.2610613087026713,21.64999999999997,0.14799401897815007,3.0,0.0,42.0,17.66509433962264,0.5162337662337663,1.275943396226415,6.0,1.8794811320754683,1.499999999999999,1.6118756779307426,2,
1344,200,0.26080037788112365,15.949999999999989,0.1479910361842698,3.0,0.0,42.0,14.218120805369127,0.5740740740740741,0.24161073825503357,6.300000000000004,1.9503355704697973,1.4999999999999978,2.7488395662308673,3,
1345,200,0.2605397078599756,19.149999999999988,0.14793999612468248,2.0,0.0,36.0,15.125827814569536,0.41216216216216217,3.878587196467991,3.199999999999992,1.4604856512141242,1.3999999999999972,0.553739327901444,3,
1346,200,0.2602792983785571,23.224999999999984,0.14790493749712352,2.0,0.0,40.0,16.59259259259259,0.3833333333333333,5.200779727095517,6.099999999999994,1.8463937621832314,1.5999999999999956,1.3810887341926033,2,
1347,200,0.26001914917645874,14.074999999999982,0.14791049491310254,3.0,0.0,44.0,18.31906614785992,0.6785714285714286,0.0,7.200000000000036,3.717120622568102,4.3999999999999995,5.831935259205469,3,
1348,200,0.2597592599935311,22.724999999999973,0.14788995549973827,2.0,0.0,40.0,15.394,0.36627906976744184,3.29,5.199999999999998,1.6159999999999979,1.1999999999999986,1.5878703514814014,3,
1349,200,0.25949963056988523,21.849999999999966,0.1478591203445176,3.0,1.0,38.0,17.68903803131991,0.44999999999999996,1.9753914988814318,4.899999999999991,2.2753914988814277,2.399999999999998,1.517612307815496,2,
1350,200,0.2592402606458915,23.92499999999997,0.14784692357019324,3.0,0.0,42.0,17.5,0.38829787234042556,7.461538461538462,6.600000000000015,2.6163967611336023,2.4999999999999956,2.3807732907165,2,
1351,200,0.25898114996218,22.399999999999977,0.1478507617291544,3.0,0.0,36.0,16.747346072186836,0.3919753086419753,4.503184713375796,4.899999999999996,2.035881104033967,2.0999999999999956,1.1530914172376452,2,
1352,200,0.25872229825964005,24.524999999999977,0.14782890949295863,2.0,0.0,37.0,16.584761904761905,0.35439560439560436,4.674285714285714,4.999999999999994,1.7927619047619001,1.5999999999999992,0.8905794125330131,2,
1353,200,0.25846370527942,24.34999999999998,0.14780186227993175,2.0,1.0,37.0,16.113680154142582,0.35989010989010994,4.105973025048169,4.1999999999999895,1.5377649325626161,1.3999999999999964,0.7168809028808996,2,
1354,200,0.25820537076292666,21.974999999999984,0.1477601681218232,3.0,1.0,36.0,15.025691699604742,0.32831325301204817,4.276679841897233,4.299999999999992,1.4669960474308268,1.299999999999999,0.8336373152108069,3,
1355,200,0.2579472944518257,18.174999999999983,0.14776107376451864,7.0,0.0,38.0,15.776902887139107,0.5234375,0.994750656167979,4.8999999999999915,2.070341207349078,2.0999999999999956,1.5088157894736804,3,
1356,200,0.25768947608804055,14.849999999999984,0.14776241607165952,4.0,0.0,40.0,14.029032258064516,0.5555555555555556,0.17096774193548386,5.499999999999995,1.8806451612903208,1.4999999999999998,2.0882922819175995,3,
1357,200,0.2574319154137531,19.274999999999977,0.1477505602429014,3.0,0.0,40.0,15.60344827586207,0.4928571428571429,1.1477832512315271,5.40000000000001,2.081773399014778,1.299999999999999,2.603131859131866,3,
1358,200,0.2571746121714024,19.674999999999972,0.14774718165204234,4.0,0.0,44.0,15.541371158392435,0.45779220779220775,4.3120567375886525,7.60000000000002,2.4044917257683216,1.6999999999999993,3.5065478851828837,3,
1359,200,0.25691756610368544,19.099999999999984,0.14773381324955442,2.0,0.0,44.0,13.829545454545455,0.5269230769230769,0.4630681818181818,7.199999999999998,1.7849431818181796,1.2499999999999982,2.452832861189796,3,
1360,200,0.2566607769535559,22.574999999999974,0.1477034574927194,3.0,0.0,41.0,17.595982142857142,0.45481927710843373,2.7589285714285716,6.5000000000000115,2.2006696428571404,1.8999999999999944,2.192309581819911,2,
1361,200,0.2564042444642247,20.37499999999997,0.1476987955196522,3.0,0.0,40.0,16.034858387799563,0.42500000000000004,3.8474945533769063,5.099999999999993,1.8930283224400828,1.6999999999999988,1.4614398139358225,3,
1362,200,0.2561479683791593,20.574999999999967,0.14766749485255856,3.0,0.0,44.0,17.49770642201835,0.48417721518987344,5.672018348623853,7.199999999999999,2.4745412844036663,2.299999999999999,1.9823668691969778,3,
1363,200,0.25589194844208374,22.14999999999998,0.14765335712210512,2.0,0.0,37.0,16.20808080808081,0.3885542168674698,3.632323232323232,4.299999999999994,1.7250505050505012,1.6999999999999917,0.8459213791302042,2,
1364,200,0.25563618439697783,20.04999999999997,0.14766573715407733,2.0,0.0,36.0,18.048165137614678,0.472972972972973,4.151376146788991,4.399999999999993,2.312155963302747,2.399999999999994,1.0953396459664868,2,
1365,200,0.2553806759880777,17.17499999999999,0.14762512705215813,2.0,0.0,39.0,12.247340425531915,0.35769230769230764,3.3218085106382977,4.399999999999989,1.3949468085106353,1.1,1.0014443147656886,3,
1366,200,0.2551254229598748,18.924999999999983,0.14762608164336138,5.0,0.0,47.0,16.321739130434782,0.5634328358208955,2.2231884057971016,9.700000000000028,3.1333333333333373,2.4999999999999982,6.221231012232867,3,
1367,200,0.25487042505711616,21.474999999999973,0.14762932853540864,3.0,0.0,39.0,17.993119266055047,0.47435897435897434,2.944954128440367,4.39999999999999,2.295642201834857,2.3999999999999932,0.9284033246534578,2,
1368,200,0.2546156820248037,17.29999999999999,0.14760343017781657,3.0,0.0,39.0,13.209366391184574,0.467741935483871,1.6473829201101928,4.899999999999999,1.654820936639117,1.2999999999999972,1.5272817375994134,3,
1369,200,0.25436119360819465,16.774999999999984,0.14758654376536132,4.0,0.0,45.0,15.463126843657816,0.5078125,2.303834808259587,7.800000000000031,3.033923303834813,1.899999999999999,5.610372955099234,3,
1370,200,0.25410695955280027,22.92499999999998,0.14755232591663212,3.0,0.0,37.0,15.929292929292929,0.3735294117647059,4.022222222222222,3.8999999999999906,1.6862626262626221,1.4999999999999987,0.8153297636149873,2,
1371,200,0.2538529796043867,17.424999999999986,0.1475269679355019,3.0,0.0,43.0,13.491176470588234,0.49193548387096775,0.8823529411764706,6.600000000000004,1.8902941176470571,1.1999999999999984,2.9323723388610587,3,
1372,200,0.25359925350897383,16.499999999999986,0.14750661512402866,2.0,0.0,38.0,13.664864864864866,0.45967741935483875,2.362162162162162,4.299999999999989,1.781621621621619,1.3499999999999985,1.5279977209475528,3,
1373,200,0.25334578101283567,17.424999999999976,0.14749330581230297,4.0,0.0,45.0,16.582608695652173,0.55,1.5420289855072464,7.800000000000039,3.3837681159420367,2.6999999999999993,6.976606734776232,3,
1374,200,0.25309256186249957,22.199999999999964,0.14748095305281894,5.0,0.0,42.0,18.703125,0.4695121951219512,2.140625,6.300000000000012,2.8970982142857147,2.899999999999995,2.5667231182393935,2,
1375,200,0.25283959580474646,22.574999999999974,0.14744976341629398,2.0,0.0,37.0,16.196428571428573,0.439873417721519,4.310267857142857,4.199999999999995,1.4091517857142832,1.1999999999999984,0.8886483510460697,2,
1376,200,0.2525868825866102,22.099999999999984,0.14744191401246792,2.0,0.0,36.0,15.872881355932204,0.39375000000000004,3.3389830508474576,3.0999999999999934,1.523093220338979,1.4999999999999996,0.4977104626475052,2,
1377,200,0.25233442195537764,16.474999999999977,0.14742610492015218,2.0,0.0,40.0,15.3125,0.5532786885245902,2.133522727272727,5.000000000000004,2.078124999999998,1.9499999999999975,1.9420655674196723,3,
1378,200,0.25208221365858796,13.599999999999984,0.14743372666823545,2.0,0.0,43.0,18.130597014925375,0.68,1.1417910447761195,6.9000000000000234,3.669776119402994,4.100000000000001,5.273152472049387,3,
1379,200,0.25183025744403303,18.999999999999982,0.14741823404314253,2.0,0.0,36.0,15.070093457943925,0.4119718309859155,1.9228971962616823,4.299999999999996,1.864018691588781,1.6499999999999957,1.0498793010268397,3,
1380,200,0.25157855305975646,18.099999999999984,0.14741578439851008,2.0,0.0,40.0,13.593175853018373,0.3787878787878788,3.9921259842519685,5.7000000000000055,2.201049868766406,1.2999999999999994,3.3895760540093836,3,
1381,200,0.251327100254054,20.27499999999997,0.14741015440583322,3.0,0.0,43.0,16.35540838852097,0.43518518518518523,5.82560706401766,6.900000000000006,2.485651214128033,2.2999999999999976,2.592808954816578,3,
1382,200,0.25107589877547265,16.099999999999984,0.14740024744245755,2.0,0.0,44.0,16.461290322580645,0.6206896551724138,1.8193548387096774,7.400000000000015,2.933548387096773,2.2499999999999973,4.029368047534326,3,
1383,200,0.2508249483728111,26.974999999999973,0.14737173154997224,3.0,0.0,43.0,15.423214285714286,0.30940594059405946,5.294642857142857,6.6000000000000005,1.5574999999999968,1.349999999999995,1.2376262679409034,2,
1384,200,0.25057424879511875,20.549999999999965,0.14734183403401446,2.0,1.0,36.0,17.756880733944953,0.4633333333333334,4.302752293577981,3.999999999999998,2.1538990825688016,2.3999999999999932,1.037811357479149,2,
1385,200,0.2503237997916961,18.974999999999973,0.14730913851135702,3.0,0.0,40.0,15.811004784688995,0.46232876712328763,2.382775119617225,5.200000000000011,2.026315789473684,1.5999999999999994,2.2061143638788314,3,
1386,200,0.2500736011120941,15.324999999999987,0.14730782840221995,5.0,0.0,42.0,15.793706293706293,0.6057692307692307,0.8111888111888111,6.500000000000013,2.728671328671329,2.349999999999997,3.7056568249893114,3,
1387,200,0.24982365250611405,23.749999999999975,0.14727768942971672,2.0,0.0,38.0,15.723140495867769,0.3928571428571429,5.171487603305785,3.599999999999989,1.5088842975206578,1.3999999999999935,0.7161844571087014,2,
1388,200,0.24957395372380728,23.999999999999964,0.14726627093848177,3.0,0.0,40.0,18.352941176470587,0.42816091954022983,3.7516339869281046,5.700000000000001,2.811982570806097,3.1999999999999935,1.9016737231820737,2,
1389,200,0.2493245045154751,20.074999999999967,0.14723865680159706,3.0,0.0,38.0,16.383442265795207,0.4512987012987013,2.4270152505446623,4.199999999999992,1.5845315904139412,1.0999999999999999,1.3164772166318528,3,
1390,200,0.24907530463166816,14.049999999999988,0.14724849833500747,2.0,0.0,40.0,15.6,0.6354166666666666,0.0,5.700000000000013,2.388363636363637,1.6999999999999988,3.165288268274631,3,
1391,200,0.24882635382318666,21.399999999999963,0.1472360499500083,3.0,0.0,39.0,19.31132075471698,0.490506329113924,3.8820754716981134,5.499999999999998,2.867216981132072,3.1499999999999924,1.6186748435544396,2,
1392,200,0.24857765184107966,24.924999999999965,0.14720982974073674,2.0,0.0,39.0,17.044563279857396,0.3273195876288659,5.609625668449198,4.69999999999999,1.7803921568627408,1.699999999999997,0.8796183274021327,2,
1393,200,0.24832919843664528,16.799999999999983,0.1472015737548549,3.0,0.0,42.0,15.183183183183184,0.5333333333333333,0.5195195195195195,6.700000000000019,2.6768768768768796,1.6999999999999988,4.366922119616209,3,
1394,200,0.24808099336142997,21.42499999999997,0.14717748727528432,3.0,1.0,42.0,18.210884353741495,0.4695121951219512,3.854875283446712,6.100000000000033,2.511111111111114,2.0999999999999903,2.4955129576306296,2,
1395,200,0.24783303636722875,19.69999999999999,0.1471602547076366,2.0,1.0,43.0,14.066193853427896,0.39473684210526316,2.839243498817967,7.000000000000014,2.1803782505910165,1.299999999999998,3.647838683716365,3,
1396,200,0.2475853272060845,22.824999999999974,0.1471510834702549,2.0,0.0,40.0,17.198757763975156,0.40909090909090906,5.20703933747412,4.799999999999993,2.2859213250517554,2.599999999999996,1.3185237989094976,2,
1397,200,0.24733786563028812,14.949999999999982,0.14715300645276863,3.0,0.0,42.0,16.79530201342282,0.6111111111111112,0.0738255033557047,7.3000000000000265,3.265100671140948,3.6499999999999977,5.238102766798464,3,
1398,200,0.24709065139237796,17.949999999999996,0.1471491382894179,1.0,0.0,40.0,13.34959349593496,0.4765625,2.785907859078591,4.999999999999996,1.6417344173441701,1.4999999999999996,1.3097041715628612,3,
1399,200,0.24684368424513983,15.674999999999986,0.14712876970033928,3.0,0.0,42.0,15.630434782608695,0.5948275862068966,0.7857142857142857,6.0000000000000195,2.522360248447207,2.599999999999998,2.7035633613996626,3,
1400,200,0.24659696394160643,14.999999999999986,0.14712786492718855,2.0,0.0,40.0,13.90268456375839,0.5480769230769231,0.7483221476510067,4.89999999999999,1.8093959731543585,1.2999999999999994,1.5697280497280406,3,
1401,200,0.24635049023505762,18.69999999999999,0.14710805889735176,2.0,0.0,38.0,13.473193473193474,0.42361111111111116,2.8111888111888113,3.5999999999999908,1.2079254079254045,1.099999999999994,0.43467148445989895,3,
1402,200,0.2461042628790195,16.424999999999983,0.1471101592291994,2.0,0.0,46.0,16.887788778877887,0.5805084745762712,2.636963696369637,8.400000000000036,3.5943894389439004,3.2999999999999967,6.48594675845247,3,
1403,200,0.2458582816272648,25.699999999999974,0.14709093476119572,2.0,0.0,38.0,16.43646408839779,0.33854166666666663,5.051565377532229,3.999999999999989,1.5847145488029422,1.499999999999992,0.6401184339049237,2,
1404,200,0.2456125462338122,21.24999999999997,0.14705780500131557,2.0,0.0,38.0,16.856209150326798,0.4390243902439024,4.599128540305011,4.09999999999999,1.8681917211328918,1.7999999999999985,0.7057018226694465,2,
1405,200,0.24536705645292634,17.14999999999998,0.14706070363543292,4.0,0.0,46.0,17.3944099378882,0.6129032258064516,0.3944099378881988,9.300000000000024,3.437267080745346,2.299999999999998,8.133844892605385,3,
1406,200,0.24512181203911731,17.324999999999996,0.14706136791434,2.0,0.0,39.0,13.414893617021276,0.4765625,2.3031914893617023,4.899999999999993,1.580053191489358,1.2999999999999952,1.2837335455349201,3,
1407,200,0.24487681274714082,13.299999999999986,0.14705269016363853,2.0,0.0,39.0,15.04,0.6329787234042553,0.09818181818181818,4.699999999999988,2.0785454545454503,2.1999999999999984,1.6674526605310382,3,
1408,200,0.2446320583319975,22.449999999999985,0.14702732860809853,2.0,0.0,44.0,15.148148148148149,0.4126506024096386,3.104575163398693,7.5000000000000115,2.0864923747276682,1.4,3.4471105942661944,3,
1409,200,0.2443875485489328,21.624999999999986,0.1469946526969899,2.0,0.0,36.0,14.79182879377432,0.33333333333333337,4.334630350194552,2.9999999999999973,1.2824902723735374,1.1000000000000008,0.5503180605234749,3,
1410,200,0.2441432831534371,16.949999999999985,0.14698534403930635,2.0,0.0,46.0,16.95886075949367,0.5860655737704918,1.0949367088607596,9.100000000000023,3.57943037974684,2.6499999999999986,9.941100495718835,3,
1411,200,0.24389926190124483,22.949999999999974,0.14695181116252878,2.0,0.0,42.0,17.44954128440367,0.48750000000000004,1.401376146788991,5.999999999999996,1.9694954128440312,1.7999999999999952,1.149465425182144,2,
1412,200,0.24365548454833486,18.749999999999975,0.14695054548587047,4.0,0.0,47.0,15.87536231884058,0.5261194029850746,1.0521739130434782,9.00000000000003,3.197681159420294,1.6999999999999988,8.078903078370793,3,
1413,200,0.24341195085092968,22.699999999999985,0.1469442957030458,5.0,0.0,46.0,14.477578475336323,0.3524096385542169,3.2488789237668163,9.000000000000018,2.550896860986548,1.2999999999999998,6.538765251489352,3,
1414,200,0.24316866056549566,11.549999999999978,0.14693094717045957,3.0,0.0,40.0,18.489539748953973,0.7261904761904762,0.0,6.200000000000014,3.3506276150627654,3.5999999999999956,4.171777661064446,3,
1415,200,0.24292561344874244,16.324999999999985,0.14692611448822107,3.0,0.0,44.0,15.845161290322581,0.5862068965517241,0.9903225806451613,7.700000000000012,2.892903225806451,2.849999999999997,4.990840279295316,3,
1416,200,0.24268280925762298,19.149999999999988,0.14691647696068239,5.0,0.0,46.0,14.293193717277488,0.4097222222222222,1.9738219895287958,8.700000000000024,2.62408376963351,1.2999999999999996,6.601821234486709,3,
1417,200,0.24244024774933293,16.224999999999977,0.14691889949135226,2.0,0.0,48.0,18.205479452054796,0.6313559322033898,0.9726027397260274,9.600000000000035,4.1489726027397325,3.7499999999999964,9.994396983451264,3,
1418,200,0.2421979286813109,23.649999999999977,0.1468768431636604,3.0,0.0,37.0,15.107212475633528,0.3247126436781609,2.530214424951267,3.499999999999989,1.3949317738791387,1.2,0.7181056967412419,2,
1419,200,0.24195585181123766,25.349999999999977,0.14685641368662822,2.0,1.0,42.0,16.91,0.3829787234042553,4.138,6.000000000000008,2.280799999999997,2.199999999999995,1.9886393145572558,2,
1420,200,0.24171401689703645,24.57499999999999,0.14683768403051822,3.0,0.0,39.0,16.438095238095237,0.3563829787234043,5.278095238095238,4.499999999999989,1.8201904761904708,1.5999999999999996,0.7809666066815626,2,
1421,200,0.24147242369687225,22.549999999999965,0.1468364439734337,3.0,0.0,40.0,18.558035714285715,0.45731707317073167,3.0558035714285716,5.600000000000021,2.810044642857144,2.999999999999991,2.709711713327665,2,
1422,200,0.24123107196915192,18.099999999999987,0.14682703166348512,4.0,0.0,44.0,15.868715083798882,0.5454545454545454,1.3826815642458101,7.500000000000013,2.6726256983240217,2.049999999999997,4.066433213954119,3,
1423,200,0.24098996147252358,21.62499999999997,0.14681253161452254,2.0,0.0,39.0,14.840764331210192,0.39375000000000004,1.414012738853503,4.499999999999989,1.6142250530785534,1.5999999999999956,1.0677217814641125,3,
1424,200,0.24074909196587688,21.349999999999987,0.1467819850355098,3.0,1.0,46.0,15.795698924731182,0.41860465116279066,3.5978494623655912,8.400000000000016,2.3995698924731172,1.7999999999999932,4.255417344975593,3,
1425,200,0.24050846320834213,18.899999999999967,0.14676436743771148,3.0,0.0,44.0,17.47328244274809,0.5277777777777778,1.4758269720101782,7.8000000000000105,3.0651399491094127,2.999999999999997,3.6756788045167363,3,
1426,200,0.2402680749592907,15.824999999999989,0.1467610009316214,3.0,0.0,39.0,14.91150442477876,0.5258620689655172,0.4749262536873156,5.600000000000023,2.472861356932156,1.7999999999999994,2.9502626174730424,3,
1427,200,0.2400279269783342,22.34999999999998,0.1467386989125299,2.0,0.0,39.0,16.95374449339207,0.439873417721519,2.039647577092511,4.99999999999999,1.9515418502202597,1.999999999999998,1.0444850690148655,2,
1428,200,0.2397880190253247,21.72499999999997,0.1467071780419456,5.0,0.0,42.0,17.472689075630253,0.41279069767441856,5.180672268907563,6.500000000000005,2.5193277310924342,2.3999999999999937,2.4227883923645606,2,
1429,200,0.2395483508603542,12.074999999999978,0.14668982520899493,3.0,0.0,41.0,17.779591836734692,0.7045454545454546,0.0,6.600000000000008,3.103265306122452,3.1999999999999966,4.273203385312561,3,
1430,200,0.23930892224375455,19.34999999999999,0.1466679733703827,2.0,0.0,39.0,12.695035460992909,0.3047945205479452,2.0425531914893615,4.800000000000002,1.6456264775413705,1.0999999999999983,1.8455644728605922,3,
1431,200,0.23906973293609704,22.249999999999982,0.14664325383991023,2.0,0.0,43.0,15.087824351297405,0.3455056179775281,4.199600798403194,7.100000000000007,2.028343313373251,1.799999999999991,2.4959331474103608,3,
1432,200,0.23883078269819244,21.92499999999998,0.14663356802264033,3.0,0.0,45.0,16.753363228699552,0.4512195121951219,2.4484304932735426,7.900000000000025,2.552242152466369,1.5999999999999992,4.4257010783500705,3,
1433,200,0.2385920712910904,22.349999999999973,0.14663712288983605,2.0,0.0,42.0,14.63225806451613,0.3902439024390244,3.096774193548387,6.500000000000009,1.8705376344086009,1.1999999999999995,2.6181763356519183,3,
1434,200,0.23835359847607956,14.924999999999985,0.14662033779080294,2.0,0.0,40.0,14.4434250764526,0.5307017543859649,2.6636085626911314,5.399999999999993,2.2204892966360825,1.8999999999999995,1.9924734400718207,3,
1435,200,0.23811536401468703,25.424999999999976,0.14661125937856312,2.0,0.0,37.0,15.83793738489871,0.32608695652173914,4.134438305709024,4.39999999999999,1.4753222836095727,1.1999999999999988,0.8203882678532628,2,
1436,200,0.2378773676686784,15.29999999999999,0.14660353300623485,3.0,0.0,40.0,14.261764705882353,0.5296610169491526,1.7676470588235293,5.399999999999998,2.0085294117647035,1.899999999999998,2.046092007716326,3,
1437,200,0.2376396092000572,21.799999999999976,0.14658154664922052,2.0,0.0,38.0,17.941048034934497,0.4207317073170732,5.0152838427947595,4.699999999999999,2.595414847161568,2.6999999999999966,1.3101380605731197,2,
1438,200,0.23740208837106508,17.749999999999982,0.14657800855335576,2.0,0.0,42.0,14.614795918367347,0.41428571428571426,4.698979591836735,6.2000000000000295,2.6443877551020445,1.7999999999999998,3.9363206497335335,3,
1439,200,0.23716480494418105,25.549999999999965,0.14656072062953956,2.0,0.0,36.0,17.794361525704808,0.2747524752475248,6.9502487562189055,4.099999999999988,1.6658374792703088,1.5999999999999988,0.6562476623176594,2,
1440,200,0.23692775868212176,17.474999999999987,0.14655869784512185,2.0,0.0,43.0,14.215909090909092,0.421875,0.9232954545454546,6.700000000000026,2.5042613636363664,1.9999999999999976,4.069020362703103,3,
1441,200,0.23669094934784088,24.87499999999998,0.14655561209892565,2.0,0.0,36.0,16.421416234887737,0.29166666666666663,4.170984455958549,3.2999999999999976,1.3525043177892868,1.2999999999999936,0.5024952272998451,2,
1442,200,0.2364543767045291,20.49999999999997,0.14652615764134713,3.0,0.0,38.0,17.88139534883721,0.48684210526315785,3.0906976744186045,4.499999999999994,2.1162790697674363,1.9999999999999916,0.9119259703946437,2,
1443,200,0.23621804051561368,17.99999999999998,0.14652836872148628,3.0,0.0,44.0,15.974431818181818,0.5346153846153846,2.5454545454545454,8.20000000000002,2.9508522727272744,2.1999999999999984,5.3436219461998755,3,
1444,200,0.23598194054475852,18.79999999999998,0.14651516039665208,2.0,1.0,42.0,16.79695431472081,0.5357142857142857,2.284263959390863,6.400000000000013,2.2730964467005057,1.8999999999999988,2.4447234193319853,3,
1445,200,0.23574607655586352,27.29999999999997,0.1464996527710511,2.0,0.0,36.0,17.6,0.25476190476190474,7.879674796747968,3.6999999999999975,1.5357723577235722,1.2999999999999994,0.7101368501205632,1,
1446,200,0.23551044831306475,21.049999999999976,0.14649684262976007,3.0,0.0,39.0,17.884531590413943,0.4367469879518072,5.618736383442266,5.900000000000001,2.5309368191721098,2.599999999999993,1.5601396430605625,2,
1447,200,0.2352750555807339,18.524999999999977,0.1464856298761015,2.0,0.0,40.0,15.741116751269036,0.5147058823529411,2.1294416243654823,4.89999999999999,1.8664974619289298,1.6999999999999924,1.1988345411794972,3,
1448,200,0.23503989812347828,24.87499999999997,0.14646153055381322,2.0,0.0,40.0,17.092664092664094,0.33854166666666663,7.882239382239383,5.799999999999997,2.568146718146717,2.2999999999999994,2.1970437495108515,2,
1449,200,0.2348049757061403,22.774999999999977,0.14645080440776598,3.0,0.0,36.0,16.10909090909091,0.375,3.21010101010101,3.7999999999999976,1.737171717171713,1.6999999999999997,0.8097730834530447,2,
1450,200,0.23457028809379765,24.674999999999976,0.1464226640751232,2.0,0.0,38.0,15.960079840319361,0.351123595505618,3.8243512974051894,3.6999999999999877,1.8247504990019916,1.9999999999999938,0.8949997609561696,2,
1451,200,0.23433583505176261,23.17499999999997,0.14639887186879133,2.0,1.0,39.0,17.335378323108383,0.3848314606741573,4.689161554192229,5.300000000000001,2.503885480572594,2.7999999999999896,1.9195225828036104,2,
1452,200,0.2341016163455822,17.59999999999998,0.14638779268614396,1.0,0.0,44.0,16.753753753753752,0.5806451612903226,0.35135135135135137,7.300000000000036,3.2408408408408476,1.9999999999999996,6.2926230069981015,3,
1453,200,0.23386763174103756,15.474999999999978,0.1463718010221635,2.0,0.0,43.0,16.638709677419357,0.5921052631578947,1.6774193548387097,7.300000000000028,3.3361290322580723,3.4499999999999975,5.96082123643331,3,
1454,200,0.23363388100414423,16.37499999999999,0.14636588126139685,2.0,1.0,41.0,13.774928774928775,0.4838709677419355,1.5327635327635327,5.8999999999999995,2.027635327635325,1.5999999999999992,2.091988311688307,3,
1455,200,0.23340036390115132,22.549999999999997,0.14633952368246167,2.0,0.0,38.0,13.309381237524951,0.27941176470588236,2.8622754491017965,3.5999999999999894,1.3301397205588796,1.199999999999998,0.49855466135457904,3,
1456,200,0.2331670801985418,22.049999999999972,0.14632111403064826,2.0,0.0,37.0,16.81900452488688,0.45779220779220775,0.9751131221719457,4.499999999999996,1.6841628959275992,1.2999999999999998,1.0590758741419783,2,
1457,200,0.23293402966303187,21.24999999999997,0.14628786137163943,3.0,1.0,37.0,17.112334801762113,0.42721518987341767,2.6916299559471364,3.7999999999999945,2.0466960352422854,2.1999999999999975,0.9164582878490112,2,
1458,200,0.23270121206157107,25.924999999999976,0.1462509772953438,2.0,0.0,42.0,14.644404332129964,0.26546391752577314,3.4476534296028882,6.100000000000001,1.6344765342960261,1.3999999999999941,1.4399893455842816,3,
1459,87,0.23246862716134165,6.625000000000004,0.14623982908186992,1.0,0.0,13.0,6.177664974619289,0,0.0,1.2999999999999998,0.5822335025380712,0.6000000000000001,0.0919202226345083,4,
1460,200,0.23223627472975883,14.799999999999983,0.14621506351868654,2.0,0.0,41.0,15.397306397306398,0.5707547169811321,0.7878787878787878,6.500000000000014,2.6478114478114496,1.6999999999999988,3.91452612007983,3,
1461,200,0.23200415453447004,23.69999999999998,0.14619453941509275,2.0,0.0,36.0,15.5439672801636,0.375,2.3537832310838445,2.7999999999999954,1.4290388548057218,1.399999999999992,0.4214079959852756,2,
1462,200,0.23177226634335515,25.17499999999997,0.14615843566349582,2.0,0.0,34.0,15.93170731707317,0.21999999999999997,5.443902439024391,3.1999999999999975,1.4069918699186958,1.2999999999999985,0.49632640974660336,2,
1463,200,0.2315406099245259,21.69999999999998,0.14613809466999345,2.0,0.0,38.0,16.303571428571427,0.4642857142857143,0.9732142857142857,4.299999999999992,1.42522321428571,1.3999999999999921,0.5299691085833277,2,
1464,200,0.23130918504632592,28.024999999999977,0.14611648305890093,2.0,0.0,36.0,16.746153846153845,0.20370370370370372,7.36,3.8999999999999906,1.3746153846153808,1.2999999999999945,0.5378953559653383,2,
1465,200,0.23107799147733019,17.87499999999997,0.14610582176833964,3.0,1.0,43.0,16.321428571428573,0.5303030303030303,1.1428571428571428,7.60000000000003,2.883241758241762,2.3999999999999986,4.269723914109999,3,
1466,200,0.23084702898634524,22.199999999999985,0.14609354990370266,1.0,0.0,39.0,14.571428571428571,0.3475609756097561,5.774327122153209,4.399999999999992,1.6113871635610721,1.5999999999999939,0.8542218202393596,3,
1467,200,0.2306162973424085,18.149999999999988,0.1460778269173279,2.0,0.0,42.0,13.886363636363637,0.4609375,0.9573863636363636,6.000000000000015,2.117329545454545,1.5499999999999987,3.2083903537444685,3,
1468,200,0.23038579631478834,23.74999999999998,0.14604445255004023,3.0,0.0,40.0,15.093065693430656,0.28191489361702127,4.687956204379562,5.799999999999992,1.6386861313868581,1.3999999999999981,1.3651137684272168,3,
1469,200,0.23015552567298364,28.024999999999977,0.14604148672097214,5.0,0.0,40.0,15.4875,0.279126213592233,5.335714285714285,5.699999999999996,1.7310714285714248,1.3999999999999986,1.281610081664796,2,
1470,200,0.22992548518672384,26.599999999999987,0.14602356110283754,3.0,0.0,38.0,15.335640138408305,0.25,6.455017301038063,3.9999999999999933,1.6216262975778513,1.3999999999999988,0.9289641496274836,2,
1471,200,0.22969567462596835,17.274999999999984,0.14601518073127473,4.0,0.0,36.0,12.129533678756477,0.3849206349206349,2.4637305699481864,3.1999999999999957,1.1753886010362675,0.9999999999999992,0.4613921943689374,3,
1472,200,0.22946609376090668,18.02499999999998,0.1460086744428633,4.0,0.0,44.0,16.098039215686274,0.5378787878787878,1.1596638655462186,7.500000000000028,3.0095238095238126,2.1999999999999966,5.205720450693647,3,
1473,200,0.22923674236195785,25.474999999999966,0.14601490781453497,3.0,0.0,40.0,16.781065088757398,0.35106382978723405,4.3096646942800785,5.100000000000003,2.350493096646941,2.2999999999999976,1.6808100432603998,2,
1474,200,0.2290076201997705,16.22499999999999,0.14600359307695687,2.0,0.0,36.0,13.176795580110497,0.4703389830508474,1.9972375690607735,3.3999999999999932,1.4024861878453008,1.2999999999999965,0.6504131468296639,3,
1475,200,0.22877872704522242,20.849999999999973,0.1459950080671153,3.0,0.0,41.0,18.126984126984127,0.4778481012658228,4.040816326530612,5.699999999999992,2.453968253968249,2.399999999999993,1.364532085561495,2,
1476,200,0.2285500626694205,25.89999999999997,0.1459689795395847,2.0,0.0,41.0,16.36007130124777,0.33163265306122447,3.4028520499108734,5.5999999999999925,1.5162210338680888,1.3999999999999946,0.7198995932892708,2,
1477,200,0.22832162684370022,19.674999999999972,0.14594918169834176,4.0,0.0,43.0,16.28640776699029,0.5,2.9975728155339807,7.000000000000011,2.244417475728153,1.8999999999999932,2.6730185633575507,3,
1478,200,0.22809341933962587,16.874999999999993,0.14593252076666474,4.0,0.0,43.0,14.938053097345133,0.5,0.6076696165191741,7.500000000000008,2.73834808259587,2.499999999999997,4.98305656108598,3,
1479,200,0.22786543992898983,18.874999999999975,0.1459155038998376,2.0,0.0,42.0,17.52577319587629,0.532608695652174,0.9536082474226805,7.00000000000002,2.836340206185567,2.099999999999997,4.292341922241508,3,
1480,200,0.22763768838381274,15.774999999999984,0.14590128325071716,2.0,0.0,40.0,13.781437125748504,0.5086206896551724,0.12574850299401197,5.700000000000002,1.9395209580838317,1.2999999999999974,2.548281296221596,3,
1481,200,0.22741016447634296,20.57499999999997,0.14588962232923194,3.0,0.0,39.0,18.28798185941043,0.46794871794871795,4.340136054421769,5.999999999999997,2.5505668934240373,2.099999999999999,2.3861400658165413,2,
1482,200,0.22718286797905665,11.924999999999988,0.14588797435752773,4.0,0.0,41.0,16.707112970711297,0.7151162790697675,0.08368200836820083,5.899999999999998,2.2962343096234274,1.799999999999999,2.66668522408963,3,
1483,200,0.22695579866465723,21.874999999999982,0.14586708889499073,2.0,1.0,41.0,16.66236559139785,0.441358024691358,2.2946236559139783,5.500000000000009,2.1402150537634386,1.7999999999999994,1.8619827586206934,3,
1484,200,0.22672895630607542,17.499999999999964,0.14587100666488767,3.0,0.0,42.0,17.786082474226806,0.5253623188405797,2.9123711340206184,7.200000000000027,3.2043814432989732,2.8999999999999932,4.143745441501802,3,
1485,200,0.22650234067646874,19.12499999999999,0.14586365797146905,2.0,0.0,46.0,15.712737127371273,0.4285714285714286,1.7723577235772359,9.800000000000038,3.440108401084019,1.2999999999999994,10.454945064629925,3,
1486,200,0.2262759515492217,18.074999999999985,0.14584499175102497,2.0,0.0,43.0,14.278061224489797,0.3838028169014085,3.941326530612245,7.000000000000019,2.6076530612244917,1.3999999999999995,4.809768649577342,3,
1487,200,0.22604978869794498,13.274999999999977,0.14583089184176054,3.0,0.0,44.0,17.840637450199203,0.6770833333333334,0.8764940239043825,7.20000000000002,3.3099601593625514,3.4999999999999982,5.097790476190495,3,
1488,200,0.22582385189647586,21.149999999999984,0.14583047044619812,2.0,0.0,42.0,15.847682119205299,0.43125,3.7373068432671084,6.500000000000011,2.263134657836642,1.6999999999999953,2.7806191766402946,3,
1489,200,0.22559814091887742,19.324999999999985,0.14583251971027242,4.0,0.0,47.0,16.765840220385677,0.5428571428571428,2.0826446280991737,9.200000000000037,3.355647382920116,1.5,8.18787459777797,3,
1490,200,0.22537265553943872,25.549999999999972,0.14579693857364123,3.0,0.0,38.0,16.17142857142857,0.3360215053763441,2.064761904761905,4.299999999999992,1.9241904761904725,1.6999999999999984,1.1702952573070506,2,
1491,200,0.22514739553267432,23.19999999999997,0.14580138184192168,2.0,0.0,41.0,17.486425339366516,0.46875,1.169683257918552,5.49999999999999,2.0927601809954695,2.0999999999999983,1.3375562414582018,2,
1492,200,0.22492236067332425,15.27499999999999,0.14578862190324243,3.0,0.0,39.0,13.758064516129032,0.5518867924528302,0.23870967741935484,4.6999999999999975,1.7180645161290307,1.0999999999999992,1.9092419275954993,3,
1493,200,0.22469755073635353,17.174999999999983,0.14578204634690872,2.0,0.0,46.0,15.801346801346801,0.603448275862069,0.6161616161616161,8.60000000000002,2.819528619528621,1.5999999999999992,5.977733538908056,3,
1494,200,0.22447296549695234,20.649999999999977,0.1457690934301976,2.0,0.0,41.0,17.039080459770116,0.4736842105263158,1.3264367816091953,5.800000000000012,2.185057471264365,1.79999999999999,2.315674015981066,3,
1495,200,0.22424860473053532,24.89999999999997,0.145742902099119,2.0,0.0,40.0,16.528599605522682,0.37637362637362637,4.514792899408284,4.899999999999991,2.004930966469423,1.9999999999999956,0.971912405465122,2,
1496,200,0.22402446821274175,20.69999999999997,0.14572409205426384,2.0,0.0,38.0,16.792410714285715,0.4551282051282052,1.1852678571428572,3.799999999999991,1.750669642857137,1.7999999999999967,0.6990655346457171,2,
1497,200,0.223800555719435,29.599999999999962,0.145690954225631,2.0,0.0,35.0,16.787692307692307,0.19090909090909092,5.050769230769231,3.099999999999991,1.3995384615384583,1.2999999999999976,0.46506242618325516,1,
1498,200,0.22357686702670268,17.299999999999986,0.14567941883495966,3.0,1.0,44.0,15.162650602409638,0.5241935483870968,1.7198795180722892,7.500000000000017,2.7753012048192773,2.1999999999999984,4.5731061575170475,3,
1499,200,0.22335340191085598,25.399999999999963,0.14564751796993175,3.0,0.0,38.0,17.407224958949097,0.2692307692307693,6.74384236453202,4.899999999999996,1.6883415435139544,1.3999999999999972,1.094070642795511,2,
1500,200,0.22313016014842982,23.049999999999972,0.1456288192370976,3.0,0.0,38.0,17.270440251572328,0.3928571428571429,4.083857442348008,4.3999999999999915,2.4096436058700155,2.6999999999999975,1.2939588094652013,2,
1501,38,0.22290714151618238,2.9500000000000006,0.14562225165395626,1.0,0.0,5.0,2.4274193548387095,0,0.1693548387096774,1.4999999999999991,0.6249999999999999,0.6000000000000001,0.15075577235772342,4,
1502,200,0.22268434579109508,26.72499999999995,0.14560805463912013,2.0,1.0,36.0,17.537096774193547,0.25,5.651612903225806,3.899999999999992,1.5625806451612865,1.3999999999999955,0.7398597811128518,2,
1503,200,0.22246177275037207,19.174999999999983,0.1455987330405308,4.0,0.0,42.0,13.922480620155039,0.41666666666666663,2.483204134366925,6.4000000000000234,2.26072351421189,1.2000000000000002,3.6132101650553095,3,
1504,200,0.2222394221714404,21.649999999999984,0.14558743002000918,1.0,0.0,40.0,14.8,0.45270270270270274,0.8255813953488372,4.899999999999999,1.4074418604651133,1.0999999999999996,1.1899510543594045,3,
1505,200,0.22201729383194937,21.49999999999997,0.14557059762495217,2.0,0.0,38.0,16.43312101910828,0.40625,3.3481953290870488,4.399999999999995,1.848619957537151,1.699999999999998,1.212227551388385,2,
1506,200,0.22179538750977074,24.774999999999977,0.1455385514074375,2.0,0.0,41.0,16.51396648044693,0.3575268817204301,3.2346368715083798,5.399999999999998,1.8029795158286734,1.5999999999999934,1.1990269378016951,3,
1507,200,0.22157370298299803,25.249999999999975,0.1455237827736577,2.0,1.0,43.0,16.604247104247104,0.35,3.5193050193050195,7.100000000000006,2.23339768339768,1.6999999999999997,2.624512136492217,2,
1508,200,0.22135224002994683,25.27499999999998,0.1454951617581496,3.0,1.0,37.0,14.436643835616438,0.21391752577319578,4.640410958904109,3.499999999999995,1.3106164383561614,1.0999999999999992,0.5913273812141724,3,
1509,200,0.22113099842915407,26.92499999999997,0.14548078929468267,3.0,0.0,39.0,16.78782287822878,0.326530612244898,4.501845018450185,4.7999999999999945,2.138929889298888,1.9999999999999978,1.2184701613205138,2,
1510,200,0.2209099779593782,21.899999999999977,0.14545749357012208,3.0,0.0,40.0,18.53846153846154,0.45731707317073167,2.423076923076923,5.6999999999999975,2.7239819004524857,2.849999999999995,2.0122405982709064,2,
1511,200,0.22068917839959865,18.59999999999998,0.14545079856231785,2.0,1.0,44.0,16.695090439276484,0.5035211267605634,2.7545219638242893,8.000000000000034,3.0901808785529763,2.099999999999998,5.4635576358101,3,
1512,200,0.22046859952901593,20.049999999999972,0.14544630812097337,2.0,0.0,43.0,16.147783251231527,0.48972602739726023,2.583743842364532,6.700000000000036,2.4793103448275913,1.5999999999999979,3.9279701519701904,3,
1513,200,0.22024824112705108,16.524999999999977,0.14544117195237108,3.0,0.0,41.0,16.511173184357542,0.5674603174603174,2.3324022346368714,6.500000000000005,2.5201117318435733,1.7999999999999994,3.2474420854692863,3,
1514,200,0.22002810297334574,16.64999999999998,0.14543317418234414,4.0,0.0,46.0,16.72151898734177,0.5614754098360656,2.490506329113924,8.900000000000027,3.6022151898734234,2.9999999999999973,7.516051374493067,3,
1515,200,0.21980818484776168,26.849999999999966,0.14542419558897,3.0,0.0,39.0,16.46126126126126,0.31000000000000005,6.4774774774774775,4.199999999999991,1.9807207207207158,1.9999999999999942,0.8431085240111112,2,
1516,200,0.21958848653038082,18.474999999999987,0.14542476956431785,2.0,0.0,45.0,15.215909090909092,0.5303030303030303,0.9517045454545454,7.800000000000022,2.674715909090911,1.8999999999999981,4.649085736422866,3,
1517,200,0.21936900780150476,16.22499999999998,0.14541719373309123,4.0,0.0,43.0,15.897897897897899,0.5450819672131147,2.054054054054054,7.000000000000027,3.004804804804809,1.4999999999999996,5.857627335690102,3,
1518,200,0.2191497484416548,22.824999999999967,0.14540772001477434,3.0,1.0,43.0,19.163265306122447,0.47619047619047616,4.757369614512472,6.600000000000019,3.0757369614512484,3.2000000000000064,2.233005553270267,2,
1519,200,0.2189307082315715,18.624999999999993,0.1453957656429334,4.0,0.0,42.0,14.62439024390244,0.3664383561643836,3.44390243902439,7.100000000000022,2.7631707317073246,1.3999999999999981,5.496847036567787,3,
1520,200,0.21871188695221475,23.449999999999974,0.14539227843959335,2.0,0.0,41.0,15.47953216374269,0.3567415730337079,3.6530214424951266,5.499999999999996,1.599610136452238,1.2999999999999998,1.1339612718871563,3,
1521,200,0.21849328438476312,28.074999999999967,0.1453846401096013,2.0,1.0,35.0,17.230407523510973,0.20833333333333326,7.529780564263323,3.699999999999995,1.5706896551724085,1.4,0.5511015052463741,1,
1522,200,0.21827490031061414,18.84999999999999,0.14538420353363174,4.0,0.0,47.0,15.801801801801801,0.5346153846153846,0.6546546546546547,9.100000000000023,3.1435435435435455,2.6999999999999984,6.4705647139456275,3,
1523,200,0.2180567345113836,16.349999999999987,0.14538432871166102,9.0,0.0,41.0,16.271341463414632,0.48275862068965514,1.173780487804878,8.100000000000033,3.5600609756097645,3.5999999999999988,7.508078320924367,3,
1524,200,0.21783878676890578,21.424999999999976,0.1453659872913018,2.0,0.0,38.0,15.942115768463074,0.3571428571428571,3.8403193612774453,4.499999999999994,1.9540918163672611,1.8999999999999964,1.3679178486055743,3,
1525,200,0.21762105686523284,20.59999999999998,0.1453606069638146,2.0,1.0,46.0,15.908415841584159,0.4342105263157895,3.4183168316831685,9.600000000000026,3.3069306930693103,1.5999999999999994,9.76035830040137,3,
1526,200,0.21740354458263497,23.124999999999964,0.1453532821540156,2.0,0.0,42.0,17.53503184713376,0.4464285714285714,4.375796178343949,6.700000000000008,2.3619957537154974,2.3999999999999977,2.347164983772093,2,
1527,44,0.21718624970359973,3.2750000000000012,0.14534748106536588,1.0,0.0,6.0,2.9384615384615387,0,0.11538461538461539,1.6999999999999997,0.7646153846153841,0.7499999999999993,0.18706669033670612,4,
1528,200,0.21696917201083235,11.77499999999998,0.14534031148623666,4.0,0.0,42.0,20.376569037656903,0.7272727272727273,0.1799163179916318,7.800000000000028,4.482845188284527,5.400000000000005,5.569384803921606,3,
1529,200,0.216752311287255,21.49999999999998,0.1453292455714212,3.0,0.0,39.0,17.812362030905078,0.44999999999999996,3.8454746136865343,5.400000000000001,2.4233995584988937,2.2,1.5566785895286774,2,
1530,200,0.21653566731600707,24.54999999999998,0.1453108673729591,2.0,0.0,39.0,16.16765285996055,0.3434065934065934,4.848126232741618,5.199999999999993,1.9954635108481231,1.8999999999999928,1.4779536117767862,2,
1531,200,0.21631923988044444,16.199999999999985,0.14531359008211003,3.0,0.0,46.0,18.33916083916084,0.6607142857142857,0.16083916083916083,8.900000000000034,3.924475524475531,3.899999999999998,6.854869368543364,3,
1532,200,0.21610302876413975,18.874999999999982,0.14529620966723786,3.0,0.0,41.0,15.1338199513382,0.4305555555555556,2.1070559610705595,6.100000000000034,2.470316301703168,1.6999999999999997,3.755491475254588,3,
1533,200,0.2158870337508818,27.424999999999983,0.14527744378563873,2.0,0.0,37.0,15.606643356643357,0.27,4.9825174825174825,4.099999999999995,1.6013986013985981,1.299999999999999,0.9820639825418785,2,
1534,200,0.21567125462467565,25.799999999999972,0.14525657666376318,3.0,0.0,38.0,16.80074487895717,0.33947368421052626,4.888268156424581,4.399999999999989,1.9750465549348197,1.9999999999999898,1.240126505021356,2,
1535,200,0.21545569116974203,25.149999999999977,0.14524181942023492,2.0,1.0,39.0,16.591093117408906,0.3735955056179775,4.902834008097166,4.1999999999999895,2.1147773279352173,2.099999999999997,1.10154727805437,2,
1536,200,0.21524034317051757,27.49999999999998,0.14523354024964208,2.0,0.0,41.0,15.100900900900902,0.29500000000000004,3.616216216216216,5.3999999999999995,1.478018018018015,1.2999999999999932,1.0882050099992187,2,
1537,200,0.21502521041165426,24.049999999999958,0.1452243042626537,3.0,1.0,39.0,16.38119658119658,0.26515151515151514,4.950427350427351,6.2,1.9914529914529904,1.4999999999999996,2.123625461685919,3,
1538,200,0.2148102926780192,13.299999999999983,0.14521512094463104,4.0,0.0,45.0,18.92887029288703,0.7180851063829787,0.06276150627615062,8.000000000000012,3.629288702928869,3.5999999999999974,4.331519257703091,3,
1539,200,0.21459558975469478,22.57499999999998,0.14521140254102052,2.0,0.0,43.0,14.252796420581655,0.38749999999999996,0.970917225950783,7.100000000000004,2.0458612975391484,1.3999999999999955,3.380352138052534,3,
1540,200,0.21438110142697794,18.749999999999986,0.14521100091183384,3.0,0.0,47.0,16.11484593837535,0.5181159420289855,2.5406162464985993,9.200000000000028,3.2985994397759137,2.6999999999999993,7.701206923608098,3,
1541,200,0.21416682748038046,22.07499999999998,0.1451957448189837,2.0,0.0,37.0,13.906882591093117,0.31707317073170727,3.159919028340081,3.1999999999999886,1.4224696356275266,1.3999999999999935,0.4821489130657475,3,
1542,200,0.21395276770062824,22.64999999999998,0.14517759522931978,2.0,0.0,44.0,14.614255765199161,0.37790697674418605,5.440251572327044,7.400000000000004,1.8813417190775652,1.3999999999999995,2.331968197320768,3,
1543,200,0.2137389218736616,28.874999999999957,0.14516876408216386,2.0,0.0,36.0,18.03252032520325,0.2548076923076923,4.931707317073171,4.499999999999998,1.795284552845524,1.5999999999999996,0.8486141545750665,1,
1544,200,0.2135252897856346,21.399999999999984,0.1451565561080892,2.0,1.0,44.0,15.567757009345794,0.4358974358974359,1.355140186915888,8.200000000000024,2.633644859813087,1.4999999999999976,5.6253006010383375,3,
1545,200,0.21331187122291523,25.92499999999997,0.14514669508488467,2.0,1.0,42.0,17.27402862985685,0.41666666666666663,2.623721881390593,6.700000000000005,2.271983640081796,1.8999999999999968,2.478591502174641,2,
1546,200,0.21309866597208482,23.074999999999964,0.14512094992906033,2.0,0.0,38.0,18.423076923076923,0.45625000000000004,1.744343891402715,4.699999999999995,2.6466063348416258,3.199999999999995,1.834579321570609,2,
1547,200,0.21288567381993817,24.674999999999976,0.14510252132579737,2.0,0.0,39.0,16.963320463320464,0.3252688172043011,3.8803088803088803,5.2000000000000055,2.53223938223938,2.899999999999996,2.1188719938283325,2,
1548,200,0.21267289455348304,20.724999999999994,0.14509569093339536,5.0,0.0,41.0,13.188636363636364,0.32792207792207795,2.4977272727272726,5.9,1.8295454545454524,1.2999999999999994,2.110410694270112,3,
1549,200,0.21246032795994024,25.92499999999997,0.14507071151681572,2.0,0.0,39.0,16.491620111731844,0.34375,2.3538175046554937,4.899999999999996,1.7895716945996263,1.299999999999998,1.7008282472396385,2,
1550,200,0.21224797382674304,15.424999999999981,0.14507198375343597,2.0,0.0,45.0,17.99270072992701,0.6650943396226415,0.9124087591240876,8.000000000000034,3.735036496350371,3.849999999999996,6.111919547119593,3,
1551,200,0.2120358319415374,23.07499999999999,0.1450440457935715,2.0,0.0,38.0,16.155945419103315,0.3623595505617978,4.3391812865497075,4.09999999999999,1.7785575048732887,1.6999999999999975,0.642895488813226,2,
1552,200,0.21182390209218135,23.29999999999996,0.14504676483279072,3.0,0.0,39.0,18.527906976744188,0.48417721518987344,0.9046511627906977,5.699999999999998,2.5041860465116237,2.4999999999999982,1.523246529186201,2,
1553,200,0.2116121840667451,25.87499999999997,0.1450428225988942,2.0,0.0,42.0,16.978557504873294,0.36578947368421055,3.4639376218323585,6.0000000000000275,2.410136452241716,2.2999999999999954,2.3929667740758878,2,
1554,200,0.21140067765351048,17.224999999999977,0.1450452183460043,3.0,0.0,40.0,16.172680412371133,0.48134328358208955,2.5283505154639174,6.9000000000000155,2.9353092783505246,1.8999999999999988,4.998451405910656,3,
1555,200,0.21118938264097117,19.099999999999987,0.14503734852921407,3.0,0.0,42.0,12.972375690607734,0.40384615384615385,0.8895027624309392,6.500000000000001,1.79696132596685,1.0000000000000004,2.741033782804115,3,
1556,200,0.21097829881783206,15.824999999999987,0.14502106087464667,2.0,0.0,41.0,14.109677419354838,0.5681818181818182,0.06129032258064516,5.5000000000000115,1.876774193548387,1.1999999999999977,2.4465827948261722,3,
1557,200,0.2107674259730094,25.324999999999974,0.1450018665881484,3.0,0.0,38.0,16.955078125,0.3413978494623656,3.4609375,5.3,2.385546875000001,2.6999999999999984,1.8858920512849866,2,
1558,200,0.21055676389563024,22.37499999999998,0.14499163314034305,1.0,0.0,38.0,14.44040404040404,0.3343373493975904,3.82020202020202,3.7999999999999883,1.6074747474747444,1.399999999999995,0.9124124983675028,3,
1559,200,0.21034631237503254,19.274999999999984,0.1449820232311176,2.0,1.0,41.0,13.933333333333334,0.4401408450704225,2.814814814814815,6.3,1.8572839506172811,1.2999999999999994,2.3528316587816422,3,
1560,200,0.21013607120076472,28.77499999999997,0.14495588138093934,2.0,0.0,40.0,16.61867088607595,0.23198198198198194,6.2325949367088604,4.899999999999992,1.6933544303797428,1.699999999999994,0.7000841714172672,2,
1561,200,0.20992604016258565,21.749999999999964,0.14495612178507494,2.0,0.0,43.0,18.836644591611478,0.47560975609756095,3.2141280353200883,7.200000000000015,2.9995584988962523,3.199999999999998,3.5572356828193956,2,
1562,200,0.2097162190504642,26.474999999999987,0.14494267125297788,2.0,0.0,40.0,15.756317689530686,0.28500000000000003,4.0577617328519855,4.799999999999993,1.833754512635375,1.699999999999996,1.073322613752988,2,
1563,200,0.20950660765457932,25.699999999999967,0.14491023173151255,3.0,0.0,37.0,17.727422003284072,0.2645631067961165,7.940886699507389,4.199999999999994,1.8804597701149373,1.7999999999999976,1.0533648619499556,2,
1564,200,0.20929720576531952,17.999999999999982,0.14490439136772637,2.0,0.0,48.0,17.161392405063292,0.6071428571428571,0.870253164556962,10.100000000000028,3.47689873417722,2.149999999999999,8.860789244404438,3,
1565,200,0.20908801317328293,16.99999999999998,0.14489878773009493,4.0,0.0,48.0,17.056291390728475,0.5614754098360656,0.8311258278145696,9.600000000000035,3.7592715231788154,3.549999999999997,7.745677773757498,3,
1566,200,0.20887902966927693,23.17499999999996,0.14488300631988155,3.0,0.0,40.0,18.061810154525386,0.44512195121951215,2.9492273730684326,5.299999999999997,2.595584988962468,2.9999999999999925,1.6161914740166012,2,
1567,200,0.20867025504431805,22.349999999999973,0.1448804306989947,3.0,0.0,39.0,18.361344537815125,0.3936781609195402,4.4411764705882355,6.400000000000004,3.052521008403366,3.3000000000000176,2.9203216594946606,2,
1568,200,0.20846168908963153,23.07499999999997,0.14486793498035086,2.0,0.0,38.0,17.530398322851152,0.41470588235294115,4.285115303983228,4.899999999999995,2.3895178197064952,2.599999999999995,1.5608613445378086,2,
1569,200,0.20825333159665155,22.34999999999999,0.1448650919320378,3.0,0.0,42.0,13.439732142857142,0.3386075949367089,2.4464285714285716,6.700000000000012,1.9046874999999996,1.1499999999999986,2.9962652775494174,3,
1570,200,0.20804518235702046,21.524999999999984,0.14484813484788348,2.0,1.0,37.0,17.334883720930232,0.4833333333333333,1.4813953488372094,3.599999999999988,1.7883720930232514,1.9999999999999918,0.7246594086501236,2,
1571,200,0.20783724116258911,24.02499999999998,0.14484112669056556,3.0,0.0,46.0,15.170081967213115,0.33791208791208793,3.5901639344262297,8.400000000000016,2.4389344262295083,1.5999999999999999,4.765799204679552,3,
1572,200,0.2076295078054162,23.474999999999973,0.144832878467258,3.0,1.0,42.0,18.220750551876378,0.4512195121951219,1.5673289183222958,7.0000000000000115,2.6975717439293563,2.4999999999999893,2.7961004444271276,2,
1573,200,0.20742198207776844,19.824999999999985,0.14482556869525465,6.0,1.0,47.0,16.31404958677686,0.5285714285714286,1.1515151515151516,9.200000000000035,3.2630853994490416,2.6999999999999993,7.058029718899941,3,
1574,200,0.20721466377212,23.599999999999962,0.1448125722027396,2.0,0.0,41.0,19.108167770419428,0.43965517241379315,5.9823399558498895,6.300000000000029,3.2233995584989,3.2999999999999936,2.646661826049687,2,
1575,200,0.20700755268115265,21.424999999999983,0.14480833138125979,3.0,0.0,43.0,13.517241379310345,0.3076923076923077,2.135632183908046,6.800000000000015,2.1436781609195417,1.2999999999999972,3.8134227159345695,3,
1576,200,0.20680064859775515,29.39999999999996,0.1447907106901974,2.0,0.0,38.0,18.582922824302134,0.26869158878504673,6.013136288998358,4.499999999999993,2.0410509031198636,2.099999999999995,0.8019294650560785,1,
1577,200,0.20659395131502356,28.724999999999948,0.14478184547154258,2.0,1.0,37.0,18.269537480063796,0.23623853211009171,5.6618819776714515,4.49999999999999,2.0843700159489575,2.0999999999999948,0.7666795038765967,1,
1578,200,0.20638746062626045,29.024999999999963,0.1447782162389865,3.0,0.0,38.0,18.196747967479673,0.2592592592592593,7.1934959349593495,4.599999999999996,1.893821138211379,1.5999999999999996,1.0985663522145583,1,
1579,200,0.20618117632497523,26.274999999999977,0.14477270586335084,3.0,0.0,41.0,16.964071856287426,0.3951612903225806,3.970059880239521,6.1,2.091816367265466,1.5,2.3342936254980082,2,
1580,200,0.20597509820488344,22.54999999999996,0.14475854598859286,3.0,0.0,42.0,15.716796875,0.3222222222222222,5.771484375,6.500000000000021,2.3386718750000024,1.6999999999999997,3.1303914275796276,3,
1581,200,0.20576922605990708,19.149999999999984,0.14475424385932043,3.0,0.0,48.0,16.6011396011396,0.5108695652173914,2.3789173789173788,9.700000000000044,3.723361823361832,2.4999999999999987,8.932746103896184,3,
1582,200,0.2055635596841739,28.87499999999998,0.14475571420664107,3.0,1.0,38.0,15.71864406779661,0.22619047619047628,4.0067796610169495,4.499999999999995,1.8703389830508448,1.7999999999999985,1.4515142244016714,2,
1583,200,0.20535809887201756,16.349999999999984,0.14476470577139586,2.0,0.0,40.0,15.646341463414634,0.5921052631578947,0.23780487804878048,5.400000000000009,2.3454268292682916,2.1999999999999975,2.2222558396772776,3,
1584,200,0.20515284341797715,25.449999999999964,0.14474355320395058,2.0,1.0,42.0,17.495726495726494,0.3088235294117647,4.042735042735043,6.100000000000009,2.0735042735042706,1.8999999999999901,1.7790125765580487,3,
1585,200,0.2049477931167973,24.92499999999998,0.1447314954550854,3.0,0.0,40.0,17.461215932914047,0.4185393258426966,2.3878406708595388,5.200000000000002,2.34800838574423,2.4999999999999893,1.475751995358809,2,
1586,200,0.20474294776342764,16.999999999999982,0.1447243381447504,1.0,0.0,44.0,15.329113924050633,0.5466101694915254,0.4208860759493671,7.400000000000022,2.806645569620255,2.2499999999999973,4.906998648039677,3,
1587,200,0.2045383071530228,25.32499999999998,0.1447235758650082,4.0,0.0,43.0,14.594594594594595,0.3097826086956522,2.613899613899614,7.000000000000015,1.7225868725868723,1.0999999999999965,2.983110989367301,3,
1588,200,0.20433387108094214,15.649999999999974,0.1447257812603347,4.0,0.0,43.0,17.52173913043478,0.6059322033898306,1.593167701863354,7.300000000000028,3.5136645962732964,2.8999999999999972,4.344886239788621,3,
1589,200,0.20412963934274964,15.949999999999989,0.14472303802676065,12.0,0.0,42.0,18.715753424657535,0.6084905660377359,0.1952054794520548,8.500000000000032,4.479794520547956,5.000000000000003,9.353639796863886,3,
1590,200,0.20392561173421342,15.624999999999982,0.14472184496563403,2.0,0.0,47.0,19.71268656716418,0.6759259259259259,0.25,9.500000000000043,4.697388059701507,5.500000000000017,9.034111496317422,3,
1591,200,0.203721788051306,23.04999999999996,0.1447272766544733,3.0,0.0,43.0,20.213793103448275,0.4821428571428571,2.5908045977011493,7.000000000000018,3.6112643678160987,3.9999999999999956,3.9071351414197144,2,
1592,200,0.20351816809020354,27.149999999999974,0.1447296956097002,3.0,0.0,40.0,16.509316770186334,0.3873626373626373,1.3850931677018634,5.099999999999996,1.9989648033126266,1.6999999999999988,1.6144364905181512,2,
1593,200,0.20331475164728618,16.099999999999984,0.1447321115090483,3.0,1.0,46.0,17.5968253968254,0.5614754098360656,0.8285714285714286,8.600000000000037,4.116507936507944,3.6999999999999966,8.36114508586638,3,
1594,200,0.20311153851913738,25.524999999999974,0.1447308785300254,3.0,0.0,41.0,16.853801169590643,0.3790322580645161,3.1773879142300196,5.80000000000001,2.1072124756335264,1.6999999999999993,1.8965828672179001,2,
1595,200,0.20290852850254407,22.924999999999972,0.1447263559816755,3.0,0.0,41.0,18.303571428571427,0.4558823529411765,3.700892857142857,5.4,2.657366071428567,2.8999999999999972,1.7661598979586692,2,
1596,200,0.2027057213944961,20.899999999999963,0.14470854950390408,3.0,0.0,39.0,19.66267942583732,0.5032467532467533,3.4425837320574164,4.999999999999993,2.959330143540665,3.299999999999992,1.3548130469371482,2,
1597,200,0.20250311699218648,17.39999999999998,0.14471268813224042,5.0,0.0,48.0,17.02013422818792,0.625,0.28187919463087246,9.60000000000003,3.4000000000000057,3.0,8.228549035505601,3,
1598,200,0.2023007150930107,19.874999999999968,0.14470823933237117,2.0,0.0,38.0,19.02122641509434,0.5034246575342466,3.75,5.300000000000004,2.6931603773584882,2.699999999999993,1.5577213183145648,2,
1599,200,0.2020985154945669,23.19999999999998,0.1447059548764439,2.0,0.0,44.0,14.402834008097166,0.300561797752809,3.860323886639676,7.400000000000013,2.244736842105262,1.3999999999999984,3.5143490482922584,3,
1600,200,0.20189651799465538,29.77499999999997,0.14469599424432517,2.0,0.0,36.0,15.585406301824213,0.24514563106796117,1.8407960199004976,2.899999999999988,1.2300165837479242,1.0999999999999996,0.45105712745593873,2,
1601,200,0.20169472239127875,21.874999999999986,0.1446954767071473,1.0,0.0,35.0,13.673913043478262,0.2682926829268293,3.3122529644268774,3.2999999999999954,1.4171936758893247,1.3999999999999913,0.569844943074188,3,
1602,200,0.20149312848264125,33.199999999999974,0.14467350037348833,2.0,0.0,37.0,16.567039106145252,0.11585365853658547,5.312849162011173,3.7999999999999945,1.3706703910614495,1.0999999999999992,0.7217389472452224,1,
1603,200,0.2012917360671491,17.59999999999998,0.14466368042129257,3.0,0.0,44.0,15.245508982035927,0.5564516129032258,1.3353293413173652,7.400000000000023,2.6059880239520976,1.5999999999999985,5.066895791313723,3,
1604,200,0.20109054494340972,23.54999999999997,0.14464990450900853,3.0,0.0,40.0,18.50896860986547,0.4464285714285714,2.984304932735426,5.800000000000005,2.766143497757846,2.599999999999998,2.7063785536535727,2,
1605,200,0.20088955491023208,25.099999999999984,0.14463285192327272,2.0,0.0,39.0,16.21212121212121,0.37777777777777777,3.4363636363636365,4.5999999999999925,1.8559595959595916,1.699999999999994,1.0697415763353744,2,
1606,200,0.20068876576662606,24.974999999999973,0.1446203254096689,3.0,0.0,44.0,17.214285714285715,0.3913043478260869,2.9571428571428573,7.4000000000000155,2.502448979591835,2.1999999999999966,3.008618778087378,2,
1607,200,0.20048817731180257,19.22499999999998,0.14462951333242427,2.0,1.0,42.0,15.313186813186814,0.55,1.304945054945055,6.200000000000007,2.082142857142855,1.5499999999999976,2.2982424242424253,3,
1608,200,0.20028778934517305,15.39999999999998,0.14462020540468498,1.0,0.0,45.0,17.406040268456376,0.6008771929824561,0.3523489932885906,8.50000000000003,3.796644295302022,3.7499999999999973,7.925849802371601,3,
1609,200,0.20008760166634962,23.224999999999977,0.1446194673878064,2.0,0.0,37.0,17.12578616352201,0.4107142857142857,3.368972746331237,4.399999999999995,2.1467505241090095,2.199999999999998,0.9013613269575567,2,
1610,200,0.1998876140751445,24.924999999999972,0.14460700387520098,2.0,0.0,38.0,17.10816326530612,0.375,1.8571428571428572,4.899999999999994,2.4093877551020393,2.7999999999999963,1.937062794930421,2,
1611,200,0.19968782637157012,27.92499999999996,0.1445856083000197,2.0,1.0,36.0,17.644200626959247,0.21759259259259256,6.5501567398119125,4.199999999999991,1.8189655172413743,1.69999999999999,0.7498459130853463,1,
1612,200,0.19948823835583873,18.44999999999999,0.14457968858923487,2.0,0.0,46.0,15.733727810650887,0.5115384615384615,0.6035502958579881,8.40000000000003,3.160059171597638,2.849999999999998,6.440384181087719,3,
1613,200,0.19928884982836237,24.899999999999977,0.1445685819865296,2.0,0.0,39.0,16.093567251461987,0.35439560439560436,4.296296296296297,4.899999999999992,1.879142300194928,1.6999999999999993,1.1089064019941581,2,
1614,200,0.1990896605897524,23.674999999999972,0.14456327351346954,3.0,1.0,41.0,17.807947019867548,0.4598765432098766,1.033112582781457,5.599999999999999,2.420750551876375,2.3999999999999972,1.3716290787883472,2,
1615,200,0.19889067044081962,20.524999999999963,0.14456821509382745,3.0,0.0,41.0,18.54185022026432,0.45625000000000004,3.3656387665198237,6.900000000000014,2.8964757709251105,2.499999999999992,3.3417659073818244,2,
1616,200,0.19869187918257386,23.79999999999996,0.14456947488958583,2.0,0.0,45.0,18.651785714285715,0.47619047619047616,2.5379464285714284,8.000000000000048,2.8823660714285793,1.9999999999999976,4.388929662237292,2,
1617,200,0.19849328661622387,21.474999999999973,0.14454975852697186,2.0,0.0,37.0,17.495412844036696,0.4736842105263158,2.5940366972477062,4.799999999999997,1.9805045871559592,2.0499999999999927,1.3313929877166628,2,
1618,200,0.19829489254317698,22.024999999999977,0.14454274738041728,2.0,0.0,36.0,17.151927437641724,0.4633333333333334,1.4965986394557824,3.699999999999991,1.8458049886621262,1.899999999999995,0.6499687371452048,2,
1619,200,0.19809669676503922,27.424999999999958,0.14452631284391784,2.0,0.0,38.0,16.872037914691944,0.22297297297297303,8.31437598736177,3.7999999999999927,1.8508688783570246,1.8999999999999964,0.8478410134568496,2,
1620,200,0.19789869908361465,31.99999999999995,0.14451130836694415,3.0,0.0,40.0,17.47867298578199,0.2411504424778761,3.3807266982622433,4.799999999999991,1.6726698262243254,1.4999999999999991,0.9896662740087004,1,
1621,200,0.19770089930090573,24.07499999999998,0.14450795889699863,2.0,0.0,35.0,16.0,0.39814814814814814,1.5206611570247934,3.0999999999999925,1.496487603305781,1.3999999999999886,0.584845531578831,2,
1622,200,0.19750329721911256,19.59999999999998,0.14450413115582106,5.0,0.0,46.0,15.618421052631579,0.4375,2.668421052631579,9.600000000000025,3.3200000000000034,1.9999999999999991,7.791917118539641,3,
1623,200,0.19730589264063308,26.699999999999967,0.14450097494826497,2.0,1.0,37.0,17.661184210526315,0.2547169811320755,7.6957236842105265,5.600000000000002,2.136184210526314,1.8999999999999897,1.49369474359079,2,
1624,200,0.19710868536806264,22.87499999999996,0.1444884739854665,2.0,0.0,40.0,18.015452538631347,0.44512195121951215,2.5474613686534218,5.600000000000002,2.5677704194260462,2.799999999999996,2.071598280768778,2,
1625,123,0.19691167520419406,11.750000000000004,0.14448361040721672,21.0,0.0,19.0,8.897338403041825,0,0.44866920152091255,5.700000000000011,1.9064638783270003,0.9000000000000002,3.372820668517245,4,
1626,200,0.19671486195201704,29.974999999999966,0.14447134920852933,2.0,0.0,37.0,18.01564945226917,0.21460176991150437,7.535211267605634,3.6999999999999944,2.0508607198747995,2.0999999999999925,0.6626260775862032,1,
1627,200,0.19651824541471838,21.42499999999998,0.14447552229007643,2.0,0.0,43.0,16.40767386091127,0.49,1.9280575539568345,8.00000000000001,2.3736211031175047,1.5,4.243932876334206,3,
1628,200,0.1963218253956815,27.649999999999967,0.1444753631537039,3.0,0.0,41.0,17.522417153996102,0.34183673469387754,4.0682261208577,6.100000000000009,2.838206627680312,2.599999999999995,2.8964849829766623,2,
1629,200,0.19612560169848642,22.54999999999999,0.14447216451270817,4.0,0.0,43.0,14.735294117647058,0.3382352941176471,4.07563025210084,7.400000000000028,2.3289915966386583,1.4999999999999998,3.5972005737614747,3,
1630,200,0.19592957412690934,16.37499999999998,0.14446403680879516,4.0,0.0,42.0,16.55294117647059,0.569672131147541,0.16470588235294117,7.100000000000017,2.9544117647058834,2.4999999999999964,3.8564550731407934,3,
1631,200,0.19573374248492273,25.324999999999974,0.14445580375950745,2.0,0.0,39.0,16.575757575757574,0.3679775280898876,1.3717171717171717,4.899999999999996,2.140808080808078,2.099999999999999,1.6112705694136036,2,
1632,200,0.1955381065766949,27.32499999999995,0.1444402155676471,2.0,0.0,37.0,17.903381642512077,0.2546728971962616,5.797101449275362,5.099999999999998,1.7948470209339746,1.6999999999999922,1.0838087853957048,2,
1633,200,0.19534266620658997,21.874999999999982,0.14443243029636535,3.0,0.0,48.0,15.40389294403893,0.44620253164556967,2.1630170316301705,9.600000000000033,2.8571776155717807,1.8999999999999981,5.716691569973997,3,
1634,200,0.1951474211791675,13.024999999999977,0.14442237489098908,3.0,0.0,46.0,21.330396475770925,0.75,0.0,8.600000000000033,4.6854625550660876,5.1,6.702429746933755,3,
1635,200,0.1949523712991825,15.42499999999998,0.1444174601587376,2.0,0.0,46.0,18.60836501901141,0.6538461538461539,0.0,8.700000000000035,4.0463878326996285,4.499999999999998,7.57932656719876,3,
1636,200,0.194757516371585,16.674999999999986,0.1444107544690402,3.0,0.0,42.0,14.130434782608695,0.5,1.2173913043478262,6.000000000000011,2.224223602484471,1.399999999999999,3.135965201624183,3,
1637,200,0.19456285620152014,23.199999999999985,0.14440425951098387,2.0,0.0,45.0,15.467120181405896,0.43518518518518523,0.7981859410430839,8.100000000000017,2.2580498866213143,1.6999999999999962,3.6539732620320984,3,
1638,200,0.19436839059432767,16.549999999999976,0.1443987613372995,4.0,0.0,48.0,18.141414141414142,0.5666666666666667,0.4208754208754209,10.00000000000004,4.358922558922569,4.600000000000001,10.874395519680835,3,
1639,200,0.19417411935554202,19.974999999999973,0.144397488199491,2.0,1.0,42.0,17.231552162849873,0.5071428571428571,1.3384223918575064,6.700000000000013,2.9536895674300236,2.999999999999998,2.9504444214233994,3,
1640,200,0.19398004229089189,25.34999999999998,0.14439174592201248,2.0,0.0,40.0,16.327746741154563,0.32978723404255317,2.595903165735568,4.999999999999994,2.0621973929236463,1.9999999999999978,1.4176634023192543,2,
1641,200,0.1937861592063002,26.649999999999984,0.14438904997075966,2.0,0.0,39.0,15.740484429065743,0.2450980392156863,5.91522491349481,4.799999999999992,1.9019031141868474,1.8999999999999997,1.0751726068072853,2,
1642,200,0.1935924699078839,17.799999999999983,0.14439048509270921,2.0,0.0,45.0,14.838905775075988,0.5241935483870968,0.15501519756838905,8.100000000000016,2.630091185410334,1.899999999999996,5.401180894308954,3,
1643,200,0.19339897420195362,20.19999999999998,0.14439579173647782,3.0,0.0,46.0,16.208,0.47535211267605637,2.0533333333333332,9.100000000000028,3.4050666666666705,2.199999999999998,7.564588121515575,3,
1644,200,0.19320567189501364,14.599999999999985,0.14439906679995373,3.0,1.0,39.0,13.979933110367893,0.5441176470588235,0.431438127090301,4.299999999999993,1.867558528428091,1.399999999999999,1.6647521252796338,3,
1645,200,0.19301256279376172,19.849999999999984,0.14439302954037592,3.0,0.0,40.0,14.67612293144208,0.4143835616438356,1.784869976359338,6.30000000000001,2.258392434988178,1.3999999999999995,3.153747429133512,3,
1646,200,0.1928196467050886,26.02499999999998,0.14437871023801863,3.0,0.0,39.0,16.67258382642998,0.3629032258064516,4.347140039447732,4.999999999999988,2.161143984220903,2.099999999999996,1.1537806946562459,2,
1647,200,0.19262692343607832,22.349999999999966,0.14437557482563723,3.0,0.0,42.0,19.769767441860466,0.4907407407407407,2.9186046511627906,6.4000000000000306,3.2576744186046525,3.0999999999999925,2.3601747981330545,2,
1648,200,0.19243439279400748,27.049999999999965,0.1443532159902507,2.0,0.0,39.0,17.264957264957264,0.29950495049504955,3.2495726495726496,4.399999999999986,1.7822222222222175,1.7999999999999972,0.607754102576087,2,
1649,200,0.1922420545863455,25.02499999999998,0.14435083048470568,2.0,0.0,47.0,15.206477732793521,0.3586956521739131,2.8218623481781377,9.100000000000023,2.2969635627530365,1.4499999999999964,4.9202336140307965,3,
1650,200,0.19204990862075408,18.599999999999984,0.14434200691043086,3.0,0.0,49.0,17.808383233532933,0.585820895522388,1.4880239520958083,10.200000000000033,4.005389221556891,2.3999999999999977,10.678449912599225,3,
1651,200,0.19185795470508735,29.84999999999996,0.1443264493160225,3.0,0.0,38.0,19.253658536585366,0.25,6.134959349593496,5.699999999999995,2.5279674796747926,2.699999999999998,1.2148958289267715,1,
1652,200,0.19166619264739126,26.57499999999999,0.1443099980047979,2.0,0.0,38.0,16.053745928338763,0.20238095238095233,5.254071661237785,5.099999999999999,1.9897394136807824,1.4999999999999973,1.7402087826098498,2,
1653,200,0.19147462225590384,21.974999999999973,0.14430873960265592,2.0,0.0,41.0,18.07430997876858,0.41860465116279066,2.9639065817409764,6.800000000000015,2.8193205944798345,2.2999999999999927,3.9139331049405324,2,
1654,200,0.19128324333905458,24.22499999999998,0.1442940785265223,2.0,0.0,42.0,16.18808193668529,0.32978723404255317,4.191806331471136,6.399999999999997,2.0219739292364936,1.7999999999999932,1.3937864118071335,3,
1655,200,0.19109205570546464,22.799999999999965,0.144289416157485,3.0,0.0,39.0,20.015873015873016,0.45731707317073167,2.2199546485260773,6.000000000000025,3.587301587301596,4.1,2.3934111476758746,2,
1656,200,0.19090105916394629,24.79999999999998,0.144274965627248,2.0,0.0,38.0,16.52046783625731,0.3666666666666667,4.436647173489279,4.6999999999999895,1.8031189083820611,1.699999999999989,0.8894283499513574,2,
1657,200,0.19071025352350304,26.649999999999974,0.1442670769796353,2.0,0.0,40.0,16.32135728542914,0.38186813186813184,1.2614770459081837,5.299999999999992,1.8762475049900162,1.7999999999999998,1.3185428685258902,2,
1658,200,0.19051963859332918,18.349999999999984,0.14425965208839245,3.0,0.0,43.0,15.659090909090908,0.5,1.6363636363636365,8.50000000000002,3.11448863636364,1.8499999999999992,7.318400280864901,3,
1659,200,0.19032921418280985,17.07499999999998,0.14425925556463287,3.0,0.0,44.0,15.273504273504274,0.4423076923076923,1.4074074074074074,7.500000000000038,3.123361823361831,2.4999999999999996,6.211014610389659,3,
1660,200,0.1901389801015205,19.549999999999972,0.14424406049155652,3.0,0.0,46.0,18.4275,0.53,1.6025,8.500000000000044,3.5402500000000074,2.3999999999999932,7.543952087200618,3,
1661,200,0.18994893615922714,22.17499999999998,0.14423345035331553,3.0,0.0,47.0,15.291479820627803,0.3928571428571429,3.4887892376681613,9.200000000000024,2.740582959641257,1.4999999999999984,6.438811401855089,3,
1662,200,0.18975908216588572,29.19999999999995,0.14421999352259302,2.0,1.0,36.0,17.91065830721003,0.21330275229357798,5.225705329153605,4.199999999999996,1.9788401253918455,1.8999999999999932,1.083301002596774,1,
1663,200,0.18956941793164234,24.974999999999973,0.14422220694863905,3.0,0.0,42.0,18.58700209643606,0.41666666666666663,3.830188679245283,6.300000000000005,3.1417190775681396,3.5000000000000036,3.1876865264934637,2,
1664,200,0.18937994326683263,25.49999999999997,0.1442158704658014,2.0,0.0,46.0,16.823204419889503,0.351010101010101,3.5082872928176796,8.400000000000022,2.2653775322283605,1.6999999999999984,3.312992999782954,3,
1665,200,0.18919065798198204,19.049999999999983,0.14421066243758962,3.0,0.0,49.0,16.691176470588236,0.5441176470588235,1.4705882352941178,10.200000000000038,3.6550000000000087,3.6999999999999993,8.846492703224142,3,
1666,200,0.18900156188780515,20.04999999999997,0.14419832575397504,2.0,0.0,45.0,17.720101781170484,0.5308219178082192,2.946564885496183,7.9000000000000306,3.2132315521628527,2.399999999999999,5.83721640940644,3,
1667,200,0.1888126547952059,16.724999999999984,0.14418858842707305,4.0,0.0,46.0,16.933993399339933,0.5550847457627118,1.1386138613861385,9.00000000000003,3.701320132013207,3.6999999999999975,7.936718368769656,3,
1668,200,0.1886239365152772,28.79999999999997,0.1441763729269874,2.0,0.0,35.0,17.727272727272727,0.23076923076923084,5.046251993620415,3.8999999999999932,1.7590111642743167,1.7999999999999958,0.6971574143790301,1,
1669,200,0.18843540685930069,16.299999999999986,0.14417367793991126,5.0,0.0,39.0,15.154285714285715,0.4916666666666667,2.9371428571428573,6.400000000000011,2.676285714285715,2.1999999999999975,3.5537237855003028,3,
1670,200,0.1882470656387468,27.649999999999963,0.1441742497171629,2.0,0.0,39.0,17.06878306878307,0.31565656565656564,2.617283950617284,4.699999999999992,1.8795414462081081,1.7999999999999972,0.8968681879261389,2,
1671,200,0.18805891266527416,20.42499999999998,0.14416018890987312,2.0,0.0,39.0,16.058139534883722,0.4691780821917808,0.8906976744186047,4.599999999999987,1.92930232558139,1.8999999999999986,0.9698442933709701,3,
1672,200,0.18787094775072993,18.799999999999994,0.14415683637692095,3.0,0.0,39.0,14.12200956937799,0.43309859154929575,1.1913875598086126,4.399999999999996,1.7794258373205714,1.2999999999999987,1.4984369544936775,3,
1673,200,0.18768317070714904,23.04999999999997,0.1441552785229431,3.0,1.0,41.0,18.56235827664399,0.4722222222222222,2.6031746031746033,5.799999999999991,2.7151927437641694,2.5999999999999974,1.7646988893459443,2,
1674,200,0.18749558134675456,22.62499999999997,0.1441454897323328,3.0,0.0,42.0,18.567441860465117,0.49375,1.8511627906976744,6.600000000000004,2.5362790697674376,2.399999999999995,2.0002760425962256,2,
1675,200,0.18730817948195702,22.674999999999976,0.14414056901138614,2.0,0.0,37.0,16.1015625,0.3477011494252874,5.58203125,4.499999999999998,1.8734374999999959,1.7999999999999905,1.0885173359578524,2,
1676,200,0.1871209649253546,15.499999999999982,0.14413372406711825,2.0,0.0,44.0,16.931740614334473,0.6045454545454545,0.17747440273037543,8.00000000000002,3.465187713310585,3.499999999999998,6.8152497437331485,3,
1677,200,0.18693393748973264,27.124999999999975,0.14412451328255355,2.0,1.0,38.0,16.774193548387096,0.2314814814814814,6.67741935483871,3.999999999999995,1.9409677419354787,1.8999999999999941,0.8541625758651785,2,
1678,200,0.1867470969880638,22.574999999999974,0.14411772510400164,2.0,1.0,41.0,18.05739514348786,0.44047619047619047,3.9403973509933774,6.900000000000006,2.599558498896246,2.3999999999999946,2.7571434836848576,2,
1679,200,0.18656044323350748,19.549999999999965,0.1441082130713963,2.0,0.0,42.0,19.20990566037736,0.5233333333333333,3.6957547169811322,6.600000000000025,2.806367924528305,2.1999999999999984,3.3608979557780914,3,
1680,200,0.18637397603940997,16.24999999999998,0.1441023590625017,2.0,1.0,50.0,19.749063670411985,0.6447368421052632,0.24719101123595505,11.200000000000031,4.81385767790263,4.499999999999997,11.834318538884594,3,
1681,200,0.186187695219304,30.099999999999973,0.1440918796034083,2.0,0.0,36.0,17.4607250755287,0.1760869565217391,5.436555891238671,4.3999999999999915,1.8726586102718985,1.7999999999999987,0.8437709900671505,1,
1682,200,0.1860016005869088,29.224999999999973,0.1440810122882949,2.0,0.0,38.0,15.420195439739414,0.23113207547169812,3.762214983713355,3.8999999999999986,1.2929967426710072,1.199999999999994,0.5908157137362554,2,
1683,200,0.18581569195612965,19.849999999999987,0.1440781601288946,3.0,0.0,46.0,15.25,0.46232876712328763,1.8917525773195876,9.000000000000027,2.7945876288659828,1.6999999999999997,5.6977662860445575,3,
1684,200,0.18562996914105798,17.024999999999984,0.14407786250327786,2.0,0.0,46.0,17.72151898734177,0.5450819672131147,0.4430379746835443,10.000000000000025,4.268670886075957,3.9499999999999984,11.849611837163955,3,
1685,200,0.18544443195597088,23.249999999999982,0.14406954597204463,2.0,0.0,36.0,15.97,0.3644578313253012,4.21,3.6999999999999944,1.7167999999999957,1.7999999999999945,0.6833604934419711,2,
1686,200,0.18525908021533122,18.64999999999998,0.14407314911248492,3.0,0.0,44.0,14.642276422764228,0.4852941176470589,2.010840108401084,7.500000000000006,2.45311653116531,1.9,4.117967685076384,3,
1687,200,0.18507391373378718,25.17499999999998,0.1440631100003785,2.0,1.0,38.0,16.194,0.3477011494252874,2.418,3.8999999999999875,1.9663999999999953,2.0999999999999917,0.7720341281365078,2,
1688,200,0.18488893232617234,32.02499999999996,0.14405262439649902,2.0,0.0,38.0,18.8,0.2456140350877194,4.733333333333333,4.199999999999988,2.2557723577235715,2.199999999999997,0.7129075891535134,1,
1689,200,0.1847041358075052,25.624999999999975,0.1440491151493181,2.0,0.0,39.0,16.996007984031937,0.37637362637362637,2.285429141716567,4.799999999999998,2.281037924151694,2.1999999999999984,1.5530797609561715,2,
1690,200,0.18451952399298926,17.274999999999984,0.14404247391409852,2.0,0.0,35.0,12.128947368421052,0.39754098360655743,3.2394736842105263,2.2999999999999887,1.1505263157894707,1.1999999999999968,0.24623827034813073,3,
1691,200,0.1843350966980127,20.29999999999998,0.1440413573505741,3.0,1.0,45.0,16.295212765957448,0.55,1.0877659574468086,8.000000000000004,2.3140957446808468,1.8999999999999972,2.905167603890364,3,
1692,200,0.1841508537381482,28.774999999999974,0.14402896556860956,3.0,1.0,48.0,15.91095890410959,0.28240740740740744,3.7996575342465753,9.700000000000008,2.1027397260273952,1.3999999999999988,4.018428933749691,3,
1693,200,0.18396679492915277,24.799999999999976,0.14401657990024472,2.0,0.0,47.0,15.324731182795698,0.3879310344827587,1.929032258064516,9.100000000000026,2.545376344086024,1.2999999999999996,6.35816394109815,3,
1694,200,0.18378292008696764,31.224999999999973,0.14400899364677794,2.0,0.0,40.0,17.498447204968944,0.22807017543859653,4.403726708074534,4.999999999999989,1.7819875776397465,1.699999999999997,0.8028141343267365,1,
1695,200,0.18359922902771786,24.249999999999982,0.1439969095446674,2.0,0.0,39.0,17.161637931034484,0.41279069767441856,2.543103448275862,5.800000000000008,2.1978448275862053,1.799999999999997,2.1839710165122277,2,
1696,200,0.18341572156771246,18.924999999999986,0.1439925659037532,3.0,0.0,41.0,13.280839895013123,0.3768656716417911,1.330708661417323,5.700000000000018,2.0246719160104987,1.399999999999999,2.776155828051814,3,
1697,200,0.18323239752344386,26.949999999999953,0.14397523195464826,2.0,0.0,40.0,18.58540630182421,0.28809523809523807,7.373134328358209,5.299999999999998,2.3185737976782708,2.2999999999999985,1.308414831356849,2,
1698,200,0.18304925671158812,25.749999999999975,0.14396423120515392,2.0,0.0,40.0,15.039473684210526,0.17307692307692313,6.5625,5.200000000000006,1.8184210526315765,1.3999999999999995,1.5965070888890704,3,
1699,200,0.18286629894900427,21.449999999999967,0.1439582612274158,3.0,0.0,37.0,17.347826086956523,0.42721518987341767,2.856521739130435,5.700000000000006,2.2502173913043477,1.8999999999999981,2.068466249840512,2,
1700,200,0.18268352405273466,17.64999999999998,0.1439539654053092,3.0,0.0,48.0,17.829113924050635,0.5674603174603174,1.3512658227848102,10.100000000000039,4.268670886075959,3.8999999999999995,10.746436232537254,3,
1701,200,0.1825009318400043,23.89999999999999,0.14394986502904838,2.0,1.0,42.0,14.693251533742332,0.36627906976744184,2.3353783231083844,6.100000000000001,1.7492842535787296,1.2999999999999976,1.7657788558046144,3,
1702,200,0.182318522128221,30.999999999999964,0.14393799283385705,2.0,0.0,37.0,17.051928783382788,0.1760869565217391,6.059347181008902,3.4999999999999885,1.6728486646884226,1.699999999999995,0.6061039018215789,2,
1703,200,0.182136294734975,25.424999999999976,0.14393705362054707,2.0,0.0,41.0,17.240425531914894,0.4109195402298851,1.5404255319148936,6.600000000000005,2.32106382978723,2.199999999999993,2.1768214885535935,2,
1704,200,0.18195424947803895,17.849999999999977,0.14393249450614773,4.0,0.0,46.0,17.24534161490683,0.5806451612903226,0.14596273291925466,8.900000000000036,3.7875776397515604,2.749999999999998,9.890872756382494,3,
1705,200,0.1817723861753675,26.849999999999973,0.1439297617335464,2.0,0.0,37.0,16.06813996316759,0.32978723404255317,2.322283609576427,3.1999999999999975,1.4952117863720034,1.4999999999999938,0.4424095126980661,2,
1706,200,0.1815907046450974,29.374999999999954,0.14391615908035102,2.0,0.0,37.0,17.804347826086957,0.20945945945945943,6.8229813664596275,6.200000000000004,1.9655279503105567,1.6999999999999929,1.4245604542659804,1,
1707,200,0.18140920470554706,26.09999999999997,0.14390764202961068,2.0,0.0,41.0,17.94274028629857,0.3790322580645161,2.8813905930470347,7.500000000000007,2.9222903885480576,2.2999999999999994,4.18440816326532,2,
1708,200,0.1812278861752166,22.19999999999998,0.14390439725919302,2.0,0.0,49.0,16.69304556354916,0.4537037037037037,1.7434052757793765,10.500000000000037,3.400959232613914,1.799999999999999,9.603315697460499,3,
1709,200,0.18104674887278735,19.924999999999983,0.14389590719428064,3.0,1.0,45.0,15.887218045112782,0.44594594594594594,2.2481203007518795,8.400000000000034,3.1205513784461196,1.799999999999999,6.787991206030197,3,
1710,200,0.1808657926171221,26.749999999999968,0.14389514321128846,3.0,0.0,42.0,17.59569892473118,0.44318181818181823,0.9376344086021505,6.2000000000000135,2.3595698924731154,1.8999999999999968,2.261773716146221,2,
1711,200,0.1806850172272645,31.499999999999957,0.14389088798817767,2.0,0.0,37.0,17.859424920127797,0.2276785714285714,4.332268370607029,4.2999999999999945,1.8269968051118162,1.799999999999995,0.6953911578947334,1,
1712,200,0.18050442252243923,25.399999999999977,0.14387971815861916,3.0,0.0,39.0,16.539525691699605,0.3434065934065934,3.3063241106719365,5.099999999999993,2.2116600790513785,2.199999999999999,1.2932485402386327,2,
1713,200,0.18032400832205148,23.749999999999964,0.14387850424321458,2.0,0.0,41.0,17.861570247933884,0.3936781609195402,2.700413223140496,6.000000000000017,2.8365702479338863,3.2999999999999945,2.512247721500081,2,
1714,200,0.1801437744456871,24.149999999999977,0.143881005458737,2.0,0.0,46.0,15.872255489021956,0.3586956521739131,3.6347305389221556,8.700000000000024,2.5588822355289427,1.7999999999999936,4.495053784860581,3,
1715,200,0.17996372071311217,26.774999999999977,0.14386605158536847,2.0,0.0,34.0,15.87741935483871,0.19059405940594054,4.811290322580645,4.499999999999995,1.5887096774193519,1.3999999999999968,0.8727457667683823,3,
1716,200,0.17978384694427296,28.12499999999998,0.14386354541755547,3.0,0.0,41.0,16.29520295202952,0.30940594059405946,3.7767527675276753,5.5,2.175461254612543,2.099999999999995,1.608831370866986,2,
1717,200,0.17960415295929566,23.27499999999997,0.14385971127398325,2.0,0.0,39.0,17.302277432712216,0.4109195402298851,4.074534161490683,5.099999999999998,2.2747412008281547,2.3999999999999946,1.388394859572718,2,
1718,200,0.17942463857848634,18.474999999999984,0.14386250992553692,3.0,0.0,48.0,16.94894894894895,0.5075757575757576,0.996996996996997,9.700000000000042,3.9813813813813903,2.9999999999999987,10.560529362960903,3,
1719,200,0.1792453036223305,24.449999999999974,0.14386103049368204,2.0,0.0,41.0,16.972055888223554,0.3873626373626373,3.0758483033932134,5.900000000000004,2.266666666666668,1.8999999999999995,2.45340964143428,2,
1720,200,0.17906614791149322,26.62499999999998,0.1438544627905168,2.0,0.0,42.0,15.451785714285714,0.2908163265306123,4.823214285714286,6.1999999999999975,1.8124999999999956,1.5999999999999994,1.4244197207261469,3,
1721,200,0.17888717126681877,21.149999999999974,0.1438455951042629,2.0,0.0,37.0,18.775943396226417,0.49,4.205188679245283,4.999999999999996,2.5459905660377316,2.699999999999995,1.3730104297037922,2,
1722,200,0.17870837350933053,20.574999999999978,0.14384183453658825,4.0,0.0,48.0,16.38095238095238,0.4642857142857143,1.74937343358396,10.600000000000033,3.4769423558897308,1.9000000000000004,10.122138442211117,3,
1723,200,0.17852975446023064,32.39999999999997,0.14383783923882187,3.0,0.0,41.0,17.441930618401205,0.20378151260504196,5.950226244343892,5.499999999999989,1.8662141779788781,1.8999999999999884,0.7659190841917481,1,
1724,200,0.17835131394090015,24.524999999999963,0.14382961501236677,4.0,1.0,42.0,19.641921397379914,0.4297752808988764,3.106986899563319,7.100000000000006,3.6159388646288213,3.599999999999995,3.0388215748249348,2,
1725,200,0.1781730517728984,28.924999999999958,0.14382835309771316,2.0,0.0,39.0,18.625,0.232608695652174,5.824367088607595,4.899999999999993,2.3503164556961975,2.2999999999999923,1.2620916672299756,1,
1726,200,0.17799496777796334,29.02499999999997,0.1438107325469975,2.0,0.0,40.0,16.601880877742946,0.21902654867256643,7.636363636363637,4.799999999999987,1.8142633228840082,1.6999999999999995,0.9871814280063727,2,
1727,200,0.17781706177801082,21.59999999999998,0.14380701891375594,2.0,0.0,42.0,15.814814814814815,0.38414634146341464,3.3856209150326797,6.400000000000012,2.4668845315904133,2.0999999999999983,2.676606702107475,3,
1728,200,0.17763933359513495,15.299999999999981,0.1438039461092151,4.0,1.0,42.0,15.134680134680135,0.5555555555555556,1.7744107744107744,6.500000000000004,2.5346801346801344,1.5999999999999996,4.101638400145119,3,
1729,200,0.17746178305160745,29.874999999999957,0.14380629116505173,3.0,0.0,37.0,18.24413145539906,0.20614035087719307,9.118935837245697,5.399999999999996,2.187949921752735,2.09999999999999,1.0832220807210047,1,
1730,200,0.17728440996987782,23.24999999999997,0.14381217143443253,3.0,0.0,40.0,18.43891402714932,0.4598765432098766,1.1380090497737556,6.300000000000015,2.6642533936651587,2.4999999999999973,2.8167908969456987,2,
1731,200,0.17710721417257289,18.274999999999984,0.14380824460733044,3.0,0.0,47.0,15.914201183431953,0.4696969696969697,0.5562130177514792,9.400000000000027,3.438757396449708,2.4499999999999984,8.653987815446063,3,
1732,200,0.17693019548249692,23.124999999999982,0.14380475532704723,2.0,0.0,45.0,15.190573770491802,0.3398876404494382,4.23155737704918,8.100000000000021,2.443852459016394,1.9,3.5437475802354195,3,
1733,200,0.17675335372263115,29.79999999999996,0.1437954376927976,2.0,1.0,37.0,17.91304347826087,0.24537037037037046,5.291465378421901,3.699999999999993,1.8006441223832481,1.7999999999999954,0.7201624831448987,1,
1734,200,0.17657668871613388,21.874999999999964,0.14378770596473842,3.0,0.0,37.0,18.56279069767442,0.4766666666666667,2.3093023255813954,4.899999999999998,2.533488372093022,2.7999999999999936,1.7819579337908804,2,
1735,200,0.17640020028634,23.474999999999987,0.1437840513164852,3.0,0.0,43.0,13.685840707964601,0.3487654320987654,1.7035398230088497,6.600000000000019,1.9535398230088503,0.9999999999999997,3.5627703949526053,3,
1736,200,0.1762238882567611,18.449999999999974,0.14378757204572418,5.0,0.0,46.0,16.352601156069365,0.5606060606060606,1.7109826589595376,8.700000000000035,3.080924855491335,2.0999999999999988,5.787487950549266,3,
1737,200,0.17604775245108517,30.524999999999974,0.14377685354363756,2.0,0.0,38.0,15.766129032258064,0.22247706422018343,3.4193548387096775,4.299999999999993,1.5219354838709647,1.2999999999999954,0.9190373544155906,2,
1738,200,0.17587179269317638,30.649999999999974,0.14377138116132843,2.0,0.0,39.0,17.41029411764706,0.17500000000000004,9.216176470588236,4.79999999999999,1.9020588235294065,1.7999999999999878,0.8447034703794734,1,
1739,200,0.17569600880707487,23.04999999999997,0.14376372101701831,2.0,0.0,38.0,17.636363636363637,0.3936781609195402,6.781818181818182,4.799999999999996,2.4959595959595915,2.5999999999999868,0.9979675460363046,2,
1740,200,0.17552040061699686,26.749999999999986,0.14375566813958615,2.0,1.0,42.0,16.837735849056603,0.33673469387755106,3.969811320754717,6.800000000000002,2.4250943396226408,1.699999999999999,3.6938173863203643,2,
1741,200,0.1753449679473341,28.699999999999978,0.14375623359543838,2.0,0.0,37.0,16.161073825503355,0.24038461538461542,4.553691275167785,4.09999999999999,1.8278523489932843,1.6999999999999982,0.9762404177751454,2,
1742,200,0.17516971062265388,26.04999999999997,0.1437460427350792,2.0,0.0,41.0,17.356394129979037,0.4073033707865169,2.5534591194968552,5.600000000000005,2.3517819706498932,1.9999999999999973,2.151856386906229,2,
1743,200,0.17499462846769887,23.049999999999986,0.14373729261411403,1.0,0.0,46.0,16.47019867549669,0.4285714285714286,1.3532008830022075,8.800000000000024,2.912141280353201,1.8999999999999968,6.58926659779349,3,
1744,200,0.17481972130738693,21.299999999999972,0.14373352443577392,4.0,0.0,49.0,18.61436170212766,0.5608108108108109,1.2180851063829787,10.400000000000038,3.7055851063829848,2.199999999999993,8.651865110521731,3,
1745,200,0.17464498896681085,21.94999999999998,0.14372461460979724,2.0,0.0,45.0,16.901149425287358,0.46875,1.2528735632183907,8.10000000000001,2.8829885057471265,2.099999999999993,5.318405381981172,3,
1746,200,0.17447043127123832,23.29999999999997,0.14371751418692766,2.0,0.0,44.0,18.158482142857142,0.4817073170731707,1.4799107142857142,7.2000000000000295,2.5703125000000013,1.8999999999999944,3.5407211152798177,2,
1747,200,0.17429604804611157,26.84999999999996,0.14371317558963498,5.0,0.0,45.0,17.386243386243386,0.33333333333333337,3.744268077601411,8.10000000000001,2.146208112874777,1.7999999999999972,2.538472353555971,3,
1748,200,0.1741218391170474,29.224999999999962,0.14370803787892106,2.0,0.0,40.0,18.131455399061032,0.23230088495575218,6.604068857589985,6.699999999999998,2.4001564945226876,2.199999999999994,2.090818867554857,2,
1749,200,0.17394780430983683,28.574999999999967,0.1437033844816442,2.0,0.0,39.0,16.788359788359788,0.3044554455445545,2.5749559082892417,5.699999999999998,1.9758377425044062,1.799999999999999,1.4720662668591051,2,
1750,200,0.17377394345044514,16.499999999999986,0.14370133656064665,7.0,0.0,45.0,17.348684210526315,0.6120689655172413,0.023026315789473683,8.100000000000035,3.606250000000008,3.6499999999999972,7.291980630850021,3,
1751,200,0.1736002563650113,24.424999999999983,0.14369464269746274,2.0,0.0,45.0,14.816367265469061,0.33241758241758246,3.62874251497006,8.000000000000004,2.069061876247502,1.599999999999996,2.462266215139441,3,
1752,200,0.17342674287984836,29.124999999999957,0.1436903641826448,2.0,0.0,35.0,17.48447204968944,0.20370370370370372,7.287267080745342,4.099999999999998,1.7736024844720448,1.5999999999999992,0.6326897898658177,1,
1753,200,0.1732534028214427,19.649999999999984,0.14368710148464314,3.0,0.0,49.0,16.530927835051546,0.4736842105263158,2.711340206185567,10.300000000000036,3.645103092783511,2.3999999999999977,10.05857376297808,3,
1754,200,0.17308023601645434,17.849999999999987,0.1436772231652138,2.0,0.0,42.0,14.504424778761061,0.5122950819672131,1.3185840707964602,7.100000000000002,2.394985250737464,1.2999999999999985,4.949545945005234,3,
1755,200,0.17290724229171636,27.04999999999997,0.1436612611224619,2.0,0.0,40.0,16.579143389199256,0.33854166666666663,3.914338919925512,4.9999999999999964,2.0543761638733655,1.8999999999999955,1.134104893746874,2,
1756,200,0.17273442147423515,23.249999999999975,0.1436539043867922,4.0,0.0,47.0,16.12362030905077,0.4205882352941176,1.7637969094922736,9.300000000000022,2.8088300220750573,1.7999999999999976,6.61103592452539,3,
1757,200,0.17256177339118975,21.22499999999998,0.14364791689330744,3.0,0.0,49.0,16.8503937007874,0.49,1.2939632545931758,10.500000000000032,3.659317585301842,1.7999999999999998,11.147896803527203,3,
1758,200,0.17238929786993218,25.149999999999963,0.1436477919059737,3.0,0.0,42.0,18.973214285714285,0.44886363636363635,2.075892857142857,6.500000000000023,3.0752232142857165,2.9999999999999964,3.395853923459054,2,
1759,200,0.1722169947379868,23.899999999999967,0.14364970960419318,3.0,0.0,40.0,18.618101545253865,0.4464285714285714,2.76158940397351,6.100000000000018,2.90684326710817,2.9999999999999964,3.092661397216494,2,
1760,200,0.17204486382305054,22.549999999999976,0.14364907862874907,4.0,0.0,47.0,16.436363636363637,0.4367469879518072,2.256818181818182,9.000000000000023,2.8454545454545452,2.049999999999997,5.986601170460614,3,
1761,200,0.1718729049529924,29.924999999999965,0.14363878484421083,5.0,0.0,48.0,15.818791946308725,0.24545454545454537,5.899328859060403,9.800000000000026,2.2204697986577187,1.199999999999999,5.345938319046236,3,
1762,200,0.17170111795585358,25.299999999999972,0.14363494304873514,2.0,0.0,40.0,14.803118908382066,0.31818181818181823,3.612085769980507,4.799999999999991,1.6744639376218293,1.5999999999999948,0.9433865819552487,3,
1763,200,0.17152950265984698,21.149999999999967,0.1436247999403845,3.0,1.0,39.0,18.083690987124463,0.4228395061728395,3.6909871244635193,6.100000000000006,2.75236051502146,2.499999999999992,2.9022932007091935,2,
1764,200,0.17135805889335737,27.224999999999977,0.14361936078935555,2.0,0.0,44.0,16.536496350364963,0.3214285714285714,3.4562043795620436,7.600000000000025,2.314233576642336,1.4999999999999973,3.6007218043110005,3,
1765,200,0.1711867864849409,16.27499999999998,0.14361684768213057,2.0,0.0,46.0,17.44178082191781,0.5921052631578947,0.023972602739726026,8.600000000000039,3.8202054794520635,4.100000000000005,7.34587652322819,3,
1766,200,0.17101568526332522,26.09999999999998,0.14361351195496944,4.0,0.0,39.0,15.032142857142857,0.2605263157894737,5.076785714285714,4.6999999999999895,1.5671428571428538,1.4999999999999942,0.8127801427938195,3,
1767,200,0.170844755057409,24.174999999999965,0.14361439037934015,2.0,0.0,41.0,18.374449339207047,0.4418604651162791,1.9449339207048457,6.100000000000005,2.796035242290746,2.999999999999994,2.5869131310190903,2,
1768,200,0.17067399569626215,30.874999999999954,0.14360943576462856,2.0,0.0,39.0,18.564860426929393,0.26801801801801806,4.865353037766831,4.49999999999999,2.0302134646962187,1.999999999999997,0.8785640638481397,1,
1769,200,0.17050340700912517,29.52499999999995,0.14359858130338052,2.0,0.0,38.0,18.253658536585366,0.2592592592592593,5.261788617886179,4.19999999999999,1.9279674796747912,1.9999999999999938,0.8757729810905674,1,
1770,200,0.17033298882540943,18.82499999999998,0.14359362739983744,8.0,0.0,51.0,17.216129032258063,0.5576923076923077,0.9741935483870968,11.500000000000043,3.953548387096785,4.500000000000005,9.433875898812762,3,
1771,200,0.1701627409746967,27.999999999999964,0.14358084305277463,2.0,1.0,42.0,16.597902097902097,0.3044554455445545,4.20979020979021,6.100000000000015,2.019930069930069,1.4999999999999896,2.135798131321013,2,
1772,200,0.16999266328673912,22.99999999999998,0.14357040251823694,2.0,0.0,41.0,17.05960264900662,0.44753086419753085,1.9867549668874172,5.799999999999995,2.0008830022075004,1.6999999999999984,1.4371364664145612,2,
1773,200,0.16982275559145898,26.74999999999998,0.14356073775991335,3.0,0.0,43.0,16.784671532846716,0.31862745098039214,4.122262773722627,6.700000000000016,2.417153284671532,2.0999999999999925,2.7736931032990135,2,
1774,200,0.1696530177189486,26.12499999999997,0.14355396569838066,2.0,0.0,39.0,16.51,0.35,1.186,4.999999999999994,2.1559999999999966,1.999999999999999,1.7455509822039221,2,
1775,200,0.16948344949947006,19.974999999999984,0.143544809066546,2.0,0.0,42.0,14.285714285714286,0.46126760563380287,2.581453634085213,6.100000000000003,1.9220551378446091,1.299999999999998,2.1292512562814045,3,
1776,200,0.16931405076345518,19.224999999999984,0.14354015761247435,4.0,0.0,47.0,15.50733137829912,0.5303030303030303,0.30791788856304986,9.100000000000032,2.961583577712615,1.5999999999999996,6.577261093911289,3,
1777,200,0.16914482134150513,29.74999999999997,0.14352693685717313,2.0,1.0,36.0,17.449419568822552,0.27427184466019416,2.4129353233830844,3.199999999999996,1.4588723051409582,1.4999999999999993,0.4983762183450278,2,
1778,200,0.16897576106439058,21.349999999999987,0.14352183902132148,3.0,0.0,43.0,14.224880382775119,0.35,1.2105263157894737,8.100000000000012,2.571770334928231,1.2999999999999992,6.256176691105372,3,
1779,200,0.1688068697630511,18.424999999999965,0.14351654110437007,2.0,0.0,47.0,18.68918918918919,0.5598591549295775,1.9837837837837837,9.100000000000016,3.8491891891891945,2.599999999999997,9.378513794841513,3,
1780,200,0.1686381472685955,23.649999999999977,0.14350540575447687,2.0,1.0,44.0,15.48846960167715,0.38372093023255816,1.8385744234800838,7.5000000000000195,2.2121593291404604,1.4999999999999991,3.154876498716656,3,
1781,200,0.1684695934123012,24.699999999999974,0.14349571401523228,2.0,1.0,43.0,18.58909853249476,0.4241573033707865,1.6268343815513626,7.700000000000035,3.142976939203357,2.5999999999999956,4.336767430821744,2,
1782,200,0.16830120802561438,20.09999999999998,0.14348883428909423,1.0,0.0,47.0,16.769028871391075,0.5102739726027398,0.9816272965879265,9.200000000000038,3.4593175853018443,1.6999999999999997,8.924049462661944,3,
1783,200,0.16813299094014955,30.649999999999956,0.1434843954487579,2.0,0.0,37.0,18.345047923322685,0.2276785714285714,5.896166134185304,4.699999999999997,2.118370607028749,1.9999999999999936,0.9321409377990411,1,
1784,200,0.16796494198768974,30.92499999999996,0.14348052995158678,2.0,1.0,39.0,18.143076923076922,0.2112068965517242,6.896923076923077,4.4999999999999885,2.2127692307692253,2.1999999999999886,0.8521620406202118,1,
1785,200,0.16779706100018585,23.49999999999997,0.14347120772838146,2.0,1.0,37.0,16.206008583690988,0.41666666666666663,1.5429184549356223,3.49999999999999,1.6257510729613693,1.7999999999999912,0.6862069950035641,2,
1786,200,0.167629347809757,28.899999999999952,0.14346230526245424,3.0,0.0,40.0,18.78988941548183,0.2456140350877194,7.369668246445498,5.199999999999997,2.4593996840442296,2.499999999999994,1.2334415804815684,1,
1787,200,0.1674618022486899,25.274999999999988,0.14345938258538266,3.0,0.0,39.0,17.231083844580777,0.3920454545454546,3.339468302658487,4.900000000000004,2.3910020449897744,2.1999999999999997,1.671827868852466,2,
1788,200,0.167294424149439,19.624999999999986,0.14345928051956658,4.0,0.0,47.0,16.352941176470587,0.5151515151515151,0.5617647058823529,10.200000000000038,3.5720588235294213,3.249999999999999,10.030747238297984,3,
1789,200,0.1671272133446262,34.52499999999996,0.14343849354535054,3.0,0.0,36.0,16.946866485013626,0.09126984126984117,6.276566757493188,4.299999999999995,1.5205722070844652,1.3999999999999977,0.6697006431494806,1,
1790,200,0.1669601696670407,27.024999999999963,0.14342627287870158,3.0,0.0,40.0,17.360714285714284,0.3088235294117647,5.0339285714285715,6.199999999999995,2.4692857142857108,2.399999999999989,1.8762054725939838,2,
1791,200,0.16679329294963874,19.524999999999977,0.14341780058768863,5.0,0.0,43.0,17.063613231552164,0.5316901408450704,2.1603053435114505,6.700000000000027,2.626972010178122,2.1999999999999957,3.3313042577437297,3,
1792,200,0.16662658302554365,27.499999999999968,0.14341086251542529,2.0,0.0,41.0,16.293706293706293,0.2941176470588235,6.11013986013986,5.599999999999995,1.9318181818181768,1.5999999999999974,1.2951104427797269,2,
1793,200,0.1664600397280455,28.024999999999977,0.14340576082225853,2.0,0.0,41.0,15.680970149253731,0.3170103092783505,2.298507462686567,5.699999999999994,1.8063432835820858,1.5999999999999976,1.3872780243303862,2,
1794,200,0.16629366289060088,33.52499999999997,0.14339661103696918,2.0,0.0,37.0,17.321752265861026,0.1785714285714286,4.513595166163142,4.199999999999992,1.7892749244712942,1.6999999999999995,0.6870617671018098,1,
1795,200,0.16612745234683307,23.22499999999996,0.14339093345752055,2.0,0.0,44.0,19.26451612903226,0.4534883720930233,3.868817204301075,8.000000000000036,3.4137634408602215,3.2000000000000104,4.034667936954299,2,
1796,200,0.16596140793053138,22.224999999999973,0.14338568934190798,2.0,1.0,41.0,19.258503401360546,0.4783950617283951,4.126984126984127,5.900000000000024,3.1097505668934264,3.099999999999992,2.2830232414644422,2,
1797,200,0.16579552947565152,20.774999999999984,0.1433776271419233,3.0,0.0,43.0,16.52463054187192,0.5034246575342466,1.1428571428571428,6.600000000000008,2.318226600985221,2.049999999999995,2.0829316589316638,3,
1798,200,0.16562981681631492,26.574999999999974,0.14336736079404744,2.0,0.0,45.0,17.29520295202952,0.31930693069306926,5.402214022140221,8.500000000000014,2.8153136531365357,2.0000000000000275,4.149798068511029,2,
1799,200,0.16546426978680895,23.499999999999964,0.1433594409555252,2.0,0.0,41.0,20.301435406698566,0.50625,1.375598086124402,6.0000000000000115,3.3425837320574168,3.699999999999993,2.410688461164252,2,
1800,200,0.16529888822158653,19.299999999999976,0.14336068285423034,3.0,0.0,44.0,17.43236074270557,0.5398550724637681,0.47480106100795755,7.700000000000042,3.180106100795764,2.2999999999999994,7.561646825396886,3,
1801,200,0.16513367195526615,25.02499999999997,0.14335314709479516,3.0,0.0,43.0,18.89384288747346,0.43131868131868134,6.745222929936306,7.400000000000009,3.2371549893842886,3.299999999999995,2.8969552830869154,2,
1802,200,0.16496862082263145,21.724999999999973,0.14334553164905717,3.0,0.0,41.0,15.382,0.3247126436781609,4.91,6.100000000000001,2.3576000000000046,1.3999999999999981,3.5029762519050416,3,
1803,200,0.16480373465863135,19.12499999999997,0.14334319415442054,4.0,0.0,48.0,18.053977272727273,0.5760869565217391,1.8636363636363635,10.000000000000043,3.8747159090909182,2.999999999999999,8.930256652381381,3,
1804,200,0.1646390132983796,30.949999999999967,0.14333405945966116,2.0,0.0,37.0,18.18025078369906,0.21491228070175428,5.661442006269592,4.299999999999996,2.1405956112852613,2.299999999999991,0.8858620096648216,1,
1805,200,0.1644744565771549,30.82499999999996,0.14333009068996486,2.0,0.0,36.0,18.15136876006441,0.23623853211009171,4.776167471819646,4.0999999999999925,1.9436392914653733,1.7999999999999976,0.842332901151329,1,
1806,200,0.16431006433040046,28.349999999999977,0.14332536246527325,2.0,0.0,42.0,15.864150943396226,0.3308080808080808,2.7830188679245285,6.400000000000009,1.8816981132075448,1.399999999999999,1.8381810188003544,2,
1807,200,0.16414583639372407,23.924999999999972,0.1433187425644506,2.0,0.0,39.0,18.651991614255767,0.41666666666666663,3.542976939203354,5.999999999999997,3.0624737945492657,3.1999999999999966,1.916818237755357,2,
1808,200,0.16398177260289773,16.599999999999977,0.14331422238883024,10.0,0.0,46.0,18.326984126984126,0.569672131147541,0.30793650793650795,9.700000000000022,4.522222222222235,5.2,10.8662188583408,3,
1809,200,0.16381787279385768,22.499999999999982,0.14330280074816892,2.0,0.0,45.0,15.600917431192661,0.41874999999999996,1.860091743119266,8.300000000000018,2.6149082568807334,1.9999999999999993,5.322397485467808,3,
1810,200,0.16365413680270405,24.574999999999974,0.14329427872898498,2.0,0.0,46.0,17.756646216768917,0.4277777777777778,2.443762781186094,8.700000000000035,2.826584867075667,1.8999999999999977,4.511541150886628,3,
1811,200,0.1634905644657009,24.67499999999997,0.14327826063987875,2.0,0.0,41.0,17.333333333333332,0.3944444444444445,3.2169625246548326,6.5000000000000036,2.3055226824457566,2.0999999999999965,2.526645996078558,2,
1812,200,0.1633271556192758,22.849999999999966,0.14327993340428788,2.0,0.0,42.0,18.564625850340136,0.48124999999999996,2.7301587301587302,6.600000000000034,2.716553287981863,1.8999999999999915,4.081946524064209,2,
1813,200,0.16316391010001996,19.874999999999982,0.14327004507603958,4.0,0.0,51.0,18.91737891737892,0.5486111111111112,1.6353276353276354,12.500000000000037,4.889173789173798,2.5999999999999988,17.420764935065034,3,
1814,200,0.16300082774468777,24.17499999999997,0.14326134655131956,2.0,0.0,39.0,17.758095238095237,0.35526315789473684,6.521904761904762,4.499999999999997,2.6121904761904715,2.6999999999999984,1.17840804864598,2,
1815,200,0.16283790839019696,26.599999999999966,0.14324621570066418,3.0,0.0,43.0,17.398907103825138,0.3459595959595959,2.9799635701275045,7.200000000000026,2.371220400728597,1.5999999999999988,3.4979447246184754,2,
1816,200,0.16267515187362808,22.67499999999996,0.14325079106131336,3.0,0.0,42.0,20.084862385321102,0.48456790123456794,1.1238532110091743,7.00000000000003,3.550688073394499,3.299999999999997,3.2179751703096127,2,
1817,200,0.16251255803222467,25.84999999999998,0.14324305671623477,2.0,0.0,38.0,16.197231833910035,0.26010101010101006,5.647058823529412,4.599999999999994,2.051384083044978,1.7999999999999952,1.371775546795254,2,
1818,200,0.16235012670339277,19.99999999999997,0.14323729667423046,3.0,0.0,41.0,16.048275862068966,0.4342105263157895,3.5885057471264368,6.800000000000014,2.6760919540229895,1.9999999999999982,3.671585739652497,3,
1819,200,0.16218785772470118,21.92499999999998,0.14323155751869457,3.0,0.0,46.0,17.019138755980862,0.46153846153846156,1.0598086124401913,10.000000000000028,3.315311004784691,2.099999999999998,8.467995856298307,3,
1820,200,0.16202575093388075,19.54999999999999,0.14322906656609974,12.0,0.0,37.0,14.818428184281842,0.44672131147540983,1.4959349593495934,7.000000000000008,2.5815718157181586,1.5999999999999979,4.3232693889541896,3,
1821,200,0.16186380616882481,23.124999999999964,0.14321719494446228,3.0,0.0,44.0,17.88,0.36170212765957444,5.500952380952381,8.00000000000003,2.9870476190476185,2.399999999999997,4.284990639421857,3,
1822,200,0.1617020232675885,28.74999999999995,0.1432103648924201,2.0,0.0,39.0,17.719022687609076,0.31499999999999995,2.8289703315881325,4.8999999999999915,2.0467713787085464,1.8999999999999932,1.1215505835627757,2,
1823,200,0.16154040206838896,29.84999999999997,0.1432070042749173,2.0,0.0,42.0,17.289634146341463,0.2108695652173913,7.385670731707317,6.400000000000025,2.0841463414634127,1.599999999999998,2.3206077125960176,2,
1824,200,0.16137894240960493,25.04999999999997,0.14319353981249663,4.0,0.0,41.0,18.691954022988504,0.47619047619047616,1.5908045977011493,6.200000000000001,2.6829885057471285,2.499999999999998,2.9190363801632033,2,
1825,200,0.16121764412977677,24.524999999999977,0.14318750928478746,2.0,0.0,43.0,16.47956989247312,0.43452380952380953,1.0559139784946237,6.699999999999998,1.808602150537631,1.2999999999999972,2.2540439544176367,2,
1826,200,0.16105650706760616,18.249999999999986,0.14318428042581707,3.0,0.0,45.0,15.18018018018018,0.5198412698412699,0.2822822822822823,8.500000000000023,2.828228228228232,1.0999999999999999,7.662755753553173,3,
1827,200,0.16089553106195606,25.999999999999986,0.14317443761364462,2.0,0.0,51.0,15.787449392712551,0.34895833333333337,2.580971659919028,11.600000000000035,2.9443319838056707,1.3999999999999977,9.365583174544696,3,
1828,200,0.16073471595185038,15.974999999999975,0.14317430686034938,2.0,0.0,47.0,19.814545454545456,0.6227272727272727,0.3490909090909091,10.100000000000026,5.008727272727284,5.400000000000003,12.057828731619674,3,
1829,200,0.1605740615764741,25.349999999999966,0.14316201739572346,2.0,0.0,40.0,17.96728016359918,0.3792134831460674,2.607361963190184,5.600000000000009,2.9370143149284256,3.0999999999999974,2.244385747741723,2,
1830,200,0.16041356777517274,18.274999999999984,0.1431524488386701,3.0,0.0,46.0,17.314641744548286,0.5725806451612904,0.7819314641744548,9.400000000000025,3.8741433021806895,3.5999999999999948,9.293782996894455,3,
1831,200,0.16025323438745256,28.44999999999998,0.14314236041806877,2.0,0.0,42.0,16.477099236641223,0.3308080808080808,3.818702290076336,6.199999999999998,2.2622137404580127,1.8999999999999992,2.1035798597832946,2,
1832,200,0.1600930612529801,29.44999999999996,0.14312886067224018,2.0,0.0,37.0,19.170731707317074,0.25,6.138211382113822,5.300000000000006,2.478211382113819,2.5999999999999885,1.2093495917763044,1,
1833,200,0.15993304821158225,15.649999999999979,0.1431248332744426,4.0,0.0,46.0,17.996688741721854,0.538135593220339,1.0562913907284768,9.200000000000038,4.347350993377496,5.150000000000005,9.115440610506319,3,
1834,200,0.15977319510324592,25.449999999999985,0.14311386279893443,5.0,0.0,50.0,15.757847533632287,0.42816091954022983,2.5739910313901344,10.800000000000017,2.632959641255605,1.6999999999999962,6.126545358570258,3,
1835,200,0.15961350176811803,20.749999999999986,0.14310834986819093,6.0,0.0,48.0,16.93388429752066,0.4930555555555556,1.6088154269972452,10.400000000000034,3.8217630853994544,1.9999999999999996,11.347188239936925,3,
1836,200,0.15945396804650516,26.87499999999997,0.14309682559064166,2.0,0.0,40.0,17.05709023941068,0.31060606060606055,2.1933701657458564,6.700000000000005,2.599079189686925,2.399999999999998,3.1960136748426384,2,
1837,200,0.1592945937788737,30.02499999999996,0.1430806132629756,2.0,0.0,39.0,19.115506329113924,0.23275862068965525,8.302215189873417,5.200000000000013,2.644620253164554,2.499999999999995,1.4511772231443902,1,
1838,200,0.15913537880584921,16.399999999999977,0.14307116872205572,3.0,1.0,44.0,16.938837920489295,0.5450819672131147,1.8746177370030581,8.200000000000026,3.717737003058113,3.899999999999998,6.7547332784678185,3,
1839,200,0.15897632296821687,22.774999999999967,0.14306273994899912,3.0,0.0,40.0,20.337264150943398,0.49683544303797467,1.9245283018867925,6.3000000000000185,3.48278301886793,3.800000000000006,2.8573845640384015,2,
1840,200,0.15881742610692068,17.674999999999972,0.14305143232971285,2.0,0.0,41.0,17.282722513089006,0.5485074626865671,2.992146596858639,5.700000000000013,2.5769633507853373,2.499999999999993,2.1788036156054953,3,
1841,200,0.15865868806306388,30.14999999999997,0.14304507871363667,2.0,0.0,36.0,18.866129032258065,0.23181818181818192,6.112903225806452,4.799999999999997,2.3599999999999945,2.399999999999999,0.6229500076743163,1,
1842,200,0.1585001086779083,24.54999999999997,0.14303160663493716,2.0,0.0,39.0,17.163306451612904,0.36931818181818177,1.3810483870967742,6.2,2.503024193548387,2.799999999999997,2.756554478385466,2,
1843,200,0.1583416877928747,25.299999999999986,0.14302163483743713,2.0,0.0,37.0,16.726396917148364,0.3623595505617978,3.649325626204239,3.599999999999999,1.9053949903660827,1.9999999999999938,0.5854065934065907,2,
1844,200,0.15818342524954201,34.69999999999996,0.14300807275963487,2.0,1.0,38.0,17.964071856287426,0.1693548387096775,6.426646706586826,4.399999999999999,2.2002994011976003,2.3999999999999924,1.0350022298267862,1,
1845,200,0.1580253208896478,29.97499999999995,0.1429989399452132,2.0,0.0,40.0,18.51219512195122,0.268348623853211,1.5772357723577235,4.7999999999999945,2.083089430894304,1.9999999999999996,1.0547412115571695,1,
1846,200,0.1578673745550876,23.399999999999963,0.1429880485139842,2.0,0.0,43.0,19.609375,0.46176470588235297,3.8080357142857144,7.700000000000026,3.4569196428571507,2.499999999999995,6.101411090018656,2,
1847,200,0.15770958608791516,29.124999999999957,0.14297854330640705,2.0,1.0,37.0,18.759493670886076,0.21846846846846857,7.886075949367089,5.599999999999999,2.4310126582278446,2.199999999999997,1.5140420055930728,1,
1848,200,0.15755195533034191,19.64999999999999,0.14297183824758616,2.0,0.0,41.0,13.378666666666666,0.46212121212121215,1.1413333333333333,5.599999999999994,1.7442666666666626,1.399999999999999,1.5747983274547646,3,
1849,200,0.15739448212473714,24.524999999999963,0.1429698043615935,2.0,1.0,42.0,19.06451612903226,0.4297752808988764,2.5913978494623655,6.800000000000043,3.331182795698932,3.29999999999999,4.242767685363377,2,
1850,200,0.1572371663136276,32.99999999999997,0.14296208737349653,2.0,0.0,42.0,17.304411764705883,0.18902439024390238,6.101470588235294,6.199999999999994,1.8385294117647013,1.5999999999999945,1.121517909857068,1,
1851,200,0.1570800077396975,24.799999999999965,0.1429505538086549,2.0,0.0,42.0,18.695364238410598,0.4642857142857143,1.576158940397351,6.100000000000013,2.9147902869757174,3.1999999999999975,2.211955381856461,2,
1852,200,0.1569230062457882,29.87499999999996,0.1429504475370137,2.0,0.0,38.0,17.504145936981757,0.27380952380952384,3.9402985074626864,4.7,1.8359867330016537,1.6999999999999913,0.9750426283250083,2,
1853,200,0.15676616167489826,24.54999999999997,0.14295327607923536,3.0,0.0,44.0,20.551724137931036,0.4772727272727273,2.839080459770115,7.200000000000036,3.8140229885057537,4.199999999999998,3.526005897771982,2,
1854,200,0.156609473870183,34.774999999999956,0.14294291019582653,2.0,0.0,37.0,18.30478589420655,0.034671532846715314,7.292191435768262,5.600000000000001,1.8061712846347602,1.4999999999999944,1.4628987445176775,1,
1855,200,0.15645294267495474,21.824999999999978,0.14293916431363557,4.0,0.0,46.0,16.54090909090909,0.426829268292683,2.475,9.500000000000034,3.2027272727272775,1.9999999999999971,7.408303555287012,3,
1856,200,0.15629656793268212,24.674999999999976,0.14293541804645374,3.0,0.0,39.0,17.397849462365592,0.41666666666666663,1.4086021505376345,4.899999999999996,2.35311827956989,2.7999999999999936,1.7326918380938234,2,
1857,200,0.15614034948699052,31.374999999999957,0.14293010850140664,2.0,1.0,39.0,18.3,0.21218487394957974,5.973846153846154,5.299999999999995,2.3069230769230735,2.099999999999996,1.591355837528607,1,
1858,200,0.15598428718166135,33.49999999999996,0.14291971805767364,3.0,0.0,39.0,17.689504373177844,0.16056910569105698,5.389212827988338,4.299999999999992,2.07827988338192,1.9999999999999944,1.2020235021621524,1,
1859,200,0.15582838086063242,32.624999999999964,0.14290782132516766,2.0,0.0,44.0,17.291545189504372,0.18801652892561993,6.943148688046647,7.600000000000013,1.933965014577258,1.3999999999999952,2.293588860910133,3,
1860,200,0.1556726303679973,20.799999999999986,0.14290191725373316,7.0,0.0,49.0,17.005089058524174,0.5097402597402597,2.572519083969466,10.200000000000031,3.471246819338426,2.499999999999996,7.641080234124155,3,
1861,200,0.15551703554800556,19.699999999999985,0.142891366480107,2.0,0.0,41.0,13.813648293963254,0.45149253731343286,1.94750656167979,5.400000000000002,2.013648293963252,1.8999999999999937,1.8635011022320167,3,
1862,200,0.15536159624506227,27.524999999999977,0.14288040419879858,3.0,0.0,41.0,17.544256120527308,0.3207070707070707,4.730696798493408,6.900000000000002,2.922222222222222,2.6999999999999966,3.360987019435388,2,
1863,200,0.15520631230372822,23.399999999999967,0.14288268057383896,2.0,1.0,43.0,18.53913043478261,0.46341463414634143,0.5673913043478261,7.100000000000042,2.9336956521739186,2.1999999999999895,4.615125544071619,3,
1864,200,0.15505118356871936,30.27499999999998,0.14287616860561056,2.0,0.0,40.0,16.03488372093023,0.23611111111111116,6.705980066445183,5.099999999999996,1.9586378737541494,1.6999999999999984,1.30063495611239,2,
1865,200,0.15489620988490704,25.549999999999976,0.14287078806157444,3.0,0.0,51.0,15.846638655462185,0.3521505376344086,2.792016806722689,11.600000000000039,3.1773109243697535,1.2999999999999996,11.037054926624814,3,
1866,200,0.1547413910973175,28.649999999999977,0.14286467387807245,2.0,0.0,45.0,15.632203389830508,0.21226415094339623,4.127118644067797,8.100000000000025,2.3127118644067792,1.499999999999999,4.093934915067285,3,
1867,200,0.15458672705113194,23.224999999999966,0.14285581601537733,2.0,0.0,42.0,19.585972850678733,0.4695121951219512,2.246606334841629,7.900000000000027,3.3524886877828095,3.0999999999999925,4.766273859430941,2,
1868,200,0.15443221759168632,24.674999999999976,0.14285417021400398,2.0,0.0,44.0,16.286792452830188,0.32894736842105265,3.341509433962264,7.3000000000000185,2.4816981132075466,1.8999999999999997,3.2693559250834068,3,
1869,200,0.15427786256447115,20.349999999999987,0.14284818187381412,2.0,0.0,48.0,15.82620320855615,0.46232876712328763,0.6871657754010695,10.600000000000039,3.391711229946533,1.7,9.693342841823132,3,
1870,200,0.1541236618151314,26.349999999999973,0.14283625581894113,2.0,0.0,41.0,17.357400722021662,0.28500000000000003,6.736462093862816,7.400000000000012,2.8723826714801493,2.099999999999995,4.016163726113132,2,
1871,200,0.15396961518946634,33.49999999999996,0.14282406036047296,2.0,1.0,38.0,17.691176470588236,0.16129032258064524,6.325,4.599999999999997,2.0705882352941147,1.7999999999999992,1.429196862449961,1,
1872,200,0.15381572253342926,18.89999999999998,0.14282202182879333,4.0,0.0,49.0,17.338323353293415,0.5485074626865671,1.1347305389221556,10.400000000000045,4.052095808383245,4.750000000000006,11.532658867823141,3,
1873,200,0.15366198369312759,21.67499999999996,0.14281345128157366,2.0,0.0,41.0,18.816279069767443,0.5,1.4023255813953488,5.900000000000013,2.6772093023255783,2.5999999999999925,1.8914908139038107,2,
1874,200,0.15350839851482234,23.12499999999997,0.14280797810715107,2.0,0.0,37.0,17.988142292490117,0.3567415730337079,5.440711462450593,6.300000000000004,2.9385375494071164,3.1000000000000125,2.3266859999609495,2,
1875,200,0.15335496684492847,29.849999999999955,0.1427996623335909,3.0,0.0,38.0,18.266768292682926,0.19396551724137923,7.172256097560975,5.100000000000001,2.3246951219512177,2.3000000000000016,1.4920155692658035,1,
1876,200,0.15320168853001417,28.849999999999966,0.14278459545113187,4.0,1.0,44.0,17.823091247672252,0.3431372549019608,3.106145251396648,7.200000000000024,2.959404096834264,2.5999999999999956,3.179294096432349,2,
1877,200,0.1530485634168012,26.69999999999999,0.14277888653733173,2.0,0.0,40.0,16.255474452554743,0.3005050505050505,6.16970802919708,5.099999999999992,2.1456204379562,1.999999999999991,1.1116086086386021,2,
1878,200,0.15289559135216438,25.52499999999999,0.14277546506833205,11.0,1.0,43.0,15.120553359683795,0.3055555555555556,3.027667984189723,9.400000000000007,2.4274703557312245,1.299999999999998,6.481820102720344,3,
1879,200,0.15274277218313168,18.524999999999984,0.14277126764363982,4.0,0.0,49.0,18.220394736842106,0.5806451612903226,0.3190789473684211,11.400000000000036,4.44111842105264,4.1,12.41525282692212,3,
1880,200,0.15259010575688386,24.549999999999976,0.14276608092568258,6.0,1.0,50.0,15.959514170040485,0.3078947368421052,5.445344129554656,11.200000000000038,3.273481781376523,1.6999999999999997,9.598506156903793,3,
1881,200,0.15243759192075454,28.549999999999958,0.14275968079740112,2.0,0.0,48.0,16.573426573426573,0.30660377358490565,4.283216783216783,9.600000000000032,2.3702797202797212,1.4999999999999973,4.619795160506538,3,
1882,200,0.1522852305222298,23.549999999999965,0.14275120092260363,2.0,0.0,43.0,18.410714285714285,0.47560975609756095,1.7098214285714286,7.800000000000022,2.7216517857142866,1.7999999999999974,5.0846681414827195,2,
1883,200,0.15213302140894833,25.074999999999967,0.1427500511665911,2.0,0.0,42.0,18.272331154684096,0.45114942528735635,1.6405228758169934,6.300000000000011,2.717864923747276,2.7999999999999985,2.3470993924435217,2,
1884,200,0.1519809644287009,30.19999999999995,0.14274409655699005,2.0,0.0,44.0,19.363636363636363,0.26724137931034486,4.96969696969697,7.500000000000008,2.7408293460925015,2.699999999999991,2.187461335748156,1,
1885,200,0.1518290594294306,26.449999999999974,0.14273921891777666,2.0,0.0,44.0,17.076648841354725,0.31499999999999995,4.420677361853833,7.800000000000024,2.569696969696969,1.9999999999999991,3.4163474834773973,3,
1886,200,0.15167730625923234,27.42499999999997,0.14273141255105593,2.0,1.0,42.0,16.256317689530686,0.3112244897959183,4.1859205776173285,6.1000000000000085,2.0817689530685892,1.7499999999999956,2.140920091882116,2,
1887,200,0.15152570476635302,29.399999999999956,0.14272878923376547,2.0,0.0,41.0,17.977900552486187,0.3422330097087378,3.41804788213628,6.50000000000001,2.641068139963168,1.9999999999999956,3.093333107228144,2,
1888,200,0.1513742547991911,18.474999999999984,0.14272034525807337,1.0,1.0,44.0,15.248502994011975,0.532258064516129,0.592814371257485,7.400000000000025,2.7982035928143736,1.9999999999999987,4.836866478418743,3,
1889,200,0.15122295620629655,28.19999999999996,0.14271354606926334,2.0,0.0,45.0,17.9672131147541,0.34615384615384615,2.105646630236794,7.800000000000037,2.8225865209471794,2.0,4.739432714001362,2,
1890,200,0.15107180883637084,26.049999999999976,0.14270828270039213,2.0,0.0,38.0,16.717514124293785,0.32446808510638303,5.16195856873823,4.999999999999992,2.3075329566854954,2.399999999999999,1.1955407149950306,2,
1891,200,0.15092081253826656,24.399999999999977,0.14270350031377566,2.0,1.0,40.0,16.444444444444443,0.3522727272727273,3.4541910331384016,5.300000000000003,2.2826510721247577,1.9999999999999996,2.0078352991245296,3,
1892,200,0.15076996716098734,20.34999999999999,0.14270056537478687,6.0,0.0,40.0,13.297560975609755,0.40492957746478875,1.4,4.999999999999999,1.6860975609756073,1.2999999999999985,1.4637422590259273,3,
1893,200,0.15061927255368793,27.44999999999996,0.14269729164827313,3.0,0.0,40.0,18.057657657657657,0.32843137254901966,4.531531531531532,7.400000000000001,2.591531531531533,2.1999999999999966,3.0241723372204916,2,
1894,200,0.15046872856567356,24.624999999999957,0.14269373000451735,2.0,0.0,43.0,18.604790419161677,0.4111111111111111,2.467065868263473,8.100000000000033,3.0762475049900235,2.29999999999999,5.295085657370571,2,
1895,200,0.15031833504640033,23.224999999999966,0.14268803336108948,2.0,0.0,45.0,19.331065759637188,0.48809523809523814,1.2267573696145124,9.40000000000002,3.1764172335600915,2.7999999999999927,4.419602632661484,2,
1896,200,0.15016809184547464,24.89999999999997,0.14267882781167546,3.0,0.0,49.0,15.932773109243698,0.37637362637362637,3.3760504201680672,10.50000000000003,2.9340336134453806,1.2999999999999994,8.375727419176917,3,
1897,200,0.15001799881265335,18.049999999999972,0.1426784117651228,2.0,0.0,44.0,16.843575418994412,0.553030303030303,1.3156424581005586,8.200000000000019,3.227374301675981,1.6999999999999995,7.846630306718835,3,
1898,200,0.14986805579784332,24.574999999999978,0.1426770066319797,3.0,0.0,39.0,17.64798206278027,0.44512195121951215,2.309417040358744,4.499999999999993,2.2495515695067207,2.2999999999999927,0.9586032727546888,2,
1899,200,0.14971826265110164,28.47499999999996,0.1426755931854259,2.0,1.0,37.0,19.0935960591133,0.26869158878504673,7.683087027914614,4.0999999999999925,2.3474548440065615,2.399999999999996,0.6147119283865365,1,
1900,200,0.14956861922263504,29.724999999999955,0.14266563865168042,2.0,0.0,36.0,18.654028436018958,0.21846846846846857,7.807266982622433,4.799999999999999,2.3778830963665056,2.499999999999991,1.239703509962862,1,
1901,200,0.14941912536280016,19.549999999999986,0.1426712101005784,5.0,0.0,47.0,14.869918699186991,0.454225352112676,1.9593495934959348,9.100000000000028,2.8791327913279163,1.8999999999999995,6.090584900117541,3,
1902,200,0.14926978092210305,25.824999999999974,0.14266717034227652,2.0,0.0,40.0,17.232824427480917,0.32894736842105265,3.5801526717557253,5.5000000000000195,2.6950381679389332,2.7499999999999964,2.6788019302558603,2,
1903,200,0.14912058575119935,29.574999999999974,0.14267679235985983,2.0,1.0,35.0,17.084577114427862,0.265,3.08955223880597,3.099999999999993,1.4180762852404596,1.3999999999999928,0.3673857010846839,2,
1904,200,0.1489715397008938,28.47499999999997,0.14267372067325135,3.0,0.0,42.0,17.34949494949495,0.39583333333333337,1.1131313131313132,6.300000000000002,2.409898989898987,2.1999999999999913,2.22332522528405,2,
1905,200,0.14882264262214037,25.74999999999997,0.14266446692448556,2.0,0.0,43.0,16.844919786096256,0.31565656565656564,3.8877005347593583,7.900000000000018,2.3418894830659562,1.2999999999999998,5.115355998983257,3,
1906,200,0.14867389436604195,23.67499999999997,0.14265751686875358,2.0,0.0,39.0,19.32008830022075,0.441358024691358,2.9426048565121414,5.400000000000011,3.3505518763796998,3.8999999999999972,2.156461638922473,2,
1907,200,0.14852529478385032,27.999999999999975,0.14265903754338397,2.0,0.0,38.0,15.52919020715631,0.3236842105263158,2.5819209039548023,3.899999999999989,1.5945386064030092,1.499999999999997,0.7833439494963769,2,
1908,200,0.14837684372696583,19.124999999999986,0.14265678644786123,3.0,0.0,49.0,17.40548780487805,0.5410447761194029,0.3597560975609756,10.400000000000032,4.092378048780497,3.7499999999999982,11.500201239972942,3,
1909,200,0.14822854104693745,22.899999999999984,0.14265290822017057,4.0,1.0,44.0,15.950782997762863,0.4537037037037037,1.657718120805369,7.200000000000015,2.158612975391499,1.1,3.7347487588084616,3,
1910,200,0.14808038659546244,25.649999999999963,0.14264989675428832,4.0,0.0,44.0,19.191082802547772,0.42613636363636365,2.6072186836518045,7.800000000000007,3.502123142250539,3.8999999999999977,4.69751135953843,2,
1911,188,0.1479323802243864,13.424999999999999,0.14264813245718108,17.0,0.0,30.0,12.746428571428572,0,0.1392857142857143,3.9999999999999933,1.5539285714285678,1.249999999999994,1.2138571920560166,4,
1912,200,0.14778452178570287,25.54999999999998,0.14264261143987078,2.0,0.0,38.0,16.42348008385744,0.39117647058823535,1.0125786163522013,4.799999999999999,1.8989517819706483,1.6,1.7076583980872662,2,
1913,200,0.14763681113155347,30.124999999999975,0.1426344135976279,2.0,0.0,41.0,18.651898734177216,0.24145299145299148,7.700949367088608,5.399999999999995,2.366455696202528,2.3999999999999924,1.067674921073646,1,
1914,200,0.14748924811422748,24.57499999999997,0.14262962386912137,1.0,0.0,46.0,17.113978494623655,0.4534883720930233,2.0731182795698926,8.600000000000021,2.3544086021505373,1.3999999999999981,4.613856741157345,3,
1915,200,0.14734183258616193,31.699999999999957,0.142621328981158,2.0,0.0,41.0,17.987460815047022,0.23706896551724133,4.90282131661442,5.599999999999996,2.0249216300940396,1.7999999999999965,1.3678932446940462,1,
1916,200,0.14719456439994122,24.59999999999996,0.14261630745436424,3.0,0.0,43.0,20.493212669683256,0.4602272727272727,2.002262443438914,7.60000000000002,3.8968325791855283,4.250000000000007,4.032725541683975,2,
1917,200,0.1470474434082972,31.04999999999996,0.14260940603691566,2.0,1.0,40.0,18.5518341307815,0.25,5.577352472089315,5.099999999999991,2.2537480063795803,1.9999999999999978,1.3886457845790665,1,
1918,200,0.1469004694641088,27.49999999999997,0.14260807141599885,2.0,0.0,42.0,18.19493177387914,0.36734693877551017,2.8362573099415203,7.000000000000024,3.0779727095516596,3.0999999999999948,3.7163515321011884,2,
1919,200,0.14675364242040215,21.749999999999968,0.142600705176561,2.0,1.0,40.0,18.37906976744186,0.4967532467532467,1.8348837209302327,6.1999999999999975,2.414883720930231,2.0999999999999925,2.582350580587245,2,
1920,200,0.14660696213035015,27.099999999999973,0.14259727424982663,2.0,0.0,40.0,17.226120857699804,0.3351063829787234,2.335282651072125,6.000000000000007,2.6662768031189095,2.599999999999992,3.169186679231528,2,
1921,200,0.14646042844727247,24.949999999999967,0.14259411128583208,2.0,0.0,42.0,20.121559633027523,0.4767441860465116,2.282110091743119,6.399999999999999,3.5561926605504635,3.799999999999992,2.68481522396698,2,
1922,200,0.14631404122463545,30.82499999999997,0.14258846963813504,2.0,0.0,43.0,17.604068857589983,0.24557522123893816,3.6338028169014085,7.0000000000000036,2.0837245696400584,1.9,1.9515395768025068,2,
1923,200,0.14616780031605184,24.54999999999997,0.14258503405500145,2.0,0.0,42.0,18.77777777777778,0.47891566265060237,1.4126984126984128,6.4000000000000155,2.821315192743765,2.4999999999999907,2.853075071986858,2,
1924,200,0.14602170557528074,25.22499999999997,0.14257668206958465,2.0,0.0,43.0,19.193478260869565,0.452247191011236,2.4695652173913043,8.000000000000009,3.279347826086955,3.1999999999999984,3.4953943544156716,2,
1925,200,0.14587575685622736,21.49999999999997,0.14257546706984692,2.0,0.0,36.0,18.12558139534884,0.476027397260274,2.4139534883720932,4.800000000000002,2.271162790697672,2.299999999999998,1.1002906451630388,2,
1926,200,0.14572995401294303,22.54999999999997,0.14256830518203994,2.0,0.0,39.0,18.84433962264151,0.4967532467532467,1.990566037735849,5.499999999999992,2.5870283018867872,2.499999999999999,1.0924557363370841,2,
1927,200,0.14558429689962482,20.124999999999975,0.14256445757533612,4.0,0.0,47.0,19.03072625698324,0.5760869565217391,1.0083798882681565,10.700000000000026,4.221229050279334,2.499999999999999,10.80806941160872,3,
1928,200,0.1454387853706157,26.89999999999997,0.1425556354048496,2.0,0.0,47.0,17.19890510948905,0.32843137254901966,4.604014598540146,9.400000000000022,2.7445255474452557,1.9999999999999951,5.311940273656971,2,
1929,200,0.145293419280404,24.274999999999977,0.14254885234626688,2.0,0.0,39.0,17.630573248407643,0.41279069767441856,2.0127388535031847,6.100000000000002,2.5237791932059426,2.399999999999996,2.1658986657050168,2,
1930,200,0.14514819848362373,25.499999999999975,0.14254152358879213,2.0,0.0,39.0,16.822222222222223,0.3879310344827587,1.5313131313131314,5.199999999999997,2.1650505050505044,1.7999999999999967,1.980099745331084,2,
1931,200,0.145003122835054,20.499999999999975,0.14253182155933936,3.0,0.0,48.0,17.43979057591623,0.5202702702702703,0.9973821989528796,10.200000000000028,3.736125654450267,2.599999999999996,9.838657648211788,3,
1932,200,0.14485819218961926,24.449999999999964,0.14253036764229002,3.0,0.0,47.0,16.534412955465587,0.34782608695652173,2.9493927125506074,9.600000000000023,3.152024291497978,1.6999999999999997,8.149452373634977,3,
1933,200,0.14471340640238872,23.79999999999996,0.1425222571032558,3.0,0.0,48.0,20.147058823529413,0.5,2.9638009049773757,9.900000000000016,3.680995475113125,3.2000000000000117,6.037000046068101,2,
1934,200,0.14456876532857668,23.89999999999997,0.14251626283203273,2.0,0.0,42.0,16.75311203319502,0.4051724137931034,2.5767634854771786,6.600000000000014,2.137551867219916,1.699999999999992,2.8294111646285707,2,
1935,200,0.14442426882354198,21.649999999999974,0.1425085645209667,4.0,0.0,46.0,16.097727272727273,0.39634146341463417,2.175,9.400000000000025,3.2559090909090935,2.149999999999997,7.291457290585221,3,
1936,200,0.14427991674278817,22.54999999999996,0.14250220356663706,2.0,0.0,46.0,18.17687074829932,0.46341463414634143,1.6961451247165533,9.500000000000025,3.3628117913832254,1.4999999999999964,10.323205265322967,3,
1937,200,0.1441357089419631,28.974999999999962,0.14249113816651776,2.0,0.0,45.0,17.283227848101266,0.23230088495575218,5.920886075949367,8.100000000000017,2.348417721518985,1.7999999999999912,3.020891135462916,3,
1938,200,0.143991645276859,25.724999999999966,0.1424882225187699,3.0,0.0,43.0,20.388505747126437,0.47413793103448276,4.314942528735632,7.100000000000003,3.7160919540229918,3.9999999999999942,4.13019965754875,2,
1939,200,0.14384772560341216,21.424999999999972,0.1424860953741146,3.0,1.0,47.0,18.328798185941043,0.4668674698795181,2.741496598639456,9.300000000000042,3.7519274376417293,2.5999999999999988,7.400448169477643,3,
1940,200,0.14370394977770293,30.849999999999966,0.1424903986358449,2.0,0.0,43.0,17.13029315960912,0.25442477876106195,6.252442996742671,7.300000000000009,2.3190553745928315,1.8999999999999917,2.813699730765666,2,
1941,200,0.14356031765595542,32.29999999999997,0.14248673947257867,2.0,0.0,39.0,17.025352112676057,0.1140000000000001,7.77887323943662,5.200000000000013,1.9463380281690146,1.499999999999997,1.778518287082509,2,
1942,200,0.14341682909453757,29.649999999999963,0.14248945449201875,2.0,0.0,39.0,18.05736434108527,0.22297297297297303,5.289922480620155,6.199999999999997,2.1252713178294527,1.7999999999999994,1.6698614983750935,1,
1943,200,0.14327348394996073,28.89999999999995,0.14248714940393478,2.0,0.0,40.0,19.950738916256157,0.277027027027027,6.559934318555008,6.8999999999999995,2.8617405582922815,2.999999999999995,2.537081643658327,1,
1944,200,0.14313028207887982,23.449999999999978,0.1424857709996461,4.0,0.0,45.0,15.497872340425532,0.34883720930232553,3.3127659574468087,8.300000000000013,2.8534042553191497,1.8999999999999984,6.083281907115945,3,
1945,200,0.14298722333809288,24.524999999999963,0.14248511179034667,2.0,0.0,40.0,19.176744186046513,0.4817073170731707,0.6883720930232559,5.8000000000000105,2.8934883720930245,3.2999999999999954,2.5193200612226234,2,
1946,200,0.14284430758454122,24.374999999999982,0.14248222127235644,6.0,0.0,45.0,14.748134328358208,0.21907216494845372,6.227611940298507,8.300000000000011,2.3548507462686543,1.7999999999999976,3.6095412729076455,3,
1947,200,0.14270153467530902,16.34999999999998,0.14248228231044077,3.0,0.0,47.0,19.09157509157509,0.6136363636363636,0.27106227106227104,10.100000000000033,4.550915750915759,4.699999999999998,11.302943860025831,3,
1948,200,0.14255890446762343,25.749999999999968,0.14247548209402497,2.0,0.0,40.0,17.980434782608697,0.43023255813953487,1.7043478260869565,6.300000000000001,2.6297826086956495,2.599999999999996,2.57236428338508,2,
1949,200,0.14241641681885414,33.27499999999997,0.1424709322834247,2.0,0.0,36.0,17.27742946708464,0.2139639639639639,3.333855799373041,3.5999999999999885,1.5989028213166097,1.5999999999999936,0.4285735168028909,1,
1950,200,0.1422740715865136,22.674999999999983,0.1424686162697863,3.0,0.0,46.0,15.968253968253968,0.4085365853658537,2.0385487528344672,9.200000000000026,2.9941043083900256,1.3999999999999964,8.255336487042413,3,
1951,200,0.1421318686282564,30.97499999999996,0.14246764634354575,2.0,0.0,37.0,19.276422764227643,0.24549549549549554,7.669918699186992,4.399999999999998,2.5416260162601563,2.5999999999999903,0.7772611997123366,1,
1952,200,0.14198980780187978,22.249999999999968,0.1424638723636728,2.0,0.0,40.0,20.62264150943396,0.49375,4.139150943396227,7.400000000000004,3.6540094339622664,3.5999999999999983,4.003119399249077,2,
1953,200,0.14184788896532272,25.39999999999996,0.14246109102314522,3.0,0.0,42.0,18.9281045751634,0.43965517241379315,3.161220043572985,6.6000000000000325,3.1871459694989124,2.8999999999999893,2.8397828934877807,2,
1954,200,0.1417061119766665,24.574999999999974,0.14245819381680186,3.0,0.0,39.0,18.094252873563217,0.46604938271604934,1.903448275862069,5.199999999999993,2.3395402298850527,2.5999999999999917,1.4818007229526833,2,
1955,200,0.14156447669413402,31.849999999999973,0.142454213933022,1.0,0.0,37.0,17.737520128824478,0.24532710280373826,3.65378421900161,3.899999999999996,1.6953301127214118,1.5999999999999925,0.5497863810807995,1,
1956,200,0.14142298297609007,26.89999999999998,0.14244824885446392,3.0,0.0,48.0,15.529644268774703,0.31842105263157894,2.1956521739130435,10.900000000000025,2.7654150197628478,1.2999999999999994,8.959649149530378,3,
1957,200,0.14128163068104085,34.09999999999995,0.1424411248047589,2.0,0.0,39.0,18.64264705882353,0.1626984126984128,7.223529411764706,5.799999999999993,2.6414705882352916,2.7999999999999945,1.856166557453626,1,
1958,200,0.1411404196676341,21.574999999999985,0.14243655082024234,4.0,0.0,47.0,15.38199513381995,0.39743589743589747,1.4476885644768855,10.00000000000003,3.2002433090024374,1.1999999999999995,11.443303694056413,3,
1959,200,0.14099934979465875,17.174999999999983,0.1424294469305301,4.0,0.0,48.0,18.417763157894736,0.5942622950819673,0.3026315789473684,10.600000000000035,4.464802631578956,3.8499999999999988,12.28445328139379,3,
1960,200,0.140858420921045,23.599999999999973,0.1424233652648901,4.0,1.0,42.0,16.30188679245283,0.36904761904761907,2.018867924528302,6.90000000000003,2.715303983228514,2.2999999999999954,3.4258395450230594,3,
1961,200,0.14071763290586387,22.474999999999973,0.14242073130281216,3.0,0.0,49.0,16.985436893203882,0.45625000000000004,0.5218446601941747,10.70000000000004,3.7546116504854434,1.649999999999998,12.850952498777648,3,
1962,200,0.1405769856083274,15.87499999999998,0.14242097841558024,6.0,0.0,46.0,17.3,0.6227272727272727,0.11071428571428571,9.100000000000025,3.559642857142861,2.749999999999997,7.577575096621162,3,
1963,200,0.1404364788877882,25.89999999999997,0.1424139913617575,2.0,0.0,45.0,18.15483870967742,0.43333333333333335,1.2086021505376343,8.50000000000003,2.813763440860218,1.699999999999998,6.290162239159427,2,
1964,200,0.14029611260373964,20.074999999999985,0.1424129273327211,3.0,0.0,47.0,16.264,0.5,1.2426666666666666,9.40000000000004,3.3522666666666745,2.099999999999999,7.408414210945567,3,
1965,200,0.14015588661581535,29.474999999999966,0.1424100816759059,2.0,0.0,40.0,17.780656303972368,0.3137254901960784,2.602763385146805,5.299999999999994,2.007426597582034,1.7999999999999954,1.353403114186851,2,
1966,200,0.1400158007837894,24.99999999999996,0.14240662105331314,2.0,0.0,41.0,19.941860465116278,0.47619047619047616,1.0,6.400000000000027,3.3609302325581414,3.399999999999995,2.9646756337243763,2,
1967,200,0.13987585496757585,14.74999999999998,0.14240039001953136,4.0,0.0,44.0,17.0,0.6519607843137255,0.14606741573033707,8.300000000000013,3.1262172284644207,2.199999999999998,6.463448266187879,3,
1968,200,0.13973604902722894,35.024999999999956,0.14239513709217222,2.0,0.0,45.0,17.110795454545453,0.15697674418604657,6.298295454545454,7.900000000000004,2.006818181818177,1.5999999999999976,1.9307528626050472,2,
1969,200,0.1395963828229427,25.649999999999963,0.1423886049995144,2.0,0.0,46.0,20.764150943396228,0.5086206896551724,2.599056603773585,8.70000000000003,3.7389150943396277,4.099999999999996,4.294382144347127,2,
1970,200,0.13945685621505094,21.099999999999984,0.14238534528883565,8.0,0.0,47.0,17.114973262032084,0.48611111111111116,0.9438502673796791,11.00000000000003,3.9724598930481343,1.2999999999999998,14.480815656836546,3,
1971,200,0.13931746906402698,26.949999999999967,0.14238348420072067,2.0,0.0,42.0,17.411428571428573,0.3427835051546392,2.8704761904761904,7.000000000000031,2.775619047619049,2.4999999999999907,3.8430385597771117,2,
1972,200,0.13917822123048373,31.399999999999956,0.14237688837269646,2.0,0.0,47.0,18.148717948717948,0.32727272727272727,2.6256410256410256,9.200000000000024,2.4652991452991446,1.3999999999999955,6.301668965356048,2,
1973,200,0.13903911257517326,18.249999999999986,0.14237582481909208,4.0,1.0,46.0,16.38486842105263,0.5635593220338984,0.17763157894736842,9.300000000000026,3.353618421052636,2.3999999999999977,7.885006438348796,3,
1974,200,0.138900142958987,26.974999999999987,0.14237361382147312,2.0,0.0,39.0,15.77859778597786,0.2978723404255319,3.0719557195571956,4.399999999999988,1.8920664206642024,1.7999999999999978,1.0811031001181153,2,
1975,200,0.13876131224295524,23.274999999999963,0.14237494266013043,3.0,0.0,44.0,20.509302325581395,0.5,2.974418604651163,7.800000000000016,3.693023255813957,3.6999999999999984,3.536156496249321,2,
1976,200,0.13862262028824732,31.32499999999995,0.14237610880999088,2.0,0.0,43.0,19.36945812807882,0.2954545454545454,2.8095238095238093,8.20000000000001,2.512972085385875,1.7999999999999967,3.692403257118225,1,
1977,200,0.13848406695617121,20.149999999999984,0.14238040167004237,6.0,1.0,50.0,18.04804804804805,0.5367647058823529,1.3273273273273274,11.80000000000004,4.5543543543543645,3.9999999999999987,14.71450562729972,3,
1978,200,0.13834565210817362,27.774999999999974,0.14237395461824662,2.0,0.0,46.0,15.750830564784053,0.1811926605504588,6.677740863787376,8.700000000000024,2.398172757475083,1.6999999999999993,4.212782372110634,3,
1979,200,0.13820737560583965,18.39999999999998,0.1423738645416797,3.0,0.0,46.0,17.183183183183182,0.5546875,1.4444444444444444,8.800000000000045,3.8426426426426548,4.3,8.110146634442035,3,
1980,200,0.13806923731089282,22.599999999999977,0.142369952188858,4.0,0.0,49.0,17.20095693779904,0.49691358024691357,2.251196172248804,10.400000000000029,3.184688995215314,1.6499999999999988,8.380004922076697,3,
1981,200,0.13793123708519478,25.52499999999996,0.1423601576238466,3.0,0.0,43.0,19.35774058577406,0.40384615384615385,1.4518828451882846,8.20000000000003,3.6786610878661143,3.7,5.559987395123526,2,
1982,200,0.13779337479074535,35.52499999999996,0.1423465577350663,2.0,0.0,39.0,17.58100558659218,0.12404580152671763,5.815642458100559,5.700000000000006,1.9790502793296085,1.6499999999999957,1.416351581472926,1,
1983,200,0.13765565028968216,30.72499999999996,0.14234515052599622,2.0,1.0,41.0,19.0623973727422,0.2767857142857143,7.241379310344827,5.599999999999987,2.328735632183902,2.399999999999991,0.9290454055219971,1,
1984,200,0.13751806344428075,23.19999999999996,0.14234759109865097,3.0,0.0,47.0,20.89858490566038,0.5304878048780488,0.5801886792452831,9.300000000000034,3.8195754716981165,3.599999999999996,4.947828285356734,2,
1985,200,0.13738061411695424,16.37499999999999,0.14234238050226058,2.0,0.0,42.0,14.572815533980583,0.5714285714285714,0.8543689320388349,6.400000000000012,2.1372168284789637,1.4000000000000004,3.103210515291167,3,
1986,200,0.13724330217025332,19.97499999999998,0.14233667623081342,2.0,0.0,42.0,15.015,0.47535211267605637,2.035,6.200000000000023,2.2067500000000018,1.299999999999998,3.4703511271945593,3,
1987,200,0.13710612746686596,23.62499999999998,0.14233226597701762,7.0,0.0,50.0,15.910344827586206,0.3970588235294118,1.928735632183908,10.800000000000033,3.3367816091954046,1.9999999999999956,9.932906502346478,3,
1988,200,0.13696908986961753,25.34999999999997,0.14233268417175832,3.0,0.0,44.0,16.25672877846791,0.4051724137931034,1.556935817805383,7.200000000000027,2.3182194616977227,1.7999999999999945,3.1931807036795936,3,
1989,200,0.13683218924147036,30.37499999999997,0.14232612992319504,3.0,0.0,43.0,16.981785063752277,0.3160377358490566,2.1602914389799635,7.700000000000007,2.5329690346083793,2.699999999999999,3.4524581950895876,2,
1990,200,0.13669542544552385,31.399999999999956,0.14231209920834406,2.0,0.0,40.0,19.55609756097561,0.25877192982456143,3.6260162601626016,5.099999999999996,2.7094308943089374,2.7999999999999967,1.1784507593383766,1,
1991,200,0.13655879834501417,30.249999999999943,0.14230019271021005,2.0,0.0,41.0,20.82758620689655,0.2804347826086957,6.433497536945813,6.900000000000015,3.3878489326765213,3.5999999999999983,2.1963114754098476,1,
1992,200,0.13642230780331424,32.624999999999964,0.14229272262555448,2.0,0.0,38.0,18.263975155279503,0.2072649572649572,3.5869565217391304,4.399999999999992,2.241304347826082,2.2999999999999985,0.9613086910918978,1,
1993,200,0.13628595368393343,26.849999999999966,0.14229327423357255,3.0,0.0,41.0,18.243951612903224,0.3897849462365591,4.637096774193548,6.900000000000009,3.020766129032262,3.299999999999998,3.6928700688982556,2,
1994,200,0.1361497358505177,26.64999999999997,0.14228659596253143,2.0,0.0,42.0,16.74074074074074,0.3521505376344086,2.419103313840156,6.70000000000001,2.3692007797270946,2.1999999999999984,2.6534084691147926,2,
1995,200,0.13601365416684916,22.849999999999977,0.14228066020605545,2.0,0.0,47.0,17.940047961630697,0.5158227848101266,0.9664268585131894,9.100000000000014,2.895923261390884,2.3999999999999937,3.7768156514538216,3,
1996,200,0.13587770849684613,19.874999999999986,0.1422767055048539,4.0,1.0,38.0,12.858156028368795,0.29929577464788737,1.8203309692671394,5.199999999999996,1.7704491725768299,1.1999999999999997,1.714479120092994,3,
1997,200,0.13574189870456288,18.399999999999984,0.14227617921543245,4.0,0.0,47.0,15.958064516129033,0.5778688524590164,0.1774193548387097,9.000000000000018,3.0380645161290323,2.1999999999999975,6.9785591941643705,3,
1998,200,0.1356062246541897,24.47499999999996,0.14227261423674742,2.0,0.0,42.0,18.912946428571427,0.47023809523809523,0.7924107142857143,6.300000000000031,2.9908482142857165,2.7999999999999945,2.7880328146565105,2,
1999,200,0.13547068621005243,32.349999999999966,0.14226275524193233,2.0,0.0,38.0,17.990853658536587,0.19537815126050417,5.190548780487805,4.699999999999995,2.159146341463409,2.1999999999999993,1.063394425273332,1,
2000,200,0.1353352832366127,28.74999999999998,0.1422530404117781,2.0,0.0,43.0,15.295302013422818,0.21666666666666656,4.543624161073826,6.800000000000015,1.9607382550335546,1.3999999999999975,2.4560157651000183,3,
2001,200,0.13520001559846748,28.274999999999956,0.14224941243280728,2.0,0.0,44.0,18.184801381692573,0.3317307692307693,3.231433506044905,7.200000000000025,2.249913644214162,1.6,2.912560493974484,2,
2002,200,0.13506488316034906,34.674999999999976,0.14224174106677065,2.0,0.0,38.0,17.627027027027026,0.10114503816793885,8.3,4.599999999999994,1.8937837837837785,1.699999999999996,1.0967471452650548,1,
2003,200,0.13492988578712511,28.274999999999963,0.14223871009382388,2.0,0.0,41.0,17.24858757062147,0.31999999999999995,3.608286252354049,6.2000000000000055,2.741431261770248,2.7999999999999945,3.0635673854447534,2,
2004,200,0.1347950233437982,36.799999999999955,0.14222836564408617,2.0,0.0,38.0,18.85125,0.01573426573426584,9.93125,5.499999999999996,2.0607499999999965,1.8999999999999966,1.3047114761116814,0,
2005,200,0.13466029569550586,23.924999999999983,0.14222661193965902,6.0,0.0,45.0,14.995753715498939,0.39534883720930236,2.008492569002123,8.199999999999996,1.8473460721868327,1.3999999999999981,2.11681247746123,3,
2006,200,0.1345257027075204,15.84999999999998,0.14222388157438468,5.0,0.0,48.0,18.776951672862452,0.65,0.048327137546468404,10.300000000000024,4.25613382899629,3.499999999999996,10.405059701492593,3,
2007,200,0.1343912442452489,20.249999999999975,0.14222355764849745,4.0,0.0,49.0,17.983425414364643,0.5069444444444444,1.7486187845303867,11.600000000000032,4.485359116022106,2.799999999999999,14.665339545034918,3,
2008,200,0.13425692017423285,33.82499999999995,0.14221135425973,2.0,0.0,40.0,18.75,0.23305084745762716,4.033227848101266,5.9000000000000234,2.4253164556962026,1.9999999999999947,2.2463267263027094,1,
2009,200,0.13412273036014816,29.824999999999964,0.1422030864174713,2.0,0.0,49.0,17.722033898305085,0.3125,4.203389830508475,10.20000000000004,2.6330508474576306,1.3999999999999957,6.342502133013938,2,
2010,200,0.13398867466880493,29.84999999999997,0.14219203372238237,2.0,0.0,38.0,17.047231270358306,0.25,4.074918566775244,3.8999999999999986,1.8236156351791486,1.8999999999999964,0.7622944866642763,2,
2011,200,0.13385475296614763,30.374999999999954,0.1421840561773728,2.0,0.0,42.0,18.102966841186735,0.3214285714285714,2.856893542757417,5.999999999999995,2.4331588132635193,2.499999999999997,1.1765306035427938,2,
2012,200,0.1337209651182544,32.47499999999996,0.14217176430545275,3.0,0.0,39.0,19.309904153354633,0.23290598290598297,5.388178913738019,5.799999999999996,2.6972843450479203,2.899999999999993,1.3994370909090894,1,
2013,200,0.13358731099133747,24.24999999999997,0.14216442760047404,3.0,0.0,39.0,17.474,0.3567415730337079,3.916,6.3000000000000025,2.7272000000000003,2.899999999999996,2.2481091524366135,2,
2014,200,0.1334537904517426,29.92499999999996,0.1421547853148614,2.0,0.0,45.0,18.36239316239316,0.32547169811320753,3.128205128205128,7.900000000000013,2.440683760683758,2.0999999999999988,2.2938045256907813,2,
2015,200,0.13332040336594936,33.09999999999995,0.14214578438036096,2.0,0.0,40.0,19.20392749244713,0.1865079365079365,8.238670694864048,6.100000000000002,2.91858006042296,2.9999999999999973,1.9240549421211568,1,
2016,200,0.1331871496005706,25.149999999999967,0.14213854901715203,2.0,0.0,43.0,18.073660714285715,0.4651162790697675,1.1071428571428572,6.800000000000011,2.5194196428571405,2.6999999999999944,2.694033621819306,2,
2017,200,0.13305402902235253,37.47499999999995,0.14213517374627055,2.0,0.0,39.0,18.96125,0.029720279720279796,8.7625,4.7999999999999945,2.1267499999999955,1.9999999999999918,1.0239860374781826,0,
2018,200,0.13292104149817452,23.599999999999962,0.1421305126959435,2.0,0.0,41.0,20.587264150943398,0.49390243902439024,1.705188679245283,6.0000000000000036,3.632783018867928,3.699999999999999,2.1596684188569144,2,
2019,200,0.13278818689504915,24.199999999999967,0.1421283029699356,3.0,0.0,42.0,19.34862385321101,0.47619047619047616,4.325688073394495,6.800000000000016,3.1089449541284404,3.2999999999999927,2.6762414056129913,2,
2020,200,0.13265546508012172,28.774999999999977,0.14212438957959375,2.0,0.0,39.0,16.34046052631579,0.21759259259259256,5.916118421052632,5.0,2.172697368421051,1.8999999999999986,1.5355087201045312,2,
2021,200,0.13252287592067044,25.299999999999972,0.1421177995501873,3.0,0.0,45.0,17.66262626262626,0.3897849462365591,3.0383838383838384,8.10000000000002,2.8098989898989917,2.699999999999993,4.411536176048085,2,
2022,200,0.13239041928410605,28.02499999999997,0.14210827972993523,2.0,0.0,37.0,17.21812080536913,0.26960784313725494,6.008389261744966,4.399999999999995,1.8882550335570414,1.7999999999999983,0.8415758343538406,2,
2023,200,0.13225809503797206,19.07499999999998,0.14210574812118304,6.0,0.0,46.0,18.276470588235295,0.5606060606060606,0.5088235294117647,9.600000000000033,4.249705882352952,3.9499999999999993,10.511179075943657,3,
2024,200,0.1321259030499441,30.29999999999996,0.14209878920662786,2.0,0.0,37.0,18.35303776683087,0.26415094339622647,1.8719211822660098,4.099999999999995,1.903119868637106,1.699999999999998,0.9282193701466748,1,
2025,200,0.13199384318783022,23.924999999999976,0.14209488422316308,2.0,0.0,40.0,17.867441860465117,0.4871794871794872,0.9023255813953488,4.899999999999994,2.1162790697674354,1.9999999999999984,0.8566698575979284,2,
2026,200,0.13186191531957048,39.474999999999945,0.14208661681462698,2.0,0.0,39.0,18.5775,0.02083333333333326,5.52,4.899999999999995,1.8964999999999963,1.5999999999999983,1.1146894917023276,0,
2027,200,0.13173011931323708,32.32499999999995,0.142079911238274,2.0,0.0,43.0,18.516746411483254,0.24583333333333335,4.748006379585327,7.199999999999995,3.003030303030304,2.799999999999997,3.3535719155084434,2,
2028,200,0.131598455037034,25.099999999999987,0.1420714201133662,4.0,0.0,48.0,15.648221343873518,0.31842105263157894,5.067193675889328,10.100000000000026,2.8365612648221368,1.6999999999999975,6.468668775753352,3,
2029,200,0.13146692235929688,31.82499999999996,0.14206863084751783,2.0,0.0,41.0,19.804878048780488,0.2585470085470085,5.442276422764228,6.200000000000002,2.8586991869918643,2.899999999999994,1.2386227209272795,1,
2030,200,0.13133552114849303,36.44999999999995,0.14206243462673718,2.0,0.0,42.0,18.293147208121827,0.06428571428571428,10.550761421319796,6.099999999999997,1.8690355329949173,1.6999999999999926,1.0318601224266943,1,
2031,200,0.13120425127322136,21.22499999999998,0.14205693215974857,1.0,0.0,51.0,17.606299212598426,0.45779220779220775,2.1706036745406823,11.400000000000045,4.50026246719161,2.3999999999999995,15.028528658032617,3,
2032,200,0.13107311260221188,24.349999999999966,0.14204950723014415,2.0,0.0,41.0,19.409302325581397,0.4878048780487805,2.3465116279069766,5.799999999999998,3.033023255813949,3.2999999999999936,1.4598941043488558,2,
2033,200,0.13094210500432593,21.749999999999982,0.14204973997618636,3.0,0.0,47.0,16.68241469816273,0.46232876712328763,0.884514435695538,11.10000000000002,3.837270341207354,1.3999999999999995,14.651047809313932,3,
2034,200,0.13081122834855582,34.099999999999966,0.14204853548284757,2.0,1.0,40.0,18.026178010471206,0.08208955223880587,9.083769633507853,4.899999999999994,1.9520942408376918,1.6999999999999968,1.3403513136141303,1,
2035,200,0.13068048250402503,23.349999999999984,0.14204320539767706,2.0,0.0,37.0,16.295154185022028,0.43181818181818177,0.7951541850220264,3.199999999999986,1.556387665198233,1.6499999999999941,0.46413545836062037,2,
2036,200,0.13054986733998764,33.02499999999997,0.14203704147166088,2.0,0.0,39.0,17.87205882352941,0.16463414634146334,6.277941176470589,5.999999999999997,2.17911764705882,2.0999999999999925,1.3214491380820443,1,
2037,200,0.13041938272582848,33.449999999999974,0.14203470247221855,3.0,0.0,39.0,18.807751937984495,0.20454545454545459,6.044961240310077,5.099999999999997,2.5755038759689888,2.2999999999999945,1.698721852585431,1,
2038,200,0.13028902853106283,26.699999999999967,0.14203095378672734,5.0,0.0,41.0,17.76795580110497,0.3351063829787234,3.167587476979742,6.600000000000015,2.5692449355432765,2.3999999999999972,2.347772954200141,3,
2039,200,0.13015880462533663,22.19999999999998,0.1420300406090191,3.0,0.0,47.0,15.495575221238939,0.3205882352941176,3.65929203539823,9.200000000000038,3.262389380530979,2.0999999999999974,6.954238949012065,3,
2040,200,0.1300287108784259,34.249999999999964,0.14202367354423323,2.0,0.0,38.0,17.15921787709497,0.10317460317460325,5.9972067039106145,5.000000000000016,1.972346368715083,1.649999999999996,1.5273108815870424,2,
2041,200,0.12989874716023692,35.099999999999966,0.1420150956877514,2.0,0.0,43.0,19.07185628742515,0.19573643410852704,7.721556886227545,6.700000000000002,2.864970059880237,2.8999999999999964,2.1846161224320557,1,
2042,200,0.1297689133408058,27.47499999999996,0.14201614360080042,3.0,1.0,45.0,19.232111692844676,0.3136363636363636,6.387434554973822,7.8000000000000265,3.609075043630024,3.8000000000000043,3.7073983942886715,2,
2043,200,0.12963920929029896,27.674999999999976,0.14201860280969814,2.0,0.0,37.0,18.00670016750419,0.27450980392156865,4.373534338358459,4.599999999999998,2.2227805695142324,2.299999999999989,0.8424649839509776,2,
2044,200,0.12950963487901218,35.599999999999966,0.1420163184680136,3.0,0.0,44.0,18.885844748858446,0.21511627906976738,5.453576864535768,7.300000000000003,2.701978691019784,2.699999999999992,2.354354659352064,1,
2045,200,0.12938018997737108,23.999999999999964,0.14200992556495698,2.0,0.0,43.0,20.6061320754717,0.49096385542168675,2.2122641509433962,7.200000000000025,3.6441037735849084,3.8999999999999946,3.220973717146452,2,
2046,200,0.12925087445593067,25.174999999999976,0.14200807499299287,3.0,0.0,42.0,17.918454935622318,0.4241573033707865,3.272532188841202,6.000000000000014,2.676394849785405,2.699999999999994,1.6534847459188147,2,
2047,200,0.12912168818537556,19.749999999999982,0.14200601289464274,3.0,0.0,47.0,16.64804469273743,0.48913043478260865,1.73463687150838,9.800000000000026,3.824022346368721,2.1499999999999995,10.98760921638857,3,
2048,200,0.1289926310365194,20.94999999999998,0.14200502087689532,8.0,0.0,39.0,16.575242718446603,0.4642857142857143,1.0533980582524272,6.000000000000022,2.6347087378640786,2.4999999999999964,3.124469050270133,3,
2049,200,0.12886370288030502,34.49999999999996,0.1419994660919398,3.0,0.0,41.0,18.539835164835164,0.13167938931297707,6.512362637362638,6.000000000000009,2.5068681318681314,2.299999999999995,2.0780886179368063,2,
2050,200,0.12873490358780423,18.374999999999982,0.1419999329947424,4.0,0.0,49.0,17.856164383561644,0.65,0.04794520547945205,10.200000000000024,3.770890410958906,2.299999999999997,9.150801050866184,3,
2051,200,0.12860623303021773,25.44999999999997,0.1419962442554662,2.0,0.0,43.0,18.955947136563875,0.452247191011236,2.60352422907489,6.699999999999996,3.1211453744493416,3.4000000000000004,2.476128763069175,2,
2052,200,0.12847769107887502,21.47499999999998,0.14199376409885192,5.0,0.0,44.0,17.987309644670052,0.5277777777777778,0.9746192893401016,8.800000000000027,3.2142131979695474,1.4999999999999967,8.174063838696224,3,
2053,200,0.12834927760523412,18.94999999999998,0.14199258806614112,5.0,0.0,47.0,15.301242236024844,0.5119047619047619,0.5279503105590062,9.000000000000023,2.936024844720499,1.5499999999999974,7.049018643364899,3,
2054,200,0.1282209924808815,31.099999999999966,0.14198327024185448,2.0,1.0,42.0,16.998516320474778,0.14830508474576276,6.695845697329377,6.300000000000003,2.2283382789317483,1.9999999999999958,2.018029277420072,3,
2055,200,0.12809283557753198,27.874999999999986,0.1419838267355647,5.0,0.0,48.0,14.452569169960475,0.2868421052631579,1.9268774703557312,9.900000000000023,2.311264822134388,1.2,5.57185138750564,3,
2056,200,0.1279648067670288,31.449999999999964,0.14197948129274843,2.0,1.0,40.0,16.484552845528455,0.23636363636363633,5.006504065040651,4.999999999999992,2.01674796747967,2.099999999999989,1.0131693388045144,2,
2057,200,0.12783690592134303,32.32499999999995,0.14197611750587283,2.0,0.0,39.0,19.585365853658537,0.26363636363636367,3.9609756097560975,4.999999999999996,2.7269918699186957,2.799999999999998,1.1019084986674539,1,
2058,200,0.12770913291257383,29.874999999999954,0.14197251219255708,3.0,0.0,43.0,19.012216404886562,0.32727272727272727,3.525305410122164,7.299999999999999,2.822687609075041,2.6999999999999975,2.3782359713457306,2,
2059,200,0.12758148761294813,34.37499999999997,0.1419624565471685,2.0,0.0,38.0,17.904833836858007,0.180327868852459,7.108761329305136,4.699999999999997,2.1391238670694817,2.0499999999999963,1.104015648852345,1,
2060,39,0.12745396989482075,2.000000000000001,0.1419596805670455,1.0,0.0,5.0,2.1944444444444446,0,0.12962962962962962,1.7000000000000002,0.5537037037037037,0.5000000000000002,0.12305238789333788,4,
2061,200,0.12732657963067387,22.774999999999963,0.14196407320365198,3.0,1.0,42.0,20.37906976744186,0.4878048780487805,2.4,7.600000000000016,3.6232558139534916,3.499999999999999,3.44743130033156,2,
2062,200,0.1271993166931172,24.19999999999995,0.14196005010396687,3.0,0.0,45.0,17.401559454191034,0.3467741935483871,2.4951267056530213,8.300000000000042,3.09434697855751,1.9999999999999991,6.147691208657647,3,
2063,200,0.12707218095488781,28.89999999999997,0.14195907844689962,4.0,0.0,51.0,17.086572438162545,0.2962962962962963,3.4275618374558303,12.800000000000033,3.0977031802120174,1.3999999999999948,13.273092694042623,3,
2064,200,0.12694517228885002,37.24999999999995,0.14195218061716008,2.0,0.0,39.0,18.15194805194805,0.06428571428571428,7.532467532467533,5.599999999999996,1.9723376623376572,1.8999999999999913,0.9903663355816069,1,
2065,200,0.1268182905679951,27.399999999999967,0.1419462495930509,2.0,0.0,43.0,19.876767676767678,0.40463917525773196,1.6181818181818182,7.500000000000026,3.8402020202020277,4.500000000000001,4.907555341517601,2,
2066,200,0.1266915356654413,26.249999999999986,0.14194066525283358,2.0,0.0,38.0,14.861538461538462,0.33333333333333337,1.6057692307692308,3.69999999999999,1.2394230769230739,1.0999999999999974,0.5864287589820936,2,
2067,200,0.12656490745443366,28.024999999999977,0.14193759855827848,2.0,0.0,37.0,17.322751322751323,0.31060606060606055,4.261022927689594,3.7999999999999923,1.880599647266308,1.7999999999999927,0.7792380430995846,2,
2068,200,0.1264384058083441,26.324999999999978,0.14193205250817278,3.0,0.0,45.0,15.031716417910447,0.22422680412371143,5.595149253731344,8.000000000000036,2.5182835820895555,1.4999999999999951,4.941548582467538,3,
2069,200,0.12631203060067087,19.949999999999978,0.1419328981351423,6.0,0.0,43.0,14.664,0.4779411764705882,1.2613333333333334,7.000000000000016,2.3650666666666664,1.5999999999999996,4.049341790874968,3,
2070,200,0.12618578170503877,24.97499999999998,0.14193440655572598,7.0,1.0,49.0,15.331065759637188,0.40294117647058825,1.5464852607709751,10.200000000000037,2.875736961451252,1.299999999999998,8.1237387906212,3,
2071,200,0.12605965899519883,30.449999999999967,0.1419317345268133,3.0,0.0,40.0,16.641935483870967,0.2232142857142858,6.279032258064516,4.89999999999999,2.186774193548382,2.099999999999998,1.0732149667402844,2,
2072,200,0.12593366234502845,22.624999999999968,0.1419335766056889,2.0,0.0,39.0,19.318181818181817,0.5032467532467533,2.5311004784688995,4.899999999999997,2.752631578947364,2.9999999999999942,1.3259934868334409,2,
2073,200,0.12580779162853092,29.99999999999997,0.14193548274912549,2.0,0.0,42.0,17.28719723183391,0.264018691588785,3.2422145328719725,6.80000000000001,2.8174740484429095,2.4999999999999982,3.6928718013188524,2,
2074,200,0.1256820467198355,23.249999999999986,0.14193365332820126,17.0,1.0,37.0,15.27212389380531,0.3633333333333333,1.3738938053097345,7.500000000000014,2.4911504424778776,1.8999999999999988,3.3866196776356876,3,
2075,200,0.1255564274931972,22.32499999999998,0.14193293363181028,4.0,0.0,43.0,17.400943396226417,0.48684210526315785,0.7570754716981132,8.000000000000012,2.683254716981133,1.6999999999999986,6.00090863579477,3,
2076,200,0.12543093382299692,29.699999999999964,0.14193536270618334,2.0,0.0,45.0,17.10234899328859,0.26363636363636367,6.791946308724833,7.900000000000029,2.6342281879194642,2.3999999999999924,2.592694790479026,2,
2077,200,0.12530556558374092,32.274999999999956,0.1419365262909895,2.0,1.0,49.0,18.212025316455698,0.2584033613445378,6.9636075949367084,10.800000000000031,2.7575949367088604,1.849999999999996,5.995558593270836,2,
2078,200,0.12518032265006093,33.47499999999994,0.14192682537602222,2.0,0.0,43.0,19.17539267015707,0.08955223880597019,7.017015706806283,7.000000000000021,2.6793193717277495,2.1999999999999975,3.2543161068709217,2,
2079,200,0.12505520489671398,30.12499999999997,0.14192393048197044,2.0,0.0,37.0,18.85550082101806,0.2592592592592593,7.623973727422003,4.199999999999991,2.2045977011494187,2.199999999999998,0.8523949525452941,1,
2080,200,0.12493021219858241,30.074999999999967,0.14192460124919615,2.0,0.0,43.0,16.910169491525423,0.28809523809523807,2.6677966101694914,6.700000000000025,2.145932203389829,1.5999999999999985,2.6738809648979345,2,
2081,200,0.12480534443067345,23.09999999999999,0.14191960701905584,6.0,0.0,47.0,15.032634032634032,0.3919753086419753,1.275058275058275,9.000000000000039,2.8652680652680713,1.899999999999999,5.450734731580139,3,
2082,200,0.12468060146811931,31.59999999999996,0.14191371902797204,2.0,0.0,38.0,18.882926829268293,0.25,4.305691056910569,5.500000000000003,2.305528455284554,1.7999999999999954,2.2168858665764297,1,
2083,200,0.12455598318617699,25.449999999999974,0.14191290994480943,2.0,0.0,42.0,17.944196428571427,0.4534883720930233,1.6741071428571428,6.499999999999999,2.4578124999999944,2.399999999999994,1.6431614375470176,2,
2084,200,0.12443148946022826,37.37499999999996,0.14190788069793944,2.0,0.0,40.0,18.04255319148936,0.09306569343065685,8.063829787234043,4.899999999999996,2.060638297872336,1.799999999999999,1.2247294178810697,1,
2085,200,0.12430712016577938,30.849999999999955,0.14190693364423276,2.0,0.0,39.0,19.78489326765189,0.2676991150442478,4.536945812807882,5.7,2.7622331691297175,2.6999999999999944,1.7772976704055283,1,
2086,200,0.12418287517846102,29.449999999999957,0.14190437232926711,2.0,1.0,48.0,18.25136612021858,0.375,2.384335154826958,9.600000000000028,2.622586520947177,1.6999999999999935,5.428251028533546,2,
2087,200,0.12405875437402814,23.974999999999977,0.14190525762209313,2.0,0.0,46.0,16.651416122004356,0.44999999999999996,1.5098039215686274,8.60000000000002,2.481263616557734,1.4999999999999964,5.300109834820598,3,
2088,200,0.12393475762836002,19.349999999999984,0.14190360172570887,6.0,0.0,47.0,16.27831715210356,0.5778688524590164,0.022653721682847898,9.20000000000002,3.2226537216828506,1.6,8.900615626309207,3,
2089,200,0.12381088481745986,32.299999999999955,0.14190228473206198,3.0,0.0,42.0,19.516908212560388,0.2585470085470085,3.9500805152979064,8.299999999999997,2.7629629629629617,2.4000000000000083,2.9393444144798258,1,
2090,200,0.12368713581745483,31.79999999999996,0.14189993480827398,2.0,0.0,40.0,18.402173913043477,0.22413793103448265,5.383540372670807,5.699999999999994,2.324223602484467,2.299999999999991,1.592118919309917,1,
2091,200,0.12356351050459588,31.024999999999984,0.14189902180543795,2.0,0.0,43.0,15.592057761732852,0.30339805825242716,2.151624548736462,6.599999999999996,1.7741877256317646,1.399999999999999,1.6363246175651192,2,
2092,200,0.12344000875525778,32.57499999999994,0.1418981689509884,2.0,0.0,40.0,20.484552845528455,0.2586206896551724,4.839024390243902,6.000000000000017,3.2665040650406505,3.3,1.5756626760861359,1,
2093,200,0.12331663044593871,29.34999999999996,0.1418929198588382,2.0,1.0,41.0,17.462908011869438,0.1681034482758621,5.470326409495549,7.300000000000019,2.400148367952525,1.499999999999996,4.309697892245935,3,
2094,200,0.12319337545326038,21.624999999999986,0.14189112712998814,13.0,0.0,46.0,16.89010989010989,0.4818840579710145,0.34065934065934067,10.600000000000037,3.94642857142858,2.1499999999999986,11.910654062417537,3,
2095,200,0.12307024365396771,32.74999999999996,0.1418882567114744,2.0,0.0,40.0,17.49122807017544,0.25442477876106195,2.43859649122807,5.800000000000006,1.7771929824561394,1.2999999999999994,1.8761193809649814,2,
2096,200,0.122947234924929,19.77499999999998,0.14188806992993638,6.0,0.0,52.0,18.504347826086956,0.5208333333333334,0.8666666666666667,12.100000000000046,4.895072463768128,4.6,17.83876327463381,3,
2097,200,0.12282434914313546,34.574999999999946,0.1418785951355366,2.0,1.0,40.0,18.56117021276596,0.09586466165413543,7.597074468085107,6.100000000000015,2.371808510638299,1.8999999999999968,2.3456987496087827,1,
2098,200,0.1227015861857013,24.424999999999976,0.14187845118919384,2.0,0.0,38.0,17.60248447204969,0.40294117647058825,1.0703933747412009,5.499999999999999,2.528157349896483,2.699999999999999,2.1762351256815697,2,
2099,200,0.1225789459298635,30.42499999999997,0.14187594010051807,8.0,0.0,48.0,16.335526315789473,0.21875,5.651315789473684,10.40000000000002,2.566447368421052,1.9999999999999973,4.273096306636063,3,
2100,200,0.1224564282529819,32.99999999999996,0.1418753875041603,2.0,0.0,39.0,18.829268292682926,0.25442477876106195,2.105691056910569,5.799999999999994,2.2733333333333294,2.099999999999995,1.466739921316465,1,
2101,200,0.12233403303253876,31.649999999999963,0.141874818399561,3.0,0.0,42.0,16.71153846153846,0.29128440366972475,2.2115384615384617,6.700000000000025,2.264335664335666,1.499999999999998,3.3166752551324645,2,
2102,200,0.12221176014613884,29.174999999999947,0.14187287929665915,2.0,0.0,42.0,18.635467980295566,0.29054054054054057,4.44991789819376,6.500000000000032,2.2548440065681445,1.799999999999991,2.4911860440034754,2,
2103,200,0.1220896094715092,18.724999999999987,0.1418711853517189,13.0,0.0,45.0,17.831715210355988,0.5211864406779662,0.912621359223301,10.900000000000025,4.331391585760527,3.899999999999999,12.158203393380889,3,
2104,200,0.12196758088649925,28.42499999999996,0.14186851776886097,3.0,0.0,48.0,17.8,0.37,2.9849056603773585,9.90000000000002,2.9481132075471703,1.699999999999992,8.021732544437727,2,
2105,200,0.12184567426908036,23.924999999999976,0.14187063134474076,4.0,0.0,44.0,18.27672955974843,0.4418604651162791,1.0314465408805031,8.300000000000038,2.995807127882603,2.299999999999999,4.076939541507023,3,
2106,200,0.12172388949734589,29.974999999999966,0.1418639858914645,2.0,0.0,46.0,18.161490683229815,0.2456896551724137,5.245341614906832,8.800000000000031,2.4537267080745324,1.8999999999999886,3.4130533473181948,3,
2107,200,0.121602226449511,24.29999999999997,0.14186573198362706,2.0,0.0,42.0,20.232183908045975,0.47413793103448276,5.0344827586206895,7.800000000000016,3.6071264367816127,3.599999999999993,4.218937027015621,2,
2108,200,0.12148068500391276,24.82499999999999,0.14186722561094822,9.0,0.0,40.0,15.03,0.3081395348837209,2.444,7.80000000000001,2.189599999999999,1.3999999999999986,3.9049874599498517,3,
2109,200,0.12135926503900965,28.049999999999965,0.14186657677164055,4.0,0.0,48.0,16.174740484429066,0.24532710280373826,4.515570934256055,10.100000000000035,2.716782006920418,1.5999999999999925,6.846330552587278,3,
2110,200,0.12123796643338168,27.174999999999976,0.14186572506404982,2.0,0.0,40.0,16.96106557377049,0.3944444444444445,1.7745901639344261,5.800000000000002,2.2151639344262275,1.8999999999999986,2.029204805516014,2,
2111,200,0.1211167890657302,29.649999999999956,0.14186910381176696,3.0,0.0,39.0,20.469622331691298,0.2681818181818182,6.977011494252873,6.2000000000000055,3.1730706075533663,3.399999999999999,1.9211190681622154,1,
2112,200,0.12099573281487792,35.649999999999956,0.14186740540817874,2.0,0.0,42.0,18.713687150837988,0.13518518518518507,9.096368715083798,6.199999999999999,2.6586592178770956,2.5999999999999943,2.2029041753225913,1,
2113,200,0.12087479755976856,34.724999999999966,0.1418662485577055,2.0,0.0,46.0,17.062874251497007,0.19715447154471555,4.640718562874252,8.500000000000021,2.2254491017964053,1.599999999999998,3.8602891379422553,2,
2114,200,0.12075398317946681,19.39999999999998,0.1418669519138932,6.0,1.0,50.0,17.461059190031154,0.5454545454545454,0.3333333333333333,10.800000000000038,4.148909657320879,3.7999999999999976,11.960371894410013,3,
2115,200,0.12063328955315826,29.199999999999967,0.14187231010581788,2.0,0.0,41.0,17.84965034965035,0.29761904761904767,3.800699300699301,6.7000000000000135,2.770979020979021,2.599999999999998,3.090460934706281,2,
2116,200,0.12051271656014938,37.049999999999955,0.1418770592325047,3.0,0.0,39.0,19.09949622166247,0.045774647887323994,8.67758186397985,4.799999999999988,2.2829974811083074,2.399999999999991,1.142899125207195,1,
2117,200,0.12039226407986708,33.174999999999976,0.14187685480009932,3.0,0.0,40.0,18.04191616766467,0.18999999999999995,6.311377245508982,6.100000000000011,2.2470059880239526,1.999999999999996,2.1092023494979064,1,
2118,200,0.12027193199185891,27.249999999999968,0.1418781466803719,2.0,0.0,45.0,18.66873706004141,0.43279569892473113,0.6314699792960663,8.300000000000031,3.094616977225674,2.299999999999995,4.670177377319059,2,
2119,200,0.12015172017579269,27.624999999999968,0.14187485127669439,2.0,0.0,43.0,18.637404580152673,0.3341584158415841,5.816793893129771,8.000000000000018,3.558396946564893,3.9999999999999996,4.2393914959483165,2,
2120,200,0.12003162851145673,21.07499999999999,0.14187337588931004,5.0,0.0,49.0,16.125,0.48972602739726023,0.5815217391304348,10.200000000000035,3.438043478260875,1.6999999999999968,9.897430126344924,3,
2121,200,0.11991165687875927,21.89999999999998,0.1418735561114484,2.0,1.0,46.0,16.209876543209877,0.48684210526315785,1.0296296296296297,9.100000000000037,2.934320987654327,1.5999999999999979,5.707375384090185,3,
2122,200,0.11979180515772868,28.599999999999945,0.1418718645629058,3.0,0.0,42.0,19.80067001675042,0.30000000000000004,5.490787269681742,7.20000000000001,3.137353433835846,3.199999999999994,2.777624239635487,2,
2123,200,0.11967207322851317,31.824999999999964,0.14187220284799357,2.0,0.0,40.0,19.44391785150079,0.22899159663865554,9.001579778830964,5.899999999999998,2.851816745655606,2.8999999999999955,1.701079143872542,1,
2124,200,0.11955246097138093,34.82499999999995,0.14187375503338778,2.0,0.0,42.0,18.49390243902439,0.20454545454545459,4.022865853658536,7.300000000000012,2.4609756097560944,2.299999999999989,2.090311222652126,1,
2125,200,0.11943296826671962,37.87499999999997,0.1418689016941392,2.0,0.0,41.0,18.333795013850416,0.12591240875912413,7.382271468144045,5.700000000000005,2.409279778393349,2.1999999999999975,1.4879084297780667,1,
2126,200,0.11931359499503652,34.07499999999997,0.14186437189672405,2.0,0.0,39.0,17.63223787167449,0.2239130434782608,2.544600938967136,5.09999999999999,1.8208137715179926,1.69999999999999,1.0462516653604976,1,
2127,200,0.11919434103695832,30.099999999999955,0.14186090071527124,3.0,0.0,42.0,18.154954954954956,0.3247663551401869,3.6486486486486487,6.400000000000031,2.8942342342342355,2.599999999999996,3.258535893307037,2,
2128,200,0.11907520627323114,31.524999999999963,0.14186548558253637,2.0,0.0,40.0,19.49597423510467,0.25,4.338164251207729,5.699999999999991,2.7504025764895266,2.599999999999999,1.2652084327351907,1,
2129,200,0.11895619058472015,33.149999999999956,0.1418609297775143,2.0,1.0,41.0,19.695374800637957,0.2457983193277311,4.022328548644338,6.000000000000017,2.93987240829346,2.799999999999987,1.832832716061956,1,
2130,200,0.11883729385240965,30.324999999999974,0.14186174898187456,2.0,0.0,39.0,17.967521367521368,0.2928571428571428,3.282051282051282,4.799999999999992,2.3565811965811903,2.2999999999999954,1.0172630791528319,2,
2131,200,0.11871851595740286,29.724999999999966,0.14186160250541482,2.0,0.0,44.0,18.30308219178082,0.28153153153153154,5.431506849315069,7.800000000000034,3.2113013698630173,3.399999999999995,3.6148143847766825,2,
2132,200,0.11859985678092198,28.89999999999997,0.14186057938254754,2.0,0.0,43.0,17.142342342342342,0.33499999999999996,2.046846846846847,6.700000000000007,2.2866666666666626,1.9999999999999938,2.053630691114979,2,
2133,200,0.11848131620430775,31.47499999999996,0.14185982629909363,2.0,0.0,42.0,18.76285240464345,0.286036036036036,3.6965174129353233,6.3,2.745439469320064,2.8999999999999964,1.5326326703482875,2,
2134,200,0.11836289410901962,34.19999999999996,0.14186603460122774,2.0,0.0,42.0,18.789137380191693,0.24173553719008267,3.3722044728434506,6.000000000000019,2.3848242811501565,2.0999999999999988,2.165989282296654,1,
2135,200,0.1182445903766354,33.274999999999956,0.14186488886736398,2.0,0.0,41.0,20.130081300813007,0.25416666666666665,6.635772357723577,6.200000000000003,3.0538211382113816,3.1999999999999984,2.0172549600236955,1,
2136,200,0.11812640488885146,26.649999999999977,0.14186622433261808,2.0,0.0,47.0,18.082851637764932,0.38020833333333337,1.7764932562620424,9.700000000000022,3.12967244701349,2.499999999999997,6.060876150876182,3,
2137,200,0.11800833752748224,29.52499999999997,0.14186982121368882,4.0,0.0,43.0,16.445528455284553,0.20871559633027514,4.6016260162601625,7.400000000000014,2.2957723577235742,1.7999999999999994,2.7329974829730608,3,
2138,200,0.1178903881744604,33.82499999999997,0.14187119383880442,3.0,0.0,39.0,16.550074738415546,0.1499999999999999,3.1375186846038865,6.600000000000014,1.9970104633781787,1.1999999999999988,3.211149209044619,2,
2139,200,0.1177725567118365,25.94999999999999,0.14187521810006395,25.0,0.0,35.0,13.537549407114625,0.22560975609756095,2.8102766798418974,4.599999999999995,1.7124505928853728,1.4999999999999947,1.1614503095279918,3,
2140,200,0.11765484302177918,31.099999999999973,0.14186806551820513,2.0,0.0,37.0,17.12874251497006,0.16739130434782612,4.875748502994012,4.799999999999998,2.087125748502991,2.099999999999996,1.0982498885086598,2,
2141,200,0.11753724698657468,27.049999999999958,0.14186801932999135,2.0,0.0,48.0,17.256457564575644,0.32920792079207917,4.289667896678967,9.700000000000035,3.0843173431734345,1.499999999999995,9.453716124903458,3,
2142,200,0.11741976848862698,28.349999999999966,0.14187050160777617,3.0,0.0,49.0,18.9672131147541,0.41161616161616166,2.8422131147540983,10.200000000000031,3.5295081967213124,2.899999999999996,7.6438334950009414,2,
2143,200,0.11730240741045748,28.199999999999953,0.14187222984745831,2.0,0.0,42.0,19.299813780260706,0.3578431372549019,3.8659217877094973,6.800000000000018,3.348230912476728,3.60000000000003,3.285822976197107,2,
2144,200,0.11718516363470523,27.774999999999967,0.1418701508807658,10.0,1.0,45.0,16.939736346516007,0.34375,1.6685499058380415,8.000000000000018,2.4250470809792852,1.4999999999999982,4.5537579089232825,3,
2145,200,0.11706803704412637,22.799999999999976,0.14186856388364288,2.0,0.0,39.0,18.13605442176871,0.46153846153846156,2.3174603174603177,5.899999999999999,2.4662131519274335,2.3999999999999932,1.6444224598930484,2,
2146,200,0.11695102752159432,31.89999999999997,0.14186797259084852,2.0,0.0,44.0,17.37433155080214,0.3341121495327103,1.0926916221033869,7.3000000000000185,2.2584670231729036,1.5999999999999983,3.0535610066090584,2,
2147,200,0.11683413495009948,29.524999999999963,0.14186597965455014,3.0,0.0,45.0,18.060109289617486,0.3317307692307693,3.0765027322404372,7.800000000000013,3.1307832422586555,2.799999999999998,4.068118712674206,2,
2148,200,0.11671735921274938,34.49999999999996,0.14186857247236703,2.0,1.0,40.0,18.953748006379584,0.23750000000000004,3.481658692185008,6.2,2.4948963317384343,2.2999999999999914,1.9562468712480447,1,
2149,200,0.11660070019276822,33.72499999999996,0.14186638654870679,2.0,1.0,41.0,19.564263322884013,0.22540983606557385,6.238244514106583,6.700000000000014,2.971003134796237,2.9999999999999947,2.195010969357057,1,
2150,200,0.11648415777349697,24.924999999999983,0.1418597741108007,3.0,0.0,43.0,15.09351145038168,0.2553763440860215,4.248091603053435,7.000000000000041,2.538167938931303,1.6999999999999984,3.6611901302012613,3,
2151,200,0.11636773183839315,26.949999999999967,0.14185568498542359,3.0,0.0,40.0,17.682882882882883,0.3236842105263158,3.0198198198198196,5.49999999999999,2.341801801801798,2.4999999999999947,1.4994106303404906,3,
2152,200,0.11625142227103091,37.47499999999996,0.14185184102796286,2.0,1.0,38.0,18.541554959785522,0.08955223880597019,7.32171581769437,5.600000000000014,2.4033512064343165,2.099999999999988,1.8244558547388794,1,
2153,200,0.11613522895510063,29.249999999999954,0.14184952429525177,2.0,0.0,39.0,19.811165845648603,0.2725225225225225,4.5073891625615765,7.300000000000006,2.7779967159277486,2.3999999999999955,2.4657294003451393,1,
2154,200,0.116019151774409,32.074999999999974,0.14184995086546076,2.0,0.0,43.0,17.672106824925816,0.1958333333333333,4.329376854599406,7.199999999999998,2.247922848664686,1.8999999999999935,2.351254570469431,2,
2155,200,0.11590319061287874,29.82499999999996,0.14184518969619803,2.0,0.0,42.0,18.747008547008548,0.31796116504854366,2.842735042735043,6.300000000000004,2.5063247863247824,2.300000000000002,1.8827176352330697,2,
2156,200,0.1157873453545488,26.874999999999975,0.1418442513896917,2.0,0.0,49.0,16.872693726937268,0.303921568627451,5.466789667896679,10.500000000000044,3.1861623616236208,1.6999999999999977,8.757532058155803,3,
2157,200,0.11567161588357389,26.09999999999996,0.14183899916626955,2.0,0.0,46.0,17.042471042471043,0.3447368421052631,2.11003861003861,9.000000000000039,3.024517374517379,1.7999999999999996,7.181568520030017,3,
2158,200,0.11555600208422448,32.72499999999996,0.1418390066958026,2.0,0.0,45.0,16.69329073482428,0.2282608695652173,4.477635782747604,8.20000000000002,2.3004792332268367,1.5999999999999908,3.754657913875621,2,
2159,200,0.11544050384088674,36.34999999999995,0.1418368558940143,3.0,0.0,45.0,18.833798882681563,0.15740740740740744,6.177374301675978,8.30000000000004,2.7307262569832402,2.0999999999999934,3.629593703367799,1,
2160,200,0.11532512103806251,27.224999999999973,0.14182951637426822,2.0,0.0,43.0,15.055956678700362,0.2142857142857142,3.8862815884476536,6.600000000000031,2.349277978339351,1.8999999999999977,2.459908215629757,3,
2161,200,0.11520985356036893,37.44999999999996,0.1418314995676137,2.0,0.0,41.0,18.136363636363637,0.1484962406015038,6.848011363636363,6.70000000000001,2.340909090909091,1.9999999999999991,2.269012842629874,1,
2162,200,0.11509470129253851,31.974999999999973,0.141831446160534,2.0,0.0,39.0,17.946202531645568,0.24541284403669716,3.6677215189873418,5.099999999999991,1.9430379746835391,1.7999999999999963,0.9437197156898786,2,
2163,200,0.11497966411941893,30.49999999999996,0.14183270980926166,3.0,0.0,43.0,18.544728434504794,0.2416666666666667,7.73482428115016,6.700000000000025,3.1238019169329085,3.0999999999999996,3.463228248803845,2,
2164,200,0.11486474192597308,23.549999999999983,0.14182744909989142,4.0,0.0,48.0,16.697986577181208,0.43823529411764706,1.8948545861297539,9.800000000000042,3.0673378076062696,1.5999999999999979,7.163801249199297,3,
2165,200,0.11474993459727875,38.09999999999995,0.14182485668272785,2.0,0.0,39.0,19.79875,0.03321678321678312,7.54625,8.20000000000002,2.6292500000000003,2.099999999999998,3.1375493399208807,0,
2166,200,0.11463524201852858,25.44999999999998,0.1418280269766203,2.0,0.0,38.0,15.775147928994082,0.3388888888888889,3.086785009861933,3.999999999999987,1.7587771203155778,1.7000000000000002,0.9575351685288291,2,
2167,200,0.11452066407502992,35.24999999999996,0.1418296002747002,2.0,1.0,43.0,17.66907514450867,0.16732283464566922,5.869942196531792,6.799999999999995,2.3606936416184947,2.1999999999999975,1.7200481975011668,2,
2168,200,0.11440620065220493,40.32499999999996,0.14182856631144897,2.0,0.0,38.0,18.77,0.021126760563380254,8.5275,4.800000000000004,2.0119999999999973,1.799999999999998,1.1522578004028143,0,
2169,200,0.11429185163559014,28.324999999999974,0.14183050855113843,2.0,0.0,38.0,16.661141804788215,0.31842105263157894,2.165745856353591,4.7,2.1659300184162027,2.199999999999997,1.2360994139353156,2,
2170,200,0.1141776169108365,31.22499999999996,0.14182773405080518,2.0,0.0,37.0,19.31855500821018,0.2545454545454545,6.014778325123153,5.399999999999999,2.4824302134646934,2.6999999999999895,1.2479212683347698,1,
2171,200,0.11406349636370923,28.599999999999973,0.1418261500927644,2.0,0.0,49.0,16.611301369863014,0.25,4.554794520547945,10.800000000000008,2.855821917808217,1.9999999999999962,7.864372725806705,3,
2172,200,0.11394948988008788,23.724999999999973,0.14182481697539343,2.0,0.0,41.0,18.43577981651376,0.4783950617283951,1.93348623853211,6.299999999999995,2.5612385321100875,2.499999999999993,1.726327730871401,2,
2173,200,0.11383559734596592,20.57499999999998,0.14181935170815896,4.0,0.0,51.0,18.034188034188034,0.5486111111111112,0.8717948717948718,11.800000000000036,4.360968660968668,2.699999999999999,14.935435389610468,3,
2174,200,0.11372181864745078,34.29999999999996,0.14181494570650918,2.0,0.0,40.0,18.91238670694864,0.19715447154471555,6.614803625377643,5.70000000000002,2.7436555891238648,2.6999999999999904,1.4038224683566043,1,
2175,200,0.11360815367076371,21.699999999999967,0.14181665704120763,6.0,0.0,42.0,16.371364653243848,0.38291139240506333,1.6353467561521253,8.100000000000023,3.1908277404921757,2.399999999999996,5.25566924247282,3,
2176,200,0.11349460230223983,39.99999999999995,0.1418093820891325,2.0,0.0,40.0,18.94375,0.025510204081632626,7.475,5.599999999999995,2.1162499999999946,2.0999999999999908,1.1058876654494756,0,
2177,200,0.11338116442832771,26.57499999999996,0.14180549231907558,4.0,0.0,50.0,17.848126232741617,0.384020618556701,2.5069033530571994,11.000000000000028,3.3930966469428023,2.099999999999999,8.827462030437944,3,
2178,200,0.11326783993558948,25.949999999999974,0.14180407197159872,2.0,0.0,47.0,18.825806451612902,0.4634831460674157,1.6451612903225807,9.500000000000028,3.150537634408603,2.0999999999999996,6.364636673079815,2,
2179,200,0.11315462871070062,27.324999999999953,0.14179968281595245,3.0,1.0,42.0,18.675302245250432,0.3044554455445545,4.723661485319516,8.300000000000011,2.915198618307428,1.9999999999999982,5.511529829376015,3,
2180,200,0.11304153064044985,27.04999999999995,0.14179647866279443,2.0,1.0,45.0,21.18834080717489,0.4587912087912088,0.6569506726457399,8.300000000000013,4.373766816143509,4.7,4.970525148933003,2,
2181,200,0.11292854561173918,34.87499999999995,0.14179314135140392,2.0,0.0,41.0,19.792663476874004,0.2337398373983739,4.086124401913875,6.100000000000023,2.9982456140350897,3.199999999999996,2.7434329276978597,1,
2182,200,0.11281567351158354,11.77499999999998,0.14179468105841708,8.0,0.0,36.0,17.16734693877551,0.6987179487179487,0.0,4.900000000000008,2.7359183673469416,3.1999999999999975,2.2857683593229425,3,
2183,200,0.11270291422711082,24.099999999999973,0.14178987724416564,7.0,0.0,49.0,18.544662309368192,0.44318181818181823,2.4923747276688455,12.800000000000027,3.9453159041394374,1.7999999999999998,15.322942946649032,3,
2184,200,0.11259026764556165,30.17499999999997,0.1417880931794958,2.0,1.0,42.0,17.536936936936936,0.3382352941176471,1.345945945945946,5.999999999999997,2.279099099099093,2.1999999999999957,1.174882281900108,2,
2185,200,0.11247773365428958,26.824999999999964,0.1417903892934282,3.0,0.0,41.0,18.310160427807485,0.3170103092783505,5.026737967914438,6.70000000000001,2.8017825311942937,2.599999999999992,2.584889171326906,3,
2186,200,0.11236531214076052,24.099999999999966,0.14178737783971804,4.0,0.0,48.0,19.16778523489933,0.4852941176470589,1.7561521252796422,10.400000000000034,3.5814317673378113,1.999999999999996,10.54116211563108,3,
2187,200,0.11225300299255297,30.049999999999955,0.1417864953329999,2.0,0.0,43.0,18.58724832214765,0.2971698113207547,3.692953020134228,7.100000000000015,2.7097315436241582,2.5999999999999943,1.7283329814337869,2,
2188,200,0.11214080609735771,33.34999999999996,0.14178075530464654,2.0,1.0,40.0,19.821484992101105,0.22881355932203395,5.03001579778831,5.9,3.0783570300158,3.499999999999996,2.122775426266827,1,
2189,200,0.11202872134297796,28.69999999999998,0.14177846168392916,2.0,1.0,48.0,16.081180811808117,0.3044554455445545,2.5498154981549814,9.700000000000022,2.684686346863468,1.899999999999998,5.312385051895599,3,
2190,200,0.11191674861732888,26.34999999999996,0.1417774644233583,2.0,0.0,41.0,18.16030534351145,0.3170103092783505,4.870229007633588,6.400000000000032,3.279007633587792,3.5999999999999956,3.163425803514551,2,
2191,200,0.11180488780843774,25.049999999999965,0.14177796042148588,2.0,0.0,43.0,20.74056603773585,0.5,1.044811320754717,6.60000000000002,3.7247641509434,3.9999999999999956,2.9851816437213348,2,
2192,200,0.11169313880444368,29.224999999999966,0.14177131313228217,2.0,0.0,42.0,18.502890173410403,0.3341584158415841,3.115606936416185,7.400000000000005,3.4614643545279455,3.899999999999993,4.613175675675707,2,
2193,200,0.11158150149359779,25.64999999999997,0.14176732496058198,2.0,1.0,44.0,18.17897091722595,0.4767441860465116,0.843400447427293,7.699999999999997,2.5384787472035746,2.2999999999999927,2.7469895099295307,2,
2194,200,0.11146997576426268,34.92499999999995,0.14176740799833978,2.0,0.0,40.0,19.0,0.20199999999999996,5.0418604651162795,6.100000000000008,2.6908527131782964,2.199999999999994,3.1535828221448923,1,
2195,200,0.11135856150491262,28.649999999999977,0.14175955589338274,2.0,0.0,40.0,16.877622377622377,0.2747524752475248,2.367132867132867,5.700000000000025,2.489860139860142,2.1999999999999957,2.3955338755375664,2,
2196,200,0.1112472586041333,38.599999999999966,0.14175246326422428,2.0,0.0,38.0,17.534059945504087,0.09586466165413543,4.083106267029973,4.399999999999998,1.8728882833787437,1.799999999999996,1.0735312526101812,1,
2197,200,0.1111360669506219,25.524999999999977,0.14174977507726214,2.0,1.0,39.0,16.801652892561982,0.3936781609195402,0.9896694214876033,5.900000000000001,2.155991735537187,1.9999999999999973,2.2042090456980605,2,
2198,200,0.11102498643318673,37.14999999999996,0.14173888186854472,2.0,0.0,37.0,18.404255319148938,0.07462686567164178,7.888297872340425,6.0000000000000036,2.277659574468082,2.1999999999999975,1.0161516384528497,1,
2199,200,0.11091401694074722,25.574999999999964,0.14173938921101947,3.0,1.0,44.0,18.92050209205021,0.4148351648351648,1.700836820083682,7.200000000000015,3.408786610878665,3.4999999999999964,3.662323761505245,2,
2200,183,0.11080315836233387,18.825000000000003,0.14174298971289193,26.0,0.0,29.0,12.694174757281553,0,2.5097087378640777,6.0000000000000036,2.178883495145636,1.400000000000022,2.980955149844191,4,
2201,200,0.11069241058708815,24.699999999999974,0.14174778485786443,2.0,0.0,38.0,17.30607966457023,0.41470588235294115,0.7295597484276729,4.7999999999999945,2.25492662473794,2.199999999999993,1.1987912696459284,2,
2202,200,0.11058177350426224,31.174999999999947,0.14175262465013855,3.0,0.0,45.0,20.00956937799043,0.26694915254237284,5.617224880382775,9.200000000000022,3.128389154704947,2.3999999999999972,5.734998117661455,1,
2203,200,0.11047124700321906,24.54999999999997,0.1417599813876688,2.0,1.0,40.0,18.986784140969164,0.4464285714285714,1.9317180616740088,6.400000000000022,3.139647577092516,3.6000000000000023,3.2298974844140598,2,
2204,200,0.11036083097343202,27.549999999999976,0.14176061337343682,2.0,0.0,47.0,17.303747534516766,0.37765957446808507,2.769230769230769,9.300000000000031,2.7990138067061157,1.799999999999999,5.646431250194554,3,
2205,200,0.11025052530448522,22.499999999999982,0.14176164099404046,10.0,0.0,51.0,17.986449864498645,0.5233333333333333,2.3523035230352303,11.400000000000038,4.337669376693774,2.8999999999999986,11.777990011750957,3,
2206,200,0.1101403298860729,27.974999999999966,0.1417634340040036,2.0,0.0,41.0,18.814595660749507,0.3868421052631579,2.613412228796844,5.800000000000023,3.194280078895465,3.199999999999999,1.9011383866048486,2,
2207,200,0.11003024460799965,35.57499999999995,0.14176156076748617,2.0,0.0,40.0,18.692419825072886,0.16732283464566922,5.868804664723032,6.300000000000003,2.6800291545189507,2.4999999999999947,1.9653050499899178,1,
2208,200,0.10992026936018012,34.449999999999946,0.14175909601861345,2.0,0.0,42.0,21.15927750410509,0.25813008130081305,5.931034482758621,7.199999999999998,3.5868637110016435,3.4999999999999973,2.918587359792938,1,
2209,200,0.10981040403263917,35.24999999999996,0.14175893972295128,2.0,0.0,42.0,20.11230769230769,0.2038461538461538,8.176923076923076,6.5,3.3943076923076916,3.0999999999999988,2.545958238954427,1,
2210,200,0.10970064851551141,29.049999999999976,0.14175912159368279,1.0,0.0,37.0,15.648409893992932,0.26010101010101006,2.402826855123675,4.5999999999999925,1.8150176678445187,1.699999999999988,0.9800425465499187,2,
2211,200,0.10959100269904129,27.199999999999974,0.14175840007226714,4.0,1.0,50.0,17.165983606557376,0.4148936170212766,3.2049180327868854,11.000000000000018,2.950409836065572,2.1999999999999913,6.477813918527966,3,
2212,200,0.10948146647358296,25.624999999999964,0.1417613065578007,2.0,0.0,43.0,19.189845474613687,0.45114942528735635,0.9470198675496688,6.800000000000019,3.272406181015454,3.299999999999995,3.386606077735784,2,
2213,200,0.10937203972960027,38.24999999999995,0.14176488442385038,3.0,1.0,42.0,19.22664835164835,0.11879432624113484,7.741758241758242,6.2000000000000375,2.9189560439560434,2.5999999999999925,2.261952628669238,1,
2214,200,0.10926272235766643,28.34999999999998,0.1417658577488276,2.0,0.0,43.0,16.447552447552447,0.2698019801980198,3.1853146853146854,6.800000000000003,2.370279720279715,2.1999999999999984,1.8136327376422374,3,
2215,200,0.10915351424846406,35.67499999999997,0.1417604200468877,2.0,0.0,37.0,17.48891966759003,0.11111111111111116,6.11218836565097,4.6000000000000005,1.902354570637116,1.7999999999999974,0.9032787372693915,1,
2216,200,0.10904441529278498,31.09999999999995,0.1417601006617875,2.0,0.0,38.0,19.12520325203252,0.24557522123893816,5.528455284552845,5.6,2.4508943089430866,2.199999999999993,1.4530721477219901,1,
2217,200,0.10893542538153032,25.749999999999964,0.14175973969741734,2.0,0.0,42.0,19.153846153846153,0.4676470588235294,0.748868778280543,6.500000000000007,3.0850678733031653,3.199999999999995,2.6062609603660913,2,
2218,200,0.10882654440571013,24.34999999999997,0.1417588297855353,7.0,0.0,47.0,17.206382978723404,0.3977272727272727,2.4404255319148938,9.000000000000044,3.2121276595744734,1.599999999999998,7.976208176587563,3,
2219,200,0.10871777225644341,27.274999999999963,0.14175739992083353,6.0,0.0,47.0,18.796396396396396,0.3529411764705882,3.1603603603603605,10.600000000000032,3.0099099099099127,1.899999999999995,7.4947189180064475,3,
2220,200,0.10860910882495796,19.72499999999997,0.14175825821932203,5.0,0.0,51.0,18.736526946107784,0.605072463768116,0.2215568862275449,11.600000000000039,4.3071856287425225,2.5999999999999988,11.942570391286893,3,
2221,200,0.10850055400259043,38.34999999999997,0.14175986278383307,2.0,1.0,38.0,17.37465940054496,0.0984848484848484,6.3419618528610355,3.8999999999999977,1.7772479564032642,1.699999999999994,0.6781075813681527,1,
2222,200,0.10839210768078596,34.19999999999995,0.14175843722582018,2.0,0.0,39.0,19.02870090634441,0.18145161290322576,5.187311178247734,6.5,2.813444108761329,2.7999999999999963,1.69213429535669,1,
2223,200,0.10828376975109819,34.49999999999996,0.1417581405812327,2.0,0.0,40.0,19.530377668308702,0.2628205128205128,3.9835796387520523,5.600000000000015,2.609523809523808,2.39999999999999,1.6023438308887072,1,
2224,200,0.10817554010518914,19.699999999999978,0.1417578957651621,4.0,0.0,47.0,17.278443113772454,0.6115384615384616,1.1287425149700598,9.30000000000001,3.091017964071854,2.8499999999999965,5.142001344628217,3,
2225,200,0.10806741863482926,27.149999999999974,0.14175276378960794,10.0,0.0,51.0,15.787109375,0.2954545454545454,4.751953125,11.400000000000036,3.0628906250000045,1.6999999999999997,8.026778514017206,3,
2226,200,0.10795940523189702,26.84999999999996,0.14175388059512667,2.0,0.0,45.0,19.391919191919193,0.39583333333333337,1.7494949494949494,8.400000000000025,3.806262626262636,4.299999999999996,4.5629490988638155,2,
2227,200,0.10785149978837902,28.724999999999966,0.141759152270435,2.0,1.0,42.0,18.037102473498233,0.3221153846153846,3.5636042402826855,6.199999999999999,2.5867491166077756,2.5000000000000093,2.4290722791902817,2,
2228,200,0.10774370219636975,21.07499999999998,0.14176233981958264,5.0,0.0,49.0,16.41046831955923,0.5208333333333334,0.9752066115702479,10.200000000000033,3.420110192837471,1.6999999999999984,9.234403952401246,3,
2229,200,0.10763601234807169,16.499999999999982,0.1417653103981316,4.0,0.0,48.0,18.982935153583618,0.6567796610169492,0.42662116040955633,10.200000000000035,4.327303754266219,4.099999999999997,10.604838784829067,3,
2230,200,0.10752843013579495,16.474999999999977,0.1417655020557989,5.0,0.0,48.0,19.03272727272727,0.625,0.06909090909090909,10.800000000000038,4.539636363636375,5.100000000000004,10.42907595472345,3,
2231,200,0.10742095545195732,31.29999999999996,0.14176080866237645,2.0,0.0,43.0,17.151162790697676,0.2410714285714286,4.799003322259137,7.100000000000024,2.6882059800664444,2.3999999999999977,3.0433410595387023,2,
2232,200,0.10731358818908403,28.024999999999974,0.14176255374699248,2.0,0.0,47.0,16.977739726027398,0.2780373831775701,3.4383561643835616,9.700000000000017,2.705821917808218,1.7999999999999938,5.992449428977761,3,
2233,200,0.10720632823980793,34.84999999999997,0.14175748731203378,2.0,0.0,40.0,18.642313546423136,0.2008196721311475,5.1187214611872145,5.400000000000003,2.555859969558599,2.40000000000001,1.689014474757214,1,
2234,200,0.107099175496869,30.149999999999956,0.14175642297151858,2.0,0.0,44.0,18.714025500910747,0.35096153846153844,2.577413479052823,8.300000000000013,3.036794171220401,2.699999999999988,3.881464167219665,2,
2235,200,0.10699212985311449,26.124999999999964,0.14175665943177085,2.0,0.0,43.0,18.59227467811159,0.43333333333333335,2.0343347639484977,7.300000000000002,3.0575107296137345,2.899999999999995,3.741087426032105,2,
2236,200,0.1068851912014987,27.74999999999997,0.1417501129339488,2.0,1.0,44.0,17.706,0.38829787234042556,1.496,8.800000000000026,2.808800000000002,1.799999999999999,5.154223176892741,2,
2237,200,0.10677835943508306,29.099999999999966,0.14174534348012682,3.0,0.0,40.0,17.15953947368421,0.21363636363636362,3.9342105263157894,8.000000000000018,2.6878289473684243,1.5999999999999968,5.816643916215619,2,
2238,200,0.10667163444703576,34.92499999999995,0.14174372630809365,2.0,0.0,44.0,19.080281690140843,0.15839694656488557,7.019718309859155,8.000000000000016,2.8953521126760577,2.5999999999999943,3.148026895510622,1,
2239,200,0.1065650161306318,21.149999999999984,0.14174543533270537,11.0,0.0,47.0,14.736694677871148,0.4384057971014492,0.5854341736694678,9.400000000000016,2.8364145658263307,1.6999999999999984,7.475203220136858,3,
2240,200,0.1064585043792528,40.02499999999996,0.14175070479380258,2.0,0.0,41.0,18.9975,0.039655172413793016,6.435,5.700000000000027,2.148499999999998,1.799999999999992,1.8089505764852876,0,
2241,200,0.1063520990863871,35.549999999999976,0.14174859131173223,2.0,0.0,38.0,17.100558659217878,0.12295081967213117,4.324022346368715,4.699999999999997,1.6907821229050248,1.399999999999999,1.033576264739447,1,
2242,200,0.10624580014562934,25.524999999999967,0.14174468510069477,2.0,0.0,43.0,19.10967741935484,0.4423076923076923,2.9053763440860214,7.200000000000018,3.2679569892473124,3.499999999999993,3.51729058753886,2,
2243,200,0.1061396074506806,24.224999999999973,0.14174497327849359,2.0,0.0,44.0,19.75862068965517,0.4969879518072289,1.257471264367816,7.900000000000039,3.32298850574713,2.99999999999999,3.152453705661056,2,
2244,200,0.1060335208953481,31.974999999999966,0.14174588938846042,2.0,1.0,39.0,20.165845648604268,0.2543478260869565,4.862068965517241,6.200000000000016,2.990804597701154,3.0999999999999996,2.397688740293379,1,
2245,200,0.10592754037354536,36.69999999999996,0.141746358349284,2.0,0.0,43.0,17.65616045845272,0.1647286821705427,4.186246418338109,6.700000000000014,2.059742120343837,1.6999999999999986,1.7805749348834117,1,
2246,200,0.10582166577929185,30.79999999999996,0.14174300136301615,2.0,0.0,41.0,18.504145936981757,0.28181818181818186,3.2669983416252073,5.8000000000000025,2.5902155887230482,2.6999999999999935,1.9079194627180904,2,
2247,200,0.10571589700671291,32.67499999999996,0.14174426594391243,2.0,1.0,38.0,19.23027375201288,0.24122807017543857,3.682769726247987,4.6,2.590982286634458,2.89999999999999,1.1663951353593993,1,
2248,200,0.10561023395003975,30.599999999999966,0.1417386220269625,2.0,0.0,42.0,18.506044905008636,0.3160377358490566,2.2020725388601035,7.000000000000017,2.603281519861828,2.1999999999999997,2.4137615439685116,2,
2249,200,0.1055046765036094,24.774999999999977,0.14173796957969986,5.0,1.0,52.0,17.766454352441613,0.3790322580645161,4.660297239915074,12.200000000000037,4.128874734607224,3.299999999999999,10.479383339343734,3,
2250,200,0.10539922456186433,18.77499999999998,0.14173851349029326,5.0,0.0,50.0,18.35759493670886,0.6038461538461538,0.2848101265822785,11.200000000000031,4.384493670886082,2.7499999999999982,15.06487877422269,3,
2251,200,0.10529387801935262,25.374999999999964,0.14173644676446007,2.0,0.0,43.0,18.55286343612335,0.4534883720930233,0.7863436123348018,6.600000000000024,2.9030837004405305,2.800000000000006,2.8186825801130557,2,
2252,200,0.10518863677072765,31.24999999999998,0.14173388847593305,2.0,0.0,43.0,16.954063604240282,0.3207547169811321,2.0247349823321557,6.900000000000011,2.0641342756183727,1.5999999999999939,2.5447109924927056,2,
2253,200,0.10508350071074826,29.57499999999996,0.1417301300907425,2.0,0.0,41.0,19.61576354679803,0.2863636363636364,3.5697865353037765,6.000000000000021,2.843021346469622,2.8999999999999932,2.0893863244176134,2,
2254,200,0.10497846973427834,29.349999999999973,0.14172864031734753,1.0,1.0,43.0,17.744639376218323,0.351010101010101,2.3976608187134505,6.900000000000014,2.9692007797270996,2.2999999999999963,4.529906827577853,2,
2255,200,0.1048735437362869,26.39999999999997,0.14172709973411454,3.0,0.0,50.0,15.469262295081966,0.3085106382978723,3.6086065573770494,11.000000000000032,3.053688524590169,1.2000000000000002,11.147820091289754,3,
2256,200,0.10476872261184789,30.12499999999996,0.14172813857034125,3.0,0.0,44.0,18.933962264150942,0.3595238095238096,2.728301886792453,9.400000000000029,3.383962264150946,3.2499999999999973,5.017138010459313,2,
2257,200,0.10466400625614027,33.24999999999995,0.14172149323543756,2.0,0.0,42.0,20.510673234811165,0.2666666666666667,6.558292282430213,6.200000000000024,3.197701149425289,3.2999999999999887,1.8445973899913832,1,
2258,200,0.10455939456444763,27.17499999999998,0.14172052302666963,1.0,0.0,40.0,16.830265848670756,0.4073033707865169,0.852760736196319,5.099999999999997,2.005725971370139,1.7999999999999945,1.3351057209769093,2,
2259,200,0.10445488743215826,38.77499999999994,0.14171329967302365,2.0,0.0,40.0,19.12625,0.04655172413793096,7.1075,5.1999999999999975,2.225749999999996,1.9999999999999951,1.598839435686617,1,
2260,200,0.104350484754765,33.99999999999996,0.14170577113583244,3.0,0.0,43.0,17.129737609329446,0.16199999999999992,4.2507288629737605,8.00000000000002,2.183236151603499,1.3999999999999955,3.8303247803313054,2,
2261,200,0.10424618642786522,23.999999999999982,0.1417066691882098,4.0,0.0,53.0,18.325925925925926,0.4969879518072289,1.7308641975308643,12.900000000000041,4.34617283950618,1.799999999999999,16.402091523191835,3,
2262,200,0.10414199234716055,16.024999999999984,0.14170744886407646,5.0,1.0,47.0,17.02238805970149,0.6388888888888888,0.09701492537313433,9.000000000000023,3.1973880597014954,2.6499999999999972,7.275504921821729,3,
2263,200,0.10403790240845692,21.72499999999999,0.14170306475397978,10.0,0.0,42.0,14.947115384615385,0.3833333333333333,2.076923076923077,7.80000000000002,2.822115384615389,1.4999999999999996,5.813775273756938,3,
2264,200,0.10393391650766431,26.67499999999997,0.14169887271016623,2.0,0.0,43.0,18.894949494949493,0.41129032258064513,1.7474747474747474,7.000000000000021,3.2511111111111166,3.300000000000014,4.090555863915397,2,
2265,200,0.10383003454079692,34.72499999999996,0.1416942580381086,2.0,0.0,49.0,17.959885386819483,0.17578125,6.843839541547278,10.20000000000004,2.5823782234957027,1.8499999999999948,4.589569953387033,3,
2266,200,0.10372625640397273,31.24999999999995,0.1416959285086032,2.0,1.0,41.0,20.39240506329114,0.25,6.6613924050632916,7.400000000000013,3.564556962025324,3.2999999999999963,3.816538156290487,2,
2267,200,0.10362258199341358,27.47499999999999,0.14169353785986705,2.0,0.0,39.0,16.66789667896679,0.31842105263157894,3.3505535055350553,4.599999999999997,2.2396678966789616,2.1999999999999984,0.9567138475573833,2,
2268,200,0.10351901120544502,19.72499999999998,0.14169397548381885,12.0,0.0,48.0,19.22360248447205,0.546875,0.6366459627329193,11.80000000000003,5.194409937888211,5.450000000000005,16.434288745503235,3,
2269,200,0.10341554393649634,34.04999999999996,0.14169033161374747,2.0,0.0,40.0,18.470422535211267,0.13888888888888884,7.529577464788733,5.799999999999996,2.52943661971831,2.2999999999999927,1.9241373023949713,1,
2270,200,0.1033121800831002,33.19999999999996,0.1416916923825441,2.0,0.0,39.0,19.51851851851852,0.24145299145299148,4.26731078904992,5.399999999999995,2.7639291465378397,3.099999999999997,1.8528421844207013,1,
2271,200,0.10320891954189276,28.59999999999998,0.14169183352481338,2.0,0.0,38.0,16.855379188712522,0.29040404040404044,2.9576719576719577,4.499999999999995,2.2298059964726584,2.0999999999999983,1.2490449410242346,2,
2272,200,0.10310576220961341,20.099999999999984,0.14169586160552705,4.0,0.0,48.0,15.647058823529411,0.5783582089552238,0.06470588235294118,9.600000000000012,2.672058823529411,1.7999999999999996,6.357127224283954,3,
2273,200,0.10300270798310492,17.874999999999982,0.14169818537395454,5.0,0.0,50.0,19.184563758389263,0.5967741935483871,0.24496644295302014,11.100000000000042,4.9322147651006825,5.150000000000001,13.624551873247615,3,
2274,200,0.102899756759313,26.274999999999974,0.14169999033511885,2.0,0.0,43.0,18.06157112526539,0.4222222222222223,1.3439490445859872,6.9000000000000075,2.811677282377921,2.2999999999999985,3.2940398485395,2,
2275,200,0.1027969084352864,34.624999999999964,0.14170107058174392,2.0,1.0,47.0,18.014705882352942,0.21031746031746024,3.761764705882353,9.000000000000034,2.2647058823529407,1.499999999999999,3.35946747289681,1,
2276,200,0.10269416290817676,36.34999999999996,0.1417024274784364,2.0,0.0,42.0,19.891768292682926,0.1996124031007751,5.571646341463414,6.4,3.2996951219512263,3.3999999999999932,2.9821409831875414,1,
2277,200,0.10259152007523863,23.899999999999967,0.1417092637290038,3.0,0.0,40.0,20.0622009569378,0.5,0.03349282296650718,5.700000000000002,3.199043062200952,3.0999999999999917,1.336083286115737,2,
2278,200,0.10248897983382912,35.47499999999995,0.14171053589216212,2.0,0.0,41.0,19.18140243902439,0.19488188976377963,7.539634146341464,5.899999999999998,2.8734756097560936,3.0999999999999908,1.5352756340990126,1,
2279,200,0.102386542081408,30.299999999999958,0.14170977012425529,3.0,0.0,47.0,19.12269938650307,0.40841584158415845,1.1717791411042944,9.50000000000003,3.576278118609409,2.8999999999999946,7.501063733690235,2,
2280,200,0.10228420671553744,28.74999999999997,0.14171452220148273,2.0,0.0,43.0,17.09163346613546,0.38829787234042556,0.5219123505976095,6.600000000000027,2.404382470119523,2.4999999999999973,2.436125919135894,2,
2281,200,0.10218197363388216,27.04999999999996,0.1417185278743862,2.0,0.0,48.0,20.186094069529652,0.423469387755102,1.3476482617586911,9.900000000000045,4.164008179959112,4.2,6.078239210438327,2,
2282,200,0.10207984273420903,32.799999999999955,0.14171628335423112,2.0,0.0,42.0,18.40953947368421,0.2630434782608696,3.182565789473684,6.200000000000006,2.9582236842105307,2.799999999999997,3.4008297286988745,2,
2283,200,0.10197781391438715,32.12499999999996,0.1417175402846609,2.0,0.0,40.0,20.599343185550083,0.26754385964912286,5.412151067323481,6.299999999999997,3.2509031198686382,3.399999999999995,1.796494176013807,1,
2284,200,0.10187588707238764,30.249999999999964,0.1417192031660468,2.0,0.0,36.0,17.228426395939085,0.26485148514851486,1.7834179357021998,4.799999999999995,2.1148900169204703,2.1999999999999984,1.3637754237288098,2,
2285,200,0.10177406210628372,29.274999999999967,0.1417217964595217,2.0,0.0,41.0,18.29151291512915,0.2990196078431373,4.149446494464945,7.500000000000007,3.4130996309963137,3.199999999999994,4.201447867839064,2,
2286,200,0.1016723389142504,34.14999999999997,0.14172425388278037,2.0,0.0,40.0,20.088709677419356,0.23360655737704916,6.411290322580645,6.900000000000003,3.093548387096775,2.8000000000000203,1.7921888454444546,1,
2287,200,0.10157071739456447,32.64999999999998,0.14172829900802433,2.0,0.0,38.0,17.692789968652036,0.22297297297297303,3.518808777429467,4.099999999999995,2.130250783699054,2.2999999999999923,0.7060301982837176,2,
2288,200,0.10146919744560434,36.424999999999955,0.14172637205161037,2.0,0.0,40.0,19.156338028169014,0.13148148148148153,6.245070422535211,5.800000000000012,2.94098591549296,3.1000000000000068,2.30771909882782,1,
2289,200,0.10136777896585017,26.89999999999997,0.14172889841046798,2.0,0.0,44.0,18.563440860215053,0.42582417582417587,2.0344086021505374,7.200000000000022,3.058924731182796,3.1999999999999966,3.27181182477432,2,
2290,200,0.1012664618538834,22.12499999999997,0.14172982811211166,2.0,1.0,48.0,19.109137055837564,0.5657894736842105,1.101522842639594,9.80000000000002,3.1883248730964464,1.9999999999999978,8.226515669790993,3,
2291,200,0.10116524600838693,35.94999999999996,0.14173268720372345,2.0,0.0,43.0,20.69129720853859,0.2661290322580645,2.973727422003284,7.3000000000000265,3.30607553366174,2.8999999999999964,2.6851755823986387,1,
2292,200,0.10106413132814486,27.624999999999968,0.14173467994268538,2.0,0.0,51.0,17.064,0.384020618556701,2.572,11.500000000000012,2.977999999999997,2.499999999999991,6.558062232248937,3,
2293,200,0.10096311771204257,31.12499999999995,0.14173683258108138,2.0,0.0,42.0,19.673234811165845,0.29128440366972475,3.0082101806239736,6.900000000000012,2.6952380952380923,2.199999999999993,2.503317407247648,1,
2294,200,0.10086220505906641,29.82499999999997,0.14173583543514545,2.0,0.0,40.0,16.9125,0.303921568627451,3.0482142857142858,4.799999999999999,2.29678571428571,2.3999999999999906,1.1430647419156275,2,
2295,200,0.10076139326830373,32.299999999999955,0.14173667726638864,2.0,0.0,47.0,19.262023217247098,0.3157894736842105,3.189054726368159,9.100000000000016,2.724543946932004,2.299999999999991,3.8911164220809344,2,
2296,200,0.10066068223894266,26.999999999999964,0.14173888962449993,2.0,0.0,43.0,20.377232142857142,0.44780219780219777,1.7991071428571428,7.000000000000026,3.917633928571439,4.599999999999998,4.2025001619308515,2,
2297,200,0.10056007187027226,35.17499999999997,0.1417418457116159,2.0,0.0,41.0,18.38423645320197,0.26724137931034486,1.799671592775041,5.599999999999995,1.9218390804597663,1.8999999999999955,1.2172110655737638,1,
2298,200,0.1004595620616821,26.349999999999977,0.1417458209543172,2.0,0.0,42.0,18.57651991614256,0.4277777777777778,1.3773584905660377,6.90000000000002,3.0171907756813416,2.9999999999999987,2.468855789177611,2,
2299,200,0.1003591527126624,29.474999999999966,0.14174642004832821,2.0,0.0,42.0,18.232851985559567,0.2924528301886793,5.061371841155235,7.300000000000006,3.3846570397111932,3.3999999999999972,4.1216733297492985,2,
2300,200,0.1002588437228037,28.949999999999974,0.14174636882732877,2.0,0.0,43.0,18.387878787878787,0.37244897959183676,1.0545454545454545,7.200000000000007,3.243838383838384,2.999999999999994,4.259489519394029,2,
2301,200,0.10015863499179714,28.874999999999964,0.1417512133170591,2.0,0.0,44.0,17.65904761904762,0.37755102040816324,2.2457142857142856,7.300000000000014,2.552761904761902,2.299999999999994,2.462044161611476,2,
2302,200,0.10005852641943393,26.749999999999957,0.14175053190685014,2.0,0.0,43.0,19.335456475583864,0.42391304347826086,1.8046709129511678,7.000000000000019,3.546709129511688,4.300000000000005,3.6973678326722275,2,
2303,200,0.09995851790560545,37.97499999999995,0.14175261180341764,2.0,1.0,39.0,18.646753246753246,0.06884057971014501,6.202597402597402,5.7000000000000055,2.2692207792207775,1.8999999999999975,1.6603151801571676,1,
2304,200,0.09985860935030318,34.274999999999956,0.14175351343914427,2.0,0.0,40.0,18.8125,0.2012195121951219,5.789634146341464,5.800000000000006,2.6521341463414636,2.3999999999999924,2.004664737936733,1,
2305,200,0.09975880065361863,40.82499999999994,0.14175594395134733,3.0,0.0,43.0,20.27125,0.040849673202614456,8.6675,8.300000000000034,2.912749999999999,2.3999999999999915,3.0786922479566723,0,
2306,200,0.09965909171574303,37.09999999999995,0.14175689812471312,2.0,0.0,42.0,20.495934959349594,0.25,2.8,6.899999999999998,3.2733333333333325,3.199999999999997,2.6549056643682123,1,
2307,200,0.09955948243696745,28.524999999999967,0.14175615278121745,2.0,0.0,41.0,18.461077844311376,0.39210526315789473,1.0259481037924152,6.400000000000003,2.9900199600798403,2.9999999999999964,3.5082177689243124,2,
2308,200,0.09945997271768262,35.34999999999995,0.14175022521318542,2.0,0.0,42.0,20.28120063191153,0.23399999999999999,3.7772511848341233,6.400000000000011,3.354186413902056,3.6000000000000085,2.750009084374889,1,
2309,200,0.09936056245837875,29.874999999999957,0.14175319081485338,2.0,1.0,46.0,18.914383561643834,0.3090909090909091,3.962328767123288,9.300000000000026,3.3006849315068525,2.199999999999992,7.643720572928194,2,
2310,200,0.09926125155964566,31.27499999999996,0.14175138450036068,2.0,0.0,41.0,19.24102564102564,0.3004587155963303,2.094017094017094,6.500000000000011,3.120683760683762,3.2999999999999954,2.158638318761996,2,
2311,200,0.09916203992217239,34.52499999999998,0.14175140045687976,3.0,0.0,38.0,18.564705882352943,0.16129032258064524,6.555882352941176,5.200000000000002,2.594705882352937,2.699999999999995,1.2253863870812869,1,
2312,200,0.09906292744674731,28.049999999999972,0.14174998269056938,2.0,0.0,51.0,16.815238095238094,0.29950495049504955,2.203809523809524,11.900000000000027,3.5070476190476225,1.799999999999998,11.437915638696243,3,
2313,200,0.0989639140342579,29.149999999999963,0.1417496550451465,3.0,0.0,46.0,20.584016393442624,0.38592233009708743,3.692622950819672,9.100000000000035,4.506967213114763,4.600000000000007,7.397687439899612,2,
2314,200,0.09886499958569081,33.67499999999996,0.14174686592298394,2.0,0.0,40.0,20.06477093206951,0.23319327731092443,5.1295418641390205,5.500000000000004,3.2243285939968422,3.400000000000002,1.5629507247534304,1,
2315,200,0.09876618400213154,28.074999999999978,0.14174349456222796,1.0,1.0,39.0,16.68208092485549,0.3575268817204301,0.7976878612716763,4.299999999999987,2.084585741811169,2.19999999999999,0.9696311256311206,2,
2316,200,0.0986674671847645,30.52499999999995,0.14173413899607107,2.0,0.0,48.0,19.5944170771757,0.3125,3.658456486042693,9.700000000000026,3.000656814449917,2.6999999999999975,4.543394413287341,3,
2317,200,0.09856884903487283,26.79999999999996,0.14173281760141576,2.0,0.0,40.0,17.36042402826855,0.26485148514851486,3.530035335689046,8.200000000000026,2.880388692579509,1.6999999999999986,5.754951382060573,2,
2318,200,0.09847032945383845,26.474999999999966,0.14173394428552152,2.0,0.0,45.0,17.867391304347827,0.4568965517241379,1.184782608695652,8.000000000000018,2.561956521739129,1.999999999999998,4.183985510328512,2,
2319,200,0.09837190834314173,34.39999999999995,0.14172839422910666,2.0,0.0,41.0,19.42581602373887,0.18999999999999995,5.158753709198813,7.500000000000004,3.097181008902078,2.999999999999995,2.681852556270993,1,
2320,200,0.09827358560436154,30.424999999999965,0.14172715622072768,2.0,0.0,44.0,19.137254901960784,0.34174311926605505,3.336898395721925,7.9000000000000075,3.0360071301247746,2.8999999999999897,3.843849389933917,2,
2321,200,0.09817536113917512,14.499999999999979,0.14172358564309767,4.0,1.0,42.0,16.209737827715355,0.6377551020408163,0.0,6.000000000000031,2.6767790262172353,2.299999999999999,3.781611210863007,3,
2322,200,0.09807723484935806,34.42499999999995,0.1417207284834537,3.0,0.0,43.0,21.763546798029555,0.26639344262295084,5.451559934318555,6.600000000000021,3.9494252873563265,4.099999999999998,2.3014878127696456,1,
2323,200,0.09797920663678401,34.674999999999955,0.14171358518355018,2.0,0.0,40.0,21.275862068965516,0.25,3.8013136288998357,6.400000000000023,3.6568144499178996,3.599999999999995,2.0674509275237427,1,
2324,200,0.09788127640342477,25.824999999999967,0.14170899876818271,2.0,0.0,42.0,20.035714285714285,0.46264367816091956,1.2254464285714286,7.400000000000005,3.6645089285714336,3.899999999999996,3.874674867839569,2,
2325,200,0.09778344405135005,31.624999999999968,0.14170575291877407,2.0,0.0,41.0,18.77175697865353,0.28181818181818186,2.870279146141215,5.599999999999988,2.1543513957307017,2.0999999999999917,1.2207766393442572,1,
2326,200,0.09768570948272756,25.424999999999965,0.141701817322617,3.0,0.0,49.0,18.36605316973415,0.40053763440860213,1.3456032719836402,10.90000000000002,3.6560327198364018,2.1999999999999926,10.018742723318896,3,
2327,200,0.0975880725998227,26.399999999999963,0.14170158467491886,1.0,0.0,48.0,17.80952380952381,0.43131868131868134,0.8881987577639752,10.200000000000012,2.779089026915112,2.09999999999999,6.636547700696151,3,
2328,200,0.09749053330499859,27.42499999999997,0.14169622009397465,2.0,0.0,42.0,18.490683229813666,0.40053763440860213,1.279503105590062,7.500000000000019,3.1629399585921325,2.6999999999999975,4.3618957683207205,2,
2329,200,0.09739309150071584,27.224999999999966,0.14169729241800866,4.0,1.0,44.0,16.49671052631579,0.19444444444444442,6.967105263157895,7.400000000000038,2.6927631578947393,1.699999999999995,4.641604921239112,3,
2330,200,0.09729574708953276,35.27499999999997,0.14169540413051018,2.0,1.0,39.0,18.393416927899686,0.21610169491525433,3.4341692789968654,4.799999999999993,2.2684952978056394,2.2999999999999963,1.4164247266259287,1,
2331,200,0.09719849997410487,28.39999999999998,0.14169310111377564,2.0,0.0,41.0,16.708,0.3629032258064516,0.684,6.099999999999998,2.267599999999996,1.8999999999999981,1.8326775707102774,2,
2332,200,0.09710135005718508,33.39999999999995,0.14169269642544752,2.0,0.0,42.0,20.490968801313628,0.2666666666666667,4.467980295566503,6.000000000000003,3.185878489326765,3.5999999999999965,2.1949460742019045,1,
2333,200,0.09700429724162336,38.974999999999966,0.1416898034609233,2.0,0.0,40.0,18.20985915492958,0.13345864661654128,3.749295774647887,6.000000000000013,2.373098591549296,1.9999999999999967,1.9736323420598088,1,
2334,200,0.09690734143036704,29.97499999999996,0.14168981898665822,3.0,0.0,51.0,16.383928571428573,0.23130841121495327,3.025,11.900000000000029,3.149642857142859,1.5999999999999974,11.124356774096901,3,
2335,200,0.09681048252646021,41.29999999999996,0.14168568143124188,3.0,0.0,40.0,18.9875,0.03082191780821919,7.2025,5.39999999999999,2.1424999999999943,1.9999999999999907,0.8896951401486548,0,
2336,200,0.09671372043304398,28.349999999999962,0.14168030188677996,2.0,1.0,42.0,18.26252158894646,0.31666666666666665,2.929188255613126,7.900000000000002,2.457167530224524,1.7999999999999954,3.6686081016585215,2,
2337,200,0.09661705505335619,31.274999999999977,0.14168325886409971,3.0,0.0,51.0,18.882239382239383,0.38888888888888884,2.2335907335907335,11.400000000000023,3.544594594594594,2.799999999999996,7.93084010688613,2,
2338,200,0.09652048629073155,31.624999999999968,0.1416827195823898,2.0,0.0,45.0,17.611280487804876,0.2158119658119657,3.6966463414634148,7.900000000000045,2.386890243902442,1.6999999999999975,3.887459119058452,3,
2339,200,0.09642401404860125,19.874999999999982,0.14168188668598208,2.0,0.0,38.0,14.440389294403893,0.46014492753623193,0.43309002433090027,3.799999999999987,1.6863746958637424,1.5999999999999894,0.7361204120293592,3,
2340,200,0.09632763823049303,34.94999999999995,0.1416841005353866,2.0,0.0,42.0,20.14449917898194,0.26694915254237284,3.226600985221675,6.300000000000002,2.977996715927748,2.9999999999999982,1.8128540767903405,1,
2341,200,0.09623135874003103,28.39999999999996,0.14168667215826344,2.0,0.0,49.0,19.36185383244207,0.35,3.1871657754010694,10.400000000000047,3.2734402852049955,2.299999999999993,7.583222419928901,3,
2342,200,0.09613517548093582,34.924999999999955,0.14168746198510768,2.0,0.0,45.0,19.83089430894309,0.2791666666666667,2.489430894308943,8.50000000000001,2.87430894308943,2.599999999999995,4.28143259021111,1,
2343,200,0.09603908835702411,26.249999999999968,0.1416868467494886,2.0,0.0,44.0,19.655913978494624,0.42582417582417587,2.109677419354839,9.500000000000014,3.714408602150538,3.199999999999996,6.787888301021193,2,
2344,200,0.09594309727220877,33.67499999999994,0.1416888171341586,3.0,0.0,43.0,21.253658536585366,0.2668067226890757,4.204878048780488,7.700000000000037,3.727967479674802,3.8999999999999977,2.630119082871549,1,
2345,200,0.09584720213049865,32.14999999999995,0.14169044711280815,2.0,0.0,45.0,20.66830870279146,0.29824561403508776,3.7454844006568146,8.500000000000028,3.292282430213466,3.1999999999999935,2.9726413934426463,1,
2346,200,0.09575140283599869,26.849999999999977,0.14169306486479027,2.0,0.0,40.0,17.509316770186334,0.3833333333333333,0.2546583850931677,5.200000000000006,2.6163561076604553,2.8999999999999946,2.548335533760847,2,
2347,200,0.09565569929290954,36.749999999999964,0.14169118357332802,2.0,0.0,39.0,18.67420814479638,0.18199999999999994,3.105580693815988,4.700000000000007,2.6055806938159853,2.7999999999999896,1.3477698103592595,1,
2348,200,0.09556009140552765,37.17499999999996,0.14168691701290634,2.0,1.0,45.0,18.770422535211267,0.15441176470588225,6.140845070422535,8.100000000000001,2.70943661971831,2.6999999999999935,2.2659858678553277,1,
2349,200,0.0954645790782451,35.17499999999996,0.14168407167528368,2.0,0.0,46.0,19.071202531645568,0.26639344262295084,2.8259493670886076,8.700000000000012,2.618037974683541,2.1999999999999944,3.3381007102745737,1,
2350,200,0.09536916221554961,21.199999999999985,0.14168711670549194,9.0,1.0,50.0,18.179775280898877,0.4930555555555556,0.9382022471910112,12.500000000000036,4.7556179775281,3.3499999999999988,15.799784116463597,3,
2351,200,0.09527384072202429,31.649999999999963,0.14168565117292353,2.0,1.0,46.0,18.48205128205128,0.33333333333333337,1.5555555555555556,8.50000000000001,2.3473504273504235,1.9999999999999907,2.6506374772079173,2,
2352,200,0.09517861450234763,29.52499999999998,0.14168913145860626,2.0,0.0,45.0,16.46964285714286,0.3044554455445545,1.9071428571428573,8.10000000000003,2.3203571428571443,1.4999999999999953,4.013455527600562,3,
2353,200,0.09508348346129337,32.299999999999976,0.1416915102832546,2.0,0.0,43.0,17.34201954397394,0.25450450450450446,2.9022801302931596,7.800000000000014,2.4460912052117245,1.8999999999999868,3.52132142336107,2,
2354,200,0.09498844750373053,37.34999999999995,0.14169273302186902,2.0,0.0,44.0,21.10702875399361,0.24230769230769234,2.6277955271565494,7.200000000000021,3.7755591054313125,3.7999999999999954,2.951822315789487,1,
2355,200,0.09489350653462311,22.724999999999984,0.14169127460357137,4.0,0.0,50.0,15.946428571428571,0.4423076923076923,1.191326530612245,10.80000000000004,3.4525510204081704,1.9499999999999986,8.930765896800207,3,
2356,200,0.09479866045903014,31.949999999999953,0.1416903448485769,2.0,0.0,40.0,18.791884816753928,0.07575757575757569,7.202879581151833,7.9000000000000075,2.4492146596858615,1.9999999999999944,2.994101371435435,2,
2357,200,0.09470390918210547,31.624999999999957,0.14169315184151868,2.0,0.0,47.0,19.53731343283582,0.3214285714285714,2.5804311774461026,10.300000000000017,2.711608623548919,1.8999999999999955,5.2625331125828065,2,
2358,200,0.09460925260909793,27.774999999999967,0.1416889142288114,2.0,0.0,46.0,18.638429752066116,0.4342105263157895,0.8801652892561983,8.400000000000034,3.0795454545454577,3.2499999999999964,4.160818381678111,2,
2359,200,0.09451469064535088,35.62499999999996,0.14168707829830748,2.0,0.0,43.0,19.162974683544302,0.24193548387096775,3.6550632911392404,6.59999999999999,2.6731012658227806,2.699999999999997,1.693711078230344,1,
2360,200,0.09442022319630235,23.799999999999965,0.14168750873722788,2.0,0.0,43.0,21.412735849056602,0.5,3.4952830188679247,6.800000000000026,4.12806603773586,4.4000000000000075,2.7125528577388605,2,
2361,200,0.09432585016748485,27.474999999999962,0.14168713724035506,2.0,0.0,42.0,19.525879917184266,0.39893617021276595,2.1511387163561078,7.600000000000019,3.7840579710145015,4.099999999999999,5.944388309728798,2,
2362,200,0.0942315714645254,35.89999999999996,0.1416918240984888,2.0,0.0,39.0,19.05529225908373,0.22083333333333344,2.721958925750395,5.099999999999995,2.6186413902053687,2.7999999999999936,1.7635747514275417,1,
2363,200,0.09413738699314529,29.92499999999996,0.14169420414206857,3.0,0.0,45.0,18.867537313432837,0.35377358490566035,3.873134328358209,9.000000000000023,3.4160447761194037,3.399999999999994,5.042148175220616,2,
2364,200,0.09404329665916,29.974999999999973,0.14169347564447865,2.0,0.0,40.0,17.39967105263158,0.25,2.5608552631578947,6.700000000000007,2.4529605263157923,1.7999999999999994,3.061479780232282,2,
2365,200,0.09394930036847918,33.54999999999997,0.14169811976731872,2.0,0.0,44.0,17.412974683544302,0.23275862068965525,3.9082278481012658,7.400000000000039,2.534493670886078,1.6999999999999948,3.9844530735586448,2,
2366,200,0.09385539802710659,34.39999999999996,0.14170131726818408,2.0,1.0,41.0,21.42200328407225,0.2626050420168067,4.504105090311987,6.000000000000016,3.7444991789819455,4.2000000000000055,1.8220148835202927,1,
2367,200,0.09376158954113986,20.424999999999983,0.141700944566357,7.0,0.0,52.0,19.418478260869566,0.5,1.6467391304347827,13.000000000000034,5.443478260869577,3.7499999999999996,20.292389918994687,3,
2368,200,0.09366787481677047,38.399999999999935,0.14170031045627934,2.0,0.0,37.0,19.88625,0.012068965517241459,9.08875,7.5000000000000036,2.6817499999999983,2.3999999999999977,1.8915198929998387,0,
2369,200,0.09357425376028367,29.04999999999997,0.14170270180244737,2.0,0.0,43.0,18.01953125,0.3712121212121212,1.572265625,7.200000000000031,2.9609375000000013,2.4999999999999982,3.7509103046810672,2,
2370,200,0.09348072627805847,23.34999999999996,0.14170221230162117,2.0,0.0,40.0,18.901960784313726,0.4441176470588235,3.026143790849673,5.500000000000025,3.095642701525057,3.6000000000000014,2.0549363014999145,2,
2371,200,0.09338729227656732,35.049999999999955,0.14170773366462924,2.0,0.0,42.0,21.364532019704434,0.27083333333333337,3.412151067323481,6.400000000000026,3.710016420361254,4.100000000000006,2.759660806729965,1,
2372,200,0.09329395166237625,34.32499999999995,0.1417101163584288,2.0,1.0,40.0,19.878594249201278,0.24145299145299148,4.023961661341853,5.400000000000001,3.0384984025559096,3.2999999999999963,1.6038414545454551,1,
2373,200,0.09320070434214457,24.92499999999998,0.14171461724430648,3.0,0.0,49.0,16.974358974358974,0.45481927710843373,1.167832167832168,10.800000000000024,3.409324009324011,1.6999999999999988,10.68402705933497,3,
2374,200,0.09310755022262504,36.22499999999996,0.1417176267869638,2.0,0.0,44.0,21.16910569105691,0.2620967741935484,3.8585365853658535,7.700000000000036,3.677235772357728,3.9000000000000017,2.7702858623461464,1,
2375,200,0.09301448921066349,33.09999999999996,0.1417253457967169,2.0,1.0,38.0,19.37715179968701,0.2158119658119657,3.832550860719875,5.500000000000014,2.86776212832551,2.9999999999999916,1.9798106387147394,1,
2376,200,0.0929215212131989,33.32499999999995,0.14172983765534794,2.0,1.0,38.0,19.44496124031008,0.20378151260504196,5.316279069767442,6.400000000000011,2.9578294573643427,2.699999999999987,2.3069093609984215,1,
2377,200,0.09282864613726323,32.37499999999996,0.14173556334097337,3.0,0.0,43.0,17.953287197231834,0.26327433628318586,3.2283737024221453,7.800000000000035,3.217128027681665,2.3999999999999972,6.211714843317418,2,
2378,200,0.09273586388998147,34.27499999999995,0.1417380333437407,2.0,0.0,42.0,20.26290322580645,0.25826446280991733,3.4629032258064516,7.600000000000015,3.1980645161290333,2.5999999999999917,3.8144900481010913,1,
2379,200,0.09264317437857132,36.62499999999996,0.14174193545326952,2.0,0.0,41.0,19.6568144499179,0.26249999999999996,1.6206896551724137,5.899999999999992,2.6853858784893205,2.499999999999997,1.2386896031061208,1,
2380,56,0.09255057751034329,3.050000000000001,0.14174452901690346,6.0,0.0,8.0,3.6534653465346536,0,0.0,2.599999999999999,1.022772277227722,0.8,0.5426039215686267,4,
2381,200,0.09245807319270043,24.549999999999983,0.141742502466579,2.0,0.0,40.0,17.461009174311926,0.4778481012658228,1.06651376146789,4.999999999999992,1.9763761467889862,1.9999999999999947,0.9813966174807279,2,
2382,200,0.0923656613331385,22.574999999999978,0.14174654551216706,6.0,0.0,52.0,17.34536082474227,0.4588607594936709,1.422680412371134,12.000000000000043,4.330154639175266,1.5999999999999996,17.54866602897521,3,
2383,200,0.09227334183924561,28.949999999999964,0.1417451788072635,4.0,0.0,50.0,17.951342281879196,0.2678571428571429,5.77013422818792,10.90000000000004,3.264429530201344,2.199999999999996,7.582615148572051,3,
2384,200,0.09218111461870225,33.27499999999996,0.14173865058895102,2.0,0.0,39.0,19.68548387096774,0.23728813559322037,5.02741935483871,5.0,2.851612903225803,2.9999999999999956,1.4196946402045765,1,
2385,200,0.09208897957928115,30.92499999999997,0.14173538217925552,3.0,0.0,51.0,18.04190476190476,0.37621359223300976,1.9961904761904763,11.600000000000028,3.182476190476191,2.499999999999999,8.872906060430193,2,
2386,200,0.09199693662884734,35.024999999999956,0.14174061640492874,2.0,0.0,41.0,19.92721518987342,0.22983870967741926,5.7895569620253164,6.000000000000002,3.1316455696202534,3.1999999999999984,2.4878655460501946,1,
2387,200,0.09190498567535783,31.37499999999996,0.1417384487081719,2.0,0.0,42.0,17.835548172757473,0.25442477876106195,4.5647840531561465,7.600000000000027,2.9313953488372118,2.299999999999997,4.200703664152923,2,
2388,200,0.09181312662686165,23.424999999999976,0.14174015719284183,2.0,0.0,46.0,17.627586206896552,0.4783950617283951,0.728735632183908,8.80000000000003,2.951954022988508,2.2999999999999967,5.9066193506109546,3,
2389,200,0.09172135939149971,24.399999999999974,0.14173997700876334,2.0,0.0,41.0,19.058962264150942,0.49691358024691357,1.7617924528301887,5.999999999999996,2.7158018867924487,2.899999999999987,1.783934751773047,2,
2390,200,0.09162968387750484,40.82499999999996,0.14174072824805184,2.0,0.0,43.0,18.93839541547278,0.15287769784172656,5.373925501432665,6.6000000000000085,2.829083094555871,2.699999999999995,2.1516657532896954,1,
2391,200,0.09153809999320149,28.699999999999974,0.1417379934624235,2.0,0.0,42.0,18.15057915057915,0.3622448979591837,1.3243243243243243,6.600000000000019,3.0361003861003906,3.299999999999997,3.6385365771849862,2,
2392,200,0.09144660764700575,32.149999999999956,0.1417390022104881,2.0,0.0,45.0,18.330838323353294,0.21638655462184864,4.107784431137724,8.300000000000034,2.5335329341317365,1.8999999999999932,3.929513090988171,3,
2393,200,0.09135520674742525,33.724999999999966,0.141733203933546,2.0,0.0,40.0,18.931232091690543,0.1484375,6.752148997134671,6.800000000000005,2.824785100286537,2.299999999999995,2.8820420440761123,1,
2394,200,0.09126389720305915,28.24999999999996,0.14173777685670397,2.0,0.0,46.0,20.40339702760085,0.4375,3.1316348195329087,9.100000000000028,4.14288747346073,4.30000000000001,4.642427875946662,2,
2395,200,0.09117267892259785,29.649999999999974,0.14173821524489022,2.0,0.0,44.0,18.224696356275302,0.3877551020408163,1.791497975708502,8.000000000000027,3.0949392712550625,2.2499999999999973,5.690908640154106,2,
2396,200,0.09108155181482308,28.799999999999976,0.14174353858543132,2.0,0.0,45.0,17.396917148362235,0.38020833333333337,2.0423892100192678,8.000000000000027,2.5955684007707123,2.0999999999999894,3.490532818532841,2,
2397,200,0.09099051578860767,28.124999999999964,0.14174381413256143,2.0,0.0,51.0,20.235294117647058,0.37149532710280375,4.531194295900178,11.800000000000043,3.739750445632802,2.899999999999999,8.594614768683346,3,
2398,200,0.09089957075291567,34.57499999999995,0.14174654752773377,2.0,0.0,47.0,20.45088566827697,0.2830578512396694,4.051529790660226,9.100000000000037,3.3233494363929177,3.399999999999998,3.6310745254641916,1,
2399,200,0.090808716616802,36.24999999999996,0.14174666141761827,2.0,1.0,45.0,19.776898734177216,0.246,3.3813291139240507,8.000000000000014,3.041455696202531,3.0999999999999988,2.499300340741526,1,
2400,200,0.09071795328941251,31.32499999999997,0.14174851242572292,6.0,0.0,50.0,15.946917808219178,0.23181818181818192,3.1986301369863015,11.20000000000002,2.611301369863013,1.599999999999996,5.637560041635536,3,
2401,200,0.09062728067998384,25.274999999999984,0.14175287352362465,3.0,0.0,49.0,16.84008097165992,0.3457446808510638,2.8724696356275303,10.400000000000045,3.5103238866396813,1.7999999999999954,9.813192738746572,3,
2402,200,0.09053669869784343,35.399999999999956,0.14174613514865197,2.0,0.0,43.0,21.157635467980295,0.2703252032520326,3.8472906403940885,6.700000000000027,3.5858784893267694,3.9000000000000097,2.547327976704071,1,
2403,200,0.09044620725240926,24.74999999999997,0.14174470967694386,2.0,0.0,40.0,18.995348837209303,0.47560975609756095,0.9604651162790697,6.3999999999999995,2.7930232558139516,2.499999999999991,2.5104300185506734,2,
2404,200,0.0903558062531899,33.94999999999996,0.14174732269587653,2.0,0.0,41.0,19.3869918699187,0.2673913043478261,3.0032520325203254,5.600000000000009,2.607967479674794,2.5999999999999983,1.8258763061043195,1,
2405,200,0.09026549560978427,32.57499999999995,0.1417467386520672,2.0,0.0,41.0,20.300492610837438,0.27155172413793105,5.331691297208539,6.200000000000013,3.0715927750410525,2.899999999999998,2.5020076574633516,1,
2406,200,0.0901752752318818,31.99999999999997,0.1417449176909452,2.0,0.0,39.0,19.238325281803544,0.26388888888888884,2.896940418679549,5.600000000000001,2.5958132045088536,2.699999999999993,1.238536407011726,2,
2407,200,0.0900851450292621,33.67499999999996,0.14174017727153929,2.0,1.0,44.0,19.583739837398372,0.27542372881355937,4.580487804878048,7.70000000000001,2.726016260162599,2.499999999999996,2.4847931384576394,1,
2408,200,0.08999510491179491,18.774999999999977,0.1417425924738439,6.0,0.0,48.0,18.048387096774192,0.5725806451612904,0.18064516129032257,10.800000000000022,4.360000000000006,3.1999999999999975,14.281838936929685,3,
2409,200,0.08990515478944011,31.049999999999955,0.14174038185434787,2.0,1.0,42.0,18.0,0.2821100917431193,3.4545454545454546,7.300000000000039,3.1632867132867175,2.7999999999999963,5.0553459073363,2,
2410,200,0.08981529457224763,18.44999999999999,0.14174204026583,7.0,0.0,43.0,14.167664670658683,0.5532786885245902,0.0658682634730539,6.6000000000000085,1.9898203592814352,1.3999999999999977,3.095073820088746,3,
2411,200,0.0897255241703572,24.049999999999986,0.1417425639916051,3.0,0.0,48.0,16.991051454138702,0.4323529411764706,1.6778523489932886,10.200000000000042,3.392170022371372,1.899999999999995,8.637901385329993,3,
2412,200,0.08963584349399842,29.52499999999997,0.14174100111508597,2.0,0.0,42.0,17.390566037735848,0.31999999999999995,1.5132075471698114,6.200000000000014,2.8383018867924528,2.7999999999999936,3.1054308132104524,2,
2413,200,0.08954625245349057,28.04999999999997,0.14174769427481326,3.0,0.0,51.0,20.203821656050955,0.4642857142857143,2.157112526539278,12.400000000000034,3.963269639065822,1.3999999999999997,17.323463577353134,2,
2414,200,0.08945675095924267,24.47499999999997,0.14174561053774548,2.0,0.0,43.0,19.713646532438478,0.46176470588235297,2.134228187919463,7.5000000000000195,3.504921700223719,3.7999999999999967,3.4693443705957896,2,
2415,200,0.08936733892175319,40.074999999999946,0.14174809449338377,2.0,0.0,40.0,19.3992443324937,0.04591836734693877,4.67632241813602,6.800000000000024,2.4628463476070523,1.9999999999999967,2.5728428307438755,1,
2416,200,0.08927801625161007,15.274999999999977,0.14174540507799044,4.0,0.0,47.0,18.772908366533866,0.6634615384615384,0.05179282868525897,9.100000000000032,3.8549800796812828,4.0000000000000036,7.746900952381003,3,
2417,200,0.08918878285949061,35.14999999999998,0.1417473711108308,2.0,0.0,48.0,18.04193548387097,0.2621951219512195,3.3629032258064515,9.80000000000004,2.962903225806455,1.899999999999997,5.757832356483804,2,
2418,200,0.08909963865616147,32.899999999999956,0.14174883963079699,2.0,1.0,40.0,19.861513687600645,0.2456896551724137,5.747181964573269,6.500000000000005,2.9697262479871194,2.8999999999999946,2.324081474950747,1,
2419,200,0.08901058355247843,29.44999999999998,0.14174540069413466,2.0,0.0,45.0,16.84915254237288,0.25934579439252337,4.647457627118644,8.000000000000039,2.548644067796612,1.6999999999999982,3.9964757439694245,2,
2420,200,0.08892161745938634,34.424999999999955,0.1417455450419397,2.0,0.0,41.0,21.302439024390242,0.25413223140495866,4.795121951219512,6.500000000000029,3.757235772357729,4.099999999999993,3.1519193916832613,1,
2421,200,0.08883274028791908,26.574999999999957,0.14174707996555838,2.0,0.0,43.0,20.57718120805369,0.44999999999999996,0.11409395973154363,8.200000000000024,4.023042505592848,4.499999999999999,5.47795283472137,2,
2422,200,0.08874395194919957,34.69999999999996,0.1417471257603068,2.0,0.0,38.0,19.770334928229666,0.22435897435897445,3.3779904306220097,6.100000000000001,2.984848484848485,3.0999999999999956,1.4124853482835147,1,
2423,200,0.08865525235443938,26.674999999999972,0.14174562577181377,3.0,0.0,42.0,18.006369426751593,0.4297752808988764,0.5881104033970276,6.400000000000008,2.704670912951164,2.499999999999998,2.349033357374685,2,
2424,200,0.08856664141493896,36.299999999999955,0.14174612749670767,2.0,0.0,41.0,20.43225806451613,0.24186991869918706,3.7693548387096776,5.900000000000001,3.299677419354836,3.4999999999999942,1.6948752728284955,1,
2425,200,0.08847811904208727,31.649999999999963,0.141737295621317,2.0,0.0,45.0,18.70607553366174,0.30963302752293576,2.7060755336617404,8.200000000000006,2.1149425287356283,1.899999999999992,2.2250864969801585,3,
2426,200,0.08838968514736205,23.549999999999965,0.14173649669337357,2.0,1.0,49.0,19.7919621749409,0.5060975609756098,1.1796690307328606,11.000000000000034,4.103782505910169,3.199999999999991,10.139616829115694,3,
2427,200,0.08830133964232935,29.999999999999975,0.14173736441858015,2.0,1.0,43.0,17.741811175337187,0.36616161616161613,2.813102119460501,6.700000000000008,2.802504816955683,2.1999999999999966,3.065727650727659,2,
2428,200,0.08821308243864363,27.749999999999975,0.141739739116665,3.0,0.0,42.0,19.038775510204083,0.381578947368421,1.3183673469387756,7.0000000000000195,3.589795918367356,4.300000000000015,4.3995060370930705,2,
2429,200,0.08812491344804767,26.249999999999964,0.14174278863854264,2.0,1.0,42.0,20.034412955465587,0.36979166666666663,4.1417004048583,8.400000000000022,4.224493927125517,4.450000000000012,5.500374003729022,2,
2430,200,0.08803683258237255,28.17499999999997,0.14174272473615956,2.0,0.0,43.0,20.415132924335378,0.40816326530612246,2.486707566462168,9.300000000000024,4.156646216768924,4.400000000000001,5.987102542656458,2,
2431,200,0.08794883975353733,31.474999999999966,0.14174559514714274,2.0,0.0,44.0,18.228163992869874,0.339622641509434,2.17825311942959,7.200000000000021,2.6370766488413513,2.2999999999999923,2.4454067107270094,2,
2432,200,0.0878609348735492,32.274999999999984,0.14174660127680414,2.0,1.0,37.0,15.832535885167465,0.21296296296296302,2.6299840510366828,3.5999999999999988,1.4996810207336466,1.4999999999999885,0.48022440528275673,2,
2433,200,0.08777311785450327,41.349999999999966,0.14174283140533475,2.0,0.0,39.0,18.24355670103093,0.06071428571428572,5.545103092783505,4.7,1.9682989690721606,1.8999999999999888,1.0991515091127961,1,
2434,200,0.08768538860858248,36.14999999999996,0.14173803096041684,2.0,0.0,41.0,19.32930513595166,0.18511450381679384,5.231117824773414,7.199999999999999,2.9938066465256816,2.849999999999995,2.765390913260465,1,
2435,200,0.08759774704805763,36.34999999999996,0.14173531798543246,2.0,0.0,40.0,18.934402332361515,0.16015625,5.303206997084548,6.300000000000002,2.825218658892128,2.799999999999997,2.2460014449792336,1,
2436,200,0.08751019308528712,32.574999999999974,0.14172744512823737,2.0,1.0,39.0,18.926108374384235,0.2588495575221239,3.2085385878489325,4.599999999999992,2.246962233169124,2.1999999999999953,1.185778041415008,1,
2437,200,0.08742272663271701,28.849999999999966,0.14172717572642465,3.0,0.0,43.0,18.38150289017341,0.37244897959183676,2.5221579961464355,7.500000000000032,3.1042389210019294,2.3999999999999986,4.293177160677198,2,
2438,200,0.08733534760288077,19.099999999999984,0.14173066980701518,3.0,0.0,50.0,18.277397260273972,0.6516393442622951,0.08904109589041095,11.100000000000026,4.023630136986305,2.349999999999997,12.71524142945949,3,
2439,200,0.08724805590839944,33.474999999999945,0.14172909280154253,2.0,0.0,43.0,20.739837398373982,0.28361344537815125,5.760975609756097,7.100000000000028,3.4196747967479713,3.3999999999999915,2.962466263378344,1,
2440,200,0.0871608514619813,37.92499999999997,0.1417266423811675,2.0,0.0,39.0,19.57875,0.03275862068965507,10.1225,6.6,2.4972499999999958,2.3999999999999946,1.5486448572575908,0,
2441,200,0.08707373417642188,35.79999999999997,0.14172703947719947,2.0,0.0,42.0,19.154624277456648,0.1635338345864661,5.80635838150289,6.499999999999995,2.960693641618498,2.8999999999999977,2.153228292852039,1,
2442,200,0.08698670396460385,38.74999999999996,0.14173412531608517,2.0,1.0,42.0,18.10735294117647,0.1774809160305344,5.026470588235294,6.0000000000000036,2.320294117647055,2.3999999999999964,1.3582381449786827,1,
2443,200,0.08689976073949708,25.249999999999964,0.14174048112262944,2.0,0.0,42.0,19.03191489361702,0.4185393258426966,1.4148936170212767,7.00000000000002,3.380638297872341,3.3999999999999977,3.017319634765225,2,
2444,200,0.08681290441415829,34.899999999999956,0.14174777326050111,2.0,0.0,42.0,20.57487922705314,0.25409836065573765,5.703703703703703,7.900000000000016,3.3977455716586147,3.0999999999999974,3.0280542993465605,1,
2445,200,0.08672613490173114,24.32499999999998,0.1417509471172302,9.0,0.0,52.0,15.983412322274882,0.3735294117647059,2.2298578199052135,12.700000000000035,3.645734597156404,1.3999999999999988,14.326780265381954,3,
2446,200,0.0866394521154461,25.124999999999968,0.14174992193895802,2.0,1.0,38.0,17.410752688172042,0.4285714285714286,1.89247311827957,4.69999999999999,2.2486021505376304,2.199999999999995,1.388353929258542,2,
2447,200,0.08655285596862042,32.024999999999956,0.14174574518054434,2.0,0.0,39.0,19.945812807881772,0.26801801801801806,3.7339901477832513,6.099999999999999,2.8587848932676505,2.999999999999988,1.5431494823123417,1,
2448,200,0.08646634637465792,25.674999999999976,0.14175024811226786,2.0,0.0,41.0,18.528662420382165,0.42816091954022983,0.7664543524416136,7.000000000000015,3.018046709129512,2.799999999999998,2.9758023800937816,2,
2449,200,0.086379923247049,31.674999999999976,0.14175155990426094,2.0,1.0,44.0,17.756993006993007,0.29054054054054057,4.508741258741258,7.500000000000017,3.0174825174825166,2.599999999999995,4.128832855007759,2,
2450,200,0.0862935864993705,34.52499999999996,0.14175876123343725,2.0,0.0,41.0,20.201288244766506,0.24583333333333335,4.708534621578099,6.400000000000014,3.173590982286635,3.299999999999998,2.741628513639675,1,
2451,200,0.08620733604528572,28.32499999999997,0.14175943108165626,2.0,0.0,43.0,17.797071129707113,0.40053763440860213,1.1527196652719665,6.70000000000002,2.742259414225942,2.299999999999998,3.8676871364609315,2,
2452,200,0.08612117179854416,40.424999999999955,0.14175812497010093,2.0,0.0,42.0,19.19875,0.04591836734693877,7.245,6.8,2.2692499999999964,2.099999999999995,2.1677078245434807,0,
2453,200,0.08603509367298158,39.224999999999966,0.14175658863089705,2.0,0.0,39.0,17.93435754189944,0.1212121212121211,6.251396648044692,4.499999999999991,2.1910614525139613,2.0999999999999948,0.8526871287708073,1,
2454,200,0.08594910158251981,34.59999999999995,0.14175602713147706,3.0,0.0,41.0,20.850574712643677,0.2583333333333333,4.292282430213465,7.700000000000016,3.401642036124795,3.1999999999999944,4.528679465056096,1,
2455,200,0.08586319544116683,36.124999999999964,0.1417594434720781,2.0,0.0,40.0,19.484702093397747,0.23750000000000004,2.78743961352657,5.600000000000009,2.743639291465375,2.5999999999999983,1.5095165957888204,1,
2456,200,0.08577737516301644,37.09999999999995,0.14176495450641446,2.0,0.0,44.0,22.198686371100163,0.2618110236220472,6.371100164203613,7.60000000000002,4.210509031198696,5.000000000000001,4.083775776531527,1,
2457,200,0.08569164066224835,30.974999999999945,0.14177414287905138,3.0,0.0,43.0,20.727580372250422,0.31194690265486724,5.16751269035533,8.000000000000021,3.6093062605752992,3.6999999999999944,3.73797824095284,2,
2458,200,0.08560599185312803,29.074999999999967,0.14177263507025506,2.0,0.0,45.0,19.163346613545816,0.38366336633663367,3.308764940239044,8.700000000000019,3.5828685258964184,3.4499999999999957,5.241281095859999,2,
2459,200,0.08552042865000674,25.749999999999968,0.14177805658074044,2.0,0.0,44.0,19.90366972477064,0.4852941176470589,1.5229357798165137,7.200000000000032,3.4419724770642226,3.4999999999999982,3.560940529735156,2,
2460,200,0.08543495096732123,31.29999999999996,0.1417829537178244,2.0,0.0,42.0,17.78846153846154,0.286697247706422,2.8146853146853146,7.800000000000012,2.979720279720284,2.499999999999997,3.982712793757645,2,
2461,200,0.08534955871959381,18.649999999999984,0.14178269028308288,4.0,0.0,48.0,17.331460674157302,0.5142857142857142,1.8314606741573034,9.700000000000047,4.04438202247192,3.4499999999999984,8.513097407977357,3,
2462,200,0.08526425182143217,35.399999999999956,0.14178038430673148,2.0,0.0,42.0,19.71361502347418,0.2337398373983739,4.259780907668231,6.100000000000026,3.069640062597808,3.1999999999999984,2.0478469827586294,1,
2463,200,0.0851790301875295,32.924999999999955,0.14178142521254267,2.0,0.0,41.0,20.427642276422763,0.2584745762711864,5.6536585365853655,6.9000000000000155,3.2323577235772363,3.200000000000008,1.919136913575032,1,
2464,200,0.08509389373266411,29.874999999999957,0.14178959365057017,2.0,0.0,43.0,19.866666666666667,0.30405405405405406,5.01025641025641,7.500000000000019,3.6365811965812007,3.7,3.936382720089802,2,
2465,195,0.08500884237169956,23.174999999999997,0.14179243042249307,26.0,1.0,31.0,13.686868686868687,0,2.9535353535353535,6.300000000000014,2.088686868686872,1.5999999999999988,2.461781050019601,4,
2466,200,0.08492387601958441,32.64999999999995,0.1417941328820802,2.0,0.0,42.0,18.99591836734694,0.12593984962406024,9.877551020408163,7.300000000000004,2.785442176870748,2.2999999999999976,3.307100313943854,2,
2467,200,0.08483899459135241,38.02499999999995,0.14179570046079845,2.0,0.0,40.0,19.201351351351352,0.09751773049645385,8.81081081081081,5.900000000000016,2.8383783783783785,2.7999999999999963,2.1618553722705918,1,
2468,200,0.08475419800212207,30.524999999999974,0.14179969142440738,2.0,0.0,41.0,18.151183970856103,0.3422330097087378,3.6065573770491803,5.499999999999994,2.5624772313296877,2.3999999999999972,1.4924767750497665,2,
2469,200,0.08466948616709678,33.37499999999995,0.141801020432624,3.0,0.0,44.0,20.884057971014492,0.2830578512396694,7.322061191626409,7.600000000000007,3.583252818035429,3.499999999999994,3.18578254330466,2,
2470,200,0.08458485900156469,24.174999999999983,0.14180972702941774,2.0,0.0,39.0,17.036363636363635,0.3928571428571429,1.97979797979798,5.399999999999993,2.360202020202016,2.2999999999999923,1.5917761525401595,3,
2471,200,0.08450031642089868,28.124999999999975,0.14181294924976423,2.0,1.0,42.0,18.135627530364374,0.3868421052631579,3.194331983805668,6.900000000000022,2.997773279352228,3.199999999999994,3.4031466388018283,2,
2472,200,0.08441585834055614,36.24999999999996,0.14181416488551793,2.0,1.0,43.0,19.499252615844544,0.19881889763779537,6.249626307922272,7.000000000000031,3.1252615844544107,2.9,2.864405621592655,1,
2473,200,0.08433148467607897,33.974999999999966,0.14181398443499332,2.0,0.0,47.0,19.3321554770318,0.2966101694915254,4.810954063604241,9.60000000000002,4.050706713780922,3.2999999999999954,7.432699380374932,2,
2474,200,0.08424719534309347,33.74999999999997,0.14181424159071854,2.0,0.0,41.0,19.555008210180624,0.2894736842105263,3.1461412151067325,5.900000000000001,2.6243021346469573,2.3999999999999977,1.678297346850734,2,
2475,200,0.08416299025731036,32.49999999999997,0.1418152462616013,2.0,0.0,40.0,17.012779552715656,0.20132743362831862,2.5559105431309903,6.600000000000005,2.5151757188498403,2.099999999999996,3.1721899330143657,2,
2476,200,0.08407886933452453,37.34999999999995,0.14181406571543895,2.0,0.0,41.0,19.039772727272727,0.14393939393939403,5.279829545454546,7.000000000000043,2.8829545454545493,2.3999999999999924,3.252727379114873,1,
2477,200,0.08399483249061504,30.84999999999998,0.14181312761731546,2.0,0.0,42.0,17.8719723183391,0.2727272727272727,5.124567474048443,7.500000000000003,3.106055363321803,2.7499999999999973,3.851134029567524,2,
2478,200,0.083910879641545,39.099999999999966,0.1418146812452592,2.0,0.0,40.0,19.022255192878337,0.166030534351145,4.6765578635014835,5.400000000000005,2.8550445103857554,3.2499999999999973,2.0327164162676796,1,
2479,200,0.08382701070336164,32.69999999999996,0.14181375227972512,2.0,0.0,42.0,20.547967479674796,0.2799145299145299,3.9788617886178863,7.399999999999999,3.3045528455284563,3.299999999999998,3.724086678793526,1,
2480,200,0.08374322559219596,25.62499999999997,0.141812683757325,2.0,0.0,44.0,18.880733944954127,0.4852941176470589,0.42660550458715596,7.200000000000008,2.828211009174309,2.7999999999999945,2.498964991188615,2,
2481,200,0.08365952422426286,23.59999999999998,0.14181194542054446,4.0,1.0,52.0,17.587786259541986,0.475,0.361323155216285,13.00000000000003,4.266666666666673,1.4999999999999982,18.949774940433116,3,
2482,200,0.0835759065158609,27.74999999999997,0.14181527597340501,2.0,0.0,41.0,18.581854043392504,0.35416666666666663,3.3727810650887573,6.900000000000002,3.430966469428012,3.5999999999999983,3.7200220192337845,2,
2483,200,0.08349237238337248,28.899999999999963,0.1418125510681406,2.0,0.0,44.0,17.708041958041957,0.2971698113207547,5.533216783216783,7.800000000000032,2.9314685314685343,2.699999999999995,3.5158386590990616,2,
2484,200,0.08340892174326339,33.32499999999996,0.1418145308611446,2.0,0.0,45.0,18.913705583756347,0.3070175438596491,3.186125211505922,8.000000000000023,2.993062605752959,2.599999999999998,3.7359862574438965,2,
2485,200,0.083325554512083,28.19999999999996,0.1418098541471638,2.0,0.0,40.0,19.084745762711865,0.3520408163265306,2.3804143126177024,7.3000000000000105,3.3798493408662953,3.5999999999999983,3.116309334657422,2,
2486,200,0.08324227060646401,33.849999999999966,0.14181044839434637,2.0,0.0,40.0,19.012539184952978,0.22478991596638664,4.056426332288401,5.6,2.639968652037615,2.8999999999999932,1.753438162552849,1,
2487,200,0.08315906994312262,29.44999999999996,0.14181569274148464,2.0,0.0,47.0,18.071955719557195,0.3480392156862745,2.680811808118081,10.000000000000027,3.148523985239854,2.199999999999994,7.228278884679196,2,
2488,200,0.0830759524388581,32.52499999999996,0.1418211936149836,2.0,0.0,44.0,18.343354430379748,0.25,2.713607594936709,8.100000000000023,2.7281645569620268,1.6999999999999984,5.122194265227631,2,
2489,200,0.08299291801055293,25.64999999999997,0.14182392678387962,1.0,0.0,42.0,20.56937799043062,0.5,0.645933014354067,6.9000000000000234,3.503349282296651,3.4999999999999902,2.9398620673866804,2,
2490,200,0.08290996657517266,27.124999999999968,0.1418253043799598,2.0,1.0,42.0,17.869281045751634,0.43333333333333335,3.128540305010893,6.300000000000004,2.551851851851851,2.099999999999996,2.969656635655982,2,
2491,200,0.08282709804976592,31.52499999999997,0.1418277778671435,2.0,0.0,44.0,18.723076923076924,0.22033898305084754,5.621538461538462,8.200000000000006,3.114615384615388,2.199999999999999,5.531937945415303,2,
2492,200,0.08274431235146412,33.22499999999996,0.1418308207283185,2.0,0.0,49.0,19.266457680250785,0.27941176470588236,3.9858934169278997,10.200000000000038,2.792319749216301,1.7999999999999976,5.732604000068837,2,
2493,200,0.08266160939748157,29.699999999999974,0.14182832634826298,2.0,0.0,44.0,17.80761904761905,0.33333333333333337,2.7542857142857144,7.700000000000045,3.0636190476190537,3.1999999999999944,4.024424360723342,2,
2494,200,0.08257898910511527,35.449999999999974,0.14182898092160148,2.0,0.0,40.0,18.966763005780347,0.16015625,7.013005780346821,5.8000000000000105,2.8479768786127164,2.7999999999999945,1.8046095020914212,1,
2495,200,0.08249645139174498,25.499999999999964,0.14182765959637877,2.0,0.0,43.0,20.855813953488372,0.4772727272727273,1.6,7.200000000000012,3.909302325581396,3.6999999999999993,3.592304988128672,2,
2496,200,0.08241399617483297,28.399999999999977,0.14182698816407144,2.0,1.0,40.0,17.151459854014597,0.30500000000000005,3.2025547445255476,6.700000000000003,2.637226277372266,2.2999999999999927,2.962967136525464,2,
2497,200,0.08233162337192401,34.99999999999996,0.14183114352176088,2.0,0.0,41.0,19.864734299516908,0.2629310344827587,2.7359098228663448,5.900000000000007,2.9716586151368745,2.699999999999993,1.967285603153208,1,
2498,200,0.08224933290064523,40.94999999999996,0.14183360674314777,2.0,0.0,40.0,18.707792207792206,0.07167832167832167,5.9246753246753245,6.300000000000009,2.3058441558441536,1.8999999999999966,2.0304238158607215,1,
2499,200,0.08216712467870625,25.87499999999997,0.14183690974344135,2.0,0.0,51.0,18.828092243186582,0.46808510638297873,4.182389937106918,11.400000000000045,3.1681341719077625,1.4999999999999964,8.643676646390853,2,
2500,200,0.0820849986238988,38.94999999999995,0.14183546731489666,2.0,0.0,36.0,18.92,0.012589928057553879,6.48625,5.700000000000013,2.102,1.6499999999999948,1.862298909842061,0,
2501,200,0.08200295465409681,39.524999999999956,0.14183464766936502,2.0,0.0,44.0,21.483076923076922,0.20255474452554734,5.598461538461539,8.100000000000021,4.216769230769236,4.199999999999998,4.287375094378952,1,
2502,200,0.08192099268725626,34.34999999999996,0.14183919921702692,3.0,1.0,40.0,19.572357723577237,0.2542372881355932,3.8666666666666667,6.199999999999996,2.7191869918699156,2.899999999999995,2.088417868776172,1,
2503,200,0.08183911264141527,28.449999999999967,0.14184114722893193,2.0,0.0,48.0,18.630885122410547,0.395,2.335216572504708,9.700000000000037,2.9866290018832418,1.5999999999999956,8.343146474677322,2,
2504,200,0.08175731443469375,27.87499999999998,0.14184394679191376,3.0,0.0,47.0,17.01865671641791,0.33585858585858586,3.1324626865671643,9.400000000000032,2.6358208955223903,1.4999999999999998,5.527019683600521,3,
2505,200,0.08167559798529346,36.07499999999996,0.14184391365013616,2.0,0.0,39.0,18.278582930756844,0.23717948717948723,2.2689210950080514,4.499999999999986,2.0199677938808307,1.9999999999999973,0.7635646198527077,1,
2506,200,0.08159396321149794,18.07499999999998,0.14184473787186402,5.0,0.0,46.0,16.774390243902438,0.5595238095238095,1.5091463414634145,8.700000000000026,3.5637195121951297,3.5500000000000047,6.76127706050218,3,
2507,200,0.08151241003167246,35.924999999999955,0.1418463044310961,2.0,0.0,44.0,20.352134146341463,0.21969696969696972,6.75,8.400000000000006,3.5759146341463417,3.2999999999999936,3.736501748637704,1,
2508,200,0.08143093836426381,37.57499999999997,0.14184632515038884,2.0,0.0,39.0,18.70054945054945,0.10555555555555562,8.752747252747254,4.899999999999998,2.6032967032966967,2.5999999999999943,1.3344421990894029,1,
2509,200,0.0813495481278003,30.499999999999968,0.14185035736065266,3.0,0.0,45.0,18.595628415300546,0.31481481481481477,3.285974499089253,7.800000000000031,3.5821493624772356,3.8999999999999986,5.247094027869973,2,
2510,200,0.08126823924089167,27.174999999999965,0.14185309654072434,2.0,0.0,43.0,19.881147540983605,0.3936170212765957,2.1577868852459017,8.300000000000033,4.055737704918046,4.900000000000003,5.695933619715942,2,
2511,200,0.08118701162222909,29.899999999999974,0.14185358613961985,2.0,0.0,44.0,17.155555555555555,0.39583333333333337,0.5232323232323233,7.80000000000001,2.422020202020201,1.8999999999999932,3.9924000914196203,2,
2512,200,0.0811058651905849,38.424999999999955,0.14185320384578695,2.0,1.0,43.0,20.004225352112677,0.13928571428571423,8.264788732394367,7.3000000000000345,3.4497183098591595,3.1000000000000005,3.6512113890327424,1,
2513,200,0.08102479986481265,24.499999999999975,0.14185209676503258,2.0,0.0,38.0,17.717439293598233,0.43518518518518523,2.1611479028697573,4.1999999999999895,2.366445916114785,2.79999999999999,1.2215290826868277,2,
2514,200,0.08094381556384699,28.84999999999995,0.14184866332243184,2.0,0.0,41.0,20.158813263525307,0.3200934579439252,4.69109947643979,6.600000000000014,3.510645724258294,3.599999999999995,3.2077672936819557,2,
2515,200,0.08086291220670366,26.999999999999968,0.14184765879268346,2.0,0.0,44.0,18.910931174089068,0.381578947368421,3.7469635627530367,8.500000000000021,3.550404858299597,3.1999999999999966,6.031957751961846,2,
2516,200,0.08078208971247929,33.49999999999995,0.1418464588452764,2.0,0.0,41.0,20.063191153238545,0.24159663865546221,6.1469194312796205,6.700000000000009,3.2233807266982653,3.399999999999999,2.5645150341412917,1,
2517,200,0.08070134800035135,33.39999999999996,0.1418508215868793,2.0,0.0,42.0,19.630331753554504,0.2584033613445378,6.0,6.500000000000004,2.9636650868878345,2.8999999999999937,2.568354430379755,2,
2518,200,0.08062068698957811,35.62499999999995,0.1418539617566945,2.0,0.0,41.0,21.34185303514377,0.2338709677419355,4.656549520766773,6.400000000000025,3.9164536741214118,4.3000000000000185,2.772276287081358,1,
2519,200,0.08054010659949862,28.149999999999963,0.14186017680104587,2.0,0.0,55.0,18.470588235294116,0.31756756756756754,5.7825311942959,14.700000000000031,3.92798573975045,1.9999999999999991,16.841569776309168,3,
2520,200,0.08045960674953244,29.999999999999957,0.14185854450306074,2.0,0.0,47.0,17.444625407166125,0.25,4.263843648208469,9.000000000000032,2.8008143322475565,1.8999999999999964,6.562345734028339,3,
2521,200,0.0803791873591797,32.42499999999996,0.14186100999508214,3.0,1.0,42.0,18.78680203045685,0.2995495495495496,2.49746192893401,6.1,2.7717428087986438,2.5999999999999948,2.4386501374255682,2,
2522,200,0.08029884834802099,36.099999999999945,0.1418631637013075,2.0,1.0,41.0,19.986880466472304,0.15977443609022557,8.431486880466473,6.00000000000001,3.456705539358605,3.7999999999999985,2.373218096239886,1,
2523,200,0.08021858963571736,25.649999999999974,0.1418670869302491,3.0,0.0,44.0,19.73394495412844,0.4825581395348837,1.651376146788991,7.900000000000013,3.3401376146789006,3.4999999999999964,4.603069149635725,2,
2524,200,0.08013841114201005,31.749999999999957,0.14187355933611706,2.0,0.0,45.0,19.886486486486486,0.34545454545454546,3.255855855855856,8.100000000000023,3.6888288288288327,3.599999999999998,4.1816185102459835,2,
2525,200,0.08005831278672054,27.67499999999996,0.14187036544702375,2.0,0.0,42.0,18.5,0.3391089108910891,5.479007633587786,6.900000000000025,3.42099236641222,3.7999999999999963,3.875642137849435,2,
2526,200,0.07997829448975048,38.74999999999994,0.14187076690187225,2.0,0.0,41.0,19.138107416879794,0.06164383561643838,7.739130434782608,6.400000000000002,2.4423273657289006,1.9,2.6416781870837407,1,
2527,200,0.0798983561710816,33.874999999999964,0.14186941340993592,2.0,0.0,39.0,19.211382113821138,0.2543859649122807,2.0569105691056913,5.899999999999994,2.502601626016257,2.1999999999999984,1.637916261263169,1,
2528,200,0.07981849775077554,29.749999999999957,0.14187208416263514,2.0,1.0,45.0,19.34083044982699,0.3136363636363636,5.257785467128028,8.300000000000011,3.501557093425612,3.4999999999999947,4.598436945310025,2,
2529,200,0.0797387191489739,31.324999999999967,0.14187727371456563,2.0,0.0,46.0,18.406779661016948,0.37857142857142856,1.4576271186440677,8.400000000000022,2.85216572504708,2.399999999999997,3.7298155057455116,2,
2530,200,0.07965902028589801,23.99999999999998,0.1418791835717461,2.0,1.0,38.0,18.325892857142858,0.44375,1.9799107142857142,4.799999999999995,2.6868303571428522,2.8999999999999977,1.1862833639756218,2,
2531,200,0.07957940108184908,35.37499999999995,0.14187974855709864,2.0,0.0,42.0,20.112721417069242,0.25,4.0756843800322065,7.300000000000029,3.120450885668279,2.9999999999999916,3.270492013276652,1,
2532,200,0.07949986145720786,29.44999999999995,0.14188705721155392,2.0,0.0,44.0,20.258119658119657,0.3247663551401869,4.150427350427351,9.000000000000021,3.412991452991456,2.8999999999999995,4.920597737154638,2,
2533,200,0.07942040133243472,27.049999999999972,0.14188999331664548,3.0,0.0,53.0,17.12890625,0.3242574257425742,4.44921875,12.900000000000038,3.7554687500000052,1.6999999999999968,16.09440648806196,3,
2534,200,0.0793410206280695,34.824999999999946,0.14189195816648456,2.0,1.0,45.0,20.427432216905903,0.2540322580645161,5.409888357256778,8.5,3.379106858054225,2.8999999999999937,4.613115880832726,1,
2535,200,0.07926171926473155,30.69999999999996,0.14189449409791358,3.0,1.0,48.0,18.03523489932886,0.2857142857142857,4.050335570469799,11.200000000000022,3.097315436241614,1.39999999999999,11.573079064791822,2,
2536,200,0.07918249716311948,26.924999999999976,0.14189900181438989,3.0,0.0,44.0,18.052525252525253,0.38586956521739135,1.6484848484848484,7.500000000000015,3.0426262626262672,3.299999999999996,3.7547033759958355,2,
2537,200,0.07910335424401117,18.77499999999998,0.14190011643748668,3.0,1.0,49.0,17.070967741935483,0.5357142857142857,0.3387096774193548,10.600000000000032,3.88580645161291,3.1499999999999977,10.154613887761638,3,
2538,200,0.07902429042826366,33.72499999999997,0.14190456879239152,3.0,0.0,47.0,18.172774869109947,0.3108695652173913,2.4973821989528795,10.30000000000002,3.1472949389179763,2.2999999999999954,7.225690955386104,2,
2539,200,0.07894530563681319,26.624999999999964,0.14190927873077022,2.0,1.0,45.0,20.510729613733904,0.4402173913043478,2.272532188841202,8.200000000000044,4.208583690987135,4.499999999999999,5.8005538900785645,2,
2540,200,0.07886639979067495,30.09999999999995,0.14191675412048083,2.0,0.0,45.0,19.280977312390924,0.31818181818181823,4.366492146596858,8.200000000000033,3.532635253054107,3.999999999999998,4.709019090665472,2,
2541,200,0.07878757281094306,36.499999999999964,0.14191914116440704,2.0,0.0,39.0,19.218500797448165,0.22899159663865554,1.2695374800637957,5.500000000000001,2.6537480063795864,2.499999999999996,2.1645967216784423,1,
2542,200,0.07870882461879052,30.124999999999954,0.14192330370261166,2.0,1.0,42.0,20.083778966131906,0.33490566037735847,2.750445632798574,7.800000000000033,3.6039215686274577,3.8000000000000043,4.092831850533848,2,
2543,200,0.07863015513546918,37.12499999999996,0.14192461310744303,2.0,1.0,43.0,19.721951219512196,0.266260162601626,1.334959349593496,6.800000000000013,2.8089430894308927,2.9999999999999964,2.2017957612420207,1,
2544,200,0.07855156428230954,34.57499999999996,0.14192071312361174,3.0,1.0,48.0,17.869436201780417,0.1875,5.277448071216617,10.000000000000034,2.7508902077151327,1.699999999999996,6.56467983049919,2,
2545,200,0.07847305198072073,27.849999999999973,0.14192296921750958,2.0,0.0,44.0,17.707509881422926,0.38020833333333337,3.4980237154150196,7.400000000000034,2.82707509881423,2.2999999999999945,3.4697350362255452,2,
2546,200,0.0783946181521904,25.299999999999972,0.1419234872415964,3.0,1.0,51.0,18.06971677559913,0.4444444444444444,1.9542483660130718,11.400000000000036,3.7217864923747315,2.5999999999999983,9.357260394911776,3,
2547,200,0.07831626271828479,31.874999999999954,0.1419233003673463,2.0,0.0,42.0,19.183783783783785,0.3387850467289719,1.8756756756756756,7.100000000000027,3.1255855855855854,2.6999999999999975,3.188653027036874,2,
2548,200,0.07823798560064842,35.82499999999995,0.14192156001807832,2.0,0.0,45.0,19.644329896907216,0.09507042253521125,9.246134020618557,8.200000000000044,2.808762886597938,2.2999999999999994,3.5654445966704413,1,
2549,200,0.07815978672100418,40.74999999999994,0.1419244743290933,2.0,0.0,41.0,19.84875,0.03716216216216206,8.01875,6.300000000000007,2.6592500000000006,2.199999999999995,2.4727933012395584,0,
2550,200,0.07808166600115313,21.57499999999997,0.14192712466442248,2.0,0.0,48.0,18.3075,0.5032467532467533,1.3325,10.80000000000002,4.039750000000004,2.3999999999999977,12.697174294839414,3,
2551,200,0.07800362336297463,36.74999999999997,0.14192977940838272,2.0,0.0,41.0,18.26201550387597,0.22154471544715437,1.9736434108527132,5.70000000000001,2.2480620155038733,2.2999999999999967,2.098253225775439,1,
2552,200,0.077925658728426,28.67499999999997,0.14193315157852204,2.0,1.0,43.0,18.800429184549355,0.42553191489361697,0.8090128755364807,7.700000000000012,3.182403433476397,2.4999999999999973,5.610274135985837,2,
2553,200,0.07784777201954257,31.799999999999976,0.14193463450854316,2.0,0.0,45.0,17.18119658119658,0.3113207547169812,2.064957264957265,7.900000000000015,2.1535042735042706,1.7999999999999918,2.703008438917209,2,
2554,200,0.07776996315843764,29.424999999999976,0.14193954837930528,2.0,0.0,46.0,18.66044776119403,0.33490566037735847,4.317164179104478,9.000000000000037,3.5940298507462742,3.299999999999997,5.762372474286059,2,
2555,200,0.07769223206730236,31.14999999999995,0.14194486874620285,3.0,0.0,44.0,20.472663139329807,0.3348214285714286,5.885361552028218,7.700000000000038,3.770546737213411,3.8000000000000114,5.50227131339277,2,
2556,200,0.07761457866840563,35.14999999999995,0.14194541768261462,2.0,0.0,43.0,20.753918495297807,0.2420634920634921,5.023510971786834,7.100000000000013,3.684796238244519,3.8000000000000007,3.04446284544878,1,
2557,200,0.07753700288409404,34.29999999999996,0.14194422591075723,3.0,1.0,41.0,19.23481116584565,0.28125,1.8604269293924467,5.800000000000012,2.4321839080459746,2.199999999999995,2.034963114754104,1,
2558,200,0.07745950463679176,34.824999999999946,0.14194270205036616,2.0,1.0,43.0,21.429951690821255,0.26639344262295084,4.093397745571659,7.9000000000000234,3.9107890499194915,4.000000000000013,3.561937921377477,1,
2559,200,0.0773820838490006,36.349999999999966,0.14194370142259882,2.0,0.0,41.0,19.54491017964072,0.1807692307692308,5.706586826347305,6.5000000000000036,3.1488023952095827,3.300000000000014,2.56513904482737,1,
2560,200,0.07730474044329974,32.57499999999995,0.14194488251473347,2.0,1.0,42.0,20.316614420062695,0.25,4.667711598746082,6.3000000000000265,3.422413793103457,3.6999999999999984,2.7039400014249426,2,
2561,200,0.07722747434234577,24.04999999999997,0.14194606131330065,2.0,0.0,51.0,19.913953488372094,0.5264705882352941,1.7906976744186047,11.500000000000039,3.801860465116286,1.3,14.73584367681824,3,
2562,200,0.07715028546887258,41.44999999999995,0.14195042371097558,2.0,0.0,43.0,19.197732997481108,0.06506849315068486,6.721662468513854,6.9000000000000155,2.3419395465994928,1.9999999999999907,2.254227017852764,1,
2563,200,0.07707317374569124,28.349999999999962,0.14194998482247598,2.0,0.0,45.0,18.988814317673377,0.4642857142857143,0.03803131991051454,8.000000000000009,3.0552572706935117,3.0999999999999917,3.831842769058306,2,
2564,200,0.07699613909569011,27.24999999999997,0.14195177837854472,2.0,0.0,43.0,19.12608695652174,0.4388888888888889,1.017391304347826,6.70000000000002,3.238913043478265,3.7999999999999954,3.8609605432918115,2,
2565,200,0.0769191814418345,32.59999999999997,0.14195466508993876,2.0,1.0,43.0,18.54726368159204,0.27192982456140347,2.0729684908789388,6.800000000000018,3.1135986733001717,2.799999999999993,3.7345848826208745,2,
2566,200,0.07684230070716673,33.84999999999996,0.1419578223308417,3.0,1.0,43.0,20.07390648567119,0.2112403100775193,6.2277526395173455,8.00000000000002,3.445399698340879,2.599999999999997,5.774105849379435,1,
2567,200,0.07676549681480604,37.69999999999996,0.14195768921366786,2.0,0.0,42.0,20.45977011494253,0.2581967213114754,4.205254515599343,6.199999999999997,3.1671592775041044,3.0999999999999917,2.3237224978429736,1,
2568,200,0.0766887696879486,28.099999999999955,0.14196024966404006,2.0,0.0,49.0,20.145077720207254,0.32407407407407407,4.005181347150259,10.700000000000038,3.9369602763385196,2.800000000000005,10.506748180408126,3,
2569,200,0.07661211924986724,26.949999999999974,0.1419631005011029,1.0,0.0,48.0,19.544052863436125,0.47777777777777775,0.698237885462555,9.800000000000018,3.4740088105726863,2.999999999999994,5.454328894064011,2,
2570,200,0.07653554542391151,37.899999999999956,0.14196933489647706,2.0,1.0,43.0,20.080669710806696,0.1936090225563909,4.0228310502283104,7.300000000000005,3.4188736681887413,3.4000000000000252,3.6016003780858634,1,
2571,200,0.07645904813350755,37.92499999999994,0.1419717232410725,2.0,0.0,45.0,22.110569105691056,0.25775193798449614,4.648780487804878,7.800000000000034,4.242113821138217,4.999999999999997,4.098188480900236,1,
2572,200,0.07638262730215813,35.89999999999994,0.14197795761469922,3.0,0.0,46.0,20.772151898734176,0.25,4.337025316455696,8.600000000000025,3.638607594936714,3.600000000000019,3.8039620152069546,1,
2573,200,0.07630628285344238,25.09999999999997,0.14197914155051988,2.0,0.0,41.0,19.368778280542987,0.4642857142857143,0.6561085972850679,6.400000000000017,3.214027149321271,2.9999999999999973,2.816921730317439,2,
2574,200,0.07623001471101583,19.02499999999998,0.14198177885254565,6.0,0.0,50.0,18.549342105263158,0.623015873015873,0.09868421052631579,11.200000000000037,4.326644736842114,3.6499999999999977,10.617069415138308,3,
2575,200,0.07615382279861033,37.974999999999966,0.14198762181382812,2.0,0.0,41.0,18.097058823529412,0.171875,4.383823529411765,5.4,2.3141176470588207,2.3999999999999977,1.6268630338733396,1,
2576,200,0.07607770704003398,29.449999999999974,0.1419884639223066,2.0,1.0,41.0,17.74161735700197,0.375,0.1932938856015779,5.3999999999999995,2.732741617356999,3.099999999999994,1.7339643179483948,2,
2577,200,0.07600166735917104,35.524999999999956,0.14199085296209896,3.0,1.0,45.0,18.695588235294117,0.1785714285714286,6.357352941176471,8.000000000000028,3.181470588235296,2.6999999999999966,4.81360824742271,2,
2578,200,0.07592570367998178,32.37499999999996,0.14198792185936288,2.0,0.0,46.0,19.500920810313076,0.3258928571428571,2.8931860036832413,9.200000000000038,4.104051565377539,3.7999999999999994,6.709545935532932,2,
2579,200,0.07584981592650249,29.574999999999974,0.14198913012416556,2.0,0.0,43.0,18.022727272727273,0.27293577981651373,6.468531468531468,7.400000000000008,3.2713286713286776,3.099999999999998,3.6013218290681692,2,
2580,200,0.07577400402284548,34.099999999999966,0.14199271957086496,2.0,1.0,43.0,17.728840125391848,0.22933884297520657,5.913793103448276,6.800000000000005,2.580721003134796,1.9999999999999984,3.020685898050097,2,
2581,200,0.0756982678931988,33.674999999999955,0.14199485190356045,2.0,0.0,43.0,21.669950738916256,0.2833333333333333,3.993431855500821,7.500000000000019,3.893267651888348,3.6999999999999917,3.4828047886109093,1,
2582,200,0.07562260746182634,35.074999999999974,0.14199389472186263,2.0,0.0,39.0,19.711001642036123,0.258695652173913,1.7405582922824303,4.6,2.717898193760259,2.899999999999994,1.16449396031061,1,
2583,200,0.0755470226530676,37.12499999999995,0.14199327008057228,2.0,1.0,45.0,22.308056872037916,0.25,4.935229067930489,8.30000000000002,4.570300157977891,4.399999999999999,3.930565327636496,1,
2584,200,0.07547151339133784,26.649999999999974,0.14199289997018655,2.0,1.0,41.0,17.658590308370044,0.4339080459770115,1.775330396475771,5.799999999999997,2.374449339207044,2.099999999999997,2.0114714601072152,2,
2585,200,0.07539607960112776,32.99999999999995,0.14199806771606552,2.0,0.0,43.0,20.65024630541872,0.2927350427350427,3.7947454844006567,7.400000000000022,3.281444991789824,2.9999999999999925,3.6655605047455024,1,
2586,200,0.07532072120700357,30.199999999999974,0.141999695269327,2.0,0.0,43.0,16.68,0.349009900990099,1.6742857142857144,6.700000000000021,2.289904761904761,1.3999999999999964,3.4926917104461257,2,
2587,200,0.07524543813360683,23.024999999999974,0.14200032484748554,6.0,0.0,53.0,18.29262086513995,0.5092592592592593,0.8040712468193384,13.500000000000032,4.407124681933847,2.3999999999999995,17.394362115404626,3,
2588,200,0.07517023030565453,35.549999999999955,0.1420002038504316,2.0,0.0,41.0,18.870588235294118,0.16860465116279078,6.216176470588235,5.600000000000016,2.778235294117647,2.799999999999992,2.0647072333634044,1,
2589,200,0.0750950976479388,35.474999999999966,0.14200041799300922,2.0,0.0,42.0,20.661971830985916,0.21875,4.629107981220657,7.000000000000011,3.638654147104856,3.4999999999999964,3.0085758228840382,1,
2590,200,0.07502004008532698,36.84999999999995,0.14200301306981825,3.0,0.0,42.0,21.169329073482427,0.23046875,5.755591054313099,6.700000000000022,3.812939297124606,3.9999999999999964,2.341707559808633,1,
2591,200,0.07494505754276144,34.12499999999998,0.1420067384440961,2.0,0.0,40.0,16.36050156739812,0.19827586206896552,4.503134796238244,5.099999999999993,2.0079937304075197,1.6999999999999982,1.4713346992823815,2,
2592,200,0.07487014994525974,36.37499999999995,0.14200470453727534,2.0,0.0,44.0,19.46965699208443,0.10460992907801425,8.58707124010554,9.10000000000002,2.8695250659630602,2.5999999999999943,3.4489321623564537,1,
2593,200,0.07479531721791423,33.39999999999996,0.1420080107918827,3.0,0.0,40.0,20.071770334928228,0.23319327731092443,4.853269537480064,6.000000000000001,3.1657097288676237,3.2000000000000055,1.6401840113143835,1,
2594,200,0.07472055928589216,33.724999999999945,0.14201060239678062,2.0,0.0,45.0,18.097058823529412,0.18999999999999995,3.8279411764705884,8.300000000000038,2.652941176470589,1.6999999999999977,5.4284442656667045,2,
2595,200,0.07464587607443557,16.399999999999977,0.1420114844742624,5.0,0.0,48.0,18.091603053435115,0.6666666666666666,0.0,9.600000000000026,3.6885496183206152,3.299999999999998,8.413273895371745,3,
2596,200,0.07457126750886131,29.774999999999967,0.14201074315019738,3.0,0.0,45.0,16.9507299270073,0.3228155339805825,2.9562043795620436,9.000000000000007,2.562773722627735,2.0999999999999988,3.760050082749765,2,
2597,200,0.07449673351456078,32.949999999999974,0.14201077463019507,3.0,1.0,47.0,18.22542372881356,0.2887931034482759,3.871186440677966,9.000000000000046,3.1913559322033977,3.4,4.452802478605269,2,
2598,200,0.07442227401699995,34.82499999999995,0.14201019658624903,2.0,0.0,48.0,21.033492822966508,0.27380952380952384,6.488038277511961,10.500000000000036,3.742743221690592,3.299999999999996,5.460100781424925,1,
2599,200,0.07434788894171933,22.27499999999998,0.14201098413198518,3.0,0.0,45.0,16.717026378896882,0.4487179487179487,1.3573141486810552,9.00000000000004,3.336211031175066,1.5999999999999983,7.820532296650791,3,
2600,200,0.07427357821433388,26.199999999999967,0.14200771002022378,3.0,0.0,43.0,19.391509433962263,0.4970588235294118,1.224056603773585,7.100000000000013,2.915330188679244,2.899999999999994,3.4175434292866136,2,
2601,200,0.07419934176053282,34.19999999999996,0.14200736944325235,3.0,0.0,49.0,17.80735294117647,0.18199999999999994,5.798529411764706,10.300000000000038,2.7067647058823536,1.6999999999999933,6.46843881582794,3,
2602,200,0.0741251795060797,29.124999999999975,0.1420093168630819,2.0,0.0,43.0,18.065677966101696,0.4148936170212766,0.8665254237288136,7.100000000000007,2.823516949152542,2.149999999999996,4.183936072321504,2,
2603,200,0.07405109137681225,28.099999999999984,0.14201414672414375,4.0,0.0,47.0,15.635849056603774,0.27040816326530615,3.639622641509434,9.800000000000033,2.804339622641512,1.8999999999999984,5.359717229324456,3,
2604,200,0.07397707729864236,37.52499999999998,0.1420186979521155,2.0,0.0,40.0,18.976470588235294,0.1647286821705427,4.001470588235295,5.700000000000015,2.8417647058823565,2.9999999999999956,2.368731420266934,1,
2605,200,0.07390313719755595,27.374999999999982,0.1420199032375472,2.0,0.0,41.0,15.963190184049079,0.3833333333333333,0.8834355828220859,5.399999999999998,1.7370143149284218,1.4999999999999991,1.2959155235864785,2,
2606,200,0.0738292709996129,30.74999999999997,0.1420234732016914,2.0,1.0,46.0,19.448214285714286,0.3130630630630631,4.801785714285714,8.800000000000045,4.030357142857154,5.300000000000016,5.635882129726234,2,
2607,200,0.07375547863094695,27.72499999999996,0.14203177355463562,2.0,0.0,49.0,18.852226720647774,0.4097938144329897,1.5991902834008098,10.200000000000035,3.5006072874494,3.750000000000009,4.964453172700674,2,
2608,200,0.07368176001776583,34.424999999999955,0.1420378304643252,2.0,1.0,43.0,20.552715654952078,0.25,5.861022364217252,7.1000000000000005,3.442971246006395,3.399999999999995,3.169615234449784,1,
2609,200,0.07360811508635084,41.02499999999996,0.14204374465111802,2.0,0.0,39.0,18.97625,0.025510204081632626,5.72875,5.599999999999998,2.1357499999999985,1.9999999999999971,1.2980739657405729,0,
2610,200,0.0735345437630571,30.32499999999997,0.1420444332636449,2.0,0.0,44.0,17.322992700729927,0.3119047619047619,5.085766423357664,7.600000000000008,2.818978102189779,2.9999999999999956,2.276107264995688,2,
2611,200,0.0734610459743132,35.92499999999996,0.14204482245986216,2.0,0.0,42.0,19.843700159489632,0.242,3.3508771929824563,6.399999999999998,3.028867623604472,2.9999999999999902,3.1104504894080587,1,
2612,200,0.07338762164662144,34.59999999999997,0.14204713433600336,2.0,0.0,42.0,18.190548780487806,0.21982758620689657,2.7332317073170733,6.700000000000009,2.278963414634146,1.8999999999999992,2.2983432906921393,1,
2613,200,0.07331427070655744,36.27499999999995,0.1420513231032996,2.0,0.0,42.0,19.836707152496626,0.12037037037037046,8.740890688259109,8.800000000000002,3.2134952766531724,2.699999999999993,4.545926021709067,1,
2614,200,0.07324099308077024,28.34999999999996,0.14205086999543218,2.0,1.0,45.0,20.452538631346577,0.4447368421052632,0.9381898454746137,8.600000000000023,4.030022075055196,4.600000000000001,6.176832969474919,2,
2615,200,0.07316778869598221,37.174999999999955,0.14205365113391147,3.0,0.0,44.0,20.34307692307692,0.23412698412698418,3.943076923076923,8.100000000000035,3.532769230769232,2.8999999999999977,4.579813940388064,1,
2616,200,0.07309465747898901,27.899999999999977,0.1420603975916697,6.0,0.0,50.0,15.692307692307692,0.3447368421052631,0.9696356275303644,11.10000000000003,2.8872469635627556,1.8999999999999977,7.205190771815562,3,
2617,200,0.07302159935665936,32.34999999999995,0.14206510390070748,2.0,1.0,46.0,20.062388591800357,0.3429203539823009,3.233511586452763,8.500000000000036,3.737611408199651,3.9999999999999987,5.159261311642142,2,
2618,200,0.07294861425593517,31.349999999999948,0.1420684770792593,2.0,0.0,42.0,18.684782608695652,0.19166666666666665,7.340062111801243,9.200000000000017,3.432919254658389,2.7999999999999985,5.065419219501648,2,
2619,200,0.07287570210383128,34.049999999999976,0.14207082497309592,2.0,0.0,44.0,17.746268656716417,0.28539823008849563,1.615257048092869,7.600000000000015,2.408126036484244,1.9999999999999947,2.717967976502173,2,
2620,200,0.07280286282743559,24.524999999999984,0.14207424164231913,5.0,1.0,45.0,15.870454545454546,0.404320987654321,1.4795454545454545,8.700000000000024,3.021363636363637,1.999999999999997,6.092665974514365,3,
2621,200,0.0727300963539088,34.999999999999964,0.14207950486295248,2.0,0.0,43.0,18.456268221574344,0.185483870967742,3.912536443148688,7.900000000000024,2.538338192419826,1.799999999999998,3.878640465793337,1,
2622,200,0.07265740261048442,30.07499999999997,0.14208191851635715,3.0,0.0,46.0,18.44402985074627,0.34615384615384615,2.1940298507462686,9.30000000000004,3.383582089552242,2.3999999999999915,6.8222168850833445,2,
2623,200,0.07258478152446868,41.299999999999955,0.14208377665048982,2.0,1.0,44.0,19.648477157360407,0.07770270270270263,7.648477157360406,7.800000000000026,2.68223350253807,2.2999999999999954,2.7913893545784583,1,
2624,200,0.07251223302324053,36.14999999999997,0.14208586012548224,2.0,0.0,40.0,19.466973886328724,0.20491803278688514,3.5453149001536097,5.300000000000007,3.01397849462366,3.3999999999999955,1.8672283624351245,1,
2625,200,0.07243975703425146,34.824999999999974,0.1420827735674193,2.0,0.0,39.0,19.733990147783253,0.25,2.7060755336617404,5.300000000000005,2.7316912972085325,2.69999999999999,1.2481451682484888,1,
2626,200,0.07236735348502546,33.249999999999964,0.14208600304258037,2.0,1.0,45.0,17.19295302013423,0.2544642857142857,2.453020134228188,8.50000000000003,2.736912751677853,1.699999999999999,5.694928648846506,2,
2627,200,0.07229502230315894,38.24999999999996,0.14208766599505934,2.0,1.0,43.0,19.680882352941175,0.18656716417910446,4.633823529411765,8.000000000000004,3.2644117647058826,2.999999999999999,3.740212154438066,1,
2628,200,0.07222276341632078,19.524999999999984,0.14208783028016253,4.0,0.0,46.0,16.24922118380062,0.532258064516129,0.040498442367601244,9.700000000000026,3.4218068535825585,1.2999999999999992,10.694207686335456,3,
2629,200,0.07215057675225206,13.54999999999998,0.14208537852307385,3.0,0.0,38.0,15.00711743772242,0.5904255319148937,0.7046263345195729,5.300000000000005,2.210320284697511,1.4999999999999987,2.996764184397174,3,
2630,200,0.0720784622387661,36.274999999999956,0.1420853505769665,2.0,0.0,46.0,18.278443113772454,0.18461538461538463,5.459580838323354,8.50000000000003,3.0410179640718593,2.599999999999996,4.873328447883716,2,
2631,200,0.07200641980374836,36.84999999999995,0.14208866883713353,2.0,0.0,42.0,21.382775119617225,0.23425196850393704,4.157894736842105,6.700000000000027,3.9523125996810275,4.4999999999999964,3.1444803219307924,1,
2632,200,0.07193444937515645,27.999999999999968,0.14208669481013805,3.0,0.0,50.0,17.543396226415094,0.3391089108910891,2.486792452830189,10.900000000000043,3.4598113207547216,2.0999999999999988,9.86953321300546,3,
2633,200,0.07186255088101991,37.89999999999996,0.1420921904932527,2.0,0.0,39.0,19.328125,0.1354961832061068,4.676136363636363,5.70000000000001,3.0559659090909097,3.299999999999997,2.0667015324394966,1,
2634,200,0.07179072424944025,32.67499999999995,0.1420900244244622,2.0,1.0,44.0,19.68780487804878,0.2887931034482759,2.569105691056911,7.600000000000028,2.7884552845528447,2.0999999999999925,4.175601336774017,1,
2635,200,0.07171896940859077,37.34999999999996,0.14209237150301157,2.0,0.0,43.0,20.38719512195122,0.1977611940298507,5.907012195121951,6.6999999999999975,3.596951219512202,3.9999999999999973,3.0789002986046032,1,
2636,200,0.07164728628671672,32.249999999999986,0.1420977108310316,2.0,1.0,42.0,17.31762652705061,0.30714285714285716,0.7068062827225131,6.1000000000000005,2.354624781849908,2.3999999999999964,1.5514885724032057,2,
2637,200,0.07157567481213492,37.17499999999996,0.14210077159387677,2.0,1.0,42.0,20.380032206119164,0.2420634920634921,3.2640901771336552,7.200000000000002,3.280837359098227,2.9999999999999987,2.8648737164194644,1,
2638,200,0.0715041349132339,37.02499999999997,0.1420997730063522,2.0,0.0,41.0,18.473053892215567,0.19047619047619047,2.929640718562874,5.400000000000017,2.505688622754488,2.3999999999999964,1.528623759868947,1,
2639,200,0.07143266651847373,25.049999999999965,0.14209913432135196,2.0,0.0,43.0,19.837155963302752,0.4821428571428571,0.9059633027522935,6.800000000000029,3.4020642201834885,3.699999999999994,2.701500775927842,2,
2640,200,0.07136126955638605,34.67499999999996,0.1421020004026037,2.0,0.0,39.0,20.539556962025316,0.22058823529411775,4.572784810126582,5.800000000000009,3.499050632911397,3.800000000000004,1.6677247930139305,1,
2641,200,0.07128994395557388,24.274999999999967,0.1421006523207744,2.0,0.0,40.0,19.859410430839002,0.45731707317073167,2.6485260770975056,5.80000000000003,3.50022675736962,3.899999999999999,2.2222562731386404,2,
2642,200,0.0712186896447116,40.549999999999955,0.14210425125695048,2.0,0.0,40.0,19.76375,0.025510204081632626,6.715,7.100000000000023,2.6082499999999995,2.1999999999999926,2.5011358455247845,0,
2643,200,0.07114750655254487,32.24999999999996,0.14210296544539724,2.0,0.0,38.0,17.851632047477747,0.16025641025641035,5.013353115727003,7.000000000000015,2.5799703264094958,1.9999999999999944,3.240392295415803,2,
2644,200,0.07107639460789066,36.34999999999996,0.14210417254970564,1.0,1.0,43.0,19.580745341614907,0.22599999999999998,4.187888198757764,7.100000000000016,3.031366459627329,2.9999999999999982,2.1346424102137647,1,
2645,200,0.07100535373963698,39.299999999999955,0.14210184169743303,3.0,0.0,49.0,20.164756446991404,0.1964285714285714,6.863896848137536,10.500000000000021,3.564899713467052,3.2999999999999967,5.242403371900441,1,
2646,200,0.07093438387674295,26.974999999999966,0.14209916424720917,2.0,0.0,49.0,18.795652173913044,0.4722222222222222,0.3739130434782609,10.40000000000002,3.118913043478261,3.0499999999999967,5.261471509789761,2,
2647,200,0.07086348494823869,30.924999999999976,0.14209982532809762,2.0,0.0,46.0,18.388548057259715,0.39141414141414144,1.4212678936605316,8.600000000000021,3.1983640081799605,2.999999999999996,4.6814074941452155,2,
2648,200,0.0707926568832253,35.04999999999997,0.1421026994970284,2.0,0.0,42.0,19.92775041050903,0.275,3.665024630541872,7.000000000000013,2.847947454844007,2.299999999999989,3.1204680759275387,1,
2649,200,0.07072189961087469,39.699999999999946,0.14210434720162604,2.0,0.0,47.0,18.832432432432434,0.13297872340425543,5.52972972972973,9.500000000000007,2.617027027027028,1.799999999999996,4.796124244200615,1,
2650,200,0.0706512130604296,32.924999999999955,0.14210728419337743,2.0,0.0,42.0,19.606824925816024,0.19672131147540983,5.704747774480712,7.900000000000013,3.3126112759643984,2.799999999999991,4.174405040999429,2,
2651,200,0.0705805971612034,21.37499999999998,0.14210950963140084,4.0,0.0,46.0,16.026666666666667,0.5246478873239436,0.864,8.400000000000025,2.6994666666666682,2.0999999999999983,5.169849812265359,3,
2652,200,0.0705100518425803,34.17499999999996,0.14211411183985007,2.0,1.0,41.0,20.469622331691298,0.2713675213675214,3.4926108374384235,6.600000000000011,3.173070607553363,3.0999999999999894,1.6765863891285637,1,
2653,200,0.07043957703401492,34.72499999999996,0.142114722458627,2.0,0.0,46.0,20.08153846153846,0.24606299212598426,4.973846153846154,8.900000000000016,3.3758461538461586,2.1999999999999975,6.168492730160366,1,
2654,200,0.07036917266503243,29.174999999999983,0.1421177151529564,2.0,0.0,41.0,17.648915187376726,0.37234042553191493,1.6627218934911243,5.700000000000026,2.746942800788955,2.199999999999992,2.4762675453611913,2,
2655,200,0.07029883866522844,38.67499999999996,0.1421200333224844,2.0,1.0,43.0,18.4010989010989,0.13888888888888884,7.8708791208791204,6.800000000000001,2.4236263736263677,2.399999999999997,1.428620314236492,1,
2656,200,0.07022857496426901,37.74999999999995,0.14212168653045698,2.0,0.0,47.0,19.10926694329184,0.15875912408759119,8.551867219917012,9.500000000000032,2.8706777316735836,2.299999999999998,4.48315984603851,1,
2657,200,0.0701583814918904,39.64999999999995,0.14211952669957617,2.0,0.0,42.0,19.817220543806645,0.18656716417910446,3.5438066465256797,7.399999999999999,3.286555891238671,3.2999999999999945,3.0492975130236033,1,
2658,200,0.07008825817789911,36.69999999999995,0.14212063900044827,2.0,0.0,44.0,19.059766763848398,0.1807692307692308,6.1209912536443145,7.900000000000039,2.90043731778426,2.999999999999993,2.888329561512581,1,
2659,200,0.07001820495217183,36.57499999999995,0.14212010140277245,2.0,0.0,41.0,19.586206896551722,0.21799999999999997,4.6880877742946705,6.700000000000013,2.9841692789968657,2.699999999999997,2.48055485538384,1,
2660,200,0.06994822174465536,35.27499999999996,0.14212313779289376,2.0,0.0,40.0,20.0,0.22520661157024802,4.557661927330174,6.900000000000001,3.1854660347551347,3.2999999999999976,2.570348101265831,1,
2661,200,0.06987830848536646,41.349999999999945,0.14212008241061325,2.0,1.0,40.0,19.6875,0.04166666666666674,5.9675,6.800000000000024,2.5625,2.099999999999995,2.6688479200749056,0,
2662,200,0.06980846510439187,27.99999999999996,0.1421191365791356,2.0,0.0,44.0,20.28322440087146,0.44892473118279574,1.3202614379084967,7.500000000000005,3.9244008714597,3.799999999999992,4.980561135371215,2,
2663,200,0.06973869153188816,42.37499999999994,0.14212062498617514,2.0,0.0,44.0,19.50625,0.05921052631578938,6.89375,7.500000000000007,2.4537499999999994,2.0999999999999943,2.8029153170552004,0,
2664,200,0.06966898769808184,31.29999999999996,0.14212440961287198,2.0,0.0,45.0,19.655172413793103,0.30309734513274333,2.7832512315270934,8.70000000000003,2.866666666666667,1.7999999999999994,5.494092536669591,2,
2665,200,0.06959935353326901,37.69999999999996,0.1421266994678447,2.0,0.0,43.0,19.300469483568076,0.2303149606299213,1.8998435054773084,7.0,2.821752738654146,2.5999999999999956,2.937546532131667,1,
2666,200,0.06952978896781553,36.94999999999996,0.1421275320964538,2.0,0.0,44.0,19.90028901734104,0.16970802919708028,7.078034682080925,7.200000000000034,3.408092485549134,3.0999999999999908,3.142802346391374,1,
2667,200,0.06946029393215677,35.84999999999998,0.14212814838299206,2.0,0.0,45.0,16.236923076923077,0.20833333333333326,2.830769230769231,8.300000000000004,1.866615384615383,1.3999999999999944,2.5897377508585864,2,
2668,200,0.06939086835679777,34.02499999999995,0.14212818240362485,3.0,1.0,43.0,20.65231259968102,0.25813008130081305,3.6315789473684212,9.700000000000031,3.5140350877193014,2.399999999999999,7.320938065973489,1,
2669,200,0.0693215121723129,38.97499999999997,0.1421279001934272,2.0,0.0,37.0,17.412087912087912,0.09883720930232553,6.876373626373627,4.7,1.8302197802197768,1.5,1.2403528415062373,1,
2670,200,0.069252225309346,33.074999999999974,0.14213070148218118,2.0,1.0,43.0,17.314878892733564,0.27212389380530977,4.866782006920415,7.000000000000019,2.8091695501730096,2.399999999999996,2.884232511082585,2,
2671,200,0.06918300769861012,36.94999999999997,0.1421338458819614,2.0,1.0,43.0,19.71076923076923,0.21183206106870234,4.856923076923077,6.8000000000000265,3.153384615384615,2.7999999999999954,3.289911715767389,1,
2672,200,0.06911385927088774,35.32499999999995,0.14213777648973064,2.0,0.0,42.0,21.204878048780486,0.2626050420168067,4.544715447154472,7.300000000000016,3.698699186991876,3.9999999999999942,3.298998900122698,1,
2673,200,0.06904477995703041,37.47499999999995,0.14213774165542434,2.0,0.0,47.0,20.44213649851632,0.20488721804511267,6.271513353115727,9.200000000000038,3.7069732937685496,3.1999999999999957,6.489594738869677,1,
2674,200,0.06897576968795878,27.99999999999998,0.14213961240281486,2.0,0.0,40.0,16.970355731225297,0.3575268817204301,2.450592885375494,5.900000000000001,2.4274703557312223,2.3499999999999934,2.1233841076415336,2,
2675,200,0.06890682839466256,40.37499999999996,0.1421415061009529,2.0,0.0,43.0,20.38192419825073,0.16134751773049638,5.829446064139941,8.200000000000017,3.6937317784256627,4.050000000000005,5.277041893772807,1,
2676,200,0.06883795600820049,39.02499999999996,0.14214401915125013,2.0,0.0,41.0,18.3810888252149,0.1455223880597014,4.022922636103152,6.8,2.494699140401145,2.5999999999999948,2.3149479990886768,1,
2677,200,0.06876915245970018,32.92499999999996,0.14214724111258978,2.0,0.0,47.0,19.0311986863711,0.2986725663716814,3.7766830870279144,9.300000000000024,2.9681444991789823,3.099999999999993,3.545530090595359,2,
2678,200,0.06870041768035805,34.474999999999966,0.14215282798083126,2.0,0.0,43.0,18.954968944099377,0.24173553719008267,5.138198757763975,7.500000000000013,2.6559006211180094,2.1999999999999877,2.6064155665666107,1,
2679,200,0.0686317516014393,30.27499999999997,0.14215540817084407,3.0,0.0,43.0,19.403314917127073,0.35377358490566035,3.1878453038674035,7.400000000000031,3.3648250460405182,2.8999999999999964,3.895921423920148,2,
2680,200,0.06856315415427791,37.27499999999996,0.14215823717545045,2.0,0.0,41.0,19.003021148036254,0.19841269841269837,3.5453172205438066,7.600000000000024,2.798036253776435,2.2999999999999963,3.4007742964519885,1,
2681,200,0.06849462527027637,42.04999999999994,0.14215568772942216,3.0,0.0,41.0,20.04,0.038079470198675525,6.4975,7.300000000000021,2.7739999999999996,2.3999999999999893,2.983328661451056,0,
2682,200,0.06842616488090583,35.22499999999996,0.14215873606086113,2.0,0.0,41.0,19.82608695652174,0.26724137931034486,2.2673107890499193,7.4,2.948470209339772,2.699999999999993,3.3093983507934945,1,
2683,200,0.06835777291770583,41.42499999999996,0.14216432902517076,2.0,1.0,40.0,20.23,0.026666666666666616,6.57625,6.0000000000000195,2.8880000000000035,2.9999999999999942,2.131159329936463,0,
2684,200,0.06828944931228448,30.949999999999974,0.1421648421573021,2.0,0.0,43.0,18.48802946593002,0.3567961165048543,1.4585635359116023,6.900000000000014,2.8156537753222834,2.899999999999993,2.45580380399393,2,
2685,200,0.06822119399631812,38.79999999999996,0.14216120450110842,2.0,0.0,45.0,19.869627507163322,0.17910447761194037,4.243553008595988,8.400000000000023,3.3878223495702002,3.1999999999999993,3.2493855949163053,1,
2686,200,0.06815300690155146,29.624999999999957,0.1421622618457042,2.0,0.0,46.0,20.136929460580912,0.4,1.4439834024896265,8.700000000000047,4.182780082987563,5.10000000000001,5.709541328237035,2,
2687,200,0.06808488795979734,27.024999999999963,0.142165839538653,2.0,0.0,44.0,21.839002267573697,0.4642857142857143,1.4489795918367347,8.100000000000016,4.6811791383220065,5.200000000000027,5.182733648704282,2,
2688,200,0.06801683710293688,24.474999999999966,0.1421680997972368,2.0,0.0,47.0,21.12264150943396,0.5238095238095238,1.0141509433962264,9.300000000000031,3.9540094339622693,4.100000000000004,4.597603838131029,2,
2689,200,0.0679488542629192,34.82499999999997,0.14216764674817356,2.0,0.0,39.0,19.699842022116904,0.22457627118644075,3.750394944707741,5.600000000000001,3.005371248025277,3.199999999999998,1.5531503813440892,1,
2690,200,0.06788093937176144,30.37499999999997,0.1421677352307694,2.0,0.0,41.0,17.424761904761905,0.36111111111111116,1.5447619047619048,6.100000000000002,2.4121904761904736,1.9999999999999973,2.4486602763184644,2,
2691,200,0.06781309236154871,31.22499999999997,0.1421655772590606,3.0,0.0,40.0,17.928338762214985,0.2232142857142858,3.4315960912052117,8.400000000000006,3.0558631921824135,2.4999999999999982,4.416223265560576,2,
2692,200,0.06774531316443397,39.74999999999996,0.1421647982998355,2.0,0.0,38.0,19.17625,0.023049645390070816,6.6525,5.6,2.2557499999999986,2.1999999999999895,1.639894499835158,0,
2693,200,0.06767760171263805,26.474999999999966,0.1421648879995075,3.0,0.0,44.0,19.285714285714285,0.3936170212765957,2.2489795918367346,8.200000000000038,3.737959183673481,4.100000000000026,4.608088496828439,2,
2694,200,0.0676099579384495,31.57499999999996,0.14217001878553986,2.0,0.0,50.0,19.66839378238342,0.35360360360360366,2.837651122625216,11.200000000000022,3.1400690846286676,2.3999999999999995,5.232365171220647,2,
2695,200,0.06754238177422452,38.62499999999994,0.14216889556867465,2.0,0.0,49.0,19.32027027027027,0.15140845070422526,6.72027027027027,10.500000000000036,2.9535135135135127,2.1999999999999993,4.751550386322874,2,
2696,200,0.0674748731523869,37.09999999999998,0.1421714929417422,2.0,0.0,42.0,17.119505494505493,0.11614173228346458,3.157967032967033,5.999999999999994,1.8129120879120846,1.4999999999999964,1.2720884254777962,2,
2697,200,0.0674074320054281,36.749999999999964,0.14217206085942302,2.0,0.0,43.0,20.64696223316913,0.26639344262295084,3.8801313628899834,6.600000000000005,3.2794745484400627,3.2999999999999963,1.380157139775668,1,
2698,21,0.06734005826590692,0.47499999999999987,0.14217228034105692,1.0,0.0,2.0,0.8636363636363636,0,0.0,1.1,0.42878787878787894,0.4000000000000002,0.08813088404133179,4,
2699,200,0.06727275186644961,37.774999999999956,0.14217313265231676,2.0,0.0,45.0,19.831007751937985,0.23046875,3.4604651162790696,8.000000000000016,3.189457364341084,3.400000000000005,2.1719560890717915,1,
2700,200,0.06720551273974976,39.824999999999946,0.14217497970945614,2.0,1.0,49.0,19.745524296675192,0.10763888888888884,7.673913043478261,10.200000000000015,2.8067774936061376,2.399999999999994,4.014525847760439,1,
2701,200,0.06713834081856826,38.024999999999956,0.14217149971750123,2.0,0.0,48.0,19.20086705202312,0.19402985074626855,5.30635838150289,9.700000000000038,2.9884393063583805,2.249999999999994,5.318865896926725,1,
2702,200,0.06707123603573319,35.49999999999996,0.14217573800050415,2.0,0.0,41.0,20.701149425287355,0.2627118644067796,3.341543513957307,7.300000000000006,3.3119868637110037,3.0999999999999943,3.5386671699741297,1,
2703,200,0.06700419832413973,32.724999999999966,0.1421790970074022,3.0,0.0,44.0,17.568106312292358,0.241304347826087,3.712624584717608,7.800000000000039,2.950332225913624,1.9499999999999957,5.1208861129737295,2,
2704,200,0.06693722761675015,35.124999999999964,0.1421783494289614,2.0,0.0,38.0,18.757575757575758,0.23672566371681425,1.6762360446570972,5.19999999999999,2.377192982456136,2.4999999999999973,1.3869315337498171,1,
2705,200,0.0668703238465938,32.124999999999964,0.14218093593994116,2.0,0.0,52.0,20.044776119402986,0.3716216216216216,3.75,13.100000000000037,4.283582089552246,3.650000000000003,11.189694773664785,2,
2706,200,0.06680348694676687,34.52499999999996,0.1421776330574675,2.0,0.0,40.0,20.722495894909688,0.2628205128205128,2.9852216748768474,7.200000000000007,3.3247947454844016,3.299999999999996,1.9372065358067445,1,
2707,200,0.06673671685043246,28.299999999999972,0.14218028867817128,2.0,0.0,49.0,20.18552036199095,0.473404255319149,0.8574660633484162,10.300000000000013,3.704072398190051,3.899999999999997,4.822677784432076,2,
2708,200,0.06667001349082043,38.02499999999994,0.14217734446272212,2.0,0.0,44.0,19.69521410579345,0.06944444444444442,7.832493702770781,7.800000000000024,2.6404282115869018,2.1999999999999957,2.9853854084878053,1,
2709,200,0.06660337680122747,38.174999999999955,0.14217863073310216,2.0,0.0,44.0,20.27751937984496,0.23091603053435117,4.46046511627907,7.8000000000000185,3.4573643410852726,3.5999999999999988,3.6150436032536795,1,
2710,200,0.06653680671501686,38.09999999999996,0.14217654692349274,2.0,1.0,41.0,19.14467005076142,0.0652173913043479,5.8274111675126905,6.8000000000000345,2.3799492385786807,1.8999999999999964,2.683637821829087,2,
2711,200,0.0664703031656185,37.87499999999995,0.14217170371273252,2.0,0.0,44.0,19.979224376731302,0.147887323943662,8.052631578947368,7.700000000000008,3.3965373961218863,2.7500000000000044,4.277073777583401,1,
2712,200,0.06640386608652883,34.599999999999966,0.1421685632995844,2.0,0.0,44.0,19.298461538461538,0.22580645161290325,4.9,7.5000000000000036,2.906000000000003,2.4000000000000083,3.164663798020827,1,
2713,200,0.06633749541131082,24.07499999999998,0.14216391137306023,2.0,0.0,39.0,19.04066985645933,0.5032467532467533,1.2105263157894737,5.299999999999992,2.586124401913869,2.599999999999998,0.944310480016936,2,
2714,200,0.06627119107359372,39.974999999999966,0.14216329151734242,2.0,1.0,41.0,19.12750716332378,0.1441605839416058,4.91404011461318,6.300000000000006,2.942550143266477,3.200000000000011,2.9830236882777936,1,
2715,200,0.06620495300707324,36.224999999999966,0.14216272922506012,2.0,0.0,44.0,19.737327188940093,0.22619047619047628,7.0583717357910905,8.400000000000006,3.176190476190474,2.9999999999999902,3.2006234544596563,1,
2716,200,0.06613878114551125,39.799999999999976,0.14215959714240828,2.0,0.0,40.0,17.7239010989011,0.11940298507462677,4.806318681318682,5.0999999999999925,2.017307692307689,1.8999999999999921,1.0855816129951332,1,
2717,200,0.06607267542273594,32.549999999999976,0.14215749790932053,2.0,0.0,42.0,16.897923875432525,0.25917431192660545,3.358131487889273,6.100000000000015,2.59636678200692,2.4999999999999982,2.2096300919232688,2,
2718,200,0.06600663577264156,39.97499999999995,0.14215252409024884,2.0,0.0,42.0,19.905927835051546,0.07876712328767121,7.766752577319588,7.9000000000000075,2.965721649484537,2.5999999999999925,3.28738715489686,1,
2719,200,0.06594066212918846,34.17499999999997,0.14215653184156113,2.0,0.0,45.0,18.547457627118643,0.2628205128205128,3.9152542372881354,8.900000000000032,3.555423728813562,3.1999999999999953,5.050824075909475,2,
2720,200,0.06587475442640295,43.099999999999966,0.14215617533232777,2.0,1.0,40.0,20.0025,0.02450980392156854,7.68875,6.300000000000002,2.7515000000000005,2.6999999999999886,1.9049507264855163,0,
2721,200,0.06580891259837739,36.07499999999997,0.14215305200591388,2.0,0.0,44.0,20.223832528180353,0.2710084033613446,3.0209339774557167,7.400000000000035,3.1871175523349455,2.8999999999999946,3.210180531065269,1,
2722,200,0.0657431365792699,39.37499999999996,0.14215582036608354,2.0,0.0,43.0,19.810495626822156,0.166058394160584,4.504373177842566,7.000000000000005,3.3508746355685153,3.500000000000015,3.071980981523407,1,
2723,200,0.06567742630330448,35.149999999999956,0.14215588402986898,2.0,0.0,43.0,20.341384863123995,0.25,4.876006441223833,6.90000000000002,3.257648953301126,3.4999999999999956,1.662864485011934,1,
2724,200,0.0656117817047708,41.049999999999955,0.1421542419371705,2.0,0.0,39.0,19.2975,0.03275862068965507,8.20375,6.00000000000001,2.328499999999997,2.099999999999991,1.5478901685783983,0,
2725,200,0.06554620271802433,30.324999999999967,0.14215655105913613,2.0,0.0,44.0,18.36994219653179,0.3653846153846154,2.9210019267822736,7.300000000000002,3.17938342967245,2.2999999999999994,5.246434511434548,2,
2726,200,0.06548068927748603,34.87499999999997,0.14215814096471352,3.0,0.0,45.0,18.899416909620992,0.19488188976377963,6.051020408163265,8.500000000000023,2.89868804664723,2.3999999999999972,4.760576907956974,2,
2727,200,0.06541524131764247,36.39999999999996,0.14216078857154232,2.0,0.0,42.0,19.095611285266457,0.23360655737704916,2.979623824451411,6.200000000000021,2.6898119122257054,2.5999999999999934,2.3738675520768164,1,
2728,200,0.06534985877304565,36.87499999999997,0.1421604560041031,2.0,0.0,44.0,19.014836795252226,0.19488188976377963,5.077151335311573,7.500000000000014,2.850593471810088,2.8999999999999986,2.021079764459856,1,
2729,200,0.06528454157831308,42.82499999999993,0.14215893651481615,2.0,1.0,42.0,20.65125,0.041390728476821126,8.20375,8.10000000000001,3.140749999999999,2.399999999999987,4.243096067337653,0,
2730,200,0.06521928966812753,33.19999999999997,0.14216047206634352,3.0,0.0,53.0,19.16931216931217,0.3650442477876106,1.3403880070546736,13.000000000000023,3.2784832451499106,2.299999999999998,7.787779948240715,2,
2731,200,0.06515410297723707,35.84999999999996,0.14216213864578114,2.0,0.0,46.0,21.986863711001643,0.28968253968253965,4.361247947454844,9.50000000000003,4.083415435139578,3.9999999999999996,5.067538287316699,1,
2732,200,0.065088981440455,40.39999999999993,0.1421572051842923,3.0,0.0,43.0,20.88,0.04729729729729737,7.67875,9.500000000000025,3.278000000000001,2.6999999999999886,5.019023842224796,0,
2733,200,0.06502392499265983,37.724999999999966,0.14215965205680176,2.0,1.0,42.0,20.71291866028708,0.23046875,4.850079744816587,6.90000000000001,3.5503987240829344,3.6999999999999953,1.99551927107711,1,
2734,200,0.06495893356879505,32.39999999999996,0.1421609870001953,2.0,1.0,45.0,20.500821018062396,0.3035714285714286,2.755336617405583,8.200000000000028,3.1917898193760257,2.7999999999999976,4.009664257981045,1,
2735,200,0.06489400710386926,35.99999999999994,0.14216270880362775,2.0,0.0,46.0,21.592775041050903,0.2871900826446281,3.1658456486042694,8.400000000000032,3.8469622331691373,4.099999999999999,2.267028904227799,1,
2736,200,0.06482914553295596,36.37499999999996,0.1421619554689495,2.0,0.0,41.0,20.333333333333332,0.25,3.072463768115942,6.1000000000000085,3.252818035426733,3.4999999999999933,2.141467015869735,1,
2737,200,0.06476434879119362,31.37499999999997,0.1421609563616528,2.0,0.0,41.0,17.040636042402827,0.2785714285714286,3.2491166077738516,5.900000000000003,2.650353356890462,2.5,3.008480997643255,2,
2738,200,0.06469961681378547,33.44999999999998,0.14216278743337157,2.0,0.0,43.0,16.410169491525423,0.2678571428571429,3.8220338983050848,7.3999999999999995,2.1632203389830478,1.599999999999998,2.5928750441684683,2,
2739,200,0.06463494953599953,33.54999999999994,0.14216081015114446,2.0,0.0,39.0,19.23746701846966,0.08333333333333326,6.922163588390501,9.700000000000012,2.7302110817941947,2.099999999999997,4.668211510313085,2,
2740,200,0.06457034689316847,19.899999999999984,0.14215969784820792,4.0,0.0,47.0,15.874251497005988,0.5269230769230769,0.24850299401197604,9.600000000000021,3.2491017964071878,2.3999999999999972,8.303831114696816,3,
2741,200,0.06450580882068972,33.374999999999964,0.1421586720139273,2.0,0.0,41.0,19.55665024630542,0.28125,2.0788177339901477,7.100000000000007,2.625287356321835,2.199999999999997,2.152929572907686,1,
2742,200,0.06444133525402518,35.92499999999996,0.14215590716889948,2.0,0.0,44.0,19.555389221556887,0.2038461538461538,5.612275449101796,7.300000000000008,3.155089820359282,3.0999999999999956,3.3105354049432925,1,
2743,200,0.06437692612870125,37.649999999999956,0.14215280987619822,3.0,1.0,47.0,21.033492822966508,0.2652671755725191,4.127591706539075,9.20000000000004,3.7427432216905956,3.3999999999999955,4.926128131295708,1,
2744,200,0.06431258138030878,36.72499999999996,0.1421497113127777,2.0,0.0,40.0,19.68562401263823,0.22154471544715437,4.285939968404423,5.799999999999997,2.996840442338068,3.199999999999993,1.470894162041286,1,
2745,200,0.06424830094450308,31.09999999999996,0.14215440168653595,3.0,0.0,46.0,20.055102040816326,0.3921568627450981,1.6653061224489796,8.60000000000003,4.1995918367347,4.099999999999999,6.93602872148576,2,
2746,200,0.06418408475700368,37.44999999999995,0.14215261700868964,2.0,0.0,44.0,21.83386075949367,0.23461538461538467,4.469936708860759,9.500000000000018,4.275632911392418,4.500000000000029,3.916694531862237,1,
2747,200,0.0641199327535944,40.07499999999996,0.14215373154305166,2.0,1.0,44.0,20.20735294117647,0.17391304347826098,5.517647058823529,8.500000000000004,3.5802941176470604,3.299999999999998,3.384266055938715,1,
2748,200,0.06405584487012317,39.97499999999995,0.142152416529133,2.0,0.0,44.0,19.920911528150135,0.11458333333333326,6.650134048257373,7.700000000000022,3.2309651474530847,2.949999999999994,3.3483367204837506,1,
2749,200,0.06399182104250219,39.99999999999994,0.1421538331446717,2.0,1.0,54.0,20.665,0.11092715231788075,8.34,13.300000000000033,3.1489999999999996,2.2999999999999936,8.35161204939388,2,
2750,200,0.06392786120670757,36.099999999999966,0.1421569806931548,2.0,0.0,43.0,19.800898203592816,0.19841269841269837,4.961077844311378,6.800000000000029,3.3023952095808404,3.4999999999999964,2.2344603483011967,1,
2751,200,0.0638639652987795,31.049999999999955,0.1421603799365053,2.0,0.0,45.0,18.896551724137932,0.30405405405405406,3.2430213464696225,8.300000000000013,2.4114942528735597,1.7999999999999914,4.153507981018129,2,
2752,200,0.063800133254822,28.62499999999997,0.14216116092130315,2.0,0.0,45.0,18.958057395143488,0.4521276595744681,0.9271523178807947,8.700000000000014,3.1108167770419435,2.7999999999999954,4.837676991150455,2,
2753,200,0.06373636501100312,34.974999999999966,0.142166699233616,2.0,0.0,42.0,19.446708463949843,0.23319327731092443,3.4905956112852663,6.300000000000004,2.900470219435738,2.999999999999999,2.2709614709011143,1,
2754,200,0.06367266050355457,29.949999999999978,0.14216663164281576,2.0,0.0,42.0,16.505244755244757,0.29950495049504955,3.173076923076923,5.999999999999998,2.0587412587412532,1.799999999999996,1.2791058215127293,2,
2755,200,0.0636090196687718,37.12499999999996,0.14216944471810455,2.0,0.0,45.0,17.183673469387756,0.16732283464566922,2.9067055393586005,8.000000000000036,2.2365889212827996,1.499999999999996,3.988625994751357,2,
2756,200,0.063545442443014,28.574999999999964,0.14216993279510387,5.0,0.0,49.0,19.73153153153153,0.3557692307692307,3.789189189189189,11.800000000000036,3.5839639639639653,2.2999999999999923,10.203541737007583,3,
2757,200,0.06348192876270395,27.699999999999964,0.14217281667176812,2.0,0.0,45.0,21.15813953488372,0.4807692307692307,0.6511627906976745,7.900000000000032,4.090697674418609,4.1,3.76086403928634,2,
2758,200,0.06341847856432796,34.09999999999996,0.14217138273297106,2.0,0.0,41.0,20.08970588235294,0.17799999999999994,9.032352941176471,7.300000000000018,3.509705882352948,3.2999999999999927,3.4716191860276866,1,
2759,200,0.06335509178443581,42.39999999999995,0.14216996218766792,2.0,0.0,41.0,20.08625,0.03289473684210531,4.44,6.3,2.8017500000000024,2.5999999999999948,2.8976014650023076,0,
2760,200,0.0632917683596407,34.67499999999997,0.1421725028478919,2.0,0.0,44.0,18.394915254237286,0.2841880341880342,3.727118644067797,8.200000000000015,3.134406779661019,2.8499999999999974,4.353998172933588,2,
2761,200,0.06322850822661927,37.54999999999996,0.1421710002158529,2.0,0.0,47.0,19.608695652173914,0.09859154929577474,6.930946291560102,9.500000000000044,2.7246803069053707,2.1999999999999877,4.025164728064244,2,
2762,200,0.06316531132211131,32.42499999999997,0.1421682784754227,3.0,0.0,41.0,17.28179190751445,0.14075630252100835,7.13728323699422,6.200000000000001,2.206358381502891,1.7999999999999927,2.3721899582970667,3,
2763,200,0.06310217758291994,38.44999999999995,0.14216825427912128,2.0,0.0,39.0,19.13612565445026,0.0714285714285714,7.896596858638744,5.499999999999997,2.61806282722513,2.6999999999999984,1.5939434807562207,1,
2764,200,0.0630391069459114,32.924999999999976,0.1421680802935719,2.0,0.0,38.0,17.392957746478874,0.10833333333333339,7.405633802816902,5.1999999999999975,2.156760563380279,1.8000000000000032,1.6609928010172663,2,
2765,200,0.06297609934801507,35.099999999999966,0.14217090924122744,1.0,0.0,43.0,19.434146341463414,0.27564102564102566,2.364227642276423,6.599999999999997,2.6362601626016207,2.499999999999995,1.7448198950886227,1,
2766,200,0.06291315472622334,27.824999999999967,0.1421684710426101,2.0,0.0,44.0,20.242825607064017,0.44892473118279574,1.8543046357615893,7.700000000000028,3.881677704194263,3.7999999999999976,3.944650403493066,2,
2767,200,0.06285027301759159,32.72499999999995,0.14216529991156113,2.0,0.0,45.0,20.080592105263158,0.28361344537815125,5.134868421052632,8.300000000000024,3.724013157894744,2.649999999999994,7.606746577288024,2,
2768,200,0.06278745415923806,38.549999999999955,0.14216581297301262,2.0,1.0,44.0,20.880184331797235,0.20895522388059695,6.102918586789555,7.500000000000034,3.861904761904766,3.999999999999995,3.5435340726758144,1,
2769,200,0.06272469808834395,30.074999999999964,0.14216390464713424,2.0,0.0,52.0,22.316348195329088,0.4567307692307693,1.5711252653927814,12.400000000000032,5.2307855626327076,4.9,11.920018932564075,2,
2770,200,0.06266200474215315,37.49999999999996,0.14216219620262657,2.0,1.0,43.0,19.66320474777448,0.19656488549618323,4.6335311572700295,8.000000000000018,3.239614243323444,2.9999999999999956,3.850442155082292,1,
2771,200,0.06259937405797232,31.849999999999973,0.14216321735965295,2.0,0.0,44.0,19.338680926916222,0.34345794392523366,1.2352941176470589,7.3000000000000105,3.156862745098036,3.099999999999996,2.0177534316217636,2,
2772,200,0.06253680597317074,36.92499999999996,0.14216142000531118,2.0,1.0,41.0,19.038277511961724,0.23360655737704916,2.9728867623604467,5.600000000000009,2.5456140350877163,2.499999999999996,2.503093191021754,1,
2773,200,0.06247430042518036,23.774999999999977,0.14216504302522434,5.0,0.0,51.0,18.071604938271605,0.48456790123456794,0.9481481481481482,12.400000000000036,4.123950617283957,2.199999999999998,14.45855155343129,3,
2774,200,0.06241185735149562,36.59999999999996,0.14216521990251454,2.0,0.0,41.0,19.635071090047393,0.23770491803278682,4.605055292259084,6.199999999999999,2.9665086887835717,2.7999999999999914,2.362106976001291,1,
2775,200,0.06234947668967343,26.67499999999998,0.14216551281088094,2.0,0.0,37.0,17.34949494949495,0.382183908045977,0.9939393939393939,4.399999999999991,2.409898989898985,2.599999999999999,0.953501861042178,2,
2776,200,0.0622871583773331,25.899999999999963,0.14216439001048642,2.0,0.0,43.0,20.754587155963304,0.4772727272727273,1.323394495412844,6.800000000000041,3.9360091743119368,4.200000000000015,2.6894284962782056,2,
2777,200,0.06222490235215636,28.599999999999962,0.1421635786891559,2.0,0.0,45.0,19.630434782608695,0.44999999999999996,1.0478260869565217,8.60000000000001,3.541521739130435,3.2999999999999936,4.748363602852579,2,
2778,200,0.062162708551887165,28.34999999999997,0.1421644276927141,2.0,0.0,44.0,19.766375545851528,0.4308510638297872,1.5414847161572052,7.400000000000019,3.690611353711793,3.799999999999997,4.095935746533015,2,
2779,200,0.0621005769143317,18.57499999999997,0.14216567954819662,3.0,1.0,49.0,18.560126582278482,0.6328125,0.11708860759493671,10.200000000000038,4.012341772151907,3.549999999999998,8.473508487306653,3,
2780,200,0.06203850737735829,34.87499999999995,0.14216645881959347,4.0,0.0,45.0,20.65845648604269,0.2830578512396694,3.0788177339901477,11.000000000000005,3.2863711001642026,2.3999999999999986,6.446022109577245,1,
2781,200,0.061976499878897466,31.374999999999954,0.1421646730741652,2.0,0.0,45.0,19.001677852348994,0.26709401709401714,6.176174496644295,7.800000000000028,3.7315436241610795,2.799999999999999,6.183552608983336,2,
2782,200,0.061914554356941674,32.82499999999997,0.1421630070211559,2.0,1.0,50.0,17.479623824451412,0.22899159663865554,5.006269592476489,11.000000000000027,2.74717868338558,1.8999999999999977,5.470499210157188,3,
2783,200,0.06185267074954541,36.899999999999956,0.14216151335132599,2.0,0.0,42.0,20.667701863354036,0.21484375,4.672360248447205,8.100000000000007,3.6835403726708145,4.000000000000016,4.664678216210373,1,
2784,200,0.061790848994825016,35.69999999999996,0.14215962973359908,2.0,0.0,42.0,20.272727272727273,0.24593495934959342,4.274322169059011,6.80000000000003,3.2862838915470522,3.3999999999999924,2.5707593964307005,1,
2785,200,0.06172908903095879,34.12499999999996,0.14215709957148387,2.0,0.0,39.0,19.262422360248447,0.21186440677966112,5.824534161490683,5.700000000000005,2.8403726708074535,2.899999999999995,1.874244131795008,1,
2786,200,0.061667390796186744,35.19999999999996,0.14215724096075538,2.0,1.0,42.0,19.074074074074073,0.2626050420168067,3.85829307568438,6.299999999999998,2.4972624798711758,1.9999999999999911,2.9835590187739998,1,
2787,200,0.061605754228810636,40.54999999999994,0.14215692964336873,2.0,0.0,43.0,20.39125,0.051324503311258374,8.20375,7.000000000000024,2.984750000000005,2.2999999999999954,3.120572313394276,0,
2788,200,0.06154417926719386,31.349999999999962,0.14216120028302498,3.0,0.0,50.0,20.7982905982906,0.3429203539823009,4.815384615384615,10.800000000000036,3.902222222222228,3.3999999999999937,5.644746598719011,2,
2789,200,0.0614826658497615,31.299999999999965,0.14216056360119073,2.0,0.0,43.0,19.503496503496503,0.3090909090909091,3.076923076923077,8.600000000000017,3.65629370629371,3.049999999999998,6.514228550994436,2,
2790,200,0.06142121391500013,31.37499999999996,0.14216275405147458,3.0,1.0,52.0,18.1046511627907,0.2629310344827587,4.9784053156146175,12.400000000000036,3.4337209302325613,2.299999999999998,9.517377532746767,3,
2791,200,0.06135982340145778,34.299999999999955,0.1421661896003239,2.0,0.0,47.0,20.915397631133672,0.3208333333333333,3.8781725888324874,9.000000000000043,3.8915397631133715,2.8999999999999995,6.825667086578155,2,
2792,200,0.061298494247743925,33.54999999999996,0.1421639148968697,2.0,0.0,40.0,21.12280701754386,0.24145299145299148,5.175438596491228,6.100000000000035,3.7963317384370114,4.2,2.2669939052929577,1,
2793,200,0.061237226392529445,29.624999999999964,0.14215971595932408,2.0,0.0,42.0,18.902857142857144,0.3589108910891089,4.379047619047619,7.500000000000006,3.400761904761909,3.299999999999998,4.43883457173543,2,
2794,200,0.06117601977454647,34.29999999999996,0.14215765160595345,2.0,1.0,46.0,19.914653784219002,0.28781512605042014,4.219001610305958,8.900000000000027,3.0016103059581316,2.499999999999992,4.062197956643526,1,
2795,200,0.06111487433258836,28.24999999999997,0.14215779683524626,3.0,0.0,42.0,17.095435684647303,0.40053763440860213,2.0767634854771786,6.200000000000003,2.313070539419084,1.8999999999999968,2.321602639428724,2,
2796,200,0.06105379000550965,28.499999999999975,0.14215650666067184,2.0,1.0,47.0,18.05068226120858,0.3979591836734694,1.6198830409356726,9.600000000000039,2.9153996101364563,1.4999999999999991,7.245345938716004,2,
2797,200,0.06099276673222606,21.72499999999998,0.14215773866104647,2.0,0.0,44.0,17.133004926108374,0.5067567567567568,0.7068965517241379,7.700000000000008,2.683251231527093,2.0999999999999988,4.007132951132965,3,
2798,200,0.06093180445171429,31.749999999999964,0.14215816926049735,2.0,0.0,40.0,20.829228243021348,0.2678571428571429,5.444991789819376,6.400000000000013,3.388834154351398,3.399999999999991,2.125201251078529,1,
2799,200,0.06087090310301205,32.42499999999996,0.14216237986709648,2.0,0.0,43.0,18.64451827242525,0.2586206896551724,5.3023255813953485,8.200000000000014,3.416777408637878,2.9999999999999982,4.9476557589203525,2,
2800,200,0.06081006262521795,27.549999999999958,0.14216703601964303,2.0,0.0,50.0,20.403726708074533,0.44387755102040816,1.9026915113871636,11.000000000000037,4.208902691511391,3.2999999999999967,8.673601814066792,2,
2801,200,0.060749282957491574,39.49999999999993,0.14216979971152963,2.0,0.0,47.0,20.53375,0.07666666666666666,7.71875,9.60000000000004,3.07025,2.149999999999994,5.605873696677708,0,
2802,200,0.06068856403905322,25.92499999999997,0.14217141574447026,2.0,0.0,42.0,18.89342403628118,0.4676470588235294,1.3333333333333333,6.4,2.9138321995464826,2.8999999999999915,2.5594816947758123,2,
2803,200,0.06062790580918396,37.299999999999955,0.14217036880640344,2.0,0.0,49.0,20.51196172248804,0.27290076335877866,3.9808612440191387,10.20000000000002,3.429824561403513,3.4000000000000083,4.735725412588292,1,
2804,200,0.060567308207225536,21.974999999999977,0.14217109459187216,6.0,1.0,52.0,18.365853658536587,0.5328947368421053,1.9457994579945799,12.000000000000036,4.336043360433609,3.5999999999999983,11.301033196239787,3,
2805,200,0.06050677117258039,37.34999999999995,0.14217096709538188,2.0,0.0,48.0,20.4260162601626,0.28629032258064513,3.0715447154471547,11.200000000000015,3.231382113821137,2.6999999999999966,5.939307288802421,1,
2806,200,0.06044629464471146,14.174999999999974,0.1421703445297358,3.0,1.0,45.0,19.55776892430279,0.6785714285714286,0.0796812749003984,8.600000000000039,4.340239043824712,5.000000000000003,7.197020952381014,3,
2807,200,0.06038587856314221,24.174999999999976,0.14217247314869177,3.0,0.0,54.0,17.794486215538846,0.47289156626506024,0.3308270676691729,13.400000000000043,4.4408521303258235,1.5999999999999988,18.755717085427246,3,
2808,200,0.06032552286745654,36.42499999999996,0.14217807166043728,2.0,1.0,44.0,19.81645569620253,0.25806451612903225,3.3955696202531644,7.900000000000022,3.0651898734177236,2.6999999999999975,3.8376586225630707,1,
2809,200,0.060265227497298776,40.27499999999995,0.14217764875614322,2.0,0.0,43.0,19.77,0.05272108843537415,5.89875,6.700000000000043,2.6120000000000028,1.9999999999999996,3.0763108067356675,0,
2810,200,0.06020499239237354,28.09999999999996,0.14217710389954008,2.0,1.0,49.0,21.384180790960453,0.3679245283018868,5.361581920903955,11.700000000000026,5.107532956685514,5.100000000000006,12.022321109377298,2,
2811,200,0.06014481749244571,34.17499999999997,0.14218131642202658,2.0,0.0,48.0,19.676369863013697,0.3172268907563025,3.547945205479452,10.00000000000002,3.6407534246575373,2.599999999999995,7.082332527011806,2,
2812,200,0.06008470273734036,38.37499999999997,0.14218216175650553,2.0,0.0,47.0,18.154727793696274,0.18846153846153846,3.8080229226361033,9.00000000000001,2.358882521489968,1.9999999999999971,2.7002776460736126,1,
2813,200,0.060024648066942785,39.57499999999996,0.14218894153252545,2.0,0.0,39.0,19.059366754617415,0.07971014492753614,7.808707124010554,6.500000000000013,2.6233509234828496,2.399999999999987,2.165883306095261,1,
2814,200,0.05996465342119827,22.324999999999974,0.1421918509788603,2.0,1.0,45.0,18.751162790697673,0.490506329113924,1.2325581395348837,10.400000000000015,3.3623255813953508,2.0999999999999934,8.85039594589483,3,
2815,200,0.05990471874011218,34.824999999999974,0.14219406257112516,2.0,0.0,43.0,16.77476038338658,0.21982758620689657,3.634185303514377,6.600000000000008,2.268849840255588,2.1999999999999913,1.6602000382775128,2,
2816,200,0.059844843963749825,26.474999999999962,0.14219831019867432,2.0,1.0,48.0,21.68139534883721,0.5055555555555555,0.7441860465116279,11.100000000000025,4.396279069767443,3.1499999999999924,9.389664844050055,2,
2817,200,0.059785029032236384,38.299999999999955,0.14220480072249175,2.0,1.0,46.0,20.335384615384616,0.23461538461538467,3.1307692307692307,9.000000000000021,3.5281538461538466,3.299999999999999,3.783662470207048,1,
2818,200,0.05972527388575699,20.599999999999984,0.14220834440940597,14.0,0.0,51.0,15.294117647058824,0.5783582089552238,0.15789473684210525,11.500000000000016,2.705882352941179,1.4999999999999991,7.978339084426059,3,
2819,200,0.05966557846455646,41.649999999999956,0.14221118079278522,2.0,0.0,42.0,20.21375,0.041390728476821126,7.165,7.0000000000000036,2.8782500000000004,2.7000000000000135,2.2220304094225174,0,
2820,200,0.05960594270893937,35.82499999999996,0.14220945188345419,2.0,0.0,42.0,20.598373983739837,0.2581967213114754,4.642276422764228,7.400000000000001,3.3347967479674816,3.499999999999993,3.2505050975083702,1,
2821,200,0.05954636655926992,37.19999999999996,0.14221285174455583,2.0,0.0,49.0,19.198813056379823,0.2267441860465116,5.679525222551929,10.600000000000044,2.9609792284866487,1.899999999999999,6.590138770568554,1,
2822,200,0.05948684995597202,35.174999999999955,0.14221355041710582,2.0,1.0,40.0,20.64696223316913,0.2629310344827587,1.7504105090311988,6.200000000000021,3.2794745484400645,3.4999999999999925,2.0975974978429797,1,
2823,200,0.05942739283952904,39.324999999999974,0.14221378173474142,2.0,0.0,44.0,19.54005934718101,0.19736842105263164,4.14540059347181,7.500000000000023,3.1657270029673588,3.0999999999999943,3.0409240438060796,1,
2824,200,0.05936799515048385,29.17499999999996,0.14221470988117912,3.0,0.0,43.0,18.65692007797271,0.36274509803921573,3.2729044834307994,8.200000000000014,3.4171539961013684,2.399999999999998,6.008539488083699,2,
2825,200,0.05930865682943872,29.774999999999963,0.14221953407776267,4.0,0.0,49.0,19.1326352530541,0.33333333333333337,3.1849912739965096,10.200000000000035,3.269808027923213,2.4999999999999973,6.493541032138638,3,
2826,200,0.0592493778170554,35.14999999999995,0.14221957621064507,2.0,0.0,49.0,21.608130081300814,0.29400000000000004,6.061788617886179,10.300000000000026,3.94065040650407,3.400000000000028,5.994460954355123,1,
2827,200,0.05919015805405483,31.424999999999955,0.14222399762804028,3.0,0.0,52.0,20.79337231968811,0.41981132075471694,1.4795321637426901,12.400000000000036,4.366861598440551,3.6000000000000147,9.037532678745192,2,
2828,200,0.05913099748121725,39.44999999999996,0.14222827692304835,2.0,0.0,41.0,19.43717277486911,0.08450704225352124,6.933246073298429,6.400000000000011,2.7986910994764447,2.8999999999999937,2.806311995134463,1,
2829,200,0.05907189603938205,39.67499999999994,0.14222895897942092,2.0,0.0,41.0,19.955405405405404,0.09965034965034958,5.555405405405406,6.20000000000002,3.2908108108108163,3.900000000000019,2.9573533918068033,1,
2830,200,0.05901285366944784,25.224999999999973,0.14222838168450916,2.0,0.0,45.0,20.262114537444933,0.4578651685393258,2.5704845814977975,8.400000000000025,3.9286343612334886,4.200000000000002,4.048010285520248,2,
2831,200,0.05895387031237222,27.62499999999996,0.1422301191141781,3.0,1.0,55.0,23.13532110091743,0.5212765957446809,2.128440366972477,13.900000000000038,5.380963302752305,4.200000000000012,14.90276645887588,2,
2832,200,0.05889494590917182,26.89999999999996,0.1422307191196685,2.0,0.0,51.0,22.233031674208146,0.5054347826086957,1.4841628959276019,11.400000000000034,4.908144796380099,4.650000000000015,7.839476052271969,2,
2833,200,0.05883608040092221,36.32499999999997,0.1422376038479687,2.0,1.0,41.0,19.64367816091954,0.2668067226890757,1.9917898193760262,6.199999999999992,2.6775041050903066,2.6999999999999984,1.651403149266605,1,
2834,200,0.058777273728757934,27.199999999999964,0.14224000747955806,3.0,0.0,55.0,18.986512524084777,0.36057692307692313,5.061657032755298,14.800000000000036,4.50886319845858,2.499999999999997,19.408471339471436,3,
2835,200,0.058718525833872284,27.224999999999966,0.14224675171609466,3.0,1.0,46.0,19.690322580645162,0.4308510638297872,1.7204301075268817,8.400000000000023,3.7350537634408645,3.899999999999994,5.035633232203666,2,
2836,200,0.05865983665751736,34.699999999999974,0.14224580294682165,2.0,0.0,44.0,17.40357142857143,0.286036036036036,0.8392857142857143,7.6000000000000165,2.906428571428571,2.299999999999998,4.414329892633597,2,
2837,200,0.058601206141003954,27.29999999999999,0.14224966277170828,4.0,0.0,47.0,15.556640625,0.3131578947368421,4.333984375,9.400000000000023,2.7066406250000017,2.049999999999997,4.069502676020367,3,
2838,200,0.0585426342257016,37.47499999999996,0.1422600944950007,3.0,0.0,51.0,19.92794117647059,0.21691176470588225,6.6911764705882355,11.600000000000032,3.4126470588235334,3.0000000000000124,5.685322935386999,1,
2839,200,0.05848412085303835,40.32499999999996,0.14226266014258274,2.0,0.0,45.0,19.88555078683834,0.15972222222222232,6.7439198855507865,8.100000000000016,3.396709585121606,3.199999999999992,4.514461932050786,1,
2840,200,0.05842566596450083,18.624999999999986,0.14226563618661314,6.0,0.0,43.0,13.837758112094395,0.5,0.4336283185840708,7.200000000000008,2.0215339233038345,1.0999999999999983,3.505436999651937,3,
2841,200,0.058367269501634116,38.799999999999955,0.1422733331743402,2.0,0.0,45.0,18.92162162162162,0.12943262411347511,6.166216216216216,7.800000000000016,2.7727027027027025,2.3999999999999972,3.2667473096189177,2,
2842,200,0.05830893140604179,25.64999999999997,0.14227489362378132,2.0,0.0,45.0,20.190366972477065,0.4829545454545454,1.1536697247706422,8.000000000000014,3.613990825688077,3.799999999999998,3.370762355664293,2,
2843,200,0.05825065161938573,16.249999999999975,0.14227911511412467,10.0,0.0,49.0,19.459143968871594,0.6759259259259259,0.0,10.600000000000028,4.415175097276273,4.000000000000012,10.380899648740368,3,
2844,200,0.05819243008338615,19.974999999999984,0.14228417404955196,2.0,0.0,44.0,16.267857142857142,0.4305555555555556,3.066326530612245,8.400000000000036,3.5627551020408235,2.1999999999999993,7.384681283067556,3,
2845,200,0.058134266739821465,35.99999999999997,0.14228784397692548,2.0,0.0,41.0,20.4679186228482,0.23360655737704916,4.583724569640062,6.500000000000014,3.5222222222222292,4.0000000000000036,3.2117206112852963,1,
2846,200,0.0580761615305284,29.64999999999997,0.1422910091698984,3.0,0.0,48.0,19.20040899795501,0.41666666666666663,1.4621676891615543,10.40000000000002,3.6229038854805746,3.4999999999999973,6.8630623954500045,2,
2847,200,0.058018114397401704,31.89999999999997,0.14229351831867806,2.0,0.0,44.0,18.166095890410958,0.2763157894736842,4.936643835616438,8.300000000000022,3.252397260273975,2.3,5.654257407163106,2,
2848,200,0.057960125282394234,32.99999999999997,0.14229868267404275,2.0,0.0,45.0,19.0,0.3318181818181818,2.732620320855615,7.900000000000036,3.3547237076648893,3.399999999999996,4.488516903914622,2,
2849,200,0.057902194127516855,42.44999999999996,0.1423008182423478,2.0,0.0,43.0,18.308310991957104,0.11805555555555558,5.813672922252011,6.599999999999999,2.2634048257372625,2.0999999999999974,1.6980338175970087,1,
2850,200,0.057844320874838456,27.27499999999997,0.14230284193233256,2.0,0.0,50.0,21.266968325791854,0.5,0.416289592760181,11.100000000000037,4.328506787330326,4.45000000000001,8.430587982371339,2,
2851,200,0.057786505466485755,34.07499999999995,0.14230606799372025,3.0,0.0,49.0,18.882102272727273,0.16729323308270683,7.012784090909091,11.30000000000003,3.1105113636363635,2.099999999999997,7.586666182419869,2,
2852,200,0.05772874784464333,36.57499999999996,0.14231081705720955,3.0,0.0,45.0,20.15447154471545,0.2784552845528455,2.0211382113821137,9.40000000000002,3.0684552845528485,2.2999999999999967,5.681816701214128,1,
2853,200,0.057671047951553533,19.499999999999986,0.14231253914586978,3.0,1.0,49.0,16.98989898989899,0.5725806451612904,0.1111111111111111,11.000000000000023,3.6377104377104414,1.5999999999999988,11.800866588064622,3,
2854,200,0.05761340572951652,34.94999999999996,0.142315384548774,2.0,0.0,40.0,19.615629984051036,0.2333333333333334,4.716108452950558,5.399999999999998,2.8920255183413057,3.0000000000000013,1.6152196231252915,1,
2855,200,0.05755582112089005,31.624999999999957,0.14231646084391145,3.0,0.0,46.0,18.632890365448507,0.2894736842105263,2.9086378737541527,9.400000000000022,3.0509966777408652,1.7999999999999947,7.569396969671933,2,
2856,200,0.057498294068089484,36.62499999999996,0.14231459335386656,2.0,1.0,43.0,19.173239436619717,0.15671641791044766,6.743661971830986,7.800000000000021,2.951126760563379,2.4999999999999902,3.739351218709049,1,
2857,200,0.05744082451358776,26.47499999999997,0.14231492106097693,2.0,0.0,47.0,19.046121593291403,0.44780219780219777,0.9475890985324947,10.000000000000028,3.365618448637317,2.7999999999999976,5.721903853591683,2,
2858,200,0.05738341239991535,35.89999999999996,0.14231299093849664,2.0,0.0,41.0,18.899843505477307,0.23347107438016534,3.3583724569640063,5.799999999999999,2.5813771517996864,2.399999999999999,2.5861853448275953,1,
2859,200,0.05732605766966013,19.92499999999998,0.14231283792346855,4.0,0.0,49.0,17.332335329341316,0.5932835820895522,0.26047904191616766,10.200000000000033,3.6029940119760546,1.5999999999999996,11.089611402447282,3,
2860,200,0.05726876026546736,26.949999999999974,0.14231191540797655,2.0,0.0,45.0,19.65158371040724,0.47159090909090906,2.262443438914027,8.000000000000023,3.3918552036199148,3.9500000000000113,3.1023024830699972,2,
2861,200,0.0572115201300396,22.37499999999999,0.14231561451765976,2.0,0.0,49.0,15.671122994652407,0.46621621621621623,1.3983957219251337,10.400000000000029,3.2505347593582923,1.5999999999999996,9.483690509383424,3,
2862,200,0.05715433720613676,34.97499999999995,0.14232055500148547,2.0,0.0,40.0,19.478891820580476,0.08703703703703702,8.216358839050132,6.200000000000019,2.9225593667546206,2.6999999999999953,2.3478196994933764,2,
2863,200,0.05709721143657589,27.04999999999997,0.1423213351298492,2.0,0.0,42.0,19.172185430463575,0.44318181818181823,0.7902869757174393,6.900000000000023,3.261810154525389,3.3000000000000096,3.5268368679583815,2,
2864,200,0.057040142764231215,36.22499999999996,0.14232431172281565,2.0,1.0,42.0,20.08150470219436,0.22967479674796754,3.153605015673981,6.300000000000016,3.281347962382449,3.699999999999999,1.9267258004682661,1,
2865,200,0.056983131132034036,39.19999999999996,0.1423270431568877,2.0,0.0,41.0,18.945558739255013,0.1433823529411764,4.5,5.600000000000004,2.8333810888252158,2.800000000000014,1.8553508291205159,1,
2866,200,0.056926176482972754,38.49999999999996,0.1423264410961138,2.0,0.0,42.0,19.90625,0.05769230769230771,8.8825,6.300000000000014,2.6937500000000005,2.400000000000011,2.100014218772227,0,
2867,200,0.056869278760092706,40.424999999999955,0.14232858134206727,2.0,0.0,42.0,19.585714285714285,0.07885906040268464,8.99090909090909,6.3000000000000105,2.832597402597403,2.999999999999999,2.4735000227694828,1,
2868,200,0.056812437906496156,35.72499999999996,0.14233026640382673,2.0,0.0,41.0,21.12807881773399,0.2626050420168067,3.6141215106732347,6.200000000000022,3.5681444991789824,3.800000000000008,2.3179405737705037,1,
2869,200,0.056755653865342225,27.44999999999997,0.14233118598978334,2.0,0.0,42.0,17.746781115879827,0.4241573033707865,0.6351931330472103,6.000000000000007,2.5733905579399114,2.749999999999996,2.13346485229444,2,
2870,200,0.0566989265798469,23.77499999999997,0.14232844932241462,2.0,0.0,46.0,19.305429864253394,0.4969879518072289,2.067873303167421,10.400000000000032,3.1760180995475156,1.7999999999999952,8.849696411295962,2,
2871,200,0.056642255993282896,15.824999999999982,0.14232908459166177,5.0,0.0,48.0,18.43579766536965,0.6650943396226415,0.07782101167315175,9.700000000000024,3.815175097276269,3.299999999999999,10.020894198158956,3,
2872,200,0.056585642048979604,24.27499999999998,0.14233118808238537,2.0,0.0,41.0,16.79754601226994,0.3852941176470588,3.2883435582822087,6.200000000000007,2.243762781186093,1.8999999999999964,2.1476234526597566,3,
2873,200,0.05652908469032304,35.04999999999996,0.14232999726891116,2.0,0.0,49.0,21.368088467614534,0.2655038759689923,6.864139020537125,10.200000000000038,4.006319115323864,4.100000000000003,4.651977997843749,1,
2874,200,0.05647258386075591,35.24999999999996,0.14232941936586513,2.0,0.0,39.0,20.342812006319114,0.22478991596638664,4.458135860979463,6.600000000000002,3.3911532385466048,3.400000000000018,2.374398434692336,1,
2875,200,0.05641613950377735,43.77499999999995,0.14233305828258752,2.0,0.0,45.0,21.05875,0.043749999999999956,9.32875,8.00000000000002,3.385250000000005,3.1000000000000094,3.0032871301361506,0,
2876,200,0.05635975156294299,38.02499999999996,0.1423361280530077,2.0,1.0,44.0,20.88676236044657,0.23863636363636354,4.631578947368421,8.10000000000001,3.65470494417863,3.499999999999993,3.8112594880039308,1,
2877,200,0.05630341998186487,31.97499999999996,0.14233879609409167,4.0,0.0,51.0,21.443762781186095,0.41666666666666663,2.8220858895705523,11.500000000000043,4.968916155419231,5.999999999999998,11.400962863834133,2,
2878,200,0.05624714470421144,34.99999999999996,0.14234095097146965,2.0,0.0,47.0,19.861280487804876,0.242,5.983231707317073,9.400000000000013,3.2814024390243928,3.199999999999994,3.5549062939338008,1,
2879,200,0.056190925673707405,35.04999999999997,0.14234289206914866,1.0,0.0,39.0,18.286153846153844,0.20798319327731085,3.063076923076923,4.899999999999993,2.29861538461538,2.199999999999993,1.2814318850458781,1,
2880,200,0.056134762834133725,35.99999999999996,0.14234925421626665,2.0,0.0,42.0,19.52186588921283,0.16860465116279078,6.930029154518951,6.20000000000001,3.1776967930029185,3.4000000000000172,1.95686824126904,1,
2881,200,0.05607865612932754,29.79999999999996,0.1423532505433435,3.0,0.0,44.0,18.726546906187625,0.37,1.778443113772455,7.300000000000028,3.487025948103798,3.999999999999996,5.153524860557803,2,
2882,200,0.05602260550318217,35.22499999999996,0.142356354757495,2.0,0.0,46.0,19.89297124600639,0.282258064516129,3.6741214057507987,8.600000000000012,3.047124600638978,2.799999999999997,3.143745760765567,2,
2883,200,0.05596661089964698,35.64999999999996,0.14235864807486237,1.0,0.0,42.0,20.774557165861513,0.24193548387096775,5.719806763285024,6.700000000000008,3.5175523349436437,3.8,2.1241901773675034,1,
2884,200,0.055910672262727355,29.92499999999997,0.14236110184935083,2.0,0.0,45.0,19.212678936605318,0.38366336633663367,2.967280163599182,8.600000000000032,3.6928425357873262,3.8999999999999986,5.31753747072603,2,
2885,200,0.05585478953648462,31.199999999999967,0.1423644882703533,3.0,0.0,45.0,18.341130604288498,0.37621359223300976,0.7699805068226121,8.400000000000025,3.1656920077972726,2.199999999999998,4.8131102565661745,2,
2886,200,0.05579896266503611,36.524999999999956,0.14236615368043798,2.0,0.0,46.0,19.247261345852895,0.25,4.241001564945227,9.500000000000037,2.7898278560250414,1.8999999999999901,6.5028076018809315,1,
2887,200,0.055743191592554905,39.44999999999997,0.14236887298791107,2.0,1.0,41.0,18.45567867036011,0.12410071942446033,6.152354570637119,6.199999999999998,2.482409972299168,2.0999999999999917,2.5035319586481957,1,
2888,200,0.05568747626326995,42.04999999999994,0.14237667323985134,2.0,0.0,43.0,20.7525,0.044871794871794934,10.14,7.600000000000013,3.201499999999999,2.8999999999999977,3.6382034346928895,0,
2889,200,0.055631816621465865,27.949999999999974,0.14237814902120197,2.0,0.0,47.0,20.006451612903227,0.43229166666666663,1.7913978494623657,9.00000000000003,3.9247311827957048,4.1,4.727259693651059,2,
2890,200,0.05557621261148306,38.34999999999995,0.14238147930919043,3.0,1.0,48.0,21.58970588235294,0.20744680851063824,7.8617647058823525,9.90000000000004,4.409705882352947,3.999999999999999,5.97680107439683,1,
2891,200,0.055520664177717505,30.74999999999997,0.14238486172101936,2.0,0.0,43.0,17.898710865561693,0.34134615384615385,3.3093922651933703,7.300000000000023,2.8167587476979734,2.3999999999999897,3.835662171695266,2,
2892,200,0.05546517126462075,33.62499999999997,0.14238346798911425,2.0,1.0,41.0,18.724137931034484,0.27212389380530977,3.3891625615763545,6.199999999999993,2.1257799671592723,1.8999999999999972,1.2520317083692825,1,
2893,200,0.055409733816699856,33.74999999999994,0.14238976594032562,2.0,1.0,45.0,22.29430894308943,0.29132231404958675,6.334959349593496,9.100000000000021,4.352357723577244,4.099999999999999,5.133337281610934,1,
2894,200,0.05535435177851743,34.74999999999996,0.14239186833814896,3.0,0.0,44.0,19.56675749318801,0.13148148148148153,8.935967302452315,7.800000000000016,3.0925068119891015,2.599999999999998,4.101027758443111,1,
2895,200,0.05529902509469138,28.37499999999996,0.1423905326391577,2.0,0.0,49.0,19.47648261758691,0.4387755102040817,2.9284253578732105,10.200000000000033,3.593456032719839,2.999999999999996,6.837040983606596,2,
2896,200,0.055243753709895045,31.249999999999964,0.14239207848924346,2.0,0.0,43.0,18.94043321299639,0.2962962962962963,4.492779783393502,8.400000000000036,3.809205776173292,3.5999999999999988,7.3889826499194164,2,
2897,200,0.055188537568857,37.64999999999996,0.142398414387358,2.0,1.0,42.0,19.108452950558213,0.2379032258064515,2.6523125996810206,6.7,2.5877192982456125,2.6999999999999966,1.9969993996866156,1,
2898,200,0.05513337661636114,28.399999999999963,0.14240045539338864,3.0,0.0,51.0,18.342960288808666,0.30660377358490565,5.469314079422382,11.800000000000036,3.8536101083032532,2.099999999999999,12.755452714921148,3,
2899,200,0.05507827079724649,35.14999999999997,0.1424043304557448,2.0,0.0,48.0,16.938110749185668,0.2628205128205128,2.6319218241042344,10.200000000000015,2.4148208469055343,1.6999999999999988,5.395739280361822,2,
2900,200,0.05502322005640723,35.249999999999964,0.14240688515070096,2.0,0.0,44.0,19.72543352601156,0.17105263157894735,10.007225433526012,7.500000000000046,3.3031791907514485,3.09999999999999,2.746267304009738,1,
2901,200,0.054968224338792594,34.87499999999994,0.1424080881317305,2.0,0.0,44.0,20.669856459330145,0.25,6.838915470494418,7.50000000000004,3.5245614035087742,2.899999999999997,3.7633935512098162,1,
2902,50,0.05491328358940689,4.700000000000001,0.14240789689971078,1.0,1.0,7.0,3.425675675675676,0,0.25,1.6999999999999988,0.7182432432432428,0.6999999999999997,0.16906679450303588,4,
2903,200,0.05485839775330936,39.024999999999956,0.1424114799013195,3.0,0.0,50.0,19.873887240356083,0.21691176470588225,6.507418397626113,11.60000000000003,3.3660237388724044,2.299999999999998,8.93816795993621,1,
2904,200,0.054803566775614154,39.949999999999974,0.1424138748510538,2.0,0.0,42.0,19.219197707736388,0.14855072463768115,6.7535816618911175,6.200000000000007,2.9975644699140402,2.999999999999993,1.9994967395521015,1,
2905,200,0.054748790601490266,40.24999999999995,0.14241738639226284,2.0,0.0,42.0,21.11625,0.0547945205479452,9.65375,7.200000000000017,3.419750000000005,3.400000000000013,3.0734647397886814,1,
2906,200,0.05469406917616156,26.174999999999976,0.14241863800630936,2.0,0.0,41.0,19.704347826086956,0.4375,3.0304347826086957,6.700000000000008,3.63282608695653,4.499999999999998,3.7682663434137504,2,
2907,200,0.054639402444906594,40.32499999999997,0.14241992572424655,2.0,0.0,43.0,19.754411764705882,0.17647058823529416,4.845588235294118,7.100000000000021,3.308529411764711,3.4999999999999956,3.4461699960424013,1,
2908,200,0.054584790353058625,24.874999999999968,0.14242337868308272,2.0,0.0,42.0,20.923444976076556,0.5030120481927711,0.5358851674641149,7.200000000000029,3.7157894736842145,3.899999999999993,2.5100521396725304,2,
2909,200,0.054530232846005534,35.92499999999997,0.14242413364776518,1.0,0.0,41.0,19.534290271132377,0.25,2.5789473684210527,6.799999999999995,2.843221690590109,2.899999999999989,1.9268927677499437,1,
2910,200,0.05447572986918986,41.124999999999964,0.14242796341650107,3.0,0.0,45.0,19.382521489971346,0.15909090909090917,6.667621776504298,7.9000000000000234,3.095558739255014,2.8999999999999915,3.5773658413433562,1,
2911,200,0.05442128136810859,11.82499999999998,0.14242899086764035,4.0,0.0,38.0,15.163346613545817,0.6666666666666666,0.0,4.799999999999995,1.7035856573705148,1.2999999999999998,1.4755085714285692,3,
2912,200,0.05436688728831322,35.72499999999997,0.14242916338165443,2.0,0.0,44.0,20.091056910569105,0.2786885245901639,3.9495934959349595,7.200000000000016,3.0304065040650396,2.699999999999998,3.054351812682442,1,
2913,200,0.05431254757540965,35.89999999999997,0.14242921411978257,2.0,0.0,40.0,19.09516129032258,0.2457627118644068,3.229032258064516,5.400000000000007,2.497419354838706,2.699999999999994,1.5684812915746371,1,
2914,200,0.05425826217505821,34.92499999999995,0.1424257628507422,2.0,0.0,49.0,21.03030303030303,0.28200000000000003,6.052631578947368,10.40000000000004,3.7408293460925113,3.3999999999999884,6.443229736879645,1,
2915,200,0.054204031032973464,30.424999999999955,0.14242755522419207,2.0,0.0,51.0,19.639042357274402,0.3761682242990654,2.1270718232044197,12.700000000000035,3.8609576427256007,2.49999999999999,12.50105952897772,2,
2916,200,0.05414985409492427,38.17499999999996,0.1424317499511562,2.0,0.0,41.0,20.091176470588234,0.16729323308270683,8.030882352941177,6.800000000000008,3.5105882352941213,3.6999999999999966,2.698834902324634,1,
2917,200,0.054095731306733646,37.649999999999956,0.14243541594319525,2.0,0.0,42.0,19.89111747851003,0.15298507462686572,7.484240687679083,7.600000000000009,3.4007163323782295,3.4000000000000266,3.074862531634673,1,
2918,200,0.054041662614278875,28.699999999999974,0.14243558217823335,2.0,0.0,43.0,17.925925925925927,0.36855670103092786,0.898635477582846,6.7000000000000295,2.978557504873297,3.199999999999995,3.161033712305465,2,
2919,200,0.05398764796349122,24.624999999999982,0.14243982812401812,1.0,0.0,38.0,18.634920634920636,0.45625000000000004,0.6961451247165533,4.399999999999995,2.7587301587301534,2.999999999999997,1.0025649938296946,2,
2920,200,0.05393368730035602,36.349999999999945,0.14244516613557612,2.0,1.0,44.0,22.2807881773399,0.2698412698412699,2.6206896551724137,7.600000000000031,4.259770114942535,4.099999999999998,3.013512834339981,1,
2921,200,0.0538797805709126,26.724999999999977,0.1424462469237147,3.0,0.0,56.0,19.6013986013986,0.5055555555555555,1.491841491841492,14.40000000000004,4.4372960372960435,2.799999999999998,17.91838002608139,3,
2922,200,0.05382592772125425,25.62499999999997,0.14244740479786389,2.0,1.0,47.0,19.909302325581397,0.5210843373493976,0.5720930232558139,10.200000000000028,3.3330232558139543,1.9999999999999964,8.228349315031506,2,
2923,200,0.05377212869752812,37.24999999999996,0.14244929628352948,2.0,0.0,44.0,20.987220447284344,0.262,2.3099041533546325,7.500000000000018,3.703674121405757,3.899999999999997,3.344739444976104,1,
2924,200,0.053718383445935165,39.22499999999995,0.1424505891620929,2.0,0.0,44.0,19.105405405405406,0.12681159420289845,6.882432432432433,8.000000000000021,2.7808108108108085,2.0499999999999963,3.935071393483205,1,
2925,200,0.05366469191273011,37.59999999999996,0.1424548343162947,3.0,0.0,45.0,18.909620991253643,0.18181818181818188,5.409620991253644,8.600000000000017,2.810349854227404,2.499999999999997,3.164374823361929,1,
2926,200,0.053611054044221465,38.099999999999966,0.14245331923208066,2.0,1.0,40.0,18.206521739130434,0.20934959349593485,4.319875776397516,4.899999999999999,2.2068322981366415,1.9999999999999991,1.2788073348041469,1,
2927,200,0.053557469786771325,33.44999999999996,0.14245750356470163,2.0,0.0,48.0,18.872193436960277,0.3445945945945946,1.2590673575129534,9.600000000000037,2.662348877374785,1.599999999999994,5.717252296861999,2,
2928,200,0.05350393908679544,25.52499999999997,0.1424581307392876,2.0,0.0,40.0,20.579418344519016,0.4441176470588235,2.2997762863534676,7.200000000000024,4.024384787472047,4.8,3.7954646460602555,2,
2929,200,0.05345046189076308,27.02499999999997,0.14245902725494808,2.0,0.0,41.0,19.381696428571427,0.4454022988505747,0.16964285714285715,6.000000000000021,3.3203125000000044,3.999999999999996,2.8459631893893156,2,
2930,200,0.053397038145197084,25.024999999999967,0.14246042593466385,2.0,1.0,42.0,20.084862385321102,0.47619047619047616,0.5091743119266054,6.200000000000016,3.550688073394499,3.850000000000001,2.731917567532041,2,
2931,200,0.05334366779667368,36.899999999999956,0.1424655675094481,2.0,0.0,45.0,19.69154929577465,0.15875912408759119,6.846478873239437,8.800000000000034,3.26211267605634,2.799999999999997,3.968642845948948,1,
2932,200,0.053290350791822524,38.924999999999955,0.14247096931326406,3.0,0.0,52.0,21.80295566502463,0.31640625,2.1970443349753697,12.600000000000023,3.973070607553371,3.6000000000000147,7.479689063848175,1,
2933,200,0.05323708707732657,26.774999999999963,0.14247380995067221,2.0,0.0,46.0,20.181192660550458,0.48863636363636365,1.0206422018348624,8.800000000000024,3.608486238532115,3.7999999999999976,5.870532260185728,2,
2934,200,0.05318387659992216,36.399999999999956,0.1424738008018706,2.0,1.0,47.0,19.863896848137536,0.18511450381679384,6.011461318051576,10.300000000000013,3.384383954154728,2.699999999999998,7.208266636289211,1,
2935,200,0.05313071930639878,38.89999999999993,0.142475275787651,2.0,0.0,44.0,20.06970509383378,0.11524822695035453,6.734584450402145,7.600000000000023,3.3202412868632765,3.299999999999998,3.5122641617926034,1,
2936,200,0.053077615143599134,35.39999999999996,0.14247187511707607,2.0,0.0,45.0,20.721951219512196,0.27459016393442626,5.239024390243903,8.100000000000033,3.4089430894308994,3.399999999999997,2.5520405897034797,1,
2937,200,0.05302456405841903,37.87499999999995,0.1424713485575031,2.0,0.0,45.0,19.820054945054945,0.1441605839416058,7.729395604395604,9.000000000000027,3.2750000000000052,3.20000000000001,5.03399988301515,1,
2938,200,0.052971565997807425,37.42499999999997,0.14247389540743294,2.0,0.0,43.0,19.388198757763973,0.22560975609756095,3.658385093167702,7.000000000000006,2.915838509316766,2.6999999999999975,2.3759971065861363,1,
2939,200,0.052918620908766235,32.97499999999995,0.1424715958966361,2.0,0.0,45.0,20.199677938808374,0.2799145299145299,4.648953301127214,10.100000000000033,3.172624798711756,1.7999999999999985,8.967486412197973,1,
2940,200,0.05286572873835037,30.899999999999974,0.1424718023052055,2.0,0.0,45.0,16.881040892193308,0.3221153846153846,0.949814126394052,8.000000000000005,2.559107806691447,2.699999999999995,2.937817532294781,2,
2941,200,0.05281288943366762,42.274999999999956,0.1424756570382219,2.0,0.0,40.0,19.54875,0.04194630872483218,6.85875,7.399999999999996,2.4792499999999986,2.0999999999999983,2.349073107926733,0,
2942,200,0.052760102941878724,36.024999999999956,0.1424750277071144,2.0,0.0,42.0,22.25615763546798,0.25806451612903225,4.615763546798029,7.200000000000018,4.2449917898193865,4.599999999999997,2.7222523727351415,1,
2943,200,0.05270736921019717,21.84999999999998,0.1424794496697619,6.0,0.0,49.0,18.60164835164835,0.5763888888888888,1.1181318681318682,11.600000000000032,3.878846153846159,1.5999999999999965,13.920069663006233,3,
2944,200,0.05265468818588921,34.62499999999996,0.1424843171439337,2.0,0.0,40.0,20.30112721417069,0.2456896551724137,3.4074074074074074,6.800000000000017,3.2334943639291507,3.4999999999999956,2.281106264910298,1,
2945,200,0.05260205981627384,40.42499999999995,0.1424870311662413,2.0,1.0,42.0,20.93875,0.043333333333333224,10.405,7.200000000000004,3.31325,3.099999999999995,2.882278941060861,0,
2946,200,0.05254948404872264,28.299999999999955,0.14248775548814888,3.0,0.0,46.0,22.285714285714285,0.4552631578947368,1.6964285714285714,8.80000000000003,5.062723214285725,5.600000000000011,6.2433067268551605,2,
2947,200,0.05249696083065988,42.649999999999956,0.14248976739230262,2.0,0.0,43.0,19.79625,0.044871794871794934,11.765,7.9999999999999964,2.627749999999995,2.2999999999999954,2.363783630911924,0,
2948,200,0.05244449010956234,40.224999999999945,0.14249323403145997,2.0,0.0,45.0,21.08375,0.05844155844155852,11.99125,7.800000000000023,3.400250000000002,3.1000000000000068,3.0962047753199786,0,
2949,200,0.052392071832959276,28.649999999999977,0.14249680640492762,5.0,0.0,56.0,18.68134171907757,0.4336734693877551,2.1048218029350103,15.100000000000032,3.9857442348008423,1.7999999999999972,17.672117629478652,3,
2950,200,0.05233970594843238,37.59999999999997,0.14249825956350562,2.0,0.0,48.0,18.111764705882354,0.21153846153846145,4.3691176470588236,9.60000000000001,2.513529411764708,1.8999999999999941,3.4167655206867,2,
2951,200,0.05228739240361583,33.949999999999974,0.14249726393396278,2.0,0.0,45.0,19.295934959349594,0.2891304347826087,4.471544715447155,7.9000000000000234,2.553333333333331,1.9,3.0497164643174592,1,
2952,200,0.05223513114619603,40.02499999999996,0.1425019960438605,2.0,0.0,42.0,18.401408450704224,0.1470588235294117,5.208450704225352,6.200000000000015,2.4880281690140817,2.0999999999999934,2.1320721723312346,1,
2953,200,0.052182922123911735,30.49999999999996,0.14250499472449474,3.0,0.0,46.0,19.487758945386066,0.3798076923076923,1.6101694915254237,9.100000000000037,3.5007532956685568,3.700000000000006,5.136401830046865,2,
2954,200,0.05213076528455389,14.574999999999978,0.14250339312496202,5.0,0.0,47.0,20.218884120171673,0.7395833333333334,0.0,9.300000000000026,4.215879828326187,4.3000000000000025,8.0110112732096,3,
2955,200,0.05207866057596569,33.59999999999996,0.1425062830260755,2.0,0.0,44.0,20.949096880131364,0.29700854700854706,3.4417077175697863,7.500000000000032,3.6430213464696273,3.4999999999999973,3.9823306729939976,2,
2956,200,0.052026607946042414,39.84999999999993,0.1425074402180781,3.0,0.0,52.0,20.85532994923858,0.11333333333333329,8.940355329949238,12.300000000000024,3.4063451776649747,2.7999999999999976,6.527051468492303,1,
2957,200,0.05197460734273142,30.17499999999997,0.14250712576962432,2.0,0.0,44.0,18.104536489151872,0.39,2.242603550295858,8.000000000000018,2.8664694280078886,2.599999999999996,3.483662428807088,2,
2958,200,0.05192265871403207,35.94999999999997,0.14251186169026414,2.0,0.0,47.0,19.939144736842106,0.30042016806722693,2.625,10.200000000000033,3.3549342105263156,2.4999999999999885,7.288909844912854,2,
2959,200,0.051870762007995785,37.32499999999996,0.1425126251692185,4.0,0.0,47.0,19.89010989010989,0.1492805755395683,8.85989010989011,9.500000000000043,3.3170329670329743,2.8999999999999977,4.508839264655711,1,
2960,200,0.05181891717272583,36.82499999999996,0.14251186540379315,2.0,0.0,45.0,21.02685624012638,0.2421875,5.559241706161138,8.50000000000002,3.801579778830973,4.200000000000022,2.921079044044268,1,
2961,200,0.051767124156377374,34.99999999999997,0.14251152599117972,2.0,0.0,40.0,19.18062397372742,0.2673913043478261,2.2561576354679804,5.699999999999994,2.399671592775039,1.9999999999999987,2.2840783002588427,1,
2962,200,0.05171538290715736,26.374999999999964,0.14251134751817857,2.0,0.0,44.0,20.165178571428573,0.4602272727272727,1.1897321428571428,7.700000000000025,3.7904017857142893,3.8000000000000185,4.421693298057347,2,
2963,200,0.05166369337332458,33.89999999999995,0.14251445931285542,2.0,0.0,41.0,20.462519936204146,0.2416666666666667,4.371610845295056,6.4000000000000385,3.4001594896331797,3.3999999999999972,3.043022069147998,1,
2964,200,0.05161205550318949,26.74999999999998,0.14251493840210308,2.0,0.0,42.0,18.686695278969957,0.41666666666666663,2.98068669527897,6.200000000000015,3.1450643776824045,3.199999999999996,3.18360617991758,2,
2965,200,0.0515604692451142,22.87499999999998,0.14251518402429159,8.0,0.0,49.0,17.06201550387597,0.5197368421052632,0.020671834625323,11.000000000000028,3.4808785529715807,1.8999999999999995,10.3942774157364,3,
2966,200,0.051508934547512424,28.399999999999956,0.14251173047799662,2.0,0.0,48.0,18.936127744510976,0.40625,2.471057884231537,10.700000000000026,3.5576846307385255,1.999999999999997,11.113742709163413,2,
2967,200,0.051457451358849514,37.47499999999996,0.1425138103308064,2.0,0.0,43.0,19.064935064935064,0.08576642335766427,6.153246753246753,8.700000000000026,2.5481818181818188,1.8999999999999926,4.393179428536769,2,
2968,200,0.051406019627642255,31.99999999999995,0.14251776896957236,3.0,0.0,46.0,21.10810810810811,0.3517699115044248,4.140540540540541,9.000000000000034,4.280180180180186,3.900000000000001,5.8857884450562805,2,
2969,200,0.051354639302458906,35.92499999999996,0.14251738841391115,2.0,0.0,43.0,19.594896331738436,0.25,4.251993620414673,7.700000000000014,2.879585326953748,2.69999999999999,3.390947528540339,1,
2970,200,0.05130331033191911,38.499999999999964,0.14251901910984033,2.0,0.0,44.0,18.297783933518005,0.1477272727272727,4.975069252077562,7.600000000000025,2.387673130193903,1.699999999999995,3.860589526226658,1,
2971,200,0.05125203266469395,46.72499999999996,0.14252197042624556,2.0,0.0,43.0,20.715,0.033950617283950546,8.6275,7.300000000000032,3.179,2.999999999999994,2.371012704707368,0,
2972,200,0.05120080624950572,23.549999999999965,0.14252129125815324,3.0,0.0,44.0,21.21395348837209,0.5030864197530864,0.6232558139534884,9.60000000000002,4.1241860465116345,2.5999999999999948,8.671182861995003,2,
2973,200,0.05114963103512801,37.049999999999955,0.14252305597086393,2.0,0.0,42.0,21.59090909090909,0.22637795275590555,5.112852664576803,7.2000000000000215,4.186990595611296,4.699999999999998,3.28471343322453,1,
2974,200,0.05109850697038558,24.92499999999996,0.14251908779051278,2.0,0.0,43.0,18.592132505175982,0.4224137931034483,1.434782608695652,8.400000000000036,3.1803312629399643,2.49999999999999,5.330588371455086,2,
2975,200,0.051047434004154395,32.02499999999998,0.1425246300180054,2.0,0.0,40.0,18.41541038525963,0.2821100917431193,2.8676716917922946,5.70000000000002,2.617755443886097,2.599999999999998,2.2242470988305625,2,
2976,200,0.050996412085361466,44.34999999999996,0.14252789182052006,2.0,0.0,43.0,20.78625,0.03301886792452824,7.96875,6.800000000000011,3.2217499999999992,3.199999999999995,2.1636803182505013,0,
2977,200,0.05094544116298488,40.52499999999995,0.1425292293050699,3.0,0.0,45.0,20.14627659574468,0.1100000000000001,7.514627659574468,8.800000000000017,3.3228723404255316,3.0999999999999943,4.47517625901191,1,
2978,200,0.05089452118605367,27.099999999999966,0.14252794770879798,2.0,0.0,42.0,19.560706401766005,0.4375,1.2781456953642385,6.9000000000000155,3.5015452538631355,3.599999999999996,3.7011856262913843,2,
2979,200,0.05084365210364792,41.17499999999997,0.14252945723965413,2.0,0.0,44.0,18.716157205240176,0.17592592592592582,1.6317321688500728,7.300000000000008,2.6953420669577883,2.199999999999997,3.705837683910783,1,
2980,200,0.0507928338648985,34.874999999999964,0.142531539304804,2.0,0.0,48.0,18.528753993610223,0.2379032258064515,3.484025559105431,9.900000000000032,3.4247603833865847,2.899999999999997,6.635138679425877,2,
2981,200,0.05074206641898719,26.274999999999963,0.14253440766533199,2.0,0.0,47.0,22.191037735849058,0.5084269662921348,1.625,9.100000000000023,4.595047169811327,5.200000000000015,6.055551606174419,2,
2982,200,0.050691349715146494,39.69999999999995,0.14253518314507085,2.0,1.0,45.0,21.541871921182267,0.2616279069767442,3.857142857142857,9.00000000000002,3.8164203612479493,3.399999999999996,4.60867547454705,1,
2983,200,0.05064068370265976,26.69999999999996,0.1425346683727297,2.0,0.0,53.0,20.232142857142858,0.5082417582417582,1.234375,12.700000000000033,3.81450892857143,2.3999999999999897,11.53857466006993,2,
2984,200,0.05059006833086096,35.999999999999964,0.14253399795741245,2.0,0.0,40.0,19.986153846153847,0.19841269841269837,6.415384615384616,6.40000000000001,3.3186153846153874,3.6999999999999957,2.5389979384566708,1,
2985,200,0.050539503549134696,34.79999999999997,0.14253436325642974,2.0,0.0,45.0,20.160975609756097,0.28781512605042014,3.3869918699186994,8.100000000000007,3.0723577235772375,2.999999999999998,3.419407546850555,1,
2986,200,0.05048898930691617,32.649999999999956,0.1425333340993589,2.0,0.0,43.0,20.954545454545453,0.2841880341880342,5.686688311688312,7.400000000000028,3.7073051948052007,3.5999999999999988,3.742440263008811,2,
2987,200,0.05043852555369119,24.94999999999999,0.14253348440198466,13.0,0.0,45.0,13.680094786729859,0.33974358974358976,0.6516587677725119,8.300000000000011,2.263744075829383,1.5999999999999988,3.60664414907656,3,
2988,200,0.05038811223899596,36.124999999999964,0.14253614044182605,2.0,1.0,43.0,20.106413994169095,0.1685185185185185,7.635568513119534,8.000000000000036,3.5284256559766805,3.0999999999999934,4.5774961697425995,1,
2989,200,0.05033774931241717,35.07499999999996,0.14253634523034328,2.0,0.0,41.0,20.748768472906406,0.25826446280991733,5.1330049261083746,6.300000000000015,3.340558292282429,3.2999999999999954,1.9543044650560897,1,
2990,200,0.050287436723591865,41.59999999999995,0.14253707320507697,2.0,0.0,47.0,21.18625,0.05769230769230771,9.1425,9.100000000000033,3.461750000000002,3.4000000000000012,2.910291484830461,0,
2991,200,0.050237174422207494,36.849999999999966,0.14253331047908888,2.0,0.0,41.0,20.183908045977013,0.2583333333333333,2.696223316912972,5.700000000000001,3.0016420361247964,3.4999999999999947,2.2951102243313284,1,
2992,200,0.050186962358001734,43.07499999999996,0.1425356748734354,2.0,0.0,40.0,20.655,0.022727272727272707,9.1075,6.300000000000002,3.143000000000002,2.999999999999991,2.2600545313352276,0,
2993,200,0.050136800480762515,30.824999999999957,0.1425374427006693,2.0,0.0,49.0,18.56070287539936,0.2456896551724137,5.782747603833866,11.500000000000027,3.4209265175718886,1.599999999999998,13.381784727272807,3,
2994,200,0.05008668874032793,35.39999999999994,0.14253809428599398,2.0,0.0,44.0,22.55008210180624,0.2784552845528455,4.816091954022989,7.600000000000027,4.421346469622346,4.700000000000001,2.2713402717860447,1,
2995,200,0.05003662708658628,16.399999999999977,0.14253954041993067,7.0,0.0,50.0,20.040816326530614,0.7122641509433962,0.02857142857142857,10.900000000000034,4.46000000000001,4.800000000000002,11.234178995068708,3,
2996,200,0.049986615469475894,44.29999999999995,0.14253823020114853,2.0,0.0,44.0,21.25375,0.033950617283950546,9.2425,7.20000000000003,3.502250000000005,3.5000000000000147,2.9816495963275123,0,
2997,200,0.049936653838985136,43.474999999999966,0.14253980071799816,2.0,0.0,41.0,19.635,0.036666666666666625,6.33375,5.499999999999999,2.530999999999996,2.3999999999999924,1.5319413936584292,0,
2998,200,0.04988674214515236,40.37499999999996,0.14254132370952888,2.0,1.0,41.0,19.752747252747252,0.11428571428571432,6.733516483516484,7.700000000000013,3.234615384615389,2.8999999999999995,2.8393565831357064,1,
2999,200,0.0498368803380659,39.82499999999995,0.14254378357933403,2.0,0.0,49.0,20.59873617693523,0.26538461538461533,2.646129541864139,11.200000000000031,3.544707740916271,3.2000000000000037,4.9601778940223165,1,
3000,200,0.049787068367863944,42.32499999999996,0.14254481205516506,2.0,0.0,45.0,18.876021798365123,0.13732394366197176,4.70708446866485,8.300000000000011,2.678065395095367,2.099999999999997,3.4317731993206637,1,
3001,200,0.0497373061847345,32.67499999999996,0.14254481376246297,2.0,0.0,49.0,18.243816254416963,0.3085585585585585,3.3551236749116606,11.000000000000034,3.397703180212017,1.999999999999998,9.475271651761384,2,
3002,200,0.04968759373891536,28.499999999999975,0.1425462001670377,1.0,0.0,47.0,18.43558282208589,0.4148936170212766,1.296523517382413,9.100000000000012,3.19959100204499,3.299999999999994,3.890977249916366,2,
3003,200,0.04963793098069413,37.77499999999994,0.14255091070848075,2.0,0.0,47.0,22.121951219512194,0.2734375,2.1886178861788617,9.70000000000003,4.248943089430903,4.500000000000009,4.440591924362316,1,
3004,200,0.049588317860408,36.62499999999996,0.14255693709031753,2.0,1.0,41.0,20.941463414634146,0.25,1.5772357723577235,6.300000000000005,3.5406504065040707,3.8000000000000043,2.0788733660476417,1,
3005,200,0.04953875432844388,32.19999999999997,0.14255729102645992,2.0,0.0,49.0,18.55367231638418,0.36009174311926606,2.1186440677966103,10.500000000000027,3.454425612052734,2.799999999999995,8.109251170378814,2,
3006,200,0.04948924033523819,30.374999999999964,0.1425551988737871,3.0,0.0,48.0,19.214022140221402,0.3387850467289719,3.9132841328413286,11.700000000000026,3.926752767527678,2.499999999999993,11.527570762825894,2,
3007,200,0.049439775831276976,37.62499999999995,0.14255692782513874,2.0,0.0,46.0,22.035060975609756,0.21590909090909083,4.378048780487805,9.10000000000003,4.585670731707328,4.700000000000024,4.938891514750171,1,
3008,200,0.049390360767095715,27.64999999999997,0.14255550563202524,3.0,0.0,43.0,19.759656652360515,0.4388888888888889,1.3776824034334765,7.800000000000005,3.7193133047210383,3.9000000000000252,4.094281043494302,2,
3009,200,0.04934099509327934,44.44999999999996,0.14255716895176562,2.0,0.0,39.0,19.95875,0.026666666666666616,5.30125,5.800000000000012,2.7252499999999995,2.7499999999999982,1.9567654949460982,0,
3010,200,0.04929167876046215,27.074999999999967,0.14255864974772317,2.0,0.0,45.0,19.894495412844037,0.48563218390804597,0.5504587155963303,8.600000000000012,3.4364678899082595,3.6999999999999966,3.7768780346668898,2,
3011,200,0.04924241171932785,46.324999999999946,0.14256176127875902,2.0,0.0,43.0,21.475,0.04192546583850931,6.85625,7.1000000000000085,3.635000000000006,3.7000000000000193,3.6708307356730385,0,
3012,200,0.04919319392060936,44.17499999999995,0.14256158826597118,2.0,0.0,42.0,20.95625,0.044303797468354444,7.82875,7.600000000000012,3.3237500000000013,3.2999999999999985,3.0978907779543587,0,
3013,200,0.04914402531508891,36.924999999999955,0.1425600548696212,2.0,0.0,43.0,20.694581280788178,0.27459016393442626,3.1642036124794743,6.900000000000017,3.3080459770114947,3.2000000000000117,2.4382505392579903,1,
3014,200,0.04909490585359783,41.09999999999995,0.14255533759881714,3.0,1.0,45.0,20.47664835164835,0.13541666666666674,7.605769230769231,8.200000000000014,3.6689560439560447,3.499999999999998,3.8039885052917013,1,
3015,200,0.04904583548701673,40.59999999999996,0.14255193866775562,2.0,0.0,42.0,20.24715909090909,0.13928571428571423,5.971590909090909,7.700000000000018,3.607386363636368,3.5999999999999983,3.1313722143196063,1,
3016,200,0.0489968141662752,39.27499999999995,0.14254930444483693,2.0,0.0,45.0,22.485759493670887,0.23134328358208944,4.6234177215189876,9.400000000000013,4.666772151898747,5.100000000000006,4.5678946880876055,1,
3017,200,0.048947841842351916,37.59999999999997,0.1425537623047995,2.0,0.0,41.0,19.10789049919485,0.2418032786885247,2.394524959742351,5.8999999999999995,2.5175523349436357,2.4999999999999907,1.9708886526293934,1,
3018,200,0.04889891846627454,45.424999999999955,0.14255262005012093,2.0,0.0,41.0,20.0225,0.03431372549019618,6.3925,6.100000000000034,2.7635000000000005,2.4999999999999982,1.9728708326106932,0,
3019,200,0.04885004398911972,34.19999999999997,0.14255420427729473,3.0,0.0,46.0,18.891373801916934,0.262396694214876,3.7220447284345046,9.800000000000024,3.1362619808306715,2.3999999999999932,6.127023387559839,2,
3020,200,0.04880121836201296,36.849999999999966,0.1425524965801667,2.0,0.0,43.0,19.33235294117647,0.18846153846153846,7.344117647058823,8.200000000000022,3.055294117647059,2.5999999999999983,3.6013032900157893,1,
3021,200,0.04875244153612863,32.999999999999964,0.14255521996048542,2.0,0.0,48.0,20.461675579322637,0.3421052631578947,1.4777183600713013,10.100000000000014,4.231729055258475,3.799999999999999,8.361372775800763,2,
3022,200,0.048703713462689875,39.99999999999994,0.14255563332412452,2.0,0.0,45.0,19.84125,0.06849315068493156,9.2975,8.300000000000015,2.654749999999995,2.199999999999993,3.195107429855368,1,
3023,200,0.04865503409296867,28.799999999999965,0.14255516159599718,2.0,0.0,46.0,21.72325581395349,0.48655913978494625,0.5116279069767442,8.500000000000021,4.421395348837218,4.600000000000001,5.775806034645985,2,
3024,200,0.048606403378285604,22.899999999999974,0.14255712034474993,5.0,0.0,47.0,16.555555555555557,0.41874999999999996,0.508274231678487,9.100000000000046,3.639952718676131,1.6999999999999957,9.81025529822059,3,
3025,200,0.048557821270009974,35.47499999999996,0.14255136439004495,2.0,0.0,45.0,21.059113300492612,0.28361344537815125,3.407224958949097,8.90000000000001,3.5267651888341542,2.999999999999999,3.912611087144113,1,
3026,200,0.04850928771955963,31.34999999999998,0.1425520231547449,2.0,0.0,42.0,16.92633517495396,0.3391089108910891,0.574585635359116,7.400000000000019,2.233333333333332,1.4999999999999942,3.3548302854352214,2,
3027,200,0.048460802678401076,35.74999999999997,0.1425579004782895,2.0,0.0,41.0,19.98861788617886,0.2542372881355932,3.546341463414634,5.700000000000016,2.968943089430894,3.299999999999991,2.0299188840475555,1,
3028,200,0.04841236609804924,38.09999999999997,0.14255419518313195,2.0,0.0,42.0,19.89210950080515,0.24596774193548376,2.075684380032206,6.3000000000000185,2.988083735909822,3.2999999999999936,2.7391565708951453,1,
3029,200,0.04836397793006753,42.974999999999945,0.1425544837731012,2.0,0.0,44.0,20.966751918158568,0.07792207792207795,6.71227621483376,7.700000000000018,3.5395140664961686,3.4000000000000035,3.6446210690358547,1,
