,episode,end_day,epsilon,mean_reward,mean_loss,max_berries,mean_berries,max_berries_consumed,mean_berries_consumed,gini_berries_consumed,mean_berries_thrown,max_health,mean_health,median_health,variance_health,deceased,num_emerged_norms
0,1,200,0,45.02499999999994,0,5.0,1.6711281070745698,49.0,19.615678776290633,0.36946902654867253,1.7055449330783938,10.500000000000034,4.0344168260038344,4.300000000000019,8.552184860406069,2,
0,2,200,0,50.59999999999992,0,4.0,0.5570776255707762,47.0,20.14916286149163,0.21715328467153294,6.8173515981735155,9.200000000000037,3.459969558599702,3.2999999999999967,6.500300608828048,1,
0,3,200,0,43.37499999999994,0,6.0,2.0934182590233545,51.0,20.853503184713375,0.42757009345794394,1.335456475583864,11.70000000000003,4.500849256900222,4.500000000000002,9.34672268148355,2,
0,4,200,0,42.62499999999994,0,2.0,0.41622574955908287,44.0,19.223985890652557,0.3325688073394495,0.7477954144620811,7.800000000000028,3.17266313932981,2.8999999999999955,4.1384563227201925,2,
0,5,200,0,48.624999999999915,0,7.0,0.9951690821256038,50.0,21.768115942028984,0.2958015267175572,11.660225442834138,11.20000000000001,4.113687600644128,3.8999999999999977,7.162312347410543,1,
0,6,200,0,49.69999999999994,0,3.0,0.463768115942029,47.0,21.07085346215781,0.26953125,6.349436392914654,9.000000000000036,3.6953301127214195,3.4999999999999987,5.003768479559536,1,
