episode,end_day,epsilon,mean_reward,mean_loss,max_berries,mean_berries,max_berries_consumed,mean_berries_consumed,gini_berries_consumed,mean_berries_thrown,max_health,mean_health,median_health,variance_health,deceased,num_emerged_norms
1,200,0,27.099999999999966,0,0.0,0.0,0.0,0.0,0.5674603174603174,0.0,0.7000000000000001,0.7000000000000001,0.7000000000000001,0.0,3,3
2,200,0,31.774999999999956,0,0.0,0.0,0.0,0.0,0.46518987341772156,0.0,0.7000000000000001,0.7,0.7000000000000001,1.2354287165099178e-32,2,3
3,200,0,28.175,0,0.0,0.0,0.0,0.0,0.5192307692307693,0.0,0.7000000000000001,0.7000000000000001,0.7000000000000001,0.0,3,1
4,200,0,25.574999999999967,0,0.0,0.0,0.0,0.0,0.6270491803278688,0.0,0.7000000000000001,0.7000000000000001,0.7000000000000001,0.0,3,7
5,200,0,30.024999999999963,0,0.0,0.0,0.0,0.0,0.4966666666666667,0.0,0.7000000000000001,0.7000000000000001,0.7000000000000001,0.0,3,2
6,200,0,28.049999999999997,0,1.0,1.0,0.0,0.0,0.4903846153846154,0.0,0.7000000000000001,0.7000000000000002,0.7000000000000001,1.2365081649297606e-32,3,5
7,200,0,20.249999999999968,0,0.0,0.0,0.0,0.0,0.625,0.0,0.7000000000000001,0.7000000000000001,0.7000000000000001,0.0,3,3
8,200,0,22.274999999999963,0,0.0,0.0,0.0,0.0,0.6318181818181818,0.0,0.7000000000000001,0.7000000000000001,0.7000000000000001,0.0,3,3
