df_label,reward_mean,reward_median,reward_stdev,numerosity_mean,numerosity_median,numerosity_stdev,fitness_mean,fitness_median,fitness_stdev
baseline,-4.3770416904625655,-19.599999999999994,132.44983386081572,375.6259280411194,290.0,358.5384665418896,-553.7872529982868,0.0,5875.564517059539
utilitarian,35.720379746835455,-0.2,94.1693152510381,278.6341772151899,221.0,240.8809144709728,834.9228987341774,0.0,5737.271287565311
maximin,67.3818398096749,6.6,167.08479631554837,456.01083795929156,326.0,467.9724758105399,2633.453616177637,0.0,24528.443036871486
egalitarian,35.95761375850952,-1.100000000000001,119.8958475067322,324.1350770333214,225.0,332.9179659769596,388.97059476889996,0.0,7959.8261368679405
average,41.96773222710267,1.3833333333333335,104.51716112590634,257.1051732552465,192.0,275.6099701891088,276.47361151781354,0.0,7440.974870400405
majoritarian,54.20212765957449,-1.4,176.45720868412147,344.0675625233296,245.0,382.47897859966565,2067.4262933930568,0.0,24179.505788332262
optimist,114.75885209713029,55.79999999999997,174.0390977775364,332.48300220750554,254.0,355.4704402904852,1854.7237880794698,0.0,28880.16134297339
veto,60.272157996146454,6.6,151.91717992702266,441.33718689788054,304.0,468.70050651180225,3115.3280635838146,0.0,26176.25389578918
