df_label,reward_mean,reward_median,reward_stdev,numerosity_mean,numerosity_median,numerosity_stdev,fitness_mean,fitness_median,fitness_stdev
baseline,148.3878923766816,126.0,112.45645478190433,389.5515695067265,363.0,289.3574207156285,2582.5934529147985,761.2800000000007,9320.58259576661
utilitarian,117.6765671641791,88.80000000000004,106.35070226193191,332.15671641791045,279.5,247.0469553014793,4125.463791044776,1321.019999999999,9569.395628280967
maximin,201.87646141855026,164.69999999999993,166.74469706975756,498.37646141855026,415.0,410.2949123600359,14148.744014029618,2851.199999999993,30580.62679492579
egalitarian,130.73783439490447,79.19999999999997,151.58317649335098,356.83057324840763,267.0,311.9037300501331,3543.709490445859,785.4000000000005,10627.059264917953
average,139.18254942058627,102.05000000000005,135.65243127464922,339.99182004089977,273.0,341.8880175063047,3543.467781186094,826.8000000000012,12520.706775397484
majoritarian,208.6005755395683,112.59999999999992,269.66752803573075,524.9697841726619,363.0,542.2972992346154,9660.856143884894,1199.6999999999975,45956.45100232641
optimist,209.3029797377831,150.10000000000022,217.72503367651586,404.7747318235995,330.0,363.9186099706266,6815.496042908224,957.6000000000022,46504.76950101846
veto,179.82846820809252,129.75000000000003,177.39182166165494,553.6777456647399,430.5,507.93954415565287,15142.201864161849,2248.2599999999993,39956.91887527933
