df_label,reward_mean,reward_median,reward_stdev,numerosity_mean,numerosity_median,numerosity_stdev,fitness_mean,fitness_median,fitness_stdev
baseline,200.43666666666724,244.0,5577.732302282076,9321.15,2255.5,23175.99719232108,-2886.0720000000015,0.0,45762.43667814341
utilitarian,1795.9881355932205,154.50000000000034,3682.1396617523783,7604.627118644068,2454.0,12534.586281081341,40723.71203389831,257.40000000000003,113530.29221246042
maximin,4520.67419354839,215.90000000000032,13481.419272428082,23741.225806451614,2379.5,61728.35156287171,190444.33983870974,0.0,800377.6372402982
egalitarian,2032.8593750000005,82.65000000000006,5191.4177091945985,9495.90625,1552.0,18435.519558393164,23013.497343749983,48.000000000000014,149181.46321522948
average,3167.105729166668,186.64999999999984,7286.3988995625905,11936.828125,2351.0,20668.815381812532,29857.137812499997,0.0,198943.33704047272
majoritarian,2667.204918032787,262.1999999999999,7145.636966765714,12283.393442622952,2008.0,25046.691999329763,95937.2931147541,0.48,373548.24603820813
optimist,4028.4630769230803,220.7999999999999,11847.436369732726,11303.246153846154,1350.0,24678.337373108454,64901.69076923077,481.80000000000064,236657.60550931207
veto,2613.398076923077,178.39999999999998,5892.722578008301,15688.25,2312.5,38099.00289821553,132875.5944230769,81.0,494571.89630498085
