df_label,reward_mean,reward_median,reward_stdev,numerosity_mean,numerosity_median,numerosity_stdev,fitness_mean,fitness_median,fitness_stdev
baseline,1103.0166666666667,630.95,1333.018301367843,2895.6666666666665,1375.0,3938.148158657851,19197.278,4326.675000000004,35150.69182710049
utilitarian,2318.9205882352944,981.6499999999994,3145.4484816597146,6545.441176470588,2364.5,9637.579025156261,81295.90411764705,7886.940000000002,148858.79631331644
maximin,8633.609999999999,2429.699999999998,15328.553020680962,21310.633333333335,5126.5,44298.336209499845,605093.0549999997,22658.11500000001,1992660.9612760586
egalitarian,2631.517948717949,712.6999999999995,4370.158273833292,7182.358974358975,2220.0,13503.217334919189,71328.51153846152,13215.240000000002,161760.98862983353
average,4124.864646464646,1298.0000000000002,5700.754442444557,10076.121212121212,3552.0,16986.721596878204,105015.4996969697,35543.94000000001,231103.5852213387
majoritarian,3918.3081081081073,545.4999999999999,7573.165560435458,9860.918918918918,1501.0,18482.442068049306,181467.43297297295,7350.509999999999,455854.07928222377
optimist,4283.053658536586,799.9000000000008,9641.752697074786,8283.073170731708,1055.0,15603.291491525504,139468.3214634146,9364.980000000012,372823.52621398505
veto,4148.223333333333,858.0499999999997,6684.446666944834,12769.366666666667,2623.0,23399.06771423601,349279.875,12552.300000000008,842352.707725637
