df_label,reward_mean,reward_median,reward_stdev,numerosity_mean,numerosity_median,numerosity_stdev,fitness_mean,fitness_median,fitness_stdev
baseline,0.0,0.0,0.0,0.0,0.0,0.0,0.0,0.0,0.0
utilitarian,1.0,1.0,0.0,28.666666666666668,27.0,12.942764446406011,427.62500000000006,219.3,317.102914538941
maximin,1.0689655172413792,1.0,0.25788071477756375,14.344827586206897,11.0,9.79167234391758,144.78620689655173,108.0,132.0939214675299
egalitarian,1.0,1.0,0.0,8.5,8.5,6.363961030678928,103.35,103.35,119.00607127369595
average,1.0,1.0,0.0,11.727272727272727,10.0,5.178627406773132,221.59090909090912,66.0,300.47857645611094
majoritarian,1.0,1.0,0.0,12.25,11.0,5.092010548749033,73.3875,54.75,93.54035702763349
veto,1.175,1.0,0.3848076442547927,35.5,33.5,15.86804561988879,551.25,432.15,460.98295146183176
optimist,1.0,1.0,0.0,17.88888888888889,13.0,12.702799341527486,186.60000000000002,93.6,235.07378628847582
