society,num_emerged_norms,num_cooperative_norms,proportion_cooperative
baseline,18716,1751,9.355631545201966
utilitarian,24375,2370,9.723076923076924
maximin,23798,3783,15.896293806202202
egalitarian,23280,2791,11.988831615120276
average,25443,4098,16.106591203867467
majoritarian,21907,2679,12.22896790980052
optimist,25282,2265,8.958943121588483
veto,17557,2076,11.824343566668565
