society,num_emerged_norms,num_cooperative_norms,proportion_cooperative
baseline,10599,223,2.10397207283706
utilitarian,15445,670,4.337973454192295
maximin,15000,1283,8.553333333333333
egalitarian,14732,785,5.328536519142004
average,14410,978,6.786953504510756
majoritarian,13920,695,4.9928160919540225
optimist,17018,839,4.930074039252556
veto,11271,692,6.13965043030787
