society,num_emerged_norms,num_cooperative_norms,proportion_cooperative
baseline,237,30,12.658227848101266
utilitarian,233,34,14.592274678111588
maximin,209,30,14.354066985645932
egalitarian,249,39,15.66265060240964
average,216,33,15.277777777777779
majoritarian,237,37,15.611814345991561
optimist,299,41,13.712374581939798
veto,206,30,14.563106796116504
