society,num_emerged_norms,num_cooperative_norms,proportion_cooperative
baseline,299,60,20.066889632107024
utilitarian,298,59,19.798657718120804
maximin,277,62,22.382671480144403
egalitarian,317,64,20.189274447949526
average,280,64,22.857142857142858
majoritarian,302,61,20.198675496688743
optimist,362,65,17.955801104972377
veto,266,52,19.548872180451127
