society,num_emerged_norms,num_cooperative_norms,proportion_cooperative
baseline,5999,0,0.0
utilitarian,934,12,1.284796573875803
maximin,1057,29,2.7436140018921478
egalitarian,523,2,0.3824091778202677
average,500,11,2.1999999999999997
majoritarian,569,8,1.4059753954305798
veto,772,40,5.181347150259067
optimist,663,9,1.3574660633484164
