df_label,reward_mean,reward_median,reward_stdev,numerosity_mean,numerosity_median,numerosity_stdev,fitness_mean,fitness_median,fitness_stdev
baseline,-791.9657142857131,62.0,6222.297054235101,9221.514285714286,1435.0,29166.63932865306,-3052.6714285714324,0.0,26227.47441642673
utilitarian,719.7314285714289,132.50000000000009,2149.9521581231725,3502.5714285714284,1041.0,5374.445636450299,11126.712000000001,0.0,42046.57659967643
maximin,1325.9268292682934,194.0,7696.939411156376,16471.414634146342,3501.0,36128.43308806487,-53287.06317073169,0.0,226902.1111250261
egalitarian,1340.177272727273,32.95000000000001,4352.839802151281,8563.5,1454.5,19173.617471762816,16645.52863636364,0.0,199427.8116649081
average,2766.420000000001,144.41666666666669,5804.84878566962,9697.25,3695.5,13489.793425173202,43257.57975000002,178.33999999999986,128383.74006923291
majoritarian,1168.0545454545472,231.80000000000018,5175.125890563611,10576.484848484848,1795.0,29120.70634243915,48857.08818181817,445.9500000000001,171929.10789346232
optimist,4433.113207547171,102.79999999999995,16271.4849132207,10075.358490566037,546.0,28897.51365675065,194999.51773584905,414.00000000000006,789513.0787634931
veto,801.1333333333338,184.30000000000032,3063.7377110778775,5249.538461538462,1257.0,12085.902955719144,-1150.71,594.0,70910.13228447633
