df_label,reward_mean,reward_median,reward_stdev,numerosity_mean,numerosity_median,numerosity_stdev,fitness_mean,fitness_median,fitness_stdev
baseline,0.0,0.0,0.0,0.0,0.0,0.0,0.0,0.0,0.0
utilitarian,0.0,0.0,0.0,0.0,0.0,0.0,0.0,0.0,0.0
maximin,1.3333333333333333,1.0,0.5773502691896257,28.333333333333332,26.0,5.8594652770823155,439.40000000000003,183.6,496.46522536830315
egalitarian,0.0,0.0,0.0,0.0,0.0,0.0,0.0,0.0,0.0
average,1.0,1.0,0.0,9.615384615384615,9.0,3.9272225456519427,119.0769230769231,91.2,111.9141721279165
