df_label,reward_mean,reward_median,reward_stdev,numerosity_mean,numerosity_median,numerosity_stdev,fitness_mean,fitness_median,fitness_stdev
baseline,164.24666666666664,152.25,110.14710882234226,386.5,363.0,280.78458478137196,2996.2759999999985,1230.900000000002,4411.847944609673
utilitarian,136.1654867256637,105.59999999999984,118.59451608159233,312.2920353982301,259.0,267.81642438084634,3765.499115044248,867.0000000000011,9530.6141508789
maximin,159.48237082066873,115.20000000000023,152.39716422517276,348.43465045592706,291.0,283.87685648771003,3356.0662613981763,1321.320000000001,7419.4996133653785
egalitarian,122.85144927536231,68.79999999999997,149.14133126940288,336.9927536231884,250.0,323.7969612308407,4992.998623188406,778.95,17054.471062002143
average,123.12073945696133,85.20000000000012,116.7890957457091,291.57712305025996,219.0,286.7907399193955,3717.8603639514727,811.1999999999991,8655.08423568936
majoritarian,172.53961352657007,129.80000000000013,165.85119624813476,504.1304347826087,364.0,474.03736630328183,8271.378115942027,1419.5999999999988,18704.892382379607
optimist,257.5797082228117,165.8499999999997,261.78019362361994,442.99602122015915,294.0,446.3356858608329,14948.677360742706,1604.474999999998,45212.60363316504
veto,143.30939226519342,86.39999999999998,147.6017395642965,288.8729281767956,216.0,264.11409652888096,2201.7124309392266,577.9800000000001,5870.725625750163
