df_label,reward_mean,reward_median,reward_stdev,numerosity_mean,numerosity_median,numerosity_stdev,fitness_mean,fitness_median,fitness_stdev
baseline,-29.763801820020195,-25.199999999999992,112.60828016287273,335.0262891809909,240.0,349.0599917645813,-130.90270980788682,-9.360000000000001,1864.314290624262
utilitarian,19.7623155505108,-3.600000000000001,83.58308977568558,222.70147559591373,166.0,214.5018819796697,325.10271282633386,0.0,3762.317130754001
maximin,26.228935064935097,-5.6,127.44041867074796,369.75636363636363,257.0,393.49734096488805,-1143.3121870129867,0.0,9316.356786501405
egalitarian,19.399072786277248,-3.800000000000001,98.08289780303411,253.9703291608716,156.0,312.2468177356229,251.88788595271205,0.0,9718.952863829994
average,44.08881149325209,7.4,94.02734129939067,204.41793643883327,134.0,224.9544018652717,694.9744754026992,0.0,5036.565676259875
majoritarian,17.309226932668366,-7.200000000000001,109.64011144799616,284.8142144638404,206.0,326.1157962463506,999.1953179551123,0.0,7300.0217612402075
optimist,140.7093693693694,57.49999999999997,219.85672650297622,323.7975975975976,194.0,391.94492443748,6205.4755315315315,0.0,31893.295324824212
veto,30.07030927835055,-2.4,103.66663659409386,231.84742268041236,144.0,253.95196196753162,-64.03060824742265,0.0,3951.3418909195066
