df_label,reward_mean,reward_median,reward_stdev,numerosity_mean,numerosity_median,numerosity_stdev,fitness_mean,fitness_median,fitness_stdev
baseline,703.9142857142858,337.75,894.1744588485756,1656.4285714285713,954.0,2017.4440689715714,12841.182857142854,3182.0999999999976,25054.3768986463
utilitarian,854.8166666666668,296.3000000000003,1523.0385995069973,1960.5,652.5,3501.243598393879,23638.96666666667,6047.819999999999,56716.66742338861
maximin,2098.788,695.8000000000005,3413.581944028881,4585.4,1386.0,6045.279494503679,44165.83200000001,9934.08,103061.94699477885
egalitarian,2034.42,589.1999999999995,3771.402201436489,5580.6,1534.0,11191.661315461617,82684.05720000001,7673.970000000001,221932.6168241539
average,3088.7246376811595,972.9666666666662,4018.2450401322244,7314.782608695652,2015.0,10961.155981491775,93269.80130434786,5961.599999999988,186738.93011923082
majoritarian,1623.4409090909096,267.55,3622.1283545476667,4743.409090909091,607.5,11749.653116091762,77826.14863636362,2385.060000000005,211853.0060896773
optimist,5549.002857142858,295.8,16372.940296101304,9543.4,672.0,26465.334977709106,322037.22085714294,6157.920000000003,1050944.7964146454
veto,1037.5600000000004,370.79999999999995,2086.214716498121,2091.44,997.0,3539.755924730781,15940.398000000001,6780.929999999995,29512.467335549907
