society,num_emerged_norms,num_cooperative_norms,proportion_cooperative
baseline,14596,989,6.775828994244999
utilitarian,17754,881,4.962262025459052
maximin,18281,1925,10.53005853071495
egalitarian,20260,2157,10.64659427443238
average,21368,2297,10.749719206289779
majoritarian,16119,1604,9.950989515478629
optimist,19585,1665,8.501404135818229
veto,14088,970,6.885292447473026
