society,num_emerged_norms,num_cooperative_norms,proportion_cooperative
baseline,151,14,9.271523178807946
utilitarian,171,18,10.526315789473683
maximin,162,25,15.432098765432098
egalitarian,177,25,14.124293785310735
average,166,23,13.855421686746988
majoritarian,174,22,12.643678160919542
optimist,242,35,14.46280991735537
veto,173,25,14.450867052023122
