society,num_emerged_norms,num_cooperative_norms,proportion_cooperative
baseline,8294,60,0.7234145165179647
utilitarian,10689,113,1.057161567967069
maximin,11207,329,2.9356652092442226
egalitarian,12420,414,3.3333333333333335
average,12645,577,4.563068406484776
majoritarian,9575,207,2.1618798955613574
optimist,13040,754,5.782208588957055
veto,7931,181,2.2821838355818937
