society,num_emerged_norms,num_cooperative_norms,proportion_cooperative
baseline,203,35,17.24137931034483
utilitarian,215,35,16.27906976744186
maximin,211,41,19.431279620853083
egalitarian,222,44,19.81981981981982
average,211,40,18.95734597156398
majoritarian,214,33,15.42056074766355
optimist,298,53,17.78523489932886
veto,210,39,18.571428571428573
