{
    "min_berries": {
        "baseline_mean": 16.68954599448513,
        "maximin_mean": 16.962173730387132,
        "baseline_stdev": 10.064891174840703,
        "maximin_stdev": 10.10923520759866,
        "cohens_d": -0.02702739857354032
    },
    "total_berries": {
        "baseline_mean": 73.56610809192416,
        "maximin_mean": 74.97464395742124,
        "baseline_stdev": 43.44428248356059,
        "maximin_stdev": 44.25899334233735,
        "cohens_d": -0.032119098923047006
    },
    "gini_berries": {
        "baseline_mean": 0.053461146180009196,
        "maximin_mean": 0.04600486509672824,
        "baseline_stdev": 0.0638184768226064,
        "maximin_stdev": 0.040161002509696855,
        "cohens_d": 0.1398444199942789
    }
}