{
    "min_berries": {
        "baseline_mean": 87.88505291775132,
        "maximin_mean": 85.95823061336122,
        "baseline_stdev": 51.11347230545435,
        "maximin_stdev": 49.34647178479241,
        "cohens_d": 0.03835407901311061
    },
    "total_berries": {
        "baseline_mean": 288.25494539559236,
        "maximin_mean": 366.97603143740565,
        "baseline_stdev": 153.7525461835706,
        "maximin_stdev": 206.3219697307064,
        "cohens_d": -0.4326621164353473
    },
    "gini_berries": {
        "baseline_mean": -0.14442811641813186,
        "maximin_mean": 0.02841064532759292,
        "baseline_stdev": 0.12687848763925602,
        "maximin_stdev": 0.0202356530043155,
        "cohens_d": -1.9024521884430754
    }
}