{
    "min_well_being": {
        "baseline_mean": 37.40352575007579,
        "maximin_mean": 28.079885167051774,
        "baseline_stdev": 17.59868351993399,
        "maximin_stdev": 8.949902702987151,
        "cohens_d": 0.6678386832875851
    },
    "total_well_being": {
        "baseline_mean": 251.87901939930566,
        "maximin_mean": 253.52834664198994,
        "baseline_stdev": 114.44911706299811,
        "maximin_stdev": 95.44630876551665,
        "cohens_d": -0.01565169067539245
    },
    "gini_well_being": {
        "baseline_mean": 0.032557243059880066,
        "maximin_mean": 0.17820456261454445,
        "baseline_stdev": 0.11962592380562703,
        "maximin_stdev": 0.01934075072460909,
        "cohens_d": -1.6997654701325855
    }
}