{
    "min_berries": {
        "baseline_mean": 16.68954599448513,
        "maximin_mean": 17.42817907018096,
        "baseline_stdev": 10.064891174840703,
        "maximin_stdev": 10.391492274605197,
        "cohens_d": -0.07220620937731895
    },
    "total_berries": {
        "baseline_mean": 73.56610809192416,
        "maximin_mean": 73.46198159596979,
        "baseline_stdev": 43.44428248356059,
        "maximin_stdev": 43.02433445530925,
        "cohens_d": 0.0024083944358687616
    },
    "gini_berries": {
        "baseline_mean": 0.053461146180009196,
        "maximin_mean": 0.04730705680501931,
        "baseline_stdev": 0.0638184768226064,
        "maximin_stdev": 0.07263880392347544,
        "cohens_d": 0.09001019764778799
    }
}