{"ethical_agent_0_reward": [-0.1, 0.0, 0.0, 0.0], "_timestamp": 1726009801.3494024, "_runtime": 143.7029824256897, "_step": 21774, "ethical_agent_0_mean_loss": 0.7330330528566841, "ethical_agent_0_epsilon": 0.8886960526146174, "ethical_agent_1_reward": [-0.1, 0.0, 0.0, 0.0], "ethical_agent_1_mean_loss": 0.6256694332441979, "ethical_agent_1_epsilon": 0.8886960526146174, "ethical_agent_2_reward": [0, 0, 0, 0], "ethical_agent_2_mean_loss": 0.48897418746169, "ethical_agent_2_epsilon": 0.8886960526146174, "ethical_agent_3_reward": [-0.1, 0.0, 0.0, 0.0], "ethical_agent_3_mean_loss": 0.5873562247654937, "ethical_agent_3_epsilon": 0.8886960526146174, "mean_episode_reward": NaN}