{
    "min_berries": {
        "baseline_mean": 34.002095807521485,
        "maximin_mean": 34.327140293972256,
        "baseline_stdev": 19.876293394939506,
        "maximin_stdev": 20.1152036309352,
        "cohens_d": -0.016255389796580554
    },
    "total_berries": {
        "baseline_mean": 147.54824371167743,
        "maximin_mean": 150.9287965893362,
        "baseline_stdev": 85.39837191317785,
        "maximin_stdev": 87.71818503937084,
        "cohens_d": -0.039051717046388046
    },
    "gini_berries": {
        "baseline_mean": 0.0461923213974631,
        "maximin_mean": 0.040363119531422145,
        "baseline_stdev": 0.048576513017187836,
        "maximin_stdev": 0.028796156004270133,
        "cohens_d": 0.14598354323172819
    }
}