{
    "min_well_being": {
        "baseline_mean": 18.081040520004727,
        "maximin_mean": 17.78775059338316,
        "baseline_stdev": 6.86437181701206,
        "maximin_stdev": 6.331126586723461,
        "cohens_d": 0.04441677463411004
    },
    "total_well_being": {
        "baseline_mean": 138.9914323995723,
        "maximin_mean": 150.71581629479783,
        "baseline_stdev": 60.99900124508261,
        "maximin_stdev": 69.75295315073667,
        "cohens_d": -0.1789372126599571
    },
    "gini_well_being": {
        "baseline_mean": 0.22820819474038298,
        "maximin_mean": 0.18070343689811694,
        "baseline_stdev": 0.06616749177746156,
        "maximin_stdev": 0.030663864552306394,
        "cohens_d": 0.9212154590708571
    }
}