,reward,numerosity,fitness
0,9.0,54,25.920000000000005
1,9.0,18,3.6
2,34.19999999999999,54,120.96
3,0.7,7,3.5700000000000003
4,13.199999999999998,36,122.40000000000002
5,36.0,72,14.399999999999995
6,16.200000000000003,54,21.599999999999994
7,10.800000000000002,36,17.279999999999998
8,0.6000000000000001,4,15.24
9,0.30000000000000004,3,1.68
10,1.0,4,8.76
