{
    "min_well_being": {
        "baseline_mean": 6.458424264133878,
        "maximin_mean": 7.758912867557065,
        "baseline_stdev": 0.6408475699466489,
        "maximin_stdev": 1.6966237300578504,
        "cohens_d": -1.0140870573652057
    },
    "total_well_being": {
        "baseline_mean": 40.49722344896956,
        "maximin_mean": 41.628798671338146,
        "baseline_stdev": 7.29278166101727,
        "maximin_stdev": 9.951850290603394,
        "cohens_d": -0.12970504795560925
    },
    "gini_well_being": {
        "baseline_mean": 0.18794898444925948,
        "maximin_mean": 0.15782739744446794,
        "baseline_stdev": 0.05964803286875267,
        "maximin_stdev": 0.041711382209524465,
        "cohens_d": 0.5852589322870231
    }
}