{
    "min_berries": {
        "baseline_mean": 3.563395450978884,
        "maximin_mean": 3.8071085314666933,
        "baseline_stdev": 2.542990572127678,
        "maximin_stdev": 2.5170700873121774,
        "cohens_d": -0.09632686220855687
    },
    "total_berries": {
        "baseline_mean": 17.1010569468352,
        "maximin_mean": 17.077861244032164,
        "baseline_stdev": 10.840266451356644,
        "maximin_stdev": 10.863037700913733,
        "cohens_d": 0.002137526145603611
    },
    "gini_berries": {
        "baseline_mean": 0.14109001017626313,
        "maximin_mean": 0.09996179623640244,
        "baseline_stdev": 0.12828468167184806,
        "maximin_stdev": 0.10181798624324473,
        "cohens_d": 0.3551355886477425
    }
}