episode,end_day,epsilon,mean_reward,mean_loss,max_berries,mean_berries,max_berries_consumed,mean_berries_consumed,gini_berries_consumed,mean_berries_thrown,max_health,mean_health,median_health,variance_health,deceased,num_emerged_norms
1,10,0.999000499833375,-5.8,0,0.0,0.0,0.0,0.0,0,0.0,0.7000000000000001,0.3111111111111112,0.30000000000000016,0.058810810810810805,4,
2,15,0.9980019986673331,-4.45,0,2.0,0.0,1.0,0.46296296296296297,0,0.0,0.9,0.3351851851851853,0.30000000000000016,0.06193138936535162,4,
3,9,0.997004495503373,-5.475,1.5926699967496725,1.0,0.0,0.0,0.0,0,0.0,0.7000000000000001,0.3111111111111112,0.30000000000000016,0.058810810810810805,4,
4,21,0.9960079893439915,-4.85,2.915136511205996,1.0,0.0,2.0,0.5416666666666666,0,0.0,1.0,0.37083333333333346,0.40000000000000013,0.07209726443768995,4,
5,15,0.9950124791926823,-5.5249999999999995,3.377639283711649,1.0,0.0,1.0,0.16666666666666666,0,0.0,0.7000000000000001,0.3023809523809525,0.30000000000000016,0.055025524673851384,4,
6,9,0.9940179640539353,-5.449999999999999,3.4648167152998828,1.0,0.0,0.0,0.0,0,0.0,0.7000000000000001,0.3111111111111112,0.30000000000000016,0.058810810810810805,4,
7,32,0.9930244429332351,-4.375,3.501185536837795,1.0,0.0,4.0,1.8571428571428572,0,0.5571428571428572,1.6,0.7342857142857139,0.7000000000000001,0.21886915697081022,4,
8,27,0.9920319148370607,-4.199999999999999,3.419546648575098,2.0,0.0,3.0,1.0185185185185186,0,0.0,1.2,0.4685185185185186,0.5000000000000001,0.10367409948542021,4,
9,15,0.9910403787728836,-5.3999999999999995,3.354995752228808,1.0,0.0,1.0,0.19047619047619047,0,0.0,0.7000000000000001,0.31666666666666676,0.30000000000000016,0.05475326148610323,4,
10,9,0.9900498337491681,-5.8,3.2914911160020983,0.0,0.0,0.0,0.0,0,0.0,0.7000000000000001,0.3111111111111112,0.30000000000000016,0.058810810810810805,4,
11,15,0.9890602787753687,-5.375,3.1969111532190806,1.0,0.0,1.0,0.16666666666666666,0,0.0,0.7000000000000001,0.3023809523809525,0.30000000000000016,0.055025524673851384,4,
12,9,0.9880717128619305,-5.525,3.1045632361825444,1.0,0.0,0.0,0.0,0,0.0,0.7000000000000001,0.3111111111111112,0.30000000000000016,0.058810810810810805,4,
13,15,0.9870841350202876,-5.374999999999999,2.980235756854139,1.0,0.0,1.0,0.4791666666666667,0,0.0,1.2,0.40833333333333344,0.40000000000000013,0.09538862353452016,4,
14,15,0.9860975442628619,-5.475,2.8677292924531477,1.0,0.0,1.0,0.30952380952380953,0,0.16666666666666666,1.1,0.38809523809523816,0.40000000000000013,0.09014747589336357,4,
15,15,0.9851119396030626,-5.074999999999999,2.7698918731510607,3.0,0.0,1.0,0.23809523809523808,0,0.0,0.8000000000000002,0.34523809523809534,0.3500000000000002,0.061559841179807145,4,
16,15,0.9841273200552851,-5.35,2.688778622841042,1.0,0.0,1.0,0.23809523809523808,0,0.0,0.8000000000000002,0.34523809523809534,0.3500000000000002,0.061559841179807145,4,
17,15,0.9831436846349096,-5.5249999999999995,2.621301587809725,1.0,0.0,1.0,0.19047619047619047,0,0.0,0.7000000000000001,0.31666666666666676,0.30000000000000016,0.05475326148610323,4,
18,15,0.9821610323583008,-5.324999999999999,2.543275290793439,1.0,0.0,1.0,0.5208333333333334,0,0.3958333333333333,1.1,0.43333333333333346,0.4500000000000001,0.09684759009986973,4,
19,15,0.981179362242806,-5.35,2.4808514466471943,1.0,0.0,1.0,0.21428571428571427,0,0.0,0.7000000000000002,0.33095238095238105,0.3000000000000002,0.05693136698808848,4,
20,15,0.9801986733067553,-5.225,2.412063507642075,1.0,0.0,1.0,0.4791666666666667,0,0.14583333333333334,1.1,0.40833333333333344,0.40000000000000013,0.08538428137212331,4,
21,21,0.9792189645694596,-5.05,2.3367998353122403,1.0,0.0,2.0,0.5625,0,0.0,1.0,0.38333333333333347,0.40000000000000013,0.07267042987407728,4,
22,21,0.97824023505121,-4.3,2.2524463831405557,1.0,0.0,2.0,0.9696969696969697,0,0.30303030303030304,1.1,0.437878787878788,0.4500000000000002,0.08570608495981628,4,
23,33,0.9772624837732771,-3.9,2.1669939893271843,1.0,0.0,4.0,1.3472222222222223,0,0.2777777777777778,1.1,0.43888888888888905,0.4500000000000003,0.07766930349218598,4,
24,9,0.9762857097579093,-5.425,2.128780026661923,1.0,0.0,0.0,0.0,0,0.0,0.7000000000000001,0.3111111111111112,0.30000000000000016,0.058810810810810805,4,
25,15,0.9753099120283326,-5.475,2.0890623530158012,1.0,0.0,1.0,0.23809523809523808,0,0.0,0.8000000000000002,0.34523809523809534,0.3500000000000002,0.061559841179807145,4,
26,9,0.9743350896087494,-5.2749999999999995,2.057390945854444,2.0,0.0,0.0,0.0,0,0.0,0.7000000000000001,0.3111111111111112,0.30000000000000016,0.058810810810810805,4,
27,9,0.9733612415243368,-5.8999999999999995,2.025767717477752,0.0,0.0,0.0,0.0,0,0.0,0.7000000000000001,0.3111111111111112,0.30000000000000016,0.058810810810810805,4,
28,15,0.9723883668012469,-5.374999999999999,1.9898846354497,1.0,0.0,1.0,0.23809523809523808,0,0.0,0.8000000000000002,0.34523809523809534,0.3500000000000002,0.061559841179807145,4,
29,15,0.9714164644666048,-5.0,1.9576220452521063,1.0,0.0,1.0,0.19047619047619047,0,0.0,0.7000000000000001,0.31666666666666676,0.30000000000000016,0.05475326148610323,4,
30,27,0.9704455335485082,-4.45,1.911707838315086,2.0,0.0,3.0,1.0454545454545454,0,0.12121212121212122,1.2000000000000002,0.42878787878787894,0.4000000000000002,0.09176808266360505,4,
31,15,0.9694755730760259,-5.125,1.8814153728341967,1.0,0.0,1.0,0.30952380952380953,0,0.16666666666666666,1.1,0.38809523809523816,0.40000000000000013,0.09014747589336357,4,
32,9,0.9685065820791976,-5.825,1.8579494778080625,0.0,0.0,0.0,0.0,0,0.0,0.7000000000000001,0.3111111111111112,0.30000000000000016,0.058810810810810805,4,
33,27,0.967538559589032,-4.549999999999999,1.8239299018769324,1.0,0.0,3.0,0.9,0,0.11666666666666667,1.1,0.3666666666666668,0.3500000000000002,0.07357599333148096,4,
34,15,0.9665715046375066,-5.275,1.7979839030813445,1.0,0.0,1.0,0.3958333333333333,0,0.0,0.9,0.3583333333333335,0.40000000000000013,0.06370820668693007,4,
35,15,0.9656054162575665,-5.1,1.7736005871603133,1.0,0.0,1.0,0.3125,0,0.0,0.7000000000000001,0.30833333333333346,0.30000000000000016,0.05203647416413374,4,
36,15,0.9646402934831231,-5.25,1.7514637356298886,1.0,0.0,1.0,0.19047619047619047,0,0.0,0.7000000000000001,0.31666666666666676,0.30000000000000016,0.05475326148610323,4,
37,15,0.9636761353490535,-5.225,1.7305683232517848,1.0,0.0,1.0,0.4375,0,0.4375,1.1,0.38333333333333347,0.40000000000000013,0.08267477203647414,4,
38,9,0.9627129408911995,-5.225,1.7141895477840512,2.0,0.0,0.0,0.0,0,0.0,0.7000000000000001,0.3111111111111112,0.30000000000000016,0.058810810810810805,4,
39,15,0.9617507091463667,-5.074999999999999,1.6914133345038316,1.0,0.0,1.0,0.3958333333333333,0,0.0,1.0,0.3583333333333335,0.35000000000000014,0.07371254884932694,4,
40,15,0.9607894391523232,-5.5,1.6732401360020268,1.0,0.0,1.0,0.30952380952380953,0,0.16666666666666666,1.1,0.38809523809523816,0.40000000000000013,0.09014747589336357,4,
41,21,0.9598291299477989,-4.775,1.6527138252772815,1.0,0.0,2.0,0.6111111111111112,0,0.24074074074074073,1.1,0.3574074074074075,0.30000000000000016,0.07987993138936535,4,
42,15,0.9588697805724845,-5.324999999999999,1.6337885604565354,1.0,0.0,1.0,0.5208333333333334,0,0.14583333333333334,1.1,0.4333333333333334,0.4500000000000001,0.09684759009986972,4,
43,9,0.9579113900670306,-5.6,1.6205625365186753,1.0,0.0,0.0,0.0,0,0.0,0.7000000000000001,0.3111111111111112,0.30000000000000016,0.058810810810810805,4,
44,15,0.9569539574730467,-5.2749999999999995,1.603703625728724,1.0,0.0,1.0,0.19047619047619047,0,0.0,0.7000000000000001,0.31666666666666676,0.30000000000000016,0.05475326148610323,4,
45,15,0.9559974818331,-5.15,1.5892875938264774,1.0,0.0,1.0,0.23809523809523808,0,0.0,0.8000000000000002,0.34523809523809534,0.3500000000000002,0.061559841179807145,4,
46,15,0.9550419621907147,-5.2749999999999995,1.5750179290577866,1.0,0.0,1.0,0.16666666666666666,0,0.0,0.7000000000000001,0.3023809523809525,0.30000000000000016,0.055025524673851384,4,
47,9,0.9540873975903711,-5.6499999999999995,1.5619193719000841,1.0,0.0,0.0,0.0,0,0.0,0.7000000000000001,0.3111111111111112,0.30000000000000016,0.058810810810810805,4,
48,9,0.9531337870775047,-5.45,1.547434734145182,2.0,0.0,0.0,0.0,0,0.0,0.7000000000000001,0.3111111111111112,0.30000000000000016,0.058810810810810805,4,
49,21,0.9521811296985049,-4.9750000000000005,1.5309025341026388,2.0,0.0,2.0,0.5,0,0.0,0.8000000000000003,0.3458333333333335,0.35000000000000026,0.05750759878419453,4,
50,15,0.951229424500714,-4.975,1.5164070354907744,1.0,0.0,1.0,0.5,0,0.16666666666666666,1.2000000000000002,0.4208333333333335,0.40000000000000013,0.09752496743378201,4,
51,27,0.950278670532427,-4.199999999999999,1.4984198150967172,1.0,0.0,3.0,1.2769230769230768,0,0.5076923076923077,1.2999999999999998,0.5276923076923077,0.5000000000000002,0.12326231060606058,4,
52,26,0.9493288668428895,-4.300000000000001,1.4809371875130921,1.0,0.0,3.0,1.2253521126760563,0,0.0,1.5,0.4873239436619719,0.4999999999999998,0.1262023809523809,4,
53,15,0.9483800124822982,-5.549999999999999,1.4688173410981384,1.0,0.0,1.0,0.19047619047619047,0,0.0,0.7000000000000001,0.31666666666666676,0.30000000000000016,0.05475326148610323,4,
54,15,0.9474321065017983,-5.074999999999999,1.4571742729244872,1.0,0.0,1.0,0.23809523809523808,0,0.0,0.8000000000000002,0.34523809523809534,0.3500000000000002,0.061559841179807145,4,
55,9,0.9464851479534838,-5.6499999999999995,1.4490120848250743,1.0,0.0,0.0,0.0,0,0.0,0.7000000000000001,0.3111111111111112,0.30000000000000016,0.058810810810810805,4,
56,21,0.9455391358903963,-4.3999999999999995,1.4360916337883838,2.0,0.0,2.0,0.6481481481481481,0,0.12962962962962962,1.1,0.37962962962962976,0.40000000000000013,0.0768336192109777,4,
57,15,0.9445940693665233,-5.199999999999999,1.427382256520016,1.0,0.0,1.0,0.2619047619047619,0,0.0,0.9,0.35952380952380963,0.40000000000000013,0.0686386840612592,4,
58,15,0.9436499474367985,-5.199999999999999,1.4172890407709124,1.0,0.0,1.0,0.19047619047619047,0,0.0,0.7000000000000001,0.31666666666666676,0.30000000000000016,0.05475326148610323,4,
59,21,0.9427067691570997,-5.125,1.4075073594226633,1.0,0.0,2.0,0.4375,0,0.0,0.7000000000000001,0.30833333333333346,0.30000000000000016,0.05203647416413374,4,
60,9,0.9417645335842487,-5.849999999999999,1.3998933614569156,0.0,0.0,0.0,0.0,0,0.0,0.7000000000000001,0.3111111111111112,0.30000000000000016,0.058810810810810805,4,
61,15,0.9408232397760097,-5.449999999999999,1.3902622676782266,1.0,0.0,1.0,0.21428571428571427,0,0.0,0.7000000000000002,0.33095238095238105,0.3000000000000002,0.05693136698808848,4,
62,21,0.9398828867910889,-5.0,1.3807988445622335,1.0,0.0,2.0,0.6111111111111112,0,0.12962962962962962,1.1,0.3574074074074075,0.30000000000000016,0.07987993138936535,4,
63,15,0.9389434736891332,-5.425,1.3730000552738975,1.0,0.0,1.0,0.30952380952380953,0,0.0,1.1,0.38809523809523816,0.40000000000000013,0.09014747589336357,4,
64,27,0.9380049995307295,-4.699999999999999,1.3592648494095623,1.0,0.0,3.0,0.9696969696969697,0,0.19696969696969696,1.1,0.38333333333333347,0.40000000000000013,0.07049598163030996,4,
65,27,0.9370674633774034,-4.3999999999999995,1.3490383246121305,3.0,0.0,3.0,0.9,0,0.0,1.0,0.3666666666666668,0.40000000000000013,0.06557377049180327,4,
66,15,0.9361308642916188,-4.875,1.3414536954952587,3.0,0.0,1.0,0.23809523809523808,0,0.0,0.8000000000000002,0.34523809523809534,0.3500000000000002,0.061559841179807145,4,
67,15,0.9351952013367766,-5.225,1.3337586601321643,1.0,0.0,1.0,0.21428571428571427,0,0.0,0.7000000000000002,0.33095238095238105,0.3000000000000002,0.05693136698808848,4,
68,9,0.9342604735772135,-5.55,1.3264377131043064,1.0,0.0,0.0,0.0,0,0.0,0.7000000000000001,0.3111111111111112,0.30000000000000016,0.058810810810810805,4,
69,21,0.933326680078202,-4.975,1.3180748647691194,1.0,0.0,2.0,0.625,0,0.0,1.1,0.4208333333333334,0.40000000000000013,0.09002171081198436,4,
70,15,0.9323938199059483,-5.375,1.3127906159387612,1.0,0.0,1.0,0.19047619047619047,0,0.0,0.7000000000000001,0.31666666666666676,0.30000000000000016,0.05475326148610323,4,
71,15,0.9314618921275921,-4.85,1.3053307681425943,2.0,0.0,1.0,0.23809523809523808,0,0.0,0.8000000000000002,0.34523809523809534,0.3500000000000002,0.061559841179807145,4,
72,15,0.9305308958112057,-5.324999999999999,1.2979414997024818,1.0,0.0,1.0,0.3125,0,0.0,0.7000000000000001,0.30833333333333346,0.30000000000000016,0.05203647416413374,4,
73,21,0.9296008300257927,-4.7,1.2900125104149818,1.0,0.0,2.0,0.6666666666666666,0,0.0,0.9000000000000002,0.39074074074074094,0.40000000000000013,0.06827101200686106,4,
74,9,0.9286716938412872,-5.574999999999999,1.2839984133058637,1.0,0.0,0.0,0.0,0,0.0,0.7000000000000001,0.3111111111111112,0.30000000000000016,0.058810810810810805,4,
75,9,0.9277434863285529,-5.75,1.2786322809995485,0.0,0.0,0.0,0.0,0,0.0,0.7000000000000001,0.3111111111111112,0.30000000000000016,0.058810810810810805,4,
76,9,0.9268162065593822,-5.275,1.2739711724070144,2.0,0.0,0.0,0.0,0,0.0,0.7000000000000001,0.3111111111111112,0.30000000000000016,0.058810810810810805,4,
77,15,0.9258898536064953,-5.199999999999999,1.2691212278400994,1.0,0.0,1.0,0.16666666666666666,0,0.0,0.7000000000000001,0.3023809523809525,0.30000000000000016,0.055025524673851384,4,
78,21,0.9249644265435393,-4.6,1.2617857426900936,2.0,0.0,2.0,0.7666666666666667,0,0.36666666666666664,1.2,0.4066666666666668,0.40000000000000013,0.0846457349263684,4,
79,21,0.9240399244450868,-4.725,1.2554967611349075,2.0,0.0,2.0,0.5370370370370371,0,0.0,0.7000000000000002,0.3129629629629631,0.30000000000000016,0.05188679245283019,4,
80,32,0.9231163463866358,-4.1,1.2487981380184023,3.0,0.0,4.0,1.4576271186440677,0,0.0,1.4,0.5559322033898305,0.6000000000000001,0.13640229885057467,4,
81,9,0.922193691444608,-5.55,1.2428684446635516,1.0,0.0,0.0,0.0,0,0.0,0.7000000000000001,0.3111111111111112,0.30000000000000016,0.058810810810810805,4,
82,15,0.9212719586963487,-5.449999999999999,1.2373829249342199,1.0,0.0,1.0,0.16666666666666666,0,0.0,0.7000000000000001,0.3023809523809525,0.30000000000000016,0.055025524673851384,4,
83,21,0.9203511472201247,-5.175,1.231875086684658,1.0,1.0,2.0,0.5416666666666666,0,0.14583333333333334,1.1,0.3708333333333334,0.35000000000000014,0.08460269214068605,4,
84,15,0.9194312560951247,-5.199999999999999,1.226662283272776,1.0,0.0,1.0,0.16666666666666666,0,0.0,0.7000000000000001,0.3023809523809525,0.30000000000000016,0.055025524673851384,4,
85,15,0.9185122844014574,-5.35,1.2217817382666105,1.0,0.0,1.0,0.30952380952380953,0,0.16666666666666666,1.1,0.38809523809523816,0.40000000000000013,0.09014747589336355,4,
86,9,0.9175942312201509,-5.5,1.2173137324416379,2.0,0.0,0.0,0.0,0,0.0,0.7000000000000001,0.3111111111111112,0.30000000000000016,0.058810810810810805,4,
87,21,0.9166770956331523,-4.75,1.2102731949090384,2.0,0.0,2.0,0.6666666666666666,0,0.0,1.0,0.39074074074074083,0.40000000000000013,0.07716295025728988,4,
88,21,0.9157608767233256,-5.25,1.2041377153334625,1.0,0.0,2.0,0.5416666666666666,0,0.0,1.1,0.3708333333333334,0.35000000000000014,0.08460269214068605,4,
89,9,0.914845573574452,-5.3,1.2001276830831404,2.0,0.0,0.0,0.0,0,0.0,0.7000000000000001,0.3111111111111112,0.30000000000000016,0.058810810810810805,4,
90,33,0.9139311852712282,-4.525,1.194760739307592,1.0,0.0,4.0,1.2166666666666666,0,0.0,0.9,0.3766666666666668,0.40000000000000013,0.06013892747985552,4,
91,21,0.9130177108992658,-4.824999999999999,1.1907401599686631,1.0,0.0,2.0,0.5,0,0.0,0.7000000000000001,0.29074074074074086,0.30000000000000016,0.049746140651801024,4,
92,26,0.9121051495450904,-4.775,1.1844119623155627,1.0,0.0,3.0,1.0677966101694916,0,0.0,1.2,0.49491525423728816,0.5000000000000001,0.11509195402298844,4,
93,21,0.9111935002961405,-4.8,1.178462148036302,1.0,0.0,2.0,0.7833333333333333,0,0.5333333333333333,1.1,0.3566666666666668,0.3000000000000002,0.07480966935259793,4,
94,9,0.910282762240767,-5.425,1.175548710528342,1.0,0.0,0.0,0.0,0,0.0,0.7000000000000001,0.3111111111111112,0.30000000000000016,0.058810810810810805,4,
95,21,0.9093729344682314,-3.45,1.168565080063996,1.0,0.0,2.0,1.0615384615384615,0,0.3384615384615385,1.4,0.5092307692307693,0.5000000000000001,0.11286458333333328,4,
96,15,0.9084640160687062,-5.1,1.1641804081422946,3.0,0.0,1.0,0.19047619047619047,0,0.0,0.7000000000000001,0.31666666666666676,0.30000000000000016,0.05475326148610323,4,
97,15,0.9075560061332727,-5.1499999999999995,1.1599771909070418,2.0,0.0,1.0,0.23809523809523808,0,0.0,0.8000000000000002,0.34523809523809534,0.3500000000000002,0.061559841179807145,4,
98,32,0.9066489037539209,-4.5249999999999995,1.154047451735339,1.0,0.0,4.0,1.4406779661016949,0,0.0,1.2999999999999998,0.5457627118644067,0.5999999999999998,0.12726436781609188,4,
99,15,0.9057427080235485,-4.949999999999999,1.1501530913934062,1.0,0.0,1.0,0.4375,0,0.0,1.0,0.38333333333333347,0.40000000000000013,0.07267042987407728,4,
100,27,0.9048374180359595,-3.8750000000000004,1.1423948106026365,1.0,0.0,3.0,1.4230769230769231,0,0.0,1.1,0.47820512820512845,0.5000000000000001,0.08017918790070687,4,
101,32,0.9039330328858641,-4.025,1.1355016272533494,1.0,0.0,4.0,1.3943661971830985,0,0.28169014084507044,1.4,0.44507042253521123,0.40000000000000013,0.11996428571428565,4,
102,15,0.9030295516688768,-5.300000000000001,1.1320043730398213,1.0,0.0,1.0,0.19047619047619047,0,0.0,0.7000000000000001,0.31666666666666676,0.30000000000000016,0.05475326148610323,4,
103,21,0.9021269734815165,-4.5,1.1254839596959139,1.0,0.0,2.0,0.9696969696969697,0,0.0,1.1,0.437878787878788,0.45000000000000023,0.08206888633754304,4,
104,9,0.9012252974212047,-5.3999999999999995,1.1225318682238776,1.0,0.0,0.0,0.0,0,0.0,0.7000000000000001,0.3111111111111112,0.30000000000000016,0.058810810810810805,4,
105,15,0.9003245225862656,-5.575,1.119052081252879,1.0,0.0,1.0,0.21428571428571427,0,0.0,0.7000000000000002,0.33095238095238105,0.3000000000000002,0.05693136698808848,4,
106,26,0.899424648075924,-4.949999999999999,1.114698896658552,1.0,0.0,3.0,1.0,0,0.1320754716981132,1.2999999999999998,0.4886792452830188,0.4999999999999999,0.11764957264957261,4,
107,15,0.8985256729903055,-5.3999999999999995,1.112007275165217,1.0,1.0,1.0,0.3333333333333333,0,0.19047619047619047,1.2000000000000002,0.4023809523809525,0.40000000000000013,0.10457742484401589,4,
108,9,0.8976275964304349,-5.7749999999999995,1.1090677039898067,0.0,0.0,0.0,0.0,0,0.0,0.7000000000000001,0.3111111111111112,0.30000000000000016,0.058810810810810805,4,
109,27,0.8967304174982355,-4.05,1.1019634167943204,3.0,0.0,3.0,1.1805555555555556,0,0.5138888888888888,1.1,0.43888888888888905,0.4500000000000002,0.0726683387999228,4,
110,9,0.8958341352965282,-5.3,1.098994901233342,2.0,0.0,0.0,0.0,0,0.0,0.7000000000000001,0.3111111111111112,0.30000000000000016,0.058810810810810805,4,
111,27,0.894938748929031,-3.7499999999999996,1.0935249077953817,2.0,0.0,3.0,1.125,0,0.3888888888888889,1.1,0.4055555555555557,0.4000000000000002,0.06914914142388577,4,
112,15,0.8940442575003572,-5.1499999999999995,1.0904130865869446,1.0,0.0,1.0,0.30952380952380953,0,0.16666666666666666,1.1,0.38809523809523816,0.40000000000000013,0.09014747589336357,4,
113,15,0.8931506601160155,-5.55,1.0870233491584391,1.0,0.0,1.0,0.23809523809523808,0,0.0,0.8000000000000002,0.34523809523809534,0.3500000000000002,0.061559841179807145,4,
114,21,0.8922579558824083,-4.8,1.0830740978635025,2.0,0.0,2.0,0.4375,0,0.0,0.7000000000000001,0.30833333333333346,0.30000000000000016,0.05203647416413374,4,
115,27,0.8913661439068313,-4.1499999999999995,1.078746652826824,1.0,0.0,3.0,1.2987012987012987,0,0.7662337662337663,1.4,0.5077922077922079,0.5000000000000001,0.10956815114709847,4,
116,21,0.8904752232974726,-5.05,1.0750029147032372,1.0,0.0,2.0,0.4791666666666667,0,0.0,0.8000000000000002,0.33333333333333354,0.30000000000000027,0.05849761181068171,4,
117,21,0.8895851931634113,-5.1,1.0707095561140951,1.0,0.0,2.0,0.5833333333333334,0,0.0,0.9,0.3958333333333335,0.40000000000000013,0.0729309596178897,4,
118,15,0.8886960526146174,-5.35,1.0676232701239516,1.0,0.0,1.0,0.23809523809523808,0,0.0,0.8000000000000002,0.34523809523809534,0.3500000000000002,0.061559841179807145,4,
119,21,0.8878078007619501,-4.8500000000000005,1.063938648498644,1.0,0.0,2.0,0.5833333333333334,0,0.0,0.9,0.3958333333333334,0.40000000000000013,0.0729309596178897,4,
120,27,0.8869204367171575,-4.925,1.0609079560466264,1.0,0.0,3.0,0.9074074074074074,0,0.14814814814814814,1.2,0.4018518518518519,0.4000000000000001,0.09280617495711832,4,
121,9,0.8860339595928756,-5.6499999999999995,1.0588992569202464,1.0,0.0,0.0,0.0,0,0.0,0.7000000000000001,0.3111111111111112,0.30000000000000016,0.058810810810810805,4,
122,44,0.8851483685026271,-3.7749999999999986,1.0546685874300157,1.0,0.0,6.0,2.2535211267605635,0,0.0,1.2999999999999998,0.571830985915493,0.6000000000000001,0.12120238095238091,4,
123,27,0.8842636625608209,-4.625,1.0497945111543965,1.0,0.0,3.0,1.2121212121212122,0,0.696969696969697,1.2000000000000002,0.4742424242424243,0.5000000000000001,0.11072560275545348,4,
124,9,0.8833798408827509,-5.475,1.047160444347452,1.0,0.0,0.0,0.0,0,0.0,0.7000000000000001,0.3111111111111112,0.30000000000000016,0.058810810810810805,4,
125,15,0.8824969025845955,-5.3,1.044669310829863,1.0,0.0,1.0,0.16666666666666666,0,0.0,0.7000000000000001,0.3023809523809525,0.30000000000000016,0.055025524673851384,4,
126,15,0.8816148467834161,-5.0,1.0418412779080313,1.0,0.0,1.0,0.16666666666666666,0,0.0,0.7000000000000001,0.3023809523809525,0.30000000000000016,0.055025524673851384,4,
127,15,0.880733672597157,-5.0,1.0389951223378118,1.0,0.0,1.0,0.2857142857142857,0,0.0,1.0,0.37380952380952387,0.40000000000000013,0.0781678956324447,4,
128,9,0.8798533791446438,-5.2749999999999995,1.0365026741218526,1.0,0.0,0.0,0.0,0,0.0,0.7000000000000001,0.3111111111111112,0.30000000000000016,0.058810810810810805,4,
129,15,0.8789739655455832,-5.55,1.03318856523749,1.0,0.0,1.0,0.2857142857142857,0,0.0,1.0,0.37380952380952387,0.40000000000000013,0.07816789563244468,4,
130,15,0.8780954309205613,-5.174999999999999,1.0297996012443564,1.0,0.0,1.0,0.4791666666666667,0,0.0,1.1,0.40833333333333344,0.40000000000000013,0.0853842813721233,4,
131,15,0.8772177743910435,-5.125,1.0261835540634274,1.0,0.0,1.0,0.4791666666666667,0,0.14583333333333334,1.1,0.40833333333333344,0.40000000000000013,0.08538428137212331,4,
132,27,0.8763409950793732,-4.65,1.022966143508675,1.0,0.0,3.0,0.9166666666666666,0,0.0,0.9000000000000002,0.37666666666666687,0.40000000000000013,0.058138371769936095,4,
133,21,0.8754650921087711,-5.075,1.0193938930174247,1.0,0.0,2.0,0.6111111111111112,0,0.0,1.0,0.3574074074074075,0.3500000000000002,0.06876500857632932,4,
134,15,0.874590064603334,-5.199999999999999,1.016374529014538,2.0,0.0,1.0,0.16666666666666666,0,0.0,0.7000000000000001,0.3023809523809525,0.30000000000000016,0.055025524673851384,4,
135,9,0.8737159116880344,-5.45,1.0141083624140776,1.0,0.0,0.0,0.0,0,0.0,0.7000000000000001,0.3111111111111112,0.30000000000000016,0.058810810810810805,4,
136,15,0.8728426324887193,-5.474999999999999,1.0116336218304953,1.0,0.0,1.0,0.3333333333333333,0,0.19047619047619047,1.2,0.4023809523809525,0.4000000000000001,0.10457742484401585,4,
137,15,0.8719702261321094,-5.574999999999999,1.0091799045259355,1.0,1.0,1.0,0.3333333333333333,0,0.0,1.2,0.4023809523809525,0.4000000000000001,0.10457742484401585,4,
138,27,0.8710986917457983,-4.574999999999999,1.0057970026516552,2.0,0.0,3.0,0.9,0,0.0,1.0,0.3666666666666668,0.40000000000000013,0.06957488191164211,4,
139,21,0.8702280284582515,-4.6499999999999995,1.002087540488685,1.0,0.0,2.0,0.6333333333333333,0,0.0,0.9,0.32666666666666677,0.30000000000000016,0.05930536260072242,4,
140,33,0.8693582353988059,-4.074999999999999,0.9975840405494505,2.0,0.0,4.0,1.3181818181818181,0,0.3939393939393939,1.2,0.42878787878787883,0.40000000000000013,0.09176808266360502,4,
141,21,0.8684893116976679,-4.6,0.993918855669043,2.0,0.0,2.0,0.85,0,0.0,1.1,0.4566666666666668,0.5000000000000001,0.0934815226451792,4,
142,21,0.867621256485914,-5.225,0.9908714124103257,2.0,0.0,2.0,0.5208333333333334,0,0.0,1.0,0.35833333333333345,0.35000000000000014,0.07371254884932694,4,
143,27,0.8667540688954889,-4.725,0.9881335050465944,1.0,0.0,3.0,0.9444444444444444,0,0.14814814814814814,1.2,0.4240740740740742,0.40000000000000013,0.0900068610634648,4,
144,15,0.865887748059205,-5.475,0.9860644503919798,1.0,0.0,1.0,0.2857142857142857,0,0.0,1.0,0.3738095238095239,0.40000000000000013,0.0781678956324447,4,
145,33,0.8650222931107413,-4.5249999999999995,0.9826478994905836,1.0,0.0,4.0,1.378787878787879,0,0.0,1.2000000000000002,0.4651515151515153,0.5000000000000001,0.0919885189437428,4,
146,27,0.8641577031846428,-4.875,0.979303260940718,2.0,0.0,3.0,0.7407407407407407,0,0.0,0.7000000000000001,0.301851851851852,0.30000000000000016,0.04982847341337907,4,
147,15,0.8632939774163194,-5.025,0.9765575012814305,1.0,0.0,1.0,0.3958333333333333,0,0.0,1.0,0.35833333333333345,0.35000000000000014,0.07371254884932694,4,
148,15,0.8624311149420455,-5.299999999999999,0.9736123343131674,1.0,0.0,1.0,0.30952380952380953,0,0.16666666666666666,1.1,0.38809523809523816,0.40000000000000013,0.09014747589336357,4,
149,15,0.8615691148989583,-4.799999999999999,0.9705366413059445,1.0,0.0,1.0,0.5185185185185185,0,0.0,1.0,0.36851851851851863,0.40000000000000013,0.06958833619210976,4,
150,15,0.8607079764250578,-5.225,0.9684947500474403,1.0,0.0,1.0,0.16666666666666666,0,0.0,0.7000000000000001,0.3023809523809525,0.30000000000000016,0.055025524673851384,4,
151,9,0.8598476986592055,-5.675,0.9663016015635214,0.0,0.0,0.0,0.0,0,0.0,0.7000000000000001,0.3111111111111112,0.30000000000000016,0.058810810810810805,4,
152,21,0.8589882807411234,-4.7749999999999995,0.9629283157219484,2.0,0.0,2.0,0.8833333333333333,0,0.18333333333333332,1.1,0.4766666666666668,0.5000000000000001,0.0908141150319533,4,
153,15,0.8581297218113938,-5.15,0.9599019460217797,1.0,0.0,1.0,0.3958333333333333,0,0.0,0.9,0.3583333333333335,0.40000000000000013,0.06370820668693007,4,
154,15,0.8572720210114575,-5.125,0.9573101817096481,1.0,0.0,1.0,0.3333333333333333,0,0.0,0.7000000000000001,0.32083333333333347,0.3000000000000002,0.05167173252279635,4,
155,9,0.8564151774836135,-5.575,0.9553686944482798,1.0,0.0,0.0,0.0,0,0.0,0.7000000000000001,0.3111111111111112,0.30000000000000016,0.058810810810810805,4,
156,15,0.8555591903710185,-5.1,0.9528182866344885,1.0,0.0,1.0,0.19047619047619047,0,0.0,0.7000000000000001,0.31666666666666676,0.30000000000000016,0.05475326148610323,4,
157,15,0.8547040588176851,-5.174999999999999,0.9506900332465148,1.0,0.0,1.0,0.19047619047619047,0,0.0,0.7000000000000001,0.31666666666666676,0.30000000000000016,0.05475326148610323,4,
158,27,0.8538497819684817,-4.85,0.9471526849027462,1.0,0.0,3.0,1.1333333333333333,0,0.6666666666666666,1.2,0.5066666666666667,0.5000000000000001,0.1133203667685468,4,
159,21,0.8529963589691315,-5.025,0.9441775797029396,1.0,0.0,2.0,0.4791666666666667,0,0.0,0.8000000000000002,0.33333333333333354,0.30000000000000027,0.05849761181068171,4,
160,15,0.8521437889662113,-5.299999999999999,0.9417376519254558,1.0,0.0,1.0,0.23809523809523808,0,0.0,0.8000000000000002,0.34523809523809534,0.3500000000000002,0.061559841179807145,4,
161,21,0.8512920711071511,-4.9,0.9391410312347683,1.0,0.0,2.0,0.7222222222222222,0,0.0,1.1,0.4240740740740742,0.4000000000000002,0.081114922813036,4,
162,15,0.850441204540233,-5.125,0.936601262043014,1.0,0.0,1.0,0.2619047619047619,0,0.0,0.9,0.3595238095238097,0.40000000000000013,0.06863868406125921,4,
163,33,0.8495911884145902,-4.550000000000001,0.9330543593592413,1.0,0.0,4.0,1.3333333333333333,0,0.2878787878787879,1.2,0.43787878787878803,0.4000000000000004,0.08388748564867966,4,
164,21,0.8487420218802068,-4.300000000000001,0.9301625626361611,1.0,0.0,2.0,0.9538461538461539,0,0.0,1.2,0.4446153846153847,0.40000000000000024,0.10434185606060598,4,
165,15,0.8478937040879159,-5.3,0.9278808506319491,1.0,0.0,1.0,0.16666666666666666,0,0.0,0.7000000000000001,0.3023809523809525,0.30000000000000016,0.055025524673851384,4,
166,21,0.8470462341893996,-4.449999999999999,0.9253311551065824,1.0,0.0,2.0,0.6111111111111112,0,0.25925925925925924,0.8000000000000002,0.3574074074074077,0.40000000000000013,0.055427101200686106,4,
167,15,0.8461996113371882,-5.1,0.9231725690454171,1.0,0.0,1.0,0.30952380952380953,0,0.16666666666666666,1.1,0.38809523809523816,0.40000000000000013,0.09014747589336357,4,
168,15,0.8453538346846587,-4.8999999999999995,0.9210017641988533,1.0,0.0,1.0,0.3958333333333333,0,0.0,0.8000000000000002,0.3583333333333335,0.40000000000000013,0.05870603560573165,4,
169,21,0.8445089033860343,-4.775,0.918051530343687,2.0,0.0,2.0,0.7777777777777778,0,0.0,1.1,0.4574074074074075,0.5000000000000001,0.09395883361921098,4,
170,38,0.8436648165963837,-3.399999999999999,0.9136127341984408,3.0,0.0,5.0,2.1136363636363638,0,0.6363636363636364,1.7000000000000002,0.6420454545454545,0.6000000000000001,0.18359679710706436,4,
171,15,0.8428215734716199,-5.3999999999999995,0.9112510418134279,1.0,0.0,1.0,0.2619047619047619,0,0.0,0.9,0.3595238095238097,0.40000000000000013,0.06863868406125921,4,
172,44,0.8419791731684999,-4.074999999999999,0.9076491625480225,1.0,0.0,6.0,2.2535211267605635,0,0.09859154929577464,1.5,0.5718309859154929,0.5999999999999998,0.13303571428571423,4,
173,15,0.8411376148446232,-5.35,0.9057477320554624,1.0,0.0,1.0,0.19047619047619047,0,0.0,0.7000000000000001,0.31666666666666676,0.30000000000000016,0.05475326148610323,4,
174,20,0.8402968976584314,-4.475,0.9031085857308128,2.0,0.0,2.0,0.8113207547169812,0,0.0,1.2999999999999998,0.5,0.5000000000000001,0.120042735042735,4,
175,15,0.8394570207692074,-5.2749999999999995,0.9010530843748099,1.0,0.0,1.0,0.3333333333333333,0,0.0,0.7000000000000002,0.32083333333333347,0.30000000000000016,0.054172818063395564,4,
176,15,0.838617983337074,-5.324999999999999,0.898969710624743,1.0,0.0,1.0,0.16666666666666666,0,0.0,0.7000000000000001,0.3023809523809525,0.30000000000000016,0.055025524673851384,4,
177,15,0.8377797845229938,-5.225,0.8965389576035185,1.0,0.0,1.0,0.375,0,0.0,0.8000000000000002,0.3458333333333335,0.3500000000000002,0.05750759878419453,4,
178,15,0.8369424234887681,-5.125,0.8943065709756677,1.0,0.0,1.0,0.3333333333333333,0,0.0,0.7000000000000002,0.32083333333333347,0.30000000000000016,0.054172818063395564,4,
179,15,0.8361058993970355,-4.925,0.892026435169147,1.0,0.0,1.0,0.5185185185185185,0,0.0,1.0,0.36851851851851863,0.40000000000000013,0.06958833619210976,4,
180,21,0.835270211411272,-5.05,0.8900769129031605,1.0,0.0,2.0,0.4583333333333333,0,0.0,0.7000000000000002,0.32083333333333347,0.30000000000000016,0.054172818063395564,4,
181,38,0.8344353586957896,-4.024999999999999,0.8861804944458861,2.0,0.0,5.0,1.8311688311688312,0,0.44155844155844154,1.5999999999999996,0.5233766233766232,0.49999999999999933,0.144932523616734,4,
182,15,0.8336013404157353,-5.374999999999999,0.8843188035472707,1.0,0.0,1.0,0.23809523809523808,0,0.0,0.8000000000000002,0.34523809523809534,0.3500000000000002,0.061559841179807145,4,
183,50,0.832768155737091,-3.3749999999999987,0.8811890057435839,1.0,0.0,7.0,2.8313253012048194,0,0.10843373493975904,1.5999999999999996,0.7132530120481922,0.7000000000000001,0.192984901277584,4,
184,15,0.8319358038266718,-5.175000000000001,0.8790744156239978,1.0,0.0,1.0,0.16666666666666666,0,0.0,0.7000000000000001,0.3023809523809525,0.30000000000000016,0.055025524673851384,4,
185,15,0.8311042838521256,-5.275,0.8770387843694116,1.0,0.0,1.0,0.3333333333333333,0,0.19047619047619047,1.2000000000000002,0.4023809523809525,0.40000000000000013,0.10457742484401589,4,
186,15,0.8302735949819326,-5.1499999999999995,0.8747594728734344,1.0,0.0,1.0,0.3125,0,0.0,0.7000000000000001,0.30833333333333346,0.30000000000000016,0.05203647416413374,4,
187,21,0.8294437363854039,-4.975,0.8724483417019562,1.0,0.0,2.0,0.5740740740740741,0,0.0,0.7000000000000002,0.33518518518518536,0.30000000000000027,0.05081646655231561,4,
188,21,0.8286147072326806,-4.424999999999999,0.8697511071886084,1.0,0.0,2.0,0.7166666666666667,0,0.0,0.9000000000000002,0.37666666666666687,0.40000000000000013,0.058138371769936095,4,
189,27,0.8277865066947336,-4.4,0.8670283628997137,2.0,0.0,3.0,0.8166666666666667,0,0.21666666666666667,0.7000000000000001,0.3166666666666669,0.3000000000000002,0.047735482078355096,4,
190,39,0.8269591339433623,-4.175,0.8639691635175439,1.0,0.0,5.0,1.8181818181818181,0,0.10606060606060606,1.1,0.5106060606060607,0.5500000000000002,0.09854649827784155,4,
191,33,0.8261325881511938,-4.225,0.8611760177172249,2.0,0.0,4.0,1.3,0,0.0,1.0000000000000004,0.4266666666666669,0.45000000000000034,0.07597666018338431,4,
192,9,0.8253068684916823,-5.574999999999999,0.8598580098230115,1.0,0.0,0.0,0.0,0,0.0,0.7000000000000001,0.3111111111111112,0.30000000000000016,0.058810810810810805,4,
193,27,0.8244819741391082,-4.45,0.8570935426711512,1.0,0.0,3.0,0.9166666666666666,0,0.0,0.9000000000000002,0.3766666666666668,0.40000000000000013,0.06614059460961379,4,
194,32,0.8236579042685769,-3.425,0.8546006186936277,3.0,0.0,4.0,1.7402597402597402,0,0.0,1.2999999999999998,0.5545454545454545,0.5999999999999998,0.10665317139001346,4,
195,15,0.8228346580560184,-5.449999999999999,0.8530446188846921,1.0,0.0,1.0,0.21428571428571427,0,0.0,0.7000000000000002,0.33095238095238105,0.3000000000000002,0.05693136698808849,4,
196,33,0.8220122346781865,-3.749999999999999,0.8496150777520037,2.0,0.0,4.0,1.294871794871795,0,0.0,1.1,0.40128205128205136,0.40000000000000013,0.0724461614335032,4,
197,26,0.821190633312658,-4.674999999999999,0.8469536931228193,1.0,0.0,3.0,1.11864406779661,0,0.11864406779661017,1.4,0.5254237288135593,0.5000000000000001,0.1571954022988505,4,
198,15,0.8203698531378311,-5.225,0.8449890718515293,1.0,1.0,1.0,0.3333333333333333,0,0.0,1.2,0.4023809523809524,0.4000000000000001,0.10457742484401585,4,
199,27,0.8195498933329256,-4.074999999999999,0.8426893574326196,2.0,0.0,3.0,0.8666666666666667,0,0.0,0.8000000000000003,0.34666666666666685,0.3500000000000003,0.053837176993609334,4,
200,9,0.8187307530779818,-5.675,0.8413839004961843,1.0,0.0,0.0,0.0,0,0.0,0.7000000000000001,0.3111111111111112,0.30000000000000016,0.058810810810810805,4,
201,15,0.8179124315538594,-4.8,0.8392332815609345,1.0,0.0,1.0,0.5555555555555556,0,0.0,1.0,0.39074074074074083,0.40000000000000013,0.07716295025728986,4,
202,21,0.8170949279422366,-4.075,0.8365001312495188,2.0,0.0,2.0,0.9166666666666666,0,0.0,1.0,0.4366666666666668,0.5000000000000001,0.08134481800500139,4,
203,39,0.8162782414256099,-3.3249999999999997,0.8330675253137168,2.0,0.0,5.0,1.8,0,0.23333333333333334,1.1,0.41444444444444467,0.40000000000000024,0.06813310285220397,4,
204,33,0.8154623711872927,-4.1,0.8303347404213176,1.0,0.0,4.0,1.4545454545454546,0,0.0,1.1,0.5106060606060607,0.5500000000000002,0.10400229621125141,4,
205,21,0.8146473164114145,-4.35,0.8278805106665926,1.0,0.0,2.0,1.0769230769230769,0,0.26153846153846155,1.6,0.5184615384615385,0.5000000000000001,0.14400094696969692,4,
206,21,0.8138330762829207,-4.45,0.8257464195230054,2.0,0.0,2.0,0.7222222222222222,0,0.0,1.1,0.4240740740740742,0.40000000000000013,0.09000686106346482,4,
207,45,0.813019649987571,-4.074999999999999,0.8225270653455692,1.0,0.0,6.0,1.9583333333333333,0,0.0,0.8000000000000004,0.3555555555555558,0.40000000000000013,0.050534439513795104,4,
208,21,0.812207036711939,-5.0,0.8206983610441486,1.0,0.0,2.0,0.4791666666666667,0,0.0,0.7000000000000003,0.33333333333333354,0.3000000000000003,0.05349544072948328,4,
209,15,0.8113952356434114,-5.35,0.8191554013618614,1.0,0.0,1.0,0.30952380952380953,0,0.16666666666666666,1.1,0.38809523809523816,0.40000000000000013,0.09014747589336357,4,
210,21,0.8105842459701871,-4.85,0.8171272622690023,3.0,0.0,2.0,0.6111111111111112,0,0.0,1.1,0.3574074074074075,0.30000000000000016,0.07987993138936535,4,
211,21,0.8097740668812763,-4.7,0.814699058888536,1.0,0.0,2.0,0.7666666666666667,0,0.0,1.1,0.4066666666666668,0.40000000000000013,0.08664629063628783,4,
212,15,0.8089646975664998,-5.375,0.813141153346482,1.0,0.0,1.0,0.19047619047619047,0,0.0,0.7000000000000001,0.31666666666666676,0.30000000000000016,0.05475326148610323,4,
213,33,0.8081561372164884,-4.2,0.8103686331430346,2.0,0.0,4.0,1.5138888888888888,0,0.0,1.4000000000000001,0.488888888888889,0.5000000000000001,0.10461894655604863,4,
214,21,0.8073483850226815,-4.6,0.8082423407084349,1.0,0.0,2.0,0.7222222222222222,0,0.0,1.0,0.4240740740740742,0.4500000000000002,0.07666895368782159,4,
215,27,0.8065414401773269,-4.65,0.8062899208510282,1.0,0.0,3.0,0.9666666666666667,0,0.0,1.2,0.4066666666666668,0.40000000000000013,0.09064740205612669,4,
216,27,0.8057353018734796,-4.6499999999999995,0.8039455950925655,1.0,0.0,3.0,0.9333333333333333,0,0.0,0.9,0.38666666666666677,0.40000000000000013,0.06050569602667406,4,
217,21,0.8049299693050015,-4.825,0.8018093417588044,1.0,1.0,2.0,0.7833333333333333,0,0.21666666666666667,1.1,0.4166666666666668,0.40000000000000013,0.09441511530980827,4,
218,33,0.8041254416665596,-4.375,0.7993859425435863,1.0,0.0,4.0,1.2272727272727273,0,0.0,0.8000000000000004,0.37424242424242443,0.40000000000000013,0.05192422502870264,4,
219,21,0.8033217181536265,-4.574999999999999,0.7975498343461805,1.0,0.0,2.0,0.8,0,0.13333333333333333,1.2000000000000002,0.4266666666666668,0.40000000000000013,0.09198110586273964,4,
220,15,0.8025187979624785,-5.374999999999999,0.7963037259765176,1.0,0.0,1.0,0.23809523809523808,0,0.0,0.8000000000000002,0.34523809523809534,0.3500000000000002,0.061559841179807145,4,
221,33,0.8017166802901953,-3.925,0.7936274903405087,1.0,0.0,4.0,1.4027777777777777,0,0.0,1.0,0.42222222222222244,0.40000000000000036,0.06368512444530193,4,
222,9,0.8009153643346592,-5.475,0.7922211629071955,1.0,0.0,0.0,0.0,0,0.0,0.7000000000000001,0.3111111111111112,0.30000000000000016,0.058810810810810805,4,
223,15,0.8001148492945541,-5.124999999999999,0.7906132308506586,1.0,0.0,1.0,0.21428571428571427,0,0.0,0.7000000000000002,0.33095238095238105,0.3000000000000002,0.05693136698808848,4,
224,15,0.7993151343693651,-5.324999999999999,0.7890981068937214,1.0,0.0,1.0,0.30952380952380953,0,0.16666666666666666,1.1,0.38809523809523816,0.40000000000000013,0.09014747589336357,4,
225,32,0.7985162187593771,-3.875,0.7865604529675552,2.0,0.0,4.0,1.3661971830985915,0,0.11267605633802817,1.2999999999999998,0.4788732394366197,0.4999999999999998,0.1073214285714285,4,
226,15,0.7977181016656743,-4.675,0.784518117842276,1.0,0.0,1.0,0.5,0,0.12962962962962962,0.8000000000000002,0.3574074074074075,0.40000000000000013,0.05987307032590051,4,
227,15,0.7969207822901396,-5.1499999999999995,0.7826545906527321,1.0,0.0,1.0,0.5416666666666666,0,0.16666666666666666,1.2000000000000002,0.44583333333333347,0.4500000000000001,0.10836300477637861,4,
228,33,0.7961242598354538,-4.45,0.7802047188909793,2.0,0.0,4.0,1.4444444444444444,0,0.5972222222222222,1.3,0.4972222222222223,0.5000000000000001,0.10473470962762878,4,
229,9,0.7953285335050939,-5.775,0.7789169098345512,0.0,0.0,0.0,0.0,0,0.0,0.7000000000000001,0.3111111111111112,0.30000000000000016,0.058810810810810805,4,
230,27,0.794533602503334,-3.7750000000000004,0.7763704156702587,1.0,0.0,3.0,1.1527777777777777,0,0.0,1.2,0.42222222222222233,0.4000000000000002,0.08868994790661776,4,
231,15,0.7937394660352427,-5.0249999999999995,0.774742200747359,1.0,0.0,1.0,0.5740740740740741,0,0.0,1.0,0.4018518518518519,0.40000000000000013,0.08391423670668952,4,
232,15,0.7929461233066837,-5.375,0.7733338431553367,1.0,0.0,1.0,0.2619047619047619,0,0.0,0.9,0.3595238095238097,0.40000000000000013,0.06863868406125921,4,
233,27,0.792153573524314,-4.55,0.7714103262836847,1.0,0.0,3.0,0.9666666666666667,0,0.25,1.2000000000000002,0.40666666666666684,0.40000000000000013,0.08664629063628786,4,
234,45,0.7913618158955839,-3.674999999999999,0.7687241576042612,1.0,0.0,6.0,2.0256410256410255,0,0.08974358974358974,1.1,0.4243589743589745,0.40000000000000047,0.0718543481834621,4,
235,21,0.7905708496287356,-4.800000000000001,0.7668557103203142,1.0,0.0,2.0,0.8,0,0.0,0.8000000000000002,0.36666666666666686,0.40000000000000013,0.05757154765212559,4,
236,74,0.7897806739328027,-2.1499999999999977,0.7627661997106382,2.0,0.0,11.0,4.3277310924369745,0,0.1092436974789916,1.7999999999999994,0.7344537815126044,0.6999999999999985,0.21471045197740085,4,
237,21,0.7889912880176096,-3.6,0.760491093470756,1.0,0.0,2.0,1.0,0,0.10606060606060606,1.1,0.45606060606060617,0.5000000000000001,0.08945350172215842,4,
238,27,0.7882026910937704,-4.2,0.7584159978526201,2.0,0.0,3.0,0.9545454545454546,0,0.0,1.0,0.37424242424242443,0.40000000000000013,0.06283582089552238,4,
239,27,0.7874148823726879,-4.3,0.7562766231259996,1.0,0.0,3.0,0.9545454545454546,0,0.0,0.9,0.37424242424242443,0.40000000000000013,0.059198622273249124,4,
240,21,0.7866278610665535,-5.125,0.7547596170873858,1.0,0.0,2.0,0.4791666666666667,0,0.0,0.7000000000000003,0.33333333333333354,0.3000000000000003,0.05349544072948328,4,
241,15,0.7858416263883455,-5.225,0.7535261938403037,1.0,0.0,1.0,0.2857142857142857,0,0.0,1.0,0.37380952380952387,0.40000000000000013,0.0781678956324447,4,
242,21,0.7850561775518295,-4.9,0.7517931425327569,1.0,0.0,2.0,0.5555555555555556,0,0.0,0.7000000000000002,0.32407407407407424,0.30000000000000027,0.05147512864493996,4,
243,44,0.7842715137715565,-4.3999999999999995,0.7499084379736489,1.0,0.0,6.0,2.380281690140845,0,0.19718309859154928,1.7000000000000002,0.6478873239436617,0.6000000000000001,0.20253571428571415,4,
244,26,0.7834876342628625,-4.575,0.7480916730050305,1.0,0.0,3.0,1.1016949152542372,0,0.11864406779661017,1.5,0.5152542372881357,0.5000000000000001,0.13726436781609191,4,
245,15,0.7827045382418681,-4.9,0.746783904077533,1.0,0.0,1.0,0.5,0,0.0,1.1,0.42083333333333345,0.40000000000000013,0.09002171081198436,4,
246,27,0.7819222249254772,-3.6499999999999995,0.7444058512708424,2.0,0.0,3.0,1.6265060240963856,0,1.0240963855421688,1.6999999999999997,0.5686746987951807,0.5000000000000004,0.14988385598141687,4,
247,20,0.7811406935313765,-4.5,0.7425002041035342,1.0,0.0,2.0,0.9846153846153847,0,0.6923076923076923,1.2999999999999998,0.5184615384615384,0.5000000000000001,0.12368844696969693,4,
248,33,0.7803599432780343,-4.125,0.7404724553333341,2.0,0.0,4.0,1.2424242424242424,0,0.0,1.2,0.3833333333333334,0.4,0.08322617680826634,4,
249,15,0.7795799733847004,-4.7749999999999995,0.739086055552739,2.0,0.0,1.0,0.3958333333333333,0,0.0,1.0,0.3583333333333335,0.35000000000000014,0.07371254884932696,4,
250,21,0.7788007830714049,-4.874999999999999,0.7372534313120358,1.0,0.0,2.0,0.7,0,0.11666666666666667,1.1,0.3666666666666668,0.3500000000000002,0.07357599333148096,4,
251,27,0.7780223715589573,-4.05,0.7354309925341019,1.0,0.0,3.0,1.0454545454545454,0,0.0,0.9000000000000002,0.37424242424242443,0.40000000000000013,0.05919862227324914,4,
252,21,0.7772447380689461,-4.425,0.7336588863594118,1.0,0.0,2.0,1.0461538461538462,0,0.1076923076923077,1.5,0.5000000000000001,0.5000000000000001,0.13326231060606056,4,
253,27,0.7764678818237378,-3.625,0.7311318936186156,1.0,0.0,3.0,1.2142857142857142,0,0.0,1.0,0.3904761904761907,0.4000000000000002,0.06229907866761161,4,
254,27,0.775691802046476,-5.0,0.7295617249976043,1.0,0.0,3.0,0.8333333333333334,0,0.0,0.8000000000000004,0.3574074074074077,0.40000000000000013,0.05542710120068611,4,
255,27,0.774916497961081,-4.174999999999999,0.7277255518821043,1.0,0.0,3.0,0.9090909090909091,0,0.2878787878787879,0.8000000000000002,0.3469696969696971,0.3500000000000002,0.05159357060849598,4,
256,15,0.7741419687922484,-4.449999999999999,0.7261808018062692,2.0,0.0,1.0,0.5,0,0.0,0.8000000000000002,0.3574074074074075,0.40000000000000013,0.059873070325900515,4,
257,45,0.7733682137654491,-2.9499999999999984,0.7232939228290234,2.0,0.0,6.0,2.814814814814815,0,0.6018518518518519,1.3,0.4925925925925927,0.5000000000000001,0.10365772099802792,4,
258,15,0.772595232106928,-4.8500000000000005,0.7218325577248993,1.0,0.0,1.0,0.4375,0,0.14583333333333334,0.9,0.38333333333333347,0.40000000000000013,0.06266608771168042,4,
259,21,0.7718230230437034,-4.45,0.7201090880178922,1.0,1.0,2.0,0.7666666666666667,0,0.23333333333333334,1.2000000000000002,0.4066666666666668,0.40000000000000013,0.09064740205612669,4,
260,21,0.7710515858035663,-4.699999999999999,0.7186800653752294,1.0,0.0,2.0,0.6296296296296297,0,0.0,0.8000000000000003,0.36851851851851863,0.40000000000000013,0.05847341337907375,4,
261,21,0.7702809196150792,-4.975,0.7171259998065325,1.0,0.0,2.0,0.5555555555555556,0,0.0,0.8000000000000002,0.32407407407407424,0.3000000000000002,0.055921097770154374,4,
262,15,0.7695110237075758,-5.125,0.7159219311195637,1.0,0.0,1.0,0.23809523809523808,0,0.0,0.8000000000000002,0.34523809523809534,0.3500000000000002,0.061559841179807145,4,
263,27,0.7687418973111603,-3.275000000000001,0.7136361185679634,2.0,0.0,3.0,1.6292134831460674,0,0.38202247191011235,1.4,0.5674157303370787,0.5999999999999995,0.13097727272727266,4,
264,21,0.7679735396567061,-4.375,0.7120090089362702,1.0,0.0,2.0,0.8,0,0.13333333333333333,1.2,0.42666666666666675,0.4000000000000002,0.08597943873298136,4,
265,33,0.7672059499758557,-2.924999999999999,0.7091910456643051,2.0,1.0,4.0,1.7450980392156863,0,0.6078431372549019,1.1,0.477450980392157,0.5000000000000001,0.0768518696529847,4,
266,21,0.7664391275010192,-4.675,0.7078430582845006,2.0,0.0,2.0,0.6296296296296297,0,0.0,1.0,0.36851851851851863,0.40000000000000013,0.06736535162950255,4,
267,15,0.7656730714653739,-4.675,0.706447542120199,2.0,0.0,1.0,0.46296296296296297,0,0.12962962962962962,0.8000000000000002,0.3351851851851853,0.30000000000000027,0.05526243567753001,4,
268,69,0.764907781102864,-1.9499999999999988,0.7029820302913282,2.0,1.0,10.0,3.672,0,0.256,1.2,0.5192000000000001,0.5000000000000002,0.08603686635944696,4,
269,21,0.764143255648199,-4.475,0.7014972380584282,1.0,0.0,2.0,0.7333333333333333,0,0.3,1.1,0.3866666666666667,0.40000000000000013,0.08251180883578771,4,
270,27,0.7633794943368531,-5.074999999999999,0.7001016986654193,1.0,0.0,3.0,0.7592592592592593,0,0.0,0.7000000000000001,0.3129629629629631,0.30000000000000016,0.04966380789022299,4,
271,45,0.7626164964050653,-3.024999999999999,0.6979103167162871,1.0,0.0,6.0,2.0238095238095237,0,0.0,1.2,0.4476190476190477,0.40000000000000024,0.09012615166548546,4,
272,21,0.7618542610898376,-4.4,0.6965261844116768,1.0,0.0,2.0,0.8833333333333333,0,0.11666666666666667,1.1,0.4166666666666668,0.40000000000000024,0.07641011392053348,4,
273,45,0.7610927876289343,-3.549999999999999,0.6943790802291102,1.0,0.0,6.0,2.25,0,0.7142857142857143,1.4000000000000001,0.5404761904761906,0.5000000000000001,0.12552232459248755,4,
274,15,0.7603320752608821,-5.425,0.6932909873783428,1.0,0.0,1.0,0.21428571428571427,0,0.0,0.7000000000000002,0.33095238095238105,0.3000000000000002,0.05693136698808848,4,
275,15,0.7595721232249685,-5.324999999999999,0.6920930752052519,1.0,0.0,1.0,0.19047619047619047,0,0.0,0.7000000000000001,0.31666666666666676,0.30000000000000016,0.05475326148610323,4,
276,32,0.7588129307612413,-4.2250000000000005,0.6904133481856137,2.0,0.0,4.0,1.476923076923077,0,0.0,1.6999999999999997,0.5553846153846151,0.5000000000000001,0.18374526515151504,4,
277,51,0.7580544971105083,-3.8249999999999984,0.6883212683783838,2.0,0.0,7.0,2.5256410256410255,0,0.0,1.0000000000000004,0.4474358974358977,0.5000000000000001,0.07173598553345392,4,
278,9,0.7572968215143355,-5.3999999999999995,0.6875046153897699,1.0,0.0,0.0,0.0,0,0.0,0.7000000000000001,0.3111111111111112,0.30000000000000016,0.058810810810810805,4,
279,21,0.7565399032150474,-4.75,0.686163036426502,1.0,0.0,2.0,0.6851851851851852,0,0.0,1.0,0.4018518518518519,0.4000000000000002,0.0705763293310463,4,
280,39,0.7557837414557255,-4.374999999999999,0.6844450480079263,1.0,1.0,5.0,1.5972222222222223,0,0.1111111111111111,1.2,0.38888888888888906,0.40000000000000013,0.07739147212039357,4,
281,57,0.755028335480208,-3.174999999999998,0.682289771031647,1.0,0.0,8.0,2.8854166666666665,0,0.0,1.2000000000000002,0.5166666666666669,0.5000000000000002,0.09494085729788387,4,
282,38,0.754273684533089,-3.55,0.6802349054194259,2.0,1.0,5.0,1.927710843373494,0,0.3373493975903614,1.6999999999999997,0.5903614457831324,0.5999999999999993,0.15944831591173048,4,
283,27,0.7535197878597172,-4.025,0.6785224103968488,1.0,1.0,3.0,1.2361111111111112,0,0.3611111111111111,1.3,0.4722222222222223,0.4500000000000001,0.11063862627821722,4,
284,15,0.7527666447061963,-4.8,0.677539093239542,1.0,0.0,1.0,0.2619047619047619,0,0.16666666666666666,0.8000000000000002,0.3595238095238097,0.40000000000000013,0.060062393647192285,4,
285,38,0.7520142543193826,-4.675,0.6759552603636183,1.0,0.0,5.0,2.2816901408450705,0,0.29577464788732394,2.099999999999999,0.8338028169014082,0.7000000000000001,0.3716071428571426,4,
286,15,0.751262615946886,-5.3999999999999995,0.6750893663555756,1.0,0.0,1.0,0.19047619047619047,0,0.0,0.7000000000000001,0.31666666666666676,0.30000000000000016,0.05475326148610323,4,
287,57,0.750511728837068,-3.6499999999999986,0.6728508793099366,2.0,0.0,8.0,2.8452380952380953,0,0.0,1.0000000000000002,0.38333333333333364,0.4000000000000002,0.06782707299787383,4,
288,21,0.7497615922390413,-3.95,0.6716265222188772,2.0,0.0,2.0,0.9,0,0.25,1.2,0.48666666666666675,0.5000000000000001,0.09118088357877184,4,
289,21,0.7490122054026693,-4.7749999999999995,0.670281369651671,1.0,1.0,2.0,0.7037037037037037,0,0.2962962962962963,1.2,0.41296296296296303,0.40000000000000013,0.09041852487135504,4,
290,21,0.7482635675785653,-4.699999999999999,0.6691829069245862,2.0,0.0,2.0,0.5625,0,0.16666666666666666,1.2000000000000002,0.3833333333333334,0.35000000000000014,0.09768128528006947,4,
291,15,0.747515678018091,-4.25,0.6679259855131421,1.0,0.0,1.0,0.42592592592592593,0,0.0,0.7000000000000001,0.3129629629629631,0.30000000000000016,0.049663807890222976,4,
292,63,0.7467685359733571,-0.37499999999999745,0.6642714552884385,2.0,0.0,9.0,4.11377245508982,0,1.622754491017964,2.3999999999999995,0.7604790419161674,0.6000000000000001,0.30012550200803184,4,
293,15,0.7460221406972215,-4.85,0.6631068274190406,1.0,0.0,1.0,0.5185185185185185,0,0.0,0.9,0.36851851851851863,0.40000000000000013,0.06069639794168094,4,
294,21,0.7452764914432887,-4.6499999999999995,0.6618773885697513,1.0,0.0,2.0,0.8,0,0.0,1.2,0.42666666666666675,0.40000000000000013,0.09598221728257848,4,
295,75,0.7445315874659094,-0.8749999999999967,0.6587610057196185,2.0,0.0,11.0,4.7,0,1.0666666666666667,1.3000000000000005,0.5606666666666668,0.6000000000000001,0.09825725587803905,4,
296,57,0.7437874280201796,-2.4749999999999988,0.6566085496250648,2.0,0.0,8.0,3.0,0,0.21782178217821782,1.4999999999999998,0.5297029702970298,0.5000000000000003,0.11516862745098037,4,
297,21,0.7430440123619398,-4.3,0.6554216911285348,1.0,0.0,2.0,0.7333333333333333,0,0.25,1.1,0.3866666666666669,0.40000000000000013,0.07450958599611002,4,
298,21,0.7423013397477743,-4.0,0.6541179958367079,1.0,0.0,2.0,1.0,0,0.4090909090909091,1.2,0.45606060606060617,0.4500000000000002,0.09127210103329504,4,
299,27,0.7415594094350105,-3.7249999999999996,0.6525185886090412,1.0,0.0,3.0,1.0277777777777777,0,0.09722222222222222,1.1,0.39722222222222237,0.40000000000000013,0.07417325873046497,4,
300,27,0.7408182206817179,-4.425,0.6512369596245402,2.0,0.0,3.0,0.9333333333333333,0,0.11666666666666667,1.1,0.38666666666666677,0.40000000000000013,0.07450958599611002,4,
301,9,0.7400777727467076,-5.125,0.650488668978196,2.0,0.0,0.0,0.0,0,0.0,0.7000000000000001,0.3111111111111112,0.30000000000000016,0.058810810810810805,4,
302,27,0.7393380648895319,-3.9000000000000004,0.6491793043626732,1.0,0.0,3.0,1.4929577464788732,0,0.22535211267605634,1.4,0.5464788732394367,0.5000000000000002,0.12082142857142854,4,
303,69,0.7385990963704826,-2.3499999999999974,0.6466248968665211,2.0,1.0,10.0,3.6491228070175437,0,1.3859649122807018,1.2000000000000002,0.5271929824561407,0.5000000000000006,0.08865332820315504,4,
304,21,0.7378608664505911,-4.8999999999999995,0.6456436328424351,1.0,0.0,2.0,0.5625,0,0.0,0.9,0.3833333333333335,0.40000000000000013,0.06766825879287884,4,
305,62,0.7371233743916278,-2.7749999999999977,0.6437105087239422,1.0,0.0,9.0,3.439252336448598,0,0.14018691588785046,1.5999999999999996,0.6037383177570093,0.5999999999999996,0.13308176100628924,4,
306,57,0.7363866194561001,-3.2999999999999985,0.6420568855338771,2.0,0.0,8.0,2.933333333333333,0,0.0,1.3000000000000003,0.49444444444444463,0.5000000000000001,0.09409186319298678,4,
307,39,0.7356506009072533,-4.299999999999999,0.6407463797667863,1.0,0.0,5.0,1.7121212121212122,0,0.0,1.1,0.4469696969696971,0.5000000000000001,0.08311595866819746,4,
308,21,0.7349153180090687,-4.4,0.6396556024821702,2.0,0.0,2.0,0.95,0,0.0,1.1,0.4566666666666668,0.5000000000000001,0.09148096693525977,4,
309,9,0.7341807700262634,-5.225,0.6389317702902745,2.0,0.0,0.0,0.0,0,0.0,0.7000000000000001,0.3111111111111112,0.30000000000000016,0.058810810810810805,4,
310,27,0.7334469562242892,-4.4,0.6378169291365141,1.0,0.0,3.0,0.8333333333333334,0,0.0,0.7000000000000003,0.3266666666666669,0.30000000000000027,0.05130313976104473,4,
311,21,0.7327138758693325,-5.175,0.6367664958678043,1.0,0.0,2.0,0.6041666666666666,0,0.0,1.1,0.40833333333333344,0.40000000000000013,0.08538428137212331,4,
312,51,0.7319815282283126,-3.6999999999999984,0.635126412597703,2.0,0.0,7.0,2.7051282051282053,0,0.0,1.6,0.555128205128205,0.5000000000000001,0.14531809962189707,4,
313,15,0.731249912568882,-5.175,0.6343449234974309,1.0,0.0,1.0,0.16666666666666666,0,0.0,0.7000000000000001,0.3023809523809525,0.30000000000000016,0.055025524673851384,4,
314,38,0.7305190281594249,-4.099999999999999,0.6332207533040298,2.0,0.0,5.0,1.8169014084507042,0,0.0,1.4999999999999996,0.5549295774647885,0.5000000000000001,0.15377380952380942,4,
315,21,0.7297888742690568,-5.199999999999999,0.6323633307489809,1.0,0.0,2.0,0.5625,0,0.14583333333333334,1.1,0.38333333333333347,0.40000000000000013,0.08267477203647415,4,
316,87,0.7290594501676237,-1.3249999999999962,0.6299325159490196,2.0,0.0,13.0,5.034722222222222,0,0.14583333333333334,1.5,0.5611111111111111,0.55,0.10613166144200623,4,
317,45,0.7283307551257017,-3.224999999999999,0.6282673316697668,2.0,0.0,6.0,2.2333333333333334,0,0.0,1.2000000000000004,0.47444444444444467,0.5000000000000001,0.0828015804420299,4,
318,63,0.7276027884145955,-2.474999999999998,0.6260182457140778,1.0,1.0,9.0,3.35,0,0.6333333333333333,1.2000000000000002,0.5283333333333334,0.5000000000000002,0.09970414612125839,4,
319,15,0.7268755493063382,-4.85,0.6248761641304528,1.0,0.0,1.0,0.46296296296296297,0,0.0,0.8000000000000002,0.3351851851851853,0.30000000000000027,0.05526243567753001,4,
320,21,0.7261490370736909,-4.2749999999999995,0.6237751690276931,2.0,0.0,2.0,0.75,0,0.21666666666666667,1.1,0.3966666666666668,0.40000000000000013,0.08067796610169489,4,
321,9,0.7254232509901412,-5.475,0.6230553986348992,1.0,0.0,0.0,0.0,0,0.0,0.7000000000000001,0.3111111111111112,0.30000000000000016,0.058810810810810805,4,
322,26,0.7246981903299029,-4.275,0.6218871145196148,1.0,0.0,3.0,1.0847457627118644,0,0.23728813559322035,1.4,0.5050847457627119,0.4999999999999999,0.12933333333333327,4,
323,45,0.7239738543679153,-2.6999999999999984,0.6200073998345335,1.0,0.0,6.0,2.372549019607843,0,0.2549019607843137,1.2000000000000002,0.5009803921568629,0.5000000000000001,0.09383158704219935,4,
324,15,0.7232502423798424,-5.1499999999999995,0.6191691685135855,1.0,0.0,1.0,0.375,0,0.0,0.8000000000000002,0.3458333333333335,0.3500000000000002,0.05750759878419453,4,
325,33,0.7225273536420722,-4.199999999999999,0.6178751260863691,1.0,0.0,4.0,1.2575757575757576,0,0.0,0.9,0.39242424242424256,0.40000000000000013,0.06344202066590125,4,
326,27,0.7218051874317158,-4.025,0.6164865349304677,1.0,0.0,3.0,1.3974358974358974,0,0.0,1.1,0.462820512820513,0.5000000000000001,0.07773302646720366,4,
327,21,0.721083743026607,-3.9000000000000004,0.6151968576740288,1.0,0.0,2.0,1.0555555555555556,0,0.0,1.0,0.41388888888888914,0.40000000000000024,0.06898707312367354,4,
328,15,0.7203630197053014,-5.175,0.6143733823612691,1.0,0.0,1.0,0.3125,0,0.0,0.7000000000000001,0.30833333333333346,0.30000000000000016,0.05203647416413374,4,
329,44,0.7196430167470754,-3.0499999999999985,0.612910108716579,2.0,0.0,6.0,2.144578313253012,0,0.0,1.5,0.5542168674698794,0.5000000000000001,0.1603368176538907,4,
330,21,0.7189237334319262,-4.9,0.6119699247290731,1.0,1.0,2.0,0.6481481481481481,0,0.0,1.2,0.37962962962962976,0.35000000000000014,0.09017152658662089,4,
331,15,0.7182051690405703,-5.1,0.6112732190689453,1.0,0.0,1.0,0.16666666666666666,0,0.0,0.7000000000000001,0.3023809523809525,0.30000000000000016,0.055025524673851384,4,
332,15,0.7174873228544433,-4.3,0.6103600221605078,2.0,0.0,1.0,0.5740740740740741,0,0.2037037037037037,1.1,0.401851851851852,0.40000000000000013,0.08613722126929674,4,
333,33,0.716770194155699,-3.6499999999999995,0.6087178805950011,2.0,0.0,4.0,1.4487179487179487,0,0.0,0.9000000000000005,0.4474358974358977,0.5000000000000001,0.06404241328291962,4,
334,45,0.7160537822272085,-2.774999999999999,0.6068826084439986,2.0,0.0,6.0,2.0294117647058822,0,0.0784313725490196,1.2000000000000002,0.43627450980392174,0.40000000000000024,0.07212246467365181,4,
335,39,0.7153380863525599,-1.7249999999999994,0.604921107326744,2.0,0.0,5.0,2.4285714285714284,0,0.7142857142857143,1.5,0.5630252100840336,0.5000000000000002,0.1285579096045197,4,
336,51,0.7146231058160573,-2.8499999999999988,0.6033326948603971,2.0,1.0,7.0,2.3229166666666665,0,0.0,1.2,0.44166666666666693,0.4000000000000008,0.0743136190992946,4,
337,51,0.71390883990272,-3.324999999999999,0.6021369493812414,2.0,0.0,7.0,2.3333333333333335,0,0.0,1.2000000000000002,0.4144444444444446,0.4000000000000002,0.0748005926657612,4,
338,27,0.7131952878982822,-3.9499999999999997,0.6009145087421338,1.0,0.0,3.0,1.0694444444444444,0,0.5416666666666666,1.1,0.3722222222222224,0.40000000000000013,0.06507428130426392,4,
339,33,0.7124824490891918,-3.1750000000000003,0.5994670861658289,1.0,1.0,4.0,1.6888888888888889,0,1.0777777777777777,1.3000000000000003,0.507777777777778,0.5000000000000002,0.09939622175577228,4,
340,21,0.7117703227626097,-4.625,0.598589172287106,1.0,0.0,2.0,0.7222222222222222,0,0.12962962962962962,1.1,0.4240740740740742,0.4000000000000002,0.08333790737564321,4,
341,21,0.7110589082064097,-4.775,0.5976862396900153,1.0,1.0,2.0,0.7962962962962963,0,0.14814814814814814,1.2,0.4685185185185186,0.5000000000000001,0.10367409948542021,4,
342,51,0.7103482047091773,-3.2249999999999988,0.5964852570149117,1.0,1.0,7.0,2.477777777777778,0,0.15555555555555556,1.2000000000000002,0.5011111111111112,0.5000000000000001,0.08745400666748981,4,
343,38,0.7096382115602087,-4.349999999999999,0.5954192072445958,1.0,0.0,5.0,2.0,0,0.0,1.5999999999999996,0.6569230769230766,0.6000000000000001,0.2046543560606059,4,
344,33,0.7089289280495107,-4.4,0.5944050639332826,1.0,0.0,4.0,1.2666666666666666,0,0.0,1.0000000000000002,0.40666666666666684,0.4000000000000003,0.07064184495693249,4,
345,21,0.7082203534678,-4.9,0.5935829229730606,1.0,0.0,2.0,0.5925925925925926,0,0.0,0.7000000000000003,0.34629629629629644,0.35000000000000026,0.05213379073756432,4,
346,9,0.7075124871065017,-5.675,0.5930485125958095,0.0,0.0,0.0,0.0,0,0.0,0.7000000000000001,0.3111111111111112,0.30000000000000016,0.058810810810810805,4,
347,39,0.7068053282577494,-3.575,0.5918283130226469,1.0,0.0,5.0,1.5897435897435896,0,0.1794871794871795,1.2000000000000002,0.3935897435897438,0.40000000000000013,0.0785615650172612,4,
348,33,0.7060988762143844,-3.375,0.5906562078889823,1.0,0.0,4.0,1.5897435897435896,0,0.5897435897435898,1.2,0.5320512820512822,0.6,0.09809140226861743,4,
349,32,0.7053931302699543,-4.15,0.5894431994475914,1.0,0.0,4.0,1.4647887323943662,0,0.11267605633802817,1.6999999999999997,0.48732394366197174,0.40000000000000013,0.15832142857142845,4,
350,27,0.7046880897187134,-4.375,0.5885120995080864,1.0,0.0,3.0,0.9,0,0.0,0.8000000000000002,0.36666666666666686,0.40000000000000013,0.05357043623228673,4,
351,51,0.703983753855621,-1.8499999999999979,0.5865751675205584,2.0,0.0,7.0,2.6470588235294117,0,1.2773109243697478,1.3,0.5630252100840337,0.6000000000000001,0.09931214689265533,4,
352,15,0.7032801219763409,-4.6,0.585629210833993,1.0,0.0,1.0,0.6296296296296297,0,0.18518518518518517,1.0,0.43518518518518534,0.5000000000000001,0.08267924528301886,4,
353,57,0.7025771933772416,-2.4999999999999987,0.5841588441464203,2.0,0.0,8.0,2.7254901960784315,0,0.0,1.1,0.4303921568627452,0.40000000000000024,0.07369124291069883,4,
354,15,0.701874967355394,-5.15,0.583511998661198,1.0,0.0,1.0,0.19047619047619047,0,0.0,0.7000000000000001,0.31666666666666676,0.30000000000000016,0.05475326148610323,4,
355,51,0.7011734432085724,-3.624999999999999,0.5820906935456187,2.0,1.0,7.0,2.4166666666666665,0,0.0,1.2,0.4261904761904763,0.40000000000000013,0.09027923458540041,4,
356,15,0.7004726202352524,-4.875,0.5814125743295645,1.0,0.0,1.0,0.3125,0,0.0,0.7000000000000001,0.30833333333333346,0.30000000000000016,0.05203647416413374,4,
357,45,0.699772497734611,-3.9249999999999985,0.5801518374869501,2.0,0.0,6.0,2.1666666666666665,0,0.0,1.4000000000000001,0.508974358974359,0.5000000000000001,0.10980930461943116,4,
358,92,0.6990730750065257,-1.8749999999999958,0.5781638204451215,1.0,0.0,14.0,5.672,0,0.0,1.5,0.6152,0.6000000000000001,0.11633640552995388,4,
359,38,0.6983743513515736,-3.5749999999999993,0.5768914799590733,2.0,0.0,5.0,2.090909090909091,0,0.24675324675324675,1.8999999999999995,0.679220779220779,0.6000000000000002,0.219345479082321,4,
360,21,0.697676326071031,-4.45,0.5758638631082909,1.0,0.0,2.0,0.8,0,0.0,1.1,0.4266666666666668,0.40000000000000013,0.08597943873298136,4,
361,39,0.6969789984668727,-3.4749999999999996,0.5746300312635552,1.0,0.0,5.0,1.9759036144578312,0,0.9036144578313253,1.2999999999999998,0.5180722891566266,0.5000000000000002,0.10655632984901271,4,
362,21,0.696282367841771,-4.7749999999999995,0.5739602094039012,1.0,0.0,2.0,0.5185185185185185,0,0.0,0.7000000000000001,0.301851851851852,0.30000000000000016,0.04982847341337907,4,
363,15,0.6955864334990951,-5.074999999999999,0.5732662109956191,1.0,0.0,1.0,0.3958333333333333,0,0.0,0.9,0.3583333333333335,0.40000000000000013,0.06370820668693007,4,
364,21,0.6948911947429106,-4.475,0.5725393892975856,2.0,0.0,2.0,0.7222222222222222,0,0.0,1.2,0.4240740740740742,0.40000000000000013,0.10334476843910802,4,
365,33,0.6941966508779789,-4.525,0.5714514162816023,1.0,0.0,4.0,1.3484848484848484,0,0.3939393939393939,1.2,0.4469696969696971,0.40000000000000024,0.10130195177956368,4,
366,39,0.6935028012097558,-3.099999999999999,0.5703220168371345,2.0,0.0,5.0,1.6428571428571428,0,0.0,0.9000000000000002,0.3904761904761907,0.40000000000000024,0.05229766123316797,4,
367,15,0.6928096450443917,-5.2749999999999995,0.5697156146885691,1.0,0.0,1.0,0.21428571428571427,0,0.0,0.7000000000000002,0.33095238095238105,0.3000000000000002,0.05693136698808848,4,
368,74,0.6921171816887304,-1.7499999999999971,0.5678711161311867,4.0,0.0,11.0,4.392,0,0.056,2.2999999999999985,0.8119999999999993,0.6000000000000002,0.3634792626728105,4,
369,50,0.6914254104503085,-1.1249999999999987,0.5659689327638169,2.0,0.0,7.0,3.2720588235294117,0,1.2205882352941178,2.0,0.6757352941176469,0.6000000000000001,0.17831792376317915,4,
370,38,0.6907343306373547,-3.3749999999999987,0.5647582884425619,1.0,0.0,5.0,1.819277108433735,0,0.8795180722891566,1.2999999999999998,0.5253012048192772,0.5000000000000002,0.09756678281068522,4,
371,21,0.690043941558789,-4.625,0.5639191969722286,1.0,0.0,2.0,0.7592592592592593,0,0.0,1.2,0.4462962962962963,0.45000000000000007,0.09511149228130358,4,
372,38,0.6893542425242224,-2.849999999999999,0.5628230689240532,2.0,1.0,5.0,2.0638297872340425,0,0.48936170212765956,1.4,0.6234042553191489,0.6000000000000001,0.11116694963214485,4,
373,62,0.6886652328439558,-2.6749999999999985,0.5617431770010615,2.0,0.0,9.0,3.694736842105263,0,0.21052631578947367,1.4999999999999987,0.7431578947368415,0.7999999999999993,0.15952349290780118,4,
374,50,0.6879769118289795,-3.499999999999999,0.5606808233436376,2.0,0.0,7.0,2.5714285714285716,0,0.0,1.4,0.5155844155844155,0.4999999999999998,0.12497300944669358,4,
375,39,0.6872892787909722,-3.5499999999999994,0.5595991406198848,2.0,0.0,5.0,1.8095238095238095,0,0.38095238095238093,1.1,0.40476190476190504,0.40000000000000024,0.0652246633593196,4,
376,87,0.686602333042301,-1.099999999999996,0.5577342037919966,2.0,0.0,13.0,4.840579710144928,0,0.0,1.4,0.5398550724637682,0.5000000000000002,0.10472141994433641,4,
377,27,0.6859160738960202,-4.6499999999999995,0.5569852879342202,1.0,0.0,3.0,0.9074074074074074,0,0.0,1.0,0.40185185185185207,0.4000000000000002,0.07502229845626071,4,
378,33,0.6852305006658703,-3.5,0.5560409643594171,1.0,0.0,4.0,1.5512820512820513,0,0.32051282051282054,1.5,0.508974358974359,0.5,0.12673516357060657,4,
379,33,0.6845456126662782,-2.474999999999999,0.554793088895961,2.0,0.0,4.0,1.9722222222222223,0,0.6481481481481481,1.3000000000000003,0.4870370370370372,0.5000000000000001,0.08909885964160164,4,
380,27,0.6838614092123558,-4.15,0.5538390487124366,1.0,0.0,3.0,1.1666666666666667,0,0.0,1.1,0.4469696969696971,0.5000000000000001,0.08129735935706084,4,
381,75,0.6831778896198997,-2.299999999999997,0.5524421764479988,1.0,0.0,11.0,4.212962962962963,0,0.0,1.4,0.4981481481481483,0.5,0.09481951470462142,4,
382,27,0.6824950532053901,-3.024999999999999,0.5512820470353692,2.0,0.0,3.0,1.6666666666666667,0,0.2,1.2000000000000002,0.49444444444444463,0.5000000000000001,0.09009136930485243,4,
383,39,0.6818128992859905,-3.3750000000000004,0.5501613675775477,1.0,0.0,5.0,1.9550561797752808,0,0.24719101123595505,1.6999999999999997,0.5943820224719102,0.5999999999999993,0.16437121212121203,4,
384,51,0.6811314271795471,-2.549999999999999,0.5490483182497417,1.0,0.0,7.0,2.5104166666666665,0,0.0,1.1,0.4416666666666668,0.45000000000000023,0.07556375474769395,4,
385,104,0.6804506362045877,-0.9749999999999969,0.5471633211323068,1.0,0.0,16.0,6.686131386861314,0,0.0,1.6,0.6751824817518245,0.6000000000000005,0.16041453537936903,4,
386,15,0.679770525680321,-5.475,0.546748460205001,1.0,0.0,1.0,0.2857142857142857,0,0.0,1.0,0.3738095238095239,0.40000000000000013,0.0781678956324447,4,
387,63,0.6790910949266368,-2.324999999999998,0.5454190248329915,1.0,0.0,9.0,3.175925925925926,0,0.0,0.9000000000000005,0.40925925925925966,0.4000000000000007,0.05769699048272313,4,
388,21,0.678412343264104,-4.175,0.5444797975253618,2.0,0.0,2.0,1.0694444444444444,0,0.0,1.1,0.42222222222222233,0.40000000000000024,0.0720200655990739,4,
389,33,0.6777342700139711,-3.6999999999999997,0.5434976303707738,2.0,0.0,4.0,1.6666666666666667,0,0.8589743589743589,1.2,0.485897435897436,0.5000000000000001,0.0943037974683544,4,
390,32,0.6770568744981647,-3.8,0.5426377106503764,1.0,1.0,4.0,1.5633802816901408,0,0.0,1.4,0.5464788732394366,0.5000000000000001,0.1394166666666666,4,
391,33,0.6763801560392891,-3.6749999999999994,0.5417593129642031,1.0,0.0,4.0,1.3055555555555556,0,0.09722222222222222,1.1,0.36388888888888904,0.3500000000000003,0.06787574763650395,4,
392,27,0.675704113960626,-4.15,0.5409983959597287,1.0,0.0,3.0,0.9696969696969697,0,0.0,0.9,0.38333333333333347,0.40000000000000013,0.0577657864523536,4,
393,15,0.6750287475861332,-4.925,0.5404366886611613,1.0,0.0,1.0,0.5925925925925926,0,0.0,1.2,0.41296296296296303,0.40000000000000013,0.09708747855917667,4,
394,27,0.6743540562404442,-4.074999999999999,0.5396264087952611,1.0,0.0,3.0,0.9861111111111112,0,0.0,0.9,0.3722222222222224,0.40000000000000013,0.06007331661200075,4,
395,15,0.6736800392488677,-5.35,0.5391581872954971,1.0,0.0,1.0,0.21428571428571427,0,0.0,0.7000000000000002,0.33095238095238105,0.3000000000000002,0.05693136698808847,4,
396,21,0.6730066959373864,-4.3,0.5385143632286014,1.0,0.0,2.0,0.75,0,0.0,0.7000000000000002,0.3366666666666668,0.30000000000000027,0.05066963045290359,4,
397,27,0.6723340256326572,-3.2,0.5374866775423244,2.0,0.0,3.0,1.6179775280898876,0,0.6853932584269663,1.5,0.5606741573033708,0.5999999999999998,0.12240151515151511,4,
398,104,0.6716620276620098,-1.1249999999999951,0.5356978837579759,1.0,0.0,16.0,6.97972972972973,0,2.385135135135135,2.099999999999999,1.0020270270270255,0.9999999999999957,0.3100776149385924,4,
399,45,0.6709907013534459,-2.599999999999998,0.5344739267364118,2.0,0.0,6.0,2.5833333333333335,0,0.32407407407407407,1.4000000000000001,0.5203703703703706,0.5000000000000003,0.09329675040727085,4,
400,21,0.6703200460356393,-5.0,0.5339463687603655,1.0,0.0,2.0,0.5416666666666666,0,0.0,0.8000000000000003,0.37083333333333346,0.40000000000000013,0.062092922275293096,4,
401,21,0.6696500610379346,-4.425,0.5333778493958323,2.0,0.0,2.0,0.6481481481481481,0,0.12962962962962962,1.1,0.37962962962962976,0.40000000000000013,0.07683361921097769,4,
402,80,0.6689807456903467,-1.2999999999999967,0.5317293098589072,2.0,0.0,12.0,4.507352941176471,0,0.2426470588235294,1.4000000000000004,0.6625000000000001,0.6999999999999997,0.10073154906731546,4,
403,33,0.6683120993235603,-4.424999999999999,0.5310945478124307,1.0,0.0,4.0,1.1833333333333333,0,0.0,0.9000000000000002,0.35666666666666685,0.40000000000000013,0.058805223673242576,4,
404,57,0.6676441212689289,-2.124999999999999,0.5296814459360787,1.0,1.0,8.0,2.841666666666667,0,0.06666666666666667,1.2999999999999998,0.5233333333333334,0.5000000000000001,0.10496284464198899,4,
405,21,0.6669768108584744,-4.374999999999999,0.5289271694081379,2.0,0.0,2.0,0.9090909090909091,0,0.0,1.1,0.4015151515151516,0.40000000000000013,0.08168312284730196,4,
406,27,0.6663101674248864,-3.875,0.5280525473077952,1.0,0.0,3.0,1.2777777777777777,0,0.09722222222222222,1.1,0.39722222222222237,0.40000000000000013,0.0691722940382018,4,
407,39,0.6656441903015212,-3.225,0.5271280879072875,1.0,0.0,5.0,1.8452380952380953,0,0.7142857142857143,1.2,0.5119047619047621,0.5000000000000002,0.10130120481927708,4,
408,21,0.6649788788224019,-5.05,0.5265039373411871,1.0,0.0,2.0,0.8148148148148148,0,0.5925925925925926,1.3,0.47962962962962974,0.5,0.11981132075471697,4,
409,80,0.6643142323222168,-1.624999999999996,0.5251105581527408,1.0,0.0,12.0,4.88,0,0.592,1.699999999999998,0.7639999999999989,0.7000000000000001,0.1827956989247309,4,
410,20,0.6636502501363194,-4.85,0.5245015050290361,1.0,0.0,2.0,0.8867924528301887,0,0.1509433962264151,1.7000000000000002,0.5452830188679246,0.5000000000000001,0.19273504273504272,4,
411,27,0.6629869316007274,-3.625,0.5236662792114064,1.0,0.0,3.0,1.3974358974358974,0,0.0,1.2000000000000002,0.462820512820513,0.5000000000000001,0.07619431201709682,4,
412,51,0.6623242760521222,-2.8499999999999996,0.5226934574215638,2.0,0.0,7.0,2.5555555555555554,0,0.17777777777777778,1.1,0.5077777777777778,0.5000000000000002,0.09539572786763796,4,
413,33,0.6616622828278483,-3.549999999999999,0.5217810085511769,2.0,0.0,4.0,2.2048192771084336,0,0.8795180722891566,1.7999999999999998,0.706024096385542,0.7000000000000001,0.20613821138211366,4,
414,63,0.6610009512659124,-2.274999999999999,0.5206215885419931,1.0,0.0,9.0,3.3055555555555554,0,0.7222222222222222,1.3,0.5537037037037039,0.6,0.09749464117294002,4,
415,21,0.6603402807049829,-4.375,0.520052455820716,1.0,0.0,2.0,0.8,0,0.3333333333333333,1.2000000000000002,0.42666666666666686,0.40000000000000024,0.08597943873298136,4,
416,27,0.659680270484389,-3.1499999999999995,0.5191913404459496,2.0,0.0,3.0,1.2976190476190477,0,0.15476190476190477,1.1,0.44047619047619063,0.4500000000000003,0.06646633593196312,4,
417,50,0.6590209199441207,-3.4749999999999983,0.51827100944993,1.0,0.0,7.0,2.8433734939759034,0,0.08433734939759036,1.6,0.7204819277108427,0.6999999999999985,0.2187688734030195,4,
418,21,0.6583622284248272,-4.374999999999999,0.5175316150604548,1.0,0.0,2.0,1.0,0,0.1076923076923077,1.7000000000000002,0.47230769230769243,0.40000000000000013,0.1675804924242424,4,
419,38,0.657704195267817,-3.6000000000000005,0.5166155055473685,2.0,0.0,5.0,2.231707317073171,0,0.6219512195121951,1.4,0.6999999999999996,0.7,0.16465863453815255,4,
420,44,0.6570468198150567,-3.7749999999999986,0.515870927693029,2.0,0.0,6.0,2.23943661971831,0,0.0,1.4,0.5633802816901409,0.5999999999999998,0.13586904761904756,4,
421,80,0.6563901014091712,-2.2249999999999965,0.5146108659981158,2.0,0.0,12.0,4.79646017699115,0,0.0,1.4999999999999996,0.6274336283185837,0.6000000000000001,0.13226660401002488,4,
422,56,0.6557340393934418,-2.8499999999999988,0.5135744723837156,1.0,0.0,8.0,2.831578947368421,0,0.07368421052631578,1.4999999999999996,0.5221052631578947,0.5000000000000001,0.13731604609929068,4,
423,21,0.6550786331118063,-3.8750000000000004,0.5129376507404687,2.0,0.0,2.0,1.0277777777777777,0,0.0,1.1,0.39722222222222237,0.40000000000000013,0.07250627049971059,4,
424,21,0.6544238819088586,-4.125,0.5122472070690188,2.0,0.0,2.0,0.9393939393939394,0,0.5151515151515151,1.3,0.4742424242424244,0.5000000000000001,0.09617680826636048,4,
425,44,0.6537697851298473,-3.0749999999999993,0.5112643570182963,2.0,0.0,6.0,2.3707865168539324,0,0.449438202247191,1.6999999999999997,0.5876404494382022,0.5000000000000002,0.16559848484848472,4,
426,33,0.6531163421206756,-3.725,0.5104368901386005,2.0,0.0,4.0,1.358974358974359,0,0.10256410256410256,1.2000000000000002,0.3935897435897438,0.40000000000000013,0.07394542166694064,4,
427,51,0.6524635522279004,-2.849999999999999,0.5094379967457322,1.0,0.0,7.0,2.3541666666666665,0,0.23958333333333334,1.2,0.4604166666666669,0.5,0.089901247965274,4,
428,38,0.651811414798732,-3.9249999999999994,0.5085657013297119,1.0,1.0,5.0,1.943661971830986,0,0.4647887323943662,1.9,0.6309859154929576,0.5999999999999995,0.20048809523809516,4,
429,33,0.6511599291810325,-3.275,0.5076219008441054,1.0,0.0,4.0,1.5777777777777777,0,0.0,1.0000000000000002,0.44111111111111134,0.5000000000000001,0.0653179404864798,4,
430,21,0.6505090947233165,-4.775,0.5072370715487065,1.0,0.0,2.0,0.5416666666666666,0,0.0,0.9,0.37083333333333346,0.40000000000000013,0.06459400781589231,4,
431,39,0.6498589107747496,-2.0249999999999995,0.5062337365013987,2.0,0.0,5.0,1.8981481481481481,0,0.0,1.1,0.4425925925925927,0.45000000000000023,0.0759701620509303,4,
432,33,0.6492093766851474,-3.374999999999999,0.5054782973666153,1.0,0.0,4.0,1.5595238095238095,0,0.38095238095238093,1.2,0.4690476190476191,0.5000000000000001,0.090483345145287,4,
433,21,0.6485604918049761,-3.75,0.5047491121934119,2.0,0.0,2.0,1.1025641025641026,0,0.0,1.2000000000000002,0.4243589743589745,0.40000000000000024,0.0749317770836758,4,
434,38,0.6479122554853506,-3.3749999999999996,0.5039204530198415,1.0,0.0,5.0,2.0454545454545454,0,0.48863636363636365,1.6,0.6011363636363635,0.5499999999999998,0.16763399199276757,4,
435,33,0.6472646670780347,-3.425,0.502987521959311,1.0,0.0,4.0,1.4880952380952381,0,0.0,1.0,0.4261904761904763,0.40000000000000024,0.06599007795889439,4,
436,21,0.6466177259354396,-4.8999999999999995,0.5023447701390252,1.0,0.0,2.0,0.5740740740740741,0,0.0,0.7000000000000002,0.33518518518518536,0.30000000000000027,0.05303945111492281,4,
437,33,0.6459714314106245,-3.3999999999999995,0.5015187104692891,1.0,0.0,4.0,1.8444444444444446,0,0.1,1.2,0.4811111111111113,0.5000000000000001,0.08043091739720952,4,
438,62,0.6453257828572946,-1.149999999999996,0.5002244559806714,2.0,1.0,9.0,3.874125874125874,0,0.8321678321678322,1.6999999999999997,0.6657342657342655,0.6000000000000002,0.1561062206572769,4,
439,15,0.6446807796298013,-5.275,0.49977152690301396,1.0,0.0,1.0,0.23809523809523808,0,0.0,0.8000000000000002,0.34523809523809534,0.3500000000000002,0.061559841179807145,4,
440,15,0.6440364210831414,-4.324999999999999,0.499296380351443,2.0,0.0,1.0,0.3958333333333333,0,0.0,0.8000000000000002,0.3583333333333335,0.40000000000000013,0.05870603560573165,4,
441,80,0.6433927065729562,-0.5749999999999964,0.4980131231240478,2.0,0.0,12.0,4.909677419354839,0,0.04516129032258064,1.6999999999999997,0.6954838709677417,0.699999999999999,0.14211455211455187,4,
442,21,0.6427496354555312,-4.175,0.4974534783280324,2.0,1.0,2.0,0.7962962962962963,0,0.0,1.2,0.4685185185185186,0.5000000000000001,0.10367409948542021,4,
443,32,0.6421072070877952,-3.6750000000000003,0.4967699440211127,2.0,0.0,4.0,1.8051948051948052,0,0.5064935064935064,1.4999999999999996,0.5935064935064933,0.6,0.15232118758434537,4,
444,9,0.6414654208273198,-5.300000000000001,0.49647826649150917,1.0,0.0,0.0,0.0,0,0.0,0.7000000000000001,0.3111111111111112,0.30000000000000016,0.058810810810810805,4,
445,39,0.6408242760323187,-3.299999999999999,0.4956367153110771,1.0,0.0,5.0,1.711111111111111,0,0.07777777777777778,1.1,0.44111111111111134,0.45000000000000034,0.07731942215088283,4,
446,33,0.6401837720616471,-4.0,0.49496250465106856,1.0,0.0,4.0,1.2916666666666667,0,0.0,0.9,0.3555555555555558,0.40000000000000013,0.055535404206058264,4,
447,33,0.6395439082748009,-4.15,0.4943548677709358,2.0,0.0,4.0,1.3181818181818181,0,0.3181818181818182,1.2,0.42878787878787894,0.4000000000000002,0.0972238805970149,4,
448,63,0.6389046840319162,-2.299999999999998,0.493517304645437,1.0,0.0,9.0,3.176470588235294,0,0.0,1.2,0.45392156862745126,0.5,0.08111986926848024,4,
449,27,0.6382660986937688,-3.6,0.49284214206282756,2.0,0.0,3.0,1.267605633802817,0,0.323943661971831,1.5,0.504225352112676,0.5000000000000001,0.1162023809523809,4,
450,27,0.6376281516217733,-4.449999999999999,0.49232110487629377,1.0,0.0,3.0,1.0333333333333334,0,0.11666666666666667,1.1,0.4466666666666669,0.4500000000000002,0.0925145873853848,4,
451,26,0.6369908421779825,-4.375,0.49172626844532563,1.0,0.0,3.0,1.2153846153846153,0,0.0,1.2999999999999998,0.5553846153846154,0.6000000000000001,0.1228077651515151,4,
452,21,0.6363541697250871,-4.75,0.49115281231321717,1.0,0.0,2.0,1.0,0,0.11864406779661017,1.2999999999999998,0.5050847457627119,0.5000000000000001,0.11509195402298845,4,
453,21,0.6357181336264143,-4.225,0.490580346760066,1.0,0.0,2.0,0.7333333333333333,0,0.0,1.0,0.38666666666666677,0.40000000000000013,0.07250903028619059,4,
454,27,0.6350827332459281,-3.9250000000000003,0.4899612824290758,1.0,1.0,3.0,1.1666666666666667,0,0.1111111111111111,1.2,0.43055555555555575,0.4000000000000002,0.09325101292687629,4,
455,44,0.6344479679482282,-3.824999999999999,0.4893425995380462,1.0,0.0,6.0,2.352112676056338,0,0.0,1.4999999999999993,0.6309859154929575,0.6000000000000001,0.1632976190476189,4,
456,39,0.633813837098549,-3.5749999999999993,0.4887372392010959,1.0,0.0,5.0,1.6944444444444444,0,0.4305555555555556,1.0000000000000002,0.4472222222222224,0.5000000000000001,0.07861856067914333,4,
457,26,0.6331803400627598,-4.15,0.4881771831401716,1.0,1.0,3.0,1.1846153846153846,0,0.0,1.2,0.4815384615384616,0.4999999999999999,0.1033759469696969,4,
458,21,0.6325474762073634,-4.65,0.4876803789503611,1.0,0.0,2.0,0.6666666666666666,0,0.0,0.9,0.39074074074074083,0.40000000000000013,0.06382504288164664,4,
459,21,0.6319152448994959,-4.2749999999999995,0.48715845260727014,1.0,0.0,2.0,0.85,0,0.0,1.1,0.4566666666666668,0.5000000000000001,0.09148096693525977,4,
460,81,0.631283645506926,-1.9499999999999966,0.4862171995772405,2.0,0.0,12.0,4.728070175438597,0,0.0,1.3,0.542982456140351,0.5000000000000002,0.10965217391304342,4,
461,56,0.6306526773980542,-3.2499999999999987,0.4854033413997402,2.0,0.0,8.0,2.9157894736842107,0,0.7052631578947368,1.4999999999999998,0.5726315789473684,0.6,0.13379210992907795,4,
462,56,0.6300223399419123,-2.3249999999999997,0.4846765496795494,1.0,0.0,8.0,2.9368421052631577,0,0.07368421052631578,1.5,0.5473684210526316,0.5000000000000003,0.11155806737588647,4,
463,27,0.6293926325081629,-4.275,0.4840154374629879,1.0,0.0,3.0,0.9545454545454546,0,0.0,1.0,0.37424242424242443,0.40000000000000013,0.06283582089552237,4,
464,15,0.6287635544670984,-4.75,0.4835610056631438,1.0,0.0,1.0,0.4444444444444444,0,0.0,0.7000000000000001,0.32407407407407424,0.30000000000000027,0.049252144082332756,4,
465,33,0.6281351051896408,-2.474999999999999,0.4827624791245356,2.0,0.0,4.0,1.7916666666666667,0,0.6458333333333334,1.2000000000000002,0.5354166666666668,0.55,0.09521432447097121,4,
466,86,0.6275072840473407,-0.049999999999997935,0.4812642454115188,2.0,0.0,13.0,4.708074534161491,0,0.055900621118012424,1.6999999999999984,0.6453416149068318,0.6000000000000001,0.1529189814814812,4,
467,45,0.626880090412377,-3.2749999999999995,0.48055842415791794,1.0,0.0,6.0,2.0714285714285716,0,0.0,1.0,0.4333333333333335,0.45000000000000023,0.061278525868178585,4,
468,86,0.6262535236575559,-1.7999999999999954,0.4794645454248809,2.0,0.0,13.0,5.2700729927007295,0,0.7737226277372263,1.9999999999999973,0.8635036496350352,0.8999999999999977,0.26393755328218194,4,
469,15,0.6256275831563107,-5.174999999999999,0.4790943344097135,1.0,0.0,1.0,0.16666666666666666,0,0.0,0.7000000000000001,0.3023809523809525,0.30000000000000016,0.055025524673851384,4,
470,15,0.6250022682827008,-4.625,0.4787368069416195,1.0,0.0,1.0,0.375,0,0.0,0.8000000000000002,0.3458333333333335,0.3500000000000002,0.05750759878419453,4,
471,128,0.6243775784114112,0.8249999999999988,0.477570359396017,1.0,0.0,20.0,7.982658959537572,0,0.6936416184971098,1.5,0.6109826589595373,0.5999999999999993,0.12340951617214638,4,
472,62,0.623753512917752,-2.999999999999998,0.47689189079450633,1.0,0.0,9.0,3.797752808988764,0,0.0,1.7999999999999985,0.7359550561797749,0.7000000000000001,0.20929545454545417,4,
473,57,0.6231300711776578,-2.0999999999999988,0.4761054909833073,1.0,0.0,8.0,2.8518518518518516,0,0.6203703703703703,1.1,0.4814814814814818,0.5000000000000002,0.07447826459744489,4,
474,93,0.6225072525676867,-1.3249999999999977,0.4750106007903971,1.0,0.0,14.0,5.650793650793651,0,0.1111111111111111,1.4,0.5579365079365078,0.5999999999999998,0.09577637795275587,4,
475,39,0.62188505646502,-2.1249999999999982,0.4741317137959919,1.0,0.0,5.0,2.25,0,0.3148148148148148,1.1000000000000003,0.45370370370370394,0.5000000000000001,0.06601046043042098,4,
476,27,0.6212634822474616,-3.5749999999999993,0.47354929524871137,1.0,0.0,3.0,1.4166666666666667,0,0.20833333333333334,1.1,0.4805555555555557,0.5000000000000001,0.08769438549102834,4,
477,45,0.6206425292934373,-3.2249999999999996,0.4729249058920941,2.0,0.0,6.0,1.9404761904761905,0,0.09523809523809523,1.0,0.3976190476190478,0.4000000000000002,0.05524025513819985,4,
478,116,0.6200221969819939,0.025000000000000355,0.4717122165116727,3.0,0.0,18.0,7.490322580645161,0,0.0,1.7999999999999994,0.7109677419354834,0.6999999999999988,0.17453213453213434,4,
479,50,0.6194024846927992,-2.3499999999999988,0.47086800267673323,2.0,0.0,7.0,2.765957446808511,0,0.13829787234042554,1.4999999999999996,0.6361702127659571,0.6000000000000001,0.15636898698358792,4,
480,110,0.6187833918061408,-0.05000000000000293,0.4695983816506799,2.0,0.0,17.0,6.559006211180124,0,0.6583850931677019,1.6999999999999997,0.6304347826086957,0.6000000000000002,0.13019675925925916,4,
481,33,0.6181649177029258,-3.575,0.4689999638235631,1.0,0.0,4.0,1.5476190476190477,0,0.15476190476190477,1.1,0.4190476190476192,0.40000000000000024,0.07774344436569805,4,
482,50,0.61754706176468,-0.874999999999998,0.4677404667343054,1.0,1.0,7.0,3.0671140939597317,0,0.697986577181208,1.2999999999999998,0.48791946308724843,0.5000000000000001,0.08549549549549544,4,
483,27,0.6169298233735474,-2.9000000000000004,0.4670780067259787,1.0,0.0,3.0,1.625,0,0.5833333333333334,1.1,0.47291666666666693,0.5000000000000002,0.07073250135648397,4,
484,69,0.6163132019122897,-1.6249999999999984,0.46614540728361,2.0,1.0,10.0,3.626984126984127,0,0.12698412698412698,1.4,0.5436507936507936,0.5000000000000001,0.11722897637795271,4,
485,38,0.6156971967642851,-3.2749999999999986,0.4654681795783397,2.0,0.0,5.0,1.9550561797752808,0,0.48314606741573035,1.6,0.6146067415730336,0.6,0.1709318181818181,4,
486,56,0.6150818073135287,-2.549999999999998,0.4647317377731043,1.0,1.0,8.0,2.9813084112149535,0,0.5887850467289719,1.4999999999999998,0.6261682242990653,0.6000000000000003,0.1301677148846959,4,
487,86,0.6144670329446308,-2.374999999999996,0.46396553265513746,1.0,1.0,13.0,5.991150442477876,0,0.07079646017699115,1.9999999999999964,0.9672566371681397,1.0999999999999983,0.33267073934837055,4,
488,21,0.6138528730428171,-4.0,0.4634528376087733,2.0,0.0,2.0,0.65,0,0.0,0.8000000000000002,0.33666666666666684,0.30000000000000027,0.05467074187274243,4,
489,21,0.6132393269939275,-4.475,0.4630168827015114,1.0,0.0,2.0,0.75,0,0.31666666666666665,1.1,0.39666666666666683,0.40000000000000013,0.07667685468185605,4,
490,39,0.6126263941844161,-3.3249999999999993,0.4623957469230382,1.0,0.0,5.0,1.7261904761904763,0,0.0,1.1,0.44047619047619063,0.45000000000000023,0.07789652728561301,4,
491,27,0.6120140740013499,-3.5000000000000004,0.461730555386602,1.0,0.0,3.0,1.4337349397590362,0,0.0,1.2999999999999998,0.4530120481927712,0.40000000000000036,0.09889082462253189,4,
492,74,0.6114023658324087,-2.0249999999999977,0.46095814834803883,2.0,0.0,11.0,4.185840707964601,0,0.061946902654867256,1.5,0.6061946902654866,0.6000000000000001,0.12767073934837087,4,
493,45,0.6107912690658842,-2.9,0.46025248526937873,2.0,0.0,6.0,1.9895833333333333,0,0.5,1.1,0.4291666666666669,0.40000000000000047,0.07269886055344545,4,
494,27,0.6101807830906798,-4.0,0.45970805023628447,1.0,0.0,3.0,1.0303030303030303,0,0.21212121212121213,1.2000000000000002,0.41969696969696985,0.40000000000000024,0.08129735935706084,4,
495,63,0.6095709072963093,-0.2749999999999968,0.45860913971828277,1.0,0.0,9.0,4.019230769230769,0,0.0,1.1000000000000005,0.47564102564102595,0.5000000000000002,0.06710170536264637,4,
496,45,0.6089616410728969,-3.6749999999999985,0.4581575476102967,2.0,0.0,6.0,2.1904761904761907,0,1.0238095238095237,1.2000000000000002,0.5047619047619049,0.5000000000000001,0.10427781715095676,4,
497,74,0.6083529838111763,-2.6249999999999964,0.4575637209497512,1.0,0.0,11.0,4.524752475247524,0,0.0,1.2999999999999998,0.6366336633663365,0.7,0.10450980392156861,4,
498,21,0.6077449349024902,-4.6,0.45718598708765257,1.0,0.0,2.0,0.6111111111111112,0,0.0,0.9,0.3574074074074075,0.40000000000000013,0.06209605488850772,4,
499,194,0.6071374937387897,2.72499999999999,0.4558945880836921,2.0,0.0,31.0,13.810572687224669,0,0.0,1.6999999999999997,0.6625550660792949,0.6000000000000003,0.1199658438130724,4,
500,27,0.6065306597126334,-4.05,0.45554655129503296,1.0,0.0,3.0,1.0,0,0.0,0.9,0.3469696969696971,0.3500000000000002,0.0606865671641791,4,
501,81,0.6059244322171875,-1.149999999999998,0.45463273809694804,2.0,0.0,12.0,4.465648854961832,0,0.09923664122137404,1.4,0.5526717557251911,0.5999999999999998,0.09669696969696966,4,
502,62,0.6053188106462243,-1.7749999999999972,0.4538029408819303,1.0,0.0,9.0,3.488,0,0.448,1.4999999999999993,0.5768,0.5999999999999991,0.12947004608294915,4,
503,33,0.6047137943941221,-3.074999999999999,0.45318848130140055,2.0,0.0,4.0,1.6,0,0.24444444444444444,1.1,0.41444444444444467,0.40000000000000024,0.06813310285220397,4,
504,15,0.6041093828558647,-4.75,0.4528760101279623,1.0,0.0,1.0,0.4375,0,0.0,0.9,0.38333333333333347,0.40000000000000013,0.06766825879287884,4,
505,56,0.6035055754270405,-1.9999999999999973,0.45211125747360453,1.0,0.0,8.0,3.016949152542373,0,0.6864406779661016,1.4,0.659322033898305,0.6999999999999997,0.1173367808661926,4,
506,38,0.6029023715038421,-3.399999999999999,0.451638394412303,2.0,0.0,5.0,1.7792207792207793,0,0.0,1.2999999999999998,0.49220779220779226,0.5000000000000001,0.09086369770580292,4,
507,104,0.6022997704830654,-0.6499999999999964,0.45049356432838306,2.0,0.0,16.0,6.890510948905109,0,0.051094890510948905,1.5,0.7978102189781011,0.7999999999999997,0.15409100596760414,4,
508,27,0.6016977717621094,-3.875000000000001,0.4500357343099578,2.0,1.0,3.0,1.0166666666666666,0,0.6166666666666667,1.2000000000000002,0.4366666666666668,0.4000000000000002,0.09534870797443734,4,
509,27,0.6010963747389753,-3.4250000000000003,0.44949245879787825,2.0,0.0,3.0,1.2857142857142858,0,0.0,1.0,0.4333333333333335,0.45000000000000023,0.07413749114103471,4,
510,15,0.6004955788122659,-4.5249999999999995,0.44911485515500726,1.0,0.0,1.0,0.42592592592592593,0,0.0,0.7000000000000001,0.3129629629629631,0.30000000000000016,0.049663807890222976,4,
511,15,0.5998953833811855,-5.0,0.4488648469108667,3.0,0.0,1.0,0.19047619047619047,0,0.0,0.7000000000000001,0.31666666666666676,0.30000000000000016,0.05475326148610323,4,
512,27,0.5992957878455384,-3.375,0.4483379337405135,2.0,0.0,3.0,1.1923076923076923,0,0.20512820512820512,1.1,0.4320512820512822,0.40000000000000036,0.07603649515041917,4,
513,45,0.5986967916057292,-2.425,0.4477372586559974,1.0,0.0,6.0,2.1145833333333335,0,0.0,1.1,0.42916666666666686,0.4000000000000004,0.06769831795984804,4,
514,62,0.5980983940627613,-3.0999999999999974,0.4471598272155085,1.0,0.0,9.0,3.7191011235955056,0,0.0,1.499999999999999,0.6887640449438199,0.7000000000000001,0.15247727272727254,4,
515,45,0.5975005946182375,-3.125,0.44662629746778265,1.0,0.0,6.0,2.3333333333333335,0,0.19791666666666666,1.5,0.5604166666666667,0.5999999999999999,0.12032121540965812,4,
516,63,0.596903392674358,-1.824999999999998,0.4459278380855045,1.0,0.0,9.0,3.091666666666667,0,0.0,1.0,0.49333333333333346,0.5000000000000001,0.06746024029446487,4,
517,117,0.596306787633921,3.6750000000000007,0.4441053305599487,2.0,0.0,18.0,6.284552845528455,0,0.9308943089430894,1.5,0.5784552845528457,0.6000000000000001,0.09421217879864492,4,
518,122,0.5957107789003212,0.1250000000000031,0.44324156155909006,2.0,0.0,19.0,8.083832335329342,0,0.12574850299401197,2.499999999999997,0.9221556886227529,0.8999999999999992,0.3248501147446923,4,
519,98,0.5951153658775501,-0.5999999999999961,0.44227491699518723,1.0,0.0,15.0,5.630872483221476,0,0.0,1.4999999999999998,0.608724832214765,0.6000000000000001,0.11409009009009001,4,
520,56,0.5945205479701944,-2.474999999999999,0.44164627796947586,1.0,0.0,8.0,2.8947368421052633,0,0.0,1.4,0.56,0.5000000000000002,0.1240979609929077,4,
521,32,0.5939263245834361,-4.1,0.44118226541565786,2.0,0.0,4.0,1.4,0,0.12307692307692308,1.4,0.5092307692307693,0.4999999999999999,0.1276373106060605,4,
522,27,0.593332695123052,-4.375,0.4407374357677182,1.0,0.0,3.0,1.0303030303030303,0,0.0,1.1,0.41969696969696985,0.4000000000000002,0.09220895522388056,4,
523,39,0.5927396589954125,-3.6999999999999993,0.4401602608322751,2.0,0.0,5.0,1.880952380952381,0,0.0,1.5,0.5333333333333333,0.5000000000000001,0.1274783841247342,4,
524,45,0.5921472156074813,-3.749999999999999,0.43976401824908995,2.0,0.0,6.0,2.0416666666666665,0,0.0,1.0,0.4055555555555557,0.4000000000000003,0.07081612965464017,4,
525,134,0.5915553643668151,2.8749999999999942,0.4386144789521343,2.0,0.0,21.0,7.902325581395349,0,0.20465116279069767,2.099999999999997,0.7916279069767433,0.7000000000000001,0.24356308411214872,4,
526,50,0.5909641046815626,-2.924999999999998,0.43801049951573445,2.0,0.0,7.0,2.568421052631579,0,0.47368421052631576,1.5999999999999996,0.5852631578947366,0.6,0.14064051418439708,4,
527,99,0.5903734359604639,-0.9249999999999963,0.43715710810362274,2.0,0.0,15.0,5.902777777777778,0,0.04861111111111111,1.7000000000000006,0.5819444444444448,0.6000000000000001,0.11315167591029661,4,
528,21,0.5897833576128504,-4.6000000000000005,0.4367578230513931,1.0,1.0,2.0,1.0,0,0.13559322033898305,1.7000000000000002,0.5050847457627119,0.40000000000000024,0.1842643678160919,4,
529,21,0.5891938690486437,-4.199999999999999,0.43646780778420036,2.0,0.0,2.0,0.7222222222222222,0,0.0,1.1,0.4240740740740742,0.4000000000000002,0.09000686106346482,4,
530,63,0.5886049696783552,-0.624999999999998,0.43564322448416337,2.0,0.0,9.0,3.9133333333333336,0,1.1066666666666667,1.2999999999999998,0.5206666666666668,0.5000000000000004,0.07830970265345122,4,
531,51,0.5880166589130854,-1.649999999999999,0.4348065147915687,2.0,0.0,7.0,2.6746031746031744,0,0.7222222222222222,1.2000000000000004,0.5722222222222224,0.6000000000000001,0.0986790551181102,4,
532,116,0.5874289361645234,0.12500000000000133,0.43381821107232993,2.0,0.0,18.0,7.204819277108434,0,0.9156626506024096,1.6999999999999993,0.7253012048192764,0.7,0.14442533115587,4,
533,21,0.5868418008449466,-4.375,0.43342731174710875,1.0,0.0,2.0,0.7333333333333333,0,0.35,1.1,0.3866666666666669,0.40000000000000013,0.0725090302861906,4,
534,68,0.5862552523672196,-2.4999999999999982,0.43291092537592235,1.0,0.0,10.0,4.11214953271028,0,0.8317757009345794,1.7999999999999985,0.7775700934579431,0.7999999999999979,0.19689727463312348,4,
535,146,0.5856692901447937,0.9249999999999932,0.43204890021863385,2.0,0.0,23.0,9.983783783783784,0,0.0,1.799999999999999,0.8372972972972957,0.7999999999999979,0.25780563347358504,4,
536,15,0.5850839135917069,-5.05,0.4317930568304219,1.0,0.0,1.0,0.375,0,0.0,0.7000000000000002,0.3458333333333335,0.3500000000000002,0.05500651324359531,4,
537,134,0.5844991221225824,1.2749999999999966,0.43055527828642554,2.0,1.0,21.0,8.767567567567568,0,0.03783783783783784,2.0999999999999974,0.8989189189189172,0.8999999999999988,0.19622078073866253,4,
538,50,0.5839149151526287,-1.8749999999999991,0.42985977497335126,1.0,0.0,7.0,2.831932773109244,0,1.7142857142857142,1.5,0.6638655462184873,0.6999999999999993,0.14198163841807904,4,
539,50,0.5833312920976388,-1.9499999999999986,0.4291050064190325,2.0,0.0,7.0,2.728,0,0.688,1.7999999999999994,0.6296,0.6000000000000001,0.17425499231950833,4,
540,27,0.5827482523739896,-3.1750000000000007,0.42856525380548877,2.0,0.0,3.0,1.8105263157894738,0,0.3157894736842105,1.9,0.5978947368421051,0.6000000000000001,0.17369902482269495,4,
541,69,0.5821657953986414,-0.17499999999999583,0.4276732341873565,2.0,0.0,10.0,4.850931677018633,0,1.0248447204968945,1.5,0.6527950310559008,0.6000000000000003,0.146224537037037,4,
542,27,0.5815839205891371,-3.1499999999999995,0.4272150144076141,2.0,0.0,3.0,1.2142857142857142,0,0.2261904761904762,1.1,0.3904761904761907,0.4000000000000002,0.06658540042523031,4,
543,69,0.5810026273636019,-1.1499999999999972,0.4265885724945636,2.0,0.0,10.0,3.537878787878788,0,0.12878787878787878,1.1,0.5439393939393941,0.6000000000000001,0.0832256213051713,4,
544,57,0.5804219151407424,-1.5999999999999988,0.42585768483777314,1.0,0.0,8.0,2.808333333333333,0,0.5166666666666667,1.2000000000000002,0.5033333333333335,0.5000000000000001,0.08849503437738727,4,
545,75,0.5798417833398464,0.5750000000000038,0.4249645243475536,2.0,0.0,11.0,4.454022988505747,0,0.0,1.1000000000000003,0.4764367816091957,0.5000000000000002,0.06272270850536746,4,
546,33,0.579262231380782,-3.3499999999999996,0.42443675878932263,2.0,0.0,4.0,1.4404761904761905,0,0.0,1.2,0.44047619047619063,0.40000000000000024,0.08218284904323173,4,
547,122,0.5786832586839974,0.2749999999999997,0.42357975063027786,1.0,0.0,19.0,7.826347305389222,0,0.0,1.9999999999999991,0.767664670658682,0.7000000000000001,0.18207472748135373,4,
548,39,0.5781048646705196,-2.675,0.4230904947148495,2.0,0.0,5.0,1.9325842696629214,0,0.5617977528089888,1.4,0.5404494382022473,0.5000000000000002,0.11231060606060601,4,
549,44,0.5775270487619547,-3.6499999999999995,0.4226135130486728,1.0,0.0,6.0,2.1686746987951806,0,0.0963855421686747,1.2999999999999998,0.5253012048192771,0.5000000000000001,0.10335075493612075,4,
550,33,0.5769498103804866,-3.3999999999999995,0.42218711754253957,2.0,0.0,4.0,1.880952380952381,0,0.0,1.3000000000000003,0.4904761904761906,0.5000000000000001,0.09563713678242382,4,
551,15,0.5763731489488771,-5.275,0.4219870041956806,1.0,0.0,1.0,0.16666666666666666,0,0.0,0.7000000000000001,0.3023809523809525,0.30000000000000016,0.055025524673851384,4,
552,27,0.5757970638904645,-3.925,0.42164835454619665,3.0,0.0,3.0,0.9166666666666666,0,0.0,0.9000000000000002,0.37666666666666687,0.40000000000000013,0.062139483189774934,4,
553,33,0.5752215546291638,-3.3249999999999993,0.42124605672440596,1.0,0.0,4.0,1.7261904761904763,0,1.2976190476190477,1.3,0.5261904761904763,0.5000000000000001,0.1279036144578313,4,
554,56,0.5746466205894657,-2.199999999999998,0.42074336983177035,2.0,1.0,8.0,3.2452830188679247,0,0.37735849056603776,1.4,0.6603773584905659,0.6999999999999997,0.12051624388072982,4,
555,39,0.574072261196436,-3.6500000000000004,0.4203611085594555,1.0,0.0,5.0,2.4,0,0.9052631578947369,2.1,0.6926315789473683,0.6000000000000001,0.22702349290780136,4,
556,80,0.5734984758757153,-0.5999999999999963,0.41950083404391153,2.0,0.0,12.0,5.240259740259741,0,0.974025974025974,2.2,0.9064935064935057,0.8999999999999978,0.2367210626185957,4,
557,33,0.5729252640535184,-2.85,0.4191088819084613,1.0,0.0,4.0,1.6071428571428572,0,0.23809523809523808,1.1,0.4547619047619049,0.5000000000000001,0.08653720765414596,4,
558,51,0.5723526251566332,-2.374999999999999,0.41860801629490374,1.0,0.0,7.0,2.2549019607843137,0,0.13725490196078433,1.0000000000000004,0.3950980392156865,0.4000000000000002,0.06282514659232913,4,
559,38,0.5717805586124209,-4.374999999999999,0.4182567519710959,1.0,0.0,5.0,2.1971830985915495,0,0.7183098591549296,1.9,0.7830985915492953,0.7000000000000001,0.3200595238095235,4,
560,80,0.5712090638488149,0.10000000000000364,0.4174259194123101,2.0,1.0,12.0,4.6894409937888195,0,0.9503105590062112,1.5,0.6080745341614906,0.6000000000000001,0.11018749999999997,4,
561,63,0.5706381402943203,-2.4999999999999982,0.416875190877278,1.0,0.0,9.0,3.372549019607843,0,0.06862745098039216,1.2,0.5362745098039217,0.6000000000000001,0.0889868307219071,4,
562,27,0.5700677873780134,-4.324999999999999,0.4164957201101169,1.0,0.0,3.0,0.9393939393939394,0,0.19696969696969696,1.1,0.36515151515151534,0.3500000000000002,0.07137772675086106,4,
563,98,0.5694980045295416,-1.2249999999999996,0.4159405958912491,2.0,0.0,15.0,6.2748091603053435,0,0.0,1.5999999999999996,0.7038167938931291,0.7000000000000001,0.15869696969696942,4,
564,56,0.5689287911791218,-1.9249999999999972,0.41531827120231624,2.0,0.0,8.0,3.4838709677419355,0,0.9838709677419355,1.7999999999999998,0.6733870967741934,0.6000000000000001,0.16728650406504061,4,
565,51,0.5683601467575404,-2.6999999999999993,0.4147985258251943,2.0,0.0,7.0,2.3229166666666665,0,0.5,1.1,0.4041666666666669,0.4000000000000002,0.06978187737384696,4,
566,68,0.5677920706961532,-1.5249999999999981,0.41424633664976573,2.0,0.0,10.0,3.8983050847457625,0,0.059322033898305086,1.8999999999999995,0.7152542372881351,0.6999999999999998,0.18588235294117633,4,
567,69,0.5672245624268841,-1.9749999999999979,0.4135668445054283,1.0,0.0,10.0,3.56140350877193,0,0.0,1.1,0.474561403508772,0.5000000000000001,0.07927125817622162,4,
568,93,0.5666576213822246,-1.1749999999999967,0.41301858012679915,1.0,0.0,14.0,5.371212121212121,0,0.05303030303030303,1.2000000000000002,0.4984848484848486,0.5000000000000001,0.08697239281409629,4,
569,27,0.5660912469952337,-3.174999999999999,0.4125615991384725,2.0,0.0,3.0,1.78125,0,0.90625,1.2,0.5666666666666668,0.6000000000000001,0.09577428106348342,4,
570,21,0.5655254386995371,-4.325,0.4122591725129749,1.0,0.0,2.0,0.6833333333333333,0,0.0,0.9,0.3566666666666668,0.40000000000000013,0.05880522367324256,4,
571,117,0.5649601959293262,-0.19999999999999973,0.4116171019602262,2.0,0.0,18.0,7.282051282051282,0,0.0,1.5,0.5410256410256411,0.5000000000000003,0.09524388740497222,4,
572,33,0.5643955181193583,-3.5000000000000004,0.41126014800643945,1.0,0.0,4.0,1.3461538461538463,0,0.0,1.1,0.43205128205128224,0.4000000000000006,0.07295906625020546,4,
573,74,0.5638314047049556,-2.1999999999999966,0.4107420365813026,2.0,0.0,11.0,4.3097345132743365,0,0.0,1.5999999999999996,0.6805309734513272,0.6999999999999997,0.1435260025062655,4,
574,27,0.5632678551220046,-3.1750000000000003,0.41033790714685353,1.0,0.0,3.0,1.3928571428571428,0,0.0,0.9,0.4119047619047621,0.40000000000000024,0.05653295535081501,4,
575,183,0.5627048688069557,2.749999999999994,0.4090090964930803,2.0,0.0,29.0,12.594594594594595,0,0.0,1.6000000000000005,0.6463963963963963,0.6000000000000003,0.11284966418440431,4,
576,33,0.5621424451968224,-3.6999999999999997,0.4087455744438611,2.0,0.0,4.0,1.4090909090909092,0,0.0,1.1,0.48333333333333345,0.5000000000000001,0.08565097588978184,4,
577,200,0.5615805837291813,8.124999999999986,0.4071681832318399,2.0,0.0,33.0,12.836298932384341,0.6309523809523809,0.11387900355871886,1.799999999999999,0.7028469750889671,0.6999999999999972,0.15024290780141794,3,
578,57,0.5610192838421706,-0.9249999999999985,0.40664273070851126,2.0,0.0,8.0,2.8666666666666667,0,0.425,1.1,0.5383333333333334,0.6000000000000001,0.08503646086533787,4,
579,56,0.5604585449744904,-2.0499999999999976,0.4061510345124624,2.0,0.0,8.0,3.0707964601769913,0,0.3274336283185841,1.3999999999999995,0.6539823008849556,0.7,0.11842261904761894,4,
580,62,0.559898366565402,-2.5249999999999977,0.4057442766244396,1.0,0.0,9.0,3.4356435643564356,0,0.0,1.6999999999999997,0.6128712871287125,0.5999999999999993,0.14727450980392143,4,
581,116,0.5593387480547268,0.5750000000000028,0.4049462607821325,2.0,0.0,18.0,7.046242774566474,0,0.05202312138728324,1.6999999999999993,0.6872832369942192,0.6999999999999986,0.1374151296444799,4,
582,81,0.5587796888828463,-1.849999999999997,0.4044205827007065,2.0,0.0,12.0,4.87037037037037,0,0.0,1.2,0.525925925925926,0.5000000000000002,0.08081625653776899,4,
583,158,0.5582211884907012,2.0999999999999956,0.40359117921363324,2.0,0.0,25.0,10.68472906403941,0,0.15763546798029557,2.099999999999999,0.829556650246304,0.7999999999999984,0.18849058435255264,4,
584,200,0.5576632463197913,8.349999999999982,0.4026416878945682,1.0,0.0,34.0,13.127272727272727,0.6309523809523809,1.2327272727272727,2.499999999999994,0.8916363636363621,0.8000000000000005,0.24091505342219235,3,
585,39,0.5571058618121739,-3.0999999999999996,0.4021175326919932,1.0,1.0,5.0,1.6333333333333333,0,0.0,1.2,0.39444444444444465,0.40000000000000013,0.06964440054327692,4,
586,33,0.5565490344104649,-2.4499999999999997,0.4017236878614131,2.0,0.0,4.0,1.8202247191011236,0,0.42696629213483145,1.2999999999999998,0.4865168539325843,0.5000000000000001,0.10432575757575754,4,
587,80,0.5559927635578367,-1.3749999999999964,0.401152803466784,2.0,0.0,12.0,4.656,0,0.536,1.799999999999999,0.6871999999999996,0.6000000000000001,0.1992089093701994,4,
588,164,0.5554370486980182,3.0249999999999924,0.40018704897811963,2.0,0.0,26.0,10.004291845493562,0,0.0815450643776824,1.4,0.605579399141631,0.6000000000000001,0.0931465517241379,4,
589,200,0.5548818892752949,6.974999999999992,0.39902899056618535,3.0,0.0,33.0,13.733067729083665,0.6824324324324325,0.0,2.1999999999999984,0.8167330677290819,0.7000000000000002,0.20625714285714258,3,
590,128,0.5543272847345071,0.5499999999999969,0.3981125870197946,2.0,0.0,20.0,8.273743016759777,0,0.2011173184357542,1.7999999999999967,0.8502793296089369,0.8999999999999984,0.20194756554307045,4,
591,33,0.5537732345210501,-2.95,0.3976733919586353,2.0,0.0,4.0,1.6666666666666667,0,0.25555555555555554,1.3000000000000003,0.4944444444444446,0.5000000000000001,0.10742684282010123,4,
592,63,0.5532197380808739,0.025000000000002576,0.39700196631981716,2.0,0.0,9.0,3.946107784431138,0,1.0598802395209581,1.3000000000000003,0.5988023952095808,0.6000000000000001,0.10383462421113018,4,
593,51,0.5526667948604818,-3.3749999999999987,0.3966578252782438,2.0,0.0,7.0,2.5357142857142856,0,0.0,1.2000000000000004,0.49761904761904785,0.5000000000000002,0.08714953933380583,4,
594,27,0.5521144043069306,-3.7250000000000005,0.3963372088619651,1.0,0.0,3.0,1.4285714285714286,0,0.24675324675324675,1.4,0.5000000000000001,0.5000000000000001,0.11274628879892032,4,
595,38,0.5515625658678298,-3.625,0.39595595773144665,2.0,0.0,5.0,1.943661971830986,0,0.11267605633802817,1.9999999999999996,0.6309859154929575,0.5000000000000001,0.26810714285714266,4,
596,62,0.5510112789913407,-2.3249999999999993,0.39549777311916406,2.0,0.0,9.0,3.424778761061947,0,0.21238938053097345,1.4999999999999996,0.6805309734513274,0.7000000000000001,0.15202224310776938,4,
597,87,0.5504605431261766,-1.3499999999999974,0.3949969788253762,2.0,0.0,13.0,4.856060606060606,0,0.0,1.2000000000000002,0.5166666666666667,0.5000000000000002,0.09306089651609938,4,
598,56,0.5499103577216016,-1.5499999999999976,0.3944543267674889,1.0,0.0,8.0,2.944,0,0.264,1.4,0.5912000000000002,0.6000000000000001,0.09920890937019966,4,
599,27,0.54936072222743,-3.7249999999999996,0.3941468398726746,1.0,0.0,3.0,1.1527777777777777,0,0.0,1.1,0.42222222222222233,0.40000000000000024,0.07035307736831949,4,
600,33,0.5488116360940264,-3.75,0.3938486660465613,2.0,0.0,4.0,1.6025641025641026,0,0.0,1.2000000000000002,0.4474358974358976,0.45000000000000034,0.08096827223409502,4,
601,62,0.5482630987723047,-1.0249999999999986,0.3932682113025277,2.0,0.0,9.0,3.6259541984732824,0,0.3053435114503817,1.3999999999999995,0.6809160305343508,0.7000000000000001,0.13178088578088554,4,
602,44,0.5477151097137275,-3.5,0.3929435099649261,1.0,0.0,6.0,2.1686746987951806,0,0.3373493975903614,1.2999999999999998,0.5686746987951807,0.6,0.12385598141695697,4,
603,92,0.5471676683703055,0.1500000000000027,0.3921426198940933,2.0,0.0,14.0,5.229813664596273,0,1.4223602484472049,1.8999999999999995,0.671428571428571,0.6000000000000002,0.16179861111111093,4,
604,74,0.5466207741945976,-1.7249999999999992,0.39174666921360657,2.0,0.0,11.0,4.285714285714286,0,0.19327731092436976,1.6999999999999997,0.7092436974789911,0.7,0.1694223163841807,4,
605,134,0.5460744266397094,1.999999999999997,0.3908662483789232,1.0,0.0,21.0,8.502463054187192,0,0.8374384236453202,2.199999999999998,0.998029556650244,0.9,0.3428615802756738,4,
606,57,0.5455286251592933,-1.8499999999999988,0.39034207968853324,1.0,0.0,8.0,2.856,0,0.776,1.2999999999999998,0.5144000000000002,0.5000000000000002,0.09867895545314899,4,
607,200,0.544983369207548,7.524999999999982,0.3894989467090906,2.0,0.0,34.0,14.068,0.6346153846153846,0.884,2.199999999999998,1.0071999999999979,0.9999999999999998,0.2295518328293241,3,
608,56,0.5444386582392171,-1.8749999999999982,0.3889814009506406,2.0,1.0,8.0,2.9831932773109244,0,0.5210084033613446,1.4999999999999996,0.5478991596638655,0.5000000000000002,0.1221680790960451,4,
609,44,0.5438944917095899,-3.6999999999999997,0.38861179098950205,1.0,0.0,6.0,2.2337662337662336,0,0.2077922077922078,1.3,0.5857142857142856,0.6000000000000001,0.11163292847503366,4,
610,200,0.5433508690744998,8.674999999999988,0.3874784722396542,2.0,0.0,33.0,12.538461538461538,0.5944444444444444,1.2608695652173914,1.6999999999999993,0.7016722408026752,0.6999999999999992,0.1170219239373601,3,
611,15,0.542807789790324,-4.85,0.3873097904270228,1.0,0.0,1.0,0.2619047619047619,0,0.0,0.9,0.3595238095238097,0.40000000000000013,0.06863868406125921,4,
612,200,0.5422652533139832,8.04999999999999,0.38616308113835035,2.0,0.0,34.0,13.02909090909091,0.6071428571428571,0.8363636363636363,1.9999999999999956,0.8981818181818156,0.8999999999999948,0.18207182904897828,3,
613,39,0.541723259102941,-3.249999999999999,0.38589705790549045,2.0,0.0,5.0,1.7820512820512822,0,0.3974358974358974,1.2,0.46282051282051284,0.5000000000000001,0.09465888541837907,4,
614,140,0.5411818066152029,0.8499999999999952,0.385044973745271,2.0,0.0,22.0,9.675977653631286,0,0.8938547486033519,1.899999999999995,0.9340782122905004,0.9999999999999943,0.21532584269662852,4,
615,200,0.5406408953093166,7.099999999999987,0.3841871417556166,2.0,0.0,34.0,14.167330677290837,0.6973684210526315,0.043824701195219126,2.099999999999997,1.0342629482071681,1.0999999999999945,0.22576190476190303,3,
616,200,0.5401005246443706,9.574999999999992,0.38334191531921585,2.0,0.0,34.0,12.710526315789474,0.5904255319148937,0.6546052631578947,1.9999999999999987,0.8115131578947354,0.7999999999999964,0.16444159497916977,3,
617,27,0.5395606940799943,-4.074999999999999,0.38311578402407453,1.0,0.0,3.0,0.9393939393939394,0,0.0,0.9,0.36515151515151534,0.40000000000000013,0.05682893226176808,4,
618,56,0.539021403076357,-1.375,0.3826418253530376,1.0,0.0,8.0,3.1846153846153844,0,0.23846153846153847,1.4999999999999991,0.6446153846153843,0.6000000000000001,0.13740221314870696,4,
619,200,0.5384826510941678,7.999999999999988,0.3818348660968499,2.0,0.0,35.0,13.361940298507463,0.6190476190476191,0.05970149253731343,2.1999999999999957,0.9899253731343263,1.0,0.2524766439719848,3,
620,44,0.5379444375946745,-2.0499999999999994,0.3814201574593528,1.0,0.0,6.0,2.383177570093458,0,0.06542056074766354,1.2999999999999998,0.5252336448598132,0.5000000000000002,0.09722222222222214,4,
621,39,0.5374067620396636,-1.949999999999999,0.38093006691524656,2.0,0.0,5.0,2.079646017699115,0,0.1504424778761062,1.4,0.5106194690265488,0.5000000000000001,0.10485119047619045,4,
622,140,0.5368696238914595,1.6249999999999982,0.38025619597781646,2.0,0.0,22.0,8.97969543147208,0,0.20304568527918782,2.299999999999998,0.8106598984771564,0.7000000000000001,0.24583178726035834,4,
623,33,0.5363330226129241,-3.4499999999999993,0.379925522247749,1.0,0.0,4.0,1.2564102564102564,0,0.0,1.0000000000000002,0.37820512820512836,0.40000000000000013,0.06427913858293605,4,
624,176,0.535796957667456,3.674999999999991,0.37892853521511033,2.0,0.0,28.0,11.395918367346939,0,0.6653061224489796,2.2999999999999976,0.850204081632652,0.7999999999999999,0.2078095428495263,4,
625,63,0.5352614285189903,-1.4749999999999979,0.3784884875961261,2.0,0.0,9.0,3.3174603174603177,0,0.6507936507936508,1.2000000000000002,0.6150793650793652,0.6000000000000003,0.09636598425196845,4,
626,200,0.5347264346319975,7.1999999999999815,0.37780119525566375,3.0,0.0,34.0,14.827868852459016,0.7094594594594594,0.7745901639344263,2.499999999999994,1.2790983606557331,1.3999999999999944,0.28739581758629135,3,
627,68,0.5341919754714841,-1.9499999999999975,0.37735321903134184,2.0,0.0,10.0,4.150442477876106,0,0.168141592920354,1.7999999999999985,0.8026548672566365,0.7000000000000003,0.23532111528822008,4,
628,158,0.5336580505029906,1.374999999999993,0.3767912266956422,2.0,0.0,25.0,11.303664921465968,0,0.0,2.199999999999998,0.8973821989528781,0.8999999999999948,0.24068037280701682,4,
629,39,0.5331246591925921,-1.4249999999999987,0.3763139211905469,2.0,1.0,5.0,2.7563025210084033,0,1.0,1.7999999999999998,0.66890756302521,0.6000000000000005,0.1624901129943502,4,
630,45,0.5325918010068972,-2.8249999999999993,0.3761022749372313,1.0,0.0,6.0,2.3958333333333335,0,0.4479166666666667,1.1,0.4854166666666669,0.5000000000000002,0.07375366250678242,4,
631,146,0.5320594754130477,2.274999999999993,0.3753946937023018,2.0,0.0,23.0,9.164383561643836,0,1.4977168949771689,2.299999999999999,0.9566210045662084,0.8999999999999988,0.2644708090075058,4,
632,99,0.5315276818787179,1.525000000000007,0.37460475650637726,1.0,0.0,15.0,7.180952380952381,0,0.8714285714285714,1.4,0.629047619047619,0.6000000000000001,0.10863488968003802,4,
633,86,0.5309964198721143,-1.1749999999999958,0.3742092890395292,2.0,0.0,13.0,5.152671755725191,0,0.0,1.6999999999999997,0.7358778625954194,0.7000000000000001,0.14826340326340307,4,
634,33,0.5304656888619749,-3.5499999999999994,0.3739147228032015,2.0,0.0,4.0,1.6233766233766234,0,0.0,1.4,0.4766233766233767,0.4999999999999999,0.09505398110661262,4,
635,140,0.5299354883175685,1.349999999999997,0.3733272429430447,2.0,0.0,22.0,9.295918367346939,0,0.9897959183673469,2.1,1.0229591836734668,1.0999999999999928,0.2738167382532862,4,
636,200,0.5294058177086945,6.774999999999981,0.3726038154941651,3.0,0.0,33.0,14.430327868852459,0.6944444444444444,0.7991803278688525,2.299999999999997,1.0676229508196684,1.0,0.24711161501637594,3,
637,110,0.5288766765056825,2.400000000000005,0.3718152876440941,2.0,0.0,17.0,7.633484162895928,0,1.4389140271493213,1.6999999999999993,0.6004524886877828,0.5999999999999999,0.11497952497952488,4,
638,62,0.528348064179391,-1.6749999999999976,0.371380063330911,2.0,0.0,9.0,3.774193548387097,0,0.11290322580645161,1.6999999999999997,0.7604838709677413,0.7000000000000001,0.19627382113821118,4,
639,200,0.5278199802012077,6.4249999999999865,0.3704279848288004,3.0,0.0,33.0,14.322175732217573,0.7214285714285714,0.0,2.0999999999999965,0.8502092050209183,0.7999999999999999,0.1907041316526606,3,
640,104,0.5272924240430485,-0.9249999999999967,0.3699746540695249,2.0,0.0,16.0,6.91970802919708,0,0.058394160583941604,1.7999999999999998,0.8153284671532834,0.8,0.15824062233589065,4,
641,33,0.5267653951773574,-3.55,0.3696952871948376,1.0,0.0,4.0,1.4102564102564104,0,0.0,0.8000000000000003,0.33205128205128226,0.30000000000000027,0.05090415913200723,4,
642,21,0.5262388930771054,-3.875,0.36948238387189225,1.0,0.0,2.0,0.8333333333333334,0,0.0,0.8000000000000002,0.3305555555555557,0.30000000000000027,0.04935365618367741,4,
643,92,0.5257129172157903,-1.1249999999999962,0.3689396335891647,2.0,0.0,14.0,5.737226277372263,0,0.10948905109489052,1.8999999999999981,0.8328467153284662,0.8,0.21608589087808994,4,
644,68,0.5251874670674361,-0.6249999999999967,0.3685651304361549,2.0,0.0,10.0,4.401408450704225,0,0.9577464788732394,1.799999999999999,0.7760563380281683,0.7999999999999976,0.18887268759609152,4,
645,92,0.5246625421065929,-0.8749999999999973,0.36814050967815126,2.0,0.0,14.0,5.356643356643357,0,0.055944055944055944,1.4999999999999998,0.6951048951048946,0.6999999999999998,0.13795481220657269,4,
646,50,0.5241381418083354,-2.224999999999998,0.36779937900583437,1.0,0.0,7.0,2.560747663551402,0,0.4205607476635514,1.5,0.5364485981308411,0.5000000000000002,0.12008385744234794,4,
647,57,0.5236142656482635,0.17500000000000115,0.36717887498433477,1.0,0.0,8.0,3.5632183908045976,0,0.42528735632183906,1.2000000000000002,0.5626436781609198,0.6000000000000001,0.0896994219653179,4,
648,200,0.5230909131025008,6.424999999999983,0.36617004650909113,3.0,0.0,34.0,14.510729613733906,0.7357142857142858,0.0,1.9999999999999982,0.7909871244635187,0.7999999999999984,0.18133841732979608,3,
649,164,0.5225680836476948,3.049999999999993,0.3652193858459549,3.0,0.0,26.0,10.53648068669528,0,0.0944206008583691,1.999999999999996,0.9248927038626581,0.9,0.23329022988505657,4,
650,75,0.522045776761016,0.9250000000000052,0.364608626117669,2.0,0.0,11.0,3.977777777777778,0,1.6111111111111112,1.3000000000000003,0.508888888888889,0.5000000000000001,0.09481280286428591,4,
651,51,0.5215239919201575,-1.024999999999999,0.36416658376667144,3.0,0.0,7.0,2.6904761904761907,0,0.5079365079365079,1.1000000000000003,0.46746031746031774,0.5000000000000001,0.07045354330708659,4,
652,69,0.5210027286033344,-0.7749999999999981,0.3637681271155839,3.0,0.0,10.0,3.4682539682539684,0,0.0,1.2000000000000004,0.47698412698412734,0.5000000000000001,0.06812535433070865,4,
653,104,0.5204819862892832,-0.9499999999999948,0.36322708172518947,2.0,0.0,16.0,7.021897810218978,0,0.051094890510948905,2.0999999999999996,0.876642335766422,0.8,0.24282502131287265,4,
654,81,0.5199617644572618,1.1500000000000044,0.36277331735325063,2.0,0.0,12.0,4.93010752688172,0,1.0268817204301075,1.7000000000000002,0.5650537634408603,0.5500000000000003,0.10539471021823957,4,
655,74,0.5194420625870482,-1.4499999999999968,0.3624474726610528,1.0,0.0,11.0,4.151260504201681,0,0.5546218487394958,1.4000000000000004,0.5680672268907564,0.5999999999999998,0.09965960451977399,4,
656,152,0.5189228801589404,1.8499999999999899,0.36172174558105846,2.0,0.0,24.0,9.866995073891626,0,0.034482758620689655,2.0999999999999988,0.7438423645320191,0.6999999999999981,0.2252261696757908,4,
657,32,0.5184042166537559,-2.599999999999999,0.3614351806715081,1.0,0.0,4.0,1.9578947368421054,0,0.7157894736842105,1.2999999999999998,0.5789473684210527,0.6000000000000001,0.10756870567375884,4,
658,200,0.5178860715528314,8.399999999999991,0.36035184193470976,3.0,1.0,34.0,12.703832752613241,0.6022727272727273,0.09059233449477352,2.3999999999999986,0.8104529616724728,0.7000000000000001,0.2530645396270388,3,
659,98,0.5173684443380216,0.5000000000000031,0.3598962108369531,2.0,0.0,15.0,5.72258064516129,0,0.6774193548387096,1.6999999999999997,0.6374193548387097,0.6000000000000002,0.14286380286380282,4,
660,200,0.5168513344916992,7.199999999999987,0.35932674657527125,2.0,0.0,34.0,14.363265306122448,0.668918918918919,0.08571428571428572,2.4999999999999956,1.0681632653061186,1.0999999999999914,0.29760362521657907,3,
661,200,0.5163347414967544,8.374999999999986,0.3587227516676359,2.0,0.0,37.0,14.640816326530611,0.7,0.7959183673469388,3.0999999999999908,1.219999999999997,1.0999999999999983,0.5305884312941453,3,
662,45,0.5158186648365941,-2.424999999999998,0.3583850739132321,2.0,0.0,6.0,2.574074074074074,0,0.0,1.5,0.514814814814815,0.5000000000000002,0.09682585955586036,4,
663,57,0.5153031039951417,-0.24999999999999734,0.3579805368677061,2.0,0.0,8.0,3.3076923076923075,0,1.0705128205128205,1.2000000000000002,0.5564102564102567,0.6000000000000001,0.08989850010273266,4,
664,140,0.5147880584568362,2.6249999999999947,0.3573561794622286,2.0,0.0,22.0,8.220264317180616,0,0.6211453744493393,1.8999999999999995,0.6149779735682818,0.6000000000000001,0.13792811675205702,4,
665,33,0.5142735277066319,-3.2750000000000004,0.3570855205675765,2.0,0.0,4.0,1.6666666666666667,0,0.23809523809523808,1.2000000000000002,0.4904761904761906,0.5000000000000001,0.09563713678242379,4,
666,200,0.5137595112299983,7.17499999999999,0.35634293789814164,2.0,0.0,32.0,12.626712328767123,0,0.0821917808219178,2.3,0.8859589041095872,0.7999999999999998,0.2637442970573394,4,
667,86,0.5132460085129188,-1.1499999999999966,0.3559233084848401,2.0,0.0,13.0,5.102941176470588,0,0.09558823529411764,1.6999999999999988,0.7330882352941173,0.7000000000000002,0.16369343065693406,4,
668,116,0.5127330190418905,0.274999999999995,0.35536974849292546,2.0,0.0,18.0,7.311377245508982,0,0.0,2.0999999999999983,0.7353293413173648,0.6999999999999997,0.21055579460699905,4,
669,200,0.512220542303924,6.549999999999984,0.3549817329593131,2.0,0.0,35.0,15.885462555066079,0.75,0.03524229074889868,3.099999999999992,1.4185022026431682,1.4999999999999898,0.4810766961651881,3,
670,200,0.5117085777865424,8.549999999999983,0.3541256824102279,2.0,0.0,34.0,13.062043795620438,0.6428571428571429,2.164233576642336,1.8999999999999986,0.7766423357664224,0.7999999999999974,0.13828837828837803,3,
671,21,0.5111971249777814,-4.5,0.3540034057031527,1.0,0.0,2.0,0.7037037037037037,0,0.0,1.0,0.41296296296296303,0.4000000000000002,0.07485763293310461,4,
672,200,0.5106861833661879,4.599999999999982,0.3530978652017284,3.0,0.0,32.0,15.20704845814978,0,0.0,2.5999999999999974,1.011453744493389,0.9999999999999952,0.38331237385499045,4,
673,164,0.5101757524408203,7.824999999999997,0.3520014561872744,2.0,0.0,26.0,10.347058823529412,0,1.9058823529411764,1.5999999999999996,0.6938235294117647,0.6999999999999997,0.1035803942940682,4,
674,200,0.5096658316912476,7.9499999999999815,0.3511607975490192,3.0,0.0,34.0,13.425855513307985,0.6375,0.7376425855513308,2.1999999999999975,0.909505703422051,0.8999999999999961,0.25683350682396316,3,
675,45,0.5091564206075492,-1.7499999999999982,0.3508947319141848,1.0,0.0,6.0,2.728,0,0.68,1.2999999999999998,0.5384000000000002,0.5000000000000007,0.08877112135176644,4,
676,68,0.5086475186803137,-1.4749999999999979,0.3505792546759648,2.0,0.0,10.0,3.832,0,0.0,2.1999999999999993,0.7591999999999994,0.7000000000000001,0.24099078341013785,4,
677,194,0.5081391254006393,2.5499999999999865,0.3497268091824805,3.0,0.0,31.0,14.574660633484163,0,0.0,2.299999999999996,0.9262443438914004,0.7999999999999993,0.3294537264537258,4,
678,68,0.5076312402601327,-0.8499999999999983,0.34933605215122465,3.0,0.0,10.0,3.81021897810219,0,0.6788321167883211,1.6999999999999993,0.6576642335766423,0.6000000000000001,0.16011402387041762,4,
679,200,0.5071238627509086,6.874999999999987,0.3487515832889957,2.0,0.0,33.0,14.297071129707113,0.7071428571428572,0.0,2.099999999999998,0.8502092050209187,0.8,0.19020203081232429,3,
680,128,0.5066169923655895,2.1750000000000003,0.3480981357204251,2.0,0.0,20.0,7.756345177664975,0,0.6446700507614214,1.5999999999999992,0.7649746192893392,0.7000000000000004,0.15395485466914002,4,
681,45,0.5061106285973052,-2.299999999999999,0.34781967507452577,2.0,0.0,6.0,2.7232142857142856,0,0.5803571428571429,1.4,0.6223214285714286,0.6000000000000001,0.11335007573945624,4,
682,27,0.5056047709396915,-3.55,0.3476194701104324,1.0,0.0,3.0,1.3717948717948718,0,0.28205128205128205,1.2000000000000002,0.4935897435897437,0.5000000000000001,0.08984547098471146,4,
683,200,0.5050994188868908,6.674999999999984,0.3471368455969405,3.0,1.0,34.0,14.527196652719665,0.7222222222222222,1.7698744769874477,1.7999999999999972,0.9732217573221734,0.9999999999999974,0.14966211484593758,3,
684,134,0.5045945719335512,1.399999999999998,0.34654315042582795,2.0,0.0,21.0,8.281081081081082,0,0.0,1.4,0.6264864864864864,0.6000000000000001,0.10065275829827014,4,
685,15,0.5040902295748255,-5.049999999999999,0.3464252655532322,1.0,0.0,1.0,0.4583333333333333,0,0.14583333333333334,1.1,0.3958333333333335,0.40000000000000013,0.08293530178028657,4,
686,200,0.5035863913063714,6.574999999999987,0.34565322326894443,2.0,1.0,33.0,13.784,0.6824324324324325,0.884,1.9999999999999987,0.8247999999999994,0.7999999999999969,0.18258788140610213,3,
687,200,0.5030830566243506,7.2249999999999925,0.34478983349863224,2.0,0.0,33.0,13.305343511450381,0.6217948717948718,0.1450381679389313,1.7000000000000002,0.8442748091603034,0.8,0.1573550107075737,3,
688,20,0.5025802250254283,-5.074999999999999,0.34465248777967866,1.0,0.0,2.0,0.7659574468085106,0,0.14893617021276595,1.7000000000000002,0.5319148936170213,0.4999999999999998,0.20439311594202894,4,
689,200,0.502077896006773,7.374999999999982,0.34410906294222054,2.0,0.0,34.0,14.746938775510204,0.668918918918919,0.053061224489795916,2.799999999999995,1.298367346938772,1.399999999999999,0.4336372117819509,3,
690,27,0.5015760690660555,-3.5500000000000003,0.3439479152101887,1.0,0.0,3.0,1.4225352112676057,0,0.0,1.4,0.504225352112676,0.5000000000000001,0.10605952380952376,4,
691,21,0.5010747437014489,-4.7749999999999995,0.34383271358195955,1.0,0.0,2.0,0.7592592592592593,0,0.4444444444444444,1.2,0.4462962962962963,0.4500000000000001,0.09511149228130358,4,
692,110,0.5005739194116277,0.2000000000000055,0.34350233893047477,2.0,0.0,17.0,7.348387096774194,0,0.14193548387096774,2.5999999999999974,1.016774193548385,0.9,0.4157359307359302,4,
693,51,0.5000735956957676,-2.1999999999999984,0.34333581883735015,1.0,0.0,7.0,2.8703703703703702,0,0.0,1.2000000000000004,0.49259259259259286,0.5000000000000003,0.08032238703592556,4,
694,200,0.4995737720535449,8.724999999999996,0.3427626963444445,2.0,0.0,33.0,13.09731543624161,0.6055555555555555,0.7315436241610739,1.7999999999999994,0.9275167785234865,0.8999999999999997,0.15823789736833166,3,
695,104,0.49907444798513595,0.7000000000000028,0.3422408570368143,3.0,0.0,16.0,5.832369942196531,0,0.16184971098265896,1.6,0.576300578034682,0.5000000000000002,0.13684175354183367,4,
696,200,0.4985756229912165,6.349999999999992,0.34150147897416305,3.0,0.0,33.0,15.202643171806168,0.75,0.03524229074889868,2.099999999999998,1.0088105726872212,0.9999999999999983,0.17560860114888918,3,
697,74,0.4980772965729616,-0.024999999999997358,0.3411017082818878,2.0,0.0,11.0,4.33939393939394,0,1.1939393939393939,2.0999999999999996,0.7660606060606058,0.7000000000000001,0.17424845724360846,4,
698,44,0.4975794682320448,-2.549999999999999,0.34087843785669275,1.0,0.0,6.0,2.1881188118811883,0,0.13861386138613863,1.6,0.5594059405940595,0.5000000000000003,0.129156862745098,4,
699,33,0.4970821374706377,-4.074999999999999,0.3406727435397621,2.0,1.0,4.0,1.2727272727272727,0,0.2727272727272727,1.2,0.4015151515151516,0.40000000000000013,0.08168312284730193,4,
700,38,0.49658530379140947,-3.049999999999999,0.3404552039337835,1.0,0.0,5.0,2.1702127659574466,0,0.23404255319148937,1.5,0.6872340425531914,0.6999999999999994,0.1628341822297679,4,
701,140,0.49608896669752645,2.449999999999994,0.33985255119309044,3.0,0.0,22.0,8.654545454545454,0,1.940909090909091,1.7999999999999994,0.7886363636363631,0.7999999999999987,0.1606469141924418,4,
702,146,0.4955931256926514,1.0499999999999934,0.33954841492245946,2.0,0.0,23.0,10.30167597765363,0,0.0,1.9999999999999982,0.8703910614525124,0.8,0.21628089887640395,4,
703,39,0.4950977802809434,-2.0749999999999993,0.3392114595012959,2.0,0.0,5.0,2.274336283185841,0,0.504424778761062,1.4,0.5106194690265488,0.5000000000000001,0.1101613408521303,4,
704,152,0.494602929967057,1.249999999999996,0.338914262930194,2.0,0.0,24.0,11.225130890052355,0,0.03664921465968586,2.599999999999997,1.2994764397905723,1.3999999999999986,0.46310142543859484,4,
705,39,0.4941085742561417,-1.674999999999999,0.3385883562104499,2.0,0.0,5.0,2.53781512605042,0,0.42857142857142855,1.5999999999999996,0.6285714285714283,0.6000000000000001,0.1311257062146892,4,
706,56,0.4936147126538418,-1.9249999999999992,0.3382685016006852,2.0,0.0,8.0,3.2605042016806722,0,0.37815126050420167,1.6,0.6235294117647058,0.6000000000000001,0.12332062146892647,4,
707,200,0.49312134466629576,6.899999999999986,0.3377479641405926,2.0,1.0,34.0,14.485714285714286,0.668918918918919,0.08979591836734693,2.2999999999999936,1.1416326530612197,1.199999999999991,0.25133213381314007,3,
708,200,0.49262846980013547,9.474999999999984,0.33710583453888343,2.0,1.0,35.0,12.405940594059405,0.5104166666666666,1.353135313531353,2.8,0.9785478547854778,0.8000000000000007,0.3786528407110478,3,
709,32,0.492136087562486,-3.05,0.33688123963140004,1.0,0.0,4.0,1.7640449438202248,0,0.5842696629213483,1.4,0.5741573033707866,0.6000000000000001,0.12597727272727266,4,
710,200,0.4916441974609651,7.524999999999993,0.33645704148776595,2.0,0.0,34.0,13.98406374501992,0.6973684210526315,0.10756972111553785,2.099999999999996,0.9243027888446184,0.8999999999999966,0.23028952380952306,3,
711,63,0.49115279900368264,-0.3249999999999962,0.33610101274752757,2.0,0.0,9.0,3.7756410256410255,0,0.4807692307692308,1.1,0.5371794871794873,0.6000000000000001,0.08400575303061432,4,
712,200,0.4906618916992401,10.549999999999983,0.33543933588904956,2.0,0.0,36.0,12.69032258064516,0.56,1.6258064516129032,3.0999999999999934,1.013548387096773,0.8,0.4845311605739888,3,
713,200,0.4901714750567302,8.199999999999982,0.3348945097962213,2.0,0.0,35.0,13.955223880597014,0.6309523809523809,0.7947761194029851,3.099999999999993,1.3190298507462666,1.2499999999999987,0.6993117803489094,3,
714,146,0.4896815485857362,1.7249999999999945,0.3345054514854246,1.0,0.0,23.0,10.026178010471204,0,0.0,2.099999999999997,0.9916230366492125,1.0,0.2932362938596478,4,
715,200,0.48919211179633154,10.349999999999987,0.3337658314088879,3.0,0.0,33.0,13.10759493670886,0.5833333333333334,2.4873417721518987,1.8999999999999924,0.8984177215189849,0.9,0.17832206699714476,3,
716,33,0.4887031641990795,-2.424999999999999,0.33353062982403564,1.0,0.0,4.0,1.8333333333333333,0,0.0,1.1,0.45980392156862765,0.5000000000000001,0.06868499471306352,4,
717,200,0.4882147053050323,7.6499999999999835,0.3329837931040037,3.0,0.0,35.0,14.882845188284518,0.7094594594594594,0.0,2.3999999999999924,1.2016736401673598,1.2999999999999974,0.335149509803919,3,
718,176,0.4877267346257312,5.549999999999995,0.33220791258318605,3.0,0.0,28.0,11.405594405594405,0,0.513986013986014,1.9999999999999987,0.8321678321678313,0.7999999999999973,0.23652056971697502,4,
719,200,0.48723925167320525,6.899999999999986,0.3317320727236806,2.0,0.0,34.0,14.271966527196653,0.7083333333333334,0.0,2.2999999999999976,0.8351464435146427,0.7999999999999948,0.26881127450980324,3,
720,200,0.4867522559599717,7.874999999999986,0.33129300533112543,3.0,0.0,35.0,14.250996015936256,0.6987179487179487,0.0,2.3999999999999946,1.08446215139442,1.099999999999997,0.39048190476190175,3,
721,27,0.4862657469990346,-3.625,0.33111851349515586,1.0,0.0,3.0,1.2820512820512822,0,0.6410256410256411,1.2,0.485897435897436,0.5,0.10353608416899555,4,
722,27,0.485779724303885,-3.35,0.33094510799991245,1.0,0.0,3.0,1.205128205128205,0,0.0,0.9,0.3935897435897438,0.4000000000000002,0.05701956271576524,4,
723,200,0.4852941873885002,7.049999999999984,0.3302300880440033,4.0,0.0,34.0,13.601593625498008,0.6842105263157895,0.055776892430278883,1.8999999999999986,0.7378486055776883,0.6999999999999981,0.1606019047619046,3,
724,92,0.48480913576734325,1.125000000000004,0.3298578679130425,2.0,0.0,14.0,5.5,0,1.3366336633663367,2.0,0.8188118811881182,0.7000000000000004,0.2533156875719919,4,
725,200,0.48432456895536247,8.149999999999986,0.32930799445994974,3.0,0.0,34.0,13.178181818181818,0.6190476190476191,0.8654545454545455,1.8999999999999964,0.9352727272727249,0.9,0.1913038188934721,3,
726,98,0.483840486467991,-1.049999999999995,0.328942852572346,2.0,0.0,15.0,5.937062937062937,0,0.0,1.799999999999999,0.6951048951048946,0.6999999999999993,0.14299002347417822,4,
727,27,0.48335688782114633,-3.3750000000000004,0.3287795364778213,1.0,0.0,3.0,1.1805555555555556,0,0.0,1.0,0.43888888888888905,0.5000000000000001,0.0743353270306772,4,
728,51,0.48287377253122976,-1.8249999999999995,0.328519057802761,1.0,0.0,7.0,2.5083333333333333,0,0.225,1.1,0.4433333333333335,0.45000000000000023,0.06929370095145494,4,
729,51,0.4823911401151259,-2.8499999999999988,0.32827531208856775,2.0,0.0,7.0,2.4444444444444446,0,0.0,1.2,0.4811111111111111,0.49999999999999994,0.09643289294974686,4,
730,200,0.48190899009020244,8.549999999999985,0.3277007455463036,2.0,0.0,35.0,13.679442508710801,0.5722222222222222,0.16376306620209058,3.299999999999993,1.4836236933797875,1.4999999999999996,0.8813104603729541,3,
731,56,0.4814273219743092,-0.6999999999999968,0.3274103543006719,1.0,1.0,8.0,3.625,0,0.7941176470588235,1.6999999999999997,0.6889705882352937,0.6999999999999993,0.1426066504460664,4,
732,200,0.480946135285778,6.974999999999983,0.326901197536851,2.0,0.0,33.0,14.37109375,0.6842105263157895,1.50390625,2.699999999999995,1.2472656249999974,1.1999999999999909,0.46710902571144913,3,
733,200,0.48046542954342225,7.4999999999999885,0.3265788457704321,2.0,0.0,36.0,16.008583690987123,0.7364864864864865,0.0,3.799999999999992,1.6896995708154454,1.7999999999999887,0.818020557029173,3,
734,146,0.479985204266536,6.524999999999992,0.3258594397907789,2.0,0.0,23.0,9.335483870967742,0,1.5774193548387097,1.799999999999999,0.7154838709677411,0.6999999999999993,0.14789082092425496,4,
735,57,0.4795054589748941,-1.2749999999999968,0.3256408440483243,3.0,0.0,8.0,3.1333333333333333,0,1.05,1.2,0.5183333333333335,0.5000000000000006,0.07516910896590037,4,
736,50,0.4790261931887511,-1.9999999999999991,0.3253780293755708,1.0,0.0,7.0,2.892857142857143,0,0.6160714285714286,1.2999999999999998,0.5901785714285713,0.5999999999999998,0.11589492147014265,4,
737,140,0.4785474064288412,2.8749999999999956,0.32496802900840294,3.0,0.0,22.0,8.695454545454545,0,0.6954545454545454,2.3999999999999972,0.9849999999999978,0.9999999999999981,0.29182648401826383,4,
738,57,0.4780690982163776,-2.7499999999999987,0.3247594868946032,2.0,0.0,8.0,2.8958333333333335,0,0.0,1.3,0.48541666666666683,0.5000000000000001,0.08625501899077587,4,
739,51,0.4775912680730521,-0.5749999999999986,0.3244417682007311,2.0,1.0,7.0,3.3701298701298703,0,1.1753246753246753,1.7999999999999994,0.6337662337662336,0.6,0.1705553447185324,4,
740,200,0.4771139155210344,11.02499999999999,0.32367265983305404,3.0,0.0,33.0,12.314705882352941,0.5,1.4147058823529413,2.399999999999997,0.8985294117647046,0.8,0.26538248600766307,3,
741,200,0.47663704008297203,8.599999999999993,0.3232916260181907,2.0,0.0,33.0,13.146341463414634,0.5988372093023255,0.1916376306620209,2.199999999999997,1.0257839721254327,1.0000000000000002,0.27745702214452017,3,
742,57,0.4761606412819894,-2.7249999999999983,0.32314033641738693,1.0,0.0,8.0,2.90625,0,0.59375,1.1,0.5291666666666667,0.6000000000000001,0.0906174715138361,4,
743,200,0.4756847186416878,8.924999999999994,0.3227488170367483,2.0,0.0,35.0,13.545454545454545,0.6453488372093024,0.8581818181818182,2.5999999999999908,1.0770909090909058,1.0000000000000004,0.31304294932825266,3,
744,33,0.47520927168614446,-3.8249999999999993,0.3226238290412163,1.0,0.0,4.0,1.5,0,0.0,1.2,0.4805555555555557,0.5000000000000001,0.08602739726027395,4,
745,200,0.4747342999399124,8.424999999999983,0.3221969429137107,2.0,0.0,36.0,13.910780669144982,0.6104651162790697,0.7286245353159851,3.6999999999999926,1.3498141263940495,1.0,0.9953018242122671,3,
746,45,0.4742598029280199,-2.1250000000000004,0.3219762751566894,2.0,0.0,6.0,2.2222222222222223,0,0.16666666666666666,1.2000000000000002,0.5037037037037039,0.5000000000000001,0.08925319386092768,4,
747,134,0.4737857801759698,3.5500000000000016,0.3215839652463935,2.0,0.0,21.0,8.581967213114755,0,0.5204918032786885,1.8999999999999981,0.8020491803278682,0.7999999999999995,0.16331821617535877,4,
748,200,0.4733122312097393,7.749999999999989,0.3211456085427341,2.0,0.0,35.0,13.859375,0.675,0.95703125,1.8999999999999968,0.9941406249999983,0.9999999999999997,0.20336720836194283,3,
749,200,0.47283915555577954,7.799999999999984,0.3207973287917276,2.0,0.0,34.0,14.54863813229572,0.6730769230769231,0.1556420233463035,3.0999999999999917,1.4268482490272336,1.4999999999999964,0.738239765019374,3,
750,200,0.4723665527410147,10.824999999999992,0.3202130336808283,3.0,0.0,35.0,13.5,0.5769230769230769,1.5731707317073171,2.6999999999999935,1.05762195121951,0.9999999999999976,0.33909139919875647,3,
751,200,0.471894422292842,8.274999999999986,0.31970878647101847,2.0,0.0,35.0,13.442379182156134,0.6071428571428571,0.0,2.1999999999999953,1.0687732342007403,1.099999999999996,0.3086202321724686,3,
752,200,0.4714227637391309,10.04999999999999,0.3191866158624936,2.0,0.0,33.0,12.143292682926829,0.43999999999999995,1.579268292682927,3.2999999999999954,1.0814024390243877,0.8999999999999998,0.5037136908247565,3,
753,26,0.4709515766082228,-3.775,0.31903151759900683,2.0,1.0,3.0,1.1971830985915493,0,0.14084507042253522,1.2999999999999998,0.4704225352112677,0.4999999999999998,0.10351190476190472,4,
754,86,0.47048086042893056,1.0500000000000038,0.3186228728242052,2.0,0.0,13.0,5.492146596858639,0,0.6544502617801047,1.7999999999999994,0.6900523560209417,0.6000000000000004,0.17587445175438562,4,
755,200,0.47001061473053796,10.34999999999999,0.31819800787726715,2.0,0.0,36.0,12.845659163987138,0.56,0.9646302250803859,2.8999999999999924,1.1086816720257204,1.0,0.3827260132340744,3,
756,62,0.46954083904279925,-1.4499999999999975,0.31802132511798026,2.0,0.0,9.0,4.292307692307692,0,0.823076923076923,1.899999999999999,0.824615384615384,0.7999999999999996,0.21817622344517398,4,
757,200,0.4690715328959387,8.87499999999999,0.31733166465664436,3.0,0.0,35.0,13.13090909090909,0.622093023255814,0.09454545454545454,2.399999999999997,0.90690909090909,0.899999999999997,0.21388236538664873,3,
758,200,0.46860269582065023,6.399999999999986,0.31696480468058086,3.0,0.0,35.0,15.120171673819742,0.7361111111111112,0.06866952789699571,2.9999999999999956,1.1566523605150194,1.1000000000000005,0.445124889478335,3,
759,200,0.4681343273480965,8.099999999999989,0.3166003985375823,2.0,0.0,35.0,14.033457249070633,0.6309523809523809,0.048327137546468404,2.699999999999991,1.369888475836427,1.5999999999999965,0.5374278606965129,3,
760,200,0.46766642700990924,7.624999999999983,0.31616604047110924,2.0,0.0,34.0,14.13740458015267,0.625,0.8854961832061069,2.4999999999999902,1.3435114503816743,1.499999999999989,0.37643284821467216,3,
761,200,0.4671989943381879,8.399999999999983,0.3155674724735815,3.0,0.0,35.0,13.938931297709924,0.6646341463414634,0.6984732824427481,2.4999999999999947,1.14656488549618,1.099999999999999,0.36898212490712606,3,
762,200,0.46673202886549986,11.774999999999991,0.3148999418401645,2.0,0.0,33.0,12.906849315068493,0.5,0.36164383561643837,1.999999999999996,0.8123287671232872,0.7999999999999997,0.17313697231729944,3,
763,200,0.46626553012487953,8.874999999999988,0.31449588441110277,2.0,0.0,34.0,13.377224199288257,0.6104651162790697,0.7117437722419929,2.799999999999996,1.1555160142348728,1.099999999999992,0.49279609929077695,3,
764,176,0.46579949764982825,3.0249999999999932,0.3140242038085847,3.0,0.0,28.0,12.300429184549357,0,1.6394849785407726,2.7999999999999985,1.2158798283261765,1.1999999999999937,0.4050342617152952,4,
765,200,0.4653339309743134,10.624999999999991,0.31358870668586014,2.0,0.0,36.0,13.14790996784566,0.54,0.19614147909967847,2.999999999999997,1.35948553054662,1.3999999999999932,0.7603600082712928,3,
766,200,0.46486882963276827,11.174999999999988,0.3129250669539555,4.0,0.0,35.0,12.920731707317072,0.5192307692307693,0.9329268292682927,3.1999999999999966,1.2515243902439002,1.0,0.6900040898654953,3,
767,170,0.46440419316009157,2.924999999999991,0.3124841525007768,2.0,0.0,27.0,11.127753303964758,0,0.0,1.8999999999999986,0.7867841409691615,0.7999999999999948,0.19683356621642525,4,
768,134,0.4639400210916467,1.174999999999999,0.3120467682313476,3.0,0.0,21.0,8.712041884816754,0,0.1518324607329843,2.6999999999999984,0.9884816753926683,0.8,0.4257428728070169,4,
769,200,0.4634763129632616,7.824999999999984,0.311722008612084,2.0,0.0,36.0,15.261224489795918,0.6987179487179487,0.036734693877551024,4.199999999999992,1.5922448979591803,1.3999999999999964,1.084896707983467,3,
770,33,0.46301306831122807,-3.9250000000000007,0.31157466655073784,1.0,0.0,4.0,1.4722222222222223,0,0.0,1.1,0.4638888888888891,0.5000000000000001,0.09176924561065018,4,
771,15,0.4625502866723014,-4.7250000000000005,0.31149145492892294,1.0,0.0,1.0,0.4166666666666667,0,0.0,0.8000000000000002,0.37083333333333346,0.40000000000000013,0.062092922275293096,4,
772,200,0.4620879675837,8.699999999999989,0.3110432124436415,3.0,0.0,33.0,12.860068259385665,0.5568181818181818,0.6655290102389079,2.699999999999992,1.071331058020475,1.0,0.3531753797409349,3,
773,200,0.4616261105831047,9.449999999999992,0.3105541152403492,3.0,0.0,34.0,13.686832740213523,0.6022727272727273,0.31316725978647686,2.7999999999999914,1.2131672597864727,1.1999999999999966,0.4612915400202608,3,
774,200,0.4611647152086584,7.699999999999986,0.31007306583161187,4.0,0.0,35.0,14.390438247011952,0.6730769230769231,0.0,3.1999999999999917,1.225498007968124,1.1999999999999975,0.46055238095237744,3,
775,200,0.4607037809989658,11.774999999999991,0.30950566014331193,2.0,0.0,34.0,12.889204545454545,0.5,1.7556818181818181,2.7999999999999923,1.0383522727272707,0.9999999999999973,0.37600372872327276,3,
776,68,0.46024330749309256,-2.299999999999997,0.30935936086267757,2.0,0.0,10.0,4.574257425742574,0,0.06930693069306931,2.1999999999999993,1.0168316831683155,1.099999999999996,0.394309803921568,4,
777,200,0.4597832942305652,8.849999999999978,0.30904995592860834,3.0,0.0,37.0,15.147859922178988,0.6547619047619048,0.10505836575875487,3.3999999999999893,1.828404669260696,2.0999999999999934,0.9079617853682107,3,
778,200,0.45932374075137034,10.024999999999986,0.30857901091271894,2.0,0.0,36.0,13.194719471947195,0.5663265306122449,2.174917491749175,3.199999999999994,1.2973597359735962,0.9999999999999999,0.7552487800627363,3,
779,176,0.4588646465959545,4.32499999999999,0.307967746932168,3.0,0.0,28.0,11.296875,0,0.8671875,3.0999999999999943,1.062109374999997,0.8999999999999992,0.5168925001907362,4,
780,39,0.4584060113052235,-3.0999999999999996,0.30781983260634765,1.0,0.0,5.0,2.077777777777778,0,0.4666666666666667,1.3,0.46111111111111125,0.45000000000000007,0.09527719471539695,4,
781,33,0.45794783442054204,-0.7499999999999992,0.3076381926307552,2.0,0.0,4.0,2.235294117647059,0,1.3529411764705883,1.3,0.5882352941176472,0.6000000000000001,0.1065918079096045,4,
782,15,0.45749011548373314,-5.075,0.307566664781426,1.0,0.0,1.0,0.4166666666666667,0,0.14583333333333334,1.1,0.3708333333333334,0.35000000000000014,0.08460269214068604,4,
783,200,0.4570328540370779,8.149999999999979,0.3070530488994241,3.0,0.0,34.0,13.970149253731343,0.6158536585365854,0.9104477611940298,2.999999999999995,1.3503731343283543,1.3999999999999964,0.5417611350124578,3,
784,27,0.4565760496233147,-3.6000000000000005,0.3069484543673895,1.0,0.0,3.0,1.1805555555555556,0,0.0,1.0,0.338888888888889,0.30000000000000016,0.062110746671811684,4,
785,200,0.4561197017856392,9.574999999999985,0.3065154665541164,2.0,0.0,36.0,13.877622377622378,0.6195652173913043,0.8776223776223776,3.8999999999999937,1.4447552447552423,1.1,0.9450714591356392,3,
786,200,0.4556638100677035,9.499999999999986,0.30593609013987993,3.0,1.0,34.0,12.303754266211604,0.55,0.24914675767918087,1.8999999999999977,0.7621160409556308,0.7000000000000002,0.15136520361569258,3,
787,170,0.45520837401361586,4.5749999999999975,0.305567695184541,3.0,0.0,27.0,10.9296875,0,0.9765625,2.3999999999999932,1.0457031249999975,1.0999999999999914,0.2720950637064151,4,
788,176,0.45475339316794017,5.349999999999996,0.3052011483288245,2.0,0.0,28.0,11.895104895104895,0,0.6818181818181818,1.8999999999999946,0.9643356643356618,0.9999999999999969,0.16775108502964653,4,
789,200,0.4542988670756955,10.199999999999996,0.3044598806550321,3.0,0.0,34.0,13.057926829268293,0.5637254901960784,1.6554878048780488,2.1999999999999957,0.9442073170731692,0.8999999999999999,0.2160050379706821,3,
790,164,0.45384479528235583,3.9999999999999956,0.3040487305030163,3.0,0.0,26.0,10.11328125,0,0.734375,1.8000000000000003,0.8230468749999992,0.7999999999999998,0.16411978332188867,4,
791,200,0.4533911773338492,6.349999999999988,0.30361010234419844,4.0,0.0,34.0,15.047210300429185,0.7357142857142858,0.030042918454935622,2.1999999999999984,1.1128755364806817,1.0999999999999992,0.2406111847922183,3,
792,200,0.4529380127765577,9.924999999999983,0.3033220630020039,3.0,0.0,38.0,14.887272727272727,0.6304347826086957,0.850909090909091,4.599999999999991,1.9607272727272684,2.0999999999999983,1.6280064529778815,3,
793,200,0.4524853011573167,7.574999999999985,0.30305364830321396,3.0,0.0,36.0,15.982378854625551,0.75,0.030837004405286344,3.9999999999999925,1.4766519823788518,1.2999999999999994,0.8482378512653267,3,
794,51,0.45203304202341466,-2.6499999999999986,0.3028867455634595,2.0,0.0,7.0,2.676470588235294,0,0.30392156862745096,1.4,0.5774509803921569,0.6000000000000001,0.11018840719023354,4,
795,200,0.4515812349225922,6.949999999999988,0.30244095628603634,3.0,0.0,34.0,14.870292887029288,0.7083333333333334,0.0,2.3999999999999932,1.1941422594142221,1.1999999999999997,0.35620623249299505,3,
796,45,0.45112987940304233,-2.674999999999999,0.3022975906895757,2.0,1.0,6.0,2.1333333333333333,0,0.3,1.3000000000000003,0.5344444444444447,0.5000000000000004,0.09960365477219407,4,
797,128,0.4506789750134095,3.675000000000006,0.3018462822049379,2.0,0.0,20.0,8.473469387755102,0,2.1020408163265305,1.8999999999999986,0.8404081632653045,0.7999999999999997,0.19106424097027794,4,
798,152,0.45022852130278923,8.150000000000006,0.30117926413385765,3.0,0.0,24.0,9.053097345132743,0,1.3008849557522124,2.199999999999999,0.7648967551622418,0.7000000000000002,0.17826783849634503,4,
799,200,0.44977851782072775,11.499999999999988,0.3007126296600337,3.0,0.0,35.0,13.350299401197605,0.5518867924528302,0.9790419161676647,3.199999999999995,1.2137724550898181,1.099999999999999,0.5300545919053349,3,
800,200,0.44932896411722156,9.59999999999999,0.3002785618410305,2.0,0.0,34.0,13.243150684931507,0.5652173913043478,0.8321917808219178,3.0999999999999965,1.1715753424657518,0.9999999999999996,0.555945134466296,3,
801,26,0.448879859742717,-3.7250000000000005,0.30014144786294883,2.0,0.0,3.0,1.3636363636363635,0,0.0,1.5,0.5077922077922079,0.5000000000000001,0.12047908232118754,4,
802,200,0.4484312042481095,8.849999999999984,0.29985016462394526,3.0,0.0,34.0,13.300380228136882,0.6625,0.7300380228136882,2.0999999999999996,0.779467680608364,0.7000000000000006,0.1639153944020353,3,
803,200,0.44798299718474366,8.874999999999984,0.29946446449716,3.0,0.0,35.0,14.363636363636363,0.5872093023255814,0.28363636363636363,3.7999999999999927,1.7381818181818143,1.8999999999999972,1.044337776367284,3,
804,200,0.44753523810441237,10.499999999999993,0.2990401557138914,2.0,0.0,35.0,12.717041800643086,0.5459183673469388,1.0868167202572347,2.9999999999999973,1.1009646302250797,0.8000000000000005,0.5934778742762592,3,
805,200,0.4470879265593564,8.199999999999983,0.2986056423362205,3.0,0.0,35.0,14.202334630350194,0.6625,0.0,2.5999999999999988,1.2470817120622533,1.2999999999999967,0.4396187621124,3,
806,87,0.44664106210226434,0.9000000000000048,0.2983574333159918,2.0,0.0,13.0,5.237837837837838,0,1.4972972972972973,1.5,0.6848648648648648,0.7000000000000001,0.09999006545114533,4,
807,99,0.44619464428627154,0.3250000000000043,0.2980188578054688,2.0,0.0,15.0,5.437125748502994,0,1.035928143712575,1.4000000000000008,0.5736526946107788,0.6000000000000001,0.09092584624211128,4,
808,200,0.4457486726649602,9.774999999999986,0.29767285943306876,3.0,0.0,37.0,14.391608391608392,0.601063829787234,0.28321678321678323,4.199999999999989,1.8286713286713243,2.0499999999999954,1.1682132159667378,3,
809,200,0.4453031467923587,8.024999999999979,0.29741258420334354,3.0,0.0,36.0,15.63265306122449,0.6987179487179487,0.0,3.7999999999999927,1.8151020408163212,1.8999999999999977,0.9211342129814687,3,
810,200,0.4448580662229411,10.499999999999995,0.29697900759114526,3.0,0.0,36.0,14.09032258064516,0.61,1.5870967741935484,3.2999999999999923,1.3619354838709643,1.1999999999999968,0.668041915108374,3,
811,200,0.4444134305116268,8.574999999999985,0.2966695113508264,2.0,0.0,35.0,13.761194029850746,0.6190476190476191,0.0,2.7999999999999887,1.2249999999999956,1.299999999999995,0.39538796764267314,3,
812,200,0.44396923921378006,9.824999999999996,0.2962818866349928,2.0,0.0,35.0,13.446308724832214,0.6223404255319149,0.7181208053691275,2.2999999999999994,1.0060402684563734,0.9999999999999974,0.22627478801391793,3,
813,75,0.4435254918852095,0.7250000000000041,0.2960336598404091,2.0,0.0,11.0,4.660919540229885,0,0.8793103448275862,1.2000000000000002,0.6005747126436782,0.6000000000000001,0.08902559867877781,4,
814,200,0.44308218808216776,8.974999999999984,0.2955570097384693,4.0,0.0,35.0,13.383211678832117,0.6337209302325582,0.0,2.9999999999999982,1.0328467153284666,0.8,0.5230156510156496,3,
815,200,0.4426393273613511,9.024999999999984,0.2952378687386957,2.0,0.0,36.0,14.690391459074734,0.5722222222222222,0.8825622775800712,3.899999999999993,2.045907473309604,2.4999999999999867,1.347340172239101,3,
816,200,0.44219690927989863,6.9749999999999845,0.29498451717537244,3.0,0.0,35.0,15.94273127753304,0.75,0.0,3.5999999999999956,1.4528634361233432,1.3999999999999932,0.6578349635149809,3,
817,39,0.4417549333953923,-2.9499999999999993,0.2948566231583378,1.0,0.0,5.0,1.711111111111111,0,0.15555555555555556,1.0000000000000002,0.44111111111111134,0.5000000000000001,0.06398444252376834,4,
818,200,0.44131339926585617,6.774999999999986,0.29430836460820303,4.0,0.0,35.0,16.40772532188841,0.7361111111111112,0.0944206008583691,3.0999999999999903,1.9291845493562176,2.1999999999999895,0.6167561892130813,3,
819,27,0.4408723064497561,-3.025,0.2941947806012467,1.0,0.0,3.0,1.3928571428571428,0,0.15476190476190477,1.2,0.49761904761904774,0.5000000000000001,0.09000708717221825,4,
820,51,0.44043165450599925,-2.5,0.294013682723964,1.0,0.0,7.0,2.480392156862745,0,0.0,1.1,0.4598039215686277,0.5000000000000001,0.06750841103527827,4,
821,200,0.43999144299393356,8.349999999999984,0.2934496353901782,3.0,0.0,35.0,14.372,0.6602564102564102,0.884,2.6999999999999917,1.2039999999999969,1.1999999999999948,0.39055024880397754,3,
822,200,0.43955167147334756,7.349999999999987,0.2931150400372165,3.0,0.0,36.0,15.369747899159664,0.7236842105263158,0.058823529411764705,2.7999999999999954,1.4512605042016773,1.4999999999999964,0.5951139593594937,3,
823,200,0.43911233950446965,9.974999999999984,0.2926269366348594,3.0,0.0,36.0,13.763066202090592,0.6086956521739131,0.2508710801393728,2.8999999999999897,1.445993031358881,1.5999999999999917,0.6440945512820454,3,
824,200,0.4386734466479678,11.899999999999986,0.2921138939754156,4.0,0.0,37.0,13.120253164556962,0.5769230769230769,0.8006329113924051,3.599999999999995,1.1528481012658223,0.8,0.8913615742827073,3,
825,110,0.4382349924649492,1.0000000000000009,0.29181997490462547,1.0,0.0,17.0,6.606936416184971,0,0.6878612716763006,1.7999999999999998,0.753179190751444,0.7000000000000001,0.18954824913124818,4,
826,200,0.4377969765169596,10.32499999999999,0.2913286492388446,2.0,0.0,34.0,13.214285714285714,0.58,1.3944099378881987,2.099999999999995,0.9291925465838493,0.899999999999999,0.1959819835459998,3,
827,92,0.437359398365983,0.3000000000000025,0.2910294414652595,2.0,0.0,14.0,5.150602409638554,0,1.0060240963855422,1.9999999999999996,0.6566265060240961,0.5999999999999994,0.1721008891308292,4,
828,21,0.43692225757444114,-4.375,0.29093359064580965,1.0,0.0,2.0,0.85,0,0.11666666666666667,1.1,0.4566666666666668,0.5000000000000001,0.09148096693525978,4,
829,39,0.4364855537051933,-1.55,0.2907583054361607,2.0,0.0,5.0,2.6307692307692307,0,0.7384615384615385,1.6999999999999997,0.6261538461538461,0.6000000000000001,0.13963193088348413,4,
830,200,0.43604928632153556,8.02499999999998,0.29048953127641386,3.0,0.0,37.0,15.881632653061224,0.7,0.053061224489795916,4.19999999999999,1.9644897959183634,2.3999999999999915,1.4071298147407627,3,
831,200,0.43561345498720044,7.849999999999987,0.2901454397631197,2.0,0.0,34.0,15.00398406374502,0.6842105263157895,0.7768924302788844,2.7999999999999887,1.579282868525892,1.7999999999999972,0.6037238095238049,3,
832,200,0.43517805926635666,7.424999999999985,0.2898647318963747,2.0,0.0,35.0,15.410041841004183,0.722972972972973,0.029288702928870293,2.999999999999996,1.5029288702928827,1.5999999999999885,0.5893322829131618,3,
833,200,0.43474309872360845,6.849999999999983,0.2895750795738836,2.0,0.0,33.0,14.248979591836735,0.6944444444444444,0.0326530612244898,2.1999999999999975,0.9848979591836705,0.9999999999999939,0.2696947887511651,3,
834,146,0.4343085729239951,1.9249999999999856,0.28933836210129604,3.0,0.0,23.0,10.226600985221674,0,0.0,3.4999999999999973,1.3467980295566475,1.0999999999999925,0.9822180159192373,4,
835,200,0.4338744814329909,9.099999999999982,0.288989338697624,3.0,0.0,36.0,14.592857142857143,0.6388888888888888,0.9785714285714285,4.099999999999988,1.7489285714285665,1.6999999999999953,1.0772268778938425,3,
836,200,0.4334408238165043,9.599999999999993,0.2884649432410269,4.0,0.0,37.0,13.845614035087719,0.6117021276595744,0.49122807017543857,3.299999999999993,1.4687719298245592,1.2999999999999998,0.7568937752388414,3,
837,74,0.43300759964087765,0.42500000000000426,0.2882421618361891,2.0,0.0,11.0,5.0,0,0.6766467065868264,1.899999999999999,0.7676646706586822,0.7000000000000003,0.18279331612162908,4,
838,200,0.43257480847288665,10.69999999999999,0.2878741922517701,2.0,0.0,34.0,12.459627329192546,0.5,0.34782608695652173,2.9999999999999956,1.1136645962732894,0.9999999999999997,0.4075811849579945,3,
839,200,0.43214244987974026,9.749999999999986,0.28761716750352806,3.0,0.0,38.0,14.784386617100372,0.65,0.9070631970260223,4.5999999999999925,1.807063197026019,1.799999999999994,1.3901923714759463,3,
840,200,0.43171052342907973,9.549999999999981,0.28727344734948207,3.0,0.0,34.0,12.599315068493151,0.5166666666666667,0.678082191780822,2.2999999999999994,0.9743150684931489,0.8999999999999964,0.32252899851049005,3,
841,200,0.43127902868897855,9.499999999999982,0.2870127682733923,2.0,0.0,35.0,13.887372013651877,0.5869565217391305,0.0,3.0999999999999956,1.5894197952218394,1.7999999999999874,0.9098303979125834,3,
842,27,0.43084796522794205,-4.25,0.28693210644827905,1.0,0.0,3.0,1.0151515151515151,0,0.0,1.0,0.4106060606060608,0.4000000000000003,0.0633869115958668,4,
843,21,0.43041733261490667,-4.3500000000000005,0.28684991595921466,1.0,0.0,2.0,0.8166666666666667,0,0.0,1.1,0.4366666666666668,0.4500000000000002,0.0833453737149208,4,
844,200,0.4299871304192398,8.324999999999982,0.2865552695980823,3.0,0.0,35.0,14.395437262357415,0.6646341463414634,0.0,3.5999999999999925,1.4365019011406819,1.2,0.9149546032847505,3,
845,200,0.42955735821073915,7.899999999999987,0.28617040597865967,3.0,0.0,34.0,14.212686567164178,0.6280487804878049,0.12313432835820895,2.8999999999999924,1.473507462686563,1.599999999999999,0.5710598276318131,3,
846,134,0.42912801555963254,5.899999999999997,0.2858100838553517,2.0,0.0,21.0,9.61986301369863,0,0.7671232876712328,1.8999999999999972,0.7852739726027389,0.7999999999999984,0.15050408735324786,4,
847,194,0.42869910203657724,11.049999999999976,0.2853197660343757,2.0,0.0,31.0,15.587378640776699,0,2.8640776699029127,3.0999999999999988,1.1827669902912588,1.1999999999999933,0.3531274338264308,4,
848,200,0.4282706172126597,9.299999999999985,0.2849721107636981,3.0,0.0,37.0,14.092936802973977,0.625,0.7881040892193308,3.4999999999999876,1.4457249070631928,1.3999999999999981,0.7325290215588662,3,
849,200,0.427842560659395,9.024999999999984,0.28471434447998734,4.0,1.0,37.0,14.037174721189592,0.6363636363636364,1.483271375464684,3.0999999999999903,1.3855018587360552,1.4,0.4810232172470932,3,
850,200,0.4274149319487267,13.849999999999971,0.2842722720547525,2.0,0.0,34.0,15.5075,0.5119047619047619,4.19,2.4999999999999973,1.1447499999999968,1.0999999999999959,0.27992418702616817,3,
851,200,0.4269877306530259,8.224999999999989,0.2837737227047361,2.0,0.0,35.0,14.249027237354085,0.675,0.16731517509727625,2.799999999999991,1.2470817120622537,1.199999999999998,0.4396187621123996,3,
852,51,0.4265609563450914,-1.6249999999999987,0.2836324545565537,2.0,0.0,7.0,2.675,0,1.0416666666666667,1.3000000000000003,0.5733333333333335,0.6000000000000001,0.09812903673866238,4,
853,21,0.4261346085981487,-4.125,0.28355135346403676,1.0,0.0,2.0,0.7727272727272727,0,0.0,1.0,0.37424242424242443,0.40000000000000013,0.06283582089552238,4,
854,68,0.4257086869858502,-2.0999999999999974,0.2834363162236934,1.0,0.0,10.0,3.7663551401869158,0,0.0,1.5,0.5700934579439254,0.5999999999999998,0.11762054507337528,4,
855,74,0.42528319108227414,0.15000000000000457,0.2832270105227151,2.0,0.0,11.0,5.7125,0,0.04375,2.0999999999999983,0.9718749999999987,0.9999999999999973,0.2741571936403763,4,
856,200,0.42485812046192456,7.974999999999987,0.2829798075122621,3.0,0.0,35.0,15.061068702290076,0.6646341463414634,0.9541984732824428,3.5999999999999917,1.81984732824427,1.9999999999999953,0.8995428521480656,3,
857,116,0.4244334746997309,1.9750000000000005,0.28276153777328683,2.0,0.0,18.0,7.111675126903553,0,0.0,1.8999999999999986,0.7010152284263953,0.6000000000000008,0.171576994434137,4,
858,33,0.4240092533710473,-1.7749999999999992,0.2826170413019085,2.0,0.0,4.0,2.130841121495327,0,0.21495327102803738,1.2999999999999998,0.4971962616822431,0.5000000000000001,0.08214884696016764,4,
859,200,0.4235854560516524,9.674999999999983,0.28224596841036775,4.0,0.0,36.0,13.68100358422939,0.5652173913043478,1.060931899641577,3.599999999999992,1.3702508960573458,1.1,0.9102019527235309,3,
860,200,0.4231620823177488,8.62499999999999,0.2818807498161713,2.0,0.0,33.0,12.777777777777779,0.5833333333333334,0.9713261648745519,1.9999999999999964,0.8283154121863789,0.7999999999999994,0.158447584789311,3,
861,110,0.42273913174596284,3.249999999999999,0.2816063921738844,2.0,0.0,17.0,7.974789915966387,0,1.6722689075630253,2.199999999999998,0.8815126050420156,0.8000000000000002,0.22201507688505165,4,
862,200,0.42231660391334386,12.19999999999999,0.2813061404398781,2.0,0.0,38.0,13.746951219512194,0.5681818181818182,1.7530487804878048,3.6999999999999917,1.3685975609756078,1.0999999999999994,0.778380878019758,3,
863,200,0.4218944983973639,11.874999999999986,0.2809919940166814,2.0,0.0,37.0,13.462732919254659,0.5613207547169812,1.2267080745341614,4.0999999999999925,1.365217391304346,0.9999999999999992,1.0779310012248826,3,
864,200,0.42147281477591764,9.524999999999979,0.2807880504056177,3.0,0.0,39.0,17.265625,0.6818181818181818,0.8671875,6.2000000000000135,3.037890625000001,3.2999999999999963,3.522328984512104,3,
865,200,0.4210515526273212,9.299999999999986,0.2804936632669808,3.0,1.0,36.0,13.867857142857142,0.5722222222222222,0.9142857142857143,3.6999999999999913,1.5346428571428536,1.4999999999999976,0.7895599433666187,3,
866,200,0.42063071153031245,7.624999999999986,0.2802111489167655,3.0,0.0,34.0,14.015686274509804,0.6602564102564102,0.06666666666666667,2.4999999999999933,1.0898039215686235,1.0999999999999965,0.22938976377952638,3,
867,200,0.4202102910640503,9.099999999999987,0.27993860965004613,3.0,0.0,36.0,14.42910447761194,0.6569767441860465,1.623134328358209,3.199999999999992,1.527238805970146,1.4,0.7483356306475586,3,
868,200,0.41979029080811425,7.94999999999999,0.2795960946505964,3.0,0.0,33.0,13.061818181818182,0.6036585365853658,0.14545454545454545,2.6999999999999957,0.9178181818181799,0.8999999999999944,0.23237649423463372,3,
869,200,0.41937071034250395,9.849999999999985,0.27928732508123133,3.0,1.0,36.0,14.650684931506849,0.6329787234042553,0.5445205479452054,3.7999999999999905,1.7263698630136937,1.6999999999999964,0.7896906043653104,3,
870,26,0.418951549247639,-3.575,0.2791855706427604,1.0,0.0,3.0,1.4935064935064934,0,0.7792207792207793,1.6,0.5857142857142859,0.5999999999999999,0.15060053981106608,4,
871,200,0.41853280710435814,12.499999999999988,0.2788915006763303,2.0,0.0,39.0,14.138801261829652,0.5462962962962963,1.1198738170347002,5.200000000000005,1.9895899053627741,1.499999999999996,2.3940163999681543,3,
872,200,0.41811448349391933,12.749999999999972,0.2785201419448593,2.0,0.0,36.0,15.207446808510639,0.5368852459016393,3.8430851063829787,2.89999999999999,1.4428191489361661,1.4999999999999951,0.41175985853227,3,
873,200,0.4176965779979988,9.574999999999982,0.278293173424195,3.0,0.0,39.0,15.460076045627376,0.65,0.034220532319391636,4.399999999999993,2.1300380228136846,2.1999999999999957,1.6714032500578226,3,
874,200,0.41727909019869114,8.099999999999989,0.277986279452516,3.0,0.0,35.0,14.350597609561753,0.6858974358974359,0.027888446215139442,2.7999999999999923,1.1872509960159334,1.0999999999999979,0.4940285714285679,3,
875,68,0.4168620196785084,-0.5999999999999983,0.27776287184510284,2.0,0.0,10.0,3.708029197080292,0,0.8978102189781022,1.5999999999999992,0.7014598540145983,0.7000000000000001,0.145261082693947,4,
876,98,0.41644536602038007,1.300000000000002,0.27758644273449806,2.0,1.0,15.0,5.9238578680203045,0,1.0507614213197969,2.199999999999998,0.7467005076142126,0.6999999999999972,0.2205658627087195,4,
877,200,0.4160291288076525,8.599999999999989,0.27727093978189,2.0,0.0,34.0,12.930909090909092,0.5833333333333334,0.8036363636363636,1.9999999999999951,0.878545454545453,0.8999999999999988,0.1755056595789684,3,
878,200,0.4156133076240884,8.099999999999984,0.27705017315420344,3.0,0.0,36.0,15.489539748953975,0.7105263157894737,0.0,2.9999999999999916,1.5656903765690344,1.7999999999999954,0.7341495098039167,3,
879,69,0.4151979020538666,-1.5749999999999995,0.27683066670155876,1.0,0.0,10.0,3.712121212121212,0,1.2651515151515151,1.6999999999999997,0.6484848484848482,0.6499999999999997,0.12129254433794404,4,
880,200,0.4147829116815814,11.52499999999999,0.2764524581371817,3.0,0.0,36.0,13.164596273291925,0.5384615384615384,0.4720496894409938,3.2999999999999914,1.3838509316770153,1.2000000000000002,0.6670748338686135,3,
881,21,0.41436833609224244,-4.675,0.27638889898462793,1.0,0.0,2.0,0.7037037037037037,0,0.0,1.1,0.41296296296296303,0.4000000000000002,0.07930360205831903,4,
882,200,0.4139541748712741,8.349999999999982,0.27617102777350333,3.0,0.0,37.0,15.710204081632654,0.7,0.8,3.8999999999999893,1.8616326530612202,1.8999999999999964,1.1957723577235688,3,
883,200,0.41354042760451515,9.024999999999984,0.2759259771941003,3.0,0.0,36.0,14.536496350364963,0.6363636363636364,0.08394160583941605,3.499999999999992,1.7248175182481709,1.9999999999999967,0.9149437229437165,3,
884,200,0.4131270938782182,9.824999999999985,0.2756397591163858,4.0,0.0,37.0,14.302013422818792,0.6275510204081632,4.060402684563758,3.3999999999999875,1.5194630872483175,1.4999999999999918,0.5943258673693411,3,
885,200,0.41271417327904963,10.649999999999988,0.2752719223244241,1.0,0.0,34.0,13.06031746031746,0.5459183673469388,0.9968253968253968,2.7999999999999936,1.2250793650793617,1.1999999999999953,0.3651207369184837,3,
886,93,0.41230166539408875,1.800000000000006,0.27498555528127855,2.0,0.0,14.0,6.0,0,0.0,1.4,0.5738219895287959,0.5999999999999998,0.09031195175438586,4,
887,200,0.4118895698108276,9.174999999999986,0.27473619080692246,5.0,0.0,39.0,14.802238805970148,0.6630434782608695,1.8805970149253732,4.199999999999989,1.7511194029850699,1.699999999999995,1.0702002144159872,3,
888,69,0.41147788611717057,1.6000000000000039,0.27456130035294396,2.0,0.0,10.0,4.4525139664804465,0,0.9664804469273743,1.5999999999999996,0.6223463687150839,0.6000000000000001,0.11458801498127334,4,
889,200,0.41106661390143395,12.174999999999981,0.27425126423577073,5.0,0.0,37.0,13.164634146341463,0.5277777777777778,1.978658536585366,3.899999999999991,1.438109756097558,1.0999999999999996,0.9908434418077148,3,
890,200,0.4106557527523455,12.649999999999983,0.2739481858089132,4.0,0.0,41.0,13.959866220735785,0.5277777777777778,0.7725752508361204,5.700000000000007,1.8795986622073573,1.2000000000000002,2.6201816554809847,3,
891,200,0.410245302259044,10.474999999999993,0.27368727308901963,2.0,0.0,38.0,13.509868421052632,0.6127450980392157,3.1315789473684212,3.59999999999999,1.1746710526315756,1.0999999999999956,0.4663042796082862,3,
892,200,0.40983526201107895,7.8499999999999845,0.27321513154623295,4.0,0.0,34.0,14.26615969581749,0.625,0.9505703422053232,2.79999999999999,1.4410646387832657,1.599999999999988,0.5244809738607407,3,
893,27,0.40942563159841006,-3.2,0.2731256302984848,2.0,0.0,3.0,1.2820512820512822,0,0.0,1.1,0.3935897435897438,0.4000000000000002,0.06625184941640636,4,
894,86,0.4090164106114069,1.1750000000000052,0.2729289214515645,2.0,0.0,13.0,6.2368421052631575,0,1.8526315789473684,1.6999999999999997,0.7821052631578941,0.7999999999999992,0.13726252804786826,4,
895,68,0.40860759864084845,-0.19999999999999707,0.27278202768355386,2.0,0.0,10.0,4.3776223776223775,0,0.48951048951048953,1.4,0.5692307692307694,0.5999999999999993,0.10073650234741775,4,
896,200,0.4081991952779227,9.174999999999986,0.2725425248735379,2.0,0.0,36.0,14.638783269961976,0.6428571428571429,0.04182509505703422,3.6999999999999917,1.637262357414445,1.6999999999999962,1.0383983923201408,3,
897,200,0.4077912001142262,9.399999999999979,0.27228255946888014,3.0,0.0,37.0,14.486013986013987,0.6117021276595744,1.8041958041958042,4.399999999999996,1.870629370629367,1.8999999999999955,1.0742553945840168,3,
898,200,0.4073836127417638,12.749999999999988,0.27190208210454886,2.0,1.0,35.0,14.197831978319783,0.5296610169491526,1.6802168021680217,2.3999999999999955,1.1279132791327886,1.1999999999999922,0.27458871915393557,3,
899,200,0.40697643275294815,8.199999999999985,0.27159821149024777,2.0,0.0,36.0,15.079681274900398,0.6875,0.8844621513944223,3.099999999999993,1.624701195219119,1.7999999999999945,0.6852971428571374,3,
900,200,0.4065696597405991,10.799999999999983,0.27112109317857347,4.0,0.0,36.0,12.501639344262296,0.5153061224489796,0.921311475409836,2.599999999999991,1.0645901639344242,0.9000000000000005,0.40340621775025565,3,
901,200,0.4061632932979437,13.27499999999998,0.2707621574079705,2.0,1.0,36.0,13.437837837837838,0.4916666666666667,2.791891891891892,3.099999999999989,1.238378378378375,1.1999999999999968,0.4549628558280158,3,
902,200,0.40575733301861544,8.87499999999998,0.27048523440899497,3.0,0.0,36.0,15.09727626459144,0.6309523809523809,0.8443579766536965,3.3999999999999937,1.7840466926069998,1.999999999999997,1.0252473958333264,3,
903,200,0.405351778496654,8.924999999999985,0.27026327491022645,2.0,0.0,36.0,14.429657794676807,0.6666666666666666,0.0,3.299999999999995,1.4570342205323166,1.4999999999999925,0.8309035970390881,3,
904,200,0.4049466293265049,10.849999999999987,0.26997961870962295,2.0,0.0,36.0,13.341772151898734,0.5343137254901961,2.3417721518987342,3.599999999999994,1.5098101265822759,1.1,1.0873513594712276,3,
905,200,0.4045418851030188,12.599999999999994,0.2695648080178979,3.0,0.0,33.0,12.301333333333334,0.43965517241379315,0.928,2.4999999999999987,0.9634666666666655,0.8999999999999975,0.3149075548981675,3,
906,200,0.4041375454214515,9.024999999999984,0.26931938226324786,3.0,0.0,35.0,13.836501901140684,0.6280487804878049,0.053231939163498096,3.0999999999999925,1.1832699619771845,1.0,0.5590437774693465,3,
907,200,0.4037336098774634,8.649999999999977,0.26902643249667163,3.0,0.0,38.0,15.66530612244898,0.7012195121951219,0.7877551020408163,4.499999999999993,1.8346938775510175,1.4999999999999973,1.6578035452485598,3,
908,200,0.40333007806711874,14.474999999999973,0.26861905466257524,2.0,0.0,34.0,15.480582524271844,0.49615384615384617,2.8058252427184467,2.199999999999994,1.101213592233006,1.0999999999999999,0.17618888555050788,3,
909,200,0.40292694958688574,13.774999999999974,0.26824067604831425,2.0,0.0,32.0,15.416279069767441,0,0.8930232558139535,2.1999999999999966,0.878604651162789,0.8999999999999975,0.19284560760198755,4,
910,200,0.40252422403363597,12.724999999999987,0.26788962834795,2.0,0.0,35.0,13.164864864864866,0.47881355932203384,3.364864864864865,2.899999999999991,1.304864864864861,1.299999999999994,0.5096557315977435,3,
911,200,0.40212190100464373,9.424999999999992,0.26761703224909905,2.0,0.0,36.0,13.814685314685315,0.5978260869565217,0.9790209790209791,3.1999999999999935,1.5034965034964995,1.5499999999999938,0.6690868635002089,3,
912,200,0.401719980097586,8.874999999999984,0.26736937185572396,4.0,0.0,38.0,16.15899581589958,0.7125,0.0,4.799999999999994,1.9673640167363984,1.6999999999999957,1.7481705182072762,3,
913,200,0.4013184609105419,9.34999999999999,0.26714965639326504,2.0,0.0,37.0,14.335877862595419,0.6802325581395349,0.732824427480916,3.3999999999999893,1.3183206106870191,1.299999999999997,0.4421135439884585,3,
914,158,0.4009173430419921,6.624999999999993,0.2668374090423893,2.0,0.0,25.0,12.344936708860759,0,2.392405063291139,2.6999999999999953,1.080696202531643,0.9999999999999982,0.2979531320414598,4,
915,200,0.4005166260908188,9.949999999999987,0.2665793986888479,1.0,0.0,35.0,12.834983498349835,0.5833333333333334,1.66996699669967,2.299999999999998,0.9627062706270617,0.9000000000000005,0.2387107877309158,3,
916,200,0.40011630965630496,7.149999999999981,0.2662980347134576,2.0,0.0,34.0,15.49795918367347,0.6578947368421053,0.9102040816326531,3.2999999999999923,1.7342857142857084,1.799999999999999,0.6349166999866688,3,
917,200,0.3997163933381341,8.824999999999989,0.26601030680025006,2.0,0.0,34.0,13.427007299270073,0.6309523809523809,0.8138686131386861,2.3999999999999915,1.0591240875912373,1.0999999999999945,0.2744642024642004,3,
918,200,0.3993168767363899,8.249999999999984,0.2655736971182312,3.0,1.0,37.0,15.159183673469387,0.675,0.10612244897959183,3.3999999999999897,1.5457142857142818,1.4999999999999996,0.7362081833933038,3,
919,200,0.39891775945155566,7.774999999999983,0.2651772339833411,3.0,0.0,36.0,16.02092050209205,0.7105263157894737,0.06276150627615062,3.2999999999999883,1.884518828451878,2.199999999999992,0.7814058123249238,3,
920,200,0.39851904108451414,10.42499999999999,0.26491080304572456,3.0,1.0,34.0,13.806962025316455,0.5969387755102041,1.3132911392405062,2.399999999999993,1.16044303797468,1.1999999999999917,0.22403875619648408,3,
921,56,0.39812072123654696,-0.6249999999999979,0.264776694282989,1.0,0.0,8.0,3.4615384615384617,0,0.43356643356643354,1.5000000000000004,0.53986013986014,0.5000000000000002,0.11820715962441312,4,
922,200,0.39772279950933415,10.624999999999988,0.26450157765323,3.0,0.0,37.0,13.452054794520548,0.5416666666666666,1.417808219178082,3.399999999999991,1.4756849315068463,1.2999999999999954,0.9011659219121956,3,
923,200,0.397325275504954,11.449999999999992,0.2642156042953539,2.0,0.0,38.0,13.96774193548387,0.6057692307692307,1.396774193548387,3.599999999999989,1.437419354838706,1.2999999999999963,0.6382838531098094,3,
924,200,0.39692814882588245,7.499999999999984,0.2639224004667703,2.0,0.0,34.0,14.59375,0.6602564102564102,0.0546875,3.099999999999994,1.460546874999996,1.3999999999999992,0.6930243381399216,3,
925,200,0.39653141907499284,11.624999999999986,0.2636286513395522,3.0,0.0,39.0,13.725752508361204,0.5637254901960784,0.06354515050167224,4.599999999999994,1.6668896321070208,1.1999999999999984,1.6355440715883605,3,
926,116,0.39613508585555535,2.05,0.2634458582743135,2.0,0.0,18.0,7.042105263157895,0,0.25263157894736843,1.9999999999999991,0.8799999999999986,0.8,0.22844843347461113,4,
927,200,0.3957391487712367,9.599999999999984,0.2632227773557506,3.0,0.0,37.0,14.726235741444867,0.6337209302325582,0.0,3.8999999999999897,1.7171102661596922,1.7999999999999985,1.2523869419384612,3,
928,39,0.3953436074260998,-2.5499999999999994,0.2631159656206863,1.0,0.0,5.0,2.1881188118811883,0,0.6831683168316832,1.5,0.5356435643564359,0.5000000000000001,0.11121568627450977,4,
929,98,0.39494846142460327,1.7250000000000059,0.2629068897169478,1.0,0.0,15.0,6.405940594059406,0,1.4752475247524752,2.3999999999999986,0.8722772277227714,0.7999999999999975,0.28468396931598144,4,
930,200,0.3945537103716011,10.949999999999982,0.2626666834153921,3.0,0.0,37.0,13.80267558528428,0.5867346938775511,0.1939799331103679,3.699999999999999,1.5685618729096966,1.1000000000000003,1.2047776286353415,3,
931,200,0.3941593538723422,7.649999999999995,0.26237679771483613,2.0,0.0,34.0,14.641221374045802,0.6625,0.07633587786259542,2.9999999999999964,1.5679389312977052,1.5999999999999919,0.5076054368253102,3,
932,200,0.39376539153247,13.34999999999998,0.2620262933129448,3.0,0.0,39.0,13.826347305389222,0.5570175438596491,1.904191616766467,4.399999999999992,1.6161676646706562,1.2000000000000002,1.3842420330778478,3,
933,200,0.3933718229580221,11.024999999999991,0.2617431509370932,3.0,0.0,36.0,13.414239482200648,0.57,0.970873786407767,3.199999999999991,1.3993527508090589,1.2999999999999992,0.631138877251776,3,
934,200,0.39297864775542996,9.874999999999993,0.2614882272669701,3.0,0.0,36.0,14.090909090909092,0.6413043478260869,1.4230769230769231,3.699999999999991,1.375524475524472,1.1999999999999995,0.7673124274099833,3,
935,200,0.39258586553151836,9.449999999999983,0.26109455430267564,3.0,0.0,37.0,14.614785992217898,0.6547619047619048,0.0,3.399999999999992,1.5085603112840424,1.4,0.8018843871123977,3,
936,38,0.39219347589350495,-2.8749999999999982,0.26100072348563286,3.0,0.0,5.0,2.1123595505617976,0,0.7865168539325843,1.2999999999999998,0.5067415730337079,0.5000000000000001,0.11524999999999992,4,
937,200,0.39180147844900015,9.049999999999978,0.2608207805745678,2.0,0.0,39.0,16.118367346938776,0.7142857142857143,0.02857142857142857,4.69999999999999,2.0771428571428534,2.099999999999994,1.6870158603225287,3,
938,200,0.3914098728060065,9.674999999999985,0.2603710436207981,2.0,0.0,37.0,14.498181818181818,0.6166666666666667,0.8181818181818182,4.1999999999999895,1.7665454545454504,1.5,1.199769385380294,3,
939,45,0.3910186585729182,-2.974999999999999,0.2602844045930334,1.0,0.0,6.0,1.9642857142857142,0,0.0,0.9000000000000005,0.41190476190476216,0.40000000000000047,0.0593905031892275,4,
940,200,0.3906278353585211,13.049999999999994,0.25979488300545034,2.0,0.0,35.0,12.351063829787234,0.44166666666666665,2.470744680851064,2.1999999999999957,0.9433510638297856,0.9,0.16580802829354493,3,
941,200,0.39023740277199187,10.224999999999987,0.2595414031051124,2.0,0.0,35.0,14.053691275167786,0.5797872340425532,1.5536912751677852,3.499999999999992,1.714765100671137,1.7999999999999992,0.9814708962534984,3,
942,68,0.38984736042289797,-0.6749999999999978,0.25940054886837305,3.0,0.0,10.0,4.275167785234899,0,0.7516778523489933,1.7000000000000002,0.7174496644295296,0.7000000000000001,0.15755495495495472,4,
943,21,0.38945770792119694,-4.1,0.25931639499172254,2.0,0.0,2.0,0.7166666666666667,0,0.0,0.9000000000000002,0.37666666666666687,0.40000000000000013,0.062139483189774934,4,
944,200,0.3890684448772363,11.124999999999986,0.2590414376879664,2.0,0.0,36.0,12.908517350157728,0.5049019607843137,0.33753943217665616,3.499999999999994,1.3876971608832787,0.8999999999999992,1.1492922538014438,3,
945,200,0.388679570901753,11.174999999999992,0.2587483148495303,2.0,0.0,36.0,12.884735202492212,0.5384615384615384,1.7009345794392523,2.8999999999999915,1.2161993769470378,1.1999999999999953,0.3850372670807425,3,
946,200,0.38829108560587294,10.92499999999999,0.25838935317818124,3.0,0.0,36.0,13.07395498392283,0.55,0.21864951768488747,3.4999999999999925,1.315112540192924,0.9,0.9504245244003255,3,
947,200,0.3879029886011109,11.649999999999984,0.2579212356330401,3.0,0.0,38.0,13.638157894736842,0.5931372549019608,1.1644736842105263,4.099999999999994,1.3799342105263146,0.9,1.2402357842341567,3,
948,200,0.3875152794993697,11.124999999999991,0.257611360303613,4.0,0.0,40.0,14.721428571428572,0.6479591836734694,0.8892857142857142,5.099999999999995,1.8260714285714248,1.4999999999999987,1.4747319481115766,3,
949,200,0.38712795791294036,9.924999999999986,0.2574011532214476,3.0,0.0,37.0,14.978181818181818,0.6277777777777778,0.05818181818181818,4.4999999999999964,2.0152727272727256,1.9999999999999991,1.778990267639899,3,
950,200,0.3867410234545012,8.974999999999984,0.25721987751110653,3.0,0.0,38.0,16.118367346938776,0.7012195121951219,0.9102040816326531,4.699999999999992,2.106530612244895,1.999999999999997,1.9108463281354044,3,
951,200,0.3863544757371177,8.424999999999981,0.2569859864146504,2.0,0.0,36.0,15.47011952191235,0.7,0.14342629482071714,3.499999999999991,1.8159362549800744,1.8999999999999972,0.9309161904761836,3,
952,200,0.3859683143742421,12.949999999999987,0.25668448028593016,4.0,0.0,37.0,12.73087818696884,0.4655172413793104,1.5240793201133145,4.09999999999999,1.4042492917846994,1.0999999999999996,0.9817178672316309,3,
953,200,0.38558253897971306,8.274999999999979,0.25628681974317086,4.0,0.0,37.0,15.2421875,0.6904761904761905,0.02734375,3.3999999999999893,1.7699218749999963,2.1999999999999904,0.9634459449149249,3,
954,200,0.38519714916775516,11.72499999999999,0.2559742339287567,3.0,0.0,37.0,13.326086956521738,0.5235849056603774,1.1801242236024845,4.3999999999999915,1.5310559006211146,1.2999999999999994,1.1204749090979162,3,
955,200,0.3848121445529785,10.44999999999998,0.25570517471329623,2.0,0.0,38.0,15.348993288590604,0.61,0.7181208053691275,5.099999999999996,2.385234899328856,2.2499999999999987,2.1212823891084702,3,
956,200,0.3844275247503785,7.874999999999987,0.25552951421902026,2.0,0.0,37.0,16.14225941422594,0.7115384615384616,0.029288702928870293,3.3999999999999897,1.9573221757322117,2.199999999999996,0.7949289215686207,3,
957,200,0.3840432893753352,14.699999999999976,0.2552274665491157,3.0,0.0,37.0,15.586387434554974,0.5436507936507936,3.722513089005236,3.399999999999989,1.3251308900523522,1.2999999999999923,0.5015708284506183,3,
958,200,0.38365943804361335,7.649999999999985,0.2550686641585781,2.0,0.0,36.0,15.75107296137339,0.7364864864864865,0.0,3.09999999999999,1.5351931330472068,1.5999999999999983,0.6689025198938946,3,
959,200,0.3832759703713615,9.574999999999987,0.2548633526430791,3.0,0.0,37.0,14.325174825174825,0.6329787234042553,1.4125874125874125,3.999999999999987,1.627272727272723,1.399999999999997,0.8874488660676007,3,
960,110,0.38289288597511206,1.6250000000000042,0.2547011659412179,2.0,0.0,17.0,6.2460732984293195,0,1.2827225130890052,1.6999999999999997,0.6272251308900522,0.5999999999999996,0.13172313596491217,4,
961,200,0.38251018447178037,9.399999999999988,0.25428913251932367,2.0,0.0,36.0,13.92,0.6022727272727273,0.24363636363636362,2.8999999999999972,1.4589090909090865,1.5999999999999917,0.676538664974077,3,
962,200,0.38212786547866506,8.349999999999989,0.25388101584851797,2.0,0.0,35.0,14.09727626459144,0.675,0.027237354085603113,2.5999999999999925,1.1560311284046672,1.0000000000000002,0.4352328609496096,3,
963,200,0.3817459286134471,18.274999999999967,0.2535297708350994,2.0,0.0,34.0,16.743589743589745,0.47857142857142854,5.354312354312355,3.4999999999999964,1.416317016317012,1.2999999999999943,0.579270702021298,2,
964,200,0.38136437349418956,14.74999999999997,0.25315122660495737,2.0,1.0,36.0,16.06896551724138,0.5227272727272727,2.3817733990147785,2.599999999999998,1.09310344827586,0.9999999999999963,0.32754063154063046,3,
965,33,0.38098319973933725,-2.525,0.253032998614019,2.0,0.0,4.0,1.891089108910891,0,1.2475247524752475,1.4,0.5772277227722773,0.6,0.10770980392156859,4,
966,200,0.38060240696771647,11.97499999999999,0.2527141066860193,2.0,0.0,36.0,13.26086956521739,0.5576923076923077,2.406832298136646,3.299999999999995,1.3204968944099353,1.1999999999999984,0.6666049400576722,3,
967,200,0.38022199479853436,17.749999999999975,0.25225336817379695,3.0,1.0,34.0,16.269767441860466,0.47857142857142854,2.7255813953488373,2.3999999999999955,1.1493023255813926,1.1,0.2547799609516531,2,
968,200,0.3798419628513787,11.499999999999986,0.25181099619093134,2.0,0.0,37.0,13.61890243902439,0.5833333333333334,3.2408536585365852,2.999999999999992,1.1289634146341445,0.9999999999999997,0.38651227424406975,3,
969,200,0.37946231074621756,9.574999999999982,0.2514189344825894,2.0,0.0,36.0,14.653992395437262,0.6104651162790697,0.8022813688212928,3.699999999999996,1.673764258555131,1.5,1.43039700439509,3,
970,116,0.37908303810339883,4.549999999999999,0.25117405570628304,1.0,0.0,18.0,8.615671641791044,0,2.1940298507462686,2.399999999999997,0.9339552238805959,0.8999999999999979,0.2728433788619239,4,
971,57,0.37870414454364976,-0.124999999999998,0.2510162028180738,2.0,0.0,8.0,3.7096774193548385,0,0.2645161290322581,1.5000000000000004,0.6064516129032257,0.5999999999999998,0.1279637029637029,4,
972,200,0.3783256296880768,12.474999999999998,0.2506762172672688,2.0,0.0,37.0,13.040579710144927,0.5307017543859649,1.4695652173913043,3.299999999999992,1.164637681159418,0.9999999999999997,0.43353575749428447,3,
973,200,0.37794749315816506,8.949999999999989,0.2504071097009031,3.0,0.0,35.0,13.350746268656716,0.6190476190476191,0.9888059701492538,2.3,0.9832089552238787,0.9999999999999959,0.2908041992119505,3,
974,200,0.37756973457577797,11.124999999999988,0.25001564707347257,2.0,0.0,35.0,12.919254658385093,0.5441176470588235,1.4161490683229814,2.899999999999995,1.1919254658385077,1.0000000000000004,0.5808099688473487,3,
975,146,0.37719235356315695,6.74999999999999,0.24976841930789867,2.0,0.0,23.0,11.606451612903227,0,3.1806451612903226,2.199999999999998,1.065806451612901,1.099999999999996,0.22373635521701532,4,
976,86,0.37681534974292086,0.9250000000000069,0.24961182975069846,2.0,0.0,13.0,6.387640449438202,0,1.247191011235955,2.0999999999999996,0.9224719101123581,0.8999999999999975,0.2692787930435881,4,
977,110,0.37643872273806595,-0.07500000000000417,0.24946632257832502,2.0,0.0,17.0,7.543624161073826,0,0.0,1.9999999999999956,1.0395973154362392,1.1,0.27045765765765656,4,
978,51,0.37606247217196515,-1.2,0.24932494470351246,2.0,0.0,7.0,2.4833333333333334,0,0.06666666666666667,1.1,0.4883333333333335,0.5000000000000002,0.07236891450795191,4,
979,200,0.37568659766836787,20.699999999999992,0.24875059994279394,2.0,0.0,33.0,14.126177024482109,0.2857142857142857,4.3559322033898304,2.099999999999997,0.8679849340866272,0.8000000000000003,0.1711413675698675,3,
980,182,0.37531109885139957,6.999999999999995,0.24839298572957744,2.0,0.0,29.0,10.954268292682928,0,2.417682926829268,2.5999999999999934,1.019207317073168,0.9999999999999983,0.2641152412555875,4,
981,200,0.37493597534556133,17.524999999999977,0.2480754992904188,2.0,0.0,34.0,16.860849056603772,0.49264705882352944,4.490566037735849,2.899999999999993,1.3969339622641455,1.3999999999999948,0.32308201919065466,2,
982,200,0.3745612267757298,16.474999999999984,0.2475718297960557,3.0,0.0,37.0,14.185267857142858,0.4054054054054054,3.4888392857142856,3.4999999999999947,1.2243303571428548,0.999999999999997,0.7003713447232935,3,
983,200,0.37418685276715613,9.399999999999983,0.24739232315274384,2.0,0.0,38.0,15.509727626459144,0.6802325581395349,0.8365758754863813,4.09999999999999,2.0035019455252887,1.799999999999998,1.7199748667635573,3,
984,200,0.3738128529454665,11.449999999999989,0.24711098772608692,2.0,0.0,36.0,12.693498452012383,0.5288461538461539,1.696594427244582,2.999999999999997,1.1232198142414838,0.9999999999999997,0.44686450425580615,3,
985,200,0.37343922693666093,11.424999999999985,0.24682861914305404,3.0,1.0,36.0,12.754838709677419,0.5343137254901961,2.067741935483871,2.799999999999993,1.1161290322580624,0.9999999999999997,0.39071166193196377,3,
986,200,0.3730659743671134,15.74999999999999,0.24651219430193397,2.0,0.0,36.0,12.549878345498783,0.41417910447761197,1.6253041362530414,2.3999999999999897,0.9710462287104599,0.9,0.22653528297418732,3,
987,27,0.3726930948635714,-2.8499999999999996,0.24641735095353257,1.0,0.0,3.0,1.2976190476190477,0,0.0,1.0,0.4404761904761907,0.5000000000000001,0.06789510985116938,4,
988,32,0.3723205880531552,-2.0999999999999996,0.24632919780538393,2.0,0.0,4.0,2.4571428571428573,0,0.9142857142857143,1.6999999999999997,0.7238095238095235,0.6999999999999997,0.1763062409288824,4,
989,200,0.3719484535633582,10.299999999999986,0.2460542524765219,3.0,1.0,37.0,14.134680134680135,0.5969387755102041,1.6868686868686869,3.899999999999988,1.7225589225589182,1.6999999999999962,0.8579856702339851,3,
990,200,0.3715766910220457,11.424999999999986,0.24582513554825805,3.0,0.0,39.0,14.325503355704697,0.5735294117647058,0.8422818791946308,5.299999999999999,1.956375838926173,1.3999999999999995,2.2206722745853145,3,
991,200,0.37120530005745517,11.499999999999988,0.2455773702254888,3.0,0.0,37.0,13.594855305466238,0.5384615384615384,1.8842443729903537,3.8999999999999897,1.5813504823151088,1.3999999999999981,1.1485386683209182,3,
992,200,0.37083428029819565,8.899999999999986,0.24532249946170825,3.0,0.0,36.0,14.73134328358209,0.6453488372093024,0.8582089552238806,3.899999999999989,1.7600746268656673,1.7499999999999956,0.9420384834941377,3,
993,200,0.37046363137324734,10.724999999999982,0.24507374494366274,3.0,0.0,39.0,15.04778156996587,0.63,2.1877133105802047,4.599999999999994,2.0890784982935133,1.8999999999999977,2.1291887988071876,3,
994,74,0.37009335291196127,0.8250000000000028,0.24487916582229297,2.0,0.0,11.0,4.865168539325842,0,1.0056179775280898,1.6,0.646067415730337,0.6000000000000001,0.1385563235804689,4,
995,200,0.369723444544059,7.799999999999985,0.2445287434228726,2.0,0.0,35.0,14.38,0.6602564102564102,0.82,2.2999999999999927,1.2087999999999954,1.2999999999999912,0.2508065729051642,3,
996,200,0.369353905899632,10.77499999999999,0.24421445739477338,3.0,0.0,36.0,13.907894736842104,0.5969387755102041,1.0657894736842106,3.399999999999992,1.5299342105263123,1.3999999999999984,0.7599345344370454,3,
997,39,0.3689847366091418,-2.6249999999999987,0.2441275966058961,2.0,0.0,5.0,2.0729166666666665,0,0.8854166666666666,1.3,0.5541666666666668,0.6000000000000001,0.09228431904503526,4,
998,200,0.3686159363034188,11.049999999999988,0.24394515646800732,4.0,1.0,40.0,15.593959731543624,0.6346153846153846,2.5167785234899327,5.199999999999999,2.29463087248322,2.0499999999999963,2.2976480524306657,3,
999,200,0.3682475046136629,15.6,0.2436075557024573,2.0,1.0,36.0,11.988179669030734,0.2934782608695652,3.8605200945626477,3.2999999999999945,1.2286052009456243,0.9999999999999997,0.6938191898417192,3,
1000,200,0.36787944117144233,12.69999999999999,0.24333098254134045,2.0,0.0,37.0,12.592485549132949,0.4692982456140351,1.453757225433526,3.499999999999991,1.3242774566473967,1.0,0.7909201019086953,3,
1001,200,0.3675117456086935,9.524999999999984,0.24311858300306471,3.0,0.0,37.0,15.478571428571428,0.6413043478260869,0.9285714285714286,4.799999999999994,2.280357142857139,2.299999999999997,1.8506734779780274,3,
1002,200,0.36714441755772104,10.449999999999978,0.24295552087903483,4.0,0.0,40.0,15.898832684824903,0.6611111111111111,0.7509727626459144,5.5,2.2789883268482467,2.099999999999996,2.590025738856583,3,
1003,200,0.3667774566511966,9.374999999999988,0.2426026903888241,3.0,0.0,36.0,13.921708185053381,0.5944444444444444,1.1316725978647686,3.299999999999988,1.546263345195725,1.699999999999993,0.6964450354609865,3,
1004,200,0.3664108625221595,16.799999999999983,0.24222497035040014,4.0,0.0,38.0,13.236406619385344,0.4119718309859155,1.5957446808510638,4.499999999999991,1.2186761229314407,0.9000000000000005,0.8764173298756996,3,
1005,200,0.36604463480401533,9.599999999999985,0.2420116247319828,3.0,1.0,38.0,15.33941605839416,0.6630434782608695,0.7445255474452555,4.499999999999991,2.053284671532842,1.8999999999999975,1.5852110556110472,3,
1006,21,0.36567877313053654,-4.3,0.241961523494055,1.0,0.0,2.0,0.8166666666666667,0,0.11666666666666667,1.0,0.3766666666666668,0.40000000000000013,0.06614059460961377,4,
1007,200,0.3653132771358613,9.774999999999984,0.2417338018761381,3.0,0.0,36.0,14.57190635451505,0.6145833333333334,1.4949832775919731,4.099999999999989,1.8133779264214007,2.099999999999993,1.316758836689029,3,
1008,200,0.36494814645449375,9.749999999999982,0.241561204168648,3.0,0.0,39.0,14.817120622568094,0.6818181818181818,0.8754863813229572,4.599999999999991,1.5879377431906587,1.3999999999999968,1.3083178900193726,3,
1009,92,0.3645833807213029,-0.024999999999995914,0.24138060226008343,1.0,0.0,14.0,5.546583850931677,0,0.11801242236024845,2.299999999999999,0.9062111801242223,0.7000000000000001,0.381715277777777,4,
1010,200,0.3642189795715233,14.274999999999984,0.24106386692328274,2.0,0.0,37.0,12.813186813186814,0.5083333333333333,1.7472527472527473,3.499999999999996,0.8920329670329669,0.7000000000000001,0.46749499981131215,3,
1011,86,0.3638549426407535,-1.1249999999999973,0.24095255330726362,2.0,0.0,13.0,5.816793893129771,0,0.3282442748091603,2.5999999999999974,1.1343511450381663,1.0999999999999952,0.5261025641025633,4,
1012,200,0.3634912695649568,13.374999999999982,0.24060103505611308,4.0,0.0,39.0,14.505681818181818,0.5666666666666667,1.8636363636363635,4.199999999999987,1.4014204545454503,1.299999999999999,0.7092934795767604,3,
1013,200,0.3631279599804599,10.974999999999982,0.24033544424658254,4.0,0.0,39.0,14.483221476510067,0.6127450980392157,2.134228187919463,4.699999999999998,1.8657718120805353,1.5999999999999972,1.6633438059524985,3,
1014,200,0.36276501352395324,9.299999999999981,0.2401833068409337,3.0,0.0,39.0,16.592,0.7034883720930233,0.088,4.799999999999994,2.4687999999999968,2.7999999999999945,2.019298868781894,3,
1015,200,0.36240242983249027,8.874999999999982,0.23990796460837555,4.0,0.0,38.0,15.73929961089494,0.6802325581395349,0.027237354085603113,4.299999999999994,2.141245136186766,2.299999999999996,1.6285958696705354,3,
1016,92,0.36204020854348745,3.3750000000000067,0.23968407123549806,2.0,0.0,14.0,6.957805907172996,0,3.261603375527426,2.7999999999999976,1.0447257383966237,0.8999999999999995,0.4470371029767832,4,
1017,146,0.36167834929472326,8.874999999999986,0.23943995102231158,3.0,1.0,23.0,10.765895953757225,0,3.2630057803468207,2.199999999999998,1.0346820809248534,1.0999999999999932,0.2622675521029101,4,
1018,33,0.36131685172433853,-3.6500000000000004,0.23936262931324587,1.0,0.0,4.0,1.5256410256410255,0,0.1282051282051282,1.4,0.4935897435897436,0.5000000000000001,0.10215518658556628,4,
1019,200,0.3609557154708356,11.474999999999985,0.23910784085226966,3.0,0.0,38.0,15.003225806451614,0.6153846153846154,1.3387096774193548,4.299999999999992,1.9096774193548351,1.699999999999995,1.425469567841489,3,
1020,200,0.3605949401730783,11.324999999999989,0.2389181578844373,2.0,0.0,40.0,16.11986301369863,0.6323529411764706,2.6164383561643834,6.300000000000004,2.729109589041097,2.3999999999999986,3.3860074123594175,3,
1021,92,0.3602345254702911,-0.29999999999999627,0.2387781442987813,3.0,0.0,14.0,5.629370629370629,0,0.0979020979020979,1.8999999999999995,0.7328671328671325,0.6000000000000003,0.24347711267605593,4,
1022,200,0.35987447100205955,19.049999999999965,0.23837519714245894,3.0,0.0,34.0,15.885209713024283,0.42808219178082196,2.7637969094922736,3.599999999999993,1.2896247240618068,1.0999999999999999,0.5380627460917684,2,
1023,200,0.35951477640832885,9.849999999999977,0.23807312104512715,3.0,0.0,39.0,15.568093385214008,0.6704545454545454,0.77431906614786,4.899999999999995,2.066536964980543,1.9999999999999973,2.242727410368212,3,
1024,200,0.3591554413294046,13.72499999999998,0.23780843554543632,3.0,1.0,37.0,14.461538461538462,0.5333333333333333,3.78021978021978,3.6999999999999873,1.4046703296703258,1.3999999999999964,0.4848444846975322,3,
1025,200,0.3587964654059516,11.574999999999985,0.2376291169072033,3.0,0.0,39.0,14.385906040268456,0.5576923076923077,0.912751677852349,4.799999999999993,2.0308724832214735,1.8999999999999988,1.88618222357352,3,
1026,200,0.3584378482789939,12.324999999999982,0.23736713668112183,3.0,1.0,42.0,14.622775800711743,0.6323529411764706,0.0,6.600000000000003,1.8644128113878988,1.2000000000000004,3.2092368287740607,3,
1027,92,0.35807958958991437,-1.3999999999999964,0.23723343151134443,2.0,0.0,14.0,6.198473282442748,0,0.8625954198473282,2.199999999999999,1.038167938931296,1.0999999999999992,0.36222843822843737,4,
1028,200,0.3577216889804542,9.774999999999977,0.23708997923428832,3.0,0.0,40.0,16.685258964143426,0.6931818181818182,0.0,5.20000000000002,2.5880478087649426,2.8999999999999977,3.1548076190476304,3,
1029,45,0.3573641460927129,-1.0999999999999999,0.23695681875632413,1.0,0.0,6.0,2.889705882352941,0,0.9191176470588235,1.7000000000000002,0.5963235294117646,0.5999999999999996,0.13550851581508505,4,
1030,200,0.3570069605691474,12.499999999999993,0.23657494623914863,2.0,0.0,37.0,12.91764705882353,0.5089285714285714,1.0205882352941176,4.099999999999991,1.3185294117647033,1.0999999999999983,0.802104775992867,3,
1031,51,0.35665013205257223,-1.0999999999999983,0.23649018309104622,2.0,0.0,7.0,3.552,0,0.352,1.899999999999999,0.7207999999999998,0.6000000000000006,0.212380952380952,4,
1032,200,0.3562936601861588,14.474999999999977,0.23623741999875678,2.0,0.0,35.0,14.80451127819549,0.484375,2.944862155388471,3.599999999999994,1.3791979949874649,1.399999999999995,0.5351846733668311,3,
1033,200,0.35593754461343535,11.724999999999987,0.2360307744229072,3.0,1.0,37.0,13.952095808383234,0.5409090909090909,2.2395209580838324,3.599999999999995,1.7239520958083794,1.5999999999999994,0.8600328089283265,3,
1034,38,0.35558178497828613,-2.4499999999999993,0.23594881182155614,1.0,0.0,5.0,2.1782178217821784,0,0.3069306930693069,1.6999999999999997,0.6544554455445543,0.6000000000000001,0.17774509803921554,4,
1035,200,0.3552263809249515,11.224999999999982,0.23574248093157457,3.0,0.0,39.0,14.078291814946619,0.6041666666666666,0.7544483985765125,4.799999999999998,1.6402135231316712,0.9000000000000009,1.8289754305977661,3,
1036,200,0.3548713320980274,9.124999999999979,0.23558575125983816,2.0,0.0,37.0,15.270992366412214,0.6453488372093024,1.6717557251908397,4.499999999999995,1.9961832061068676,1.9999999999999987,1.719323456142645,3,
1037,200,0.35451663814246503,18.899999999999974,0.23529791245257775,2.0,0.0,36.0,16.029816513761467,0.47916666666666663,3.8623853211009176,3.0999999999999934,1.101146788990824,0.9999999999999979,0.36584923327809604,2,
1038,200,0.35416229870357024,12.099999999999977,0.23513645279704173,2.0,0.0,40.0,15.142857142857142,0.6,1.8641114982578397,5.500000000000008,2.3240418118466906,1.2999999999999998,3.3564313811188913,3,
1039,200,0.35380831342700375,13.199999999999978,0.2348774373369206,2.0,0.0,35.0,14.308510638297872,0.5083333333333333,4.73404255319149,2.6999999999999984,1.3215425531914855,1.2999999999999943,0.3595650574712635,3,
1040,200,0.35345468195878016,11.374999999999984,0.23471279650892116,4.0,0.0,41.0,15.458015267175572,0.6458333333333334,0.09923664122137404,5.39999999999999,2.0969465648854917,2.099999999999997,1.5139058607578249,3,
1041,200,0.353101403945268,10.524999999999983,0.2345549723392118,5.0,0.0,38.0,15.082142857142857,0.6117021276595744,0.12857142857142856,4.699999999999995,2.1924999999999977,2.3999999999999986,2.198221788543214,3,
1042,200,0.3527484790331891,11.024999999999986,0.2342039031319591,2.0,0.0,38.0,13.464516129032258,0.5480769230769231,0.9967741935483871,4.099999999999993,1.5419354838709656,1.2499999999999991,1.1494791829259352,3,
1043,200,0.35239590686961875,8.09999999999998,0.23402120629160678,4.0,0.0,36.0,17.197424892703864,0.7364864864864865,0.0,4.599999999999993,2.4030042918454906,2.5999999999999948,1.5965439876215686,3,
1044,200,0.3520436871019846,8.074999999999985,0.23382434248064382,2.0,0.0,37.0,16.12350597609562,0.7012195121951219,0.08764940239043825,3.8999999999999955,2.207968127490035,2.599999999999991,1.2433028571428502,3,
1045,50,0.3516918193780669,-1.049999999999998,0.23370918554710868,1.0,0.0,7.0,3.223076923076923,0,0.6923076923076923,1.799999999999999,0.6676923076923074,0.6000000000000002,0.16711994792591256,4,
1046,200,0.3513403033459978,10.924999999999983,0.2335173255523107,4.0,0.0,38.0,13.462328767123287,0.6173469387755102,1.9315068493150684,3.6999999999999935,1.2311643835616424,0.8999999999999997,0.778113249592435,3,
1047,200,0.35098913865426146,12.399999999999988,0.2333323075534132,3.0,0.0,38.0,14.478658536585366,0.5863636363636363,3.2621951219512195,4.399999999999989,1.644817073170728,1.4999999999999938,1.0267509736668374,3,
1048,200,0.35063832495169295,13.69999999999997,0.23298063398650007,2.0,0.0,35.0,14.98223350253807,0.503968253968254,2.6040609137055837,3.4999999999999973,1.3928934010152245,1.3499999999999952,0.5870598769607352,3,
1049,200,0.3502878618874786,13.124999999999993,0.23273743651038198,3.0,1.0,37.0,12.577712609970675,0.5089285714285714,0.5249266862170088,3.6999999999999904,1.1404692082111414,0.9,0.6328544891640826,3,
1050,200,0.3499377491111553,8.699999999999983,0.23258332209861463,3.0,0.0,38.0,16.82832618025751,0.7371794871794872,0.030042918454935622,4.099999999999991,2.1815450643776773,2.3999999999999972,1.2691677718832808,3,
1051,200,0.3495879862726104,11.29999999999999,0.23233782458881969,3.0,1.0,39.0,15.003355704697986,0.6225490196078431,1.348993288590604,4.8,2.071140939597312,1.5999999999999959,1.849859126380862,3,
1052,200,0.3492385730220808,9.699999999999976,0.2320375099442114,3.0,0.0,37.0,15.134328358208956,0.6477272727272727,1.6044776119402986,3.6999999999999953,2.0018656716417875,2.3999999999999897,1.3981130000139161,3,
1053,200,0.34888950901015336,9.724999999999984,0.23173640103275156,2.0,0.0,38.0,15.432727272727274,0.6630434782608695,0.16363636363636364,4.499999999999993,2.1178181818181785,1.8999999999999977,1.8094155294615388,3,
1054,200,0.348540793887764,14.774999999999983,0.2313952046139088,3.0,0.0,36.0,13.592875318066158,0.4765625,3.2493638676844783,3.099999999999993,1.2040712468193362,1.0000000000000004,0.5513355951517642,3,
1055,200,0.3481924273061976,13.849999999999987,0.23119199052940784,3.0,0.0,42.0,15.307926829268293,0.597457627118644,2.817073170731707,6.000000000000013,2.142378048780488,1.6999999999999968,2.690820575741527,3,
1056,80,0.3478444089170874,1.2000000000000037,0.23108489063666934,2.0,0.0,12.0,5.441860465116279,0,0.436046511627907,1.6999999999999997,0.7226744186046509,0.7000000000000001,0.11478044823040254,4,
1057,200,0.34749673837241524,11.349999999999987,0.2309086557421673,3.0,1.0,40.0,14.372759856630825,0.56,1.6379928315412187,5.199999999999992,1.8218637992831501,1.599999999999997,1.508609455292902,3,
1058,45,0.3471494153245103,-1.2749999999999981,0.23083068031485934,1.0,0.0,6.0,2.8823529411764706,0,0.8235294117647058,1.6,0.5983193277310924,0.6000000000000001,0.12891384180790946,4,
1059,63,0.34680243942604977,2.275000000000003,0.2306624808297747,2.0,0.0,9.0,4.151041666666667,0,0.4427083333333333,1.4,0.5708333333333337,0.6000000000000001,0.08529745273038002,4,
1060,200,0.3464558103300574,11.499999999999986,0.23043890751498688,5.0,0.0,40.0,14.495238095238095,0.5681818181818182,2.577777777777778,5.1999999999999975,2.12222222222222,1.9000000000000004,1.9171762879948344,3,
1061,200,0.3461095276899044,9.774999999999984,0.23012175584722772,2.0,0.0,36.0,13.972027972027972,0.5869565217391305,0.8951048951048951,2.8999999999999893,1.6083916083916048,1.7999999999999976,0.599866984534502,3,
1062,105,0.34576359115930777,0.5750000000000017,0.22994443667907663,1.0,0.0,16.0,6.018518518518518,0,0.11728395061728394,1.3000000000000003,0.5746913580246916,0.6000000000000001,0.08967153145600731,4,
1063,200,0.3454180003923312,10.899999999999988,0.2297733194752163,3.0,0.0,41.0,16.072519083969464,0.675531914893617,0.22137404580152673,5.499999999999997,2.4267175572519046,2.1999999999999966,2.181226345002396,3,
1064,200,0.34507275504338375,11.199999999999982,0.2296278552164922,3.0,1.0,42.0,16.322709163346612,0.6648936170212766,1.6852589641434264,6.399999999999998,2.3705179282868487,1.9999999999999956,2.4735923809523737,3,
1065,140,0.3447278547672202,6.150000000000002,0.22943601067581373,3.0,0.0,22.0,10.674496644295303,0,4.389261744966443,2.5999999999999956,1.0302013422818763,0.9999999999999969,0.31278267626093686,4,
1066,200,0.34438329921894,16.94999999999998,0.2291760353943179,2.0,1.0,35.0,16.14651162790698,0.4818840579710145,6.9906976744186045,2.5999999999999965,1.0837209302325541,0.999999999999999,0.2577828976900902,3,
1067,56,0.34403908805398786,0.0750000000000024,0.22902844067168082,1.0,0.0,8.0,3.5472972972972974,0,0.4594594594594595,1.2999999999999998,0.6209459459459459,0.6000000000000002,0.09666027484819427,4,
1068,200,0.34369522092815236,13.17499999999998,0.2287137893349346,2.0,0.0,36.0,12.91150442477876,0.42272727272727273,2.3569321533923304,4.599999999999997,1.635693215339232,1.199999999999999,1.5480315001740306,3,
1069,68,0.3433516974975665,1.3750000000000038,0.22856913329991094,2.0,0.0,10.0,4.587301587301587,0,1.6666666666666667,1.9999999999999991,0.7957671957671955,0.7999999999999984,0.18570156774915997,4,
1070,80,0.34300851741870664,4.175000000000008,0.2283905720320475,2.0,0.0,12.0,5.971887550200803,0,1.5100401606425702,2.199999999999999,0.8449799196787142,0.7999999999999979,0.2357316129032256,4,
1071,200,0.3426656803483929,19.09999999999998,0.22803724736443434,3.0,0.0,35.0,15.810869565217391,0.4276315789473685,4.641304347826087,2.4999999999999973,1.2967391304347782,1.299999999999995,0.32092566600031,2,
1072,200,0.34232318594378797,9.549999999999986,0.22786415458841464,2.0,0.0,38.0,14.820512820512821,0.6413043478260869,1.695970695970696,4.199999999999989,1.87399267399267,1.399999999999999,1.4055329540575274,3,
1073,200,0.3419810338623976,10.724999999999987,0.22769312659133348,2.0,0.0,37.0,13.278745644599303,0.5904255319148937,0.04878048780487805,3.0999999999999903,1.2306620209059211,1.0000000000000002,0.604154283216779,3,
1074,200,0.34163922376206945,11.774999999999986,0.2274439342289599,4.0,0.0,38.0,13.488888888888889,0.5707547169811321,0.9238095238095239,4.299999999999989,1.4498412698412668,1.2,0.8568578166572545,3,
1075,200,0.3412977553009937,8.424999999999981,0.2273065236008771,2.0,0.0,37.0,16.234309623430963,0.7115384615384616,0.0,3.5999999999999894,2.0125523012552247,2.2999999999999954,0.9512398459383681,3,
1076,200,0.34095662813770156,8.824999999999985,0.22715414168331358,2.0,0.0,37.0,16.15209125475285,0.6337209302325582,1.6349809885931559,4.499999999999989,2.5726235741444814,3.1999999999999895,1.7665004048114634,3,
1077,200,0.3406158419310661,10.549999999999981,0.22701100207343794,4.0,0.0,41.0,16.282868525896415,0.6944444444444444,0.0,5.6000000000000165,2.3466135458167345,1.6999999999999997,3.1299485714285806,3,
1078,200,0.3402753963403008,10.299999999999983,0.22682816266599687,3.0,0.0,37.0,13.850909090909092,0.6388888888888888,0.0,3.19999999999999,1.3258181818181791,1.1999999999999993,0.7517433618956898,3,
1079,200,0.33993529102496034,13.199999999999989,0.22644481096715155,2.0,1.0,35.0,12.88713910761155,0.4385245901639344,1.3937007874015748,2.5999999999999934,1.1900262467191578,1.0999999999999996,0.3584856709837398,3,
1080,200,0.3395955256449391,9.69999999999998,0.22628051138009941,2.0,0.0,38.0,15.087452471482889,0.6363636363636364,0.8897338403041825,4.099999999999993,1.9338403041825063,1.899999999999999,1.719069801064068,3,
1081,200,0.33925609986047195,9.699999999999985,0.2260889136459835,3.0,0.0,39.0,14.697080291970803,0.6436170212765957,1.5802919708029197,4.799999999999998,1.8211678832116769,1.2999999999999996,1.7824953712953677,3,
1082,32,0.3389170133321328,-3.4499999999999993,0.22602897508473016,1.0,0.0,4.0,1.5064935064935066,0,0.09090909090909091,1.2999999999999998,0.5077922077922078,0.5000000000000001,0.10956815114709847,4,
1083,200,0.3385782657208353,10.224999999999987,0.2257640311288373,3.0,0.0,38.0,14.428571428571429,0.6436170212765957,0.4357142857142857,3.799999999999987,1.6503571428571384,1.6999999999999922,0.7248662610492418,3,
1084,200,0.3382398566878317,14.674999999999981,0.22542639261284983,3.0,0.0,37.0,14.246612466124661,0.5241935483870968,1.7018970189701896,3.9999999999999925,1.3425474254742529,0.9000000000000005,1.0747558754406528,3,
1085,200,0.33790178589471304,9.774999999999988,0.2252632998576406,3.0,0.0,40.0,16.02390438247012,0.6818181818181818,0.14342629482071714,5.799999999999997,2.2055776892430243,2.0999999999999925,2.176577142857137,3,
1086,200,0.33756405300340836,15.274999999999991,0.22501463550735168,4.0,1.0,41.0,13.554666666666666,0.4545454545454546,2.1466666666666665,6.0000000000000036,1.8130666666666662,1.1,2.463180111503015,3,
1087,200,0.33722665767618487,12.97499999999999,0.22476340275101264,3.0,0.0,39.0,13.873529411764705,0.5344827586206896,1.8411764705882352,4.69999999999999,1.6502941176470551,1.4999999999999967,1.1632746823069329,3,
1088,200,0.33688959957564707,9.149999999999986,0.22461040378991154,3.0,0.0,37.0,15.33206106870229,0.6686046511627907,0.22900763358778625,3.599999999999987,1.9824427480915978,2.1999999999999957,0.9788663082907141,3,
1089,200,0.336552878364737,9.949999999999985,0.2244483175240617,3.0,0.0,36.0,14.202797202797203,0.5869565217391305,1.6433566433566433,3.4999999999999956,1.7741258741258707,2.099999999999998,0.9321391283085707,3,
1090,200,0.33621649370673334,20.22499999999998,0.22419202887410394,2.0,0.0,36.0,16.144796380090497,0.45945945945945943,3.588235294117647,2.79999999999999,1.2796380090497708,1.299999999999994,0.37927058859661034,2,
1091,200,0.3358804452652514,9.699999999999985,0.22402180755370024,2.0,0.0,35.0,13.72822299651568,0.6055555555555555,1.038327526132404,2.8999999999999884,1.3749128919860585,1.4999999999999938,0.4925473484848437,3,
1092,200,0.3355447327042427,11.924999999999986,0.22370903673195433,3.0,0.0,37.0,13.125748502994012,0.5227272727272727,1.0389221556886228,3.79999999999999,1.409580838323351,1.0,0.9756654565012716,3,
1093,200,0.33520935568799465,18.17499999999997,0.22338541226725464,2.0,0.0,37.0,16.97877358490566,0.5,4.915094339622642,3.4999999999999916,1.4676886792452792,1.3999999999999981,0.5752091781393375,2,
1094,200,0.3348743138811302,8.124999999999986,0.22328092479371997,3.0,0.0,39.0,17.11453744493392,0.75,0.0,4.799999999999992,2.155947136563871,1.9999999999999925,1.6053151684520965,3,
1095,200,0.3345396069486076,12.474999999999984,0.2230736518194741,3.0,0.0,40.0,13.865443425076453,0.5482456140350878,3.525993883792049,5.199999999999992,1.7837920489296604,1.4,1.5132376926529927,3,
1096,200,0.33420523455571977,11.874999999999984,0.2228320755683399,2.0,0.0,37.0,13.783783783783784,0.5045454545454545,3.6186186186186187,4.499999999999998,1.91111111111111,1.3999999999999986,1.8308540148618406,3,
1097,200,0.3338711963680944,8.724999999999984,0.22265741076087564,2.0,0.0,37.0,15.49402390438247,0.6890243902439024,0.14342629482071714,3.799999999999992,1.8733067729083621,1.8999999999999986,1.1423733333333261,3,
1098,200,0.3335374920516932,13.124999999999982,0.22238677340102264,2.0,0.0,36.0,14.934554973821989,0.5080645161290323,3.7670157068062826,3.6999999999999917,1.598429319371723,1.399999999999999,0.7181699937638303,3,
1099,200,0.33320412127281185,14.574999999999985,0.22212487420562643,2.0,0.0,38.0,12.997297297297298,0.47580645161290325,0.9675675675675676,3.8999999999999932,1.3762162162162137,1.099999999999999,0.9689549229724039,3,
1100,38,0.33287108369807955,-2.549999999999999,0.2220386441280705,1.0,0.0,5.0,2.089108910891089,0,0.0,1.4,0.600990099009901,0.6000000000000001,0.1236745098039215,4,
1101,200,0.3325383789944587,18.974999999999987,0.22166990156225141,3.0,0.0,34.0,15.202173913043477,0.41216216216216217,3.8369565217391304,2.899999999999999,0.978478260869563,0.8999999999999926,0.33599492436164535,2,
1102,200,0.33220600682924445,18.149999999999977,0.22131366454498005,3.0,0.0,37.0,14.703703703703704,0.4078947368421053,3.9847494553376905,3.29999999999999,1.374074074074071,1.1999999999999953,0.6246249288019703,3,
1103,200,0.3318739668700649,18.69999999999998,0.22109033046660276,2.0,0.0,36.0,16.556603773584907,0.4964788732394366,4.783018867924528,2.4999999999999916,1.2143867924528267,1.1999999999999924,0.26712941176470495,2,
1104,200,0.3315422587848797,9.699999999999983,0.22093981801372506,2.0,0.0,38.0,15.620437956204379,0.6195652173913043,0.8321167883211679,4.599999999999995,2.423357664233574,2.949999999999996,1.951013253413249,3,
1105,200,0.331210882241981,10.949999999999985,0.22071469508774627,2.0,0.0,37.0,13.797979797979798,0.5663265306122449,0.29292929292929293,3.699999999999989,1.663973063973061,1.5,0.9291166334119292,3,
1106,44,0.33087983690999206,-1.0749999999999988,0.2206080577792654,2.0,0.0,6.0,3.183098591549296,0,1.556338028169014,1.7999999999999994,0.7802816901408447,0.7499999999999996,0.1907474086197489,4,
1107,200,0.3305491224578677,10.924999999999988,0.22041114320528846,2.0,0.0,40.0,14.815699658703071,0.5735294117647058,1.6416382252559727,5.900000000000001,2.256996587030715,1.6999999999999962,3.1658326344236336,3,
1108,200,0.3302187385548933,15.499999999999975,0.22019576808878233,2.0,0.0,37.0,15.444976076555024,0.4746376811594203,3.751196172248804,3.799999999999991,1.4220095693779866,1.2999999999999958,0.6606676854220651,3,
1109,200,0.329888684870685,11.649999999999991,0.22003627966774775,3.0,0.0,38.0,14.62171052631579,0.6127450980392157,3.7302631578947367,4.499999999999989,1.8417763157894702,1.6999999999999937,1.0817861818968724,3,
1110,200,0.32955896107518906,8.22499999999998,0.21992329743840358,3.0,0.0,37.0,15.828451882845188,0.7243589743589743,0.0,4.0999999999999925,1.7539748953974867,1.9999999999999987,1.3136369047618977,3,
1111,200,0.32922956683868165,11.449999999999987,0.2196814372324462,4.0,0.0,37.0,13.054878048780488,0.4814814814814815,1.9847560975609757,3.599999999999991,1.5881097560975577,1.449999999999998,0.9744713384084769,3,
1112,200,0.3289005018317685,10.07499999999998,0.21952326552168536,2.0,0.0,37.0,14.417857142857143,0.6304347826086957,1.4642857142857142,3.8999999999999924,1.718928571428569,1.3999999999999992,1.143549152412652,3,
1113,200,0.3285717657253846,9.224999999999987,0.2193103025494709,2.0,0.0,35.0,14.262773722627736,0.622093023255814,0.8138686131386861,3.499999999999991,1.5978102189780983,1.5999999999999908,0.8529992673992617,3,
1114,170,0.32824335819079375,6.424999999999997,0.2190846059853204,2.0,1.0,27.0,10.631067961165048,0,2.663430420711974,2.1999999999999984,1.0692556634304187,1.0,0.26232614160033385,4,
1115,200,0.32791527889958855,7.8749999999999805,0.21894510232859893,4.0,0.0,34.0,16.184,0.6602564102564102,0.856,4.299999999999992,2.264799999999995,2.399999999999997,1.2929416470663473,3,
1116,200,0.3275875275236895,15.424999999999985,0.2186903881064176,3.0,0.0,38.0,16.276699029126213,0.5181159420289855,4.067961165048544,3.6999999999999886,1.3356796116504817,1.2499999999999964,0.6390948080333179,3,
1117,200,0.3272601037353453,13.92499999999999,0.21842789986790487,2.0,1.0,38.0,13.3125,0.5127118644067796,2.1619318181818183,3.7999999999999914,1.3536931818181797,1.0999999999999974,0.8878344350015698,3,
1118,200,0.3269330072071321,10.249999999999988,0.21827418733941395,2.0,0.0,34.0,14.278481012658228,0.5867346938775511,2.0949367088607596,3.699999999999995,1.6009493670886041,1.5499999999999945,0.7730764608682558,3,
1119,200,0.3266062376119534,11.199999999999983,0.21803665155946622,3.0,0.0,39.0,14.457142857142857,0.59375,0.8035714285714286,4.299999999999989,1.866785714285711,1.6499999999999992,1.534380668120759,3,
1120,200,0.32627979462303947,12.924999999999986,0.2178398185278833,2.0,0.0,34.0,14.806701030927835,0.49590163934426235,4.451030927835052,3.2999999999999954,1.4167525773195835,1.3999999999999972,0.44294394292660394,3,
1121,200,0.32595367791394736,11.599999999999984,0.21764564559487798,2.0,0.0,36.0,14.511041009463723,0.5931372549019608,1.2839116719242902,4.09999999999999,1.7359621451104066,1.3000000000000003,1.4514656476395107,3,
1122,200,0.32562788715856034,11.02499999999999,0.21743726923085915,3.0,0.0,37.0,14.058064516129033,0.6029411764705882,1.8709677419354838,3.899999999999993,1.491612903225804,1.2999999999999985,0.9707784680381643,3,
1123,200,0.3253024220310876,19.274999999999977,0.21720743553841868,3.0,0.0,37.0,16.977011494252874,0.4671052631578947,6.839080459770115,3.9999999999999907,1.6691954022988456,1.6999999999999913,0.6255831184204922,2,
1124,200,0.324977282206064,14.42499999999999,0.21697194051437468,3.0,0.0,37.0,12.949468085106384,0.4516129032258065,2.377659574468085,3.899999999999996,1.4061170212765939,0.9000000000000002,1.1389865959327985,3,
1125,200,0.32465246735834974,18.87499999999998,0.21662878081965342,2.0,0.0,35.0,13.68421052631579,0.3042168674698795,5.042884990253412,2.599999999999998,1.020662768031187,0.9999999999999948,0.21353097641050503,3,
1126,200,0.3243279771631298,12.499999999999986,0.21642213313072872,3.0,0.0,38.0,13.722543352601155,0.5258620689655172,2.861271676300578,3.8999999999999915,1.6763005780346787,1.499999999999999,1.111875370672006,3,
1127,200,0.32400381129591416,11.32499999999999,0.21614937916185098,2.0,0.0,37.0,12.901898734177216,0.5576923076923077,1.1582278481012658,3.2999999999999896,1.1775316455696176,1.0999999999999979,0.5167471834159493,3,
1128,200,0.3236799694325367,19.899999999999977,0.21591523078106198,2.0,0.0,35.0,16.094036697247706,0.46232876712328763,5.027522935779817,2.499999999999996,1.1561926605504562,1.0999999999999996,0.3337936821063136,2,
1129,80,0.32335645124915574,2.6250000000000044,0.21578466607452845,2.0,0.0,12.0,5.357487922705314,0,0.8792270531400966,1.6999999999999984,0.7801932367149752,0.7999999999999994,0.15975634802091088,4,
1130,200,0.3230332564222529,11.174999999999986,0.2155679343239688,2.0,0.0,34.0,13.24705882352941,0.5141509433962265,2.1029411764705883,3.699999999999991,1.4191176470588203,1.2999999999999963,0.8094356352563556,3,
1131,200,0.3227103846286335,14.299999999999986,0.21537168726532763,3.0,0.0,40.0,13.5,0.44999999999999996,1.7823529411764707,5.800000000000011,1.9644117647058836,1.0999999999999983,3.2957325755413227,3,
1132,200,0.3223878355454255,8.774999999999984,0.21523919365194522,3.0,0.0,35.0,14.65234375,0.6375,0.07421875,3.399999999999996,1.5214843749999964,1.4999999999999922,0.8127148851758568,3,
1133,45,0.32206560885008,-1.7249999999999985,0.2151498598030777,2.0,0.0,6.0,2.7610619469026547,0,0.5663716814159292,1.3000000000000003,0.5212389380530975,0.5000000000000002,0.10132675438596486,4,
1134,200,0.32174370422037013,9.699999999999978,0.21501467644531141,4.0,0.0,41.0,17.764940239043824,0.6833333333333333,1.0159362549800797,6.3000000000000185,3.2501992031872557,3.6999999999999975,3.9527619047619287,3,
1135,200,0.32142212133439135,20.174999999999976,0.21469745083016822,2.0,1.0,37.0,16.32897603485839,0.4294871794871795,5.169934640522876,3.8999999999999893,1.6276688453158996,1.4999999999999911,0.8440532561230244,2,
1136,200,0.32110085987056064,19.024999999999963,0.2144947802582478,3.0,0.0,37.0,17.660377358490567,0.4965753424657534,5.252358490566038,3.599999999999996,1.8766509433962208,1.8999999999999986,0.6183497705465131,2,
1137,200,0.3207799195076166,11.324999999999983,0.21430253567628402,2.0,0.0,36.0,13.313291139240507,0.5637254901960784,1.7088607594936709,2.8999999999999897,1.2914556962025285,1.199999999999999,0.5480021030494167,3,
1138,200,0.32045929992461875,11.199999999999989,0.21412541243872793,2.0,1.0,36.0,13.276190476190477,0.5049019607843137,0.2222222222222222,3.399999999999992,1.592698412698409,1.3999999999999981,0.8317328468918742,3,
1139,200,0.3201390008009476,8.39999999999999,0.2140017709945296,2.0,0.0,35.0,14.4453125,0.65,0.1015625,2.8999999999999884,1.3855468749999955,1.4999999999999956,0.4419462882429193,3,
1140,200,0.31981902181630384,13.47499999999998,0.2138313802954956,2.0,0.0,40.0,14.928977272727273,0.5532786885245902,3.3551136363636362,5.699999999999998,1.8480113636363613,1.1999999999999982,2.2315481465339753,3,
1141,200,0.31949936265070866,11.79999999999999,0.2135745087444957,3.0,0.0,38.0,14.383870967741936,0.6153846153846154,1.1290322580645162,3.7999999999999887,1.538064516129029,1.3999999999999992,0.8428179273457523,3,
1142,200,0.31918002298450265,18.549999999999965,0.21339811859216526,3.0,0.0,35.0,17.224056603773583,0.4928571428571429,5.259433962264151,3.899999999999994,1.614858490566033,1.549999999999994,0.6287214017521879,2,
1143,200,0.3188610024983463,22.024999999999963,0.21317016668335476,2.0,0.0,36.0,15.864016736401673,0.39634146341463417,5.393305439330544,4.699999999999992,1.5146443514644325,1.299999999999998,0.9910032693898411,2,
1144,200,0.31854230087321894,19.599999999999973,0.21296220460597481,4.0,0.0,38.0,17.227064220183486,0.4736842105263158,7.626146788990826,3.799999999999989,1.8360091743119205,1.799999999999996,0.6704729214340157,2,
1145,200,0.3182239177904191,10.974999999999984,0.21282458162436482,2.0,0.0,38.0,14.614035087719298,0.5520833333333334,0.27017543859649124,4.099999999999987,2.0750877192982418,2.399999999999999,1.6364170688466366,3,
1146,200,0.3179058529315635,15.274999999999977,0.2126323778160386,2.0,0.0,38.0,15.647783251231527,0.49264705882352944,5.056650246305419,3.7999999999999887,1.7832512315270894,1.9999999999999911,0.8689365729365683,3,
1147,200,0.31758810597858733,11.549999999999999,0.21245596387349452,2.0,0.0,39.0,13.678456591639872,0.589622641509434,1.7781350482315113,4.1999999999999895,1.399999999999997,1.1,0.9248327129859328,3,
1148,200,0.3172706766137436,14.09999999999999,0.2122459761625771,2.0,0.0,38.0,12.777472527472527,0.4221311475409836,1.9120879120879122,4.099999999999989,1.5925824175824146,1.1000000000000003,1.248553303898251,3,
1149,200,0.31695356451960294,9.67499999999998,0.21210055024632338,3.0,0.0,37.0,14.992857142857142,0.6413043478260869,0.09642857142857143,3.8999999999999915,1.9889285714285678,2.2499999999999956,1.4157169096544528,3,
1150,200,0.31663676937905316,12.599999999999982,0.21193679446681457,3.0,0.0,41.0,14.412698412698413,0.5267857142857143,0.8412698412698413,5.4000000000000155,2.2631746031746034,1.8999999999999986,2.7146712488914013,3,
1151,33,0.3163202908752992,-2.0999999999999996,0.211868083635404,1.0,0.0,4.0,2.0660377358490565,0,0.6132075471698113,1.5999999999999996,0.6264150943396227,0.6000000000000001,0.1359181130396083,4,
1152,200,0.31600412869186245,11.124999999999986,0.2117146624926492,3.0,0.0,40.0,15.417763157894736,0.6179245283018868,1.019736842105263,5.700000000000007,2.3194078947368415,1.9499999999999982,2.674948330898667,3,
1153,200,0.3156882825125808,10.799999999999981,0.21160317890523278,6.0,0.0,42.0,15.92578125,0.675531914893617,0.80078125,6.100000000000004,2.257421874999999,2.049999999999998,2.572484168764782,3,
1154,200,0.31537275202160797,18.199999999999964,0.21142729540331273,2.0,0.0,36.0,17.66745283018868,0.4964788732394366,5.985849056603773,3.7999999999999905,1.8808962264150892,1.9999999999999887,0.7832478931998293,2,
1155,33,0.3150575369034133,-2.75,0.21137501218474408,1.0,0.0,4.0,1.9263157894736842,0,0.4105263157894737,1.4,0.6231578947368422,0.6000000000000005,0.11379210992907798,4,
1156,200,0.3147426368427819,15.074999999999974,0.21120882925932602,2.0,0.0,38.0,14.608247422680412,0.5038461538461538,4.742268041237113,3.7999999999999887,1.628608247422677,1.6,0.8969452581654361,3,
1157,200,0.31442805152481357,9.824999999999982,0.21099298646316142,2.0,0.0,39.0,15.44621513944223,0.6918604651162791,0.13545816733067728,4.799999999999991,1.84462151394422,1.799999999999998,1.7414628571428485,3,
1158,200,0.31411378063492296,12.224999999999978,0.21078074695173635,3.0,0.0,35.0,13.76878612716763,0.55,2.7514450867052025,2.8999999999999946,1.211560693641616,1.1999999999999944,0.548194628910325,3,
1159,200,0.3137998238588391,8.62499999999998,0.2106710092475255,2.0,0.0,38.0,16.02857142857143,0.7012195121951219,0.0,3.799999999999996,2.0526530612244853,2.499999999999988,1.3424336931893834,3,
1160,200,0.3134861808826053,10.049999999999985,0.21044444607096682,4.0,0.0,40.0,15.450199203187251,0.6818181818181818,0.027888446215139442,4.899999999999995,1.861354581673304,1.5999999999999992,1.773156190476183,3,
1161,80,0.3131728513925785,2.100000000000006,0.2103116492020221,2.0,0.0,12.0,6.079207920792079,0,0.8217821782178217,2.5999999999999988,0.9405940594059397,0.8999999999999975,0.315290542362081,4,
1162,134,0.3128598350754292,5.949999999999996,0.2100629808708834,2.0,0.0,21.0,10.982517482517483,0,2.5804195804195804,3.2999999999999967,1.28321678321678,1.2999999999999952,0.5142700654074206,4,
1163,200,0.312547131618141,19.449999999999978,0.20988902792943032,2.0,0.0,36.0,16.427906976744186,0.476027397260274,5.011627906976744,3.399999999999996,1.252558139534882,1.0499999999999976,0.5247288519678294,2,
1164,200,0.31223474070801055,10.82499999999998,0.20976203846063976,3.0,0.0,38.0,14.410526315789474,0.5625,1.3789473684210527,4.099999999999989,1.938245614035084,1.5,1.5982411602481936,3,
1165,200,0.31192266203264674,20.949999999999967,0.20956127043009498,2.0,0.0,37.0,16.43355119825708,0.41874999999999996,5.919389978213507,3.4999999999999964,1.7047930283224353,1.7999999999999892,0.6186727738750668,2,
1166,200,0.31161089527997105,11.749999999999988,0.20925998594865985,2.0,0.0,35.0,14.73463687150838,0.5394736842105263,2.399441340782123,3.099999999999994,1.643575418994409,1.7999999999999885,0.4767082543323715,3,
1167,200,0.3112994401382165,13.299999999999983,0.20909134903232607,4.0,0.0,41.0,14.18944099378882,0.5482456140350878,2.5745341614906834,5.599999999999998,2.0546583850931657,1.5999999999999985,1.9776526527974625,3,
1168,33,0.3109882962959281,-2.675,0.20903557598032102,1.0,1.0,4.0,1.9473684210526316,0,0.8210526315789474,1.6999999999999997,0.5347368421052631,0.5000000000000002,0.13786125886524805,4,
1169,200,0.31067746344196184,11.724999999999984,0.20890684624043324,5.0,0.0,41.0,15.35958904109589,0.6346153846153846,2.078767123287671,5.9,2.2729452054794503,2.149999999999998,2.4010427735359983,3,
1170,104,0.31036694126548503,3.575000000000007,0.20872320220659535,2.0,0.0,16.0,7.1344537815126055,0,1.949579831932773,1.799999999999999,0.7806722689075623,0.7999999999999979,0.16677224017089476,4,
1171,200,0.31005672945597523,11.149999999999988,0.20860898051330226,3.0,0.0,37.0,14.104895104895105,0.6436170212765957,0.965034965034965,3.299999999999991,1.3839160839160802,1.2499999999999973,0.589748517635548,3,
1172,200,0.3097468277032208,12.824999999999985,0.20845136851641163,2.0,0.0,40.0,14.118012422360248,0.5446428571428571,0.8167701863354038,4.799999999999995,1.9782608695652155,1.5999999999999985,2.140044944687165,3,
1173,200,0.30943723569731985,16.09999999999998,0.20827028457711058,3.0,1.0,36.0,14.91970802919708,0.48134328358208955,5.048661800486618,2.99999999999999,1.3783454987834514,1.399999999999996,0.38116350935353815,3,
1174,200,0.3091279531286804,11.374999999999991,0.208146928151219,3.0,0.0,38.0,14.956521739130435,0.5648148148148148,3.341614906832298,4.799999999999997,2.261490683229811,2.1999999999999984,1.7780993991300373,3,
1175,200,0.30881897968801986,10.524999999999988,0.20800250495195544,3.0,0.0,37.0,14.755775577557756,0.6,0.3432343234323432,4.099999999999991,2.020132013201316,2.199999999999997,1.291720982920871,3,
1176,200,0.3085103150663647,10.824999999999976,0.20784729620999706,4.0,1.0,37.0,14.587248322147651,0.5663265306122449,2.795302013422819,4.699999999999995,2.117449664429528,1.6999999999999982,2.125424141076309,3,
1177,200,0.3082019589550503,14.599999999999994,0.20764428071644486,3.0,0.0,38.0,12.746113989637307,0.3961538461538462,3.010362694300518,4.0999999999999925,1.5733160621761628,1.1999999999999988,1.1613942078593171,3,
1178,200,0.3078939110457206,9.999999999999982,0.20752909681885573,2.0,0.0,37.0,14.401486988847584,0.6136363636363636,0.79182156133829,3.5999999999999908,1.6442379182156106,1.2999999999999998,1.2102902155887167,3,
1179,200,0.3075861710303276,7.649999999999988,0.20736053258849835,2.0,0.0,37.0,16.88412017167382,0.7368421052631579,0.08583690987124463,4.199999999999988,2.2150214592274615,2.1999999999999953,1.070995800176827,3,
1180,200,0.30727873860113125,15.474999999999993,0.20712508687620454,3.0,0.0,37.0,13.388489208633093,0.4311594202898551,2.9448441247002397,3.7999999999999927,1.2455635491606691,1.0999999999999979,0.5829632867132836,3,
1181,200,0.30697161345069907,17.049999999999983,0.20685486336418424,2.0,0.0,35.0,14.863134657836644,0.4143835616438356,6.9823399558498895,3.0999999999999908,1.2724061810154481,1.2,0.32204368250750254,3,
1182,200,0.306664795271906,13.599999999999987,0.2066335790202599,2.0,0.0,35.0,13.3268156424581,0.5219298245614035,1.6620111731843576,2.399999999999992,1.1173184357541868,1.099999999999996,0.2721044295155374,3,
1183,128,0.30635828375793367,2.224999999999998,0.20653178558310706,2.0,0.0,20.0,8.100961538461538,0,0.28365384615384615,2.099999999999996,1.0475961538461516,1.0999999999999976,0.24480757229040934,4,
1184,200,0.3060520786022707,21.324999999999974,0.2063197943271935,2.0,0.0,34.0,15.588957055214724,0.38125,4.617586912065439,3.3999999999999906,1.3406952965235142,1.2,0.5105137169621916,2,
1185,200,0.30574617949871175,19.199999999999978,0.206155463483711,3.0,0.0,37.0,17.095348837209304,0.4864864864864865,7.083720930232558,3.4999999999999893,1.6446511627906923,1.5999999999999994,0.4972182651068922,2,
1186,200,0.3054405861413579,21.87499999999998,0.20592458634481012,2.0,0.0,34.0,15.089820359281438,0.33536585365853655,5.3053892215568865,2.999999999999993,1.3049900199600764,1.2999999999999905,0.3696172908366514,2,
1187,200,0.3051352982246155,21.39999999999997,0.20573832460599578,2.0,0.0,35.0,15.579831932773109,0.375,6.008403361344538,3.099999999999998,1.3609243697478948,1.2999999999999918,0.41246651219242975,2,
1188,200,0.30483031544319683,15.62499999999999,0.2055375460053252,3.0,0.0,40.0,13.786967418546366,0.46739130434782605,3.2681704260651627,4.899999999999994,1.461904761904759,1.2999999999999974,1.0629163316582868,3,
1189,200,0.304525637492119,11.149999999999983,0.20541279637394946,3.0,0.0,40.0,14.532142857142857,0.6377551020408163,1.0607142857142857,4.999999999999989,1.7874999999999959,1.5999999999999994,1.2056805571499556,3,
1190,200,0.3042212640667041,15.724999999999993,0.20512424809084884,2.0,0.0,37.0,13.068126520681265,0.4338235294117647,2.0316301703163018,3.299999999999996,1.14184914841849,0.9999999999999997,0.3695890362301671,3,
1191,50,0.3039171948625785,-1.0999999999999988,0.20506423282513192,1.0,0.0,7.0,3.4076923076923076,0,0.7923076923076923,2.0999999999999996,0.824615384615384,0.7999999999999984,0.25048582756376087,4,
1192,39,0.30361342957567317,-0.5999999999999986,0.20497939240916466,1.0,0.0,5.0,2.762237762237762,0,0.5874125874125874,1.6,0.5860139860139861,0.6,0.10987969483568072,4,
1193,200,0.30330996790222264,9.574999999999978,0.2048821318250638,2.0,0.0,39.0,16.17509727626459,0.6704545454545454,0.7237354085603113,4.599999999999998,2.430739299610893,2.8999999999999986,2.0079181807170507,3,
1194,200,0.3030068095387654,18.92499999999997,0.20473995545143084,2.0,0.0,36.0,17.04524886877828,0.4473684210526315,6.518099547511312,3.59999999999999,1.8280542986425288,1.8999999999999986,0.5428356444157755,2,
1195,200,0.30270395418214285,15.124999999999993,0.20456156049366692,3.0,0.0,38.0,12.272972972972973,0.4354838709677419,1.7621621621621621,3.8999999999999932,1.20108108108108,0.8999999999999995,0.8517888370258327,3,
1196,200,0.3024014015294998,22.049999999999972,0.2042789672601601,2.0,0.0,36.0,15.4824016563147,0.3858024691358025,3.281573498964803,3.1999999999999975,1.3579710144927506,1.299999999999994,0.5401199375878722,2,
1197,200,0.3020991512782834,10.274999999999988,0.20416029049730833,2.0,0.0,36.0,14.29109589041096,0.5797872340425532,1.0068493150684932,4.199999999999989,1.884589041095886,1.6999999999999948,1.3641278162860708,3,
1198,200,0.3017972031262435,12.699999999999989,0.2040004093106688,2.0,0.0,37.0,12.831831831831831,0.46818181818181814,1.6756756756756757,3.899999999999991,1.4840840840840812,1.2000000000000002,0.9945604573984506,3,
1199,200,0.3014955567714318,15.874999999999972,0.20382781298757333,3.0,0.0,35.0,14.98820754716981,0.4558823529411765,3.839622641509434,3.399999999999993,1.412499999999996,1.3999999999999952,0.5612383813099678,3,
1200,200,0.30119421191220214,9.824999999999983,0.2036157677425583,3.0,0.0,38.0,15.164285714285715,0.5904255319148937,1.575,4.900000000000001,2.2889285714285705,2.1999999999999975,2.3348000612252706,3,
1201,200,0.30089316824720935,12.899999999999983,0.20349557591627235,3.0,0.0,45.0,16.37142857142857,0.6111111111111112,0.09642857142857143,7.90000000000002,3.0089285714285725,2.6999999999999975,4.879946810546069,3,
1202,200,0.30059242547541,8.399999999999986,0.20340760984710057,3.0,0.0,37.0,16.301255230125523,0.7115384615384616,0.03765690376569038,3.999999999999987,2.0527196652719604,2.099999999999994,1.0334730392156781,3,
1203,200,0.30029198329606105,14.074999999999976,0.2032802857569476,3.0,0.0,40.0,14.77310924369748,0.5483870967741935,4.176470588235294,4.899999999999989,1.821288515406159,1.6999999999999975,1.2560832653317369,3,
1204,200,0.2999918414087205,20.77499999999997,0.2031043772300885,2.0,0.0,36.0,16.197849462365593,0.4294871794871795,5.2924731182795695,3.599999999999995,1.5208602150537593,1.4999999999999996,0.5839331434068346,2,
1205,200,0.2996919995132463,11.924999999999986,0.20291313805525252,2.0,0.0,38.0,13.24126984126984,0.5047169811320755,0.8031746031746032,3.8999999999999924,1.600317460317457,1.2999999999999985,1.1155984439248494,3,
1206,200,0.2993924573097967,15.774999999999984,0.20274017583037943,3.0,1.0,38.0,12.343669250645995,0.4346153846153846,2.488372093023256,3.8999999999999946,1.0390180878552964,0.8000000000000005,0.610393809091393,3,
1207,200,0.29909321449882925,12.549999999999988,0.20259228365661475,3.0,0.0,37.0,13.530434782608696,0.4692982456140351,1.7594202898550724,4.299999999999992,1.8828985507246352,1.399999999999999,1.8028821078101813,3,
1208,200,0.29879427078110127,19.87499999999997,0.2024283847168684,2.0,0.0,38.0,16.858719646799116,0.4375,4.487858719646799,3.89999999999999,1.8737306843267063,1.9999999999999933,0.8937734396319789,2,
1209,200,0.2984956258576689,11.074999999999987,0.2023047793000416,2.0,0.0,40.0,14.469178082191782,0.5735294117647058,1.4349315068493151,5.299999999999995,2.0510273972602713,1.7999999999999956,2.2432101849571295,3,
1210,152,0.2981972794298874,6.174999999999998,0.20216887679668047,2.0,0.0,24.0,11.154109589041095,0,2.482876712328767,2.4999999999999996,0.9106164383561629,0.8000000000000005,0.2420476642857978,4,
1211,200,0.2978992311994101,21.149999999999974,0.20199593631328602,2.0,0.0,38.0,16.528662420382165,0.41470588235294115,9.186836518046709,3.8999999999999924,1.7581740976645392,1.6999999999999975,0.8271078254597853,2,
1212,15,0.29760148086818883,-4.55,0.20196705753869199,1.0,0.0,1.0,0.3958333333333333,0,0.14583333333333334,0.7000000000000002,0.3583333333333335,0.40000000000000013,0.05370386452453321,4,
1213,200,0.2973040281384732,20.774999999999974,0.20177300952836538,2.0,0.0,34.0,15.333333333333334,0.375,6.4621676891615545,2.5999999999999943,1.2523517382413045,1.2,0.3177514218802255,2,
1214,200,0.2970068727128105,19.82499999999998,0.20153162085718207,3.0,0.0,36.0,16.308390022675738,0.45666666666666667,5.2517006802721085,2.9999999999999942,1.362811791383217,1.299999999999995,0.481068490333193,2,
1215,200,0.29671001429404525,10.199999999999982,0.201431926655799,3.0,0.0,38.0,15.712686567164178,0.65,0.8432835820895522,4.899999999999998,2.3488805970149245,2.2999999999999945,2.012974534619829,3,
1216,200,0.2964134525853191,11.324999999999976,0.20131293677941597,6.0,0.0,41.0,16.70149253731343,0.6770833333333334,0.7164179104477612,5.700000000000018,2.812313432835823,2.899999999999997,3.332170892332551,3,
1217,200,0.29611718729007014,16.699999999999974,0.20110657871049406,2.0,0.0,37.0,14.913832199546485,0.42808219178082196,4.421768707482993,3.1999999999999895,1.4049886621315164,1.3999999999999957,0.5795699300699269,3,
1218,200,0.2958212181120332,19.42499999999996,0.20089458842165378,2.0,0.0,36.0,16.880733944954127,0.45666666666666667,5.123853211009174,3.599999999999992,1.6116972477064178,1.7,0.6214490123359329,2,
1219,86,0.295525544755239,1.7000000000000066,0.20080098915596375,2.0,0.0,13.0,6.01025641025641,0,1.3743589743589744,2.0999999999999988,1.0435897435897425,1.0,0.2637991794656003,4,
1220,200,0.2952301669240142,10.47499999999998,0.20070149950870614,3.0,0.0,40.0,15.682835820895523,0.6648936170212766,1.541044776119403,4.9,2.2794776119402957,2.4999999999999942,2.009121729807995,3,
1221,200,0.2949350843229809,14.149999999999977,0.20056336257494334,2.0,0.0,38.0,15.058510638297872,0.5198412698412699,4.819148936170213,4.299999999999993,1.7715425531914857,1.3999999999999997,1.2387468081343898,3,
1222,200,0.29464029665705654,15.999999999999975,0.20036127305248874,3.0,1.0,38.0,13.928934010152284,0.48484848484848486,1.7233502538071066,4.299999999999991,1.4126903553299472,1.199999999999995,0.8860375559635353,3,
1223,33,0.29434580363145335,-2.025,0.20030783582350375,1.0,0.0,4.0,2.02803738317757,0,0.9813084112149533,1.8000000000000003,0.5981308411214955,0.6000000000000001,0.14206498951781968,4,
1224,200,0.29405160495167837,15.874999999999975,0.20016652088358514,2.0,0.0,40.0,16.782505910165483,0.4965753424657534,7.98581560283688,4.79999999999999,1.8399527186761178,1.8999999999999924,0.8436803630510553,3,
1225,56,0.29375770032353277,-1.4999999999999982,0.20010422802862826,2.0,0.0,8.0,2.893805309734513,0,0.061946902654867256,1.2999999999999998,0.5796460176991152,0.6000000000000001,0.11773652882205508,4,
1226,200,0.2934640894531121,12.999999999999984,0.19988729568837704,3.0,0.0,39.0,13.17008797653959,0.4568965517241379,2.058651026392962,4.799999999999996,1.770381231671553,1.0999999999999996,2.169493292053661,3,
1227,200,0.2931707720468052,20.72499999999998,0.1996663504906787,2.0,0.0,36.0,15.40711462450593,0.34411764705882353,4.0770750988142295,3.2999999999999954,1.4895256916996011,1.4999999999999918,0.5452876755131115,2,
1228,200,0.2928777478112949,16.54999999999999,0.1994957823916065,3.0,0.0,38.0,12.011990407673862,0.33571428571428574,2.671462829736211,3.5999999999999903,1.186570743405274,0.9999999999999988,0.6191037909458922,3,
1229,200,0.29258501645355667,21.824999999999978,0.19924175956668663,2.0,0.0,36.0,14.909270216962526,0.33333333333333337,3.2702169625246547,2.5999999999999934,1.240433925049306,1.2999999999999914,0.339372335128067,2,
1230,200,0.2922925776808594,11.499999999999993,0.19901920440165405,2.0,0.0,36.0,13.812698412698413,0.5441176470588235,1.9111111111111112,3.599999999999994,1.686031746031743,1.6999999999999993,1.0826729420301484,3,
1231,200,0.2920004312007641,10.649999999999979,0.19891674162662557,3.0,0.0,37.0,14.291139240506329,0.5384615384615384,3.9335443037974684,4.899999999999998,2.0794303797468334,1.899999999999998,1.7846264082920207,3,
1232,200,0.2917085767211244,13.79999999999998,0.1987440686138451,2.0,0.0,36.0,14.12531328320802,0.4346153846153846,2.3684210526315788,4.2999999999999945,1.6979949874686688,1.3999999999999995,1.2793022613065281,3,
1233,200,0.2914170139500857,8.199999999999978,0.19865727280478826,2.0,0.0,35.0,15.533864541832669,0.6858974358974359,0.16334661354581673,3.6999999999999904,1.8972111553784816,2.1999999999999877,1.0971809523809453,3,
1234,200,0.2911257425960852,24.849999999999966,0.19843579562023034,2.0,1.0,37.0,15.285451197053407,0.29210526315789476,8.421731123388582,3.899999999999997,1.574769797421729,1.2999999999999994,0.977396217712173,2,
1235,200,0.29083476236785155,12.874999999999988,0.19828546095721625,3.0,0.0,35.0,12.471098265895954,0.4772727272727273,2.184971098265896,2.4999999999999956,1.1716763005780322,1.1,0.36474994779267056,3,
1236,200,0.2905440729744046,12.27499999999998,0.1981742407586346,3.0,0.0,42.0,15.503424657534246,0.6179245283018868,1.6472602739726028,6.200000000000016,2.5277397260273973,1.4999999999999984,4.150751791515673,3,
1237,200,0.2902536741250547,10.224999999999978,0.19806321105961275,5.0,0.0,36.0,14.43421052631579,0.5357142857142857,1.417763157894737,5.499999999999997,2.143749999999997,2.0499999999999927,1.9443240815884832,3,
1238,200,0.2899635655294032,12.92499999999999,0.19794555725565133,2.0,0.0,38.0,13.170278637770897,0.5185185185185185,0.4241486068111455,4.29999999999999,1.4984520123838985,1.1,1.1806590752242854,3,
1239,86,0.2896737468973414,4.125000000000008,0.1978343735026178,2.0,0.0,13.0,6.670682730923695,0,1.9156626506024097,1.8999999999999995,0.8666666666666657,0.8000000000000003,0.18511677419354824,4,
1240,200,0.2893842179390506,13.699999999999983,0.19771040646895763,3.0,0.0,38.0,13.266106442577032,0.4916666666666667,2.5994397759103642,4.299999999999988,1.5221288515406124,1.399999999999995,0.8959599209089135,3,
1241,200,0.28909497836500186,12.07499999999998,0.1975788122127835,3.0,0.0,39.0,14.667721518987342,0.5370370370370371,2.5664556962025316,6.100000000000001,2.371835443037976,1.599999999999998,3.2506633618747265,3,
1242,200,0.28880602788595566,14.074999999999982,0.19737599161808392,2.0,0.0,37.0,12.706806282722512,0.3928571428571429,4.2643979057591626,3.99999999999999,1.5780104712041854,1.1,1.3839762066295147,3,
1243,200,0.2885173662129613,11.04999999999998,0.19726964825579793,3.0,0.0,37.0,13.868852459016393,0.52,0.7377049180327869,4.799999999999991,1.8849180327868815,1.7999999999999958,1.738479747162014,3,
1244,39,0.2882289930573573,-0.8499999999999985,0.19721371714870975,2.0,0.0,5.0,2.310924369747899,0,1.1680672268907564,1.4,0.5176470588235296,0.5000000000000002,0.1059985875706214,4,
1245,200,0.2879409081307702,15.499999999999975,0.19701334904636564,3.0,0.0,37.0,14.238770685579196,0.44999999999999996,3.8250591016548463,3.199999999999998,1.292434988179666,1.1999999999999917,0.5300639363319293,3,
1246,45,0.2876531111451154,-0.14999999999999725,0.19694418351970383,2.0,0.0,6.0,3.145985401459854,0,1.7372262773722629,1.7999999999999994,0.7145985401459851,0.7,0.1783365302642794,4,
1247,21,0.28736560181259563,-4.324999999999999,0.19691534435964816,1.0,0.0,2.0,0.7833333333333333,0,0.11666666666666667,1.1,0.4166666666666668,0.40000000000000013,0.09441511530980827,4,
1248,200,0.28707837984570167,14.249999999999988,0.1967903074710826,5.0,0.0,40.0,12.766467065868264,0.48275862068965514,1.967065868263473,4.799999999999991,1.4526946107784402,1.1999999999999986,1.1590899556272616,3,
1249,200,0.2867914449572114,13.59999999999998,0.19655327354298144,2.0,0.0,37.0,14.496,0.5161290322580645,3.3813333333333335,3.999999999999989,1.5730666666666626,1.3999999999999924,0.8499206394356545,3,
1250,200,0.2865047968601901,20.674999999999972,0.1964131270286236,2.0,0.0,37.0,17.16777041942605,0.43354430379746833,5.399558498896247,4.599999999999993,2.059161147902866,2.199999999999989,1.0278073954231761,2,
1251,200,0.28621843526798946,12.124999999999993,0.19630948181257332,4.0,0.0,41.0,15.142857142857142,0.61,0.30714285714285716,6.400000000000005,2.2653571428571406,1.8999999999999988,3.0978751004477103,3,
1252,200,0.285932359894248,9.324999999999982,0.1961622712025567,3.0,1.0,37.0,15.338403041825096,0.6569767441860465,0.09505703422053231,3.8999999999999915,2.043346007604558,2.1999999999999957,1.2433862479759341,3,
1253,200,0.28564657045289016,8.099999999999989,0.19607748479270432,2.0,0.0,37.0,16.328,0.6890243902439024,0.144,3.999999999999988,2.3511999999999946,2.699999999999992,1.151876990031833,3,
1254,200,0.28536106665812666,15.19999999999999,0.19588133326747897,4.0,1.0,42.0,13.368115942028986,0.47580645161290325,2.1159420289855073,6.000000000000007,1.856811594202897,1.2999999999999974,2.1550514182013716,3,
1255,200,0.28507584822445353,20.074999999999967,0.19572446507432217,2.0,0.0,38.0,17.130434782608695,0.439873417721519,6.421739130434783,4.899999999999997,2.0884782608695605,2.0999999999999917,1.267590631335683,2,
1256,200,0.2847909148666525,11.32499999999999,0.19553684063403998,2.0,1.0,38.0,13.350157728706625,0.4952830188679245,0.33753943217665616,4.49999999999999,1.6981072555205008,1.4999999999999964,1.3304828437226255,3,
1257,200,0.2845062662997899,13.949999999999989,0.19537030982074763,2.0,1.0,38.0,13.427480916030534,0.446969696969697,3.7709923664122136,3.8999999999999875,1.5506361323155182,1.3999999999999946,0.8375686315135138,3,
1258,200,0.28422190223921745,17.77499999999997,0.1952387408817966,2.0,0.0,35.0,17.603211009174313,0.4652777777777778,10.002293577981652,3.8999999999999915,2.061697247706416,2.099999999999995,0.7364954890975537,2,
1259,200,0.28393782240057086,14.449999999999987,0.19510981553178627,3.0,0.0,40.0,13.289855072463768,0.44999999999999996,1.8869565217391304,5.299999999999993,1.8533333333333313,1.1999999999999986,1.835431845678176,3,
1260,200,0.2836540264997704,11.37499999999998,0.19500335256839713,2.0,0.0,35.0,12.866666666666667,0.48,1.4126984126984128,2.999999999999993,1.3850793650793622,1.2999999999999996,0.630545634120772,3,
1261,200,0.28337051425301996,21.14999999999997,0.1947717336313755,2.0,0.0,36.0,15.995642701525055,0.4358974358974359,3.106753812636166,3.2999999999999914,1.3518518518518483,1.299999999999995,0.4478146003417477,2,
1262,200,0.2830872853768075,14.124999999999993,0.19463154684802794,5.0,0.0,42.0,14.247787610619469,0.5286885245901639,2.392330383480826,6.6000000000000005,2.1171091445427703,1.5,2.9049242951618472,3,
1263,200,0.2828043395879039,12.874999999999996,0.19450407806437386,4.0,0.0,36.0,13.418604651162791,0.43253968253968256,3.364341085271318,4.199999999999993,1.652971576227387,1.4999999999999991,0.9492675337855838,3,
1264,200,0.2825216766033636,18.62499999999998,0.19437720462422226,2.0,0.0,35.0,16.829977628635348,0.4486301369863014,5.684563758389261,3.3999999999999884,1.7599552572706876,1.8999999999999884,0.4711280829596385,2,
1265,200,0.2822392961405233,21.52499999999997,0.19425551214203657,2.0,0.0,36.0,16.237556561085974,0.44999999999999996,3.816742081447964,3.1999999999999966,1.3434389140271459,1.3499999999999945,0.4372555703997149,2,
1266,200,0.28195719791700274,14.999999999999991,0.19409344813904156,2.0,0.0,37.0,12.93658536585366,0.40441176470588236,3.4902439024390244,3.299999999999993,1.3114634146341442,1.0999999999999996,0.5786281298520493,3,
1267,200,0.28167538165070355,19.199999999999978,0.19390028638102014,2.0,0.0,36.0,16.536199095022624,0.45270270270270274,2.4479638009049776,2.6999999999999957,1.5226244343891349,1.599999999999991,0.33636768477142365,2,
1268,200,0.2813938470598095,19.799999999999965,0.19377203968005316,3.0,0.0,36.0,17.035714285714285,0.45394736842105265,6.332589285714286,3.499999999999996,1.8645089285714238,1.999999999999997,0.8468026387248772,2,
1269,200,0.281112593862786,9.799999999999983,0.1936712044395591,2.0,0.0,36.0,14.516778523489933,0.53125,0.5570469798657718,4.599999999999997,2.179865771812078,2.499999999999994,1.7428357150096236,3,
1270,200,0.2808316217783798,18.774999999999974,0.19356189449480474,2.0,0.0,36.0,17.50574712643678,0.47916666666666663,8.77471264367816,3.6999999999999944,1.9712643678160862,2.099999999999999,0.6376374032892217,2,
1271,200,0.2805509305256187,8.77499999999999,0.19347764480455512,3.0,0.0,36.0,15.430656934306569,0.6363636363636364,1.967153284671533,4.299999999999993,2.2613138686131347,2.399999999999998,1.4251647019646954,3,
1272,200,0.28027051982381157,11.449999999999987,0.1933757796525007,2.0,0.0,37.0,14.263157894736842,0.57,1.4342105263157894,4.199999999999991,1.940460526315785,1.6999999999999993,1.4111742682464876,3,
1273,110,0.27999038939254756,9.000000000000004,0.19319515040888968,2.0,0.0,17.0,8.450142450142451,0,1.641025641025641,1.9999999999999982,0.8601139601139594,0.8,0.1732253246753245,4,
1274,27,0.27971053895169634,-3.425,0.1931552105935888,2.0,0.0,3.0,1.3076923076923077,0,0.32051282051282054,1.1,0.4089743589743592,0.40000000000000024,0.07082853855005754,4,
1275,200,0.2794309682214073,10.074999999999982,0.193093271104329,3.0,0.0,45.0,19.599118942731277,0.75,0.09251101321585903,8.300000000000011,3.64669603524229,3.4999999999999956,4.1690017078093575,3,
1276,200,0.27915167692210985,13.474999999999989,0.19293859993237464,3.0,0.0,39.0,14.320121951219512,0.5892857142857143,1.9939024390243902,4.69999999999999,1.5496951219512163,1.2999999999999972,1.1444007882286182,3,
1277,200,0.2788726647745125,13.224999999999985,0.19283318705777336,2.0,1.0,42.0,14.323624595469255,0.5357142857142857,1.692556634304207,6.10000000000001,2.1663430420711958,1.399999999999999,2.8900948889819875,3,
1278,200,0.27859393149960326,11.149999999999984,0.192713615456643,3.0,0.0,37.0,13.930379746835444,0.5480769230769231,2.490506329113924,3.999999999999997,1.838291139240503,1.6999999999999986,1.5908598467778206,3,
1279,200,0.27831547681864865,13.974999999999984,0.19260172387357571,4.0,0.0,39.0,13.104046242774567,0.5296610169491526,2.0895953757225434,4.599999999999992,1.2549132947976858,1.0999999999999985,0.7513260660735875,3,
1280,200,0.27803730045319414,15.199999999999992,0.19244139081665534,3.0,0.0,39.0,14.115288220551378,0.4558823529411765,3.1954887218045114,4.599999999999988,1.6844611528822013,1.5999999999999952,0.9572582914572815,3,
1281,200,0.2777594021250632,11.549999999999986,0.192368368030687,3.0,0.0,42.0,15.958015267175572,0.6458333333333334,0.9389312977099237,5.999999999999999,2.4358778625954156,2.399999999999996,2.021719330448837,3,
1282,104,0.2774817815563575,4.050000000000002,0.19229341873853528,1.0,0.0,16.0,7.646017699115045,0,0.7566371681415929,1.8999999999999995,0.7530973451327426,0.6999999999999991,0.163644052863436,4,
1283,200,0.2772044384694566,14.149999999999984,0.19219433697284471,3.0,1.0,37.0,15.039893617021276,0.5241935483870968,5.090425531914893,3.1999999999999886,1.5609042553191443,1.5999999999999959,0.4333416091954,3,
1284,110,0.2769273725870171,6.100000000000005,0.1920901380350847,2.0,0.0,17.0,8.291228070175439,0,2.9614035087719297,2.4,1.0919298245614018,1.0999999999999974,0.3526058800354572,4,
1285,200,0.2766505836319734,10.299999999999985,0.19200086580772815,2.0,0.0,41.0,16.21268656716418,0.6354166666666666,2.496268656716418,5.500000000000003,2.7003731343283572,3.1999999999999966,1.9916320677220387,3,
1286,200,0.27637407132753633,15.124999999999977,0.19182090863474155,2.0,0.0,39.0,15.479057591623036,0.5269230769230769,2.2905759162303663,4.69999999999999,1.7193717277486869,1.499999999999997,1.117642866443256,3,
1287,200,0.2760978353971936,20.67499999999998,0.19170383935143775,2.0,0.0,36.0,16.158695652173915,0.43181818181818177,5.421739130434783,3.1999999999999877,1.5054347826086907,1.5999999999999892,0.4496030226985917,2,
1288,200,0.27582187556470933,13.099999999999984,0.19160015349715928,3.0,0.0,38.0,13.238482384823849,0.4354838709677419,2.940379403794038,4.199999999999991,1.7864498644986424,1.2999999999999994,1.5661151586368895,3,
1289,51,0.2755461915541236,0.10000000000000164,0.19154782245031934,2.0,0.0,7.0,3.6013513513513513,0,0.8445945945945946,1.5999999999999996,0.6736486486486484,0.6999999999999993,0.13708213486736964,4,
1290,74,0.27527078308975234,3.250000000000006,0.1914491041680775,2.0,0.0,11.0,5.327272727272727,0,0.7818181818181819,1.5999999999999992,0.6959090909090909,0.6999999999999992,0.13848612574639965,4,
1291,200,0.27499564989618713,19.799999999999976,0.19133818508973494,2.0,0.0,37.0,16.598214285714285,0.45394736842105265,6.870535714285714,3.6999999999999953,1.6341517857142813,1.6999999999999904,0.6389038031319879,2,
1292,68,0.2747207916982947,1.5500000000000034,0.19127242797490057,2.0,0.0,10.0,4.206703910614525,0,0.4860335195530726,1.6,0.5888268156424583,0.6000000000000001,0.11362172284644187,4,
1293,200,0.27444620822121696,19.42499999999996,0.19116422183518475,3.0,0.0,35.0,17.124137931034483,0.46232876712328763,6.519540229885058,4.299999999999993,1.7574712643678114,1.699999999999997,0.8563337631590038,2,
1294,200,0.2741718991903702,12.874999999999979,0.19109008118773663,3.0,0.0,38.0,15.606145251396647,0.55,3.631284916201117,5.099999999999996,2.1664804469273724,2.099999999999998,1.432798233499529,3,
1295,200,0.2738978643314456,12.774999999999979,0.19101677244161036,4.0,0.0,40.0,14.523809523809524,0.5590909090909091,3.4412698412698415,5.799999999999993,2.1831746031746,1.6999999999999966,2.2661841893090333,3,
1296,200,0.27362410337040804,18.64999999999997,0.19086303963587498,3.0,0.0,35.0,17.24056603773585,0.4894366197183099,3.167452830188679,3.0999999999999894,1.6247641509433912,1.7499999999999938,0.447761869002917,2,
1297,200,0.27335061603349675,11.949999999999985,0.1907782262120991,2.0,0.0,42.0,15.458181818181819,0.66,1.6545454545454545,6.200000000000008,2.2247272727272716,1.5999999999999974,2.7616068972812866,3,
1298,200,0.2730774020472242,12.574999999999987,0.19065075749180188,3.0,1.0,39.0,14.112094395280236,0.5296610169491526,4.327433628318584,4.499999999999991,1.8852507374631224,1.7000000000000002,1.1550137486947387,3,
1299,21,0.2728044611383765,-3.9999999999999996,0.19062568710845718,1.0,1.0,2.0,0.75,0,0.3333333333333333,1.2000000000000002,0.39666666666666683,0.40000000000000013,0.08667963323145315,4,
1300,200,0.2725317930340126,19.92499999999996,0.19050581619086265,2.0,0.0,37.0,17.40497737556561,0.45779220779220775,7.013574660633484,3.59999999999999,2.0357466063348353,2.1999999999999926,0.584426529076639,2,
1301,200,0.2722593974614645,15.174999999999976,0.1903498254666522,2.0,0.0,38.0,14.486910994764397,0.515625,0.5837696335078534,3.7999999999999914,1.3298429319371703,1.1999999999999962,0.6106319086093325,3,
1302,200,0.2719872741483365,10.774999999999993,0.19028844118715063,3.0,0.0,38.0,14.77007299270073,0.6630434782608695,0.8905109489051095,3.899999999999989,1.711678832116784,1.6999999999999935,0.7752753912753851,3,
1303,50,0.27171542282250544,-2.124999999999998,0.19024668721465876,2.0,0.0,7.0,3.0093457943925235,0,0.19626168224299065,1.3,0.6037383177570094,0.6000000000000001,0.11513626834381543,4,
1304,200,0.27144384321211973,15.199999999999983,0.1901109315971429,2.0,0.0,38.0,14.056756756756757,0.5241935483870968,1.7486486486486486,4.1999999999999895,1.2627027027027002,1.0999999999999943,0.7735875353362648,3,
1305,200,0.2711725350455999,18.524999999999963,0.19000599320389877,3.0,0.0,38.0,17.839002267573697,0.47077922077922074,6.528344671201814,5.399999999999992,2.258049886621312,2.399999999999992,1.3622607980255002,2,
1306,200,0.27090149805163766,18.62499999999998,0.18978590788227337,2.0,1.0,38.0,14.571150097465887,0.32558139534883723,5.966861598440546,4.399999999999992,1.4920077972709522,1.299999999999999,0.8785554474708144,3,
1307,200,0.2706307319591961,8.249999999999982,0.18972775668312086,3.0,0.0,36.0,16.20532319391635,0.6666666666666666,1.0684410646387832,4.699999999999995,2.5224334600760443,2.999999999999997,1.7402443326393686,3,
1308,200,0.270360236497509,9.224999999999985,0.1895907992035483,2.0,0.0,38.0,15.751020408163265,0.7012195121951219,0.11428571428571428,4.099999999999989,1.8861224489795878,1.8999999999999968,1.0726416100226497,3,
1309,200,0.270090011396081,15.099999999999978,0.18948691289660527,3.0,0.0,37.0,14.994666666666667,0.49603174603174605,5.005333333333334,4.599999999999988,1.8722666666666616,1.8999999999999932,0.8302767664125565,3,
1310,200,0.2698200563846868,20.399999999999963,0.18935420621252536,2.0,0.0,37.0,17.391304347826086,0.41874999999999996,8.604347826086956,4.299999999999991,2.2919565217391256,2.4999999999999885,1.091310025094632,2,
1311,200,0.2695503711933716,11.049999999999983,0.18926601443529914,3.0,0.0,40.0,15.491103202846976,0.6479591836734694,1.6192170818505338,5.299999999999991,2.2957295373665443,2.4999999999999902,2.2015043059777013,3,
1312,200,0.26928095555244996,20.84999999999996,0.18913513874648755,2.0,0.0,40.0,17.70276008492569,0.4285714285714286,8.501061571125266,5.6000000000000085,2.522505307855623,2.499999999999996,1.7848094121889655,2,
1313,200,0.2690118091925064,10.64999999999998,0.18905687611310998,2.0,0.0,40.0,15.854014598540147,0.6458333333333334,1.5656934306569343,5.000000000000007,2.515328467153284,2.6499999999999964,2.3832274392274395,3,
1314,200,0.26874293184439435,13.64999999999999,0.18895512451423474,2.0,0.0,37.0,12.61731843575419,0.44491525423728817,1.6229050279329609,4.09999999999999,1.408938547486031,1.0999999999999994,1.1305993149348808,3,
1315,200,0.2684743232392366,15.024999999999974,0.18880219851261082,2.0,0.0,33.0,15.976689976689977,0.45895522388059706,3.2074592074592077,3.1999999999999944,1.4498834498834454,1.2999999999999998,0.5692163660073879,3,
1316,200,0.2682059831084244,7.999999999999989,0.18865971671518325,2.0,1.0,35.0,15.84046692607004,0.6375,0.17898832684824903,4.299999999999991,2.257976653696493,2.599999999999995,1.2229218144379777,3,
1317,200,0.26793791118361776,16.699999999999992,0.1885465702654734,2.0,0.0,37.0,12.184652278177458,0.3659420289855072,2.817745803357314,3.299999999999993,1.1290167865707417,0.999999999999997,0.5388493743098977,3,
1318,200,0.26767010719674456,20.274999999999984,0.18844799176070687,2.0,0.0,36.0,16.887614678899084,0.472972972972973,6.704128440366972,3.6999999999999966,1.6158256880733888,1.5999999999999965,0.5167476787921811,2,
1319,200,0.2674025708800009,8.949999999999982,0.1883045517934764,2.0,1.0,38.0,16.249027237354085,0.6453488372093024,1.1167315175097277,4.299999999999991,2.503112840466921,2.999999999999994,1.5397023376937895,3,
1320,200,0.26713530196585034,10.124999999999979,0.1881713358159841,2.0,0.0,38.0,15.469465648854962,0.6363636363636364,0.09541984732824428,4.199999999999996,2.142748091603049,2.4999999999999902,1.4919347930597353,3,
1321,200,0.2668683001870241,18.049999999999986,0.18808472239345086,2.0,0.0,36.0,17.349056603773583,0.5,8.400943396226415,3.3999999999999977,1.6898584905660325,1.5999999999999936,0.516716061743845,2,
1322,200,0.2666015652765202,9.499999999999977,0.18794865592534485,2.0,1.0,36.0,14.80952380952381,0.6022727272727273,1.5604395604395604,4.099999999999992,1.9575091575091537,2.099999999999995,1.2754277586947118,3,
1323,200,0.2663350969676039,20.049999999999976,0.18777860957668205,2.0,0.0,37.0,16.430803571428573,0.4473684210526315,5.475446428571429,3.199999999999996,1.5497767857142806,1.5999999999999903,0.4883505976492609,2,
1324,200,0.26606889499380665,14.024999999999975,0.1876098577114425,2.0,0.0,40.0,13.88150289017341,0.5,2.540462427745665,5.300000000000003,2.0179190751445084,1.2999999999999994,2.5186594829386486,3,
1325,200,0.2658029590889266,15.274999999999983,0.18744844838112845,2.0,0.0,37.0,15.191747572815533,0.4852941176470589,1.9271844660194175,3.4999999999999964,1.552669902912617,1.599999999999992,0.6149722227131575,3,
1326,200,0.2655372889870278,11.249999999999982,0.18738209300683265,3.0,0.0,43.0,17.604562737642585,0.6479591836734694,0.060836501901140684,6.800000000000031,3.4441064638783323,3.7999999999999967,5.0006364214666075,3,
1327,74,0.2652718844224401,3.1500000000000066,0.18730677665204118,2.0,0.0,11.0,5.691964285714286,0,2.96875,2.4999999999999982,0.9633928571428562,0.8999999999999997,0.24420049825610338,4,
1328,122,0.2650067451297589,4.100000000000003,0.18721795642388278,2.0,0.0,19.0,8.632,0,1.616,2.899999999999997,1.127199999999998,0.9999999999999947,0.515348405574489,4,
1329,200,0.26474187084384504,11.274999999999979,0.18715518417393015,3.0,0.0,42.0,15.479087452471482,0.6458333333333334,0.7946768060836502,6.100000000000002,2.168821292775663,2.0999999999999974,2.485223513763586,3,
1330,200,0.26447726129982396,12.624999999999991,0.18701891188231726,3.0,0.0,37.0,13.258953168044076,0.4833333333333333,1.9449035812672177,3.2999999999999905,1.4977961432506846,1.3999999999999964,0.5932227855017864,3,
1331,74,0.2642129162330863,1.4000000000000037,0.1869598129090163,2.0,0.0,11.0,4.9491525423728815,0,0.6045197740112994,1.8999999999999995,0.8327683615819202,0.8,0.2052604698672112,4,
1332,200,0.2639488353792868,15.699999999999985,0.186817162467106,2.0,0.0,38.0,13.870731707317074,0.40714285714285714,3.158536585365854,4.599999999999992,1.7665853658536554,1.5999999999999945,1.1454512519408167,3,
1333,200,0.2636850184743448,19.674999999999983,0.18671743321183792,2.0,0.0,36.0,16.760465116279068,0.48611111111111116,3.2627906976744185,2.9999999999999947,1.443720930232554,1.4999999999999913,0.4111604713924876,2,
1334,200,0.2634214652544431,20.899999999999967,0.18660029035584513,2.0,0.0,37.0,16.872881355932204,0.4024390243902439,6.387711864406779,4.3999999999999915,2.1078389830508426,1.9999999999999993,1.1650497120516328,2,
1335,200,0.2631581754560287,19.99999999999997,0.18649185525610057,3.0,1.0,38.0,17.77777777777778,0.4588607594936709,7.802721088435374,4.399999999999987,2.244444444444439,2.3999999999999972,0.9508640477169833,2,
1336,200,0.26289514881581166,20.32499999999996,0.18638763602370004,2.0,0.0,38.0,17.601809954751133,0.4642857142857143,6.66289592760181,4.399999999999989,2.1538461538461484,2.299999999999991,1.0974229511217521,2,
1337,200,0.26263238507076536,12.024999999999995,0.1862914836525501,3.0,1.0,38.0,14.251552795031056,0.5648148148148148,1.9658385093167703,3.99999999999999,1.8385093167701816,1.6999999999999986,1.2118206456217422,3,
1338,200,0.262369883958126,14.774999999999991,0.1861598205361413,2.0,0.0,37.0,12.972431077694235,0.4242424242424242,2.6140350877192984,3.1999999999999877,1.3506265664160366,1.2999999999999992,0.46190100502512244,3,
1339,200,0.2621076452153925,11.824999999999983,0.18607679579430364,2.0,0.0,36.0,14.417391304347825,0.5089285714285714,5.0,4.099999999999991,2.049855072463764,2.199999999999995,0.9723632208630137,3,
1340,200,0.261845668580326,11.424999999999983,0.18601046322864892,3.0,1.0,42.0,15.70722433460076,0.6666666666666666,0.0,6.299999999999998,2.264638783269958,1.7999999999999954,2.7548730626879396,3,
1341,200,0.26158395379094995,14.574999999999992,0.1859246012150558,2.0,0.0,37.0,13.699186991869919,0.5122950819672131,2.5745257452574526,3.599999999999989,1.3262872628726252,1.1999999999999944,0.5675787309048141,3,
1342,200,0.2613225005855494,17.074999999999974,0.185769471718308,2.0,0.0,38.0,15.612244897959183,0.45270270270270274,2.888888888888889,3.79999999999999,1.409070294784577,1.3,0.5705329082681999,3,
1343,200,0.2610613087026713,18.399999999999984,0.18556848214916627,2.0,0.0,38.0,13.886021505376345,0.36392405063291144,4.576344086021505,4.499999999999996,1.3789247311827943,1.0999999999999992,0.9828722066005604,3,
1344,200,0.26080037788112365,15.949999999999974,0.1854118608466372,3.0,1.0,37.0,16.243498817966902,0.47535211267605637,3.5768321513002364,3.7999999999999914,1.722222222222218,1.699999999999998,0.723198157918265,3,
1345,200,0.2605397078599756,16.12499999999997,0.18524641964000374,2.0,0.0,38.0,15.934240362811792,0.43918918918918914,3.5238095238095237,4.299999999999993,1.8213151927437603,1.7999999999999918,1.041002262443434,3,
1346,200,0.2602792983785571,18.999999999999968,0.18508153178678363,3.0,1.0,38.0,17.36651583710407,0.4671052631578947,4.6923076923076925,4.299999999999991,2.012669683257913,1.99999999999999,1.0050029944257561,2,
1347,68,0.26001914917645874,-0.3249999999999973,0.18504962790648757,2.0,0.0,10.0,4.174825174825175,0,0.4965034965034965,1.6,0.6237762237762237,0.6000000000000001,0.15230927230046937,4,
1348,200,0.2597592599935311,11.924999999999985,0.18487889723545456,2.0,1.0,38.0,14.73235294117647,0.5570175438596491,3.1705882352941175,4.399999999999994,1.9979411764705841,1.999999999999999,1.2283887403870226,3,
1349,200,0.25949963056988523,12.599999999999985,0.18473116355698094,2.0,0.0,38.0,14.093167701863354,0.5648148148148148,2.5869565217391304,4.499999999999994,1.8198757763975126,1.499999999999997,1.3235928744345695,3,
1350,33,0.2592402606458915,-3.0999999999999996,0.18470644918765428,2.0,0.0,4.0,1.630952380952381,0,0.2261904761904762,1.2,0.5119047619047621,0.5000000000000002,0.0984436569808646,4,
1351,200,0.25898114996218,15.62499999999999,0.1846093463290583,2.0,0.0,41.0,15.036649214659686,0.5111940298507462,3.4633507853403143,5.699999999999999,2.014659685863871,1.7999999999999954,1.7163937144932588,3,
1352,200,0.25872229825964005,12.474999999999987,0.18447309222430192,2.0,0.0,38.0,13.853211009174313,0.5227272727272727,2.397553516819572,3.9999999999999916,1.8663608562691096,1.4999999999999987,1.3597373933861974,3,
1353,200,0.25846370527942,14.599999999999987,0.1843385156040892,2.0,0.0,34.0,13.092417061611375,0.3602941176470589,4.291469194312796,3.0999999999999934,1.4334123222748776,1.3999999999999995,0.4549762189540796,3,
1354,200,0.25820537076292666,13.874999999999977,0.1842455258209002,3.0,0.0,41.0,14.289719626168225,0.5745614035087719,1.190031152647975,5.500000000000008,1.9246105919003118,1.1,2.4023148291925476,3,
1355,200,0.2579472944518257,15.624999999999975,0.18417215505713685,2.0,0.0,36.0,15.75392670157068,0.532258064516129,3.696335078534031,3.999999999999995,1.6596858638743415,1.5999999999999945,0.7931446036608324,3,
1356,200,0.25768947608804055,13.99999999999998,0.18407560882028184,2.0,0.0,40.0,14.392330383480825,0.4957627118644068,2.1651917404129795,5.500000000000013,2.370206489675518,1.6999999999999966,3.1214108945353427,3,
1357,200,0.2574319154137531,13.749999999999986,0.183973854352038,4.0,0.0,39.0,12.748648648648649,0.4087301587301587,3.6783783783783783,4.699999999999988,1.6275675675675643,1.4999999999999962,1.2741682554291769,3,
1358,200,0.2571746121714024,13.949999999999992,0.18379307352073432,2.0,0.0,36.0,13.493540051679586,0.44047619047619047,3.2713178294573644,3.3999999999999924,1.6002583979328129,1.4999999999999987,0.8196694888093525,3,
1359,21,0.25691756610368544,-3.925,0.18377208982734167,1.0,0.0,2.0,0.65,0,0.0,0.8000000000000002,0.3366666666666668,0.30000000000000027,0.052670186162823006,4,
1360,200,0.2566607769535559,18.34999999999999,0.1836223821386917,2.0,0.0,36.0,12.604301075268816,0.3092105263157895,2.161290322580645,3.7999999999999954,1.144086021505375,0.8999999999999986,0.7472426742637235,3,
1361,200,0.2564042444642247,20.649999999999963,0.18352298277830778,2.0,0.0,37.0,16.97608695652174,0.43354430379746833,2.8347826086956522,5.499999999999999,1.9958695652173883,1.5999999999999972,1.8357524846525748,2,
1362,200,0.2561479683791593,13.774999999999997,0.1833831280535681,2.0,0.0,39.0,13.352617079889807,0.4354838709677419,2.038567493112948,4.599999999999991,1.8779614325068843,1.5,1.5558346487766308,3,
1363,200,0.25589194844208374,13.174999999999986,0.18330844702122817,4.0,0.0,41.0,13.920634920634921,0.5357142857142857,1.8634920634920635,5.800000000000002,1.956507936507934,1.2999999999999998,2.596134604531157,3,
1364,200,0.25563618439697783,23.09999999999997,0.18318934273010298,2.0,0.0,38.0,16.179916317991633,0.3928571428571429,4.541841004184101,4.099999999999992,1.7644351464435108,1.5999999999999994,1.0970244613384743,2,
1365,200,0.2553806759880777,20.149999999999963,0.18303275808556996,2.0,0.0,37.0,17.263403263403262,0.4833333333333333,1.9976689976689976,3.3999999999999946,1.7282051282051227,1.5999999999999988,0.5906995218430728,2,
1366,200,0.2551254229598748,13.399999999999988,0.18296394832478416,4.0,0.0,42.0,15.154605263157896,0.6045454545454545,0.5230263157894737,6.500000000000012,2.370723684210525,1.5999999999999963,3.242697722231247,3,
1367,200,0.25487042505711616,15.724999999999984,0.18286645638840787,4.0,0.0,41.0,12.75880758807588,0.38076923076923075,3.4498644986449865,5.400000000000003,1.6953929539295387,1.0,2.061376028202113,3,
1368,200,0.2546156820248037,23.199999999999978,0.18274247039455963,2.0,0.0,39.0,15.622350674373795,0.33241758241758246,5.578034682080925,5.099999999999994,1.7204238921001898,1.2999999999999994,1.4158501633501597,2,
1369,200,0.25436119360819465,14.699999999999982,0.182576068507822,3.0,0.0,38.0,13.749333333333333,0.4563492063492064,1.6266666666666667,4.499999999999991,1.7714666666666632,1.4999999999999956,1.4833297303447412,3,
1370,200,0.25410695955280027,13.824999999999982,0.18245189797108735,3.0,0.0,36.0,14.909774436090226,0.4807692307692307,1.1829573934837092,3.7999999999999936,1.7596491228070132,1.7999999999999954,0.7028123115577865,3,
1371,200,0.2538529796043867,11.874999999999984,0.18237650918449436,2.0,1.0,39.0,14.92258064516129,0.5613207547169812,1.6129032258064515,5.0,2.3645161290322556,1.9999999999999998,1.9692775158950635,3,
1372,200,0.25359925350897383,10.274999999999988,0.18231202455373446,3.0,0.0,39.0,14.83955223880597,0.6630434782608695,1.126865671641791,4.499999999999991,1.7735074626865632,1.399999999999998,1.361145454798594,3,
1373,200,0.25334578101283567,19.87499999999997,0.18217240004548807,2.0,0.0,36.0,17.409302325581397,0.48287671232876717,3.911627906976744,3.6999999999999935,1.8330232558139494,1.8999999999999992,0.8132859561165795,2,
1374,200,0.25309256186249957,15.499999999999982,0.18206517021204618,4.0,1.0,43.0,14.26536312849162,0.4653846153846154,2.5977653631284916,7.800000000000012,2.443016759776537,1.4999999999999984,5.115340308825494,3,
1375,194,0.25283959580474646,4.299999999999983,0.18200863547978952,2.0,0.0,31.0,14.44921875,0,0.0390625,3.5999999999999983,1.7277343749999952,1.8499999999999943,0.9520968947890429,4,
1376,200,0.2525868825866102,11.024999999999979,0.18193715136896846,3.0,0.0,41.0,16.076363636363638,0.6071428571428571,0.9418181818181818,5.900000000000018,2.7658181818181866,3.5000000000000124,3.1232365386649903,3,
1377,200,0.25233442195537764,14.299999999999985,0.1818393297606401,3.0,0.0,40.0,13.964769647696476,0.484375,4.306233062330623,5.399999999999997,1.921409214092138,1.4999999999999996,1.73920211515863,3,
1378,200,0.25208221365858796,20.649999999999963,0.18174576363536588,2.0,0.0,37.0,17.5121412803532,0.43125,7.211920529801325,4.6999999999999975,2.2657836644591582,2.2999999999999976,1.5408014307434375,2,
1379,200,0.25183025744403303,15.174999999999992,0.18166244810912935,4.0,0.0,40.0,13.414565826330533,0.467741935483871,1.915966386554622,4.899999999999993,1.8296918767506973,1.4000000000000001,1.555825277760333,3,
1380,200,0.25157855305975646,15.924999999999967,0.18153172117966673,3.0,0.0,36.0,16.739534883720932,0.47857142857142854,3.013953488372093,4.099999999999994,1.6893023255813913,1.499999999999992,0.9949607082785697,3,
1381,200,0.251327100254054,13.274999999999986,0.18146477465502278,4.0,0.0,42.0,15.811188811188812,0.6153846153846154,0.8916083916083916,7.100000000000014,2.6972027972027974,2.099999999999996,3.9661945106669227,3,
1382,200,0.25107589877547265,9.474999999999982,0.18134548386220806,4.0,0.0,36.0,14.473880597014926,0.5988372093023255,0.7947761194029851,3.999999999999988,1.6794776119402943,1.6999999999999924,1.0182124110660855,3,
1383,200,0.2508249483728111,16.47499999999998,0.18122028071353158,3.0,0.0,41.0,14.48984771573604,0.48913043478260865,2.1472081218274113,5.500000000000001,1.68680203045685,1.3999999999999935,1.5355209843141016,3,
1384,200,0.25057424879511875,21.999999999999968,0.18107912274435684,2.0,0.0,39.0,15.385608856088561,0.3152173913043478,6.915129151291513,4.199999999999987,1.5699261992619888,1.3999999999999995,0.8482312952958625,3,
1385,200,0.2503237997916961,21.249999999999964,0.18100142042799017,2.0,0.0,40.0,19.797169811320753,0.49375,10.375,4.999999999999992,3.158726415094337,3.2999999999999963,1.2870536503963268,2,
1386,200,0.2500736011120941,13.849999999999993,0.1808561790249048,2.0,1.0,36.0,13.538666666666666,0.4877049180327869,2.1786666666666665,3.199999999999994,1.4018666666666642,1.1999999999999997,0.5861073500967092,3,
1387,200,0.24982365250611405,11.674999999999983,0.18079533251349442,2.0,0.0,41.0,15.433566433566433,0.5735294117647058,1.9335664335664335,6.400000000000015,2.5713286713286716,1.6999999999999984,3.5909001772724607,3,
1388,200,0.24957395372380728,11.949999999999987,0.1806839694439171,3.0,0.0,38.0,13.937888198757763,0.5555555555555556,2.580745341614907,4.499999999999989,1.8031055900621078,1.5999999999999988,1.2099399130040533,3,
1389,200,0.2493245045154751,25.524999999999977,0.18054836839448046,2.0,0.0,36.0,16.138433515482696,0.32446808510638303,4.26775956284153,3.199999999999994,1.3548269581056431,1.1999999999999997,0.4503106171201033,2,
1390,200,0.24907530463166816,22.224999999999977,0.1804598408073778,2.0,0.0,36.0,16.514541387024607,0.44480519480519476,5.111856823266219,3.899999999999997,1.570693512304246,1.5999999999999934,0.5584056694426629,2,
1391,200,0.24882635382318666,13.849999999999993,0.18032505532563528,3.0,0.0,38.0,13.079411764705883,0.45175438596491224,0.4411764705882353,5.899999999999996,1.7049999999999985,1.0999999999999988,2.2023175806019037,3,
1392,200,0.24857765184107966,14.799999999999981,0.18022533401868418,2.0,0.0,37.0,13.552162849872774,0.47307692307692306,3.0,3.5999999999999903,1.2987277353689537,1.0999999999999992,0.6179413135812667,3,
1393,200,0.24832919843664528,19.524999999999977,0.18008745212085325,4.0,1.0,37.0,17.457471264367815,0.4642857142857143,4.248275862068965,4.699999999999996,1.9574712643678127,1.8999999999999932,1.0843809453346276,2,
1394,200,0.24808099336142997,19.19999999999997,0.17993156936523944,2.0,0.0,35.0,17.106986899563317,0.4144736842105263,5.796943231441048,4.299999999999994,2.0949781659388598,1.9999999999999944,1.0234076076333718,2,
1395,200,0.24783303636722875,12.299999999999983,0.17986721575816877,3.0,1.0,39.0,14.263157894736842,0.5576923076923077,1.4703947368421053,4.599999999999988,2.031249999999996,2.2499999999999973,1.676245522912938,3,
1396,170,0.2475853272060845,7.099999999999993,0.17978198653462296,2.0,0.0,27.0,10.867088607594937,0,1.5854430379746836,2.3999999999999946,1.103481012658225,1.0999999999999976,0.3571750037554441,4,
1397,200,0.24733786563028812,12.574999999999982,0.17970116745782883,3.0,0.0,41.0,14.33956386292835,0.5219298245614035,1.6666666666666667,5.7999999999999945,2.249844236760122,1.9999999999999991,2.2009013975155214,3,
1398,200,0.24709065139237796,9.349999999999982,0.1796544962925953,2.0,0.0,40.0,17.556485355648537,0.7142857142857143,0.9121338912133892,5.999999999999995,2.805857740585769,3.099999999999992,2.2918049719887885,3,
1399,200,0.24684368424513983,12.749999999999991,0.17958836352332394,2.0,0.0,41.0,15.433656957928802,0.5772727272727273,1.3365695792880259,6.100000000000021,2.669255663430423,1.8999999999999995,3.9160860913280433,3,
1400,200,0.24659696394160643,15.774999999999979,0.1794830924276061,2.0,1.0,40.0,14.118110236220472,0.49242424242424243,2.041994750656168,5.300000000000002,1.7837270341207325,1.299999999999999,1.806204326260675,3,
1401,200,0.24635049023505762,17.74999999999999,0.179374424265417,2.0,0.0,37.0,14.03010752688172,0.36038961038961037,4.320430107526882,3.1999999999999913,1.335053763440857,1.1999999999999975,0.47483794583394795,3,
1402,200,0.2461042628790195,22.699999999999974,0.1792222099520813,2.0,0.0,35.0,15.78688524590164,0.3230337078651685,5.479052823315119,2.5999999999999903,1.1438979963570088,1.0999999999999996,0.2612978765759777,3,
1403,200,0.2458582816272648,13.899999999999984,0.1791367252456203,3.0,0.0,42.0,14.630434782608695,0.5431034482758621,2.158385093167702,6.40000000000001,2.362111801242235,2.05,3.1091534774263887,3,
1404,200,0.2456125462338122,21.449999999999967,0.17904859479988233,2.0,0.0,40.0,18.055913978494623,0.41666666666666663,6.810752688172043,6.000000000000003,2.74795698924731,3.0999999999999943,2.189301650140595,2,
1405,200,0.24536705645292634,21.999999999999968,0.17891835555616548,3.0,0.0,39.0,17.60633484162896,0.46875,1.8687782805429864,4.799999999999988,2.132126696832574,2.1999999999999904,1.0080680579229364,2,
1406,200,0.24512181203911731,11.324999999999989,0.17884547861826486,5.0,1.0,39.0,15.148514851485148,0.5961538461538461,2.0594059405940595,5.0999999999999925,2.3508250825082464,2.399999999999998,1.4751886545834725,3,
1407,200,0.24487681274714082,19.199999999999964,0.1787678513712528,2.0,1.0,38.0,18.807339449541285,0.4736842105263158,10.341743119266056,5.5000000000000036,2.784174311926604,2.7999999999999936,1.7423504563507752,2,
1408,200,0.2446320583319975,20.799999999999976,0.17862720465860032,2.0,0.0,38.0,17.100858369098713,0.4228395061728395,5.343347639484978,4.299999999999991,2.162660944206003,2.199999999999994,1.0377522046464436,2,
1409,200,0.2443875485489328,25.34999999999998,0.17843130734505375,3.0,1.0,34.0,15.246575342465754,0.25526315789473686,5.756849315068493,2.4999999999999973,1.0999999999999972,1.0999999999999959,0.20397320080338932,2,
1410,200,0.2441432831534371,12.249999999999988,0.17837740278276143,2.0,0.0,38.0,14.569620253164556,0.5707547169811321,0.12025316455696203,5.100000000000003,2.0984177215189863,1.749999999999999,2.317837163887635,3,
1411,200,0.24389926190124483,15.224999999999989,0.17828660650457367,2.0,0.0,38.0,13.106217616580311,0.3961538461538462,2.3626943005181347,4.199999999999992,1.7613989637305663,1.2999999999999987,1.2545028356656187,3,
1412,200,0.24365548454833486,17.349999999999987,0.17816846131850267,2.0,0.0,39.0,12.529137529137529,0.3321917808219178,2.596736596736597,4.299999999999992,1.469463869463867,1.1999999999999953,1.0762528798087325,3,
1413,200,0.24341195085092968,22.37499999999997,0.1780984298629844,2.0,0.0,38.0,17.31788079470199,0.44512195121951215,5.955849889624724,4.39999999999999,2.0883002207505466,2.0999999999999943,1.0065567619196063,2,
1414,200,0.24316866056549566,22.374999999999975,0.17798189830534605,3.0,0.0,36.0,16.670433145009415,0.34444444444444444,4.922787193973635,4.599999999999991,1.8103578154425566,1.7999999999999914,0.6509873031635665,2,
1415,200,0.24292561344874244,22.37499999999997,0.17790311432605635,2.0,1.0,39.0,18.022321428571427,0.4512195121951219,6.506696428571429,4.599999999999996,2.488616071428567,2.899999999999995,1.4974894744971377,2,
1416,200,0.24268280925762298,21.09999999999998,0.177720730094082,2.0,0.0,36.0,16.32075471698113,0.4085365853658537,7.262054507337526,3.49999999999999,1.6637316561844813,1.5999999999999948,0.5670518793291338,2,
1417,200,0.24244024774933293,24.57499999999996,0.17757094966856307,2.0,0.0,35.0,17.24958123953099,0.27,8.695142378559463,3.5999999999999877,1.6067001675041819,1.599999999999997,0.4710787075486502,2,
1418,200,0.2421979286813109,16.549999999999986,0.17745138849592376,2.0,0.0,38.0,14.016317016317016,0.41666666666666663,4.419580419580419,3.8999999999999875,1.4498834498834463,1.1999999999999904,0.902365029341443,3,
1419,200,0.24195585181123766,23.349999999999977,0.17734972224801143,2.0,0.0,37.0,16.23838383838384,0.38372093023255816,7.08080808080808,5.19999999999999,1.7432323232323195,1.5999999999999983,0.9069831526707544,2,
1420,200,0.24171401689703645,20.674999999999976,0.17721099553817704,2.0,1.0,35.0,16.03305785123967,0.3734567901234568,3.347107438016529,3.399999999999994,1.7245867768594993,1.7999999999999987,0.6807000490917982,2,
1421,200,0.24147242369687225,23.89999999999998,0.17710516648031863,2.0,0.0,37.0,16.70552147239264,0.36494252873563215,6.852760736196319,4.399999999999989,2.1615541922290347,2.1999999999999953,1.2609402810304366,2,
1422,200,0.24123107196915192,20.424999999999965,0.17697831087027985,2.0,0.0,36.0,16.832589285714285,0.4383116883116883,3.888392857142857,3.79999999999999,1.7426339285714236,1.8999999999999904,0.6130291525288583,2,
1423,200,0.24098996147252358,10.774999999999984,0.1768622486011707,2.0,0.0,37.0,15.188118811881187,0.5343137254901961,2.102310231023102,5.099999999999997,2.517161716171621,2.999999999999997,2.558149180899279,3,
1424,200,0.24074909196587688,20.824999999999964,0.17673545580688457,3.0,0.0,37.0,17.628440366972477,0.4736842105263158,5.020642201834862,4.7999999999999945,2.0603211009174274,2.099999999999998,1.1288673031905057,2,
1425,200,0.24050846320834213,14.874999999999973,0.17662503420914782,2.0,1.0,36.0,16.402877697841728,0.49264705882352944,5.342925659472422,3.7999999999999945,1.733333333333329,1.599999999999997,0.7489411575266817,3,
1426,200,0.2402680749592907,17.774999999999988,0.1765461874559711,4.0,0.0,39.0,13.360178970917225,0.375,4.460850111856823,4.5999999999999925,1.4123042505592809,1.1999999999999962,0.9272581678411237,3,
1427,200,0.2400279269783342,19.249999999999986,0.17644120759792065,3.0,0.0,40.0,12.860927152317881,0.3141025641025641,3.1346578366445916,5.400000000000005,1.5651214128035313,0.9999999999999988,1.9786165256715136,3,
1428,200,0.2397880190253247,18.499999999999964,0.17637501197578248,2.0,0.0,36.0,18.20047169811321,0.4930555555555556,7.818396226415095,4.399999999999995,2.2007075471698054,2.399999999999995,0.8613014601585296,2,
1429,200,0.2395483508603542,20.39999999999997,0.1762428954662185,2.0,0.0,37.0,16.513392857142858,0.4423076923076923,2.388392857142857,3.499999999999992,1.5993303571428537,1.599999999999999,0.604712385963335,2,
1430,200,0.23930892224375455,14.549999999999986,0.17614484162867833,3.0,0.0,38.0,12.651351351351352,0.4354838709677419,1.9837837837837837,4.399999999999993,1.3810810810810794,0.9499999999999994,1.305813775118878,3,
1431,68,0.23906973293609704,3.0250000000000044,0.1760877856055073,1.0,0.0,10.0,4.963636363636364,0,2.6272727272727274,2.199999999999999,0.8186363636363635,0.7000000000000006,0.2073387879914872,4,
1432,200,0.23883078269819244,26.799999999999947,0.17588339830725627,2.0,0.0,36.0,16.0521327014218,0.21666666666666656,6.101105845181674,2.8999999999999977,1.2404423380726661,1.1999999999999904,0.37087719123108154,2,
1433,200,0.2385920712910904,14.849999999999989,0.17581339777022653,5.0,0.0,43.0,14.042682926829269,0.5333333333333333,1.1585365853658536,6.900000000000004,2.0618902439024374,1.399999999999997,3.230437429705434,3,
1434,200,0.23835359847607956,22.399999999999977,0.17573259254661708,2.0,0.0,37.0,15.881974248927039,0.4104938271604939,5.364806866952789,3.1999999999999935,1.4545064377682368,1.2999999999999976,0.5699072091363273,2,
1435,200,0.23811536401468703,12.124999999999986,0.17567406285273177,3.0,0.0,41.0,16.100671140939596,0.589622641509434,0.9731543624161074,6.600000000000008,3.0134228187919483,2.9999999999999982,4.030066551805698,3,
1436,200,0.2378773676686784,13.849999999999984,0.1755646218177375,3.0,1.0,39.0,13.353276353276353,0.44999999999999996,2.3475783475783474,5.300000000000004,1.8943019943019954,1.1999999999999982,2.2665386363636424,3,
1437,200,0.2376396092000572,20.24999999999997,0.17544060657752253,2.0,0.0,35.0,16.572093023255814,0.47916666666666663,1.569767441860465,2.7999999999999923,1.3306976744186003,1.2999999999999965,0.300547650338832,2,
1438,200,0.23740208837106508,31.149999999999963,0.17529992926745555,2.0,0.0,36.0,17.03030303030303,0.23130841121495327,5.878787878787879,2.799999999999989,1.340829346092499,1.3999999999999888,0.3136447670987554,1,
1439,200,0.23716480494418105,26.824999999999964,0.17517713961519155,2.0,0.0,38.0,16.44677137870855,0.29950495049504955,5.485165794066318,3.6999999999999935,1.5828970331588106,1.399999999999999,0.826202151507026,2,
1440,200,0.23692775868212176,14.54999999999999,0.17506847466353695,2.0,0.0,36.0,14.14567901234568,0.4242424242424242,4.451851851851852,4.699999999999992,1.8824691358024657,1.5999999999999999,1.1338971126176616,3,
1441,200,0.23669094934784088,18.24999999999997,0.1749425175319157,3.0,0.0,36.0,16.929705215419503,0.45833333333333337,3.2063492063492065,4.299999999999995,1.7424036281179103,1.5999999999999979,0.9782749897161639,3,
1442,200,0.2364543767045291,17.949999999999992,0.17481533473647118,3.0,0.0,41.0,13.61465721040189,0.44594594594594594,2.652482269503546,5.499999999999993,1.3009456264775383,1.0999999999999983,0.9457254314584599,3,
1443,200,0.23621804051561368,25.674999999999958,0.1746747282302664,2.0,0.0,37.0,16.535776614310645,0.30729166666666663,3.9598603839441537,3.699999999999993,1.3368237347294887,1.2999999999999972,0.47806955239882015,2,
1444,200,0.23598194054475852,23.27499999999997,0.17453867279767288,2.0,0.0,35.0,14.983050847457626,0.3125,4.659133709981168,3.1999999999999944,1.2668549905838016,1.2,0.4222174067243556,2,
1445,200,0.23574607655586352,19.47499999999996,0.17442396100090324,2.0,1.0,36.0,17.365116279069767,0.47916666666666663,3.8813953488372093,3.299999999999997,1.8065116279069713,1.899999999999997,0.5640071606660901,2,
1446,200,0.23551044831306475,24.02499999999997,0.17429794500830564,2.0,0.0,38.0,16.14171656686627,0.3879310344827587,4.532934131736527,3.7999999999999874,1.5984031936127696,1.4999999999999987,0.5136521912350562,2,
1447,200,0.2352750555807339,13.67499999999998,0.1742012131565283,3.0,0.0,40.0,15.880681818181818,0.5532786885245902,2.7670454545454546,5.400000000000006,2.4190340909090886,2.1999999999999966,2.2617866395486823,3,
1448,200,0.23503989812347828,13.699999999999992,0.1741272127344391,3.0,0.0,45.0,15.360248447204969,0.5778688524590164,1.9565217391304348,7.800000000000006,2.6565217391304343,2.8999999999999977,3.5590756440303615,3,
1449,200,0.2348049757061403,13.949999999999989,0.17405715490949408,2.0,0.0,40.0,13.944927536231884,0.5166666666666667,2.1536231884057973,5.2,1.9350724637681151,1.2999999999999998,2.17864329883049,3,
1450,200,0.23457028809379765,15.374999999999996,0.1739782234222164,2.0,0.0,38.0,12.0,0.41129032258064513,1.2378378378378379,3.9999999999999907,1.1297297297297277,0.8999999999999988,0.668148050752741,3,
1451,200,0.23433583505176261,19.824999999999978,0.17385107150740006,2.0,0.0,37.0,17.41269841269841,0.46153846153846156,3.197278911564626,4.1999999999999895,2.002267573696141,1.8999999999999986,1.031564788153017,2,
1452,200,0.2341016163455822,19.84999999999997,0.17378274611792163,3.0,0.0,39.0,18.757075471698112,0.4967532467532467,5.679245283018868,4.599999999999993,2.5346698113207493,2.7999999999999954,0.9643929912390429,2,
1453,200,0.23386763174103756,10.399999999999984,0.17368551921623135,2.0,0.0,37.0,15.057142857142857,0.601063829787234,1.6607142857142858,4.799999999999994,2.1153571428571403,1.899999999999999,1.779251138407373,3,
1454,62,0.23363388100414423,0.15000000000000302,0.17364351230132924,1.0,0.0,9.0,4.283018867924528,0,0.8176100628930818,1.5999999999999996,0.8459119496855341,0.8999999999999992,0.1364509493670886,4,
1455,200,0.23340036390115132,8.849999999999982,0.17358627601619336,3.0,0.0,34.0,14.339285714285714,0.5988372093023255,0.8928571428571429,3.599999999999997,1.7467857142857097,1.899999999999999,0.7491420808938855,3,
1456,200,0.2331670801985418,11.474999999999994,0.1734924426536051,2.0,0.0,39.0,14.222222222222221,0.5555555555555556,2.073015873015873,4.999999999999993,2.00412698412698,1.6999999999999997,1.7538101668950972,3,
1457,200,0.23293402966303187,17.424999999999986,0.173384625537304,5.0,0.0,43.0,14.16306954436451,0.42333333333333334,4.589928057553957,7.100000000000001,2.0023980815347695,1.4,2.5023587596613917,3,
1458,200,0.23270121206157107,14.124999999999986,0.17327558992392936,2.0,0.0,37.0,13.162534435261708,0.44672131147540983,3.4765840220385673,4.199999999999993,1.6217630853994465,1.2999999999999976,1.2544394693704024,3,
1459,200,0.23246862716134165,14.549999999999981,0.17313700044856115,2.0,1.0,38.0,14.2710027100271,0.5241935483870968,2.3956639566395665,4.3999999999999915,1.5230352303523005,1.3999999999999946,0.908446239717975,3,
1460,200,0.23223627472975883,14.274999999999977,0.17303976393225465,3.0,0.0,39.0,15.063613231552162,0.47388059701492535,5.305343511450381,4.999999999999996,2.026972010178114,1.799999999999995,1.6088503574018438,3,
1461,200,0.23200415453447004,12.54999999999998,0.17299341374247895,5.0,0.0,44.0,17.783269961977187,0.66,0.0,7.900000000000029,3.5239543726235802,3.7999999999999967,5.5388598773999895,3,
1462,200,0.23177226634335515,13.149999999999984,0.17294032226777803,3.0,0.0,42.0,15.053511705685619,0.6111111111111112,1.431438127090301,6.600000000000006,2.294983277591972,1.6999999999999988,3.2897440715883657,3,
1463,200,0.2315406099245259,8.274999999999979,0.17289422498421392,2.0,1.0,38.0,16.86266094420601,0.7371794871794872,0.07725321888412018,4.29999999999999,2.202145922746777,2.599999999999991,1.3184316976127244,3,
1464,200,0.23130918504632592,22.124999999999975,0.17282505526087266,3.0,0.0,39.0,18.241610738255034,0.4487951807228916,5.9552572706935125,4.799999999999995,2.6069351230425015,3.0999999999999934,1.7378353219090275,2,
1465,200,0.23107799147733019,21.724999999999973,0.17272592868929493,2.0,0.0,37.0,16.881656804733726,0.3591954022988506,7.905325443786983,4.999999999999995,2.2865877712031524,2.3999999999999977,1.453829712738471,2,
1466,200,0.23084702898634524,10.924999999999988,0.17266661191548863,5.0,0.0,43.0,17.16058394160584,0.6715686274509803,1.2846715328467153,6.600000000000024,3.145985401459856,2.8999999999999977,3.2988781884782057,3,
1467,200,0.2306162973424085,21.57499999999997,0.17257861807126273,2.0,0.0,38.0,17.073118279569893,0.4375,3.8129032258064517,4.499999999999989,2.046021505376339,2.1999999999999877,1.1824896403729397,2,
1468,200,0.23038579631478834,25.599999999999977,0.17246367126372078,2.0,0.0,36.0,16.32460732984293,0.29639175257731953,5.68935427574171,2.9999999999999902,1.3661431064572382,1.3999999999999955,0.29641133256986746,2,
1469,200,0.23015552567298364,13.799999999999986,0.17234552013467125,2.0,0.0,39.0,13.376068376068377,0.4666666666666667,2.1196581196581197,4.999999999999994,1.808831908831907,1.2000000000000002,1.9269746753246704,3,
1470,92,0.22992548518672384,4.125000000000006,0.17227998224178442,2.0,0.0,14.0,7.563218390804598,0,2.371647509578544,3.299999999999999,1.1992337164750948,0.9999999999999997,0.5475170287727534,4,
1471,200,0.22969567462596835,20.874999999999968,0.1721722483602929,3.0,0.0,39.0,18.06387665198238,0.44753086419753085,5.094713656387666,5.199999999999995,2.5859030837004364,2.799999999999997,1.8599424593066929,2,
1472,200,0.22946609376090668,12.699999999999983,0.17207548174542756,2.0,0.0,40.0,14.67986798679868,0.5518867924528302,0.12211221122112212,5.200000000000004,2.2815181518151793,1.8999999999999986,2.391499651446492,3,
1473,200,0.22923674236195785,20.149999999999977,0.17201441568568557,2.0,0.0,39.0,18.306603773584907,0.5033333333333333,3.6580188679245285,4.499999999999993,2.2643867924528247,2.299999999999998,0.7931936587400872,2,
1474,200,0.2290076201997705,10.824999999999989,0.1719490957828775,3.0,0.0,36.0,14.860759493670885,0.5833333333333334,3.329113924050633,4.499999999999992,2.0851265822784764,2.0999999999999943,1.3310262881177641,3,
1475,200,0.22877872704522242,21.974999999999966,0.17185349320901344,3.0,0.0,37.0,16.31936127744511,0.37790697674418605,6.790419161676646,5.999999999999996,1.797205588822353,1.2999999999999958,2.0081838247011974,2,
1476,200,0.2285500626694205,15.52499999999998,0.17173394639221526,3.0,0.0,40.0,16.340632603406327,0.5035211267605634,3.3625304136253042,4.899999999999996,2.038199513381992,1.7999999999999945,1.7101080985081676,3,
1477,200,0.22832162684370022,9.924999999999985,0.17168799283052474,3.0,0.0,38.0,15.54863813229572,0.6569767441860465,0.07392996108949416,4.199999999999993,2.0688715953307355,1.899999999999999,2.0262212330426252,3,
1478,200,0.22809341933962587,11.424999999999983,0.171593348123309,3.0,0.0,38.0,14.167224080267559,0.57,1.6187290969899666,4.399999999999991,1.9076923076923038,1.999999999999993,1.6199923937360086,3,
1479,200,0.22786543992898983,20.249999999999964,0.1715246429127364,2.0,0.0,38.0,18.45754716981132,0.5,3.9764150943396226,4.4999999999999885,2.3549528301886733,2.499999999999994,0.9363486024196873,2,
1480,200,0.22763768838381274,26.52499999999997,0.17139930722649588,2.0,0.0,35.0,16.894645941278064,0.2809278350515464,6.585492227979275,3.2999999999999923,1.4758203799654517,1.4999999999999898,0.25568553871852917,2,
1481,200,0.22741016447634296,11.874999999999984,0.17127435374878983,3.0,0.0,38.0,14.320388349514563,0.5865384615384616,0.889967637540453,4.69999999999999,1.8614886731391558,1.3999999999999995,1.5595364474235367,3,
1482,200,0.22718286797905665,25.07499999999998,0.1711364373737988,2.0,0.0,35.0,15.434234234234234,0.2934782608695652,5.538738738738739,3.299999999999996,1.3645045045045014,1.299999999999998,0.4971380801495963,2,
1483,200,0.22695579866465723,13.949999999999989,0.17106575086184345,3.0,0.0,41.0,14.582317073170731,0.5948275862068966,1.600609756097561,5.5999999999999925,1.7070121951219472,1.349999999999997,1.3923113317159712,3,
1484,158,0.22672895630607542,8.499999999999996,0.17097514750943116,2.0,0.0,25.0,10.674796747967479,0,5.775067750677507,2.4999999999999916,1.1474254742547396,1.0999999999999996,0.32840364277320655,4,
1485,200,0.22650234067646874,21.32499999999996,0.17086233297116354,3.0,0.0,40.0,17.6420581655481,0.45625000000000004,5.089485458612975,4.99999999999999,2.260626398210285,2.3999999999999964,0.9236444987187648,2,
1486,200,0.2262759515492217,16.324999999999974,0.170735939324276,5.0,0.0,38.0,14.911363636363637,0.41216216216216217,6.204545454545454,4.799999999999998,1.8813636363636346,1.499999999999998,1.5016604424609636,3,
1487,80,0.22604978869794498,2.800000000000005,0.17067809327801284,2.0,1.0,12.0,5.552511415525114,0,2.223744292237443,2.3999999999999986,0.9840182648401814,0.8999999999999997,0.30171434528773944,4,
1488,200,0.22582385189647586,10.774999999999983,0.17059362504646725,2.0,0.0,41.0,15.885931558935361,0.675531914893617,0.12547528517110265,5.8,2.3307984790874503,2.299999999999994,2.8582942979412413,3,
1489,200,0.22559814091887742,13.824999999999985,0.17052423342733802,4.0,0.0,43.0,15.351612903225806,0.6008771929824561,0.7032258064516129,6.700000000000017,2.496129032258066,1.8499999999999992,3.3343422928438504,3,
1490,200,0.22537265553943872,19.92499999999997,0.17046404550348448,3.0,0.0,38.0,18.225446428571427,0.4551282051282052,7.852678571428571,5.800000000000004,2.6104910714285694,2.699999999999998,2.1764856031050877,2,
1491,200,0.22514739553267432,19.899999999999963,0.17036339642463755,2.0,0.0,38.0,17.809633027522935,0.4833333333333333,3.0779816513761467,4.699999999999995,2.169036697247703,2.0499999999999945,1.732284331518446,2,
1492,200,0.22492236067332425,11.574999999999994,0.17025478250769954,2.0,0.0,38.0,14.435483870967742,0.6057692307692307,1.732258064516129,3.799999999999988,1.7180645161290282,1.4999999999999991,0.9217477809342386,3,
1493,200,0.22469755073635353,18.399999999999977,0.17012491445826197,3.0,0.0,39.0,14.505747126436782,0.42567567567567566,4.901149425287357,4.79999999999999,1.7436781609195362,1.4999999999999942,1.1302820995222536,3,
1494,200,0.22447296549695234,21.92499999999997,0.17003490141651278,2.0,0.0,37.0,16.59171597633136,0.3735955056179775,7.4694280078895465,4.399999999999993,1.8605522682445716,1.799999999999998,1.0511895832684905,2,
1495,200,0.22424860473053532,17.424999999999976,0.16993609389473124,6.0,0.0,42.0,15.846698113207546,0.47,3.7004716981132075,6.0000000000000115,1.9615566037735823,1.4999999999999976,1.9458678347934955,3,
1496,200,0.22402446821274175,12.374999999999982,0.16985882122545803,3.0,0.0,43.0,16.025454545454547,0.6617647058823529,0.09454545454545454,7.500000000000006,2.565090909090908,1.9999999999999973,4.390548503120708,3,
1497,200,0.223800555719435,9.024999999999983,0.16977949610262447,2.0,0.0,40.0,17.959183673469386,0.7034883720930233,0.1510204081632653,5.600000000000007,3.211020408163265,3.2999999999999985,2.576941889910708,3,
1498,200,0.22357686702670268,12.149999999999977,0.1697313152646333,4.0,1.0,44.0,17.175182481751825,0.6346153846153846,0.8905109489051095,7.400000000000031,3.371532846715335,3.75,4.949766500166534,3,
1499,200,0.22335340191085598,20.62499999999998,0.16960029134942556,2.0,0.0,34.0,14.716216216216216,0.3042168674698795,3.861003861003861,2.299999999999996,1.1839768339768313,1.199999999999992,0.3031999865833329,3,
1500,200,0.22313016014842982,9.899999999999988,0.169548339935172,2.0,0.0,36.0,14.656716417910447,0.6686046511627907,0.2126865671641791,3.6999999999999886,1.5854477611940256,1.599999999999998,0.7355074279826734,3,
1501,176,0.22290714151618238,9.249999999999991,0.16947793317967025,2.0,0.0,28.0,10.76401179941003,0,1.9498525073746313,2.2999999999999954,0.9932153392330368,0.9,0.2398675600417674,4,
1502,200,0.22268434579109508,11.899999999999979,0.16942430826032603,3.0,0.0,40.0,16.085808580858085,0.5707547169811321,1.4983498349834983,6.200000000000015,3.0280528052805358,3.3999999999999972,3.6170412164517565,3,
1503,200,0.22246177275037207,23.44999999999997,0.16933922378125713,2.0,0.0,39.0,16.481781376518217,0.36111111111111116,9.483805668016194,5.299999999999996,2.0929149797570834,1.599999999999999,1.8511112340442994,2,
1504,200,0.2222394221714404,20.89999999999997,0.16921651966134438,2.0,0.0,36.0,16.280353200883003,0.44480519480519476,3.507726269315673,2.799999999999992,1.4657836644591569,1.4999999999999938,0.37479133367119927,2,
1505,200,0.22201729383194937,22.749999999999975,0.16907738517680898,2.0,0.0,35.0,15.805068226120857,0.35,4.247563352826511,3.499999999999994,1.5680311890838161,1.3999999999999986,0.6389024501459111,2,
1506,200,0.22179538750977074,16.574999999999992,0.1690142719691478,5.0,0.0,41.0,14.56,0.48484848484848486,1.6933333333333334,7.600000000000007,2.245066666666667,1.2000000000000002,4.067197917851869,3,
1507,200,0.22157370298299803,20.42499999999997,0.1689043970391113,2.0,1.0,37.0,16.67549668874172,0.4512987012987013,2.8189845474613686,3.399999999999986,1.7028697571743883,1.6999999999999997,0.5035483022104367,2,
1508,200,0.22135224002994683,14.674999999999995,0.16883868037060745,2.0,0.0,37.0,13.266331658291458,0.43181818181818177,4.374371859296482,3.39999999999999,1.4158291457286403,1.299999999999999,0.5800294817648631,3,
1509,200,0.22113099842915407,21.49999999999998,0.1687622236173623,2.0,0.0,36.0,16.559139784946236,0.42721518987341767,4.2064516129032254,3.7999999999999905,1.7376344086021458,1.6999999999999966,0.7268665828030147,2,
1510,200,0.2209099779593782,9.974999999999987,0.1686783696501351,4.0,0.0,38.0,14.397212543554007,0.5729166666666666,1.710801393728223,4.199999999999989,1.9519163763066159,2.199999999999991,1.3726872086247006,3,
1511,200,0.22068917839959865,21.89999999999998,0.16858081782578332,3.0,1.0,35.0,15.782435129740518,0.37650602409638556,4.738522954091817,3.299999999999994,1.3828343313373213,1.1999999999999995,0.5153560956175272,2,
1512,200,0.22046859952901593,20.32499999999996,0.16852885775393026,2.0,0.0,37.0,18.567441860465117,0.4833333333333333,6.21860465116279,4.299999999999995,2.5279069767441804,2.599999999999998,1.0729014218573338,2,
1513,200,0.22024824112705108,18.22499999999998,0.16847402831436883,3.0,1.0,37.0,16.37641723356009,0.4691780821917808,3.7006802721088436,3.299999999999996,1.6009070294784526,1.5999999999999974,0.39283566433566275,3,
1514,200,0.22002810297334574,19.92499999999997,0.16837189372144915,2.0,0.0,36.0,16.391402714932127,0.45270270270270274,3.48868778280543,3.0999999999999894,1.4031674208144744,1.3999999999999986,0.3551954054759582,2,
1515,200,0.21980818484776168,20.174999999999965,0.16831857684551338,2.0,0.0,37.0,18.306603773584907,0.4932432432432432,4.377358490566038,4.299999999999996,2.2643867924528247,2.4999999999999893,0.8305523571130549,2,
1516,200,0.21958848653038082,26.749999999999964,0.16820254076265045,2.0,0.0,36.0,16.514237855946398,0.26485148514851486,7.517587939698492,2.999999999999994,1.4770519262981519,1.4999999999999973,0.29701190770128466,2,
1517,200,0.21936900780150476,15.824999999999989,0.16813903464624855,4.0,0.0,42.0,14.991735537190083,0.55,2.559228650137741,6.099999999999994,1.8746556473829161,1.7999999999999918,1.4614624187966678,3,
1518,200,0.2191497484416548,22.49999999999997,0.1680789507505326,2.0,0.0,39.0,18.672093023255815,0.48124999999999996,3.6488372093023256,5.799999999999994,2.590697674418601,2.5999999999999948,1.989738181385509,2,
1519,200,0.2189307082315715,14.19999999999998,0.16800013485713539,2.0,1.0,39.0,14.964864864864865,0.5277777777777778,3.308108108108108,5.000000000000001,1.9518918918918897,1.3999999999999961,1.9531593364451143,3,
1520,200,0.21871188695221475,22.274999999999967,0.16793970838166847,2.0,0.0,39.0,18.14622641509434,0.4778481012658228,4.415094339622642,4.299999999999989,2.1681603773584848,2.149999999999994,0.7479290780141794,2,
1521,200,0.21849328438476312,21.67499999999997,0.16787696641736874,2.0,0.0,38.0,18.552447552447553,0.4807692307692307,5.2027972027972025,3.89999999999999,2.501631701631696,2.699999999999998,0.8719601173657837,2,
1522,200,0.21827490031061414,13.324999999999985,0.16781324060663008,4.0,0.0,41.0,16.25225225225225,0.5805084745762712,3.735735735735736,6.60000000000001,2.799399399399399,2.399999999999996,3.109637291681707,3,
1523,200,0.2180567345113836,17.799999999999994,0.16772803143699644,6.0,0.0,41.0,12.248062015503876,0.4117647058823529,1.124031007751938,5.599999999999993,1.252971576227389,0.9000000000000005,0.9755209390523978,3,
1524,200,0.21783878676890578,22.49999999999998,0.1676480688986918,2.0,0.0,39.0,17.008097165991902,0.3848314606741573,8.350202429149798,4.799999999999998,2.2629554655870407,2.299999999999992,1.4675203556866792,2,
1525,200,0.21762105686523284,20.599999999999966,0.1675854236200885,2.0,0.0,39.0,18.81132075471698,0.4967532467532467,6.084905660377358,5.099999999999992,2.56721698113207,2.6499999999999955,1.1532477263245673,2,
1526,200,0.21740354458263497,19.92499999999997,0.16751502088583695,2.0,0.0,37.0,17.468409586056644,0.4375,7.610021786492375,4.099999999999992,2.235511982570801,2.4999999999999916,0.9413359597493764,2,
1527,200,0.21718624970359973,20.37499999999998,0.1674149097029265,3.0,0.0,39.0,16.469601677148848,0.39457831325301207,6.3752620545073375,4.399999999999988,1.9291404612159277,1.9999999999999902,0.934983035055023,2,
1528,200,0.21696917201083235,15.674999999999978,0.1672948655072352,3.0,0.0,36.0,15.098434004474273,0.4212328767123288,3.046979865771812,3.8999999999999915,1.7049217002237094,1.5999999999999952,0.8368479740550887,3,
1529,200,0.216752311287255,17.074999999999967,0.16721479067482417,4.0,0.0,40.0,16.946386946386948,0.4797297297297297,4.927738927738928,5.499999999999994,2.2498834498834452,2.2999999999999936,1.3414350141273597,3,
1530,200,0.21653566731600707,21.74999999999998,0.16713317194326086,2.0,0.0,38.0,17.066666666666666,0.39880952380952384,6.393939393939394,5.399999999999993,2.15414141414141,1.9999999999999987,1.3481853206216492,2,
1531,200,0.21631923988044444,20.549999999999983,0.16706283556525675,2.0,0.0,35.0,16.705882352941178,0.4342105263157895,4.522875816993464,3.599999999999998,1.7779956427015196,1.7999999999999914,0.5409780710081622,2,
1532,200,0.21610302876413975,20.224999999999973,0.1669318532389835,2.0,1.0,35.0,16.533333333333335,0.38414634146341464,6.149494949494949,4.1999999999999895,1.8341414141414092,1.6999999999999966,0.7873426276609605,2,
1533,200,0.2158870337508818,12.624999999999988,0.16688308565144575,3.0,0.0,38.0,14.327217125382264,0.5681818181818182,1.2079510703363914,3.8999999999999937,1.8204892966360813,1.8999999999999955,0.9681213526859135,3,
1534,200,0.21567125462467565,11.549999999999985,0.16685296171057537,3.0,0.0,41.0,16.2,0.6377551020408163,0.05818181818181818,6.400000000000009,2.774545454545456,2.4999999999999973,3.846821114989962,3,
1535,200,0.21545569116974203,25.074999999999985,0.1667838584260863,2.0,0.0,41.0,17.079840319361278,0.3936170212765957,6.5568862275449105,6.100000000000003,2.1612774451097776,1.899999999999996,1.8369509960159356,2,
1536,200,0.21524034317051757,19.049999999999983,0.16670352268815736,2.0,0.0,37.0,13.491701244813278,0.32499999999999996,4.628630705394191,3.6999999999999966,1.3010373443983367,1.1999999999999966,0.5520552420552406,3,
1537,200,0.21502521041165426,26.424999999999976,0.16655611761895434,2.0,0.0,40.0,16.55026455026455,0.3257575757575758,5.3668430335097,4.900000000000003,1.4171075837742462,1.2999999999999923,0.7652652665107252,2,
1538,200,0.2148102926780192,20.674999999999972,0.16650512253827288,2.0,0.0,37.0,18.197674418604652,0.4833333333333333,4.269767441860465,4.399999999999993,2.306046511627901,2.599999999999989,0.906293922628024,2,
1539,200,0.21459558975469478,13.374999999999979,0.16642373411833639,4.0,0.0,43.0,15.006430868167202,0.5482456140350878,0.9710610932475884,7.100000000000019,2.5672025723472682,1.6999999999999957,4.837495244003324,3,
1540,200,0.21438110142697794,11.524999999999979,0.16639482351721963,4.0,0.0,43.0,18.470119521912352,0.6968085106382979,0.027888446215139442,7.300000000000033,3.6589641434263025,4.400000000000006,5.550396190476233,3,
1541,200,0.21416682748038046,20.79999999999998,0.16633262971193605,2.0,0.0,36.0,16.993288590604028,0.44480519480519476,4.351230425055928,3.5999999999999948,1.8579418344518956,1.9999999999999893,0.5901803731582307,2,
1542,200,0.21395276770062824,17.349999999999987,0.166236070708633,3.0,1.0,37.0,16.187782805429865,0.46232876712328763,5.730769230769231,3.3999999999999884,1.5321266968325742,1.3999999999999966,0.6274326254203683,3,
1543,200,0.2137389218736616,14.899999999999988,0.16616317022019547,4.0,0.0,42.0,16.976744186046513,0.5398550724637681,5.217054263565892,7.300000000000002,2.4808785529715722,1.9,2.904201565087337,3,
1544,45,0.2135252897856346,-1.7249999999999992,0.1661394982370669,1.0,0.0,6.0,2.1296296296296298,0,0.06481481481481481,1.1,0.4481481481481483,0.5000000000000001,0.07768841635942722,4,
1545,200,0.21331187122291523,20.549999999999976,0.16605444265563388,3.0,0.0,41.0,17.42452830188679,0.5131578947368421,2.759433962264151,5.699999999999988,1.735141509433956,1.6999999999999966,0.707754860241965,2,
1546,200,0.21309866597208482,20.799999999999976,0.16599781861157378,2.0,1.0,38.0,17.823266219239375,0.45625000000000004,5.74496644295302,4.499999999999992,2.325055928411628,2.2999999999999985,1.2284611226777644,2,
1547,56,0.21288567381993817,1.625000000000003,0.16595167592862128,2.0,0.0,8.0,3.941798941798942,0,1.7724867724867726,1.7000000000000002,0.71005291005291,0.7000000000000001,0.13254815229563263,4,
1548,200,0.21267289455348304,20.29999999999997,0.16586393411364272,3.0,0.0,38.0,17.317241379310346,0.48026315789473684,7.025287356321839,4.699999999999999,1.858160919540228,1.5999999999999956,1.2834516763201298,2,
1549,200,0.21246032795994024,13.899999999999977,0.16581950649943802,7.0,1.0,48.0,18.152727272727272,0.6428571428571429,0.06181818181818182,9.60000000000004,3.972363636363648,4.700000000000003,8.063779223526991,3,
1550,200,0.21224797382674304,12.024999999999986,0.1657491900456355,3.0,0.0,42.0,15.618881118881118,0.5961538461538461,2.020979020979021,6.000000000000018,2.644755244755245,2.3999999999999995,2.664533039916873,3,
1551,200,0.2120358319415374,14.049999999999992,0.165706575138798,3.0,0.0,38.0,13.802898550724638,0.5172413793103449,1.1246376811594203,4.599999999999993,1.788985507246375,1.2999999999999994,1.6743275305820637,3,
1552,200,0.21182390209218135,27.04999999999998,0.1656104465504372,2.0,0.0,37.0,15.58195211786372,0.3252688172043011,3.425414364640884,3.6999999999999917,1.321731123388579,1.199999999999998,0.5266750325591462,2,
1553,200,0.2116121840667451,19.224999999999966,0.1655612725964602,2.0,0.0,36.0,19.52358490566038,0.48972602739726023,5.974056603773585,6.000000000000001,2.9945754716981123,3.099999999999995,1.633163621193161,2,
1554,200,0.21140067765351048,14.674999999999983,0.16551384313421433,3.0,0.0,38.0,15.360335195530727,0.5583333333333333,3.368715083798883,4.099999999999989,1.8296089385474812,1.799999999999996,0.9015325796056544,3,
1555,200,0.21118938264097117,21.149999999999967,0.16542628272402454,3.0,0.0,39.0,18.09049773755656,0.45625000000000004,3.072398190045249,5.299999999999993,2.4552036199094966,2.59999999999999,1.2833844689117118,2,
1556,200,0.21097829881783206,18.999999999999986,0.16534644341380406,3.0,0.0,39.0,14.954248366013072,0.41666666666666663,5.431372549019608,4.69999999999999,1.5962962962962923,1.3999999999999928,0.9553938674767388,3,
1557,200,0.2107674259730094,11.574999999999978,0.16528509602138702,4.0,0.0,45.0,19.583673469387755,0.71875,0.02857142857142857,8.900000000000018,4.15632653061225,3.899999999999995,7.76936492069843,3,
1558,200,0.21055676389563024,10.79999999999998,0.16522332069389056,4.0,1.0,44.0,19.605150214592275,0.7388888888888889,0.9570815450643777,7.900000000000013,3.847639484978543,3.7999999999999967,4.424550176834678,3,
1559,200,0.21034631237503254,14.974999999999987,0.16514758998882356,4.0,0.0,41.0,14.309659090909092,0.5403225806451613,1.2670454545454546,5.399999999999997,1.8002840909090887,1.2999999999999992,1.807031548872904,3,
1560,200,0.21013607120076472,24.27499999999998,0.165052286643467,2.0,1.0,38.0,16.25612052730697,0.3467741935483871,5.9209039548022595,4.499999999999989,1.6826741996233467,1.4999999999999987,0.7306628599801346,2,
1561,200,0.20992604016258565,23.849999999999977,0.16497477918718492,2.0,0.0,36.0,16.348399246704332,0.3388888888888889,6.666666666666667,3.3999999999999924,1.7380414312617654,1.6999999999999993,0.5089501347708859,2,
1562,200,0.2097162190504642,13.299999999999983,0.16489523722556157,3.0,0.0,43.0,15.63963963963964,0.45491803278688525,2.081081081081081,7.7000000000000295,3.2426426426426476,2.5999999999999983,6.2445442248034455,3,
1563,45,0.20950660765457932,-0.9749999999999983,0.16486767659165857,2.0,0.0,6.0,3.0839694656488548,0,0.33587786259541985,1.6999999999999993,0.6442748091603053,0.6000000000000001,0.15285780885780859,4,
1564,200,0.20929720576531952,21.199999999999967,0.1647448072335448,3.0,1.0,38.0,16.060344827586206,0.41455696202531644,4.120689655172414,3.8999999999999884,1.544827586206892,1.499999999999991,0.6152347244478473,2,
1565,92,0.20908801317328293,0.6750000000000003,0.16470068790854953,1.0,1.0,14.0,6.238372093023256,0,1.058139534883721,2.399999999999998,1.03313953488372,1.0,0.3259476726498323,4,
1566,200,0.20887902966927693,24.724999999999987,0.16460709666892803,2.0,0.0,36.0,14.912408759124087,0.293010752688172,5.273722627737226,2.7999999999999927,1.234671532846712,1.2,0.3548209641595308,2,
1567,200,0.20867025504431805,22.77499999999998,0.16451173771057284,3.0,0.0,38.0,16.208092485549134,0.36111111111111116,5.5761078998073215,3.8999999999999884,1.7042389210019224,1.7999999999999945,0.5725467775467743,2,
1568,200,0.20846168908963153,21.899999999999974,0.16436599969106055,2.0,0.0,37.0,16.129511677282377,0.4082278481012658,3.51380042462845,4.699999999999989,1.6524416135881062,1.499999999999992,0.8799502344031688,2,
1569,200,0.20825333159665155,13.099999999999982,0.16426189191163987,3.0,1.0,41.0,16.059006211180126,0.6096491228070176,0.65527950310559,5.899999999999998,2.470186335403724,2.4999999999999973,2.2313686911065416,3,
1570,200,0.20804518235702046,22.899999999999974,0.16419606035471848,2.0,0.0,39.0,17.133928571428573,0.4512195121951219,3.1629464285714284,4.4999999999999885,1.9555803571428525,1.9999999999999978,0.943812847839836,2,
1571,200,0.20783724116258911,9.374999999999977,0.16413424306080665,4.0,0.0,40.0,18.352459016393443,0.7151162790697675,0.11475409836065574,6.5000000000000195,3.393852459016401,4.299999999999999,4.39073267825652,3,
1572,200,0.2076295078054162,11.79999999999998,0.16407758926441057,3.0,1.0,40.0,14.87741935483871,0.5370370370370371,2.5,5.400000000000008,2.5058064516129033,2.799999999999998,2.6673488798010414,3,
1573,200,0.20742198207776844,23.524999999999952,0.16401241980806283,3.0,0.0,43.0,19.09862385321101,0.47413793103448276,6.23394495412844,6.60000000000001,2.958944954128436,2.899999999999996,2.0371554748941327,2,
1574,200,0.20721466377212,9.274999999999977,0.1639180981677114,2.0,0.0,41.0,18.914163090128756,0.7380952380952381,0.030042918454935622,6.400000000000008,3.433047210300432,3.799999999999996,3.732324270557046,3,
1575,200,0.20700755268115265,25.774999999999956,0.1638149962894372,2.0,0.0,41.0,17.46566164154104,0.29807692307692313,7.450586264656616,5.3999999999999915,1.5624790619765445,1.3999999999999986,0.716148627415769,3,
1576,200,0.20680064859775515,12.224999999999982,0.16373434447739302,3.0,0.0,40.0,14.529032258064516,0.5648148148148148,0.832258064516129,4.999999999999997,2.1670967741935456,2.199999999999999,2.129197598310069,3,
1577,200,0.20659395131502356,22.824999999999967,0.16367165153954139,2.0,0.0,40.0,17.364779874213838,0.4205882352941176,5.39622641509434,5.099999999999993,2.3568134171907715,2.4999999999999987,1.4655208150205632,2,
1578,200,0.20638746062626045,22.09999999999997,0.16360241509599954,2.0,1.0,37.0,17.24301075268817,0.39457831325301207,7.909677419354839,5.199999999999997,2.2008602150537597,2.2999999999999896,1.5181998298061259,2,
1579,200,0.20618117632497523,21.399999999999988,0.16350714054453408,2.0,0.0,36.0,15.456475583864119,0.38291139240506333,4.749469214437367,2.999999999999996,1.2626326963906542,1.299999999999991,0.3263333934367106,2,
1580,200,0.20597509820488344,10.774999999999983,0.1634379880289737,3.0,0.0,41.0,16.587813620071685,0.61,1.8566308243727598,6.000000000000008,3.1143369175627313,3.8000000000000043,3.5773314491264405,3,
1581,200,0.20576922605990708,23.299999999999976,0.16336647726526893,2.0,0.0,39.0,17.22782258064516,0.37637362637362637,7.457661290322581,5.099999999999996,2.4691532258064486,2.6999999999999993,2.0053671117614713,2,
1582,200,0.2055635596841739,20.074999999999967,0.16328186043997403,2.0,0.0,37.0,17.132558139534883,0.48611111111111116,2.2162790697674417,3.399999999999993,1.6753488372092982,1.7999999999999965,0.7176287594849045,2,
1583,200,0.20535809887201756,12.899999999999984,0.1632384052145552,3.0,0.0,43.0,16.10801393728223,0.6367924528301887,0.2613240418118467,6.7000000000000215,2.7902439024390264,2.9999999999999964,4.251454691142207,3,
1584,200,0.20515284341797715,22.474999999999962,0.16318634839521054,2.0,0.0,39.0,18.170305676855897,0.42647058823529416,7.093886462882096,4.7999999999999945,2.7172489082969387,2.9999999999999964,1.3909973160185496,2,
1585,200,0.2049477931167973,16.974999999999977,0.1631187190564637,5.0,0.0,40.0,14.48223350253807,0.4779411764705882,2.479695431472081,4.799999999999997,1.8360406091370531,1.7999999999999963,1.529066254388502,3,
1586,200,0.20474294776342764,13.04999999999999,0.16307710829069555,3.0,0.0,42.0,14.296636085626911,0.538135593220339,3.801223241590214,6.3,2.174617737003055,1.899999999999999,2.1452779440371046,3,
1587,200,0.2045383071530228,16.99999999999999,0.16298693434014688,3.0,0.0,38.0,13.258992805755396,0.3857142857142857,3.4412470023980815,4.39999999999999,1.5534772182254166,1.3999999999999977,0.9118936326831013,3,
1588,200,0.20433387108094214,20.94999999999996,0.16290466696752579,2.0,0.0,37.0,17.25813953488372,0.4766666666666667,2.425581395348837,3.399999999999987,1.7506976744185994,1.7999999999999938,0.5819910329423044,2,
1589,200,0.20412963934274964,12.549999999999988,0.1628068328218116,2.0,0.0,38.0,14.774193548387096,0.6153846153846154,0.7451612903225806,4.599999999999993,1.772258064516126,1.4999999999999971,1.3000826231282279,3,
1590,200,0.20392561173421342,11.774999999999984,0.16274674598536742,2.0,1.0,40.0,15.973154362416107,0.6057692307692307,2.285234899328859,5.400000000000014,2.7718120805369133,3.1999999999999966,2.3376210263166852,3,
1591,200,0.203721788051306,16.82499999999999,0.1626849250232728,3.0,0.0,42.0,13.76943005181347,0.41666666666666663,2.981865284974093,6.600000000000018,2.1873056994818656,1.2999999999999965,3.9533627974093224,3,
1592,200,0.20351816809020354,24.424999999999976,0.16260851418011965,2.0,0.0,38.0,16.610778443113773,0.37222222222222223,5.037924151696607,4.39999999999999,2.049900199600794,1.8999999999999955,1.4757992828685171,2,
1593,200,0.20331475164728618,22.324999999999974,0.16255410956513122,3.0,0.0,37.0,17.18348623853211,0.4671052631578947,2.5642201834862384,3.299999999999994,1.809862385321095,1.899999999999992,0.5326807648807143,2,
1594,200,0.20311153851913738,14.024999999999979,0.16252006844964703,4.0,0.0,51.0,20.952,0.7136363636363636,0.172,11.600000000000033,5.0848000000000075,5.050000000000001,11.850278564457103,3,
1595,200,0.20290852850254407,21.074999999999964,0.16245915775726888,2.0,0.0,38.0,18.072186836518046,0.4107142857142857,9.375796178343949,5.200000000000001,2.788747346072186,3.099999999999993,1.5946788676523636,2,
1596,27,0.2027057213944961,-2.8249999999999997,0.1624375660945252,1.0,0.0,3.0,1.5,0,0.4523809523809524,1.1,0.561904761904762,0.6000000000000001,0.08903756201275688,4,
1597,200,0.20250311699218648,24.22499999999998,0.16236121252247163,2.0,0.0,37.0,15.64453125,0.3522727272727273,3.953125,3.6999999999999935,1.5359374999999957,1.4999999999999922,0.5711325497915234,2,
1598,200,0.2023007150930107,15.649999999999983,0.162293929801276,3.0,0.0,40.0,14.242894056847545,0.45149253731343286,4.343669250645995,6.100000000000003,2.1506459948320384,1.5999999999999992,2.5471677527909833,3,
1599,200,0.2020985154945669,20.699999999999978,0.16220512314562813,3.0,0.0,36.0,17.004366812227076,0.41455696202531644,5.109170305676856,3.899999999999995,2.0334061135371124,2.099999999999996,0.7132324099102282,2,
1600,200,0.20189651799465538,12.07499999999998,0.16216906510142576,3.0,0.0,44.0,17.836575875486382,0.67,0.754863813229572,7.200000000000023,3.3996108949416373,3.5999999999999956,5.242374939438006,3,
1601,200,0.20169472239127875,14.824999999999992,0.16205118176834385,2.0,0.0,37.0,12.961070559610706,0.34558823529411764,3.318734793187348,4.199999999999997,1.7360097323600943,1.4999999999999991,1.2103406346199337,3,
1602,200,0.20149312848264125,20.799999999999965,0.16199434291742443,2.0,0.0,38.0,19.167816091954023,0.47435897435897434,5.271264367816092,5.099999999999993,2.968505747126432,3.2999999999999976,1.2990839428402272,2,
1603,200,0.2012917360671491,21.84999999999996,0.16194781203555386,2.0,0.0,40.0,19.146853146853147,0.48750000000000004,4.932400932400933,5.0,2.858275058275056,3.199999999999988,1.373254835905236,2,
1604,200,0.20109054494340972,21.69999999999999,0.1618155438010615,2.0,0.0,36.0,15.875675675675677,0.31043956043956045,7.908108108108108,3.4999999999999987,1.4109909909909866,1.3999999999999928,0.4360067397345658,3,
1605,200,0.20088955491023208,27.199999999999978,0.16168776271782614,2.0,0.0,39.0,15.327242524916944,0.22596153846153855,4.461794019933555,4.999999999999992,1.5699335548172735,1.2999999999999998,1.0420390835616669,2,
1606,200,0.20068876576662606,12.424999999999976,0.1616396366849965,3.0,0.0,39.0,15.11890243902439,0.5892857142857143,2.347560975609756,4.599999999999988,2.028963414634142,2.099999999999998,1.234751866001127,3,
1607,50,0.20048817731180257,-1.9249999999999985,0.16160980492227867,1.0,1.0,7.0,3.6785714285714284,0,0.5535714285714286,2.0999999999999996,0.9062499999999991,0.8999999999999984,0.28042972175715536,4,
1608,200,0.20028778934517305,14.074999999999978,0.1615605474949228,2.0,0.0,40.0,13.721556886227544,0.5042372881355932,2.8473053892215567,4.799999999999995,1.8802395209580813,1.4,1.7924399623504021,3,
1609,200,0.20008760166634962,13.724999999999987,0.16150273775701562,3.0,1.0,41.0,13.695266272189349,0.475,2.062130177514793,5.499999999999996,2.0221893491124234,1.4999999999999996,2.1139935926052287,3,
1610,200,0.1998876140751445,22.84999999999996,0.1614581393855089,3.0,0.0,38.0,18.70917225950783,0.45625000000000004,7.225950782997763,5.5000000000000036,2.8565995525727077,3.2000000000000055,1.9294907110826423,2,
1611,200,0.19968782637157012,25.47499999999997,0.1613624900236803,2.0,0.0,39.0,16.92817679558011,0.33673469387755106,7.362799263351749,4.599999999999988,2.011233885819516,1.799999999999999,1.1569863794226118,2,
1612,200,0.19948823835583873,23.999999999999975,0.16126205694665047,2.0,0.0,38.0,16.345454545454544,0.38953488372093026,2.6383838383838385,4.599999999999992,1.8074747474747448,1.5,1.1806964215750249,2,
1613,200,0.19928884982836237,16.299999999999986,0.16119893027259297,4.0,0.0,41.0,13.834625322997416,0.4411764705882353,1.9767441860465116,6.300000000000016,1.9366925064599494,1.1999999999999962,2.9181046685540406,3,
1614,200,0.1990896605897524,20.599999999999977,0.16112932746159286,2.0,0.0,39.0,18.302325581395348,0.4807692307692307,4.9906976744186045,4.699999999999989,2.3772093023255763,2.399999999999996,1.3979532609694947,2,
1615,200,0.19889067044081962,16.374999999999986,0.16107048874973845,3.0,0.0,41.0,13.368421052631579,0.43656716417910446,2.357894736842105,5.4,1.8468421052631554,1.299999999999999,1.7439757893060153,3,
1616,200,0.19869187918257386,23.799999999999965,0.16102789162345876,3.0,0.0,41.0,18.266968325791854,0.47023809523809523,3.230769230769231,5.7,2.528506787330314,2.599999999999998,2.1123655963514034,2,
1617,200,0.19849328661622387,21.174999999999965,0.16097846419287332,2.0,0.0,36.0,17.645374449339208,0.4294871794871795,5.037444933920705,4.9999999999999964,2.3585903083700415,2.6999999999999975,1.4738430487834426,2,
1618,200,0.19829489254317698,22.02499999999997,0.16093369337514457,2.0,0.0,38.0,18.419811320754718,0.4902597402597403,2.9622641509433962,3.999999999999987,2.3323113207547115,2.3999999999999946,0.8432295369211444,2,
1619,200,0.19809669676503922,11.274999999999983,0.16089773335102173,2.0,0.0,39.0,15.042704626334519,0.5833333333333334,1.612099644128114,5.199999999999994,2.2572953736654786,2.0999999999999965,2.4422641843971578,3,
1620,200,0.19789869908361465,21.924999999999958,0.16084727220197692,2.0,0.0,38.0,19.54952830188679,0.47435897435897434,5.320754716981132,5.100000000000001,3.0101415094339607,3.399999999999994,1.7553550271172296,2,
1621,39,0.19770089930090573,-1.8999999999999995,0.1608293161427911,2.0,0.0,5.0,2.308411214953271,0,0.7476635514018691,1.5,0.6373831775700933,0.6000000000000002,0.12721174004192864,4,
1622,200,0.19750329721911256,18.67499999999996,0.1607264874507659,3.0,0.0,40.0,16.944196428571427,0.4642857142857143,3.595982142857143,4.7999999999999865,1.8578124999999945,1.899999999999994,0.9084256338968493,3,
1623,200,0.19730589264063308,20.29999999999997,0.16065400176346042,2.0,0.0,36.0,16.93348623853211,0.47916666666666663,3.529816513761468,3.1999999999999966,1.643348623853206,1.6999999999999926,0.5726422578184577,2,
1624,200,0.19710868536806264,24.54999999999997,0.16059089579570868,2.0,0.0,40.0,17.69527896995708,0.4339080459770115,4.476394849785407,5.399999999999996,2.426609442060082,2.3999999999999972,2.024022288227296,2,
1625,200,0.19691167520419406,24.49999999999998,0.16050854749530608,3.0,0.0,39.0,15.699261992619926,0.29255319148936165,7.693726937269373,4.899999999999994,1.857749077490772,1.499999999999999,1.3802675285859656,2,
1626,200,0.19671486195201704,22.274999999999967,0.16042789130216373,2.0,1.0,36.0,17.061002178649236,0.4208860759493671,2.344226579520697,3.4999999999999902,2.0629629629629576,2.399999999999986,0.8061702107461495,2,
1627,200,0.19651824541471838,10.549999999999985,0.16038407391126525,2.0,0.0,36.0,13.88255033557047,0.5208333333333334,1.3657718120805369,4.199999999999992,1.8214765100671104,1.4999999999999996,1.5262673558325646,3,
1628,200,0.1963218253956815,9.674999999999986,0.16034247546805658,4.0,0.0,38.0,15.583941605839415,0.6521739130434783,0.16423357664233576,4.399999999999988,2.2897810218978054,2.7999999999999883,1.461155910755903,3,
1629,200,0.19612560169848642,17.349999999999984,0.16026090953075114,2.0,0.0,40.0,13.831707317073171,0.37676056338028174,2.8146341463414632,7.100000000000014,2.1646341463414647,1.2000000000000002,4.169335034711702,3,
1630,200,0.19592957412690934,16.849999999999987,0.16020574144039956,2.0,0.0,40.0,13.782716049382715,0.4214285714285714,4.130864197530864,4.899999999999988,1.8232098765432052,1.699999999999997,1.0299367165780566,3,
1631,200,0.19573374248492273,20.024999999999974,0.16013597717609426,3.0,1.0,39.0,17.514150943396228,0.5102739726027398,2.981132075471698,4.8999999999999915,1.7889150943396168,1.4999999999999978,1.121369211514391,2,
1632,200,0.1955381065766949,13.774999999999983,0.16009758265054996,6.0,0.0,47.0,18.358778625954198,0.6839622641509434,0.026717557251908396,9.000000000000023,3.7984732824427505,3.2499999999999956,7.922784843319817,3,
1633,200,0.19534266620658997,22.174999999999972,0.1600297292615916,3.0,0.0,38.0,16.7827868852459,0.375,6.561475409836065,4.800000000000001,2.1967213114754087,1.8999999999999921,1.618028831416426,2,
1634,200,0.1951474211791675,21.274999999999974,0.15997404642252078,2.0,0.0,38.0,17.90728476821192,0.44753086419753085,5.178807947019868,5.100000000000005,2.441942604856512,2.0999999999999948,1.9125547736930404,2,
1635,200,0.1949523712991825,16.624999999999982,0.15992049357523477,3.0,0.0,44.0,15.367021276595745,0.5036231884057971,3.3297872340425534,7.700000000000028,2.6667553191489395,1.4,5.1504471794872115,3,
1636,200,0.194757516371585,24.649999999999967,0.1598352711928274,2.0,0.0,40.0,16.35626102292769,0.3118556701030928,4.746031746031746,5.199999999999998,1.7165784832451463,1.599999999999996,1.1427974916637613,3,
1637,200,0.19456285620152014,13.424999999999983,0.15978324711281539,3.0,0.0,40.0,16.15,0.5720338983050848,0.5941176470588235,5.799999999999997,2.702058823529413,2.5999999999999988,2.7737550497841776,3,
1638,200,0.19436839059432767,20.749999999999968,0.15966920234450657,2.0,0.0,36.0,15.79296066252588,0.3734567901234568,5.467908902691511,4.399999999999995,1.586542443064179,1.2999999999999994,1.0429910668358395,2,
1639,200,0.19417411935554202,17.87499999999998,0.1596048849414668,3.0,0.0,43.0,14.306930693069306,0.43243243243243246,4.839108910891089,6.900000000000006,2.158910891089107,1.6999999999999988,2.609763318322458,3,
1640,200,0.19398004229089189,24.824999999999967,0.15954839406255925,2.0,0.0,40.0,17.108050847457626,0.40340909090909094,4.294491525423729,4.899999999999989,2.2641949152542318,2.499999999999992,1.3237451241791247,2,
1641,200,0.1937861592063002,12.599999999999985,0.15948240188234622,3.0,0.0,40.0,15.219672131147542,0.5141509433962265,0.9344262295081968,6.300000000000019,2.719016393442626,2.3,4.206831140350897,3,
1642,200,0.1935924699078839,23.574999999999978,0.15939782178860498,4.0,0.0,43.0,15.098540145985401,0.30154639175257736,6.304744525547445,6.899999999999996,1.7076642335766394,1.3999999999999955,1.5516617549608192,3,
1643,200,0.19339897420195362,12.699999999999987,0.15935570742992458,3.0,0.0,40.0,15.45945945945946,0.5042372881355932,1.3933933933933933,5.900000000000017,2.842642642642649,1.9999999999999991,3.926565363249435,3,
1644,200,0.19320567189501364,16.099999999999984,0.15931927492867876,4.0,0.0,47.0,16.183183183183182,0.5423076923076923,3.3933933933933935,9.600000000000025,3.2876876876876904,1.6999999999999997,8.290583832335372,3,
1645,200,0.19301256279376172,23.22499999999997,0.1592650487296058,2.0,1.0,38.0,17.561135371179038,0.4207317073170732,5.434497816593886,4.999999999999999,2.367467248908297,2.499999999999992,1.4850840710706887,2,
1646,200,0.1928196467050886,13.174999999999985,0.15923429655692845,4.0,0.0,44.0,15.477351916376307,0.6203703703703703,1.8989547038327526,7.400000000000007,2.499651567944248,2.399999999999996,2.9165858100233084,3,
1647,200,0.19262692343607832,15.424999999999978,0.15915511015234327,2.0,0.0,40.0,16.073298429319372,0.5454545454545454,1.3848167539267016,4.89999999999999,1.8513089005235557,1.6999999999999995,0.9905155458700787,3,
1648,200,0.19243439279400748,10.64999999999998,0.15913098681231275,3.0,0.0,39.0,17.33463035019455,0.6818181818181818,0.0311284046692607,6.1000000000000085,3.0984435797665406,3.2999999999999967,3.7455017562984674,3,
1649,200,0.1922420545863455,20.749999999999968,0.15909112389230556,2.0,0.0,36.0,17.380313199105146,0.4512987012987013,4.2460850111856825,5.000000000000002,2.059284116331095,1.9,1.3357090807174905,2,
1650,200,0.19204990862075408,13.649999999999988,0.15904585422948414,3.0,0.0,42.0,15.227272727272727,0.5436507936507936,4.798295454545454,6.600000000000005,2.4411931818181793,1.9999999999999987,2.731933125105929,3,
1651,200,0.19185795470508735,11.974999999999987,0.15897895843015672,3.0,0.0,40.0,15.090604026845638,0.5961538461538461,0.29194630872483224,5.200000000000015,2.3369127516778527,1.899999999999997,2.6265193743454684,3,
1652,200,0.19166619264739126,24.74999999999998,0.15891903359554896,2.0,0.0,40.0,16.446540880503143,0.40909090909090906,5.0020964360587,4.8,1.8574423480083821,1.5999999999999956,1.4341490278119553,2,
1653,200,0.19147462225590384,24.92499999999997,0.15885058329723173,3.0,0.0,40.0,17.24848484848485,0.37637362637362637,8.078787878787878,5.0000000000000036,2.514141414141411,2.8999999999999932,1.826878183361627,2,
1654,200,0.19128324333905458,22.649999999999977,0.15880575495960098,2.0,0.0,38.0,17.42953020134228,0.45625000000000004,5.910514541387025,3.799999999999991,2.0888143176733713,2.1999999999999917,0.6164327754644404,2,
1655,200,0.19109205570546464,21.499999999999986,0.1587519331129117,2.0,1.0,38.0,17.723991507431,0.41470588235294115,7.764331210191083,4.399999999999994,2.535244161358805,2.799999999999994,1.0548984853948726,2,
1656,200,0.19090105916394629,12.849999999999987,0.15871436987348791,4.0,0.0,39.0,14.21875,0.5136363636363637,1.440625,5.100000000000002,2.1649999999999996,1.4999999999999998,2.2010464945946744,3,
1657,200,0.19071025352350304,23.199999999999967,0.15865005303136653,2.0,1.0,36.0,16.122287968441814,0.37209302325581395,3.9467455621301775,3.899999999999995,1.5788954635108448,1.4,0.7943703121595924,2,
1658,200,0.19051963859332918,21.624999999999957,0.15859153019112543,2.0,0.0,40.0,18.913953488372094,0.48750000000000004,5.455813953488372,7.2,2.735813953488369,2.699999999999995,2.7569648294474303,2,
1659,200,0.19032921418280985,13.674999999999992,0.1585625058372582,3.0,0.0,43.0,15.22653721682848,0.5570175438596491,1.197411003236246,6.600000000000019,2.6595469255663438,2.799999999999994,3.3235439882698055,3,
1660,200,0.1901389801015205,16.924999999999983,0.15847615735726506,3.0,1.0,38.0,13.539301310043669,0.35389610389610393,5.117903930131004,3.599999999999988,1.5106986899563286,1.3999999999999975,0.5805214933043455,3,
1661,200,0.18994893615922714,20.899999999999977,0.15842583312913822,2.0,0.0,37.0,16.44513457556936,0.3902439024390244,7.422360248447205,4.299999999999989,1.9356107660455444,1.999999999999997,1.028674170981787,2,
1662,200,0.18975908216588572,19.49999999999997,0.15835895224143093,2.0,0.0,39.0,18.013953488372092,0.48376623376623373,4.774418604651163,4.2999999999999945,2.204186046511623,2.2999999999999945,1.2021750252840697,2,
1663,200,0.18956941793164234,13.499999999999986,0.158310386648595,2.0,0.0,38.0,14.491477272727273,0.5296610169491526,2.2301136363636362,4.799999999999997,1.999715909090906,1.8999999999999986,1.785213190963894,3,
1664,200,0.18937994326683263,12.799999999999978,0.1582723232427609,3.0,0.0,38.0,15.45086705202312,0.5517241379310345,4.254335260115607,4.699999999999993,2.3751445086705174,2.599999999999996,1.6395115064945867,3,
1665,200,0.18919065798198204,13.899999999999984,0.15823236659459425,3.0,0.0,43.0,16.248322147651006,0.5535714285714286,0.9161073825503355,6.700000000000036,3.1724832214765173,3.299999999999998,5.357558190601711,3,
1666,200,0.18900156188780515,22.449999999999978,0.15817256983240388,2.0,1.0,36.0,16.75869120654397,0.38690476190476186,6.443762781186094,3.999999999999989,2.0425357873210577,1.9999999999999987,0.8042472398795528,2,
1667,200,0.1888126547952059,21.09999999999997,0.1581327019619853,2.0,1.0,39.0,19.867441860465117,0.48124999999999996,7.223255813953489,5.800000000000006,3.30790697674419,3.6999999999999975,1.9527852503258636,2,
1668,200,0.1886239365152772,22.67499999999997,0.1580855493907884,2.0,0.0,37.0,17.764705882352942,0.43518518518518523,4.932461873638344,4.799999999999995,2.4132897603485803,2.6999999999999957,1.7642979874691427,2,
1669,200,0.18843540685930069,13.399999999999993,0.158036111272374,3.0,0.0,39.0,14.7874251497006,0.5745614035087719,1.9760479041916168,4.799999999999991,1.9377245508981995,1.6999999999999946,1.8183536372193005,3,
1670,200,0.1882470656387468,23.32499999999996,0.15799616371244438,3.0,0.0,41.0,19.334883720930232,0.4849397590361446,3.772093023255814,6.300000000000012,2.9883720930232553,3.3999999999999946,2.598343960756958,2,
1671,200,0.18805891266527416,22.474999999999973,0.15796038205531374,2.0,0.0,39.0,17.774418604651164,0.48417721518987344,2.8651162790697673,4.499999999999991,2.0520930232558094,2.049999999999994,1.2193859350239802,2,
1672,200,0.18787094775072993,12.074999999999987,0.15790394714252026,3.0,0.0,35.0,12.968115942028986,0.46818181818181814,1.4492753623188406,3.3999999999999932,1.474202898550721,1.3999999999999972,0.6298615405296365,3,
1673,200,0.18768317070714904,21.29999999999998,0.15779980141900735,2.0,1.0,36.0,16.463312368972748,0.4,3.448637316561845,3.399999999999999,1.8675052410901414,1.999999999999992,0.5755294293449563,2,
1674,200,0.18749558134675456,11.02499999999998,0.15777109562889857,3.0,0.0,42.0,18.0234375,0.6861702127659575,0.22265625,6.100000000000037,3.492578125000009,4.400000000000002,3.7667602044709265,3,
1675,200,0.18730817948195702,16.824999999999974,0.15773029126760188,3.0,0.0,43.0,16.807881773399014,0.5102739726027398,3.3300492610837438,7.100000000000019,2.6374384236453223,1.699999999999999,4.44153171353174,3,
1676,200,0.1871209649253546,14.574999999999987,0.15768769510184527,3.0,0.0,42.0,14.44927536231884,0.5161290322580645,3.072463768115942,6.200000000000004,2.2776811594202884,2.099999999999999,2.465058811668234,3,
1677,200,0.18693393748973264,23.749999999999964,0.15763657750895646,2.0,0.0,40.0,18.810267857142858,0.4441176470588235,6.0,5.200000000000014,2.9774553571428592,3.499999999999994,2.293677274380561,2,
1678,200,0.1867470969880638,19.04999999999998,0.1575808832858274,3.0,0.0,42.0,14.109865470852018,0.370253164556962,3.5515695067264574,6.300000000000017,1.942825112107623,1.2000000000000004,2.7823728225624103,3,
1679,200,0.18656044323350748,24.324999999999967,0.15752839347630362,2.0,0.0,40.0,17.34930139720559,0.3804347826086957,8.86626746506986,5.0,2.4930139720558855,2.6999999999999926,1.7267245418326642,2,
1680,200,0.18637397603940997,24.399999999999988,0.157453278116436,2.0,0.0,37.0,16.08286252354049,0.3369565217391305,6.6403013182674195,3.499999999999992,1.6860640301318226,1.6999999999999984,0.6342713150801499,2,
1681,200,0.186187695219304,19.224999999999977,0.1573819319389606,4.0,0.0,42.0,14.894484412470025,0.46621621621621623,2.1702637889688248,7.099999999999998,1.9764988009592297,1.5999999999999965,2.1938967611335998,3,
1682,200,0.1860016005869088,13.749999999999986,0.1573311048017902,3.0,0.0,39.0,13.050147492625369,0.4655172413793104,1.9026548672566372,4.299999999999991,1.6480825958702034,1.399999999999996,1.1547777584406478,3,
1683,200,0.18581569195612965,17.74999999999998,0.1572536730208134,3.0,0.0,40.0,14.187347931873479,0.44718309859154926,1.5742092457420924,6.000000000000003,1.7768856447688564,1.0999999999999992,2.5689456547478136,3,
1684,200,0.18562996914105798,17.774999999999995,0.15721293615119683,2.0,0.0,38.0,14.757369614512472,0.43243243243243246,2.5238095238095237,3.8999999999999924,1.5587301587301547,1.4999999999999978,0.7331758535582031,3,
1685,92,0.18544443195597088,5.975000000000003,0.15717809124504092,1.0,0.0,14.0,6.917602996254682,0,2.3333333333333335,2.199999999999997,0.9644194756554297,0.8999999999999957,0.28042335315901645,4,
1686,200,0.18525908021533122,16.324999999999978,0.15711965125546823,3.0,0.0,38.0,16.0311004784689,0.44999999999999996,6.7272727272727275,4.499999999999993,2.3808612440191355,2.5999999999999925,1.6302650481047092,3,
1687,200,0.18507391373378718,23.37499999999997,0.15705381653515518,2.0,0.0,40.0,17.176344086021505,0.42441860465116277,4.774193548387097,4.999999999999994,2.198279569892468,2.299999999999993,1.2242607666123944,2,
1688,200,0.18488893232617234,13.27499999999998,0.15700380486241763,3.0,0.0,42.0,16.42953020134228,0.6296296296296297,0.7315436241610739,7.000000000000017,2.926845637583895,2.4499999999999984,4.787588257153498,3,
1689,200,0.1847041358075052,20.074999999999974,0.15692837664089002,3.0,0.0,35.0,17.29580573951435,0.4407894736842105,5.640176600441501,4.399999999999996,2.0750551876379637,2.19999999999999,0.8534878757163441,2,
1690,200,0.18451952399298926,17.924999999999986,0.15686760647483372,2.0,0.0,40.0,13.393736017897092,0.3344155844155844,6.557046979865772,5.599999999999996,1.8404921700223686,1.4999999999999973,1.5298892937219692,3,
1691,200,0.1843350966980127,11.874999999999982,0.15684399173728034,3.0,0.0,43.0,17.671641791044777,0.65,0.12686567164179105,7.200000000000022,3.5466417910447796,3.6999999999999957,4.906213747685305,3,
1692,200,0.1841508537381482,26.549999999999955,0.1567687508080189,3.0,0.0,38.0,16.85049833887043,0.2547169811320755,9.561461794019934,4.799999999999996,1.9815614617940163,1.9999999999999925,1.075559998123633,2,
1693,200,0.18396679492915277,16.949999999999978,0.15671830862744685,2.0,0.0,40.0,14.988009592326138,0.45833333333333337,5.172661870503597,5.800000000000003,1.9880095923261372,1.4999999999999942,2.460493881118885,3,
1694,92,0.18378292008696764,3.675000000000008,0.15666177949480248,2.0,0.0,14.0,7.184738955823293,0,2.751004016064257,3.199999999999996,1.2883534136546169,1.0999999999999985,0.6426458064516118,4,
1695,200,0.18359922902771786,21.17499999999996,0.1565932218885276,2.0,0.0,38.0,17.886160714285715,0.44999999999999996,3.4174107142857144,4.199999999999998,2.4069196428571376,2.699999999999994,1.1849357010109418,2,
1696,200,0.18341572156771246,14.149999999999988,0.15654978633944813,3.0,0.0,40.0,14.518518518518519,0.44672131147540983,4.188034188034188,5.90000000000002,2.6139601139601183,1.9999999999999996,3.4303457792208025,3,
1697,200,0.18323239752344386,19.649999999999963,0.1564844545689611,2.0,1.0,38.0,17.470982142857142,0.4487179487179487,4.555803571428571,4.399999999999996,2.173883928571424,2.1999999999999886,1.2227838647155216,2,
1698,200,0.18304925671158812,21.549999999999972,0.15642336847314112,2.0,0.0,37.0,17.392201834862384,0.4642857142857143,4.376146788990826,3.799999999999988,1.9350917431192602,1.999999999999994,0.6551710986611907,2,
1699,200,0.18286629894900427,29.29999999999995,0.15634416865663703,2.0,0.0,37.0,16.752396166134186,0.23611111111111116,8.880191693290735,3.1999999999999886,1.473322683706066,1.3999999999999997,0.47687739712918414,2,
1700,200,0.18268352405273466,24.949999999999978,0.1562749476806251,2.0,1.0,39.0,16.79961464354528,0.3670212765957447,5.202312138728324,4.299999999999993,1.9493256262042344,1.8999999999999964,0.9973394713394672,2,
1701,200,0.1825009318400043,24.62499999999997,0.15615065321635113,2.0,0.0,37.0,16.355432780847146,0.32446808510638303,6.569060773480663,4.099999999999991,1.7858195211786323,1.6999999999999962,0.7554368352507027,2,
1702,200,0.182318522128221,10.799999999999983,0.15613651187171265,3.0,0.0,44.0,20.506607929515418,0.75,0.09691629955947137,8.000000000000034,4.191189427312785,4.500000000000001,3.705897376183858,3,
1703,200,0.182136294734975,26.49999999999997,0.15607608035556525,2.0,0.0,38.0,16.994652406417114,0.31999999999999995,7.85204991087344,3.699999999999988,1.7504456327985691,1.7999999999999914,0.6965840111845433,2,
1704,200,0.18195424947803895,21.524999999999963,0.1560022461450541,2.0,0.0,36.0,17.197424892703864,0.42500000000000004,6.010729613733906,4.299999999999995,2.1278969957081495,2.399999999999986,1.0419304183647577,2,
1705,200,0.1817723861753675,16.62499999999999,0.1559457440973253,5.0,0.0,39.0,13.968992248062015,0.43939393939393945,2.5064599483204133,5.800000000000014,2.0669250645994834,1.3999999999999977,2.7861597938144453,3,
1706,200,0.1815907046450974,16.59999999999999,0.15587133850157314,3.0,0.0,41.0,13.263414634146342,0.36111111111111116,3.631707317073171,5.5000000000000115,1.9553658536585348,1.2999999999999998,2.3089727482019535,3,
1707,200,0.18140920470554706,10.799999999999986,0.1558252064967398,3.0,0.0,38.0,14.81090909090909,0.6195652173913043,0.08727272727272728,4.599999999999994,1.9672727272727237,2.0999999999999974,1.5739315561197433,3,
1708,200,0.1812278861752166,22.174999999999972,0.15577767908395995,2.0,0.0,39.0,18.31446540880503,0.4109195402298851,9.180293501048219,5.400000000000005,2.926624737945492,3.0999999999999948,1.782758078126654,2,
1709,200,0.18104674887278735,22.224999999999966,0.15571925155868885,2.0,0.0,38.0,17.69575471698113,0.4902597402597403,0.8443396226415094,4.099999999999993,1.8978773584905617,1.8999999999999952,1.0052133500208535,2,
1710,200,0.1808657926171221,25.57499999999999,0.15563827549129994,2.0,0.0,38.0,15.394941634241246,0.34444444444444444,2.998054474708171,4.499999999999991,1.5101167315175064,1.2999999999999992,0.9888119003009084,2,
1711,200,0.1806850172272645,13.824999999999982,0.15559489303054297,3.0,0.0,42.0,14.553398058252426,0.5535714285714286,2.26537216828479,6.100000000000009,2.255663430420712,1.3999999999999995,2.723855676581487,3,
1712,200,0.18050442252243923,26.17499999999997,0.15552675738557367,2.0,0.0,38.0,17.74418604651163,0.2688679245283019,10.27076411960133,4.499999999999992,2.123089700996672,2.099999999999998,0.8883231375016172,2,
1713,200,0.18032400832205148,30.44999999999996,0.1554487645500935,2.0,1.0,36.0,17.656549520766774,0.22706422018348627,7.65335463258786,3.899999999999995,1.7052715654952024,1.699999999999992,0.6047181626794249,1,
1714,200,0.1801437744456871,24.799999999999972,0.1553896317564907,2.0,0.0,38.0,16.34141414141414,0.375,6.808080808080808,4.099999999999987,1.9335353535353486,2.099999999999993,0.8412222476165532,2,
1715,200,0.17996372071311217,11.64999999999998,0.1553429999314648,3.0,0.0,37.0,13.4,0.5192307692307693,1.6793650793650794,3.9999999999999916,1.6441269841269812,1.399999999999999,1.1993664839151748,3,
1716,200,0.17978384694427296,20.97499999999997,0.15529314252887866,2.0,0.0,38.0,17.00204918032787,0.3928571428571429,6.389344262295082,6.199999999999997,2.2397540983606543,2.099999999999997,1.8323617322365164,2,
1717,200,0.17960415295929566,24.774999999999963,0.15521108339689577,3.0,0.0,38.0,16.66796875,0.3369565217391305,6.2109375,4.799999999999992,2.297656249999995,2.59999999999999,1.284061905143369,2,
1718,200,0.17942463857848634,16.199999999999985,0.1551689556359395,3.0,0.0,46.0,16.39316239316239,0.5559701492537313,3.225071225071225,9.100000000000017,3.1301994301994327,1.9999999999999978,7.079373376623412,3,
1719,200,0.1792453036223305,10.74999999999999,0.15512707384809232,2.0,0.0,37.0,14.405498281786942,0.59375,0.12714776632302405,3.899999999999991,1.901374570446731,2.0999999999999965,1.1009733112895537,3,
1720,200,0.17906614791149322,13.174999999999978,0.15507508754983365,4.0,0.0,45.0,17.332142857142856,0.6296296296296297,0.20357142857142857,8.000000000000034,3.5425000000000066,3.699999999999997,6.13973634867796,3,
1721,200,0.17888717126681877,26.67499999999997,0.15501192227954194,2.0,0.0,39.0,17.13932980599647,0.3214285714285714,4.857142857142857,4.499999999999989,1.7705467372133978,1.6999999999999935,0.6883586323595254,2,
1722,200,0.17870837350933053,26.324999999999967,0.15493948923076262,2.0,0.0,40.0,17.198830409356724,0.3670212765957447,6.292397660818714,5.100000000000002,2.4042884990253386,2.199999999999996,1.8138676434824876,2,
1723,200,0.17852975446023064,14.049999999999981,0.1548873718213154,3.0,0.0,44.0,15.886075949367088,0.5127118644067796,1.1170886075949367,7.300000000000034,3.2338607594936764,2.0999999999999988,6.565912873666859,3,
1724,200,0.17835131394090015,16.249999999999982,0.1548422395077233,3.0,0.0,40.0,14.18346253229974,0.44402985074626866,1.0852713178294573,5.300000000000024,2.1971576227390206,1.2999999999999998,2.8342485711233527,3,
1725,200,0.1781730517728984,24.299999999999972,0.15479642595228094,2.0,0.0,39.0,17.639376218323587,0.3736559139784946,7.321637426900585,4.99999999999999,2.4744639376218287,2.699999999999991,1.3788658195525272,2,
1726,200,0.17799496777796334,22.24999999999999,0.15472541549154234,3.0,0.0,40.0,13.349236641221374,0.25555555555555554,4.125954198473282,4.99999999999999,1.3816793893129744,1.0999999999999999,0.8403162706000132,3,
1727,200,0.17781706177801082,17.049999999999983,0.15464419806199986,3.0,0.0,38.0,13.484412470023981,0.3556338028169014,3.5227817745803356,5.199999999999998,1.9045563549160667,1.4,1.925194147957306,3,
1728,200,0.17763933359513495,12.999999999999984,0.154597623269411,3.0,1.0,38.0,13.605714285714285,0.461864406779661,2.36,4.399999999999995,1.932285714285712,1.6999999999999995,1.4665981763116394,3,
1729,27,0.17746178305160745,-2.9000000000000004,0.15457941713119203,1.0,0.0,3.0,1.5,0,0.0,1.0,0.47619047619047633,0.5000000000000001,0.07515804394046773,4,
1730,200,0.17728440996987782,20.57499999999999,0.15449112981066168,2.0,0.0,40.0,14.737060041407867,0.3825301204819277,4.923395445134576,4.79999999999999,1.524430641821942,1.3999999999999995,0.6163416035115363,3,
1731,200,0.17710721417257289,23.324999999999974,0.15441252102202735,2.0,0.0,36.0,16.333333333333332,0.36627906976744184,5.303393213572854,4.699999999999997,1.883433133732532,1.799999999999999,1.0924843824701171,2,
1732,200,0.17693019548249692,22.049999999999965,0.1543733982349169,3.0,0.0,39.0,18.655963302752294,0.46604938271604934,5.568807339449541,4.999999999999994,2.693348623853207,3.099999999999996,1.5853540072069172,2,
1733,200,0.17675335372263115,12.374999999999982,0.15431937086332914,3.0,0.0,40.0,15.111475409836066,0.5330188679245284,0.7278688524590164,5.900000000000024,2.6304918032786926,2.2999999999999963,3.511075206398368,3,
1734,200,0.17657668871613388,20.74999999999997,0.1542612575402875,3.0,0.0,38.0,17.65813953488372,0.4864864864864865,3.5046511627906978,3.8999999999999866,1.9906976744185996,2.199999999999994,0.8388482360640085,2,
1735,200,0.17640020028634,10.47499999999998,0.1542351889399151,4.0,0.0,40.0,17.35114503816794,0.6413043478260869,0.9274809160305344,6.000000000000011,3.271755725190849,4.099999999999999,3.786280319916116,3,
1736,200,0.1762238882567611,22.824999999999967,0.1541813714529043,2.0,0.0,37.0,17.329140461215932,0.40662650602409633,6.851153039832285,4.299999999999988,2.335429769392028,2.69999999999999,1.0830891143068044,2,
1737,200,0.17604775245108517,21.024999999999963,0.1541206348916721,3.0,1.0,38.0,17.25726141078838,0.38095238095238093,6.975103734439834,5.999999999999996,2.454979253112032,2.0999999999999974,2.2250573985356623,2,
1738,200,0.17587179269317638,23.599999999999973,0.15407801784286038,2.0,0.0,38.0,17.214285714285715,0.44375,2.814732142857143,3.999999999999989,2.0198660714285666,2.099999999999998,1.0045880230988011,2,
1739,200,0.17569600880707487,19.149999999999974,0.15398610390231263,3.0,0.0,38.0,17.623255813953488,0.4965753424657534,3.2255813953488373,3.799999999999989,1.9613953488372042,2.099999999999997,0.7802348309076808,2,
1740,200,0.17552040061699686,15.799999999999983,0.15393708624018818,4.0,0.0,46.0,17.096273291925467,0.5967741935483871,0.11180124223602485,9.100000000000025,3.522981366459632,1.8999999999999977,8.668685898363332,3,
1741,200,0.1753449679473341,25.649999999999977,0.1538832552973263,2.0,1.0,39.0,16.834355828220858,0.3944444444444445,5.286298568507157,4.599999999999994,2.0879345603271937,1.799999999999998,1.4312101037136105,2,
1742,200,0.17516971062265388,23.59999999999998,0.1538342980801353,3.0,0.0,38.0,16.32075471698113,0.3928571428571429,2.9329140461215935,4.09999999999999,1.7819706498951744,1.8999999999999924,0.9093225449175444,2,
1743,200,0.17499462846769887,26.74999999999997,0.15376842067069502,2.0,0.0,39.0,16.0,0.32894736842105265,4.953445065176909,4.59999999999999,1.7929236499068864,1.5999999999999988,1.1404380513787873,2,
1744,200,0.17481972130738693,20.49999999999997,0.15370878651340847,3.0,0.0,38.0,17.75229357798165,0.4736842105263158,2.4610091743119265,4.199999999999988,2.1511467889908196,2.3499999999999925,0.792044135826819,2,
1745,200,0.17464498896681085,13.299999999999992,0.15367968235867202,3.0,0.0,41.0,14.75072463768116,0.49590163934426235,3.9217391304347826,6.100000000000019,2.5837681159420316,3.299999999999999,2.707817246941806,3,
1746,200,0.17447043127123832,15.849999999999982,0.15364179802933378,5.0,0.0,47.0,16.573573573573572,0.5346153846153846,0.6996996996996997,9.400000000000032,3.6012012012012087,1.8999999999999995,9.269571639852892,3,
1747,200,0.17429604804611157,23.22499999999997,0.15359115429666903,2.0,0.0,40.0,17.763102725366878,0.40909090909090906,7.132075471698113,5.899999999999998,2.647379454926623,2.799999999999995,1.8175116029675478,2,
1748,200,0.1741218391170474,22.52499999999997,0.1535491090335235,2.0,0.0,36.0,16.829977628635348,0.44480519480519476,2.733780760626398,3.499999999999994,1.7599552572706878,1.7999999999999892,0.553813060538113,2,
1749,200,0.17394780430983683,22.699999999999967,0.1535091709596703,2.0,0.0,40.0,19.43953488372093,0.48417721518987344,4.716279069767442,4.799999999999999,3.059534883720926,3.4999999999999956,1.3915794028090966,2,
1750,200,0.17377394345044514,22.149999999999984,0.1534511253171294,2.0,0.0,38.0,14.11328125,0.3081395348837209,2.40625,3.6999999999999877,1.249999999999997,1.0999999999999996,0.5389864310700615,3,
1751,200,0.1736002563650113,25.974999999999973,0.15337862417171857,2.0,0.0,38.0,16.260714285714286,0.2857142857142857,10.48392857142857,3.7999999999999874,2.0599999999999947,2.1999999999999993,0.7608309975478184,2,
1752,200,0.17342674287984836,21.874999999999975,0.15333059504460386,2.0,1.0,38.0,17.042410714285715,0.4588607594936709,3.263392857142857,4.499999999999995,1.8685267857142827,1.6999999999999975,1.3190383302691,2,
1753,200,0.1732534028214427,22.949999999999978,0.15328307252820372,2.0,1.0,39.0,17.33737373737374,0.3833333333333333,8.054545454545455,4.3999999999999915,2.47414141414141,2.6999999999999993,1.1864068825910876,2,
1754,200,0.17308023601645434,17.24999999999999,0.15324055454875654,3.0,0.0,43.0,13.922480620155039,0.40714285714285714,1.193798449612403,6.800000000000023,2.324289405684756,1.5999999999999974,3.6219148282677365,3,
1755,200,0.17290724229171636,24.84999999999998,0.15319629108710486,2.0,0.0,37.0,16.049689440993788,0.3970588235294118,2.6749482401656315,3.2999999999999896,1.5964803312629359,1.4999999999999951,0.6155803127464717,2,
1756,200,0.17273442147423515,19.774999999999977,0.15314476077238662,2.0,1.0,36.0,17.015250544662308,0.4383116883116883,5.4793028322440085,4.099999999999998,1.9636165577341995,2.0999999999999903,1.1481588190620826,2,
1757,200,0.17256177339118975,17.974999999999987,0.15307290291237158,3.0,0.0,38.0,13.763636363636364,0.3918918918918919,2.4136363636363636,3.899999999999987,1.4872727272727237,1.3999999999999968,0.6754778692038652,3,
1758,200,0.17238929786993218,16.924999999999983,0.1530317462776336,5.0,1.0,44.0,13.275401069518717,0.40217391304347827,4.128342245989304,7.3000000000000025,2.0056149732620296,1.4999999999999996,2.573970831099191,3,
1759,200,0.1722169947379868,12.77499999999998,0.15300687086536316,3.0,1.0,43.0,17.181506849315067,0.5925925925925926,1.6472602739726028,7.5000000000000355,3.649657534246586,4.199999999999999,6.367369081547737,3,
1760,200,0.17204486382305054,22.999999999999968,0.1529519590642952,2.0,0.0,38.0,17.32484076433121,0.40476190476190477,3.8535031847133756,5.299999999999994,2.3658174097664535,2.4999999999999973,2.1229812477461234,2,
1761,200,0.1718729049529924,25.449999999999974,0.15288933496565105,2.0,0.0,38.0,16.209072978303748,0.3666666666666667,3.7041420118343193,4.099999999999992,1.8132149901380623,1.6999999999999975,1.0090008869938625,2,
1762,200,0.17170111795585358,13.674999999999981,0.15283183947092327,3.0,0.0,39.0,13.635838150289016,0.4872881355932204,0.5491329479768786,4.8999999999999915,1.9017341040462403,1.7999999999999992,1.5597210040512817,3,
1763,200,0.17152950265984698,21.47499999999998,0.15277978468595255,2.0,0.0,36.0,15.847619047619048,0.34883720930232553,4.817142857142857,3.099999999999995,1.4396190476190434,1.3999999999999964,0.37881265782370144,3,
1764,200,0.17135805889335737,25.074999999999974,0.1527163414516349,2.0,0.0,41.0,16.845437616387336,0.35526315789473684,9.666666666666666,5.699999999999998,2.001862197392919,1.7999999999999976,1.337282361427064,2,
1765,200,0.1711867864849409,14.374999999999984,0.1526825513054645,3.0,0.0,42.0,14.763473053892216,0.5166666666666667,1.470059880239521,6.500000000000017,2.5287425149700615,1.9999999999999967,3.5499841333871345,3,
1766,200,0.17101568526332522,14.449999999999985,0.1526528762591694,4.0,0.0,44.0,16.611842105263158,0.6096491228070176,0.34210526315789475,7.400000000000026,3.164144736842109,3.2499999999999973,5.615847535573257,3,
1767,200,0.170844755057409,15.724999999999987,0.15256908049293733,3.0,0.0,42.0,14.047619047619047,0.484375,1.7338935574229692,6.099999999999999,2.179271708683471,1.5999999999999992,2.7284993095223147,3,
1768,200,0.17067399569626215,13.449999999999985,0.15253582009552175,3.0,0.0,41.0,14.692063492063491,0.5089285714285714,1.5904761904761904,5.800000000000012,2.486031746031746,2.2999999999999963,2.9054214706119543,3,
1769,200,0.17050340700912517,22.299999999999965,0.152486824834562,2.0,0.0,38.0,17.507430997876856,0.41666666666666663,8.726114649681529,4.199999999999992,2.405307855626322,2.6999999999999944,1.178130003606196,2,
1770,200,0.17033298882540943,12.27499999999998,0.15246578958441995,3.0,1.0,44.0,17.973384030418252,0.67,0.8479087452471483,7.900000000000018,3.624334600760457,3.3999999999999946,6.902397351376379,3,
1771,200,0.1701627409746967,21.84999999999998,0.15241703252489525,3.0,1.0,36.0,17.023354564755838,0.41874999999999996,4.549893842887474,3.899999999999997,2.0549893842887412,2.0999999999999868,0.7370856473133772,2,
1772,200,0.16999266328673912,16.099999999999973,0.15237521580593313,3.0,0.0,41.0,15.89795918367347,0.4714285714285714,4.956632653061225,5.600000000000011,2.5051020408163245,2.399999999999996,1.9526397376076254,3,
1773,200,0.16982275559145898,20.324999999999974,0.15231013407474855,2.0,0.0,37.0,17.779904306220097,0.5034246575342466,2.6339712918660285,3.3999999999999937,1.8296650717703304,1.8499999999999943,0.7352007463241775,2,
1774,200,0.1696530177189486,11.624999999999975,0.1522794654282612,3.0,0.0,42.0,17.04,0.5769230769230769,0.92,6.600000000000035,3.291636363636372,4.200000000000001,4.065692901724353,3,
1775,200,0.16948344949947006,14.324999999999987,0.1522289582250737,3.0,1.0,43.0,15.037267080745341,0.5550847457627118,1.0,6.6000000000000165,2.5298136645962734,2.049999999999997,3.2256639950618795,3,
1776,200,0.16931405076345518,13.599999999999978,0.15219803065065707,3.0,0.0,44.0,17.301369863013697,0.6045454545454545,0.8253424657534246,8.400000000000027,3.6743150684931583,3.749999999999997,7.44062618017199,3,
1777,200,0.16914482134150513,12.874999999999984,0.1521567938246261,4.0,1.0,41.0,16.471947194719473,0.6018518518518519,1.6402640264026402,7.000000000000022,3.1448844884488483,2.5999999999999956,4.4487269083304595,3,
1778,200,0.16897576106439058,24.92499999999997,0.15207438257781503,2.0,0.0,39.0,16.468302658486706,0.3792134831460674,4.251533742331288,4.399999999999994,2.019222903885477,2.0999999999999983,1.3840943459350872,2,
1779,200,0.1688068697630511,13.549999999999981,0.15204383168328134,4.0,0.0,44.0,16.579124579124578,0.5892857142857143,1.7811447811447811,7.900000000000025,3.3326599326599355,3.499999999999997,5.278218755668447,3,
1780,200,0.1686381472685955,21.899999999999963,0.15195441510048624,2.0,0.0,38.0,17.65783664459161,0.43292682926829273,3.2008830022075054,4.199999999999992,2.3532008830022018,2.599999999999989,0.9945034306654653,2,
1781,200,0.1684695934123012,19.64999999999998,0.1518969405552414,3.0,0.0,41.0,13.948275862068966,0.33024691358024694,3.6163793103448274,6.000000000000008,1.98448275862069,1.2999999999999992,2.858824217933545,3,
1782,200,0.16830120802561438,19.57499999999999,0.15181903824318516,2.0,0.0,35.0,13.714285714285714,0.33974358974358976,2.652173913043478,2.899999999999999,1.1840579710144896,1.1999999999999922,0.32308056993930134,3,
1783,200,0.16813299094014955,11.549999999999976,0.15179105511767704,3.0,0.0,42.0,18.022900763358777,0.65625,0.0,6.700000000000008,3.647328244274817,4.500000000000014,4.990122809317808,3,
1784,200,0.16796494198768974,12.49999999999998,0.15176901721944236,3.0,0.0,42.0,16.135714285714286,0.5931372549019608,0.925,6.700000000000009,2.897499999999999,3.299999999999997,3.342929246546515,3,
1785,200,0.16779706100018585,12.324999999999985,0.1517500176017486,4.0,0.0,43.0,16.81118881118881,0.6462264150943396,1.8076923076923077,6.900000000000024,3.118881118881122,2.799999999999997,4.333682498930276,3,
1786,200,0.167629347809757,15.799999999999969,0.15170808030051797,3.0,0.0,39.0,17.60191846522782,0.4894366197183099,4.467625899280575,5.800000000000007,2.6930455635491595,2.499999999999999,2.4922681266102353,3,
1787,200,0.1674618022486899,23.29999999999997,0.15164939646567152,2.0,0.0,39.0,18.16777041942605,0.44047619047619047,4.618101545253863,4.699999999999988,2.636644591611473,2.7999999999999936,1.113673638454634,2,
1788,200,0.167294424149439,9.924999999999981,0.15161163326262875,3.0,0.0,39.0,16.198443579766536,0.6477272727272727,0.0,5.3000000000000025,2.4727626459143957,2.499999999999994,2.73992217781008,3,
1789,200,0.1671272133446262,10.924999999999976,0.15156659486337132,2.0,0.0,40.0,17.59315589353612,0.6413043478260869,0.09125475285171103,7.300000000000022,3.437262357414455,3.699999999999997,5.733523305574868,3,
1790,200,0.1669601696670407,19.324999999999974,0.1515022859016672,2.0,1.0,41.0,15.502183406113538,0.41874999999999996,4.893013100436681,5.399999999999994,1.886681222707419,1.6999999999999968,1.050504474096953,3,
1791,200,0.16679329294963874,13.749999999999995,0.15146146451278852,2.0,0.0,40.0,14.77807486631016,0.4653846153846154,4.863636363636363,5.400000000000011,2.4740641711229947,2.3999999999999977,1.9844484718498712,3,
1792,200,0.16662658302554365,21.27499999999997,0.15139093707661658,2.0,1.0,37.0,17.41176470588235,0.4551282051282052,2.841628959276018,4.399999999999991,2.039819004524881,2.099999999999996,0.7538029207168147,2,
1793,200,0.1664600397280455,11.824999999999982,0.15136786408871908,4.0,0.0,43.0,17.702290076335878,0.6785714285714286,0.8244274809160306,7.300000000000028,3.404580152671761,3.4499999999999957,5.103488483894972,3,
1794,200,0.16629366289060088,12.974999999999978,0.15133853265000066,2.0,0.0,41.0,16.117088607594937,0.5357142857142857,1.3575949367088607,6.800000000000023,3.249050632911401,3.549999999999998,6.051610334985776,3,
1795,200,0.16612745234683307,13.874999999999986,0.15130500310612244,3.0,0.0,41.0,14.987341772151899,0.5625,0.4651898734177215,6.000000000000007,2.4724683544303807,1.9999999999999971,3.7687417755745916,3,
1796,200,0.16596140793053138,17.775,0.151250332720043,2.0,0.0,40.0,13.222748815165877,0.3321917808219178,4.07345971563981,6.1000000000000085,1.9381516587677714,1.3999999999999992,2.18232447791199,3,
1797,122,0.16579552947565152,1.5749999999999886,0.15121927655225315,3.0,1.0,19.0,8.190217391304348,0,0.717391304347826,3.2999999999999963,1.272282608695651,1.0,0.782787476000589,4,
1798,200,0.16562981681631492,11.974999999999977,0.1511979306363838,5.0,0.0,43.0,17.8359375,0.65625,0.078125,7.700000000000024,3.4316406250000067,3.7500000000000027,5.345603875791597,3,
1799,200,0.16546426978680895,9.649999999999975,0.1511242783002494,3.0,0.0,41.0,18.016326530612243,0.7045454545454546,0.10204081632653061,5.600000000000032,3.2453061224489863,4.100000000000016,3.35967679594831,3,
1800,200,0.16529888822158653,24.124999999999968,0.15106085312853784,3.0,0.0,44.0,17.27095516569201,0.37765957446808507,6.567251461988304,7.800000000000017,2.5855750487329416,2.099999999999993,3.552553957928027,2,
1801,200,0.16513367195526615,11.499999999999979,0.15103128469311555,2.0,0.0,41.0,17.05818181818182,0.6275510204081632,0.14545454545454545,6.600000000000016,3.3156363636363726,4.000000000000003,4.446032476462536,3,
1802,200,0.16496862082263145,13.674999999999985,0.15097867780836785,2.0,0.0,42.0,15.064516129032258,0.5089285714285714,0.08387096774193549,6.900000000000005,2.6838709677419357,1.9999999999999976,4.757982913453846,3,
1803,200,0.16480373465863135,27.02499999999997,0.15091128017577687,2.0,0.0,38.0,16.514991181657848,0.29950495049504955,5.155202821869489,4.599999999999988,1.8118165784832403,1.6999999999999957,0.7858063753545965,2,
1804,200,0.1646390132983796,14.499999999999979,0.15083065883697297,3.0,0.0,39.0,15.181818181818182,0.5666666666666667,0.7130681818181818,4.999999999999995,1.8071022727272696,1.2999999999999994,1.638570736786029,3,
1805,200,0.1644744565771549,15.624999999999977,0.15079405487794628,2.0,0.0,42.0,15.358381502890174,0.5403225806451613,1.9017341040462428,6.900000000000023,2.6075144508670545,1.749999999999998,4.284256776510902,3,
1806,200,0.16431006433040046,18.674999999999976,0.15072944171491048,3.0,1.0,40.0,15.227488151658768,0.46232876712328763,1.3625592417061612,4.799999999999994,1.5627962085308027,1.299999999999998,1.0355648208981165,3,
1807,200,0.16414583639372407,22.99999999999997,0.15066860864493198,2.0,0.0,38.0,16.92144373673036,0.4126506024096386,3.008492569002123,4.999999999999998,2.0983014861995737,2.099999999999988,1.169174359899027,2,
1808,200,0.16398177260289773,16.07499999999998,0.1506314355173068,2.0,1.0,40.0,14.979057591623036,0.5075757575757576,2.4607329842931938,4.899999999999999,1.821465968586384,1.4999999999999956,1.4651513469432478,3,
1809,200,0.16381787279385768,21.29999999999997,0.15058064202592095,2.0,0.0,38.0,18.237136465324383,0.44375,4.9552572706935125,4.999999999999996,2.619015659955254,2.7999999999999985,1.2747007126841732,2,
1810,200,0.16365413680270405,22.649999999999967,0.1505286059954157,2.0,0.0,39.0,17.845637583892618,0.4625,3.3467561521252795,4.799999999999989,2.3384787472035735,2.3999999999999977,1.0257280989750093,2,
1811,200,0.1634905644657009,19.174999999999986,0.15048079001586118,3.0,0.0,42.0,14.779310344827586,0.43181818181818177,2.331034482758621,6.3000000000000105,2.0057471264367797,1.499999999999997,2.414991227328462,3,
1812,200,0.1633271556192758,17.599999999999973,0.15040042415325539,2.0,0.0,36.0,17.0,0.4144736842105263,2.3591397849462368,4.899999999999995,2.2860215053763393,2.3999999999999964,1.25557384934142,3,
1813,200,0.16316391010001996,12.59999999999998,0.15034365388174692,2.0,0.0,40.0,14.914285714285715,0.5045454545454545,1.4507936507936507,5.400000000000011,2.6193650793650836,2.0999999999999983,2.9047018866403467,3,
1814,200,0.16300082774468777,9.79999999999998,0.15031000808993047,3.0,0.0,41.0,18.61802575107296,0.7380952380952381,0.0,5.800000000000012,3.255364806866957,3.4999999999999964,3.126391467727693,3,
1815,200,0.16283790839019696,12.674999999999976,0.1502926189694242,4.0,0.0,46.0,18.747081712062258,0.6617647058823529,0.0,9.000000000000025,4.001945525291834,3.8999999999999977,7.936108587693838,3,
1816,200,0.16267515187362808,14.699999999999983,0.15026175476553916,3.0,0.0,41.0,14.756756756756756,0.5211864406779662,1.1441441441441442,6.100000000000015,2.4948948948948972,1.5999999999999988,3.8612399898997385,3,
1817,200,0.16251255803222467,13.849999999999984,0.15022774508766346,4.0,0.0,45.0,17.20979020979021,0.6590909090909091,1.2307692307692308,8.400000000000027,3.246853146853152,2.749999999999997,5.116818387432031,3,
1818,200,0.16235012670339277,21.449999999999974,0.15017195156182783,2.0,0.0,40.0,18.35972850678733,0.46084337349397586,7.067873303167421,5.299999999999997,2.6085972850678685,2.799999999999992,1.549164785553041,2,
1819,200,0.16218785772470118,14.224999999999984,0.15014240270522777,3.0,0.0,42.0,15.559375,0.5086206896551724,0.9625,7.200000000000031,3.036875000000007,3.1499999999999986,4.747936600943408,3,
1820,200,0.16202575093388075,22.149999999999967,0.15009097568923255,2.0,0.0,38.0,18.403628117913833,0.4625,6.5895691609977325,4.999999999999994,2.5968253968253916,2.7999999999999927,1.3191803784450782,2,
1821,200,0.16186380616882481,22.82499999999999,0.1500413114580203,2.0,0.0,36.0,16.24750499001996,0.37650602409638556,6.049900199600798,3.699999999999989,1.75409181636726,1.7999999999999972,0.4925450996015909,2,
1822,200,0.1617020232675885,11.774999999999995,0.1499594359229212,3.0,0.0,38.0,14.596273291925465,0.5648148148148148,1.391304347826087,4.299999999999992,2.121739130434778,2.349999999999995,1.420969686448108,3,
1823,200,0.16154040206838896,14.674999999999981,0.14992171872133098,4.0,1.0,46.0,15.968847352024921,0.5483870967741935,1.2149532710280373,8.800000000000026,3.1881619937694734,2.7999999999999985,6.614254270186369,3,
1824,200,0.16137894240960493,19.174999999999983,0.1498736513473045,3.0,1.0,43.0,14.101654846335697,0.4078947368421053,1.7588652482269505,7.300000000000011,2.092434988179669,1.3999999999999964,3.7680016542967114,3,
1825,200,0.16121764412977677,22.624999999999982,0.1498250648033676,2.0,0.0,38.0,17.046808510638296,0.39880952380952384,4.093617021276596,4.399999999999991,2.204893617021272,2.2999999999999954,1.0289807106415083,2,
1826,200,0.16105650706760616,16.29999999999999,0.1497996597613035,3.0,0.0,47.0,15.33033033033033,0.5346153846153846,1.7477477477477477,9.200000000000019,2.860660660660662,1.7999999999999985,6.807612906716709,3,
1827,200,0.16089553106195606,22.824999999999967,0.1497577651930644,3.0,0.0,41.0,19.21330275229358,0.47023809523809523,5.339449541284404,5.9,3.027752293577982,3.2999999999999945,2.2612829900839118,2,
1828,200,0.16073471595185038,19.724999999999987,0.1496916633868605,3.0,0.0,38.0,14.942028985507246,0.3734567901234568,4.186335403726708,3.7999999999999865,1.630020703933742,1.5999999999999983,0.5878590411851415,3,
1829,200,0.1605740615764741,24.52499999999997,0.14960922406465785,2.0,0.0,41.0,17.254716981132077,0.35526315789473684,7.820754716981132,6.599999999999997,2.3764150943396203,2.0999999999999988,2.1735080936564386,2,
1830,200,0.16041356777517274,24.899999999999963,0.14954786702773,2.0,0.0,39.0,16.874734607218684,0.41666666666666663,5.2165605095541405,4.599999999999988,2.0256900212314175,1.8999999999999941,1.2202160115398406,2,
1831,200,0.16025323438745256,22.374999999999975,0.14948359871644734,2.0,0.0,37.0,16.701171875,0.34444444444444444,5.98828125,6.000000000000005,2.233203124999998,1.8999999999999995,1.8857016208710549,2,
1832,200,0.1600930612529801,14.674999999999986,0.14944518205699134,2.0,0.0,42.0,14.614678899082568,0.538135593220339,1.1039755351681957,6.300000000000006,2.3232415902140673,1.2999999999999998,3.52193924884035,3,
1833,200,0.15993304821158225,15.249999999999982,0.1494057093292673,4.0,0.0,43.0,16.159021406727827,0.5416666666666666,0.7859327217125383,8.300000000000027,3.2498470948012286,2.299999999999997,6.127817222804171,3,
1834,200,0.15977319510324592,22.849999999999973,0.14929062710228574,2.0,0.0,37.0,15.882235528942116,0.37209302325581395,3.7644710578842315,4.099999999999991,1.612774451097801,1.4999999999999938,0.8734929880478033,2,
1835,200,0.15961350176811803,22.29999999999996,0.1492355756333595,2.0,1.0,39.0,18.324618736383442,0.42261904761904767,4.163398692810458,6.300000000000004,2.8394335511982565,3.099999999999995,2.2218324473134636,2,
1836,200,0.15945396804650516,24.29999999999997,0.1491692971500026,2.0,0.0,38.0,17.341719077568133,0.41470588235294115,3.6289308176100628,4.499999999999998,2.276310272536684,2.4999999999999973,1.1901987447698694,2,
1837,200,0.1592945937788737,26.89999999999996,0.1491042535658435,2.0,0.0,37.0,16.848484848484848,0.3170103092783505,6.434937611408199,4.399999999999995,1.662745098039212,1.4999999999999987,0.6600936705643097,2,
1838,200,0.15913537880584921,14.37499999999998,0.14907805305031152,7.0,0.0,45.0,16.946202531645568,0.6166666666666667,2.1360759493670884,8.50000000000002,3.2015822784810144,2.899999999999996,6.903895748835833,3,
1839,200,0.15897632296821687,20.374999999999968,0.14900568778668422,2.0,0.0,36.0,17.09247311827957,0.4082278481012658,4.838709677419355,5.599999999999996,2.1673118279569854,1.9999999999999973,1.5878420526861026,2,
1840,200,0.15881742610692068,16.849999999999994,0.14896543212738395,3.0,1.0,42.0,14.436842105263159,0.4632352941176471,2.473684210526316,6.600000000000004,2.326842105263156,1.7999999999999954,2.70587718751515,3,
1841,200,0.15865868806306388,25.724999999999977,0.14890218677765574,2.0,0.0,39.0,15.948616600790514,0.35439560439560436,4.709486166007905,4.299999999999988,1.814426877470353,1.5999999999999994,1.1814763215966504,2,
1842,200,0.1585001086779083,14.32499999999999,0.14885359472331416,3.0,0.0,42.0,14.610759493670885,0.5921052631578947,0.8607594936708861,6.099999999999995,1.9465189873417688,1.6999999999999977,1.7307330629412576,3,
1843,200,0.1583416877928747,22.274999999999984,0.14879308321474727,2.0,0.0,35.0,16.356394129979037,0.40625,4.333333333333333,2.9999999999999964,1.685115303983223,1.799999999999987,0.40286197742695184,2,
1844,200,0.15818342524954201,15.974999999999985,0.14876122676525488,6.0,0.0,47.0,16.093457943925234,0.5515873015873016,0.8722741433021807,9.10000000000003,3.262928348909662,2.599999999999998,6.995111024844762,3,
1845,200,0.1580253208896478,24.07499999999997,0.14870527065874362,2.0,0.0,39.0,17.66230936819172,0.43452380952380953,4.701525054466231,4.199999999999986,2.3976034858387747,2.599999999999991,0.8515233529523395,2,
1846,200,0.1578673745550876,14.724999999999984,0.14867712485451928,4.0,0.0,44.0,16.408227848101266,0.5466101694915254,0.22151898734177214,8.40000000000003,3.4237341772151964,3.2499999999999982,6.858777527414802,3,
1847,200,0.15770958608791516,24.149999999999977,0.14861224289798258,3.0,0.0,37.0,16.312741312741313,0.33791208791208793,5.11003861003861,4.199999999999992,2.0028957528957485,1.899999999999998,1.0381228966581273,2,
1848,200,0.15755195533034191,26.02499999999997,0.1485508661157104,2.0,0.0,37.0,16.52952380952381,0.3369565217391305,4.956190476190476,4.499999999999991,2.064761904761901,1.999999999999997,1.2008769192813338,2,
1849,200,0.15739448212473714,11.34999999999998,0.14851342943360932,3.0,0.0,43.0,18.302788844621514,0.675531914893617,0.08366533864541832,6.8000000000000345,3.587250996015945,4.60000000000001,4.596563809523846,3,
1850,200,0.1572371663136276,12.124999999999979,0.14849446756395673,3.0,0.0,45.0,19.723735408560312,0.66,0.14785992217898833,9.200000000000028,4.587937743190672,5.1,8.814735041182235,3,
1851,200,0.1570800077396975,24.499999999999975,0.14844118683710608,2.0,0.0,39.0,17.507430997876856,0.4224137931034483,2.6878980891719744,4.599999999999993,2.3454352441613553,2.3999999999999986,1.5927623512441331,2,
1852,200,0.1569230062457882,13.67499999999998,0.14841932350684847,6.0,0.0,44.0,16.97142857142857,0.6367924528301887,0.0,7.800000000000023,3.3003571428571457,2.399999999999997,5.990254850189443,3,
1853,200,0.15676616167489826,20.09999999999997,0.14831993672480737,2.0,1.0,34.0,16.37608695652174,0.42333333333333334,3.239130434782609,3.7999999999999936,1.635869565217387,1.4999999999999891,0.6628252023875324,2,
1854,200,0.156609473870183,21.999999999999964,0.14827249151620683,2.0,0.0,39.0,18.357615894039736,0.4512195121951219,5.520971302428256,5.399999999999994,2.7121412803531966,2.8999999999999972,1.352243284862186,2,
1855,200,0.15645294267495474,11.424999999999972,0.14824938557302744,4.0,0.0,45.0,19.605577689243027,0.6887755102040817,0.06772908366533864,9.000000000000032,4.354581673306782,4.8000000000000025,8.861822857142913,3,
1856,200,0.15629656793268212,28.424999999999955,0.14814559765094082,2.0,0.0,39.0,17.03448275862069,0.26869158878504673,6.169129720853859,4.299999999999988,1.6233169129720804,1.5999999999999965,0.5092113891285561,2,
1857,200,0.15614034948699052,23.74999999999998,0.14806888573553098,2.0,1.0,36.0,15.888,0.34302325581395354,2.238,3.599999999999997,1.7755999999999954,1.9999999999999951,0.7460876243504931,2,
1858,200,0.15598428718166135,23.624999999999975,0.14800578649176013,2.0,0.0,37.0,16.090733590733592,0.31666666666666665,6.113899613899614,4.899999999999998,2.0086872586872557,1.9999999999999905,1.2129599400722229,2,
1859,200,0.15582838086063242,22.999999999999968,0.14794769782092332,2.0,0.0,39.0,17.666666666666668,0.42647058823529416,5.1252653927813165,4.599999999999993,2.44097664543524,2.6999999999999953,1.4348241976199003,2,
1860,200,0.1556726303679973,25.47499999999998,0.1478888969726018,2.0,0.0,39.0,16.576335877862597,0.3125,5.49236641221374,4.9999999999999964,2.3286259541984706,2.1999999999999984,1.9269356642083169,2,
1861,200,0.15551703554800556,34.64999999999996,0.14779611543164567,2.0,0.0,36.0,17.074018126888216,0.17672413793103448,6.119335347432024,3.2999999999999923,1.640634441087609,1.6999999999999973,0.5102382239990113,1,
1862,200,0.15536159624506227,15.974999999999971,0.14775458712842365,3.0,0.0,43.0,17.178477690288712,0.532608695652174,2.8031496062992125,7.6000000000000245,3.090813648293966,2.4999999999999987,4.103434692752857,3,
1863,200,0.15520631230372822,26.62499999999996,0.1476915470849156,2.0,1.0,39.0,16.825046040515655,0.33762886597938147,5.3130755064456725,4.199999999999987,1.949355432780842,1.899999999999999,0.8053752441936143,2,
1864,200,0.15505118356871936,30.92499999999996,0.14761748949847092,3.0,0.0,38.0,18.24302134646962,0.2735849056603774,5.407224958949097,3.899999999999991,1.8371100164203555,1.7999999999999958,0.522499460742016,1,
1865,200,0.15489620988490704,27.499999999999975,0.14755754404329918,3.0,0.0,40.0,16.934701492537314,0.3308080808080808,4.55410447761194,6.099999999999997,2.343656716417909,1.9999999999999971,2.391385996971756,2,
1866,200,0.1547413910973175,22.399999999999977,0.14750966726049952,2.0,1.0,38.0,18.130733944954127,0.4715189873417721,4.548165137614679,4.1999999999999895,2.3616972477064158,2.499999999999995,0.8357161945343058,2,
1867,200,0.15458672705113194,17.249999999999982,0.14744186981861251,3.0,0.0,43.0,14.205333333333334,0.46014492753623193,3.1866666666666665,6.700000000000014,2.240266666666667,1.5999999999999988,2.947279553987947,3,
1868,200,0.15443221759168632,22.974999999999966,0.1473965466152897,2.0,1.0,40.0,18.277404921700224,0.45731707317073167,1.8948545861297539,5.299999999999992,2.6284116331096157,2.8999999999999937,1.5496927049967906,2,
1869,200,0.15427786256447115,13.87499999999998,0.14734890130215605,2.0,0.0,40.0,14.595317725752508,0.5424528301886793,0.8996655518394648,5.60000000000001,2.1886287625418066,1.3999999999999997,3.1236514541387073,3,
1870,200,0.1541236618151314,21.549999999999965,0.1473011507773272,2.0,0.0,38.0,18.107798165137616,0.46794871794871795,0.8325688073394495,4.899999999999993,2.3644495412844,2.399999999999994,1.331334911491622,2,
1871,200,0.15396961518946634,19.174999999999983,0.14725315322376675,4.0,0.0,46.0,14.572519083969466,0.45270270270270274,1.4809160305343512,8.900000000000025,2.501781170483463,1.0000000000000002,6.594772350564623,3,
1872,200,0.15381572253342926,29.04999999999996,0.14718102214523313,2.0,0.0,37.0,16.65837479270315,0.2595238095238095,4.140961857379768,3.7999999999999887,1.6250414593698133,1.4999999999999938,0.8448313018415388,2,
1873,200,0.15366198369312759,16.59999999999998,0.1471328502010818,3.0,0.0,46.0,15.371273712737127,0.5,3.092140921409214,8.700000000000019,2.797831978319783,1.7999999999999985,5.1713069917744,3,
1874,200,0.15350839851482234,12.574999999999985,0.14710881359542544,2.0,0.0,42.0,16.696428571428573,0.625,0.21428571428571427,7.100000000000017,3.0110714285714306,2.699999999999995,4.033893161902596,3,
1875,200,0.15335496684492847,15.524999999999991,0.14703594183995733,2.0,0.0,42.0,14.602240896358543,0.484375,1.2016806722689075,6.500000000000022,2.463305322128853,1.5999999999999988,3.89927233067606,3,
1876,200,0.15320168853001417,22.749999999999964,0.14696793270895236,2.0,1.0,40.0,18.20361990950226,0.46875,2.730769230769231,5.599999999999992,2.5149321266968285,2.799999999999992,1.3712320142503895,2,
1877,200,0.1530485634168012,21.67499999999996,0.14690580516064827,2.0,1.0,39.0,18.587264150943398,0.4967532467532467,1.794811320754717,4.899999999999996,2.43278301886792,2.499999999999991,1.5930614935335785,2,
1878,200,0.15289559135216438,24.824999999999974,0.14683780954721987,2.0,0.0,40.0,16.654690618762476,0.3848314606741573,3.4331337325349303,5.2999999999999865,2.0762475049900155,2.199999999999989,1.1115160956175225,2,
1879,200,0.15274277218313168,20.949999999999967,0.14675717767797195,2.0,1.0,36.0,16.642553191489363,0.39375000000000004,4.027659574468085,3.8999999999999955,1.9623404255319097,1.9999999999999922,0.8149897011756464,2,
1880,200,0.15259010575688386,22.04999999999997,0.14667204802170736,2.0,0.0,38.0,16.76278118609407,0.375,3.192229038854806,5.3,2.214314928425356,1.999999999999993,1.651908330545338,2,
1881,200,0.15243759192075454,22.099999999999966,0.1466110686106127,2.0,0.0,37.0,17.65158371040724,0.46153846153846156,3.920814479638009,3.9999999999999893,2.159276018099542,2.499999999999991,1.0074869857649542,2,
1882,200,0.1522852305222298,14.774999999999977,0.1465605184701249,3.0,0.0,42.0,16.355113636363637,0.5515873015873016,2.346590909090909,7.000000000000013,2.8758522727272715,2.599999999999997,3.556178542892433,3,
1883,200,0.15213302140894833,22.349999999999966,0.14651605530569722,2.0,0.0,38.0,17.670212765957448,0.40294117647058825,2.1361702127659576,5.800000000000008,2.5636170212765967,2.5999999999999956,2.2196012204672764,2,
1884,200,0.1519809644287009,24.724999999999966,0.1464508595301742,3.0,0.0,38.0,16.728778467908903,0.39534883720930236,2.648033126293996,4.699999999999993,2.062318840579707,1.8999999999999977,1.4994975309488636,2,
1885,200,0.1518290594294306,25.44999999999997,0.14638903770014494,3.0,0.0,40.0,17.25672877846791,0.40555555555555556,3.9130434782608696,4.999999999999998,2.320703933747408,1.9,1.6454997256609791,2,
1886,200,0.15167730625923234,21.824999999999967,0.1463281798691151,2.0,0.0,39.0,17.169590643274855,0.3623595505617978,6.633528265107213,5.099999999999997,2.4627680311890794,2.5999999999999965,1.489711059095329,2,
1887,200,0.15152570476635302,23.024999999999967,0.14626273764308464,2.0,0.0,39.0,16.16934046345811,0.2868421052631579,6.181818181818182,4.999999999999992,1.8488413547237035,1.699999999999994,1.0977249618708669,3,
1888,200,0.1513742547991911,22.324999999999974,0.14620767449315242,2.0,0.0,37.0,17.326,0.35344827586206895,5.66,5.700000000000013,2.616800000000001,2.7999999999999945,2.093606134424546,2,
1889,200,0.15122295620629655,21.949999999999978,0.14612713532414712,2.0,0.0,36.0,16.88143176733781,0.4473684210526315,1.1588366890380313,3.6999999999999935,1.7908277404921658,1.8999999999999937,0.7105010810377919,2,
1890,200,0.15107180883637084,13.724999999999987,0.1460928045247925,3.0,0.0,41.0,14.660194174757281,0.5681818181818182,0.8252427184466019,5.900000000000004,2.2401294498381867,1.5999999999999996,2.745538123167157,3,
1891,200,0.15092081253826656,11.574999999999976,0.1460773155597419,4.0,0.0,44.0,20.387755102040817,0.7074468085106383,0.0326530612244898,8.900000000000029,4.66816326530613,4.999999999999999,8.414147007863573,3,
1892,200,0.15076996716098734,19.47499999999998,0.14600019775533296,3.0,0.0,43.0,14.324009324009324,0.4253246753246753,2.3146853146853146,6.800000000000008,1.9351981351981336,1.3999999999999995,2.271570636818084,3,
1893,200,0.15061927255368793,14.874999999999982,0.14596852119392276,3.0,0.0,45.0,16.55483870967742,0.6059322033898306,0.632258064516129,8.400000000000022,3.218064516129035,2.1999999999999975,7.018004765918511,3,
1894,200,0.15046872856567356,23.249999999999982,0.14587070079245207,2.0,0.0,35.0,15.381818181818181,0.37048192771084343,3.604040404040404,2.9999999999999982,1.3008080808080766,1.2999999999999936,0.27870755517826656,2,
1895,200,0.15031833504640033,16.249999999999982,0.14583114249283005,2.0,0.0,43.0,14.11413043478261,0.43656716417910446,2.4375,6.900000000000017,2.3880434782608693,1.4999999999999996,3.7767327558834296,3,
1896,200,0.15016809184547464,20.774999999999977,0.14574397711809337,2.0,0.0,35.0,15.52670349907919,0.30113636363636365,3.6022099447513813,3.1999999999999975,1.4874769797421692,1.499999999999989,0.4838227154330366,3,
1897,200,0.15001799881265335,13.124999999999982,0.14571911511121605,4.0,0.0,43.0,16.863636363636363,0.6367924528301887,0.6328671328671329,7.700000000000023,3.2363636363636403,2.1999999999999975,6.453651690201145,3,
1898,200,0.14986805579784332,23.19999999999997,0.14565836863379839,2.0,0.0,39.0,17.729292929292928,0.3920454545454546,4.078787878787879,5.099999999999997,2.6377777777777744,2.699999999999998,1.4342756627922129,2,
1899,200,0.14971826265110164,25.64999999999997,0.1455995228633568,2.0,0.0,38.0,16.651600753295668,0.32978723404255317,5.613935969868173,4.3999999999999915,2.201318267419958,2.399999999999997,1.1820175202156264,2,
1900,200,0.14956861922263504,24.199999999999967,0.1455434426609609,3.0,1.0,40.0,18.70186335403727,0.40384615384615385,6.6894409937888195,6.200000000000009,3.1877846790890265,3.499999999999997,2.285347124584213,2,
1901,200,0.14941912536280016,13.799999999999978,0.14551943211755133,3.0,0.0,47.0,17.85818181818182,0.6409090909090909,0.6727272727272727,9.500000000000028,3.7825454545454598,3.2999999999999967,8.510353326986191,3,
1902,200,0.14926978092210305,31.949999999999953,0.14544951232100312,2.0,0.0,36.0,17.64751552795031,0.20132743362831862,6.656832298136646,3.6999999999999944,1.8714285714285666,1.9499999999999942,0.6959244818980771,1,
1903,200,0.14912058575119935,22.774999999999974,0.14540442870568848,2.0,0.0,43.0,17.783664459161148,0.45481927710843373,4.328918322295806,6.70000000000001,2.4353200883002177,2.1999999999999993,2.392274082881765,2,
1904,200,0.1489715397008938,21.49999999999998,0.14533175064654336,3.0,0.0,40.0,17.078674948240167,0.40476190476190477,3.540372670807453,4.999999999999993,2.315734989648028,2.299999999999998,1.3058035561194705,2,
1905,200,0.14882264262214037,12.89999999999998,0.14530545937281283,4.0,0.0,42.0,16.691228070175438,0.625,0.856140350877193,6.800000000000018,3.1761403508771973,3.099999999999997,4.803209150004954,3,
1906,200,0.14867389436604195,21.84999999999998,0.14525262205095463,3.0,0.0,45.0,14.510504201680673,0.34195402298850575,3.384453781512605,8.20000000000001,2.2621848739495785,1.5999999999999996,4.386950722718749,3,
1907,200,0.14852529478385032,14.749999999999988,0.14520162072784362,3.0,0.0,42.0,14.478632478632479,0.43253968253968256,2.7122507122507122,6.500000000000027,2.644729344729348,1.9999999999999982,4.032647402597427,3,
1908,200,0.14837684372696583,13.974999999999978,0.14517798532571666,5.0,0.0,46.0,17.364912280701756,0.6071428571428571,1.719298245614035,8.40000000000003,3.679298245614041,3.3999999999999964,6.6229161331626525,3,
1909,200,0.14822854104693745,14.72499999999998,0.14513623200068176,3.0,0.0,42.0,16.811377245508982,0.5666666666666667,0.0,7.700000000000023,3.311976047904194,2.099999999999998,6.535723544439995,3,
1910,200,0.14808038659546244,15.899999999999977,0.14508858818791914,4.0,0.0,43.0,15.954415954415955,0.546875,1.1196581196581197,7.500000000000014,2.8669515669515664,1.5999999999999992,5.088521753246769,3,
1911,200,0.1479323802243864,20.74999999999997,0.14500169480802796,2.0,0.0,41.0,16.266666666666666,0.37790697674418605,3.7676767676767677,6.200000000000013,2.326262626262624,1.8999999999999977,2.358107777197343,3,
1912,200,0.14778452178570287,27.49999999999998,0.14491282437165742,2.0,0.0,38.0,15.513559322033899,0.26485148514851486,4.0864406779661016,3.999999999999995,1.3079661016949125,1.199999999999997,0.5919890893107976,2,
1913,200,0.14763681113155347,20.549999999999983,0.14484910524924324,3.0,0.0,41.0,14.054,0.27873563218390807,5.898,5.900000000000016,1.9999999999999996,1.499999999999997,2.1519686078744393,3,
1914,200,0.14748924811422748,23.999999999999968,0.1448008127150786,2.0,0.0,39.0,16.575569358178054,0.40116279069767447,4.109730848861283,5.199999999999987,1.970393374741196,1.8999999999999981,0.9362910222557472,2,
1915,200,0.14734183258616193,14.57499999999997,0.14475415537186445,3.0,0.0,43.0,16.31437125748503,0.5532786885245902,0.5748502994011976,7.600000000000021,3.1520958083832396,2.299999999999997,5.386196584644389,3,
1916,200,0.14719456439994122,24.399999999999963,0.14469216487121048,2.0,0.0,39.0,17.789915966386555,0.3977272727272727,3.634453781512605,4.799999999999997,2.6869747899159626,3.0999999999999934,1.6402157343043104,2,
1917,200,0.1470474434082972,18.64999999999998,0.1446336439829305,3.0,0.0,43.0,14.802272727272728,0.41455696202531644,4.154545454545454,6.900000000000022,2.1104545454545462,1.2999999999999958,3.4311811527952263,3,
1918,200,0.1469004694641088,21.67499999999996,0.14457136514935642,2.0,0.0,38.0,18.975391498881432,0.44999999999999996,4.682326621923937,5.200000000000003,3.047203579418346,3.4000000000000012,1.5225892857142882,2,
1919,200,0.14675364242040215,21.97499999999997,0.14452223601309705,2.0,1.0,36.0,17.00424628450106,0.39814814814814814,4.348195329087049,3.9999999999999942,2.1772823779193144,2.2999999999999945,1.0172167327803756,2,
1920,200,0.14660696213035015,17.424999999999976,0.14448667184116432,2.0,0.0,42.0,15.286821705426357,0.4818840579710145,2.2222222222222223,6.400000000000006,2.4095607235142094,2.0999999999999974,2.7453791197051434,3,
1921,200,0.14646042844727247,22.32499999999997,0.14442550910742347,2.0,0.0,41.0,17.947845804988663,0.46604938271604934,3.5283446712018143,5.499999999999998,2.3532879818594057,2.399999999999994,1.3679837515425708,2,
1922,200,0.14631404122463545,22.59999999999996,0.14437948642408815,2.0,0.0,40.0,18.32819383259912,0.4512195121951219,3.4030837004405288,5.1999999999999975,2.7444933920704817,3.1999999999999975,1.8633157218057843,2,
1923,200,0.14616780031605184,19.074999999999974,0.1443427416881387,3.0,0.0,46.0,16.338199513381994,0.47435897435897434,2.9854014598540144,8.400000000000013,2.6425790754257887,1.9999999999999982,4.257798602888948,3,
1924,200,0.14602170557528074,14.399999999999984,0.14431449996933468,4.0,0.0,42.0,15.876106194690266,0.5532786885245902,1.8525073746312684,7.100000000000016,2.826843657817111,1.6999999999999984,4.819409850330689,3,
1925,200,0.14587575685622736,23.27499999999997,0.14426223481979022,2.0,0.0,37.0,17.485477178423235,0.39117647058823535,4.278008298755187,4.899999999999992,2.502282157676345,2.7999999999999927,1.2297303753825446,2,
1926,200,0.14572995401294303,32.07499999999995,0.14419418973041312,3.0,0.0,37.0,17.55485893416928,0.22272727272727266,6.656739811912225,4.5999999999999925,1.765360501567394,1.5999999999999905,0.9705736494670065,1,
1927,200,0.14558429689962482,27.77499999999998,0.14412068575482725,2.0,0.0,37.0,14.996428571428572,0.27061855670103097,3.648214285714286,3.7999999999999914,1.4042857142857104,1.2999999999999963,0.5201261483614391,2,
1928,200,0.1454387853706157,27.049999999999955,0.144033526563208,2.0,0.0,38.0,17.02763385146805,0.2892156862745098,5.060449050086356,4.099999999999996,2.000172711571671,2.0999999999999974,0.9207108340293463,2,
1929,200,0.145293419280404,14.649999999999983,0.1439921461208112,2.0,0.0,41.0,14.261682242990654,0.5043859649122807,0.2523364485981308,5.900000000000015,2.272274143302184,1.0999999999999999,3.8527577639751747,3,
1930,200,0.14514819848362373,25.399999999999956,0.14394676745008664,3.0,0.0,41.0,18.601904761904763,0.36616161616161613,6.255238095238095,6.399999999999998,3.003047619047619,3.1999999999999953,2.7850293878617327,2,
1931,200,0.145003122835054,17.824999999999985,0.14390142604917686,4.0,0.0,45.0,14.718421052631578,0.43309859154929575,1.8526315789473684,8.000000000000028,2.780000000000003,1.4,5.462953621562509,3,
1932,200,0.14485819218961926,14.674999999999983,0.14385304723768189,4.0,0.0,43.0,15.99698795180723,0.4795081967213115,1.6897590361445782,7.900000000000029,3.4168674698795245,2.1999999999999993,7.160684067753602,3,
1933,200,0.14471340640238872,25.074999999999974,0.14380221412014454,3.0,0.0,47.0,17.873706004140786,0.43617021276595747,4.6728778467908905,9.300000000000008,2.690890269151138,2.3999999999999977,4.122212115496728,2,
1934,200,0.14456876532857668,15.324999999999985,0.14375963163663041,3.0,0.0,44.0,15.610778443113773,0.5645161290322581,0.0,7.60000000000001,2.782035928143712,2.4999999999999956,4.3892375958047705,3,
1935,200,0.14442426882354198,17.974999999999984,0.14370416763796015,3.0,0.0,42.0,15.024691358024691,0.4722222222222222,1.2123456790123457,6.400000000000003,2.1135802469135765,1.7999999999999958,2.248002121640735,3,
1936,200,0.14427991674278817,25.42499999999997,0.14365130054389183,2.0,0.0,41.0,16.68918918918919,0.35106382978723405,7.16023166023166,5.599999999999997,2.2287644787644747,2.4999999999999907,1.47483447188649,2,
1937,200,0.1441357089419631,14.92499999999999,0.14362494752360536,4.0,1.0,44.0,15.6996699669967,0.5921052631578947,0.801980198019802,7.800000000000019,2.8003300330033025,1.8999999999999986,4.386681334959938,3,
1938,200,0.143991645276859,17.074999999999992,0.1435486208301188,2.0,0.0,37.0,14.114219114219114,0.43309859154929575,3.0792540792540795,3.399999999999989,1.424708624708621,1.299999999999996,0.49976515974787766,3,
1939,200,0.14384772560341216,12.874999999999977,0.1435102044762367,2.0,0.0,43.0,16.29194630872483,0.5863636363636363,0.19463087248322147,7.300000000000033,3.1402684563758485,3.8999999999999995,4.714874497483235,3,
1940,200,0.14370394977770293,16.024999999999984,0.14346104868069112,2.0,0.0,37.0,14.554123711340207,0.4921875,1.9484536082474226,3.89999999999999,1.4677835051546355,1.3999999999999961,0.7141988003427555,3,
1941,200,0.14356031765595542,26.824999999999974,0.14339919352011637,3.0,0.0,40.0,17.077220077220076,0.3479381443298969,5.335907335907336,5.699999999999996,2.4615830115830093,2.399999999999996,2.1406749700920114,2,
1942,200,0.14341682909453757,31.624999999999964,0.14333605044443878,2.0,0.0,37.0,17.713607594936708,0.22747747747747749,7.917721518987341,3.4999999999999916,1.8034810126582228,1.799999999999994,0.6394831544502905,1,
1943,200,0.14327348394996073,14.699999999999978,0.1433164129356329,3.0,0.0,47.0,18.253048780487806,0.59375,3.7195121951219514,9.600000000000028,4.072256097560981,3.199999999999998,7.357255979104555,3,
1944,200,0.14313028207887982,29.449999999999967,0.1432535518863714,2.0,0.0,38.0,16.332203389830507,0.2692307692307693,2.716949152542373,3.699999999999989,1.6893220338983004,1.6499999999999952,0.6993964647988042,2,
1945,200,0.14298722333809288,23.29999999999998,0.14320254636907406,2.0,0.0,40.0,17.32244008714597,0.42647058823529416,5.83442265795207,5.59999999999999,2.1936819172113236,2.1999999999999975,0.8894850009493018,2,
1946,200,0.14284430758454122,29.47499999999996,0.14312618569632024,2.0,0.0,39.0,16.3717277486911,0.2936893203883495,3.5828970331588135,4.499999999999989,1.7870855148342013,1.4999999999999982,1.0199759386954452,2,
1947,200,0.14270153467530902,25.374999999999982,0.1430642289631036,2.0,0.0,37.0,16.189620758483034,0.38068181818181823,2.1816367265469063,3.9999999999999907,1.6271457085828298,1.5999999999999979,0.5759121115537813,2,
1948,200,0.14255890446762343,25.649999999999977,0.14300562447647938,2.0,0.0,42.0,15.861566484517304,0.3055555555555556,6.9763205828779595,6.300000000000017,1.9460837887067375,1.3999999999999952,2.2321824153948335,2,
1949,200,0.14241641681885414,17.499999999999982,0.14297892331672712,3.0,0.0,44.0,15.218918918918918,0.5220588235294118,1.0945945945945945,7.800000000000016,2.3070270270270266,1.3999999999999986,4.702633620406301,3,
1950,200,0.1422740715865136,16.72499999999998,0.14293861983299555,3.0,1.0,43.0,15.320197044334975,0.4212328767123288,3.3300492610837438,7.600000000000012,2.9389162561576385,2.0999999999999988,6.173301301301336,3,
1951,200,0.1421318686282564,25.099999999999973,0.14287212297460333,2.0,0.0,37.0,15.93142857142857,0.3214285714285714,4.895238095238096,4.699999999999993,1.8876190476190435,1.899999999999999,1.0850125533335224,2,
1952,200,0.14198980780187978,21.724999999999973,0.14282837468716825,3.0,1.0,43.0,18.810154525386313,0.46176470588235297,7.406181015452539,6.599999999999995,3.02207505518764,3.199999999999995,1.7294548945460244,2,
1953,200,0.14184788896532272,24.949999999999967,0.14278011313270283,2.0,0.0,40.0,17.482828282828283,0.3804347826086957,4.935353535353535,5.300000000000008,2.618383838383836,2.6999999999999944,2.0232460493665916,2,
1954,200,0.1417061119766665,27.024999999999956,0.14272631947021697,2.0,0.0,38.0,18.186324786324786,0.29854368932038833,6.058119658119658,4.199999999999989,2.1699145299145237,2.299999999999992,0.8047724297536074,2,
1955,200,0.14156447669413402,23.799999999999976,0.14265887267307445,2.0,1.0,40.0,16.475708502024293,0.38068181818181823,4.157894736842105,5.400000000000005,2.0455465587044523,1.4999999999999991,1.8671436884053594,2,
1956,74,0.14142298297609007,3.7750000000000052,0.14262811719008517,2.0,1.0,11.0,5.817777777777778,0,1.3733333333333333,1.9999999999999964,0.9191111111111101,0.9,0.22368362831858365,4,
1957,200,0.14128163068104085,16.64999999999999,0.14257121328898373,3.0,0.0,42.0,14.741333333333333,0.47388059701492535,1.048,7.000000000000014,2.411466666666666,1.6,3.2769851518944253,3,
1958,200,0.1411404196676341,22.799999999999983,0.14252210127473203,3.0,0.0,36.0,15.760330578512397,0.3719512195121951,2.8161157024793386,3.9999999999999933,1.575826446280987,1.599999999999999,0.7248939403641298,2,
1959,200,0.14099934979465875,23.799999999999983,0.14246735736403604,2.0,0.0,43.0,17.895705521472394,0.41129032258064513,5.801635991820041,6.600000000000012,2.7247443762781165,2.5999999999999925,2.0992124456339933,2,
1960,200,0.140858420921045,18.449999999999974,0.1424066269341267,3.0,1.0,40.0,16.12368972746331,0.41463414634146345,4.085953878406708,5.00000000000001,1.9291404612159322,1.399999999999996,1.8361190710593933,3,
1961,200,0.14071763290586387,22.29999999999997,0.14238025834259838,2.0,0.0,40.0,20.26179245283019,0.49375,4.820754716981132,5.800000000000008,3.4375000000000004,3.6999999999999957,1.6509378389653777,2,
1962,200,0.1405769856083274,17.19999999999997,0.1422971439941919,2.0,0.0,37.0,17.52262443438914,0.4691780821917808,2.6153846153846154,4.299999999999993,2.1063348416289536,1.9999999999999953,1.0875219975123205,3,
1963,200,0.1404364788877882,17.149999999999984,0.14226272037042348,3.0,1.0,43.0,13.76842105263158,0.40217391304347827,3.655263157894737,6.9000000000000155,2.276315789473684,1.2999999999999992,4.0172037202473785,3,
1964,200,0.14029611260373964,12.624999999999982,0.14223018480177468,4.0,0.0,43.0,16.79020979020979,0.5801886792452831,0.4125874125874126,6.800000000000033,3.385314685314694,4.100000000000008,5.025510116755349,3,
1965,200,0.14015588661581535,26.174999999999986,0.14217397978437424,2.0,0.0,39.0,15.482142857142858,0.27061855670103097,3.2607142857142857,4.799999999999995,1.7471428571428538,1.5999999999999905,1.1459954910570456,2,
1966,200,0.1400158007837894,22.274999999999977,0.14213537522175712,2.0,0.0,43.0,17.65137614678899,0.4878048780487805,4.4380733944954125,7.1000000000000085,2.090596330275226,1.699999999999995,2.3146714537468136,2,
1967,200,0.13987585496757585,19.199999999999992,0.14209410269931919,4.0,0.0,44.0,13.226277372262773,0.3633333333333333,2.1313868613138687,7.200000000000007,1.979805352798052,1.2,3.178905399005444,3,
1968,200,0.13973604902722894,21.299999999999965,0.14203173902819805,2.0,0.0,39.0,18.73720930232558,0.4807692307692307,1.8046511627906976,4.69999999999999,2.6381395348837153,2.6999999999999975,0.9552482165939178,2,
1969,200,0.1395963828229427,12.474999999999977,0.1420138507706205,3.0,0.0,45.0,17.87686567164179,0.6634615384615384,0.7873134328358209,8.000000000000032,3.647388059701499,3.8999999999999972,6.158325188310196,3,
1970,200,0.13945685621505094,22.374999999999975,0.14197059015892416,2.0,0.0,37.0,17.553459119496857,0.40476190476190477,4.727463312368973,5.399999999999995,2.470020964360584,2.4999999999999947,1.376193259730672,2,
1971,200,0.13931746906402698,24.699999999999974,0.14192506329607107,2.0,0.0,41.0,17.346820809248555,0.37765957446808507,6.102119460500964,6.200000000000002,2.2776493256261996,2.199999999999993,1.4550742500742482,2,
1972,200,0.13917822123048373,27.87499999999998,0.14186984755461268,2.0,0.0,41.0,16.422,0.359375,3.264,5.799999999999996,2.095999999999996,1.9999999999999925,1.5648302593210308,2,
1973,200,0.13903911257517326,26.049999999999958,0.14181903586699834,2.0,1.0,39.0,17.219895287958114,0.3055555555555556,7.5881326352530545,4.599999999999988,2.046771378708546,2.0999999999999956,0.7433295363173378,2,
1974,200,0.138900142958987,17.24999999999999,0.1417767308001673,2.0,0.0,42.0,14.64030612244898,0.44285714285714284,0.7295918367346939,6.700000000000024,2.4760204081632673,1.6499999999999986,3.7971027508248762,3,
1975,200,0.13876131224295524,11.374999999999975,0.14174754510716367,3.0,0.0,43.0,18.583969465648856,0.6479591836734694,0.11068702290076336,7.80000000000003,4.009160305343522,4.550000000000003,6.122982387133482,3,
1976,200,0.13862262028824732,25.924999999999976,0.14169696808868676,2.0,0.0,39.0,16.111801242236027,0.3920454545454546,3.281573498964803,4.699999999999991,1.7356107660455442,1.4999999999999991,1.037701124789954,2,
1977,200,0.13848406695617121,24.649999999999984,0.14166221954074928,3.0,0.0,41.0,17.74327122153209,0.41666666666666663,3.7784679089026914,7.000000000000003,2.5393374741200794,2.4999999999999907,2.4671587908507946,2,
1978,200,0.13834565210817362,17.77499999999997,0.14163213741729416,4.0,1.0,45.0,16.134860050890584,0.5034246575342466,1.8931297709923665,7.900000000000022,2.6620865139949115,1.9999999999999978,3.781615041955889,3,
1979,200,0.13820737560583965,29.62499999999995,0.14157470013796142,2.0,1.0,38.0,18.390243902439025,0.26428571428571423,6.190243902439025,4.9999999999999885,2.009918699186986,1.899999999999992,0.9526683658361147,1,
1980,200,0.13806923731089282,27.324999999999974,0.14151107419733894,2.0,0.0,41.0,16.69055944055944,0.28883495145631066,5.1276223776223775,5.399999999999996,2.2517482517482477,2.2999999999999963,1.252116155179207,2,
1981,200,0.13793123708519478,25.374999999999957,0.14146586563108632,2.0,0.0,41.0,18.28205128205128,0.381578947368421,4.285996055226825,5.400000000000024,2.9729783037475372,3.3000000000000074,1.9078571317419413,2,
1982,200,0.13779337479074535,26.749999999999975,0.14141924796450028,2.0,1.0,41.0,17.0920245398773,0.37765957446808507,3.341513292433538,5.800000000000009,2.4118609406952936,2.299999999999994,2.3326298093007662,2,
1983,200,0.13765565028968216,13.799999999999986,0.14137948939353967,3.0,0.0,41.0,15.455089820359282,0.5466101694915254,1.8203592814371257,7.000000000000005,2.7317365269461074,2.099999999999997,3.9753158531666113,3,
1984,200,0.13751806344428075,22.149999999999984,0.14133722122556136,2.0,0.0,37.0,17.17864923747277,0.439873417721519,4.326797385620915,3.799999999999996,2.061655773420474,2.0999999999999925,0.8013657679893619,2,
1985,200,0.13738061411695424,22.64999999999996,0.14128585592998572,2.0,0.0,38.0,18.187782805429865,0.44999999999999996,3.079185520361991,4.2999999999999945,2.513574660633479,2.6999999999999975,1.1494596213203054,2,
1986,27,0.13724330217025332,-3.075,0.1412770502959256,1.0,0.0,3.0,1.6363636363636365,0,0.0,1.6999999999999997,0.6246753246753246,0.6000000000000001,0.1813697705802968,4,
1987,200,0.13710612746686596,25.424999999999976,0.14122912665087278,2.0,0.0,40.0,16.47970479704797,0.32291666666666663,6.918819188191882,4.899999999999993,2.12675276752767,2.299999999999997,1.20642861762713,2,
1988,200,0.13696908986961753,25.22499999999997,0.14116189797711653,2.0,0.0,41.0,16.867924528301888,0.40909090909090906,2.991614255765199,5.400000000000009,2.1467505241090126,1.7999999999999945,2.0714293625399938,2,
1989,200,0.13683218924147036,15.474999999999984,0.1411262754173947,2.0,0.0,43.0,15.077844311377245,0.5450819672131147,0.8053892215568862,7.200000000000015,2.589820359281437,1.7999999999999978,4.261311819281982,3,
1990,200,0.13669542544552385,22.39999999999996,0.14108896597539056,2.0,1.0,38.0,18.122004357298476,0.4186746987951807,4.483660130718954,5.100000000000002,2.7178649237472743,2.9999999999999956,1.7421292006834992,2,
1991,200,0.13655879834501417,15.174999999999983,0.14104635109016334,3.0,1.0,46.0,16.570093457943926,0.5645161290322581,2.1246105919003115,8.500000000000034,3.4610591900311585,2.5999999999999983,6.588859083850981,3,
1992,45,0.13642230780331424,-0.7499999999999987,0.14103293901209754,1.0,0.0,6.0,2.8951612903225805,0,0.0,1.6999999999999997,0.6443548387096774,0.6000000000000001,0.1629626016260161,4,
1993,200,0.13628595368393343,14.799999999999983,0.1409944928259355,2.0,0.0,38.0,15.29639175257732,0.4884615384615385,1.708762886597938,5.100000000000006,2.2347938144329924,1.4999999999999962,2.4627490484446475,3,
1994,200,0.1361497358505177,25.94999999999997,0.1409275310150429,3.0,1.0,37.0,16.467509025270758,0.30154639175257736,6.1985559566787005,4.599999999999992,1.9745487364620893,1.9999999999999982,0.9261603049704268,2,
1995,200,0.13601365416684916,18.549999999999986,0.1408675201291285,3.0,0.0,40.0,15.193103448275862,0.43000000000000005,1.650574712643678,5.399999999999993,2.0278160919540187,1.799999999999994,1.46693516678645,3,
1996,200,0.13587770849684613,16.049999999999986,0.1408317066267446,3.0,0.0,45.0,15.064896755162241,0.546875,0.25073746312684364,8.000000000000016,2.552507374631269,1.4999999999999982,4.8969316045945135,3,
1997,200,0.13574189870456288,19.624999999999975,0.14075745180687121,2.0,0.0,40.0,15.279642058165548,0.41233766233766234,1.138702460850112,5.199999999999997,1.8794183445190125,1.699999999999998,1.4744831037796242,3,
1998,200,0.1356062246541897,27.549999999999965,0.14068462099231238,3.0,0.0,39.0,17.851657940663177,0.3137254901960784,4.603839441535777,4.2999999999999865,2.1263525305410065,2.0999999999999956,0.7008609073852946,2,
1999,200,0.13547068621005243,26.899999999999967,0.1406314449280746,2.0,0.0,40.0,16.538011695906434,0.3682795698924731,2.4249512670565303,4.799999999999997,2.007797270955163,1.7999999999999976,1.321113813229568,2,
2000,200,0.1353352832366127,20.69999999999998,0.1405692250758374,2.0,1.0,40.0,14.75204918032787,0.35119047619047616,3.4077868852459017,5.400000000000004,1.8561475409836032,1.5999999999999985,1.4171812734365477,3,
2001,200,0.13520001559846748,26.424999999999972,0.14051486922629364,2.0,0.0,40.0,17.195804195804197,0.3044554455445545,3.708041958041958,5.900000000000001,2.1520979020978976,1.999999999999995,1.5036190755632173,2,
2002,200,0.13506488316034906,22.649999999999967,0.1404722540410844,3.0,1.0,39.0,17.90702947845805,0.46875,2.4489795918367347,4.4999999999999964,2.2988662131519226,2.399999999999995,1.1558549979432278,2,
2003,200,0.13492988578712511,22.699999999999967,0.14043430468129253,2.0,0.0,37.0,17.636170212765958,0.4085365853658537,2.4468085106382977,4.800000000000001,2.5125531914893595,2.7999999999999936,1.353359182250709,2,
2004,200,0.1347950233437982,20.77499999999998,0.14038560045743587,2.0,0.0,36.0,16.240847784200387,0.3558823529411764,5.358381502890174,4.09999999999999,1.7111753371868936,1.5999999999999952,0.8126719631719592,3,
2005,200,0.13466029569550586,26.47499999999998,0.14031736020436175,3.0,0.0,41.0,15.306451612903226,0.21261682242990654,6.569354838709677,5.499999999999998,1.5074193548387071,1.2999999999999972,1.1923674099048116,3,
2006,200,0.1345257027075204,20.124999999999964,0.14025642643842512,3.0,0.0,37.0,17.486425339366516,0.46621621621621623,1.583710407239819,3.79999999999999,2.084615384615379,2.199999999999999,0.7113054160716168,2,
2007,200,0.1343912442452489,19.774999999999967,0.14021153742086573,4.0,0.0,42.0,15.910675381263616,0.4228395061728395,4.281045751633987,6.0,2.2394335511982533,2.0999999999999965,1.439867951395479,3,
2008,200,0.13425692017423285,23.62499999999998,0.14016199415670427,2.0,0.0,40.0,16.448343079922026,0.3623595505617978,5.594541910331384,5.50000000000001,2.0920077972709517,1.6999999999999966,1.8780914092898897,2,
2009,200,0.13412273036014816,16.49999999999998,0.14012749506038755,4.0,0.0,45.0,15.422764227642276,0.4746376811594203,2.4227642276422765,8.30000000000003,3.027100271002714,1.799999999999999,6.619259988249158,3,
2010,200,0.13398867466880493,28.024999999999956,0.14007466631236976,2.0,0.0,37.0,18.88341543513957,0.2688679245283019,7.1592775041050905,4.69999999999999,2.403612479474543,2.3999999999999964,0.7833716566005144,2,
2011,200,0.13385475296614763,25.524999999999977,0.13999233564870425,2.0,0.0,37.0,16.530020703933747,0.38953488372093026,2.409937888198758,3.6999999999999873,1.8113871635610717,1.8999999999999893,0.5815912520146725,2,
2012,200,0.1337209651182544,32.69999999999996,0.13991579789196068,2.0,1.0,35.0,16.94606413994169,0.1499999999999999,5.769679300291545,3.799999999999997,1.6322157434402285,1.5999999999999905,0.523438476821893,2,
2013,200,0.13358731099133747,13.799999999999983,0.1398771110069406,4.0,1.0,42.0,15.778481012658228,0.5745614035087719,2.1645569620253164,6.300000000000031,2.9034810126582324,1.8999999999999992,4.108731560763135,3,
2014,200,0.1334537904517426,12.59999999999998,0.13981433229332285,2.0,0.0,38.0,13.840490797546012,0.46818181818181814,1.1411042944785277,5.099999999999996,2.0819018404907967,1.899999999999997,1.7254248882615852,3,
2015,200,0.13332040336594936,22.69999999999998,0.13977394273693747,2.0,0.0,38.0,17.339702760084926,0.42469879518072284,3.4968152866242037,5.399999999999993,2.2447983014861963,2.099999999999992,1.2480836639019106,2,
2016,200,0.1331871496005706,21.574999999999974,0.13972789297371643,2.0,0.0,36.0,17.295871559633028,0.47,4.348623853211009,3.799999999999991,1.8607798165137557,1.899999999999987,0.6102769141744878,2,
2017,200,0.13305402902235253,17.124999999999975,0.13968553025519148,4.0,0.0,47.0,16.957386363636363,0.5882352941176471,0.6789772727272727,9.300000000000015,2.872443181818181,1.8999999999999966,5.806361347182893,3,
2018,39,0.13292104149817452,-1.3999999999999986,0.13966840753120532,1.0,1.0,5.0,2.7796610169491527,0,0.1694915254237288,1.7999999999999998,0.6949152542372881,0.6999999999999995,0.15761258349493634,4,
2019,200,0.13278818689504915,10.999999999999975,0.13964370228126782,3.0,0.0,45.0,20.36480686695279,0.7391304347826086,0.0,8.300000000000024,4.30343347639486,4.399999999999999,6.059413129973526,3,
2020,200,0.13265546508012172,15.12499999999999,0.13961541678013795,4.0,0.0,40.0,14.257971014492753,0.475,1.0811594202898551,5.8,2.3298550724637677,1.699999999999998,2.999626629923383,3,
2021,200,0.13252287592067044,17.49999999999998,0.13958563874908564,3.0,0.0,43.0,18.25862068965517,0.5376712328767124,3.3866995073891624,7.100000000000011,2.662561576354677,2.1999999999999957,2.8423594503594605,3,
2022,200,0.13239041928410605,16.799999999999976,0.13953658378849174,3.0,1.0,39.0,15.63448275862069,0.43243243243243246,4.057471264367816,5.699999999999998,2.320229885057472,1.8999999999999977,2.5414432630110513,3,
2023,200,0.13225809503797206,22.124999999999964,0.13948485842509506,3.0,0.0,43.0,15.824626865671641,0.3078947368421052,5.865671641791045,7.300000000000001,2.329104477611937,2.199999999999995,2.1936381767869233,3,
2024,200,0.1321259030499441,26.749999999999947,0.1394134467836109,2.0,0.0,39.0,18.086556169429098,0.34183673469387754,5.861878453038674,5.3999999999999995,2.5747697974217285,2.3999999999999955,1.8318374213153912,2,
2025,200,0.13199384318783022,11.82499999999998,0.1393888627524239,4.0,0.0,47.0,20.765690376569037,0.7193877551020408,0.05439330543933055,9.600000000000026,4.7313807531380805,4.1999999999999975,8.33744572829136,3,
2026,200,0.13186191531957048,25.39999999999997,0.13934573013158563,2.0,0.0,37.0,16.546351084812624,0.375,4.544378698224852,3.7999999999999945,1.833333333333328,1.6999999999999984,0.6246309638666664,2,
2027,200,0.13173011931323708,26.824999999999967,0.13929282598454268,2.0,0.0,39.0,17.229508196721312,0.3257575757575758,5.861566484517304,5.399999999999994,2.2695810564662993,1.9999999999999991,1.612905175846049,2,
2028,200,0.131598455037034,25.149999999999963,0.13922551267454447,3.0,0.0,39.0,15.154605263157896,0.2063106796116505,6.001644736842105,4.199999999999987,1.5144736842105233,1.2999999999999947,0.8038058447829471,3,
2029,200,0.13146692235929688,26.52499999999998,0.13915694022064207,3.0,0.0,42.0,15.915194346289752,0.27970297029702973,5.722614840989399,5.999999999999996,2.000530035335685,1.799999999999999,1.3759580777574831,2,
2030,200,0.13133552114849303,12.52499999999998,0.13914093917341272,4.0,0.0,43.0,17.247386759581882,0.6084905660377359,0.27526132404181186,8.200000000000015,3.5867595818815357,3.2999999999999963,6.963741987179514,3,
2031,200,0.13120425127322136,24.399999999999967,0.13909608711392948,2.0,0.0,41.0,17.237791932059448,0.43023255813953487,2.917197452229299,5.500000000000003,2.24352441613588,2.1999999999999975,1.9687089794446415,2,
2032,200,0.13107311260221188,27.849999999999977,0.13903106452485145,2.0,0.0,39.0,16.56195462478185,0.2936893203883495,3.8760907504363002,4.899999999999998,1.9012216404886517,1.6999999999999922,1.1885361589629853,2,
2033,200,0.13094210500432593,13.699999999999982,0.13901137448210485,2.0,0.0,45.0,16.642105263157895,0.5863636363636363,0.17543859649122806,8.500000000000028,3.281403508771935,2.799999999999997,6.25527504185959,3,
2034,200,0.13081122834855582,22.749999999999975,0.13896994857076836,2.0,1.0,38.0,18.682326621923938,0.44753086419753085,6.442953020134228,4.700000000000002,2.871364653243846,3.199999999999992,1.2814235666239577,2,
2035,200,0.13068048250402503,24.599999999999977,0.13888956566148541,2.0,0.0,40.0,15.896,0.38068181818181823,1.57,5.299999999999992,1.672399999999996,1.499999999999999,0.9828821715286818,2,
2036,200,0.13054986733998764,14.999999999999979,0.13886098295484423,3.0,0.0,47.0,16.76219512195122,0.53125,1.6432926829268293,9.00000000000004,3.7814024390243985,3.1499999999999995,9.094952083507687,3,
2037,200,0.13041938272582848,24.999999999999957,0.13881673219173646,2.0,0.0,39.0,18.243664717348928,0.37234042553191493,5.633528265107213,5.699999999999998,2.8370370370370366,3.099999999999998,2.051891415369653,2,
2038,200,0.13028902853106283,20.49999999999997,0.13877664497745798,3.0,0.0,45.0,16.146236559139783,0.40294117647058825,5.649462365591398,8.300000000000015,2.7647311827956984,1.899999999999995,5.464845900547608,3,
2039,200,0.13015880462533663,14.174999999999981,0.13874526944739374,2.0,1.0,42.0,16.176829268292682,0.5466101694915254,0.17682926829268292,6.700000000000037,3.2051829268292757,3.3999999999999977,4.0555901025255325,3,
2040,200,0.1300287108784259,22.874999999999964,0.1387153747722101,2.0,0.0,39.0,19.036199095022624,0.45731707317073167,2.742081447963801,6.200000000000009,3.014479638009049,3.2999999999999954,2.054008998633318,2,
2041,200,0.12989874716023692,14.699999999999992,0.13864556323102892,3.0,0.0,39.0,13.94041450777202,0.36363636363636365,1.5958549222797926,5.9000000000000155,2.411139896373059,1.5999999999999996,3.023238162354455,3,
2042,45,0.1297689133408058,0.6500000000000009,0.1386221901592596,1.0,1.0,6.0,3.35,0,0.9125,2.1,0.7281249999999999,0.6999999999999991,0.21227977655377145,4,
2043,200,0.12963920929029896,25.99999999999998,0.1385749583621537,2.0,0.0,36.0,16.09826589595376,0.351123595505618,4.631984585741812,3.5999999999999943,1.6383429672446965,1.699999999999998,0.5666822096822065,2,
2044,200,0.12950963487901218,25.34999999999997,0.13850819769154357,2.0,0.0,41.0,16.7495183044316,0.36170212765957444,3.005780346820809,5.400000000000003,2.207129094412327,2.2999999999999927,1.6134233739233699,2,
2045,200,0.12938018997737108,18.574999999999978,0.13846453457395608,4.0,0.0,46.0,15.576227390180879,0.4965753424657534,1.0361757105943152,8.600000000000025,2.5847545219638257,1.5999999999999956,4.924994257785403,3,
2046,200,0.12925087445593067,14.224999999999993,0.13842954009368985,2.0,0.0,39.0,14.318042813455657,0.5625,0.7553516819571865,4.299999999999992,1.835168195718651,1.4999999999999996,1.3144635642675382,3,
2047,200,0.12912168818537556,13.99999999999998,0.1383940377158492,2.0,0.0,39.0,15.179487179487179,0.5333333333333333,1.5356125356125356,5.499999999999997,2.3079772079772076,1.999999999999997,2.030038311688316,3,
2048,200,0.1289926310365194,22.27499999999997,0.13833448788037847,2.0,1.0,39.0,16.90829694323144,0.43125,1.5240174672489082,4.499999999999988,1.9757641921397333,2.0499999999999945,0.9998759075718727,2,
2049,200,0.12886370288030502,30.974999999999955,0.138286605489576,2.0,0.0,37.0,18.429951690821255,0.24090909090909096,7.547504025764895,4.299999999999987,2.1107890499194792,2.099999999999996,0.6251187117518905,1,
2050,200,0.12873490358780423,34.59999999999997,0.13823414538828022,2.0,1.0,39.0,17.817733990147783,0.268348623853211,3.2528735632183907,4.599999999999992,1.581937602627252,1.4999999999999996,0.47947799827437176,1,
2051,200,0.12860623303021773,16.17499999999997,0.13820525796937774,3.0,0.0,43.0,18.152454780361758,0.5428571428571428,3.4031007751937983,7.600000000000011,3.186304909560725,2.8999999999999972,4.961628518775737,3,
2052,200,0.12847769107887502,26.62499999999998,0.13814086458478006,2.0,0.0,37.0,16.349376114081995,0.30670103092783507,5.2994652406417115,2.999999999999997,1.6434937611408147,1.6999999999999953,0.39176372648703456,2,
2053,200,0.12834927760523412,21.399999999999963,0.13811568361086662,3.0,0.0,41.0,20.710526315789473,0.5030864197530864,6.0669856459330145,6.399999999999998,3.5880382775119686,4.000000000000004,2.8121218156739727,2,
2054,200,0.1282209924808815,16.44999999999999,0.13809322215732464,3.0,0.0,48.0,15.73394495412844,0.5576923076923077,1.1406727828746177,9.600000000000025,3.037003058103978,2.0999999999999974,6.5052053718390255,3,
2055,200,0.12809283557753198,21.67499999999997,0.13804945578506636,2.0,0.0,36.0,17.939958592132506,0.3902439024390244,5.627329192546584,6.600000000000006,2.7890269151138725,2.5999999999999974,2.588648451699196,2,
2056,200,0.1279648067670288,15.324999999999983,0.13803092809054918,3.0,0.0,46.0,16.470404984423677,0.5483870967741935,0.822429906542056,8.400000000000034,3.4890965732087285,2.4999999999999982,7.295684006211227,3,
2057,200,0.12783690592134303,28.97499999999994,0.13798045374898363,2.0,0.0,38.0,18.075079872204473,0.25,6.301916932907348,4.299999999999996,1.9563897763578229,1.9999999999999953,0.7437390239234419,2,
2058,200,0.12770913291257383,22.874999999999968,0.13792411802650473,2.0,1.0,38.0,17.38235294117647,0.40476190476190477,3.0504201680672267,4.7999999999999945,2.4046218487394917,2.3999999999999986,1.201706631358265,2,
2059,200,0.12758148761294813,27.724999999999945,0.1378444467678681,3.0,0.0,38.0,17.49342105263158,0.26442307692307687,4.909539473684211,4.29999999999999,1.8874999999999957,1.9999999999999907,0.9228725623067487,2,
2060,200,0.12745396989482075,14.099999999999985,0.13779658521484248,3.0,1.0,37.0,13.456,0.42741935483870963,2.0853333333333333,4.299999999999996,1.8482666666666634,1.8999999999999995,0.9694905563772862,3,
2061,200,0.12732657963067387,31.02499999999996,0.13774918069464484,2.0,0.0,38.0,18.75862068965517,0.2688679245283019,7.949096880131363,4.199999999999988,2.146469622331685,2.0999999999999943,0.6822594909404642,1,
2062,200,0.1271993166931172,11.774999999999975,0.13772009026811718,3.0,0.0,42.0,16.78358208955224,0.6479591836734694,0.0,6.900000000000018,3.004850746268661,3.500000000000001,3.7851411107862596,3,
2063,200,0.12707218095488781,25.124999999999968,0.13767761940323117,3.0,1.0,42.0,18.145491803278688,0.3897849462365591,5.413934426229508,6.800000000000009,3.014344262295082,3.1999999999999953,2.566772233489969,2,
2064,200,0.12694517228885002,13.124999999999982,0.1376437269058911,2.0,0.0,42.0,16.556291390728475,0.5681818181818182,0.4105960264900662,7.000000000000026,3.3639072847682168,3.099999999999997,5.107859280944741,3,
2065,200,0.1268182905679951,24.69999999999996,0.13759421910231295,2.0,0.0,41.0,18.966442953020135,0.4375,4.668903803131991,6.000000000000016,3.0418344519015643,3.3999999999999946,2.524683095771943,2,
2066,200,0.1266915356654413,30.299999999999955,0.13751827738601952,2.0,1.0,36.0,18.39080459770115,0.2595238095238095,5.372742200328407,3.599999999999997,1.9257799671592715,1.9999999999999907,0.5027357635892996,1,
2067,200,0.12656490745443366,10.99999999999999,0.1374664520215199,2.0,0.0,41.0,15.119402985074627,0.625,0.20522388059701493,5.399999999999993,2.0555970149253677,1.9999999999999982,1.5172659176029886,3,
2068,200,0.1264384058083441,23.54999999999997,0.13742354363272266,2.0,0.0,41.0,16.469428007889547,0.3623595505617978,5.353057199211046,5.7000000000000055,2.16351084812623,2.0,1.8772754504995164,2,
2069,200,0.12631203060067087,29.474999999999973,0.13737004082754375,2.0,0.0,38.0,16.017915309446256,0.235981308411215,7.534201954397394,3.599999999999996,1.5578175895765438,1.5499999999999956,0.602570776800751,2,
2070,200,0.12618578170503877,31.974999999999962,0.13732046717473606,2.0,1.0,38.0,18.271544715447156,0.264018691588785,6.951219512195122,4.299999999999997,1.9386991869918642,1.8999999999999897,0.8237403231947199,1,
2071,200,0.12605965899519883,20.849999999999994,0.13726725584600985,2.0,0.0,36.0,14.232793522267206,0.32407407407407407,2.95748987854251,3.399999999999998,1.4722672064777294,1.3999999999999913,0.4701437498719446,3,
2072,200,0.12593366234502845,16.77499999999999,0.1372064015903421,2.0,0.0,39.0,13.624113475177305,0.35416666666666663,3.0401891252955084,5.600000000000006,2.051300236406619,1.3999999999999995,2.6241205401055225,3,
2073,200,0.12580779162853092,27.77499999999996,0.13713592421203716,2.0,0.0,39.0,17.479717813051145,0.31862745098039214,4.791887125220459,4.399999999999988,1.9747795414462024,1.9999999999999942,0.6969851440800234,2,
2074,200,0.1256820467198355,12.624999999999982,0.13711025755196304,4.0,0.0,45.0,18.401459854014597,0.6462264150943396,0.291970802919708,7.800000000000044,4.056934306569355,5.000000000000014,6.180198468198528,3,
2075,200,0.1255564274931972,22.649999999999974,0.13704325589961083,2.0,1.0,42.0,15.445283018867924,0.3145161290322581,3.550943396226415,6.3,2.065094339622638,1.8999999999999935,1.699863118060226,3,
2076,200,0.12543093382299692,21.07499999999998,0.13700182307723463,2.0,0.0,41.0,15.582822085889571,0.3852941176470588,4.171779141104294,5.799999999999996,1.9259713701431453,1.6999999999999984,1.3267134493141484,3,
2077,200,0.12530556558374092,26.099999999999973,0.1369541079877049,2.0,0.0,40.0,17.328125,0.34895833333333337,4.220703125,6.200000000000008,2.6585937499999983,2.6999999999999953,2.610717356557304,2,
2078,200,0.12518032265006093,20.674999999999965,0.13691823743008213,4.0,0.0,42.0,17.186,0.375,6.998,6.200000000000037,2.6912000000000034,2.299999999999998,2.994214536858174,3,
2079,200,0.12505520489671398,25.524999999999974,0.13686172504168,2.0,0.0,40.0,17.242603550295858,0.3790322580645161,3.4871794871794872,4.899999999999995,2.349309664694275,2.199999999999998,1.3862524509041048,2,
2080,200,0.12493021219858241,10.924999999999983,0.13683331243018104,4.0,0.0,42.0,16.574144486692017,0.65625,0.07984790874524715,6.400000000000014,2.7984790874524714,2.699999999999996,3.133655158454785,3,
2081,200,0.12480534443067345,14.87499999999998,0.1368105065899444,3.0,0.0,45.0,16.34285714285714,0.5416666666666666,1.8,8.40000000000003,3.432698412698418,3.199999999999998,6.462392767878782,3,
2082,200,0.12468060146811931,12.59999999999998,0.13679392167630663,3.0,1.0,43.0,17.49642857142857,0.6538461538461539,0.075,7.300000000000028,3.4910714285714337,3.5499999999999963,5.70260016071637,3,
2083,200,0.12455598318617699,23.274999999999963,0.1367447331247699,2.0,0.0,40.0,18.61635220125786,0.41666666666666663,5.249475890985325,7.100000000000004,3.1077568134171916,3.199999999999995,2.5745213775886984,2,
2084,200,0.12443148946022826,20.524999999999977,0.13671731271566195,2.0,0.0,38.0,17.9375,0.4605263157894737,4.015625,4.899999999999997,2.437723214285709,2.599999999999998,1.4699012471163844,2,
2085,200,0.12430712016577938,24.649999999999952,0.13665752454259844,2.0,0.0,37.0,17.1841620626151,0.3351063829787234,4.5616942909760585,4.799999999999991,2.0333333333333297,2.09999999999999,1.196885581723461,2,
2086,200,0.12418287517846102,22.224999999999962,0.13662132891637205,2.0,0.0,40.0,19.42953020134228,0.4487951807228916,5.275167785234899,6.700000000000021,3.334451901565998,3.4999999999999987,2.8269256486226904,2,
2087,200,0.12405875437402814,17.674999999999986,0.13658606274504234,2.0,0.0,42.0,14.93734335839599,0.46126760563380287,1.2581453634085213,6.100000000000009,2.3716791979949847,2.0999999999999956,2.1132713567839225,3,
2088,200,0.12393475762836002,18.72499999999998,0.13653670614804841,2.0,0.0,41.0,15.14354066985646,0.46232876712328763,0.20574162679425836,5.699999999999999,1.848325358851672,1.7999999999999992,1.6584397016992578,3,
2089,200,0.12381088481745986,23.274999999999963,0.13649956596197668,2.0,0.0,39.0,17.871264367816092,0.46875,2.0413793103448277,4.499999999999989,2.2057471264367763,2.1999999999999966,1.150892592905756,2,
2090,200,0.12368713581745483,23.74999999999996,0.1364508085246026,2.0,0.0,39.0,18.079185520361992,0.44753086419753085,1.3914027149321266,4.599999999999997,2.4402714932126655,2.799999999999992,1.5134085778780983,2,
2091,200,0.12356351050459588,16.74999999999998,0.1363944786143839,3.0,0.0,43.0,16.60559796437659,0.5035211267605634,2.178117048346056,7.700000000000031,2.9185750636132366,1.899999999999999,4.7420011913395275,3,
2092,200,0.12344000875525778,13.04999999999998,0.1363593106339963,2.0,1.0,41.0,14.714285714285714,0.5,1.3650793650793651,5.7000000000000215,2.520317460317462,1.7999999999999998,3.2282546561315937,3,
2093,200,0.12331663044593871,20.22499999999999,0.13630296814529175,3.0,0.0,39.0,14.522292993630574,0.38749999999999996,3.8619957537154987,4.199999999999991,1.5237791932059412,1.3999999999999986,0.7115396682293518,3,
2094,200,0.12319337545326038,23.624999999999968,0.1362581315889227,2.0,1.0,40.0,17.288888888888888,0.3904494382022472,4.886868686868687,6.599999999999997,2.4450505050505016,2.099999999999999,2.238121000391797,2,
2095,200,0.12307024365396771,23.299999999999976,0.13619389556336606,2.0,0.0,38.0,15.417112299465241,0.28191489361702127,4.907308377896613,3.699999999999998,1.6445632798573921,1.5999999999999925,0.7223657854600888,3,
2096,200,0.122947234924929,17.074999999999974,0.13614175595646952,4.0,0.0,43.0,15.778588807785889,0.46621621621621623,3.5742092457420926,6.800000000000026,2.671776155717764,2.3999999999999986,2.637223892967106,3,
2097,200,0.12282434914313546,16.049999999999983,0.13608667632544424,4.0,0.0,42.0,15.779255319148936,0.5335820895522388,0.7074468085106383,6.60000000000001,2.3555851063829785,1.7999999999999987,3.3423860654288293,3,
2098,200,0.1227015861857013,24.14999999999996,0.13604338571416325,3.0,0.0,39.0,17.32591093117409,0.37222222222222223,5.004048582995951,4.699999999999994,2.5556680161943275,2.8999999999999897,1.4076558280574447,2,
2099,200,0.1225789459298635,27.94999999999997,0.1359871571815967,3.0,1.0,41.0,17.125,0.3143564356435643,5.455223880597015,6.000000000000003,2.6727611940298512,2.199999999999996,2.952850415078584,2,
2100,200,0.1224564282529819,17.574999999999974,0.1359538684263302,2.0,0.0,42.0,14.74074074074074,0.45138888888888884,1.4469135802469135,7.199999999999997,2.2350617283950593,1.799999999999995,3.1241724381797784,3,
2101,200,0.12233403303253876,26.624999999999964,0.1359055980075454,2.0,0.0,42.0,17.954635108481263,0.381578947368421,3.88560157790927,6.300000000000015,2.8605522682445765,2.999999999999998,3.0455957642152534,2,
2102,200,0.12221176014613884,21.82499999999996,0.1358524126930921,2.0,1.0,42.0,17.06145251396648,0.3563829787234043,4.253258845437617,6.200000000000017,2.2119180633147093,1.799999999999998,2.1276865671641887,3,
2103,200,0.1220896094715092,22.92499999999997,0.13579553684116596,2.0,0.0,38.0,17.565591397849463,0.40662650602409633,1.9634408602150537,4.700000000000001,2.460215053763438,2.699999999999997,1.2058420896847686,2,
2104,200,0.12196758088649925,26.799999999999955,0.1357385276997634,3.0,0.0,41.0,17.191806331471135,0.35416666666666663,3.122905027932961,6.7,2.209683426443199,1.8999999999999946,2.186729456805193,2,
2105,200,0.12184567426908036,23.324999999999967,0.1357010607581533,2.0,0.0,40.0,19.302832244008716,0.436046511627907,5.429193899782135,5.600000000000007,3.3819172113289806,3.8999999999999932,2.2507730206949086,2,
2106,200,0.12172388949734589,19.149999999999967,0.13564247023866471,2.0,1.0,42.0,17.388535031847134,0.4307228915662651,4.254777070063694,6.2,2.561995753715495,2.6999999999999984,1.9982886765236172,3,
2107,200,0.121602226449511,20.974999999999977,0.13559042323377407,3.0,0.0,42.0,15.403930131004367,0.404320987654321,1.6091703056768558,6.699999999999998,2.157860262008731,2.099999999999997,1.9965962061946076,3,
2108,200,0.12148068500391276,22.62499999999997,0.1355253060747314,2.0,0.0,39.0,16.39047619047619,0.3455056179775281,1.9161904761904762,4.599999999999995,2.055619047619044,1.9999999999999978,1.434664107624877,3,
2109,200,0.12135926503900965,16.449999999999967,0.13550163119237346,4.0,0.0,45.0,16.991869918699187,0.5398550724637681,2.970189701897019,8.200000000000037,3.1831978319783247,2.499999999999997,5.232276439483008,3,
2110,200,0.12123796643338168,23.599999999999955,0.1354713058384196,2.0,1.0,42.0,19.710407239819006,0.47891566265060237,2.5610859728506785,7.200000000000027,3.394570135746612,3.6999999999999975,3.842433623562315,2,
2111,200,0.1211167890657302,26.624999999999975,0.13542312966959796,2.0,0.0,40.0,17.278787878787877,0.3967391304347826,3.214141414141414,5.099999999999991,2.281414141414136,2.1999999999999957,0.9652342627660907,2,
2112,200,0.12099573281487792,20.52499999999998,0.1353775344008084,3.0,0.0,42.0,14.331182795698926,0.323170731707317,1.778494623655914,7.000000000000018,2.3415053763440867,1.4999999999999956,3.9944463149326794,3,
2113,200,0.12087479755976856,21.574999999999974,0.13533787506880568,2.0,0.0,42.0,15.554865424430641,0.39117647058823535,2.910973084886128,6.000000000000009,2.015113871635608,1.6999999999999953,1.8375641267446268,3,
2114,200,0.12075398317946681,33.64999999999996,0.13528437026942425,2.0,1.0,37.0,17.88658146964856,0.23198198198198194,3.378594249201278,3.8999999999999924,1.843290734824276,1.7999999999999934,0.667025377990427,1,
2115,200,0.12063328955315826,24.074999999999964,0.13525172763650636,2.0,0.0,43.0,18.52202643171806,0.43965517241379315,3.7841409691629955,7.100000000000006,2.8845814977973543,2.799999999999992,2.6326384785192762,2,
2116,200,0.12051271656014938,20.374999999999975,0.1352114157642609,3.0,0.0,44.0,14.892773892773892,0.4358974358974359,0.7715617715617715,7.400000000000011,2.226107226107224,1.5999999999999963,3.124230493371012,3,
2117,200,0.12039226407986708,21.149999999999963,0.13518219438232604,2.0,0.0,40.0,19.149888143176735,0.46875,2.738255033557047,6.700000000000026,3.1210290827740534,2.9999999999999916,3.0817208520179715,2,
2118,200,0.12027193199185891,22.374999999999964,0.1351404737040402,2.0,1.0,40.0,19.25358851674641,0.5064102564102564,1.763157894736842,4.999999999999992,2.7138755980861187,2.7999999999999945,1.0325884972213104,2,
2119,200,0.12015172017579269,19.199999999999974,0.1350782917971356,2.0,1.0,38.0,15.32924335378323,0.3414634146341463,3.2822085889570554,4.399999999999997,1.9946830265848638,1.9999999999999973,1.2951100702576093,3,
2120,200,0.12003162851145673,26.29999999999998,0.1350359097899806,2.0,0.0,37.0,16.057835820895523,0.3198924731182796,3.1473880597014925,3.8999999999999893,1.8175373134328316,1.6999999999999975,0.7608144938129748,2,
2121,200,0.11991165687875927,14.924999999999981,0.13500297699246344,3.0,1.0,48.0,17.20274914089347,0.6313559322033898,0.7285223367697594,10.200000000000024,3.530240549828182,3.099999999999997,7.594295465281097,3,
2122,200,0.11979180515772868,22.799999999999965,0.13497566906579217,2.0,0.0,40.0,19.855504587155963,0.4695121951219512,3.811926605504587,5.900000000000026,3.413073394495417,3.850000000000006,2.472892553723152,2,
2123,200,0.11967207322851317,29.349999999999955,0.1349143620805676,3.0,0.0,38.0,16.660958904109588,0.27403846153846156,6.299657534246576,4.1999999999999895,1.9486301369862968,1.7999999999999992,1.0366107519315013,2,
2124,200,0.11955246097138093,27.674999999999958,0.13485386353402598,3.0,0.0,40.0,17.331550802139038,0.308252427184466,5.1319073083778965,5.200000000000003,2.461675579322636,2.299999999999995,1.9243305795627843,2,
2125,200,0.11943296826671962,9.474999999999977,0.1348096464398779,5.0,0.0,40.0,18.30204081632653,0.7151162790697675,0.08571428571428572,6.6000000000000165,3.3873469387755155,3.899999999999997,4.483547247767586,3,
2126,200,0.11931359499503652,23.349999999999966,0.13477450135280417,3.0,0.0,40.0,20.31367924528302,0.49375,3.1792452830188678,5.700000000000005,3.468632075471701,3.60000000000001,2.2116934501460257,2,
2127,200,0.11919434103695832,20.374999999999986,0.1347283605826051,2.0,0.0,43.0,15.217021276595744,0.35119047619047616,2.5063829787234044,6.900000000000016,2.501063829787233,1.9999999999999984,3.229098592569465,3,
2128,200,0.11907520627323114,27.074999999999978,0.134669443662628,2.0,0.0,38.0,15.669675090252708,0.2755102040816326,4.624548736462094,4.099999999999989,1.8467509025270716,1.5999999999999994,1.0924208005473763,2,
2129,200,0.11895619058472015,24.749999999999986,0.13462450728348152,2.0,0.0,37.0,16.46946564885496,0.3097826086956522,6.307251908396947,4.2999999999999945,2.2576335877862554,2.4999999999999907,1.1061098789037551,2,
2130,200,0.11883729385240965,16.049999999999976,0.13460395336670405,6.0,1.0,48.0,16.793650793650794,0.5515873015873016,0.6952380952380952,9.900000000000032,3.7012698412698484,2.4999999999999982,9.77387466741924,3,
2131,200,0.11871851595740286,15.874999999999979,0.1345503772229702,2.0,1.0,39.0,15.1125,0.47058823529411764,2.4775,4.4999999999999885,2.122749999999995,2.299999999999994,1.3110156313476915,3,
2132,200,0.11859985678092198,15.824999999999987,0.1345325749435206,5.0,0.0,44.0,14.97289156626506,0.4722222222222222,4.25,8.000000000000012,2.7915662650602413,1.6999999999999995,4.944491802981244,3,
2133,200,0.11848131620430775,17.099999999999984,0.13449604584793468,4.0,0.0,45.0,14.888586956521738,0.41666666666666663,1.6576086956521738,8.100000000000023,2.960326086956526,1.8999999999999995,6.371951293354935,3,
2134,200,0.11836289410901962,28.924999999999965,0.13443905700203987,2.0,0.0,40.0,16.76068376068376,0.28301886792452835,5.786324786324786,5.199999999999988,2.0170940170940113,1.9999999999999956,0.9517105755294729,2,
2135,200,0.1182445903766354,23.949999999999974,0.13439074845600366,2.0,0.0,39.0,17.785009861932938,0.3804347826086957,6.173570019723866,4.6,2.5765285996055187,2.599999999999995,1.3001444866328415,2,
2136,200,0.11812640488885146,29.424999999999955,0.13434791311498673,2.0,0.0,38.0,17.746268656716417,0.2833333333333333,4.965174129353234,4.3999999999999915,1.6369817578772763,1.4,0.925682988273082,2,
2137,200,0.11800833752748224,23.324999999999964,0.13431407423724406,2.0,0.0,39.0,18.415011037527595,0.4390243902439024,4.492273730684326,5.500000000000004,2.807505518763796,3.099999999999994,2.1710359245253623,2,
2138,200,0.1178903881744604,23.074999999999967,0.13427706139785572,3.0,0.0,41.0,18.64027149321267,0.47023809523809523,5.276018099547511,5.4,2.7524886877828014,2.899999999999995,1.4499672916570656,2,
2139,200,0.1177725567118365,30.874999999999968,0.13422768015544329,2.0,0.0,38.0,17.884984025559106,0.25,6.458466453674121,3.999999999999987,1.8423322683706012,1.7999999999999996,0.6753502775119592,2,
2140,200,0.11765484302177918,20.57499999999997,0.13419513701005803,2.0,1.0,37.0,18.324263038548754,0.4642857142857143,4.217687074829932,5.599999999999996,2.5492063492063455,2.5999999999999925,1.374025709584533,2,
2141,200,0.11753724698657468,24.274999999999967,0.13414003665063876,2.0,1.0,40.0,17.43232323232323,0.3904494382022472,2.997979797979798,5.200000000000018,2.5311111111111133,2.2999999999999914,2.114111433981989,2,
2142,200,0.11741976848862698,23.94999999999997,0.13410849462057298,3.0,0.0,39.0,17.834745762711865,0.40697674418604646,4.771186440677966,5.900000000000007,2.6849576271186435,2.7999999999999936,2.1973471494683188,2,
2143,200,0.11730240741045748,25.949999999999964,0.1340662678264847,2.0,0.0,39.0,17.13075506445672,0.33762886597938147,6.828729281767956,4.799999999999987,2.132780847145482,2.199999999999992,0.7103090405904023,2,
2144,200,0.11718516363470523,20.224999999999987,0.1340044592947103,3.0,0.0,43.0,14.006637168141593,0.3487654320987654,2.5730088495575223,7.6000000000000085,2.114159292035396,1.4999999999999971,3.2675588708927483,3,
2145,200,0.11706803704412637,15.149999999999977,0.13395246445758524,3.0,0.0,39.0,15.8656330749354,0.49242424242424243,3.9819121447028425,4.800000000000005,2.425064599483203,2.3999999999999946,1.8899528604241267,3,
2146,200,0.11695102752159432,26.174999999999986,0.13389934202310355,2.0,0.0,40.0,16.291071428571428,0.29040404040404044,5.0928571428571425,5.900000000000003,2.136071428571427,1.6999999999999924,1.9945623551095577,2,
2147,200,0.11683413495009948,12.699999999999983,0.13388582391509324,4.0,0.0,46.0,18.393129770992367,0.6826923076923077,0.1984732824427481,8.500000000000034,3.8190839694656566,4.2,5.801323368733927,3,
2148,200,0.11671735921274938,25.674999999999972,0.1338326604886876,2.0,1.0,38.0,16.569200779727094,0.3666666666666667,1.8693957115009747,5.000000000000003,1.936452241715398,1.4999999999999982,1.5795934156128422,2,
2149,200,0.11660070019276822,26.274999999999974,0.13377563357272754,2.0,0.0,41.0,17.228360957642725,0.33999999999999997,5.265193370165746,5.799999999999996,2.3095764272559793,2.299999999999992,1.3160821847189026,2,
2150,200,0.11648415777349697,12.249999999999982,0.1337322537121269,3.0,0.0,41.0,15.407017543859649,0.5833333333333334,0.08771929824561403,6.400000000000004,2.5256140350877176,2.799999999999995,2.847484241111001,3,
2151,200,0.11636773183839315,16.324999999999974,0.13371429721745348,5.0,1.0,46.0,16.666666666666668,0.5410447761194029,3.07977207977208,9.000000000000032,3.3524216524216572,2.299999999999995,6.938960714285765,3,
2152,200,0.11625142227103091,24.52499999999997,0.13368801413691117,3.0,0.0,42.0,19.555555555555557,0.4593023255813954,5.190476190476191,6.100000000000012,3.317913832199548,3.2999999999999963,2.633728918140693,2,
2153,200,0.11613522895510063,17.52499999999997,0.1336439647699902,3.0,0.0,40.0,16.286052009456263,0.46232876712328763,1.0520094562647755,5.8,2.5208037825059098,2.3999999999999955,2.5044511758919894,3,
2154,200,0.116019151774409,23.94999999999996,0.13360469539073094,2.0,0.0,40.0,18.823529411764707,0.4323529411764706,4.37037037037037,5.40000000000001,3.1244008714596956,3.4999999999999964,1.9084768369090592,2,
2155,200,0.11590319061287874,24.974999999999973,0.13355485941589745,2.0,0.0,40.0,18.294797687861273,0.36855670103092786,6.500963391136802,5.700000000000003,2.8464354527938336,2.6999999999999913,1.882995247995259,2,
2156,200,0.1157873453545488,22.924999999999958,0.13352528658066448,2.0,0.0,40.0,20.150717703349283,0.5,1.0023923444976077,5.7,3.2521531100478467,3.299999999999997,1.5406381529621274,2,
2157,200,0.11567161588357389,28.449999999999964,0.13346253871228939,2.0,1.0,38.0,17.810490693739425,0.28846153846153844,4.4873096446700504,4.999999999999997,2.028595600676814,1.9999999999999991,0.9655979157123205,2,
2158,200,0.11555600208422448,27.124999999999964,0.1334052291479254,2.0,0.0,39.0,17.095667870036102,0.31999999999999995,3.05956678700361,4.599999999999992,2.130505415162451,2.0999999999999948,1.2130264405454225,2,
2159,200,0.11544050384088674,23.57499999999997,0.13335017416416345,3.0,0.0,40.0,16.685774946921445,0.4107142857142857,3.416135881104034,4.799999999999995,1.99893842887473,1.9999999999999956,1.057562026685894,2,
2160,200,0.11532512103806251,25.824999999999964,0.13328189444728664,3.0,1.0,40.0,17.05263157894737,0.3629032258064516,3.1169590643274856,5.399999999999994,2.3925925925925897,2.299999999999997,1.9003812013618646,2,
2161,200,0.11520985356036893,33.82499999999996,0.13323184541231148,2.0,0.0,38.0,18.45846645367412,0.23245614035087714,8.1741214057508,4.499999999999987,2.1864217252396108,2.1999999999999886,0.7434756746411461,1,
2162,200,0.11509470129253851,25.074999999999967,0.13320186555538444,2.0,0.0,42.0,19.151927437641724,0.4683908045977011,5.437641723356009,6.2000000000000055,3.045804988662129,3.199999999999992,2.441542575071989,2,
2163,200,0.11497966411941893,9.549999999999976,0.13317760706424125,3.0,0.0,39.0,17.696,0.6918604651162791,0.792,7.000000000000013,3.1720000000000046,3.599999999999996,4.04120065921057,3,
2164,200,0.11486474192597308,30.924999999999955,0.13310485901921212,2.0,0.0,36.0,18.57471264367816,0.2546728971962616,6.582922824302135,3.7999999999999954,2.036124794745478,2.0999999999999885,0.5264468291630705,1,
2165,200,0.11474993459727875,22.774999999999974,0.13303549618628863,2.0,0.0,43.0,16.809128630705395,0.41860465116279066,1.0829875518672198,7.100000000000001,2.141286307053938,1.8999999999999961,2.1173294508077087,3,
2166,200,0.11463524201852858,28.049999999999955,0.13296752784644433,2.0,0.0,37.0,18.01628664495114,0.2547169811320755,4.444625407166124,4.199999999999992,2.111889250814327,2.1999999999999904,0.673590074138911,2,
2167,200,0.11452066407502992,28.84999999999996,0.13291925780614494,2.0,0.0,38.0,18.216260162601625,0.264018691588785,5.377235772357723,4.499999999999994,2.08016260162601,2.099999999999991,0.7365840348576471,2,
2168,200,0.11440620065220493,29.074999999999953,0.13286011663220537,2.0,0.0,42.0,18.199664429530202,0.29504504504504503,6.179530201342282,6.099999999999994,2.326174496644291,2.399999999999998,1.3353924806103319,2,
2169,200,0.11429185163559014,24.949999999999964,0.13282710557890226,2.0,0.0,41.0,18.58390804597701,0.47352941176470587,1.8022988505747126,6.200000000000008,2.618160919540228,2.2999999999999963,2.7821446539551022,2,
2170,200,0.1141776169108365,24.949999999999978,0.132761279827945,2.0,0.0,37.0,16.441717791411044,0.3852941176470588,2.8834355828220857,4.0999999999999925,1.9173824130879302,1.8999999999999964,1.0038942790230794,2,
2171,200,0.11406349636370923,27.72499999999996,0.13272566749003065,3.0,0.0,42.0,17.903660886319845,0.3712121212121212,2.2736030828516376,6.800000000000007,2.7215799614643537,2.499999999999996,2.6813168993169048,2,
2172,200,0.11394948988008788,16.799999999999983,0.13269587256830392,3.0,0.0,46.0,16.092753623188404,0.5378787878787878,1.182608695652174,8.40000000000003,3.2237681159420326,1.8999999999999977,6.372590065869107,3,
2173,200,0.11383559734596592,24.199999999999978,0.13264264217195124,3.0,0.0,37.0,15.950199203187251,0.34883720930232553,1.2589641434262948,3.7999999999999896,1.827091633466131,1.949999999999994,0.9423375118550136,2,
2174,200,0.11372181864745078,11.724999999999982,0.13261789281303105,2.0,0.0,41.0,16.714828897338403,0.6223404255319149,0.0,6.4000000000000234,2.9239543726235784,2.8999999999999972,4.813374103631763,3,
2175,200,0.11360815367076371,24.949999999999967,0.13257551777535737,2.0,0.0,41.0,18.745454545454546,0.39210526315789473,3.923232323232323,7.000000000000012,3.247474747474748,3.499999999999995,3.099880011753964,2,
2176,200,0.11349460230223983,27.774999999999974,0.13253437858851477,2.0,0.0,42.0,17.353057199211044,0.36734693877551017,3.546351084812623,6.3,2.569428007889545,2.099999999999997,2.3452085991721425,2,
2177,200,0.11338116442832771,22.87499999999997,0.13249915612574492,2.0,0.0,41.0,18.665137614678898,0.48750000000000004,2.1605504587155964,5.8,2.68233944954128,2.7999999999999945,1.6379306662458197,2,
2178,200,0.11326783993558948,23.699999999999974,0.13245801097532067,2.0,1.0,40.0,16.408906882591094,0.3879310344827587,3.2530364372469633,5.49999999999999,1.9617408906882536,1.8999999999999895,1.168642243940414,2,
2179,200,0.11315462871070062,35.57499999999995,0.1324072528456195,3.0,0.0,40.0,18.847020933977454,0.25,4.8019323671497585,4.999999999999988,2.3610305958131983,2.4999999999999907,0.7713980396224408,1,
2180,200,0.11304153064044985,23.399999999999967,0.13236272048024858,2.0,0.0,38.0,17.35031847133758,0.39880952380952384,1.683651804670913,4.799999999999995,2.3989384288747306,2.499999999999996,1.5338274432023031,2,
2181,110,0.11292854561173918,5.925000000000002,0.13232875216020812,2.0,0.0,17.0,7.584269662921348,0,0.6779026217228464,2.299999999999999,1.0543071161048672,1.0,0.27694226237234854,4,
2182,200,0.11281567351158354,12.799999999999978,0.13230706678569798,3.0,1.0,46.0,18.89051094890511,0.6203703703703703,0.14233576642335766,9.600000000000033,4.437956204379574,4.750000000000009,8.846268398268476,3,
2183,200,0.11270291422711082,13.374999999999982,0.13227661075887973,4.0,0.0,45.0,17.80536912751678,0.6096491228070176,0.8053691275167785,8.200000000000015,3.965771812080544,3.7499999999999973,7.047498395324532,3,
2184,200,0.11259026764556165,25.199999999999964,0.13224728307309033,2.0,0.0,41.0,19.19383259911894,0.42613636363636365,1.8590308370044053,5.900000000000013,3.2876651982378906,3.899999999999997,3.136779370739655,2,
2185,200,0.11247773365428958,25.69999999999998,0.13220987741004325,2.0,0.0,38.0,15.668639053254438,0.36363636363636365,1.9566074950690335,3.7999999999999883,1.5587771203155776,1.4999999999999991,0.6030564719429797,2,
2186,200,0.11236531214076052,23.024999999999977,0.13217223082209043,2.0,1.0,40.0,18.399558498896248,0.45238095238095233,3.2295805739514347,5.799999999999998,2.737306843267105,2.7999999999999936,2.0206710264707017,2,
2187,200,0.11225300299255297,22.04999999999996,0.13214351089546061,2.0,0.0,43.0,18.727678571428573,0.4695121951219512,2.408482142857143,7.70000000000002,2.9279017857142864,2.499999999999994,4.852928705599841,2,
2188,200,0.11214080609735771,29.44999999999996,0.13209841439776243,2.0,0.0,38.0,17.830795262267344,0.28846153846153844,3.4111675126903553,4.299999999999992,2.040778341793566,1.9999999999999982,0.9791690334402157,2,
2189,200,0.11202872134297796,21.449999999999964,0.13207270849984065,2.0,1.0,43.0,19.93953488372093,0.49691358024691357,2.0813953488372094,7.70000000000002,3.359534883720932,3.099999999999996,3.3650319363544674,2,
2190,200,0.11191674861732888,26.07499999999997,0.13202717447518855,2.0,0.0,40.0,17.62721893491124,0.37631578947368416,4.78698224852071,5.500000000000009,2.5800788954635103,2.299999999999999,2.030952273505342,2,
2191,200,0.11180488780843774,13.999999999999977,0.1320128793661767,2.0,0.0,47.0,17.903345724907062,0.6296296296296297,0.7026022304832714,9.600000000000028,3.7587360594795607,3.7999999999999976,8.959945273631893,3,
2192,200,0.11169313880444368,25.449999999999978,0.13198084421796014,2.0,0.0,40.0,16.993548387096773,0.40909090909090906,3.8645161290322583,4.999999999999993,2.1169892473118233,1.8999999999999972,1.4150512431552404,2,
2193,200,0.11158150149359779,22.89999999999997,0.13195829637709616,3.0,0.0,40.0,17.32079646017699,0.44375,2.7765486725663715,6.600000000000004,2.1433628318584046,1.4999999999999942,2.6379998335805217,2,
2194,200,0.11146997576426268,29.499999999999968,0.13189323073248138,2.0,0.0,41.0,16.30066445182724,0.2592592592592593,5.038205980066445,5.499999999999996,1.8549833887043135,1.6999999999999955,1.082378484725564,2,
2195,200,0.11135856150491262,27.69999999999998,0.1318363083109989,2.0,1.0,39.0,17.216606498194945,0.3143564356435643,5.407942238267148,4.999999999999996,2.320036101083028,2.399999999999996,1.4588271345486488,2,
2196,200,0.1112472586041333,26.399999999999967,0.13179764259614635,2.0,0.0,39.0,16.92842535787321,0.37222222222222223,2.4314928425357873,5.099999999999993,2.3137014314928384,2.199999999999997,1.6912099364335833,2,
2197,200,0.1111360669506219,25.19999999999997,0.13176731299662328,2.0,1.0,39.0,17.920245398773005,0.3833333333333333,4.372188139059305,6.199999999999999,2.8548057259713695,2.9999999999999947,2.157577952492475,2,
2198,200,0.11102498643318673,32.84999999999998,0.13170279662826379,2.0,0.0,36.0,17.554502369668246,0.22663551401869153,4.470774091627172,3.2999999999999967,1.7181674565560767,1.7999999999999878,0.6317884239108729,1,
2199,200,0.11091401694074722,23.624999999999968,0.13166419710837673,3.0,0.0,41.0,17.822175732217573,0.4205882352941176,4.661087866108787,6.700000000000021,2.6895397489539747,2.1999999999999975,3.023836871889832,2,
2200,200,0.11080315836233387,24.07499999999996,0.13161103382601003,3.0,0.0,39.0,18.44731182795699,0.41860465116279066,1.7440860215053764,5.500000000000007,2.960860215053764,3.299999999999997,1.7183900029598957,2,
2201,200,0.11069241058708815,16.349999999999984,0.13158955448127257,4.0,0.0,47.0,15.666666666666666,0.5078125,1.0611620795107033,9.100000000000023,3.185626911314988,1.6,7.998736720035947,3,
2202,200,0.11058177350426224,15.799999999999981,0.131560061846595,4.0,1.0,47.0,17.103658536585368,0.5859375,0.19817073170731708,9.900000000000023,3.5234756097561006,2.499999999999999,6.622101912012156,3,
2203,200,0.11047124700321906,27.274999999999963,0.13151200102253016,2.0,0.0,41.0,17.067518248175183,0.3143564356435643,4.804744525547445,6.600000000000003,2.5277372262773694,2.5499999999999945,2.240223507590665,2,
2204,200,0.11036083097343202,26.274999999999977,0.13147550589777313,2.0,1.0,39.0,16.794,0.3532608695652174,4.904,4.999999999999995,2.3191999999999964,2.2999999999999963,1.310636602546405,2,
2205,200,0.11025052530448522,23.174999999999965,0.13143724572378818,2.0,0.0,39.0,18.32244008714597,0.42469879518072284,2.934640522875817,5.099999999999997,2.838126361655772,2.9999999999999964,1.494871558762103,2,
2206,200,0.1101403298860729,11.549999999999974,0.1313926177131535,3.0,0.0,39.0,16.818505338078293,0.5833333333333334,0.05338078291814947,6.5000000000000275,3.3227758007117543,4.300000000000014,4.805876646403285,3,
2207,200,0.11003024460799965,31.899999999999963,0.13134614273758663,2.0,0.0,37.0,18.43739837398374,0.24545454545454537,5.842276422764227,3.999999999999991,2.038211382113815,1.9999999999999991,0.7472085325098342,1,
2208,200,0.10992026936018012,24.44999999999996,0.13130625090836584,3.0,1.0,41.0,18.892617449664428,0.4476744186046512,1.9038031319910516,6.0,3.0123042505592825,3.3999999999999964,1.996883207879563,2,
2209,200,0.10981040403263917,26.17499999999998,0.13126317016231245,2.0,0.0,39.0,16.501035196687372,0.40909090909090906,2.927536231884058,4.3999999999999915,1.7939958592132472,1.3999999999999977,1.3096383011556467,2,
2210,200,0.10970064851551141,14.049999999999983,0.13123724550605403,2.0,0.0,43.0,16.140893470790378,0.6111111111111112,0.6597938144329897,7.100000000000031,2.9426116838488037,1.6999999999999993,5.421409777987758,3,
2211,200,0.10959100269904129,32.47499999999995,0.13116104011938404,2.0,0.0,37.0,18.367479674796748,0.25,4.336585365853659,4.6999999999999975,1.9962601626016208,1.8999999999999995,0.7143131054613115,1,
2212,200,0.10948146647358296,24.374999999999964,0.1311239195939882,2.0,0.0,42.0,18.7682119205298,0.4568965517241379,3.0088300220750552,6.00000000000002,2.958498896247241,3.299999999999997,2.7125955128455095,2,
2213,200,0.10937203972960027,29.949999999999967,0.13107732231610883,2.0,0.0,39.0,17.171140939597315,0.26869158878504673,4.746644295302014,5.6000000000000005,1.9989932885906,1.9999999999999922,1.2517139197387492,2,
2214,200,0.10926272235766643,26.924999999999983,0.13103164190764702,2.0,0.0,40.0,16.6478102189781,0.2945544554455446,5.653284671532846,5.09999999999999,2.413868613138682,2.599999999999998,1.2948119732403545,2,
2215,200,0.10915351424846406,25.07499999999996,0.1310005955145786,3.0,0.0,40.0,19.23937360178971,0.4441176470588235,2.651006711409396,5.300000000000023,3.220357941834456,3.700000000000008,2.3538478939782324,2,
2216,200,0.10904441529278498,22.224999999999973,0.1309608214701282,2.0,0.0,39.0,18.28440366972477,0.4715189873417721,2.5389908256880735,5.6000000000000005,2.470412844036695,2.49999999999999,1.356264762355663,2,
2217,200,0.10893542538153032,21.69999999999996,0.13092509753078174,3.0,0.0,37.0,18.43103448275862,0.4085365853658537,6.601293103448276,5.6,2.9594827586206933,3.200000000000005,1.8893154044450682,2,
2218,200,0.10882654440571013,26.54999999999996,0.13088076786662078,2.0,0.0,38.0,17.533333333333335,0.3563829787234043,4.900952380952381,4.399999999999994,2.3619047619047566,2.299999999999996,1.0283810553507633,2,
2219,200,0.10871777225644341,32.74999999999997,0.13082063008173972,4.0,0.0,38.0,15.984104046242775,0.11974789915966388,5.482658959537572,4.199999999999992,1.4797687861271642,1.2499999999999964,0.7077713667583395,2,
2220,200,0.10860910882495796,14.699999999999983,0.1307731254440384,3.0,0.0,43.0,15.210365853658537,0.5583333333333333,0.8048780487804879,6.800000000000023,2.6234756097561003,2.349999999999998,4.248604240446928,3,
2221,200,0.10850055400259043,18.124999999999982,0.13074812211146747,3.0,0.0,44.0,14.457920792079207,0.3783783783783784,2.891089108910891,7.6000000000000245,2.6950495049504974,1.5999999999999988,4.671043715344814,3,
2222,200,0.10839210768078596,15.174999999999986,0.13072573145504685,5.0,0.0,42.0,15.459302325581396,0.5080645161290323,0.25872093023255816,6.500000000000007,2.88953488372093,2.499999999999999,3.764689736764282,3,
2223,200,0.10828376975109819,22.124999999999964,0.13069667846426405,2.0,0.0,39.0,19.025943396226417,0.4935897435897436,1.6485849056603774,5.199999999999994,2.695990566037731,2.8499999999999943,1.449355193992486,2,
2224,200,0.10817554010518914,23.424999999999965,0.13066503202935006,2.0,0.0,40.0,19.18139534883721,0.4722222222222222,3.76046511627907,5.900000000000009,2.904651162790696,2.899999999999996,1.9932914726418225,2,
2225,200,0.10806741863482926,17.524999999999974,0.1306382539772167,2.0,0.0,42.0,18.072992700729927,0.5102739726027398,1.951338199513382,6.300000000000017,2.883454987834549,2.7999999999999927,2.3068445417949444,3,
2226,200,0.10795940523189702,28.149999999999963,0.13057092737674325,3.0,0.0,37.0,18.110552763819097,0.28398058252427183,4.8877721943048575,3.599999999999993,1.9494137353433776,2.0999999999999925,0.6097375479787187,2,
2227,200,0.10785149978837902,20.824999999999974,0.1305368787796909,2.0,0.0,42.0,16.84008097165992,0.3879310344827587,3.1862348178137654,7.200000000000006,2.424493927125504,1.9999999999999984,2.838014915893217,3,
2228,200,0.10774370219636975,24.574999999999967,0.13048257683850265,3.0,0.0,42.0,18.06311637080868,0.38586956521739135,3.4418145956607495,6.600000000000018,2.925641025641028,2.8999999999999964,2.4109889981637775,2,
2229,200,0.10763601234807169,20.72499999999996,0.13045614119636856,5.0,0.0,49.0,18.60091743119266,0.5,3.2981651376146788,10.300000000000038,3.325000000000003,2.299999999999999,7.075627817670171,3,
2230,200,0.10752843013579495,31.849999999999948,0.13039775790630415,2.0,0.0,37.0,18.367479674796748,0.25462962962962965,5.214634146341464,3.999999999999998,1.9962601626016205,1.9999999999999893,0.830606095858537,1,
2231,26,0.10742095545195732,-2.4,0.1303881193390356,2.0,0.0,3.0,1.7045454545454546,0,0.3409090909090909,1.2999999999999998,0.6284090909090909,0.6499999999999999,0.11636704119850184,4,
2232,200,0.10731358818908403,28.07499999999999,0.1303398048530825,2.0,0.0,38.0,15.3875,0.26530612244897955,4.148214285714285,4.099999999999988,1.6903571428571387,1.5999999999999988,0.7111949974330233,2,
2233,200,0.10720632823980793,27.524999999999963,0.13029950744008276,2.0,0.0,40.0,16.46113074204947,0.30000000000000004,5.734982332155477,5.299999999999996,1.9846289752650146,1.5999999999999979,1.4463230166533987,2,
2234,200,0.107099175496869,24.84999999999996,0.13026094707433075,2.0,0.0,42.0,18.520746887966805,0.40555555555555556,4.595435684647303,6.200000000000028,3.1682572614107927,3.6000000000000125,2.1875702793094245,2,
2235,200,0.10699212985311449,22.849999999999966,0.130230028094481,3.0,0.0,40.0,18.058700209643607,0.40294117647058825,5.387840670859539,6.800000000000023,2.8247379454926627,2.3999999999999986,3.3974323160226683,2,
2236,200,0.1068851912014987,19.47499999999998,0.13019810818266275,4.0,1.0,44.0,14.882211538461538,0.4078947368421053,2.7788461538461537,8.200000000000015,2.6793269230769226,1.6999999999999986,4.666041894195504,3,
2237,200,0.10677835943508306,13.974999999999982,0.13016790400905578,3.0,0.0,42.0,15.124223602484472,0.5086206896551724,0.10248447204968944,6.900000000000021,2.7888198757764013,2.299999999999998,4.67370890116994,3,
2238,200,0.10667163444703576,26.149999999999963,0.13013154600256674,2.0,0.0,40.0,17.45134575569358,0.3833333333333333,3.132505175983437,5.300000000000002,2.5815734989648003,2.899999999999995,2.014348187647881,2,
2239,200,0.1065650161306318,22.84999999999997,0.1300942407083364,2.0,0.0,40.0,18.191037735849058,0.5,1.4245283018867925,5.399999999999998,2.1950471698113163,1.899999999999993,1.5045828952857716,2,
2240,200,0.1064585043792528,26.824999999999957,0.13003365906621542,2.0,1.0,39.0,17.53153153153153,0.31999999999999995,5.163963963963964,4.599999999999994,2.4045045045045,2.599999999999993,1.1594249149416906,2,
2241,200,0.1063520990863871,22.024999999999977,0.12999588345562027,3.0,0.0,46.0,15.100840336134453,0.34090909090909094,4.2899159663865545,9.000000000000016,2.6693277310924377,1.4999999999999996,6.040640494317578,3,
2242,200,0.10624580014562934,34.44999999999998,0.1299392035937133,2.0,0.0,37.0,17.77567140600316,0.21902654867256643,5.412322274881516,3.5999999999999988,1.850868878357024,1.799999999999994,0.5661341492632642,1,
2243,200,0.1061396074506806,26.549999999999972,0.12989697064051314,3.0,0.0,42.0,16.23838383838384,0.3833333333333333,1.816161616161616,6.4,1.942020202020198,1.4999999999999973,2.0277375277523797,2,
2244,200,0.1060335208953481,13.849999999999975,0.12988741994045588,6.0,0.0,49.0,18.639405204460967,0.6428571428571429,0.05947955390334572,10.200000000000033,4.186988847583651,4.1999999999999975,9.525203980099558,3,
2245,200,0.10592754037354536,25.299999999999972,0.12984732085686068,2.0,0.0,40.0,17.783037475345168,0.3873626373626373,4.597633136094674,5.600000000000013,2.575345167652858,2.499999999999988,1.770148532569795,2,
2246,200,0.10582166577929185,32.599999999999966,0.1297871376273047,2.0,0.0,37.0,18.551724137931036,0.2592592592592593,3.083743842364532,4.499999999999991,2.0223316912972025,1.899999999999999,0.7786823770491759,1,
2247,200,0.10571589700671291,26.64999999999997,0.12973101502068293,3.0,0.0,38.0,17.254700854700854,0.3005050505050505,4.176068376068376,3.799999999999995,1.6109401709401665,1.5999999999999934,0.6273009490859771,2,
2248,200,0.10561023395003975,20.099999999999987,0.12967647624347425,2.0,0.0,41.0,14.806100217864923,0.39375000000000004,2.1525054466230937,5.6000000000000005,1.938779956427012,1.5999999999999983,1.6835149990506917,3,
2249,200,0.1055046765036094,22.499999999999957,0.1296464846660171,3.0,1.0,39.0,19.560344827586206,0.41470588235294115,5.581896551724138,6.400000000000023,3.6370689655172503,4.299999999999997,3.3585552846095132,2,
2250,200,0.10539922456186433,26.724999999999966,0.12960201559885826,2.0,0.0,40.0,17.195530726256983,0.3427835051546392,4.988826815642458,5.000000000000003,2.3247672253258806,2.2999999999999985,1.439633662542303,2,
2251,200,0.10529387801935262,27.599999999999966,0.12957119955951737,3.0,0.0,42.0,17.323809523809523,0.33999999999999997,4.36952380952381,6.400000000000011,2.72304761904762,2.299999999999997,3.6196533683569014,2,
2252,200,0.10518863677072765,27.42499999999998,0.1295314506358936,2.0,0.0,40.0,16.02420856610801,0.3273195876288659,4.556797020484171,4.79999999999999,1.8800744878957127,1.7999999999999958,0.862790323475554,2,
2253,200,0.10508350071074826,17.324999999999967,0.12949238984036723,2.0,0.0,39.0,16.220095693779903,0.47535211267605637,2.04066985645933,4.699999999999996,2.1009569377990402,2.0999999999999956,1.749339239825322,3,
2254,200,0.10497846973427834,23.874999999999968,0.12946091313172198,3.0,0.0,40.0,17.57442348008386,0.41666666666666663,4.522012578616352,5.399999999999996,2.482599580712786,2.4999999999999973,1.9332696635139386,2,
2255,200,0.1048735437362869,20.599999999999955,0.12942254014976493,2.0,0.0,43.0,20.0,0.5328947368421053,2.9904306220095696,7.200000000000014,3.1617224880382797,2.9500000000000024,2.948886637706548,2,
2256,200,0.10476872261184789,21.474999999999955,0.12937123189242652,2.0,0.0,43.0,19.537735849056602,0.5227272727272727,0.7806603773584906,7.200000000000012,3.003066037735846,2.949999999999995,2.5869625365039717,2,
2257,200,0.10466400625614027,22.899999999999963,0.1293316787760671,2.0,0.0,40.0,18.961009174311926,0.4722222222222222,2.2110091743119265,6.100000000000016,2.876376146788989,2.699999999999993,2.4837439701202086,2,
2258,200,0.10455939456444763,21.349999999999984,0.1293026010438355,2.0,1.0,43.0,15.138297872340425,0.38095238095238093,3.427659574468085,6.600000000000004,2.1857446808510597,1.8999999999999984,1.9829334220616663,3,
2259,200,0.10445488743215826,25.274999999999963,0.12927241955926666,2.0,0.0,42.0,19.790748898678412,0.4375,3.9185022026431717,6.300000000000035,3.6537444933920793,4.200000000000019,2.712851563447613,2,
2260,200,0.104350484754765,23.724999999999973,0.12924211018543588,2.0,0.0,38.0,17.922737306843267,0.43518518518518523,2.4746136865342163,4.999999999999996,2.5121412803531973,2.699999999999995,1.1984235507387588,2,
2261,200,0.10424618642786522,28.999999999999964,0.12920607602087825,2.0,1.0,41.0,17.497409326424872,0.3119047619047619,5.055267702936097,5.399999999999995,1.9981001727115657,1.8999999999999937,1.0989461281469952,2,
2262,200,0.10414199234716055,24.524999999999963,0.1291677590742563,2.0,1.0,41.0,16.800705467372133,0.30102040816326525,3.315696649029982,5.399999999999997,2.116578483245145,1.999999999999996,1.3515459363957563,3,
2263,200,0.10403790240845692,23.024999999999956,0.12913514257922926,2.0,1.0,40.0,19.017204301075267,0.40340909090909094,5.023655913978494,6.4000000000000234,3.32215053763441,3.5999999999999934,2.706984238567426,2,
2264,200,0.10393391650766431,33.824999999999974,0.1290720921502779,2.0,0.0,37.0,17.65560821484992,0.2232142857142858,5.151658767772512,3.6999999999999877,1.7788309636650805,1.7999999999999936,0.41471878369204784,1,
2265,200,0.10383003454079692,28.124999999999975,0.12901833987651345,2.0,0.0,38.0,16.124767225325886,0.3342105263157895,2.217877094972067,4.699999999999992,1.6823091247672217,1.5999999999999965,0.8408258891416481,2,
2266,200,0.10372625640397273,29.099999999999984,0.12897943330072176,2.0,0.0,38.0,15.70376712328767,0.26485148514851486,3.107876712328767,3.699999999999991,1.5715753424657488,1.3999999999999997,0.628234976763275,2,
2267,200,0.10362258199341358,25.12499999999997,0.1289457175954024,2.0,0.0,41.0,18.691275167785236,0.4558823529411765,2.5123042505592843,5.600000000000003,2.8767337807606226,2.7999999999999927,1.7192883167841115,2,
2268,200,0.10351901120544502,18.32499999999996,0.12889536373267996,3.0,0.0,45.0,18.81578947368421,0.5162337662337663,1.2727272727272727,8.200000000000022,3.213397129186604,3.1999999999999966,3.3268252033218446,3,
2269,200,0.10341554393649634,24.524999999999974,0.128868276122155,2.0,0.0,41.0,18.280254777070063,0.40555555555555556,5.384288747346072,6.300000000000035,2.9569002123142276,2.3999999999999977,3.361023800937642,2,
2270,200,0.1033121800831002,27.524999999999963,0.1288173264766301,3.0,0.0,45.0,16.904850746268657,0.32499999999999996,2.326492537313433,7.900000000000012,2.567537313432836,2.000000000000006,2.74977664073514,2,
2271,200,0.10320891954189276,26.07499999999998,0.12877248867829846,2.0,0.0,39.0,17.246628131021193,0.3629032258064516,4.435452793834297,4.6,2.3273603082851584,2.499999999999988,0.898522572022568,2,
2272,200,0.10310576220961341,27.324999999999967,0.12873438768042378,2.0,0.0,42.0,17.568047337278106,0.39210526315789473,3.4595660749506902,6.500000000000002,2.4463510848126213,2.1999999999999944,2.0927117892378075,2,
2273,200,0.10300270798310492,32.074999999999974,0.1286762963528992,2.0,0.0,37.0,18.11219512195122,0.25462962962962965,5.3447154471544716,3.89999999999999,1.8430894308943038,1.899999999999995,0.6813158340031277,1,
2274,200,0.102899756759313,12.749999999999988,0.12864160724945742,3.0,0.0,37.0,14.193277310924369,0.43644067796610164,2.215686274509804,5.800000000000003,2.3759103641456614,1.8999999999999986,2.231762130437524,3,
2275,200,0.1027969084352864,25.749999999999964,0.12860013517684557,2.0,1.0,40.0,17.163090128755364,0.42441860465116277,2.0278969957081543,5.0999999999999925,2.1999999999999953,2.1999999999999984,1.4295344799797318,2,
2276,200,0.10269416290817676,29.99999999999995,0.12854064783303276,2.0,0.0,38.0,18.71451612903226,0.25917431192660545,4.656451612903226,6.000000000000002,2.269032258064512,1.9999999999999973,1.5639160351613843,2,
2277,200,0.10259152007523863,25.724999999999973,0.1285023748858826,2.0,0.0,40.0,17.457085828343313,0.3844086021505376,2.3213572854291415,5.900000000000022,2.479840319361277,1.9999999999999925,2.687568366533877,2,
2278,200,0.10248897983382912,15.59999999999998,0.12848364057787373,4.0,0.0,45.0,15.801223241590215,0.5080645161290323,0.8348623853211009,8.00000000000003,3.231498470948017,2.0999999999999965,6.993538081699873,3,
2279,200,0.102386542081408,29.524999999999963,0.12843489597530974,2.0,0.0,43.0,16.931818181818183,0.28181818181818186,6.096153846153846,6.700000000000006,2.566433566433566,2.299999999999999,2.745140426000134,2,
2280,200,0.10228420671553744,29.42499999999997,0.12839113786437045,2.0,0.0,43.0,17.961904761904762,0.3713592233009708,3.0304761904761905,6.800000000000004,2.619047619047615,2.0999999999999988,2.229397657678577,2,
2281,200,0.10218197363388216,19.274999999999977,0.12836253796424904,2.0,0.0,43.0,16.548387096774192,0.42469879518072284,3.511827956989247,7.600000000000018,2.5673118279569898,1.399999999999999,5.260461188397245,3,
2282,200,0.10207984273420903,29.749999999999968,0.1283264774897853,3.0,0.0,42.0,17.707635009310987,0.34708737864077666,3.458100558659218,7.7000000000000055,2.6320297951582847,2.1999999999999935,3.0792827220773504,2,
2283,200,0.10197781391438715,23.949999999999978,0.1283008366825121,2.0,0.0,42.0,19.26431718061674,0.4375,4.3766519823788546,7.30000000000002,3.3378854625550676,3.400000000000004,2.7252739490090625,2,
2284,200,0.10187588707238764,27.79999999999998,0.12825186394523538,2.0,1.0,40.0,16.9864406779661,0.2780373831775701,6.872881355932203,4.899999999999995,2.0818644067796557,1.899999999999994,1.0558605741470055,2,
2285,200,0.10177406210628372,24.299999999999983,0.12822253923805574,2.0,0.0,39.0,16.70961145194274,0.3679775280898876,3.224948875255624,4.299999999999991,2.191002044989769,1.8999999999999981,1.2225826363332144,2,
2286,200,0.1016723389142504,28.599999999999962,0.12819297663681284,3.0,0.0,41.0,18.164259927797833,0.3173076923076923,6.700361010830325,7.3000000000000105,2.9925992779783392,2.699999999999996,3.47636449831388,2,
2287,200,0.10157071739456447,26.574999999999967,0.1281553079975433,2.0,0.0,38.0,16.328413284132843,0.2860824742268041,5.232472324723247,4.799999999999993,2.235239852398521,2.399999999999994,1.4811063680585996,2,
2288,200,0.10146919744560434,31.274999999999967,0.1281167756345704,2.0,0.0,39.0,17.45648604269294,0.27752293577981646,2.9573070607553364,4.199999999999987,1.5474548440065636,1.4999999999999947,0.5921174503882627,2,
2289,200,0.10136777896585017,32.69999999999994,0.12805810704351706,2.0,1.0,39.0,18.827751196172247,0.2239130434782608,6.586921850079745,5.399999999999992,2.419298245614029,2.3999999999999915,0.9051641704482977,1,
2290,200,0.1012664618538834,23.32499999999996,0.12802976760153073,2.0,0.0,41.0,19.621559633027523,0.47560975609756095,3.091743119266055,6.200000000000004,3.2727064220183513,3.350000000000004,2.9118162497698634,2,
2291,200,0.10116524600838693,22.199999999999967,0.1280065235151076,2.0,0.0,40.0,19.65986394557823,0.46084337349397586,3.943310657596372,5.700000000000016,3.3736961451247214,3.9000000000000044,2.2721542575072147,2,
2292,200,0.10106413132814486,29.22499999999994,0.1279574750756578,2.0,0.0,37.0,18.898387096774194,0.2546728971962616,6.693548387096774,4.699999999999991,2.379354838709672,2.399999999999997,1.1101250523544532,2,
2293,200,0.10096311771204257,28.24999999999995,0.12792490634744702,2.0,0.0,40.0,18.828924162257497,0.3221153846153846,4.791887125220459,6.700000000000004,2.7843033509700144,2.7999999999999954,2.0494778032150522,2,
2294,200,0.10086220505906641,17.77499999999997,0.12787810958071158,4.0,0.0,41.0,14.938189845474614,0.3575949367088608,3.5805739514348787,6.300000000000029,2.518763796909497,1.4999999999999996,3.8435297844139007,3,
2295,200,0.10076139326830373,17.07499999999998,0.12785654845845545,5.0,0.0,43.0,15.195979899497488,0.41666666666666663,2.100502512562814,8.000000000000027,2.899246231155783,2.2499999999999987,4.824024860640299,3,
2296,200,0.10066068223894266,19.524999999999963,0.1278184272440631,5.0,1.0,45.0,18.6438679245283,0.5128205128205128,1.875,7.800000000000028,2.9733490566037744,2.599999999999996,4.365611180642499,3,
2297,200,0.10056007187027226,25.449999999999964,0.12778059050785706,3.0,0.0,41.0,17.633123689727462,0.4111111111111111,2.10062893081761,5.400000000000023,2.5693920335429796,2.7999999999999963,2.3919038535916557,2,
2298,200,0.1004595620616821,14.749999999999979,0.12776540752581797,7.0,0.0,46.0,17.25263157894737,0.5982142857142857,0.0,9.700000000000024,3.635087719298251,3.3999999999999977,9.115582832660348,3,
2299,200,0.1003591527126624,27.349999999999984,0.12772914438531452,3.0,0.0,45.0,16.83587786259542,0.3622448979591837,3.6622137404580153,8.100000000000001,2.3744274809160255,1.9999999999999913,2.5437446235090597,2,
2300,200,0.1002588437228037,26.374999999999957,0.12769454134775848,2.0,0.0,39.0,18.258003766478343,0.34895833333333337,5.184557438794727,5.200000000000003,2.883804143126177,3.199999999999996,1.9081060434104213,2,
2301,200,0.10015863499179714,23.249999999999975,0.12767202158458163,2.0,0.0,38.0,18.413943355119827,0.4207317073170732,2.9215686274509802,5.099999999999992,2.8917211328976045,3.199999999999998,1.8264760774634554,2,
2302,200,0.10005852641943393,16.94999999999999,0.12765482897968433,4.0,0.0,46.0,15.828313253012048,0.5078125,0.4006024096385542,8.700000000000024,3.2722891566265098,2.199999999999999,6.833812180760859,3,
2303,200,0.09995851790560546,30.57499999999996,0.1276167434784172,2.0,0.0,38.0,17.651315789473685,0.26388888888888884,6.266447368421052,3.899999999999987,1.9822368421052574,1.9999999999999993,0.6253440566137235,2,
2304,200,0.09985860935030318,31.77499999999995,0.12755187359688797,2.0,0.0,38.0,18.69129720853859,0.2735849056603774,2.451559934318555,4.099999999999989,2.1060755336617345,2.1999999999999917,0.6055640638481433,1,
2305,200,0.09975880065361863,22.724999999999966,0.12750000183341242,2.0,0.0,43.0,18.952488687782804,0.4783950617283951,1.737556561085973,6.600000000000005,2.972398190045249,3.099999999999996,1.8970759048540413,2,
2306,200,0.09965909171574303,14.199999999999978,0.12747886501562625,2.0,0.0,42.0,16.474683544303797,0.6008771929824561,0.28164556962025317,6.400000000000022,3.0534810126582324,2.799999999999999,4.032781433077989,3,
2307,200,0.09955948243696745,26.949999999999967,0.12743298266397532,2.0,0.0,39.0,16.77992277992278,0.3252688172043011,3.306949806949807,6.200000000000002,2.4222007722007715,2.4000000000000012,2.2510020013193057,2,
2308,200,0.09945997271768262,27.924999999999965,0.12738490234714162,2.0,0.0,40.0,17.01006711409396,0.25917431192660545,6.6610738255033555,5.099999999999991,2.337248322147645,2.29999999999999,1.235428120997138,2,
2309,200,0.09936056245837875,27.174999999999976,0.12735144990531197,3.0,0.0,40.0,16.94736842105263,0.3695652173913043,5.224696356275303,4.899999999999992,2.3576923076923024,2.2999999999999945,1.4300985104595587,2,
2310,200,0.09926125155964566,28.12499999999996,0.1272950909953971,2.0,0.0,38.0,17.383783783783784,0.3257575757575758,2.8954954954954957,4.299999999999987,2.0455855855855805,1.8999999999999941,0.9244294600420707,2,
2311,200,0.09916203992217239,30.624999999999943,0.1272401984952866,2.0,0.0,38.0,18.871175523349436,0.25917431192660545,5.856682769726248,4.99999999999999,2.375523349436387,2.4999999999999947,0.9010135359402535,2,
2312,200,0.09906292744674731,12.72499999999998,0.1272276068091266,3.0,0.0,44.0,17.32116788321168,0.6538461538461539,0.0,7.200000000000031,3.39562043795621,3.799999999999997,4.7617960705961035,3,
2313,200,0.0989639140342579,22.649999999999963,0.12720565803228878,2.0,1.0,40.0,19.72488038277512,0.5031645569620253,3.8205741626794256,5.899999999999999,2.996650717703349,2.799999999999998,2.4427778827057725,2,
2314,200,0.09886499958569081,21.174999999999983,0.1271647631330819,3.0,1.0,46.0,15.1875,0.37209302325581395,1.4245689655172413,8.60000000000002,2.5806034482758613,1.5999999999999968,5.665512157737076,3,
2315,200,0.09876618400213154,28.074999999999946,0.12711794267693874,2.0,1.0,38.0,18.2279792746114,0.30339805825242716,4.407599309153714,4.899999999999996,2.2758203799654537,2.199999999999996,1.1681580360338855,2,
2316,200,0.0986674671847645,16.724999999999984,0.127099202712518,3.0,0.0,48.0,16.192660550458715,0.5576923076923077,0.6146788990825688,9.600000000000028,3.2700305810397583,2.1999999999999975,6.095305626215807,3,
2317,200,0.09856884903487283,27.54999999999996,0.12706917480146787,3.0,0.0,42.0,18.783625730994153,0.36616161616161613,6.0701754385964914,6.9000000000000155,3.4311890838206685,3.6999999999999984,3.163873571254891,2,
2318,200,0.09847032945383845,12.224999999999978,0.12704811833379304,4.0,1.0,42.0,16.156363636363636,0.66,0.8545454545454545,6.300000000000006,2.6436363636363627,3.1999999999999953,3.0929731302232106,3,
2319,200,0.09837190834314173,29.749999999999957,0.1270055590927813,2.0,0.0,39.0,17.22279792746114,0.28846153846153844,3.4870466321243523,4.499999999999996,2.240587219343691,2.1999999999999895,1.234435807182911,2,
2320,200,0.09827358560436154,28.39999999999997,0.1269681129342689,2.0,1.0,41.0,16.611301369863014,0.279126213592233,5.4229452054794525,5.500000000000016,2.1160958904109566,1.799999999999993,1.5713208720001246,2,
2321,200,0.09817536113917512,24.924999999999965,0.12693940210071486,2.0,0.0,40.0,18.42800788954635,0.37765957446808507,5.5325443786982245,6.4,3.0605522682445754,3.099999999999996,2.0253945566586853,2,
2322,200,0.09807723484935806,25.099999999999966,0.12689594854399927,3.0,0.0,40.0,16.204113924050635,0.19907407407407418,6.561708860759493,6.199999999999997,1.9515822784810095,1.5999999999999936,1.6758244768077935,3,
2323,200,0.09797920663678401,27.174999999999976,0.12685115664479138,3.0,0.0,40.0,16.7421875,0.3369565217391305,1.630859375,5.599999999999996,2.370312499999997,2.2999999999999994,1.958110496942505,2,
2324,200,0.09788127640342477,17.52499999999998,0.12682169206233518,3.0,0.0,40.0,15.13053613053613,0.43243243243243246,3.5244755244755246,5.500000000000006,2.2177156177156174,1.6999999999999975,2.138858617691811,3,
2325,200,0.09778344405135005,22.774999999999977,0.1267732940223648,2.0,0.0,40.0,18.75235849056604,0.49683544303797467,2.9764150943396226,5.399999999999996,2.5318396226415048,2.4499999999999957,1.6344906132665786,2,
2326,200,0.09768570948272756,25.84999999999996,0.1267457314574007,2.0,0.0,41.0,18.44516129032258,0.4241573033707865,3.118279569892473,5.800000000000017,2.9595698924731213,3.4000000000000155,2.7182919564895807,2,
2327,200,0.0975880725998227,18.79999999999997,0.12670148885619575,2.0,0.0,42.0,16.951724137931034,0.4642857142857143,3.457471264367816,7.600000000000003,2.780919540229882,2.4999999999999907,3.4976084429036547,3,
2328,200,0.09749053330499859,32.274999999999956,0.1266463399419125,2.0,0.0,38.0,18.528753993610223,0.2410714285714286,6.586261980830671,4.899999999999996,2.2285942492012727,2.299999999999991,0.9494883062200932,1,
2329,200,0.09739309150071584,24.699999999999967,0.12662280099422363,3.0,0.0,41.0,18.433035714285715,0.4558823529411765,2.9464285714285716,5.800000000000001,2.7350446428571393,2.9999999999999982,2.000322018106352,2,
2330,200,0.09729574708953276,30.62499999999997,0.12659255480925027,2.0,0.0,41.0,16.56936936936937,0.31796116504854366,4.036036036036036,5.399999999999997,2.0455855855855827,1.799999999999999,1.5540531257304593,2,
2331,200,0.09719849997410487,13.974999999999978,0.1265714061735647,4.0,0.0,44.0,16.677852348993287,0.5892857142857143,0.7046979865771812,7.8000000000000345,3.406040268456383,3.649999999999997,6.0854011688794785,3,
2332,200,0.09710135005718508,25.449999999999967,0.126544536084108,3.0,0.0,39.0,17.860940695296524,0.3904494382022472,4.292433537832311,5.80000000000001,2.7689161554192223,2.499999999999997,2.290658916025436,2,
2333,200,0.09700429724162336,32.424999999999955,0.1265103307127243,2.0,0.0,36.0,18.634146341463413,0.25,6.136585365853659,5.399999999999995,2.15626016260162,2.0999999999999956,0.9630812428613718,1,
2334,200,0.09690734143036704,27.624999999999964,0.1264801840658608,2.0,0.0,41.0,16.8375,0.303921568627451,5.542857142857143,5.800000000000011,2.3353571428571422,1.7999999999999972,2.627686822980954,2,
2335,200,0.09681048252646021,19.049999999999983,0.1264520830254636,3.0,0.0,39.0,15.350104821802935,0.3734567901234568,3.348008385744235,4.499999999999998,2.053668763102722,1.999999999999996,1.2837919728560883,3,
2336,200,0.09671372043304398,22.84999999999997,0.12640868172011357,2.0,0.0,42.0,16.600389863547758,0.3666666666666667,2.3196881091617936,6.300000000000006,2.3165692007797243,1.9999999999999996,2.3325413424124553,3,
2337,200,0.09661705505335619,12.399999999999984,0.12638562173585396,4.0,0.0,44.0,18.917857142857144,0.6650943396226415,1.0107142857142857,8.200000000000037,4.243214285714297,5.2000000000000135,7.009043355144901,3,
2338,200,0.09652048629073155,29.599999999999966,0.12633686849126477,3.0,0.0,45.0,17.247349823321557,0.33571428571428574,2.1996466431095407,7.8000000000000105,2.1128975265017638,1.799999999999989,2.0997518690203107,2,
2339,200,0.09642401404860125,25.924999999999976,0.12629484733643115,2.0,0.0,39.0,17.641618497109828,0.3682795698924731,2.7976878612716765,6.300000000000002,2.4545279383429657,2.1999999999999944,2.0113501633501714,2,
2340,200,0.09632763823049303,32.72499999999997,0.12624570685118275,2.0,0.0,39.0,16.545031055900623,0.20217391304347831,6.4270186335403725,4.999999999999996,1.8807453416149038,1.7999999999999945,1.1944458027415066,2,
2341,200,0.09623135874003103,27.774999999999974,0.12622512093031374,2.0,0.0,45.0,17.55486542443064,0.40957446808510634,2.3271221532091095,9.300000000000011,2.626293995859211,2.099999999999996,5.117363687802213,2,
2342,200,0.09613517548093582,23.27499999999998,0.12618604583330725,2.0,0.0,38.0,17.853711790393014,0.4186746987951807,2.685589519650655,5.199999999999992,2.5430131004366805,2.699999999999995,1.5377423568503499,2,
2343,200,0.09603908835702411,19.824999999999967,0.12615495855772677,3.0,0.0,44.0,17.267441860465116,0.4807692307692307,1.830232558139535,7.400000000000026,2.680000000000001,2.299999999999999,3.573572815428986,3,
2344,200,0.09594309727220877,23.09999999999997,0.1261341138000585,3.0,0.0,43.0,20.093023255813954,0.49404761904761907,4.411627906976745,7.0000000000000355,3.443255813953493,3.6999999999999957,3.5408922709155006,2,
2345,200,0.09584720213049865,22.024999999999974,0.12611414148265118,3.0,0.0,40.0,17.354297693920337,0.4107142857142857,4.109014675052411,6.300000000000022,2.438574423480087,1.6999999999999997,3.142634840547129,2,
2346,200,0.09575140283599869,25.44999999999997,0.1260901904082909,3.0,0.0,44.0,18.761006289308177,0.4184782608695652,4.232704402515723,7.700000000000026,3.2825995807127892,3.3999999999999986,4.011433933406016,2,
2347,200,0.09565569929290954,16.849999999999977,0.12606659326233893,3.0,0.0,44.0,16.12215909090909,0.5576923076923077,0.0,7.400000000000023,2.736079545454547,2.0499999999999963,3.81012106244403,3,
2348,200,0.09556009140552765,25.324999999999964,0.12601797456886868,2.0,0.0,38.0,16.134686346863468,0.2973684210526316,5.557195571955719,4.399999999999996,2.0791512915129102,2.099999999999998,1.0163031082879692,2,
2349,200,0.0954645790782451,15.599999999999982,0.12599547216913154,3.0,0.0,42.0,14.447976878612717,0.4838709677419355,0.7745664739884393,6.700000000000006,2.4705202312138717,1.9999999999999984,3.6592193125339385,3,
2350,200,0.09536916221554961,17.29999999999998,0.1259771227338282,3.0,0.0,44.0,16.11731843575419,0.5757575757575758,1.0642458100558658,7.40000000000001,2.283798882681563,1.599999999999999,3.6881461888376563,3,
2351,200,0.09527384072202429,25.174999999999972,0.12592578612565672,3.0,0.0,41.0,15.436395759717314,0.2755102040816326,3.1519434628975267,5.899999999999997,1.8277385159010562,1.5999999999999959,1.303245243557926,3,
2352,200,0.09517861450234763,29.024999999999963,0.1258893276537406,2.0,0.0,39.0,17.074013157894736,0.25,5.376644736842105,5.200000000000006,2.1569078947368405,1.8999999999999948,1.6853844718026982,2,
2353,200,0.09508348346129337,21.59999999999995,0.12583776739461755,3.0,0.0,39.0,16.877477477477477,0.2872340425531915,4.736936936936937,6.000000000000008,2.4899099099099096,2.1999999999999975,2.3831491701945446,3,
2354,200,0.09498844750373053,23.82499999999998,0.12581264664623348,2.0,0.0,40.0,18.144373673036092,0.42613636363636365,5.418259023354564,5.700000000000017,2.727600849256903,2.0999999999999948,2.641543094121921,2,
2355,200,0.09489350653462311,20.67499999999998,0.12578014041239824,4.0,1.0,46.0,15.882591093117409,0.32065217391304346,5.253036437246964,9.000000000000021,2.957692307692308,1.899999999999999,6.219429876861957,3,
2356,200,0.09479866045903014,29.624999999999957,0.1257422075143274,3.0,0.0,42.0,17.517690875232773,0.3529411764705882,3.51024208566108,7.500000000000002,2.405214152700183,1.9999999999999911,2.693538950230266,2,
2357,200,0.09470390918210547,26.49999999999995,0.12570470343615991,2.0,0.0,39.0,18.34328358208955,0.27884615384615385,7.932006633499171,6.2000000000000135,2.3394693200663332,1.9999999999999925,2.255662306659932,2,
2358,200,0.09460925260909793,18.449999999999974,0.12566814154186107,3.0,0.0,44.0,16.49095607235142,0.5105633802816901,0.32299741602067183,7.500000000000031,2.9413436692506494,1.999999999999997,5.415846242187957,3,
2359,200,0.09451469064535088,15.074999999999983,0.12564423245954898,3.0,0.0,41.0,14.291176470588235,0.4916666666666667,1.3235294117647058,6.100000000000019,2.335000000000002,1.3999999999999995,4.2206644521146535,3,
2360,200,0.09442022319630235,27.02499999999997,0.125613483901347,2.0,0.0,38.0,17.392380952380954,0.35106382978723405,3.059047619047619,5.100000000000001,2.3927619047619024,2.4999999999999956,1.4476100049342566,2,
2361,200,0.09432585016748485,13.374999999999975,0.125593431173392,3.0,1.0,43.0,16.5968253968254,0.5086206896551724,0.8952380952380953,7.700000000000044,3.647936507936521,4.400000000000002,6.8419932677578705,3,
2362,200,0.0942315714645254,30.09999999999994,0.1255450855474305,2.0,1.0,40.0,19.167504187604692,0.2954545454545454,2.6666666666666665,5.700000000000015,2.5835845896147385,2.399999999999996,2.0665035016049087,2,
2363,200,0.09413738699314529,20.049999999999976,0.12549578967699204,3.0,0.0,44.0,16.883435582822084,0.4147727272727273,3.8916155419222904,7.200000000000009,2.4130879345603238,2.1999999999999935,2.671987119437943,3,
2364,200,0.09404329665916,11.27499999999998,0.1254783021670313,3.0,0.0,42.0,17.3574144486692,0.6770833333333334,0.049429657794676805,6.800000000000021,3.2136882129277606,3.3999999999999964,3.9439761161230837,3,
2365,200,0.09394930036847918,24.849999999999973,0.1254471240218862,2.0,0.0,39.0,17.21484375,0.3586956521739131,4.720703125,5.299999999999994,2.478124999999997,2.599999999999995,1.67538725047016,2,
2366,200,0.09385539802710659,22.54999999999997,0.12542803829857233,2.0,1.0,40.0,18.52043010752688,0.4224137931034483,6.58494623655914,5.700000000000001,3.0047311827957013,3.1999999999999904,2.0675140594938743,2,
2367,200,0.09376158954113986,26.774999999999967,0.12539585009011164,2.0,0.0,42.0,17.477582846003898,0.38829787234042556,2.5964912280701755,6.4999999999999964,2.3773879142300167,1.8999999999999924,2.361446984435803,2,
2368,200,0.09366787481677047,21.424999999999983,0.12535491197584397,2.0,0.0,40.0,16.368098159509202,0.3928571428571429,3.8425357873210633,5.600000000000005,2.1995910020449863,1.9999999999999942,1.4646276346604232,3,
2369,200,0.09357425376028367,27.624999999999975,0.12532606952735548,2.0,0.0,41.0,17.924151696606785,0.38541666666666663,3.7425149700598803,5.6000000000000165,2.760079840319362,2.5999999999999988,2.19685824701196,2,
2370,200,0.09348072627805847,18.224999999999994,0.12529081689939614,3.0,0.0,43.0,14.644859813084112,0.3668831168831169,2.7242990654205608,6.9000000000000306,2.6350467289719655,1.8999999999999986,3.0123863022223922,3,
2371,200,0.09338729227656732,13.424999999999978,0.12527304054033375,3.0,0.0,43.0,16.551369863013697,0.5740740740740741,0.7226027397260274,7.0000000000000195,3.3208904109589117,3.8499999999999988,5.788090379179757,3,
2372,200,0.09329395166237625,33.04999999999995,0.12522566498396617,2.0,0.0,39.0,18.682108626198083,0.24122807017543857,4.0702875399361025,5.199999999999992,2.320607028753989,2.199999999999992,1.1985720191387539,1,
2373,200,0.09320070434214457,20.19999999999999,0.1251964885888196,2.0,0.0,39.0,14.512141280353202,0.3798701298701299,1.5408388520971303,4.499999999999989,1.7863134657836606,1.5999999999999956,1.1493547035203235,3,
2374,200,0.09310755022262504,21.87499999999997,0.1251660345274166,2.0,0.0,40.0,18.293064876957494,0.47435897435897434,1.9351230425055927,5.000000000000017,2.6069351230425086,2.9000000000000186,2.127099015054466,2,
2375,200,0.09301448921066349,18.124999999999986,0.12513415979890535,3.0,1.0,46.0,15.720101781170483,0.46621621621621623,1.0025445292620865,8.400000000000038,3.0727735368956797,2.3999999999999986,4.692647881487663,3,
2376,200,0.0929215212131989,20.049999999999976,0.125094138508596,3.0,1.0,42.0,16.224400871459697,0.41666666666666663,1.056644880174292,6.60000000000003,2.3623093681917227,1.7999999999999936,3.4801863489652827,3,
2377,200,0.09282864613726323,27.649999999999963,0.12505975915199705,3.0,0.0,40.0,17.49905838041431,0.3520408163265306,4.564971751412429,5.200000000000013,2.4284369114877586,2.299999999999996,2.180234856007948,2,
2378,200,0.09273586388998147,32.84999999999995,0.12502459088102338,2.0,0.0,44.0,19.70692431561997,0.2760869565217391,7.892109500805153,7.900000000000002,2.876972624798706,2.7999999999999976,2.1208762057877797,1,
2379,200,0.09264317437857132,21.37499999999998,0.12498934113318194,3.0,1.0,44.0,15.453416149068323,0.36494252873563215,3.0766045548654244,7.200000000000023,2.3840579710144936,1.7999999999999998,3.1320367099893875,3,
2380,200,0.09255057751034329,29.22499999999997,0.12495627895089087,2.0,0.0,41.0,16.695238095238096,0.34090909090909094,3.281904761904762,5.600000000000007,2.299047619047617,2.099999999999998,2.204559472324616,2,
2381,200,0.09245807319270043,23.824999999999967,0.12492618360980279,2.0,0.0,39.0,16.363963963963965,0.2978723404255319,3.7765765765765766,4.899999999999997,2.0272072072072054,1.7999999999999994,1.8991758434407677,3,
2382,200,0.0923656613331385,23.424999999999965,0.12489239608584539,3.0,0.0,39.0,17.685344827586206,0.42261904761904767,1.3491379310344827,5.100000000000003,2.4887931034482746,2.599999999999988,1.7604860307949601,2,
2383,200,0.09227334183924561,13.124999999999979,0.12487753479532478,2.0,0.0,42.0,15.874564459930314,0.5865384615384616,0.059233449477351915,6.300000000000027,2.8383275261324084,2.6999999999999984,4.986396416083943,3,
2384,200,0.09218111461870225,27.29999999999995,0.12484996087302136,3.0,0.0,42.0,17.941176470588236,0.3276699029126213,5.83065953654189,6.300000000000013,2.5985739750445607,2.499999999999987,1.823461870869351,2,
2385,200,0.09208897957928115,18.54999999999997,0.12481018746758646,2.0,0.0,42.0,18.349887133182843,0.47435897435897434,2.474040632054176,8.300000000000004,3.1634311512415354,2.699999999999998,4.784511026863974,3,
2386,200,0.09199693662884734,24.949999999999964,0.12479236214205355,2.0,0.0,43.0,19.99782135076253,0.43333333333333335,4.302832244008715,7.0000000000000355,3.843355119825716,4.6,3.758857129295643,2,
2387,200,0.09190498567535783,22.899999999999956,0.12474506261972043,2.0,0.0,40.0,19.706422018348626,0.4695121951219512,2.614678899082569,7.000000000000016,3.3236238532110147,2.899999999999991,3.737695520660756,2,
2388,200,0.09181312662686165,31.14999999999996,0.124703891250472,2.0,0.0,39.0,17.700657894736842,0.26363636363636367,3.4851973684210527,4.8999999999999915,2.159868421052626,2.0999999999999996,1.0439843857783948,2,
2389,200,0.09172135939149971,26.399999999999967,0.12467536012122761,2.0,0.0,44.0,17.534450651769088,0.37244897959183676,5.353817504655494,7.200000000000016,2.289013035381749,1.7999999999999958,2.3862748987405076,2,
2390,200,0.09162968387750484,22.199999999999967,0.12464055098641089,2.0,0.0,44.0,15.72929292929293,0.3398876404494382,2.3737373737373737,8.100000000000017,2.562626262626261,1.999999999999996,4.062195540028747,3,
2391,200,0.09153809999320149,13.674999999999988,0.12460444530588329,3.0,0.0,40.0,14.059190031152648,0.5267857142857143,0.7165109034267912,4.899999999999997,2.016199376947037,1.8999999999999972,1.683990683229807,3,
2392,200,0.09144660764700575,24.099999999999966,0.12457588948283067,2.0,0.0,40.0,17.518099547511312,0.4722222222222222,0.9343891402714932,4.8999999999999915,2.0791855203619884,2.099999999999995,1.4487596934936466,2,
2393,200,0.09135520674742525,21.24999999999996,0.12454743993481956,4.0,0.0,37.0,18.925581395348836,0.4766666666666667,1.3627906976744186,4.999999999999999,2.751162790697675,3.1000000000000005,1.8849274468764041,2,
2394,200,0.09126389720305915,25.474999999999973,0.12451891973973021,2.0,0.0,39.0,18.076433121019107,0.42441860465116277,2.462845010615711,5.199999999999997,2.6868365180467078,2.799999999999994,1.9004722322394518,2,
2395,200,0.09117267892259785,18.949999999999974,0.12448966280305973,3.0,0.0,46.0,16.814432989690722,0.5308219178082192,0.9510309278350515,8.400000000000018,2.814690721649484,2.1999999999999984,4.544273131264837,3,
2396,200,0.09108155181482308,23.874999999999982,0.12445603076461488,3.0,1.0,42.0,15.884083044982699,0.25495049504950495,4.615916955017301,6.7000000000000135,2.1437716262975743,1.6999999999999982,2.1810836528647157,3,
2397,200,0.09099051578860767,15.049999999999983,0.12444078269435428,3.0,0.0,46.0,16.6890243902439,0.49603174603174605,1.2926829268292683,8.600000000000025,3.817987804878057,3.849999999999998,9.302781201491008,3,
2398,200,0.09089957075291567,24.67499999999998,0.12440544377503515,2.0,0.0,40.0,17.902654867256636,0.43823529411764706,2.066371681415929,5.099999999999991,2.484513274336278,2.4999999999999925,1.1027301605947974,2,
2399,200,0.090808716616802,30.12499999999997,0.1243646674557677,3.0,0.0,39.0,15.886986301369863,0.25,4.957191780821918,4.799999999999992,1.9280821917808182,1.7999999999999947,1.2582561756901325,2,
2400,200,0.09071795328941251,28.29999999999997,0.12432501997426199,2.0,0.0,40.0,17.249544626593806,0.3044554455445545,2.431693989071038,5.900000000000001,2.702367941712206,2.5999999999999983,2.9028637690776495,2,
2401,200,0.09062728067998384,13.04999999999998,0.12431238504410735,3.0,0.0,44.0,16.90671641791045,0.6715686274509803,0.0,7.3000000000000265,3.0138059701492574,2.899999999999997,4.252890995920551,3,
2402,200,0.09053669869784343,14.524999999999979,0.12429835250404132,3.0,0.0,45.0,17.666666666666668,0.5921052631578947,0.3501683501683502,8.800000000000015,3.985185185185192,3.2999999999999976,8.954090785416339,3,
2403,200,0.09044620725240926,25.499999999999954,0.12426955026969654,2.0,0.0,41.0,18.106666666666666,0.3736559139784946,3.340952380952381,6.100000000000004,2.7059047619047614,2.2999999999999994,2.7710037587438134,2,
2404,200,0.0903558062531899,25.84999999999998,0.1242441219817079,2.0,1.0,41.0,18.597979797979797,0.3951612903225806,4.961616161616162,6.999999999999998,3.158989898989902,3.0999999999999943,3.1428764529189155,2,
2405,200,0.09026549560978427,24.849999999999973,0.12421963492905067,2.0,1.0,39.0,17.30718954248366,0.44277108433734935,3.0435729847494555,4.39999999999999,2.1387799564270087,1.999999999999988,0.8742736852097907,2,
2406,200,0.0901752752318818,25.799999999999976,0.12419627665886135,3.0,0.0,39.0,16.892561983471076,0.3879310344827587,2.144628099173554,5.6,2.240289256198346,2.399999999999989,2.0408854880365417,2,
2407,200,0.0900851450292621,31.72499999999996,0.12414713366121682,2.0,0.0,37.0,18.058451816745656,0.23623853211009171,3.9304897314375986,4.299999999999994,2.020537124802522,2.0999999999999983,0.9866265024158402,2,
2408,200,0.08999510491179491,29.449999999999967,0.12410994401392635,2.0,0.0,41.0,17.112456747404845,0.27293577981651373,5.581314878892734,6.200000000000001,2.6005190311418658,2.499999999999995,2.6709592825734916,2,
2409,200,0.08990515478944011,21.874999999999986,0.12408251408869042,4.0,0.0,43.0,13.944664031620553,0.25,6.132411067193676,6.900000000000005,2.0420948616600763,1.5999999999999959,2.3114583943601454,3,
2410,200,0.08981529457224763,18.02499999999999,0.12406310359569629,3.0,0.0,43.0,14.235751295336788,0.4,3.0440414507772022,7.100000000000017,2.551036269430052,1.7499999999999982,3.625113929997663,3,
2411,200,0.0897255241703572,31.574999999999957,0.12403346559530525,2.0,0.0,38.0,18.928229665071772,0.2364864864864864,8.709728867623605,5.2000000000000135,2.479585326953746,2.2999999999999945,1.4410223133432472,1,
2412,200,0.08963584349399842,21.649999999999963,0.12401283280340278,2.0,1.0,39.0,20.62735849056604,0.4967532467532467,4.044811320754717,6.5000000000000115,3.6568396226415167,4.000000000000007,2.0423230705048114,2,
2413,200,0.08954625245349057,25.474999999999973,0.12399271083371169,2.0,0.0,41.0,18.479028697571742,0.4476744186046512,3.7240618101545255,6.000000000000011,2.8233995584988967,2.6999999999999917,2.5451160773459254,2,
2414,200,0.08945675095924267,25.87499999999996,0.12395746107361064,2.0,1.0,42.0,18.55,0.3788659793814433,3.088,6.500000000000001,3.264800000000006,3.600000000000027,3.1783336733347154,2,
2415,200,0.08936733892175319,30.29999999999997,0.12392990096026354,2.0,0.0,41.0,17.252354048964218,0.36111111111111116,1.344632768361582,5.900000000000001,2.1595103578154387,1.6999999999999953,2.006371471130652,2,
2416,200,0.08927801625161007,23.199999999999967,0.12390660134091225,3.0,0.0,40.0,20.24716553287982,0.4668674698795181,3.1519274376417235,6.90000000000002,3.702947845804998,4.300000000000004,2.96501789387086,2,
2417,200,0.08918878285949061,29.574999999999946,0.12387218754595782,2.0,0.0,40.0,17.834205933682373,0.3076923076923077,2.0034904013961605,5.400000000000004,2.415357766143102,2.2999999999999923,1.6389663385395086,2,
2418,200,0.08909963865616147,24.324999999999967,0.12384692088387876,2.0,0.0,42.0,19.361290322580643,0.4277777777777778,3.0344086021505374,6.600000000000032,3.5092473118279632,4.000000000000023,2.9697561787775886,2,
2419,200,0.08901058355247843,26.37499999999997,0.12383071687010996,2.0,0.0,41.0,18.161290322580644,0.4129213483146067,1.0150537634408603,7.300000000000004,2.8176344086021508,2.799999999999994,3.3529948571851462,2,
2420,200,0.08892161745938634,22.44999999999996,0.12379487663460159,2.0,0.0,39.0,19.214622641509433,0.4967532467532467,2.681603773584906,5.399999999999998,2.8091981132075428,3.0999999999999934,1.514711556111802,2,
2421,200,0.08883274028791908,22.79999999999997,0.12375065795189485,3.0,1.0,42.0,17.330324909747294,0.3118556701030928,5.283393501805054,7.100000000000019,2.4662454873646187,2.0999999999999943,2.371449587019224,3,
2422,200,0.08874395194919957,25.774999999999963,0.12372507586333512,2.0,0.0,42.0,17.8766859344894,0.3427835051546392,4.1233140655105975,6.100000000000025,3.073025048169558,3.199999999999998,2.7576640926641036,2,
2423,200,0.08865525235443938,18.599999999999977,0.1237118672419888,3.0,0.0,46.0,16.093333333333334,0.5316901408450704,1.8906666666666667,8.500000000000016,2.8194666666666657,2.2999999999999994,5.031096825577444,3,
2424,200,0.08856664141493896,32.049999999999955,0.12368020667205903,2.0,0.0,39.0,19.401626016260163,0.2637614678899083,5.287804878048781,5.099999999999996,2.6167479674796703,2.6999999999999904,1.1083891027539226,1,
2425,200,0.08847811904208727,23.67499999999996,0.12366118307100969,2.0,0.0,40.0,19.335570469798657,0.4512195121951219,3.098434004474273,5.600000000000019,3.2767337807606323,3.6000000000000263,2.2039439862267893,2,
2426,200,0.08838968514736205,28.174999999999976,0.1236397502227336,2.0,0.0,40.0,16.82248520710059,0.3829787234042553,1.5877712031558184,4.8999999999999915,1.999013806706111,1.6999999999999926,1.5601037160374682,2,
2427,200,0.08830133964232935,19.099999999999984,0.12362031122232396,3.0,0.0,44.0,14.654320987654321,0.43918918918918914,1.6839506172839507,7.30000000000001,2.3461728395061705,1.9999999999999973,3.167442935180221,3,
2428,200,0.08821308243864363,29.599999999999962,0.12358708841989485,2.0,0.0,41.0,17.428813559322034,0.2772727272727272,5.386440677966101,5.699999999999999,2.4571186440677977,2.0999999999999996,2.5307616798669494,2,
2429,200,0.08812491344804767,22.52499999999997,0.12356793421295084,3.0,0.0,38.0,19.490950226244344,0.45625000000000004,2.66289592760181,6.300000000000003,3.2873303167420826,3.4999999999999956,1.9884921914589826,2,
2430,200,0.08803683258237255,33.374999999999964,0.12353489020483618,2.0,0.0,39.0,19.00650406504065,0.25900900900900903,4.190243902439025,4.800000000000001,2.3796747967479623,2.4999999999999947,1.0298822919751243,1,
2431,200,0.08794883975353733,35.77499999999996,0.12350175734478805,2.0,0.0,39.0,17.86858006042296,0.19166666666666665,5.146525679758308,4.999999999999998,2.1173716012084554,1.9999999999999907,1.419384245726684,1,
2432,200,0.0878609348735492,32.69999999999995,0.12345471076125276,2.0,1.0,38.0,18.88617886178862,0.25917431192660545,4.946341463414634,4.899999999999996,2.3074796747967437,2.299999999999998,0.832466580650618,1,
2433,200,0.08777311785450327,28.94999999999997,0.12342649961308455,2.0,0.0,40.0,17.474452554744527,0.3044554455445545,3.9963503649635035,6.200000000000003,2.83102189781022,2.7999999999999976,2.785725750325516,2,
2434,200,0.08768538860858248,24.24999999999997,0.12339999550955393,3.0,0.0,41.0,18.75698924731183,0.4224137931034483,3.1440860215053763,6.299999999999999,3.1686021505376396,3.699999999999998,3.265695944946005,2,
2435,200,0.08759774704805763,16.424999999999983,0.12337849656379213,5.0,0.0,44.0,16.513736263736263,0.5335820895522388,0.40384615384615385,7.600000000000024,3.135439560439562,2.7999999999999963,3.774789010906096,3,
2436,200,0.08751019308528712,26.924999999999955,0.12333387802972551,2.0,0.0,39.0,18.75041876046901,0.2941176470588235,5.001675041876047,5.799999999999999,2.3333333333333304,2.1999999999999975,1.659580312450908,2,
2437,200,0.08742272663271701,24.07499999999996,0.12330007082162746,2.0,1.0,42.0,18.899553571428573,0.45833333333333337,1.1316964285714286,6.4000000000000075,3.031026785714289,3.2000000000000197,3.222959646841362,2,
2438,200,0.08733534760288077,27.474999999999973,0.12327546239738763,2.0,0.0,43.0,18.33140655105973,0.3391089108910891,4.0789980732177264,7.50000000000002,3.358574181117536,3.4999999999999987,4.036969408969427,2,
2439,200,0.08724805590839944,22.274999999999967,0.1232512110992671,2.0,0.0,39.0,19.532558139534885,0.4902597402597403,2.0186046511627906,5.999999999999999,3.1069767441860447,3.1999999999999935,1.7757748825034239,2,
2440,74,0.0871608514619813,0.1750000000000027,0.12324012153961139,1.0,0.0,11.0,4.28169014084507,0,0.1267605633802817,1.6999999999999993,0.6999999999999996,0.6999999999999991,0.15747259832366206,4,
2441,200,0.08707373417642188,21.124999999999982,0.12319765355793251,2.0,0.0,39.0,15.038383838383838,0.3571428571428571,1.9252525252525252,4.999999999999998,1.7698989898989872,1.4999999999999947,1.4462715489094964,3,
2442,200,0.08698670396460385,31.849999999999987,0.12315109857719769,2.0,0.0,38.0,15.805900621118013,0.1964285714285714,3.6133540372670807,3.599999999999992,1.4372670807453378,1.3999999999999944,0.49547571340735497,2,
2443,200,0.08689976073949708,34.174999999999955,0.12311992821697779,2.0,0.0,37.0,18.562695924764892,0.21491228070175428,6.981191222570533,5.800000000000009,2.3700626959247644,1.9999999999999976,1.8355189255189273,1,
2444,200,0.08681290441415829,30.749999999999964,0.12308795111433342,2.0,1.0,41.0,17.340989399293285,0.3113207547169812,2.980565371024735,5.400000000000001,2.296289752650172,1.999999999999998,1.5506447846919797,2,
2445,200,0.08672613490173114,27.874999999999964,0.12306040856435675,2.0,0.0,42.0,18.646484375,0.35,2.783203125,7.900000000000022,3.484765625000008,3.9499999999999984,5.725024128052285,2,
2446,200,0.0866394521154461,26.324999999999974,0.12303640223012657,3.0,1.0,42.0,17.2020202020202,0.3904494382022472,2.8525252525252527,6.199999999999997,2.4923232323232276,2.799999999999996,1.833807137260017,2,
2447,200,0.08655285596862042,29.549999999999976,0.12299896450325756,3.0,1.0,43.0,16.051785714285714,0.3088235294117647,2.1392857142857142,7.399999999999997,1.9346428571428531,1.6999999999999968,1.4985903654029493,2,
2448,200,0.08646634637465792,22.549999999999976,0.12297317656275954,4.0,0.0,45.0,16.96687370600414,0.4204545454545454,2.5424430641821947,8.100000000000005,2.571635610766044,2.099999999999996,3.53215056068037,3,
2449,200,0.086379923247049,15.849999999999977,0.12296149065525777,5.0,0.0,45.0,16.226744186046513,0.4807692307692307,1.625,9.100000000000021,3.6011627906976784,2.299999999999999,9.11100587315676,3,
2450,200,0.0862935864993705,32.24999999999997,0.12292681760767421,2.0,1.0,40.0,16.63225806451613,0.2192982456140351,3.435483870967742,5.700000000000006,2.233225806451612,1.6,2.4269346174157613,2,
2451,200,0.08620733604528572,21.924999999999958,0.12290065427081881,2.0,0.0,42.0,19.28054298642534,0.490506329113924,1.242081447963801,7.000000000000019,3.1366515837104076,3.099999999999997,3.1399849510910633,2,
2452,200,0.08612117179854416,27.649999999999967,0.1228703624743028,2.0,1.0,38.0,17.06317689530686,0.2954545454545454,5.092057761732852,4.899999999999999,2.5009025270758083,2.399999999999996,1.4749678901324457,2,
2453,200,0.08603509367298158,25.32499999999998,0.12284620853454659,2.0,0.0,40.0,16.949579831932773,0.3936781609195402,1.4600840336134453,4.799999999999989,2.213025210084029,2.2999999999999945,1.2592896833278102,2,
2454,200,0.08594910158251981,22.74999999999997,0.12283137851147656,2.0,1.0,39.0,19.86046511627907,0.4778481012658228,2.6930232558139533,5.600000000000003,3.3120930232558163,3.5500000000000043,1.3052561668803,2,
2455,200,0.08586319544116683,27.399999999999963,0.12281003259716333,2.0,0.0,43.0,19.171548117154813,0.4042553191489362,2.1171548117154813,7.3000000000000265,3.5594142259414254,3.7999999999999963,4.157659694594368,2,
2456,200,0.08577737516301644,35.999999999999964,0.12277708798797651,2.0,0.0,38.0,17.223053892215567,0.18162393162393164,3.3892215568862274,5.200000000000003,1.7556886227544881,1.499999999999994,1.3687880723315506,1,
2457,200,0.08569164066224835,14.074999999999978,0.12274680577125005,5.0,0.0,43.0,16.301639344262295,0.5535714285714286,0.21967213114754097,7.300000000000034,3.3209836065573852,3.7999999999999967,5.954049922600664,3,
2458,200,0.08560599185312803,33.24999999999996,0.12271452426888312,2.0,0.0,41.0,18.47751937984496,0.2286324786324787,5.862015503875969,5.400000000000005,2.377364341085268,2.299999999999999,1.38966150991289,1,
2459,200,0.08552042865000674,23.599999999999966,0.12267285387703544,2.0,0.0,39.0,18.836559139784946,0.41860465116279066,2.789247311827957,5.500000000000014,3.1040860215053785,3.4000000000000044,2.0007022347195593,2,
2460,200,0.08543495096732123,27.149999999999963,0.12265131594572362,3.0,1.0,44.0,20.055187637969095,0.43279569892473113,3.022075055187638,7.700000000000016,3.7982339955849937,3.999999999999997,4.374896787649629,2,
2461,200,0.08534955871959381,22.874999999999968,0.12263336922545431,2.0,1.0,38.0,17.90366972477064,0.46794871794871795,4.360091743119266,5.699999999999999,2.2419724770642167,2.1999999999999957,1.5685447276361837,2,
2462,200,0.08526425182143217,21.224999999999962,0.12260872588980175,2.0,0.0,41.0,18.178494623655915,0.44753086419753085,2.9763440860215056,5.600000000000038,2.7621505376344118,2.299999999999994,2.550321148438686,3,
2463,200,0.0851790301875295,29.59999999999996,0.12257946042233817,2.0,1.0,40.0,18.499162479061976,0.29166666666666663,3.8274706867671693,5.399999999999991,2.3564489112227758,2.299999999999997,1.4400168907544126,2,
2464,200,0.08509389373266411,14.674999999999983,0.12256992832471263,4.0,0.0,46.0,18.424242424242426,0.5948275862068966,0.17845117845117844,9.900000000000034,4.405387205387218,4.600000000000009,10.584737438781158,3,
2465,200,0.08500884237169956,24.849999999999962,0.12254688715462549,4.0,0.0,45.0,19.60217391304348,0.45329670329670335,4.378260869565217,7.9000000000000306,3.5715217391304366,3.399999999999995,3.6707063360413072,2,
2466,200,0.08492387601958441,28.424999999999955,0.122509408801327,2.0,0.0,38.0,17.982905982905983,0.28883495145631066,3.7316239316239317,6.400000000000019,2.3658119658119676,1.8999999999999941,2.513163308242575,2,
2467,200,0.08483899459135241,28.29999999999996,0.12248478121289451,2.0,0.0,40.0,17.880070546737212,0.31862745098039214,2.6278659611992947,5.399999999999999,2.3663139329805976,2.299999999999999,1.767459811874781,2,
2468,200,0.08475419800212207,28.599999999999955,0.12244327853496793,3.0,0.0,41.0,17.019607843137255,0.31930693069306926,3.2887700534759357,6.700000000000008,2.166488413547234,1.6999999999999909,2.5123252414845023,2,
2469,200,0.08466948616709678,25.24999999999997,0.12241861955529612,2.0,0.0,38.0,17.132505175983436,0.3879310344827587,3.219461697722567,4.9999999999999964,2.3480331262939917,2.499999999999998,1.2033708549089497,2,
2470,200,0.08458485900156469,28.224999999999966,0.12239757768295914,2.0,0.0,43.0,18.41106719367589,0.3560606060606061,3.725296442687747,6.800000000000018,3.3345849802371577,3.750000000000006,3.8171784716933415,2,
2471,200,0.08450031642089868,33.849999999999966,0.1223539113655095,2.0,0.0,36.0,18.084664536741215,0.22297297297297303,5.5287539936102235,3.4999999999999947,1.9621405750798666,1.9999999999999891,0.47947843062200773,1,
2472,200,0.08441585834055614,16.02499999999998,0.12234354631149051,5.0,0.0,45.0,17.733532934131738,0.5753968253968254,1.026946107784431,8.600000000000025,3.8652694610778533,3.2499999999999987,7.884133924969814,3,
2473,200,0.08433148467607897,34.49999999999996,0.12230438359143987,2.0,0.0,37.0,17.805882352941175,0.1610169491525424,7.544117647058823,5.800000000000002,2.1394117647058795,1.9000000000000024,1.3032142370550128,1,
2474,200,0.08424719534309347,17.374999999999968,0.12228290117710833,3.0,0.0,45.0,16.939632545931758,0.5176056338028169,1.9658792650918635,8.900000000000025,3.2955380577427835,2.5999999999999988,5.947816340589729,3,
2475,200,0.08416299025731036,18.724999999999973,0.1222498805393496,4.0,0.0,43.0,16.525925925925925,0.5034246575342466,1.5209876543209877,6.8000000000000105,2.4913580246913547,1.9999999999999956,2.955474198897729,3,
2476,200,0.08407886933452453,21.074999999999978,0.12222334566324593,5.0,1.0,43.0,14.947845804988662,0.4082278481012658,1.3015873015873016,6.80000000000001,2.3165532879818582,1.799999999999998,3.1724633895516337,3,
2477,200,0.08399483249061504,22.59999999999996,0.12219340720278227,2.0,0.0,39.0,20.04245283018868,0.4935897435897436,0.09905660377358491,5.400000000000009,3.3058962264151024,4.000000000000045,2.499059324155219,2,
2478,200,0.083910879641545,18.199999999999978,0.12216150153597036,2.0,0.0,43.0,16.454545454545453,0.41455696202531644,1.975,7.500000000000025,3.150909090909094,2.3999999999999924,5.169525875650219,3,
2479,200,0.08382701070336164,23.149999999999974,0.12213835229108282,3.0,0.0,38.0,17.899328859060404,0.4525316455696202,1.749440715883669,5.9,2.4015659955257247,2.2999999999999887,1.6346142296604778,2,
2480,200,0.08374322559219596,36.074999999999974,0.12210814469915274,2.0,0.0,42.0,18.062695924764892,0.23319327731092443,3.0579937304075235,6.700000000000004,2.070062695924762,1.7999999999999898,1.8831052493225535,1,
2481,200,0.08365952422426286,12.099999999999982,0.12209749533689516,4.0,0.0,46.0,19.351464435146443,0.71875,0.029288702928870293,8.600000000000021,3.8828451882845214,3.6999999999999944,6.504296568627478,3,
2482,200,0.0835759065158609,32.99999999999995,0.12207079865136145,2.0,0.0,39.0,19.003134796238246,0.22844827586206895,5.934169278996865,6.400000000000009,2.6343260188087747,2.5999999999999925,2.151099736391495,1,
2483,200,0.08349237238337248,20.67499999999998,0.12203866058155466,5.0,1.0,42.0,15.702928870292887,0.38095238095238093,3.2635983263598325,6.099999999999992,2.356903765690376,2.299999999999993,2.0918338782316397,3,
2484,200,0.08340892174326339,23.974999999999973,0.12201425740033141,2.0,0.0,37.0,17.960167714884697,0.39880952380952384,3.4213836477987423,5.000000000000004,2.765618448637317,2.999999999999989,1.4730801483773464,2,
2485,200,0.083325554512083,25.17499999999997,0.12198958452484873,2.0,0.0,39.0,17.717171717171716,0.37777777777777777,2.735353535353535,4.899999999999997,2.7589898989898987,2.8999999999999972,1.675880566801622,2,
2486,200,0.08324227060646401,25.54999999999997,0.12195178408431384,2.0,0.0,38.0,17.29889298892989,0.3026315789473685,3.632841328413284,6.5000000000000036,2.737822878228789,2.5000000000000293,3.166679840551757,2,
2487,200,0.08315906994312262,23.77499999999996,0.12192705402520221,3.0,0.0,40.0,19.053691275167786,0.4464285714285714,0.8926174496644296,5.3999999999999995,3.1089485458612978,3.199999999999997,1.8299961963484983,2,
2488,200,0.0830759524388581,27.574999999999967,0.12189734073830653,3.0,1.0,42.0,17.86285714285714,0.3382352941176471,5.803809523809524,6.200000000000014,3.046476190476191,3.1999999999999935,2.7901929440106885,2,
2489,200,0.08299291801055293,23.024999999999967,0.12185860916430534,3.0,0.0,41.0,18.486425339366516,0.4642857142857143,1.667420814479638,5.499999999999995,2.684615384615379,2.8999999999999897,1.3007201977856533,2,
2490,200,0.08290996657517266,29.524999999999984,0.12181786491799555,2.0,0.0,39.0,17.04332129963899,0.31930693069306926,2.5342960288808665,5.199999999999991,2.099097472924183,1.7999999999999974,1.1808153071697376,2,
2491,200,0.08282709804976592,27.64999999999997,0.12178719288396866,2.0,0.0,39.0,17.673952641165755,0.33163265306122447,4.264116575591985,5.2,2.4127504553734034,2.5999999999999934,1.5807898473788975,2,
2492,200,0.08274431235146412,22.199999999999964,0.12176774164403532,3.0,0.0,49.0,18.055913978494623,0.452247191011236,2.1268817204301076,10.40000000000003,3.3389247311827974,1.9999999999999925,9.140312083765044,3,
2493,200,0.08266160939748157,16.62499999999998,0.12175291509879517,6.0,0.0,47.0,16.678466076696164,0.5454545454545454,1.9646017699115044,10.400000000000023,3.594985250737466,2.0999999999999988,8.878075704838194,3,
2494,200,0.08257898910511527,28.049999999999958,0.12172844967243678,2.0,0.0,39.0,17.574774774774774,0.3207070707070707,4.493693693693694,4.800000000000002,2.430450450450448,2.199999999999994,1.492356894267982,2,
2495,200,0.08249645139174498,28.74999999999995,0.12169872540289699,2.0,0.0,41.0,18.74585635359116,0.3422330097087378,3.151012891344383,5.999999999999998,3.101841620626151,3.0999999999999983,2.1704643748643444,2,
2496,200,0.08241399617483297,13.824999999999983,0.12168695222709677,3.0,1.0,45.0,16.81290322580645,0.597457627118644,0.3774193548387097,7.800000000000035,3.4522580645161365,3.300000000000005,4.662285351564573,3,
2497,200,0.08233162337192401,27.79999999999998,0.12166670853436018,2.0,0.0,42.0,17.948875255623722,0.39893617021276595,1.049079754601227,6.000000000000005,2.821676891615542,2.8999999999999946,2.0190068584811005,2,
2498,200,0.08224933290064523,14.149999999999986,0.12163262870347977,3.0,1.0,42.0,15.627906976744185,0.5080645161290323,1.0436046511627908,6.700000000000024,2.9906976744186093,3.3999999999999977,3.727968225799663,3,
2499,200,0.08216712467870625,25.224999999999977,0.12160970798106271,2.0,0.0,40.0,18.101910828025478,0.4109195402298851,1.7494692144373674,5.6999999999999975,2.835881104033967,3.099999999999995,1.7326269383339301,2,
2500,200,0.0820849986238988,28.249999999999993,0.12158284541420566,2.0,0.0,35.0,15.187279151943462,0.25,2.6519434628975267,3.599999999999992,1.538339222614837,1.4999999999999967,0.44324880211015677,2,
2501,200,0.08200295465409681,24.74999999999997,0.12155694276291054,2.0,1.0,40.0,17.67102396514161,0.44277108433734935,2.241830065359477,4.899999999999989,2.4028322440087093,2.6999999999999917,1.1827644769318333,2,
2502,200,0.08192099268725626,18.37499999999997,0.12152886292401352,2.0,0.0,42.0,18.29904306220096,0.5067567567567568,0.7894736842105263,6.3000000000000265,2.9033492822966505,2.5999999999999988,3.133930163744922,3,
2503,200,0.08183911264141527,20.124999999999982,0.1215078735435477,3.0,0.0,46.0,15.075,0.3719512195121951,2.147727272727273,8.700000000000035,2.8386363636363683,1.5999999999999968,6.728996534073055,3,
2504,200,0.08175731443469375,24.72499999999998,0.12149140581232597,2.0,0.0,43.0,17.59660297239915,0.44999999999999996,1.4585987261146496,7.10000000000001,2.3989384288747337,2.0999999999999983,2.768227912008659,2,
2505,200,0.08167559798529346,30.249999999999968,0.12146032500552863,2.0,0.0,43.0,17.545283018867924,0.33653846153846156,3.4584905660377356,7.200000000000006,2.8496226415094332,2.699999999999995,3.4549272514320157,2,
2506,200,0.08159396321149794,28.87499999999997,0.12143299770909965,2.0,1.0,42.0,17.471374045801525,0.3341584158415841,3.6087786259541983,6.900000000000013,2.8381679389313006,2.0999999999999974,3.9279849949922787,2,
2507,200,0.08151241003167246,26.12499999999997,0.12141187989637998,2.0,0.0,42.0,18.559748427672957,0.3983516483516484,1.909853249475891,6.500000000000027,3.1895178197065044,3.7999999999999985,3.041287138286296,2,
2508,200,0.08143093836426381,29.77499999999997,0.12137754016244923,2.0,0.0,40.0,16.401396160558463,0.2688679245283019,3.774869109947644,5.500000000000009,2.2509598603839445,1.5999999999999988,2.391022940474167,2,
2509,200,0.0813495481278003,34.574999999999946,0.1213430725725434,2.0,0.0,41.0,18.899390243902438,0.20833333333333326,5.189024390243903,5.900000000000019,2.7042682926829253,2.4999999999999982,2.105535454936279,1,
2510,200,0.08126823924089167,25.07499999999997,0.12131946655880395,2.0,0.0,40.0,17.951781970649897,0.42441860465116277,1.1257861635220126,5.4,2.6423480083857416,2.799999999999997,1.832554322984424,2,
2511,200,0.08118701162222909,27.74999999999997,0.12128576076404964,2.0,0.0,40.0,17.821092278719398,0.3530927835051546,1.9058380414312617,5.099999999999998,2.621657250470806,2.6999999999999904,1.2878406156901667,2,
2512,200,0.0811058651905849,23.274999999999956,0.12127106964936757,2.0,1.0,41.0,20.325688073394495,0.47289156626506024,2.3486238532110093,6.700000000000017,3.695183486238542,4.300000000000017,2.8202439306662703,2,
2513,200,0.08102479986481265,37.924999999999955,0.1212326545671724,2.0,0.0,39.0,17.60387811634349,0.11363636363636354,5.900277008310249,4.599999999999992,1.9713296398891929,1.7999999999999987,1.0717146924031633,1,
2514,200,0.08094381556384699,23.39999999999997,0.12120624213387043,3.0,0.0,41.0,17.40711462450593,0.36363636363636365,3.2964426877470356,6.800000000000005,2.71798418972332,2.3999999999999977,2.8269801003769177,3,
2515,200,0.08086291220670366,26.92499999999996,0.12117735884420464,2.0,0.0,39.0,17.815028901734102,0.35526315789473684,4.938342967244702,5.599999999999995,2.764354527938341,2.7999999999999954,1.883418473418476,2,
2516,200,0.08078208971247929,27.04999999999996,0.12114623868162935,2.0,0.0,42.0,19.076190476190476,0.3589108910891089,4.681904761904762,7.100000000000011,3.5047619047619087,3.4999999999999987,4.474717368589114,2,
2517,200,0.08070134800035135,23.299999999999965,0.1211230113251888,2.0,0.0,39.0,18.68099547511312,0.4537037037037037,1.3733031674208145,5.300000000000008,2.809502262443438,3.0999999999999917,1.7046243147371847,2,
2518,200,0.08062068698957811,22.57499999999997,0.12109617876959591,3.0,0.0,45.0,16.240847784200387,0.32978723404255317,2.699421965317919,8.000000000000027,2.6903660886319845,1.899999999999996,4.853720968220993,3,
2519,200,0.08054010659949862,25.62499999999997,0.12106986823528586,3.0,1.0,41.0,17.793617021276596,0.4224137931034483,3.119148936170213,5.500000000000013,2.6070212765957432,2.849999999999995,1.8647038239195295,2,
2520,200,0.08045960674953244,23.049999999999958,0.12103869867123669,3.0,0.0,39.0,18.408997955010225,0.4051724137931034,1.967280163599182,6.1000000000000005,2.9529652351738256,2.9000000000000097,2.1023364001338303,2,
2521,200,0.0803791873591797,11.574999999999974,0.12102682068291719,3.0,0.0,44.0,20.889795918367348,0.7074468085106383,0.0,8.600000000000037,4.969387755102053,6.500000000000023,8.129035052645674,3,
2522,200,0.08029884834802099,38.124999999999964,0.120990348894485,2.0,0.0,38.0,17.692612137203167,0.07835820895522394,7.725593667546174,4.899999999999995,1.803298153034296,1.5999999999999948,1.0634078595384648,1,
2523,200,0.08021858963571736,27.674999999999972,0.12095736790759073,2.0,0.0,39.0,16.871794871794872,0.3682795698924731,1.1873767258382644,4.899999999999992,2.210848126232736,2.1999999999999953,1.1873622825308823,2,
2524,200,0.08013841114201005,15.299999999999981,0.12094825164416925,5.0,0.0,47.0,16.933566433566433,0.6447368421052632,0.024475524475524476,9.00000000000002,3.2783216783216793,1.999999999999998,7.591790696252849,3,
2525,200,0.08005831278672054,16.24999999999999,0.12093869730429618,4.0,0.0,43.0,14.967647058823529,0.5403225806451613,0.5029411764705882,7.000000000000011,2.5044117647058814,1.899999999999998,3.3859804150555006,3,
2526,200,0.07997829448975048,30.099999999999948,0.12090231566895362,2.0,0.0,39.0,18.760262725779967,0.2727272727272727,4.175697865353038,4.999999999999996,2.5001642036124747,2.4999999999999964,1.2369983822260564,2,
2527,200,0.0798983561710816,30.474999999999945,0.12086707652881211,2.0,0.0,40.0,18.91528239202658,0.277027027027027,6.5066445182724255,5.8,2.8257475083056445,2.999999999999993,1.7632788083983866,2,
2528,200,0.07981849775077554,24.699999999999964,0.12084877509528599,2.0,1.0,44.0,20.03628117913832,0.46590909090909094,4.0,7.600000000000021,3.606349206349208,3.599999999999997,3.1565292060880434,2,
2529,200,0.0797387191489739,27.54999999999997,0.12082255693638749,4.0,1.0,38.0,16.881132075471697,0.31842105263157894,3.3641509433962264,5.800000000000001,2.4511320754716954,2.399999999999997,1.947977351289965,2,
2530,200,0.07965902028589801,26.049999999999958,0.12080049586705571,2.0,0.0,42.0,19.782997762863534,0.4578651685393258,2.7472035794183447,7.200000000000004,3.5008948545861314,3.599999999999992,3.5531266015374916,2,
2531,200,0.07957940108184908,28.52499999999995,0.12077103873624118,2.0,0.0,41.0,18.636515912897824,0.28181818181818186,6.063651591289783,6.100000000000011,2.888107202680065,2.999999999999996,2.1956268658391562,2,
2532,200,0.07949986145720786,36.37499999999996,0.1207403138887617,2.0,1.0,39.0,18.130769230769232,0.20454545454545459,5.704615384615384,5.199999999999994,2.20538461538461,1.8999999999999908,1.275250947339518,1,
2533,200,0.07942040133243472,27.87499999999997,0.1207085607431413,2.0,0.0,42.0,16.98134328358209,0.3242574257425742,2.970149253731343,6.100000000000017,2.552985074626868,1.8999999999999975,3.2057858298961155,2,
2534,200,0.0793410206280695,16.274999999999984,0.12069462358994935,4.0,0.0,45.0,15.828402366863905,0.5234375,1.0739644970414202,8.300000000000027,3.17426035502959,2.2999999999999985,5.670185919487444,3,
2535,200,0.07926171926473155,25.32499999999997,0.12067630474372074,2.0,0.0,41.0,19.112334801762113,0.45114942528735635,3.497797356828194,5.500000000000031,3.1753303964757746,3.5500000000000087,2.028696407345427,2,
2536,200,0.07918249716311948,33.674999999999976,0.12064278446354441,2.0,0.0,40.0,15.91304347826087,0.17672413793103448,4.217391304347826,5.1999999999999895,1.7754658385093143,1.2999999999999985,1.3973206987594438,2,
2537,200,0.07910335424401117,20.249999999999996,0.12060906601099466,2.0,0.0,40.0,12.910313901345292,0.2954545454545454,1.946188340807175,5.199999999999994,1.7154708520179347,1.399999999999997,1.6303293869240585,3,
2538,200,0.07902429042826366,29.474999999999962,0.12057597720521326,4.0,0.0,43.0,17.109060402684563,0.2727272727272727,4.521812080536913,7.300000000000016,2.396644295302011,2.099999999999998,2.664660670298278,2,
2539,200,0.07894530563681319,17.49999999999997,0.12054893470818567,2.0,0.0,42.0,16.666666666666668,0.4797297297297297,3.0743405275779376,6.900000000000025,2.798081534772184,2.3999999999999946,3.4021261961722744,3,
2540,200,0.07886639979067495,30.624999999999947,0.12051974905502483,2.0,1.0,42.0,20.05582922824302,0.29504504504504503,5.684729064039409,7.10000000000002,2.9247947454843977,2.699999999999999,1.99999816652288,2,
2541,200,0.07878757281094306,25.374999999999964,0.12049111146134323,2.0,0.0,42.0,17.351084812623274,0.3586956521739131,2.1913214990138066,6.700000000000017,2.7055226824457574,2.599999999999997,2.733826289253376,2,
2542,200,0.07870882461879052,28.74999999999996,0.12047020526577377,2.0,1.0,41.0,18.00720720720721,0.33333333333333337,3.254054054054054,6.700000000000015,2.561261261261261,2.199999999999995,2.5764716385736306,2,
2543,200,0.07863015513546918,28.624999999999975,0.12043831313934295,2.0,1.0,41.0,16.558704453441294,0.3844086021505376,1.285425101214575,5.499999999999993,2.0516194331983755,1.7999999999999903,1.3724625156227535,2,
2544,200,0.07855156428230954,25.499999999999968,0.12041273382493631,3.0,0.0,40.0,17.898203592814372,0.375,5.588822355289421,5.500000000000012,2.8858283433133742,3.200000000000001,2.202582390438254,2,
2545,200,0.07847305198072073,24.94999999999997,0.12039051191727805,3.0,0.0,41.0,19.04621848739496,0.40384615384615385,4.165966386554622,6.700000000000015,3.4407563025210113,3.799999999999996,2.9249484718084657,2,
2546,200,0.0783946181521904,27.82499999999996,0.12035536395820867,2.0,0.0,36.0,16.45253164556962,0.18457943925233655,5.675632911392405,4.4999999999999964,2.072151898734173,1.9999999999999911,1.141126074362266,2,
2547,200,0.07831626271828479,26.59999999999997,0.12033896074478155,2.0,1.0,43.0,18.3135593220339,0.4185393258426966,0.1504237288135593,6.600000000000025,2.987500000000003,3.500000000000001,2.31398549260941,2,
2548,200,0.07823798560064842,29.749999999999975,0.1203174262057532,2.0,1.0,41.0,17.236462093862816,0.28365384615384615,4.456678700361011,6.400000000000012,2.7998194945848387,2.4999999999999956,3.053385367284116,2,
2549,200,0.07815978672100418,25.549999999999972,0.12029878929590863,2.0,0.0,44.0,18.104,0.3936170212765957,6.58,8.100000000000014,2.9972,2.699999999999993,4.0356483025932315,2,
2550,200,0.07808166600115313,25.874999999999968,0.12027957914721063,2.0,0.0,40.0,18.082774049217,0.4558823529411765,2.534675615212528,5.699999999999995,2.4807606263982085,1.9999999999999978,2.5142733023702744,2,
2551,200,0.07800362336297463,28.99999999999995,0.12025637800863002,2.0,0.0,41.0,19.279187817258883,0.3004587155963303,4.0456852791878175,5.8999999999999995,2.9098138747884947,2.9999999999999947,2.1579470911589658,2,
2552,200,0.077925658728426,31.099999999999966,0.12022819913701509,2.0,0.0,40.0,17.862126245847175,0.26801801801801806,3.191029900332226,4.899999999999995,2.4689368770764073,2.5999999999999925,1.3381915988554143,2,
2553,200,0.07784777201954257,25.624999999999964,0.12020664964289743,2.0,1.0,40.0,18.296680497925312,0.3928571428571429,3.533195020746888,6.000000000000013,3.033817427385892,3.099999999999998,2.54536111362199,2,
2554,200,0.07776996315843764,21.349999999999977,0.12017319386666528,2.0,0.0,36.0,17.26511627906977,0.4894366197183099,0.09069767441860466,3.299999999999995,1.746511627906971,1.6999999999999977,0.5773746748224682,2,
2555,200,0.07769223206730236,27.77499999999998,0.12014243844856777,2.0,0.0,41.0,15.99811320754717,0.328125,2.6528301886792454,6.499999999999999,1.9620754716981095,1.6999999999999975,1.6157184254838899,2,
2556,200,0.07761457866840563,34.87499999999995,0.120116146833508,2.0,0.0,38.0,19.291056910569107,0.25,5.6552845528455284,4.199999999999993,2.5504065040650348,2.699999999999996,0.7514774313634209,1,
2557,200,0.07753700288409404,15.649999999999984,0.12008923966044885,3.0,1.0,42.0,14.451219512195122,0.5466101694915254,0.0,6.600000000000002,2.222865853658533,1.7999999999999974,2.5344702229906177,3,
2558,200,0.07745950463679176,25.174999999999965,0.12007242016832925,2.0,1.0,41.0,19.607064017660043,0.43181818181818177,3.576158940397351,6.500000000000018,3.529359823399561,3.6000000000000005,2.6595262367939,2,
2559,200,0.0773820838490006,19.17499999999998,0.12005326365305277,3.0,0.0,45.0,16.501182033096928,0.46794871794871795,1.3617021276595744,8.100000000000032,2.9491725768321544,2.0,4.959311901994137,3,
2560,200,0.07730474044329974,16.149999999999988,0.12004474994224916,6.0,0.0,48.0,17.544520547945204,0.614406779661017,0.2636986301369863,9.600000000000032,3.8366438356164436,3.549999999999997,8.752903721426694,3,
2561,200,0.07722747434234577,31.17499999999996,0.12002035208730202,2.0,0.0,41.0,19.079674796747966,0.27192982456140347,3.294308943089431,6.9,2.7611382113821104,2.6999999999999966,2.6222202715850957,2,
2562,200,0.07715028546887258,24.474999999999973,0.1200012565434317,3.0,0.0,43.0,18.258064516129032,0.436046511627907,2.7419354838709675,6.700000000000007,2.866666666666671,3.00000000000001,2.861375240491352,2,
2563,200,0.07707317374569124,25.69999999999997,0.11998351119843653,2.0,0.0,41.0,18.288172043010753,0.4297752808988764,2.1440860215053763,6.100000000000003,2.82795698924731,2.5999999999999974,2.651875832470035,2,
2564,200,0.07699613909569011,27.94999999999996,0.11996365423894528,2.0,0.0,43.0,19.502958579881657,0.385,5.500986193293886,7.300000000000033,3.705522682445766,3.900000000000006,3.6898852354424405,2,
2565,200,0.0769191814418345,27.649999999999963,0.11994545635160941,3.0,0.0,44.0,18.335403726708076,0.40263157894736845,3.9420289855072466,7.8,3.0983436853002075,2.3999999999999995,4.240388103974502,2,
2566,200,0.07684230070716673,21.32499999999997,0.11991352102845289,3.0,0.0,44.0,17.086,0.3666666666666667,2.592,8.700000000000024,2.9480000000000035,1.6999999999999977,7.338485353941468,3,
2567,200,0.07676549681480604,21.02499999999998,0.11988965722693025,4.0,1.0,42.0,15.818965517241379,0.37650602409638556,1.5538793103448276,7.000000000000001,2.3387931034482725,2.199999999999992,2.393075175921411,3,
2568,200,0.0766887696879486,26.249999999999964,0.11986710397204625,2.0,0.0,40.0,17.910476190476192,0.359375,2.8838095238095236,5.500000000000001,2.7036190476190485,2.500000000000011,2.131708922299955,2,
2569,200,0.07661211924986724,19.374999999999982,0.11985272637403792,5.0,0.0,48.0,16.325699745547073,0.4671052631578947,1.3689567430025444,10.20000000000003,3.4895674300254496,2.0999999999999996,9.613413964570649,3,
2570,200,0.07653554542391151,27.39999999999997,0.11982767815979094,3.0,0.0,45.0,15.955436720142602,0.29950495049504955,1.1978609625668448,7.800000000000015,2.1023172905525827,1.3999999999999968,3.4183477376715903,3,
2571,200,0.07645904813350755,27.224999999999973,0.11980048419736188,2.0,0.0,41.0,18.045197740112993,0.3582474226804123,4.19774011299435,6.200000000000015,2.756120527306965,2.499999999999992,2.2268772166264816,2,
2572,200,0.07638262730215813,26.699999999999974,0.11978171090726081,3.0,1.0,44.0,17.784274193548388,0.40217391304347827,1.7036290322580645,8.300000000000027,2.803024193548387,2.0999999999999974,4.779748186086248,2,
2573,200,0.07630628285344238,24.799999999999955,0.11976634602543977,3.0,0.0,42.0,21.25229357798165,0.47352941176470587,2.1490825688073394,6.900000000000009,4.251146788990834,4.900000000000003,3.6920135195560375,2,
2574,200,0.07623001471101583,27.27499999999997,0.11973991255499551,2.0,0.0,43.0,17.139312977099237,0.35416666666666663,4.690839694656488,7.000000000000029,2.556488549618322,1.8999999999999981,3.4611346262405798,2,
2575,200,0.07615382279861033,20.92499999999996,0.11971891988455063,5.0,0.0,44.0,16.21161825726141,0.3362068965517241,2.6224066390041494,8.50000000000004,3.1719917012448198,1.9999999999999956,6.249138699138762,3,
2576,200,0.07607770704003398,25.84999999999997,0.11969975860114312,2.0,0.0,39.0,18.363436123348016,0.4285714285714286,1.4823788546255507,5.699999999999994,2.797356828193829,3.0999999999999908,1.884892026295994,2,
2577,200,0.07600166735917104,34.27499999999996,0.1196730829195072,2.0,1.0,40.0,18.216905901116426,0.25442477876106195,4.339712918660287,5.899999999999997,2.052791068580539,1.6999999999999975,1.7306305834232103,1,
2578,200,0.07592570367998178,27.524999999999963,0.11965052270427054,2.0,0.0,40.0,17.947169811320755,0.33163265306122447,3.709433962264151,5.900000000000026,3.036415094339631,3.8000000000000087,3.2805912801398676,2,
2579,200,0.07584981592650249,25.54999999999996,0.1196280124378893,3.0,1.0,39.0,18.81714285714286,0.3521505376344086,4.158095238095238,6.700000000000006,3.3493333333333384,3.4000000000000323,2.5516897657678714,2,
2580,200,0.07577400402284548,25.949999999999967,0.1196078296669065,2.0,0.0,43.0,19.32919254658385,0.42021276595744683,2.250517598343685,7.600000000000004,3.4908902691511408,3.199999999999996,3.6001394842426717,2,
2581,200,0.0756982678931988,12.79999999999998,0.11959001448789408,3.0,1.0,39.0,15.534810126582279,0.5370370370370371,1.2183544303797469,6.300000000000026,2.8920886075949443,3.049999999999997,4.116276100345533,3,
2582,200,0.07562260746182634,17.799999999999983,0.11957129439698605,3.0,1.0,46.0,16.165816326530614,0.3851351351351351,2.8443877551020407,10.000000000000032,3.7678571428571495,1.5999999999999992,11.592511665137422,3,
2583,158,0.0755470226530676,15.199999999999996,0.11954440576415291,2.0,0.0,25.0,14.729559748427674,0,5.40670859538784,4.399999999999998,2.0964360587002053,2.199999999999993,1.018251731655006,4,
2584,200,0.07547151339133784,21.774999999999963,0.1195098278165926,2.0,1.0,39.0,18.8302752293578,0.47435897435897434,3.415137614678899,6.700000000000022,2.797935779816515,2.599999999999989,2.548472447986555,2,
2585,200,0.07539607960112776,17.97499999999998,0.11949187731072601,3.0,0.0,44.0,16.349431818181817,0.5807692307692308,0.5,7.500000000000004,2.507670454545452,2.099999999999998,3.615907847267625,3,
2586,200,0.07532072120700357,27.27499999999997,0.11947311439924427,2.0,1.0,45.0,18.21311475409836,0.40957446808510634,1.5307377049180328,7.900000000000029,3.018032786885246,2.0499999999999963,5.369205561364416,2,
2587,200,0.07524543813360683,25.34999999999996,0.11945130120796045,2.0,0.0,43.0,17.976344086021506,0.4476744186046512,1.9935483870967743,6.6000000000000165,2.6408602150537615,2.3999999999999906,2.4838473064969726,2,
2588,200,0.07517023030565453,30.799999999999958,0.11942803931287456,2.0,0.0,42.0,18.758793969849247,0.29504504504504503,4.363484087102178,6.1,2.6740368509212726,2.6999999999999966,2.5778758613723696,2,
2589,200,0.0750950976479388,28.04999999999997,0.11940133071524242,2.0,0.0,40.0,17.429672447013488,0.36458333333333337,1.9171483622350673,5.8000000000000025,2.4371868978805384,2.199999999999996,1.8476220671220764,2,
2590,200,0.07502004008532698,31.79999999999997,0.11937871646924546,3.0,0.0,40.0,18.686371100164205,0.2772727272727272,2.5582922824302137,6.600000000000017,2.455829228243018,2.2999999999999883,1.6143587144089848,2,
2591,200,0.07494505754276144,19.474999999999987,0.1193652141084194,5.0,1.0,50.0,16.960526315789473,0.4473684210526315,2.223684210526316,11.300000000000042,4.153684210526324,2.049999999999997,12.253255493459182,3,
2592,200,0.07487014994525974,28.52499999999997,0.11933681750669181,2.0,0.0,38.0,16.59800664451827,0.22169811320754707,5.3006644518272426,6.9,2.332392026578076,1.4999999999999996,3.100105490296734,2,
2593,200,0.07479531721791423,24.374999999999968,0.1193207601703449,2.0,0.0,44.0,20.03669724770642,0.4825581395348837,3.18348623853211,7.500000000000041,3.5217889908256943,4.1000000000000085,4.491911254898906,2,
2594,200,0.07472055928589216,34.54999999999996,0.11928198173139408,2.0,0.0,38.0,18.44514106583072,0.21902654867256643,3.8072100313479624,5.299999999999989,2.299529780564258,2.2999999999999954,0.9895163164579619,1,
2595,200,0.07464587607443557,26.77499999999997,0.1192648929573391,2.0,0.0,41.0,17.463562753036438,0.375,1.9048582995951417,6.700000000000009,2.6674089068825895,2.449999999999994,3.186380027455089,2,
2596,200,0.07457126750886131,27.224999999999966,0.11924055613807917,2.0,0.0,40.0,17.626482213438734,0.3467741935483871,2.4071146245059287,6.200000000000014,2.863833992094864,2.999999999999997,3.097380006639729,2,
2597,200,0.07449673351456078,17.349999999999984,0.11922534348156372,3.0,0.0,44.0,15.841040462427745,0.515625,0.10982658959537572,8.400000000000023,3.143352601156072,1.6499999999999984,7.688647203775667,3,
2598,200,0.07442227401699995,34.299999999999955,0.11918184514494265,2.0,0.0,41.0,17.75,0.11046511627906974,7.774324324324325,5.999999999999998,1.9675675675675626,1.6999999999999922,1.3836263397120896,1,
2599,200,0.07434788894171933,26.174999999999972,0.1191643775658113,2.0,0.0,42.0,19.354625550660792,0.4466292134831461,3.8325991189427313,7.100000000000007,3.3603524229074893,3.099999999999996,3.7295915387041356,2,
2600,200,0.07427357821433388,30.899999999999977,0.11913670964820752,2.0,0.0,39.0,16.109634551495017,0.21728971962616828,2.9368770764119603,4.999999999999997,2.0752491694352138,1.8999999999999975,1.737614782438332,2,
2601,200,0.07419934176053282,32.124999999999964,0.11910873091703313,2.0,0.0,40.0,16.723642172523963,0.20132743362831862,5.5095846645367414,5.700000000000007,2.341693290734823,1.7999999999999985,2.221286507177038,2,
2602,200,0.0741251795060797,32.59999999999995,0.11907162008021491,2.0,0.0,37.0,18.559006211180126,0.21017699115044253,5.138198757763975,4.599999999999997,2.4183229813664555,2.549999999999993,1.1907540959890026,1,
2603,200,0.07405109137681225,32.87499999999996,0.1190490930874035,2.0,0.0,36.0,19.48006379585327,0.22297297297297303,5.767145135566188,5.000000000000004,2.8106858054226467,3.000000000000001,1.493047506155757,1,
2604,200,0.07397707729864236,33.89999999999995,0.11902118795502091,3.0,0.0,39.0,19.22360248447205,0.21610169491525433,7.114906832298137,7.700000000000001,2.8170807453416145,2.2999999999999994,3.3413001555210102,1,
2605,200,0.07390313719755595,29.699999999999953,0.1189984628335718,2.0,0.0,41.0,18.793880837359097,0.27314814814814814,4.333333333333333,7.100000000000014,2.3291465378421865,1.6999999999999997,3.0873227362306994,2,
2606,200,0.0738292709996129,35.27499999999997,0.1189761323363922,2.0,0.0,39.0,18.933333333333334,0.2543859649122807,5.287804878048781,4.7,2.3357723577235743,2.4000000000000035,1.1089021320698838,1,
2607,200,0.07375547863094695,28.099999999999966,0.1189584927300989,2.0,0.0,43.0,18.95814977973568,0.4368131868131868,2.592511013215859,6.900000000000008,3.1541850220264314,2.9999999999999964,3.895937510613015,2,
2608,200,0.07368176001776583,25.19999999999997,0.11892225092815766,2.0,0.0,38.0,16.576846307385228,0.375,2.4251497005988023,5.199999999999997,2.0295409181636694,1.5999999999999965,1.681968366533863,2,
2609,200,0.07360811508635084,34.999999999999964,0.11888541850452036,2.0,0.0,39.0,18.334943639291467,0.24557522123893816,2.7713365539452495,4.299999999999993,2.0537842190016047,1.8999999999999986,0.8659983922829525,1,
2610,200,0.0735345437630571,28.574999999999957,0.11885489431936307,2.0,0.0,40.0,18.207253886010363,0.3023809523809524,6.392055267702936,5.7999999999999945,2.5721934369602732,2.3999999999999977,1.9541376327407234,2,
2611,200,0.0734610459743132,26.149999999999974,0.11883091665841376,2.0,0.0,43.0,17.80888030888031,0.36979166666666663,4.183397683397684,7.100000000000039,2.8310810810810842,2.199999999999993,3.6414220547623994,2,
2612,200,0.07338762164662144,26.799999999999965,0.11881111504938292,2.0,0.0,42.0,18.790513833992094,0.3520408163265306,3.7628458498023716,6.500000000000032,3.5622529644268854,4.1,4.0024050227508265,2,
2613,200,0.07331427070655744,25.524999999999967,0.11878741116635566,2.0,1.0,41.0,17.868852459016395,0.3913043478260869,2.0778688524590163,5.6,2.811475409836064,3.1999999999999975,1.9835651688271325,2,
2614,200,0.07324099308077024,15.37499999999998,0.11876326370672054,4.0,0.0,45.0,15.74375,0.5122950819672131,0.415625,8.50000000000003,3.1700000000000057,2.1999999999999975,6.67754021035366,3,
2615,200,0.07316778869598221,33.874999999999964,0.11873547929292692,3.0,0.0,39.0,18.684552845528454,0.26801801801801806,2.856910569105691,4.49999999999999,2.186504065040645,2.1999999999999966,0.7720312830491945,1,
2616,200,0.07309465747898901,22.72499999999997,0.11871264248383309,2.0,1.0,39.0,19.144186046511628,0.4807692307692307,1.458139534883721,6.30000000000002,2.8823255813953508,2.4999999999999973,2.777749149535717,2,
2617,200,0.07302159935665936,36.79999999999995,0.11868429718856381,3.0,0.0,38.0,18.794117647058822,0.15799999999999992,6.752941176470588,4.899999999999994,2.732352941176465,2.9999999999999973,1.2234265212511222,1,
2618,200,0.07294861425593517,34.69999999999996,0.11866416314524184,2.0,0.0,40.0,19.29918699186992,0.2633928571428571,4.315447154471545,6.700000000000003,2.555284552845524,2.399999999999991,1.6982814416853518,1,
2619,200,0.07287570210383128,26.224999999999973,0.11863216936802026,3.0,0.0,43.0,15.928571428571429,0.23584905660377364,3.7740863787375414,6.600000000000016,2.0742524916943506,1.6999999999999922,2.2203564815964594,3,
2620,200,0.07280286282743559,29.849999999999955,0.11859701867406425,2.0,0.0,43.0,19.236180904522612,0.30000000000000004,5.42713567839196,6.700000000000029,2.9604690117252934,2.899999999999997,1.8775380462840499,2,
2621,200,0.0727300963539088,31.649999999999963,0.11856396013610668,2.0,0.0,37.0,16.479591836734695,0.1293103448275863,5.957725947521866,5.199999999999993,1.7931486880466434,1.4999999999999996,1.1573170348176238,2,
2622,200,0.07265740261048442,35.34999999999996,0.11852680374479392,2.0,1.0,38.0,18.264705882352942,0.16129032258064524,5.602941176470588,5.400000000000002,2.414705882352939,2.299999999999993,1.506610524676742,1,
2623,200,0.07258478152446868,23.399999999999963,0.11851224450167974,2.0,0.0,43.0,19.139908256880734,0.4878048780487805,2.330275229357798,8.400000000000013,2.9837155963302755,2.2999999999999967,5.281895631131829,2,
2624,200,0.07251223302324053,29.89999999999997,0.1184772191318232,2.0,0.0,38.0,17.371951219512194,0.1919642857142858,5.060975609756097,5.599999999999995,2.1335365853658503,1.9999999999999938,1.5099153914973207,2,
2625,200,0.07243975703425146,26.599999999999973,0.1184532229493617,2.0,0.0,43.0,16.92153284671533,0.3055555555555556,3.8503649635036497,7.8000000000000345,2.597810218978105,1.599999999999996,4.452747258602183,2,
2626,200,0.07236735348502546,25.99999999999996,0.11843257170960855,2.0,1.0,41.0,18.969162995594715,0.43181818181818177,0.7202643171806168,6.200000000000017,3.1607929515418514,3.1999999999999975,3.395880163986139,2,
2627,200,0.07229502230315894,34.92499999999995,0.11841092863548763,2.0,0.0,41.0,20.533333333333335,0.2542372881355932,4.334959349593496,6.70000000000001,3.2957723577235765,3.499999999999994,2.188475718092989,1,
2628,200,0.07222276341632078,27.399999999999963,0.11839408496339336,3.0,0.0,42.0,19.27176220806794,0.42741935483870963,2.5116772823779194,6.200000000000019,3.404033970276014,4.0000000000000036,3.242949513162665,2,
2629,200,0.07215057675225206,22.99999999999998,0.1183738163568895,3.0,0.0,38.0,17.612200435729847,0.4228395061728395,3.100217864923747,4.599999999999999,2.411982570806096,2.499999999999998,1.156746440098724,2,
2630,200,0.0720784622387661,36.22499999999996,0.11833412778932673,2.0,0.0,37.0,17.544510385756677,0.17016806722689082,5.62759643916914,4.999999999999993,1.9683976261127543,1.8999999999999997,0.8251900500797943,1,
2631,200,0.07200641980374836,37.274999999999956,0.11830880219497943,2.0,1.0,42.0,19.648902821316614,0.22580645161290325,6.667711598746082,6.200000000000009,3.0217868338557965,3.149999999999995,1.5918019717818501,1,
2632,200,0.07193444937515645,32.949999999999946,0.11827816926098808,3.0,0.0,39.0,19.977235772357723,0.25,4.829268292682927,8.100000000000016,2.962113821138212,2.8,3.0458409831211317,1,
2633,200,0.07186255088101991,36.849999999999966,0.11825235048444338,2.0,0.0,39.0,18.401206636500753,0.19166666666666665,4.357466063348416,5.4,2.4417797888386095,2.4999999999999916,1.5417722855166875,1,
2634,200,0.07179072424944025,25.549999999999976,0.11823333895867195,2.0,0.0,40.0,16.62240663900415,0.3936781609195402,1.8029045643153527,5.099999999999994,2.059128630705389,1.9999999999999953,1.0064873904004301,2,
2635,200,0.07171896940859077,35.44999999999995,0.11820961176747881,3.0,0.0,43.0,19.445686900958467,0.25413223140495866,6.0111821086261985,6.700000000000034,2.7787539936102235,2.5999999999999925,2.032541014354085,1,
2636,200,0.07164728628671672,34.22499999999995,0.11817378571984508,2.0,0.0,41.0,18.805637982195847,0.189516129032258,9.468842729970326,6.799999999999996,2.7250741839762562,2.6999999999999904,1.7096569478839885,1,
2637,200,0.07157567481213492,25.29999999999997,0.11816040976107378,2.0,0.0,41.0,19.556291390728475,0.43965517241379315,1.3443708609271523,7.00000000000001,3.4922737306843312,3.7000000000000157,3.5146373435733658,2,
2638,200,0.0715041349132339,28.224999999999966,0.11813937343158931,3.0,0.0,41.0,17.837937384898712,0.3131067961165048,4.92633517495396,5.800000000000024,3.067587476979748,3.5000000000000093,3.022679753635799,2,
2639,200,0.07143266651847373,24.24999999999997,0.11812650278128847,2.0,0.0,44.0,19.70814479638009,0.47891566265060237,2.762443438914027,7.500000000000029,3.4257918552036273,3.8000000000000096,4.212931005359276,2,
2640,200,0.07136126955638605,33.49999999999996,0.11809273687554707,2.0,0.0,39.0,17.265625,0.1299999999999999,4.768465909090909,5.600000000000013,2.0997159090909077,1.6999999999999942,1.6373895866751496,2,
2641,200,0.07128994395557388,26.599999999999973,0.11807885643856356,2.0,0.0,39.0,18.231536926147704,0.3695652173913043,3.8183632734530937,5.800000000000015,3.085828343313377,3.599999999999996,2.6219054183267034,2,
2642,200,0.0712186896447116,25.499999999999964,0.11805632485433676,2.0,0.0,39.0,16.59881422924901,0.3455056179775281,4.335968379446641,5.199999999999996,2.2472332015810257,2.099999999999995,1.4066480364012717,2,
2643,200,0.07114750655254487,30.374999999999954,0.11802496240888583,2.0,0.0,42.0,18.278084714548804,0.34134615384615385,2.3627992633517496,6.500000000000002,2.9394106813996292,2.599999999999997,2.9491013674842708,2,
2644,200,0.07107639460789066,28.074999999999974,0.11800643407465332,2.0,0.0,43.0,17.908396946564885,0.33333333333333337,4.383587786259542,6.700000000000027,3.1209923664122177,2.7999999999999927,3.8002983519985696,2,
2645,200,0.07100535373963698,30.724999999999973,0.11797748497054125,3.0,1.0,38.0,17.07046979865772,0.2595238095238095,1.99496644295302,5.1999999999999895,1.9385906040268401,1.8999999999999964,0.9690839632335331,2,
2646,200,0.07093438387674295,28.374999999999968,0.11795228511579642,2.0,0.0,40.0,17.81801801801802,0.31796116504854366,4.255855855855856,5.500000000000014,2.6920720720720692,2.2999999999999954,1.9463578812040667,2,
2647,200,0.07086348494823869,35.224999999999945,0.11793476876836806,2.0,1.0,39.0,21.0311986863711,0.2543103448275862,4.661740558292283,5.90000000000002,3.51001642036125,3.8000000000000105,1.5445507981018214,1,
2648,200,0.0707926568832253,12.774999999999977,0.11792606255507007,4.0,1.0,48.0,21.268482490272373,0.6745283018867925,0.15953307392996108,10.200000000000047,5.500778210116748,6.200000000000013,10.781252119670638,3,
2649,200,0.07072189961087469,29.09999999999995,0.1179055852073196,3.0,0.0,46.0,19.34464285714286,0.3220720720720721,7.523214285714285,8.500000000000027,3.8396428571428647,3.549999999999997,4.9483013657569455,2,
2650,200,0.0706512130604296,22.824999999999978,0.1178808557832664,3.0,1.0,44.0,16.454,0.37222222222222223,3.442,7.8000000000000185,2.5759999999999996,1.9999999999999996,3.4015576062304382,3,
2651,200,0.0705805971612034,23.72499999999998,0.1178590381511111,4.0,0.0,44.0,15.53886925795053,0.22524752475247523,5.948763250883392,7.70000000000003,2.474381625441698,1.799999999999997,3.4873227825381523,3,
2652,200,0.0705100518425803,33.94999999999996,0.11783741356224381,2.0,0.0,38.0,18.749201277955272,0.24549549549549554,6.10223642172524,5.5,2.3608626198083034,2.1999999999999984,1.5311399043062208,1,
2653,200,0.07043957703401492,25.524999999999956,0.1178123680634286,2.0,0.0,44.0,17.972627737226276,0.3257575757575758,5.244525547445256,8.10000000000002,2.9985401459854018,2.399999999999999,3.7633315684492197,3,
2654,200,0.07036917266503243,33.574999999999946,0.11778471400386217,2.0,0.0,39.0,18.904065040650405,0.2633928571428571,3.7040650406504065,6.100000000000001,2.3182113821138177,2.2999999999999954,1.9026327255806086,1,
2655,200,0.07029883866522844,22.724999999999966,0.11776013122372823,2.0,0.0,38.0,19.229357798165136,0.46794871794871795,1.8738532110091743,6.500000000000004,3.0373853211009165,3.099999999999997,1.9168922380914821,2,
2656,200,0.07022857496426901,27.749999999999968,0.11774536251511748,4.0,1.0,41.0,18.512974051896208,0.38541666666666663,5.221556886227545,6.300000000000017,3.1133732534930143,3.299999999999993,2.712706215139455,2,
2657,200,0.0701583814918904,26.349999999999977,0.1177227418947062,2.0,0.0,40.0,16.59918200408998,0.3792134831460674,1.0102249488752557,5.299999999999994,2.118609406952962,1.6999999999999997,1.7205811308129741,2,
2658,200,0.07008825817789911,28.92499999999997,0.11769817069216719,2.0,0.0,42.0,18.04428044280443,0.30339805825242716,3.437269372693727,7.1000000000000085,3.264760147601482,3.7000000000000024,3.682737478852025,2,
2659,200,0.07001820495217183,25.04999999999998,0.11768133756903432,2.0,0.0,39.0,17.66890380313199,0.44512195121951215,1.0760626398210291,4.7999999999999945,2.2780760626398164,2.1999999999999997,1.329279908712359,2,
2660,200,0.06994822174465536,15.374999999999982,0.11767278061062206,5.0,0.0,44.0,15.588414634146341,0.5204918032786885,0.8292682926829268,7.900000000000032,3.0625000000000067,2.6499999999999986,5.222087411579935,3,
2661,200,0.06987830848536646,29.499999999999943,0.11764036332268633,2.0,0.0,40.0,18.454231433506045,0.3060747663551402,3.2884283246977546,6.000000000000001,2.5721934369602732,2.4999999999999964,1.9468837250924753,2,
2662,200,0.06980846510439187,25.54999999999997,0.11761748663777188,2.0,1.0,41.0,17.75583864118896,0.436046511627907,0.6539278131634819,5.800000000000028,2.49447983014862,1.899999999999996,2.670130183916357,2,
2663,200,0.06973869153188816,11.574999999999978,0.11760075475708928,2.0,1.0,39.0,15.288659793814434,0.59,0.07560137457044673,4.4999999999999964,2.456013745704464,3.099999999999993,1.9101839867737307,3,
2664,200,0.06966898769808184,24.77499999999997,0.11757233129013461,2.0,0.0,39.0,17.325819672131146,0.37643678160919536,2.6413934426229506,4.7999999999999945,2.544672131147537,2.6999999999999975,1.3307968741470415,2,
2665,200,0.06959935353326901,37.399999999999956,0.11754868338986013,2.0,1.0,43.0,19.31832298136646,0.238,5.420807453416149,6.800000000000016,2.8739130434782574,2.799999999999992,2.153455097833559,1,
2666,200,0.06952978896781553,30.774999999999977,0.11752386156113598,2.0,1.0,44.0,17.497326203208555,0.3142201834862385,5.110516934046346,7.600000000000008,2.738680926916218,2.4999999999999996,2.0127882562277564,2,
2667,200,0.06946029393215677,35.82499999999996,0.11750209013946007,2.0,0.0,39.0,18.717868338557995,0.2124999999999999,5.420062695924765,4.999999999999995,2.4631661442006236,2.399999999999998,1.5446501966622725,1,
2668,200,0.06939086835679777,34.24999999999996,0.11747964735700754,2.0,1.0,37.0,19.194847020933977,0.2366071428571428,4.587761674718196,5.70000000000002,2.5697262479871172,2.49999999999999,1.84942645991081,1,
2669,200,0.0693215121723129,23.249999999999954,0.11744980665298188,2.0,0.0,44.0,19.91745283018868,0.5121951219512195,2.724056603773585,7.600000000000012,3.2308962264150987,3.20000000000001,3.095737171464342,2,
2670,200,0.069252225309346,29.724999999999966,0.11742470956146611,2.0,0.0,41.0,16.12452830188679,0.33585858585858586,2.709433962264151,5.499999999999998,1.942830188679242,1.499999999999995,1.7463416032096928,2,
2671,200,0.06918300769861012,34.49999999999996,0.11739865169263596,2.0,0.0,40.0,19.29430894308943,0.26327433628318586,3.0,5.399999999999995,2.5523577235772317,2.3999999999999955,1.1514730953086045,1,
2672,200,0.06911385927088774,23.774999999999967,0.11738501072186469,2.0,0.0,46.0,18.141434262948206,0.40217391304347827,3.8904382470119523,9.100000000000032,3.2159362549800847,2.7000000000000046,4.752952147395105,3,
2673,200,0.06904477995703041,28.749999999999964,0.1173590682348479,2.0,1.0,39.0,18.282882882882884,0.32999999999999996,3.418018018018018,5.600000000000001,2.5850450450450415,2.599999999999994,1.547042633041581,2,
2674,200,0.06897576968795878,27.874999999999957,0.11733606312201604,2.0,1.0,41.0,18.236190476190476,0.36979166666666663,2.9752380952380952,6.200000000000003,2.783619047619044,2.599999999999996,1.9073576321365335,2,
2675,200,0.06890682839466256,27.099999999999973,0.11732007117668544,2.0,0.0,42.0,18.378854625550662,0.44886363636363635,1.52863436123348,6.0000000000000195,2.7748898678414093,2.899999999999996,2.3402178395555917,2,
2676,200,0.06883795600820049,25.999999999999957,0.11730388146637906,2.0,0.0,43.0,19.606976744186046,0.4825581395348837,1.8674418604651162,6.8000000000000105,3.159999999999999,3.0999999999999943,2.7754847781761995,2,
2677,200,0.06876915245970018,25.624999999999968,0.11728580377172357,2.0,0.0,40.0,17.87730061349693,0.4073033707865169,2.525562372188139,5.100000000000002,2.6339468302658497,2.699999999999994,1.9958293743727091,2,
2678,200,0.06870041768035805,37.29999999999997,0.1172580325797472,2.0,0.0,42.0,18.357566765578635,0.19444444444444442,5.5905044510385755,5.999999999999991,2.45623145400593,2.6499999999999932,1.2579238787078257,1,
2679,200,0.0686317516014393,34.44999999999996,0.11723078860302091,2.0,0.0,43.0,17.071202531645568,0.23319327731092443,3.2626582278481013,6.600000000000007,2.2553797468354397,1.7999999999999985,2.029722975392004,2,
2680,200,0.06856315415427791,37.29999999999994,0.11721162969357507,3.0,0.0,41.0,20.30564263322884,0.21825396825396814,6.695924764890282,7.299999999999999,3.4158307210031333,3.399999999999996,3.1388636827067513,1,
2681,200,0.06849462527027637,28.849999999999966,0.11719372743346972,2.0,0.0,39.0,16.228571428571428,0.27970297029702973,3.4214285714285713,5.199999999999999,2.1435714285714287,1.4499999999999986,2.439680738777872,2,
2682,200,0.06842616488090583,24.549999999999976,0.11716276156224815,2.0,0.0,39.0,17.12883435582822,0.375,3.511247443762781,4.399999999999994,2.4339468302658447,2.6999999999999944,1.2550491803278636,2,
2683,200,0.06835777291770583,36.39999999999994,0.11713682896196884,2.0,0.0,41.0,19.086887835703003,0.25,3.928909952606635,5.900000000000011,2.637598736176933,2.599999999999997,2.0523671285389162,1,
2684,200,0.06828944931228448,34.24999999999996,0.11711870668499198,2.0,0.0,39.0,19.727848101265824,0.2369565217391305,8.708860759493671,5.0,3.0120253164556954,3.2000000000000024,1.1235290907133526,1,
2685,200,0.06822119399631812,27.42499999999996,0.11709833562905975,2.0,0.0,42.0,18.871794871794872,0.3891752577319587,3.826429980276134,6.900000000000025,3.228599605522686,3.3999999999999964,2.748403800068488,2,
2686,200,0.06815300690155146,33.649999999999956,0.11707095534460087,2.0,0.0,37.0,19.11216429699842,0.2232142857142858,5.135860979462875,4.999999999999997,2.652764612954186,2.9000000000000052,1.5374409016491648,1,
2687,200,0.06808488795979734,25.449999999999964,0.11705019700132202,2.0,0.0,41.0,19.11740041928721,0.4241573033707865,2.0377358490566038,5.70000000000001,3.3417190775681402,3.9000000000000203,2.2047052670440768,2,
2688,200,0.06801683710293688,27.549999999999965,0.11702293256374582,2.0,1.0,41.0,17.149446494464943,0.3273195876288659,2.121771217712177,6.000000000000004,2.528597785977858,2.299999999999997,1.7751107185043746,2,
2689,200,0.0679488542629192,37.07499999999996,0.11699517103952876,2.0,0.0,40.0,18.661721068249257,0.17799999999999994,5.574183976261128,5.1000000000000005,2.638724035608306,2.999999999999997,1.7020798635187901,1,
2690,200,0.06788093937176144,29.724999999999966,0.1169689964577618,2.0,0.0,42.0,18.376114081996434,0.3200934579439252,5.0142602495543676,6.100000000000017,2.980392156862743,2.799999999999998,2.186146542958825,2,
2691,200,0.06781309236154871,19.87499999999997,0.11694751001639478,2.0,1.0,44.0,17.604072398190045,0.475,1.2986425339366516,7.700000000000007,2.7864253393665166,2.0999999999999996,5.401472336112798,3,
2692,200,0.06774531316443397,21.774999999999963,0.1169228134882578,5.0,1.0,44.0,15.789247311827957,0.375,0.7311827956989247,9.200000000000015,2.84215053763441,1.7999999999999998,6.565995634157211,3,
2693,200,0.06767760171263805,39.72499999999995,0.1168884684942122,2.0,0.0,38.0,18.292191435768263,0.04136690647482011,7.107052896725441,5.299999999999996,1.7986146095717834,1.5999999999999983,0.8742689888727617,1,
2694,200,0.0676099579384495,34.074999999999946,0.11687034072633448,2.0,0.0,39.0,19.923444976076556,0.23706896551724133,6.065390749601276,6.199999999999999,3.076714513556621,3.199999999999989,2.1654920026047613,1,
2695,200,0.06754238177422452,26.399999999999977,0.11685319535716104,2.0,0.0,40.0,18.278008298755186,0.375,3.9024896265560165,6.0,3.0674273858921155,3.299999999999997,2.2352349530610427,2,
2696,200,0.0674748731523869,29.199999999999967,0.11682093070362243,2.0,0.0,39.0,17.46126126126126,0.31930693069306926,2.6792792792792794,5.399999999999996,2.3623423423423393,2.299999999999993,1.4881903358179862,2,
2697,200,0.0674074320054281,23.774999999999967,0.11680855120818649,2.0,0.0,42.0,19.72877358490566,0.4969879518072289,3.0966981132075473,6.000000000000014,3.1176886792452834,3.3999999999999946,2.614159198998755,2,
2698,200,0.06734005826590692,29.349999999999966,0.1167800748894374,2.0,0.0,43.0,17.13412228796844,0.36616161616161613,1.4871794871794872,6.700000000000004,2.5351084812623252,2.499999999999994,2.5445366624132433,2,
2699,200,0.06727275186644961,35.07499999999999,0.11675153202776899,2.0,0.0,36.0,18.146978021978022,0.0992063492063493,8.001373626373626,5.3,2.2711538461538443,2.099999999999995,1.2535109239353,1,
2700,200,0.06720551273974976,15.999999999999982,0.11673941327791572,4.0,0.0,47.0,17.46925566343042,0.5614754098360656,0.3268608414239482,10.000000000000034,4.0245954692556705,3.799999999999998,9.627392333473043,3,
2701,200,0.06713834081856826,30.19999999999996,0.11670923216435242,2.0,1.0,42.0,18.673575129533678,0.30504587155963303,5.0639032815198615,6.400000000000021,2.9877374784110544,3.0999999999999965,2.837319233981642,2,
2702,200,0.06707123603573319,29.999999999999964,0.11667698003642785,2.0,0.0,38.0,17.96875,0.25934579439252337,4.6480263157894735,5.29999999999999,2.3207236842105208,2.399999999999993,0.9574020662062434,2,
2703,200,0.06700419832413973,34.84999999999995,0.11665857461056466,2.0,0.0,38.0,19.82439024390244,0.2456140350877194,6.0113821138211385,5.100000000000005,2.870406504065038,2.999999999999997,1.2388673378738564,1,
2704,200,0.06693722761675015,30.87499999999996,0.11662856423295546,2.0,0.0,39.0,16.96993670886076,0.20132743362831862,5.175632911392405,5.3999999999999995,2.382594936708861,1.8999999999999992,2.292993943763887,2,
2705,200,0.0668703238465938,28.774999999999967,0.11660539471078733,2.0,0.0,40.0,17.35977859778598,0.3207070707070707,4.745387453874539,5.099999999999994,2.654797047970477,2.899999999999995,1.6056189853725609,2,
2706,200,0.06680348694676687,33.49999999999995,0.11657693150529581,2.0,0.0,42.0,19.378716744913927,0.2416666666666667,4.568075117370892,6.400000000000012,2.8687010954616596,2.7999999999999927,2.33329839341694,1,
2707,200,0.06673671685043246,31.17499999999996,0.11655364753541148,4.0,1.0,46.0,17.177524429967427,0.24152542372881358,6.900651465798045,8.700000000000031,2.6640065146579808,2.0999999999999974,3.832704863459753,2,
2708,200,0.06667001349082043,27.849999999999966,0.11654008444987198,2.0,0.0,42.0,18.804301075268818,0.42934782608695654,3.0817204301075267,6.600000000000019,3.1376344086021524,2.999999999999996,2.9706619061713915,2,
2709,200,0.06660337680122747,35.624999999999964,0.11650689165573125,2.0,0.0,38.0,17.857142857142858,0.1625000000000001,4.998542274052478,6.600000000000007,2.1788629737609333,1.8999999999999986,2.1818173376257755,1,
2710,200,0.06653680671501686,40.274999999999956,0.11647130263848487,3.0,0.0,38.0,18.556701030927837,0.059352517985611586,6.010309278350515,4.899999999999996,2.1561855670103043,1.9999999999999982,1.12385535766181,1,
2711,200,0.0664703031656185,30.849999999999973,0.11644635282630919,2.0,1.0,41.0,17.89273356401384,0.30092592592592593,4.217993079584775,6.0999999999999925,2.5081314878892718,2.3999999999999995,2.2894390016852095,2,
2712,200,0.06640386608652883,25.874999999999957,0.11641826542746395,2.0,1.0,39.0,17.674285714285713,0.3575268817204301,2.6742857142857144,5.399999999999994,2.561904761904758,2.4999999999999987,1.2196198444257376,2,
2713,200,0.06633749541131082,36.97499999999996,0.11640002178876561,2.0,0.0,42.0,19.324367088607595,0.23770491803278682,4.996835443037975,6.100000000000006,2.769936708860756,3.0499999999999927,1.7075814862939762,1,
2714,200,0.06627119107359372,31.09999999999996,0.11638106824727079,3.0,0.0,44.0,18.483992467043315,0.3595238095238096,2.702448210922787,7.200000000000024,3.1267419962335214,2.6999999999999975,3.51187735849058,2,
2715,200,0.06620495300707324,30.249999999999957,0.11635972499405893,3.0,0.0,39.0,17.571678321678323,0.27884615384615385,3.2010489510489513,6.500000000000005,2.7804195804195824,2.4999999999999973,2.6946248429777913,2,
2716,200,0.06613878114551125,38.17499999999996,0.11633292377488644,2.0,1.0,41.0,18.55341246290801,0.1875,6.498516320474778,5.6,2.5737388724035584,2.499999999999999,1.61102013097793,1,
2717,200,0.06607267542273594,30.624999999999975,0.11630615467300062,2.0,1.0,41.0,17.473421926910298,0.2455357142857142,6.601328903654485,5.600000000000008,2.7739202657807307,3.099999999999995,1.7983447432830364,2,
2718,200,0.06600663577264156,28.224999999999977,0.11629090826371621,2.0,1.0,41.0,17.71698113207547,0.4148351648351648,1.448637316561845,5.499999999999994,2.568134171907752,2.599999999999991,1.3817579374846103,2,
2719,200,0.06594066212918846,28.29999999999997,0.11627747236683222,2.0,0.0,43.0,18.828025477707005,0.42021276595744683,1.732484076433121,6.70000000000001,3.2422505307855594,3.1999999999999953,3.1255962856112545,2,
2720,200,0.06587475442640295,25.44999999999998,0.11626559792626381,3.0,0.0,40.0,17.507726269315672,0.44512195121951215,0.5584988962472406,5.19999999999999,2.2631346578366407,2.399999999999996,1.3843209816381357,2,
2721,200,0.06580891259837739,38.39999999999997,0.11624174353271155,2.0,0.0,42.0,18.019287833827892,0.1875,4.314540059347181,6.900000000000004,2.2532640949554845,2.099999999999995,1.90151430301029,1,
2722,200,0.0657431365792699,28.199999999999967,0.11621839721015148,2.0,1.0,42.0,18.22563176895307,0.3113207547169812,3.7689530685920576,7.000000000000015,3.1983754512635407,3.4999999999999982,3.1836358926738884,2,
2723,200,0.06567742630330448,28.92499999999996,0.1161990173094199,2.0,0.0,39.0,18.571428571428573,0.3137254901960784,2.892416225749559,5.699999999999997,2.781128747795413,2.6999999999999953,2.0468283730652526,2,
2724,200,0.0656117817047708,38.09999999999998,0.11617196522754694,2.0,0.0,43.0,17.575,0.1865079365079365,4.382352941176471,6.700000000000002,2.000882352941173,1.7999999999999998,1.4973554008551024,1,
2725,200,0.06554620271802433,11.54999999999998,0.11616382948026974,3.0,0.0,42.0,18.800796812749002,0.6739130434782609,0.0,7.600000000000025,3.8860557768924373,4.3,5.8789028571428945,3,
2726,200,0.06548068927748603,25.87499999999997,0.11614533140571111,3.0,0.0,44.0,18.895463510848128,0.39893617021276595,3.1222879684418148,9.200000000000033,3.3410256410256443,2.1999999999999984,6.838461843702402,2,
2727,200,0.06541524131764247,36.249999999999936,0.11612241553280606,2.0,0.0,40.0,20.821428571428573,0.20934959349593485,6.714285714285714,7.100000000000016,3.7757763975155343,4.000000000000011,2.510568338818782,1,
2728,200,0.06534985877304565,31.774999999999963,0.11609886155978079,2.0,1.0,41.0,18.05536332179931,0.3004587155963303,2.856401384083045,5.600000000000009,2.6057093425605515,2.4999999999999956,2.170164210690161,2,
2729,200,0.06528454157831308,36.54999999999997,0.11607696663217712,2.0,0.0,42.0,18.45846153846154,0.22540983606557385,3.7846153846153845,6.20000000000001,2.401999999999998,1.9999999999999991,2.066170121112713,1,
2730,200,0.06521928966812753,41.674999999999955,0.11604524408881364,2.0,1.0,36.0,18.9125,0.005319148936170137,8.8775,4.499999999999995,2.0974999999999944,2.0999999999999948,0.7897949840546621,0,
2731,200,0.06515410297723707,29.324999999999978,0.11602636215578013,3.0,0.0,40.0,16.340531561461795,0.22169811320754707,3.147840531561462,5.900000000000002,2.177906976744184,1.7999999999999998,1.7439187037634905,2,
2732,200,0.065088981440455,29.89999999999997,0.11600261820782365,2.0,0.0,40.0,17.987654320987655,0.3221153846153846,4.405643738977072,5.099999999999995,2.279541446208107,2.1999999999999913,1.2258286467924109,2,
2733,200,0.06502392499265983,37.724999999999945,0.11598640827962836,3.0,0.0,44.0,21.11869918699187,0.2661290322580645,6.102439024390244,7.200000000000023,3.6469918699187005,3.700000000000012,2.5098471805067994,1,
2734,200,0.06495893356879505,30.249999999999954,0.11596245666300348,2.0,0.0,42.0,18.347008547008546,0.30140186915887845,3.0034188034188034,7.399999999999998,2.724786324786322,2.2999999999999967,3.0648475852073607,2,
2735,200,0.06489400710386926,24.39999999999996,0.11595005624998223,2.0,0.0,42.0,20.830188679245282,0.4969879518072289,2.169811320754717,6.400000000000006,3.7785377358490657,4.6,3.2354771798081177,2,
2736,200,0.06482914553295596,24.12499999999997,0.1159409911039788,2.0,0.0,41.0,19.58409090909091,0.45833333333333337,3.143181818181818,6.800000000000006,3.318636363636364,3.299999999999999,2.4567562848981717,2,
2737,200,0.06476434879119362,35.24999999999994,0.11591439131971872,2.0,0.0,39.0,19.588617886178863,0.25,4.1414634146341465,5.899999999999998,2.728943089430891,2.599999999999995,1.6403373662168477,1,
2738,200,0.06469961681378547,28.89999999999997,0.11589705610116188,2.0,0.0,43.0,16.85207100591716,0.359375,2.0059171597633134,6.7000000000000135,2.4061143984220905,1.899999999999995,2.520859995020388,2,
2739,200,0.06463494953599953,42.94999999999993,0.11586683794419565,2.0,0.0,42.0,19.3225,0.04054054054054057,8.7525,6.000000000000001,2.343499999999998,2.0999999999999983,1.4722600504063288,0,
2740,200,0.06457034689316847,33.99999999999996,0.11584054121484827,2.0,0.0,37.0,18.882926829268293,0.25462962962962965,3.419512195121951,4.399999999999994,2.3055284552845476,2.299999999999995,0.715223359702184,1,
2741,200,0.06450580882068972,26.67499999999997,0.11582573090630104,2.0,1.0,44.0,19.033970276008493,0.43279569892473113,3.4076433121019107,7.600000000000003,3.321231422505308,3.299999999999997,4.096892535160487,2,
2742,200,0.06444133525402518,18.34999999999997,0.11581095187704267,2.0,0.0,45.0,18.49484536082474,0.5555555555555556,1.0206185567010309,8.700000000000008,3.187371134020617,2.6999999999999966,6.118051254458873,3,
2743,200,0.06437692612870125,27.19999999999997,0.11578382982906277,2.0,0.0,39.0,17.07212475633528,0.375,1.5204678362573099,5.099999999999995,2.1341130604288474,1.8999999999999946,1.3532468993190654,2,
2744,200,0.06431258138030878,33.39999999999995,0.11575384201278928,2.0,0.0,40.0,20.65528455284553,0.2543103448275862,5.6292682926829265,6.700000000000027,3.3689430894308945,3.1999999999999913,2.212228309150152,1,
2745,200,0.06424830094450308,35.824999999999946,0.11572363153464084,2.0,0.0,39.0,18.649441340782122,0.12692307692307692,7.2304469273743015,5.099999999999995,2.6201117318435725,2.7999999999999963,1.3847099511367276,1,
2746,200,0.06418408475700368,34.24999999999995,0.11569680518562922,2.0,0.0,40.0,19.960975609756098,0.26754385964912286,4.556097560975609,5.299999999999996,2.9523577235772334,3.0999999999999908,1.4139778543931694,1,
2747,200,0.0641199327535944,27.54999999999997,0.11568531440748181,2.0,0.0,41.0,18.28930817610063,0.4203296703296703,2.0041928721174003,5.800000000000007,2.8448637316561847,2.9999999999999942,2.7741419957104245,2,
2748,200,0.06405584487012317,30.64999999999995,0.11566781000428003,2.0,0.0,43.0,19.13296903460838,0.339622641509434,2.5555555555555554,7.600000000000026,3.4116575591985456,3.1999999999999957,3.7894213005972386,2,
2749,200,0.06399182104250219,33.42499999999995,0.11564873088817901,2.0,0.0,40.0,21.165845648604268,0.2673913043478261,6.696223316912972,8.10000000000001,3.590804597701153,2.9999999999999942,3.187641609145843,1,
2750,200,0.06392786120670757,13.974999999999978,0.11563669308113414,3.0,1.0,46.0,18.96785714285714,0.6590909090909091,0.03214285714285714,9.300000000000036,4.373928571428583,5.000000000000004,8.890397964259817,3,
2751,200,0.0638639652987795,36.22499999999996,0.11560242497356686,2.0,0.0,39.0,18.635384615384616,0.21186440677966112,3.3476923076923075,5.800000000000004,2.5081538461538435,2.5999999999999934,1.7428453321782995,1,
2752,200,0.063800133254822,24.64999999999996,0.11557865775638282,3.0,0.0,40.0,18.621145374449338,0.44047619047619047,2.350220264317181,6.099999999999997,2.94405286343612,3.0999999999999934,2.0055580622468026,2,
2753,200,0.06373636501100312,28.549999999999965,0.11556330167144874,3.0,0.0,46.0,20.257861635220127,0.4133663366336634,3.851153039832285,9.000000000000027,4.180712788259965,4.399999999999999,6.458985531451114,2,
2754,200,0.06367266050355457,27.22499999999996,0.11554840771422185,2.0,0.0,41.0,19.81010101010101,0.3973684210526316,4.214141414141414,7.100000000000026,3.8002020202020286,4.2,3.7057726590048694,2,
2755,200,0.0636090196687718,34.77499999999995,0.11552153443584362,2.0,0.0,41.0,19.51559934318555,0.2765486725663717,3.5911330049261085,6.400000000000003,2.6006568144499145,2.499999999999999,1.8978043572044878,1,
2756,200,0.063545442443014,35.94999999999996,0.11550209346692852,2.0,0.0,39.0,19.774844720496894,0.20454545454545459,5.97360248447205,6.1,3.1478260869565253,3.399999999999994,2.120109081702791,1,
2757,200,0.06348192876270395,37.599999999999966,0.11548368621062374,2.0,0.0,38.0,17.871951219512194,0.18801652892561993,5.625,4.599999999999989,2.0878048780487757,2.1999999999999957,1.231195603425234,1,
2758,200,0.06341847856432796,34.04999999999994,0.11545739191125054,2.0,0.0,40.0,19.735632183908045,0.2767857142857143,2.6108374384236455,6.200000000000006,2.7326765188834146,2.4999999999999916,2.219512942191554,1,
2759,200,0.06335509178443581,18.174999999999976,0.11544464468987244,2.0,0.0,44.0,16.955497382198953,0.55,0.7774869109947644,7.300000000000021,2.5958115183246093,1.4499999999999986,5.221745989323162,3,
2760,200,0.0632917683596407,25.124999999999964,0.1154304317859867,2.0,1.0,42.0,19.448637316561843,0.4203296703296703,2.4947589098532497,7.0000000000000275,3.607127882599588,4.200000000000019,4.239925899230024,2,
2761,200,0.06322850822661927,36.69999999999997,0.11541132634394484,2.0,0.0,41.0,18.94778481012658,0.23319327731092443,4.802215189873418,5.89999999999999,2.543987341772148,2.399999999999996,1.2871189691129472,1,
2762,200,0.06316531132211131,34.02499999999994,0.11538571122489552,2.0,0.0,40.0,19.445686900958467,0.25,3.7939297124600637,6.399999999999999,2.77875399361022,2.599999999999992,1.7104954641148353,1,
2763,200,0.06310217758291994,35.099999999999966,0.11536625371334447,2.0,0.0,38.0,19.54066985645933,0.22435897435897445,6.441786283891547,5.300000000000004,2.8470494417862824,3.0999999999999983,1.5324792434016392,1,
2764,200,0.0630391069459114,41.22499999999995,0.11533287525827024,2.0,0.0,39.0,19.09875,0.03214285714285725,8.575,6.600000000000011,2.209249999999995,1.7999999999999954,1.9550674922929652,0,
2765,200,0.06297609934801507,29.09999999999996,0.1153166447400259,2.0,1.0,40.0,18.00952380952381,0.3571428571428571,1.9161904761904762,6.000000000000011,2.7630476190476188,2.899999999999995,2.435405262241325,2,
2766,200,0.06291315472622334,30.574999999999967,0.11529626240545554,2.0,0.0,44.0,17.727739726027398,0.2588495575221239,7.2756849315068495,7.200000000000043,3.088013698630142,2.5499999999999954,3.4034964448549663,2,
2767,200,0.06285027301759159,26.649999999999963,0.11527732511587407,2.0,1.0,41.0,18.236686390532544,0.36578947368421055,1.8086785009861932,6.400000000000003,3.1552268244575954,3.4999999999999973,3.252544505306421,2,
2768,200,0.06278745415923806,37.92499999999997,0.11525038025564627,2.0,0.0,37.0,18.05492957746479,0.1171875,7.387323943661972,5.1,2.2801408450704197,2.399999999999995,1.1384106891701808,1,
2769,200,0.06272469808834395,35.424999999999955,0.11522244766910235,2.0,1.0,39.0,19.407224958949097,0.25877192982456143,3.962233169129721,4.799999999999989,2.5356321839080422,2.6999999999999966,1.1746448446936995,1,
2770,200,0.06266200474215315,33.07499999999997,0.11520955027662849,3.0,0.0,42.0,17.286912751677853,0.286697247706422,2.771812080536913,5.999999999999994,2.0684563758389207,1.999999999999999,1.1691089621778306,2,
2771,200,0.06259937405797232,24.924999999999972,0.11519731645181423,2.0,1.0,43.0,19.770700636942674,0.4388888888888889,3.4097664543524417,7.300000000000026,3.7033970276008588,4.200000000000005,3.5460766318067427,2,
2772,200,0.06253680597317074,26.899999999999963,0.1151874451976607,2.0,0.0,46.0,21.43438914027149,0.4697802197802198,2.3981900452488687,8.400000000000036,4.461538461538473,5.100000000000005,4.762391240920793,2,
2773,200,0.06247430042518036,32.549999999999955,0.11517380827969692,2.0,0.0,39.0,19.685126582278482,0.23275862068965525,4.806962025316456,5.499999999999997,2.986392405063291,3.199999999999996,1.446274150462043,1,
2774,200,0.06241185735149562,27.099999999999973,0.11515850569669693,3.0,0.0,41.0,17.661637931034484,0.4185393258426966,1.2025862068965518,6.5000000000000036,2.4978448275862046,2.099999999999995,2.7177665993172146,2,
2775,200,0.06234947668967343,25.87499999999996,0.11513381749553825,3.0,0.0,42.0,17.88757396449704,0.3682795698924731,1.8007889546351086,7.6000000000000165,2.987179487179486,2.7999999999999976,3.7252347421493384,2,
2776,200,0.0622871583773331,34.64999999999998,0.11511836156472957,2.0,0.0,39.0,18.788177339901477,0.2681818181818182,4.802955665024631,5.200000000000004,2.1642036124794704,1.999999999999993,1.2006922993960334,1,
2777,200,0.06222490235215636,37.349999999999945,0.11510074816635554,2.0,0.0,42.0,19.14691943127962,0.23750000000000004,3.3491311216429698,6.400000000000006,2.6736176935229055,2.5999999999999948,2.74561414367289,1,
2778,200,0.062162708551887165,38.22499999999996,0.11507883790424492,2.0,0.0,42.0,19.039634146341463,0.21341463414634143,3.198170731707317,6.499999999999995,2.7884146341463403,2.6999999999999957,1.8921262737169886,1,
2779,200,0.0621005769143317,26.574999999999964,0.11506723643831818,3.0,0.0,43.0,20.09247311827957,0.4148936170212766,4.184946236559139,7.600000000000006,3.9763440860215136,4.200000000000005,4.422428592570694,2,
2780,200,0.06203850737735829,35.87499999999996,0.11503656488482528,2.0,0.0,40.0,17.895953757225435,0.16999999999999993,4.877167630057803,5.999999999999996,2.2054913294797647,1.8999999999999961,1.6169963434218129,2,
2781,200,0.061976499878897466,34.62499999999994,0.11501062684704794,2.0,1.0,42.0,19.394984326018808,0.2376033057851239,4.993730407523511,6.100000000000006,2.8694357366771133,3.099999999999992,1.4490223637306139,1,
2782,200,0.061914554356941674,24.24999999999998,0.11499212760532151,2.0,0.0,39.0,17.844186046511627,0.475,0.8813953488372093,4.79999999999999,2.1023255813953443,1.7999999999999976,1.415351083564536,2,
2783,200,0.06185267074954541,34.84999999999995,0.11496421477980368,2.0,0.0,40.0,19.293460925039874,0.25,2.7735247208931417,7.100000000000004,2.6987240829346058,2.6999999999999957,1.950848629454024,1,
2784,200,0.061790848994825016,36.09999999999996,0.11494587855386154,2.0,0.0,40.0,19.900161030595815,0.24152542372881358,4.011272141706924,5.899999999999995,2.9929146537842173,3.099999999999996,1.3804042630432525,1,
2785,200,0.06172908903095879,28.074999999999974,0.11493214378126898,2.0,1.0,44.0,18.397058823529413,0.41315789473684206,3.0294117647058822,7.300000000000017,3.05126050420168,3.1999999999999966,2.9738980911398047,2,
2786,200,0.061667390796186744,36.32499999999997,0.11491325654110987,2.0,1.0,38.0,18.645569620253166,0.23245614035087714,3.337025316455696,4.499999999999994,2.3626582278480956,2.5999999999999894,1.0594310292597042,1,
2787,200,0.061605754228810636,38.89999999999996,0.1148955814124343,2.0,0.0,43.0,18.61755485893417,0.2338709677419355,3.658307210031348,6.600000000000002,2.4029780564263294,2.3499999999999948,1.9517043899538813,1,
2788,200,0.06154417926719386,44.44999999999995,0.1148676407834549,3.0,0.0,40.0,19.01375,0.03125,6.215,5.1000000000000005,2.1582499999999962,1.7999999999999987,1.249608890013892,0,
2789,200,0.0614826658497615,38.94999999999995,0.11484288933489423,2.0,0.0,39.0,19.032697547683924,0.10036496350364965,9.029972752043596,5.499999999999995,2.7720708446866484,2.8000000000000025,1.81915521897709,1,
2790,200,0.06142121391500013,36.12499999999996,0.11482607160379327,3.0,1.0,42.0,20.470209339774556,0.2627118644067796,4.125603864734299,6.900000000000009,3.3349436392914638,3.099999999999993,2.355033035992125,1,
2791,200,0.06135982340145778,26.74999999999997,0.11481182073341296,4.0,1.0,44.0,18.126881720430106,0.4444444444444444,1.664516129032258,7.200000000000028,2.7311827956989254,2.499999999999993,2.2941135119135865,2,
2792,200,0.061298494247743925,30.39999999999995,0.1147879764701796,3.0,0.0,41.0,19.172529313232832,0.3004587155963303,4.165829145728643,5.599999999999998,2.5865996649916223,2.699999999999992,1.618953951650917,2,
2793,200,0.061237226392529445,38.12499999999994,0.11476078059066176,2.0,0.0,39.0,18.90153846153846,0.19715447154471555,5.010769230769231,5.099999999999998,2.66784615384615,2.899999999999998,1.355477030714863,1,
2794,200,0.06117601977454647,35.82499999999995,0.11474429632956473,2.0,0.0,41.0,20.407224958949097,0.2627118644067796,4.303776683087028,5.700000000000014,3.1356321839080463,3.300000000000006,1.7693262510785224,1,
2795,200,0.06111487433258836,37.17499999999995,0.11472710435676639,2.0,0.0,41.0,20.31935483870968,0.25,5.048387096774194,6.500000000000004,3.2319354838709677,3.099999999999996,2.253856955923411,1,
2796,200,0.06105379000550965,38.52499999999994,0.11471102519750928,3.0,0.0,42.0,20.087719298245613,0.24186991869918706,2.5725677830940987,6.70000000000003,3.1752791068580537,3.2999999999999976,2.7793162023565015,1,
2797,200,0.06099276673222606,38.22499999999995,0.11469278602542878,2.0,0.0,40.0,19.588323353293415,0.1763565891472869,5.56437125748503,5.800000000000018,3.174850299401201,3.4999999999999956,2.157366339251916,1,
2798,200,0.06093180445171429,28.674999999999965,0.11468069408253936,2.0,0.0,48.0,20.0764192139738,0.44387755102040816,2.1157205240174672,9.80000000000003,3.8766375545851584,4.200000000000001,4.870503615985695,2,
2799,200,0.06087090310301205,25.024999999999977,0.11466701201642486,8.0,0.0,44.0,16.056603773584907,0.3026315789473685,3.0679245283018868,8.100000000000023,2.5677358490566036,1.7999999999999983,4.1904645085956425,3,
2800,200,0.06081006262521795,37.924999999999955,0.11464996912392257,3.0,1.0,43.0,20.45040650406504,0.27066115702479343,5.104065040650407,6.7000000000000055,3.246016260162602,3.199999999999997,2.500702123609299,1,
2801,200,0.060749282957491574,41.62499999999997,0.11462077911196673,2.0,1.0,39.0,17.613513513513514,0.09444444444444455,6.664864864864865,4.199999999999987,1.8856756756756698,1.7999999999999976,0.5834985819915639,1,
2802,200,0.06068856403905322,30.94999999999994,0.11460085491860506,2.0,0.0,41.0,18.869127516778523,0.2767857142857143,4.253355704697986,6.700000000000021,3.1446308724832246,3.099999999999996,3.164023703953967,2,
2803,200,0.06062790580918396,28.44999999999996,0.11458206088732209,2.0,0.0,40.0,17.462857142857143,0.36340206185567014,1.3276190476190477,6.7000000000000055,2.319619047619046,1.5999999999999983,2.7737775375148863,2,
2804,200,0.060567308207225536,13.72499999999998,0.11457914402890504,9.0,0.0,47.0,20.686192468619247,0.7193877551020408,0.07112970711297072,10.400000000000025,4.683682008368207,4.399999999999998,9.322783963585481,3,
2805,200,0.06050677117258039,40.09999999999995,0.1145564720010466,2.0,0.0,40.0,19.04913294797688,0.1484962406015038,5.598265895953757,5.900000000000003,2.8973988439306324,3.0999999999999948,2.1093907025600243,1,
2806,200,0.06044629464471146,40.224999999999966,0.11453283149832824,2.0,1.0,41.0,17.785100286532952,0.15234375,3.608882521489971,5.699999999999994,2.137106017191973,2.0999999999999988,1.1629378513679054,1,
2807,200,0.06038587856314221,9.674999999999985,0.11451674152078756,7.0,0.0,40.0,18.454183266932272,0.6704545454545454,0.1394422310756972,6.700000000000013,3.6780876494023995,4.8,4.4362038095238425,3,
2808,200,0.06032552286745654,39.099999999999966,0.11449950937137315,2.0,0.0,41.0,18.70262390670554,0.16287878787878785,7.723032069970846,6.200000000000002,2.686151603498539,2.5499999999999954,1.6873774051997992,1,
2809,200,0.060265227497298776,28.92499999999997,0.11448427193708442,3.0,0.0,44.0,18.15442561205273,0.3519417475728155,2.760828625235405,7.300000000000012,3.1030131826742005,2.6999999999999966,3.3661422187544523,2,
2810,200,0.06020499239237354,37.224999999999966,0.11445446227636488,2.0,0.0,39.0,18.1343085106383,0.09586466165413543,6.0,5.600000000000004,2.115691489361699,1.9000000000000064,1.3797030254481473,2,
2811,200,0.06014481749244571,36.27499999999996,0.1144299691474381,2.0,0.0,41.0,18.12619808306709,0.258695652173913,2.1293929712460065,5.899999999999993,1.9870607028753968,1.7999999999999965,1.667520535885165,1,
2812,200,0.06008470273734036,37.19999999999995,0.11441252983232209,2.0,1.0,43.0,19.861538461538462,0.21850393700787407,6.013846153846154,6.700000000000036,3.2438461538461554,3.499999999999993,2.2636982572739983,1,
2813,200,0.060024648066942785,39.17499999999997,0.11438554969933006,2.0,0.0,39.0,17.769679300291546,0.15625,3.9839650145772594,4.699999999999996,2.126384839650142,1.8999999999999977,1.2444814118297047,1,
2814,200,0.05996465342119827,39.02499999999996,0.11436600340036568,3.0,0.0,40.0,19.263076923076923,0.19841269841269837,5.118461538461538,6.500000000000003,2.884769230769231,2.8999999999999915,2.6355434924106436,1,
2815,200,0.05990471874011218,24.37499999999996,0.11434091763905736,2.0,0.0,40.0,17.80217391304348,0.4367469879518072,0.8673913043478261,5.8000000000000025,2.52282608695652,2.5999999999999965,2.2490330767158646,2,
2816,200,0.059844843963749825,28.599999999999955,0.11432505772389856,3.0,0.0,43.0,19.14949494949495,0.3877551020408163,1.5393939393939393,6.900000000000023,3.6183838383838425,3.699999999999996,4.641761786600523,2,
2817,200,0.059785029032236384,37.67499999999996,0.11430346625787877,2.0,0.0,39.0,18.91846153846154,0.19672131147540983,4.178461538461539,5.199999999999992,2.6779999999999973,2.6999999999999953,1.2679651549471107,1,
2818,200,0.05972527388575699,36.224999999999945,0.11428486058003169,3.0,0.0,43.0,21.31578947368421,0.23809523809523814,6.6028708133971294,6.900000000000018,3.9121212121212205,4.000000000000005,3.0081222909586973,1,
2819,200,0.05966557846455646,29.14999999999997,0.11427357462548851,3.0,0.0,44.0,18.62863070539419,0.41145833333333337,2.475103734439834,7.600000000000007,3.188174273858921,3.049999999999999,3.226367815498256,2,
2820,200,0.05960594270893937,36.87499999999996,0.11424749083643511,2.0,0.0,41.0,19.09430894308943,0.27155172413793105,2.183739837398374,5.999999999999997,2.4323577235772325,2.099999999999996,1.6581280934049691,1,
2821,200,0.05954636655926992,30.474999999999962,0.11423006934786942,2.0,0.0,45.0,18.880866425992778,0.32272727272727275,5.830324909747293,7.8000000000000345,3.513537906137187,3.5999999999999934,3.178040076242633,2,
2822,200,0.05948684995597202,37.624999999999964,0.11420324285960307,3.0,1.0,38.0,18.18804664723032,0.157258064516129,5.957725947521866,6.499999999999999,2.3774052478134076,2.1999999999999957,1.5186034913248134,1,
2823,200,0.05942739283952904,37.84999999999996,0.11418872425817399,2.0,0.0,42.0,19.866666666666667,0.25413223140495866,3.539837398373984,6.199999999999998,2.895772357723575,2.5999999999999974,1.8110438258809631,1,
2824,200,0.05936799515048385,25.674999999999965,0.11417941848155347,2.0,1.0,44.0,20.507726269315672,0.4587912087912088,2.686534216335541,7.50000000000004,4.002207505518774,4.4999999999999964,3.5348026392733596,2,
2825,200,0.05930865682943872,17.549999999999976,0.1141717181442052,5.0,0.0,48.0,17.307692307692307,0.5615942028985508,0.6581196581196581,10.200000000000037,3.678917378917386,2.699999999999998,7.76087207792214,3,
2826,200,0.0592493778170554,30.574999999999967,0.11415502573035581,2.0,0.0,47.0,18.014598540145986,0.3194444444444444,3.167883211678832,9.100000000000028,3.2536496350364996,3.099999999999998,4.546224446642254,2,
2827,200,0.05919015805405483,34.87499999999997,0.11413026095671933,2.0,0.0,36.0,17.945249597423512,0.2407407407407407,2.8003220611916264,4.399999999999997,1.8199677938808334,1.7999999999999963,0.7852716004563822,1,
2828,200,0.05913099748121725,40.99999999999996,0.11410784898566773,2.0,0.0,43.0,19.67507418397626,0.18333333333333335,3.6810089020771515,8.500000000000028,3.2467359050445124,3.3999999999999924,3.484129062792382,1,
2829,200,0.05907189603938205,19.399999999999984,0.11409949284083856,6.0,0.0,52.0,16.2,0.4894366197183099,0.11470588235294117,12.10000000000003,3.625000000000004,2.099999999999998,10.875145546241804,3,
2830,200,0.05901285366944784,30.67499999999995,0.11407905649038161,2.0,0.0,41.0,19.620034542314336,0.3055555555555556,4.2642487046632125,7.200000000000018,3.4198618307426614,3.099999999999996,3.380772759813889,2,
2831,200,0.05895387031237222,31.074999999999978,0.114062807275666,2.0,0.0,39.0,15.996350364963504,0.29500000000000004,0.9306569343065694,4.299999999999987,1.9901459854014543,2.0999999999999934,0.7911099123218823,2,
2832,200,0.05889494590917182,27.374999999999964,0.11405076523474525,3.0,0.0,42.0,18.435546875,0.34183673469387754,4.1796875,7.0000000000000115,3.3863281250000052,3.5999999999999925,3.2942787715102284,2,
2833,200,0.05883608040092221,25.574999999999974,0.11403619031772814,2.0,0.0,39.0,18.34560327198364,0.401685393258427,1.7505112474437627,5.100000000000002,2.9149284253578696,3.3999999999999955,1.5139961525593824,2,
2834,200,0.058777273728757934,36.77499999999995,0.11401419214634395,2.0,0.0,42.0,20.115015974440894,0.24173553719008267,3.5654952076677318,6.400000000000018,3.1803514376996804,3.2999999999999896,2.026919425837328,1,
2835,200,0.058718525833872284,30.14999999999995,0.11399313960687774,2.0,1.0,40.0,18.803108808290155,0.3119047619047619,3.8998272884283245,6.100000000000011,2.6208981001727105,2.2999999999999963,2.044008053931525,2,
2836,200,0.05865983665751736,38.424999999999955,0.11397964869867241,2.0,0.0,43.0,20.149425287356323,0.26639344262295084,4.06568144499179,7.100000000000001,2.9809523809523792,2.9999999999999982,2.253370685936157,1,
2837,200,0.058601206141003954,25.099999999999962,0.11396847422754974,3.0,0.0,41.0,19.613839285714285,0.4558823529411765,1.421875,5.900000000000018,3.4435267857142913,4.050000000000013,2.983276532986571,2,
2838,200,0.0585426342257016,25.37499999999998,0.1139565082933903,2.0,0.0,40.0,17.374193548387098,0.41470588235294115,1.4064516129032258,4.799999999999995,2.345376344086016,2.3999999999999964,1.0810642666863945,2,
2839,200,0.05848412085303835,29.099999999999962,0.11393489627734601,2.0,0.0,40.0,18.385474860335197,0.351010101010101,2.260707635009311,5.9,2.7996275605214125,2.7999999999999896,1.680899545025804,2,
2840,200,0.05842566596450083,29.749999999999957,0.11391859206235547,2.0,0.0,41.0,17.506172839506174,0.2928571428571428,3.689594356261023,5.799999999999999,2.783245149911815,2.999999999999993,2.018755536754095,2,
2841,200,0.058367269501634116,18.699999999999974,0.11390886106427595,4.0,1.0,43.0,15.05089058524173,0.46126760563380287,0.3638676844783715,7.100000000000021,2.6071246819338447,1.7999999999999976,3.717021651300141,3,
2842,200,0.05830893140604179,15.874999999999982,0.11390188959709123,4.0,0.0,48.0,18.437710437710436,0.5833333333333334,0.15151515151515152,9.800000000000043,4.4983164983165125,4.500000000000002,11.003387901324233,3,
2843,200,0.05825065161938573,28.52499999999997,0.11388755726252615,2.0,1.0,42.0,18.31225296442688,0.3530927835051546,2.432806324110672,6.600000000000016,3.2752964426877496,3.549999999999998,3.31879004823561,2,
2844,200,0.05819243008338615,38.82499999999994,0.11387077746893758,2.0,0.0,42.0,21.261290322580646,0.23818897637795278,4.55,6.7000000000000135,3.7970967741935544,4.1,2.1176422415250986,1,
2845,200,0.058134266739821465,32.24999999999996,0.11385159938095626,2.0,0.0,40.0,17.338658146964857,0.22787610619469034,4.193290734824281,4.9999999999999964,2.400159744408941,2.399999999999994,1.2765687272727242,2,
2846,200,0.0580761615305284,17.574999999999985,0.11383798239660714,3.0,1.0,48.0,15.866459627329192,0.5703125,0.10559006211180125,9.700000000000014,3.0701863354037253,1.899999999999997,7.582600426299406,3,
2847,200,0.058018114397401704,36.42499999999995,0.11381430644063431,2.0,0.0,40.0,20.34975369458128,0.2542016806722689,2.9047619047619047,6.900000000000015,3.101149425287354,2.9999999999999947,2.3495124029335734,1,
2848,200,0.057960125282394234,32.24999999999998,0.11380039557184017,2.0,1.0,39.0,18.072758037225043,0.2920560747663551,2.170896785109983,4.499999999999989,2.1859560067681847,2.1999999999999926,0.8571148648648635,2,
2849,200,0.057902194127516855,37.19999999999996,0.11378573149155592,2.0,1.0,39.0,19.82753164556962,0.22478991596638664,5.106012658227848,5.8999999999999995,3.0718354430379726,3.300000000000008,1.3535772351617188,1,
2850,200,0.057844320874838456,35.47499999999996,0.1137610590981118,2.0,0.0,39.0,19.448757763975156,0.20454545454545459,6.031055900621118,5.099999999999998,2.952173913043476,3.100000000000006,1.2014733263409187,1,
2851,200,0.057786505466485755,33.29999999999997,0.11374050461363781,2.0,0.0,35.0,18.238095238095237,0.2548076923076923,2.2118226600985222,3.6999999999999975,1.8341543513957241,1.7999999999999927,0.6036955349439188,1,
2852,200,0.05772874784464333,35.32499999999996,0.11371357778855623,3.0,0.0,42.0,19.663414634146342,0.2584745762711864,4.74959349593496,6.200000000000012,2.7738211382113813,2.899999999999998,1.5687984897838352,1,
2853,200,0.057671047951553533,22.574999999999974,0.11370076871363902,5.0,0.0,45.0,15.334033613445378,0.34195402298850575,3.777310924369748,7.800000000000032,2.7109243697479015,2.0499999999999954,3.1629618448637578,3,
2854,200,0.05761340572951652,37.07499999999996,0.11367326063570476,2.0,0.0,39.0,18.792284866468844,0.17975206611570238,3.9243323442136497,6.400000000000005,2.7170623145400588,2.6999999999999975,2.0105293269495443,1,
2855,200,0.05755582112089005,38.97499999999996,0.11365613623293724,3.0,1.0,43.0,20.25925925925926,0.25,4.663446054750403,6.900000000000023,3.2083735909822853,3.39999999999999,2.0895005186184097,1,
2856,200,0.057498294068089484,35.34999999999996,0.1136331120689027,2.0,1.0,38.0,18.58150470219436,0.2192982456140351,2.58307210031348,5.600000000000013,2.3813479623824425,2.2999999999999954,1.6060353574438149,1,
2857,200,0.05744082451358776,37.924999999999955,0.11360561803829913,2.0,0.0,38.0,18.255405405405405,0.0984848484848484,6.481081081081081,5.400000000000019,2.2708108108108083,1.9499999999999935,1.719988970031001,1,
2858,200,0.05738341239991535,31.174999999999947,0.11359015894174769,2.0,0.0,44.0,19.274193548387096,0.26724137931034486,5.824193548387097,7.800000000000019,3.2087096774193555,2.899999999999996,3.208416359043618,2,
2859,200,0.05732605766966013,28.89999999999996,0.11357301590919237,2.0,0.0,43.0,19.863198458574182,0.37745098039215685,4.394990366088632,7.7000000000000135,3.7874759152215853,3.9999999999999996,4.764157558657595,2,
2860,200,0.05726876026546736,35.57499999999995,0.11355215503227531,3.0,1.0,42.0,20.11755485893417,0.2295081967213115,6.19435736677116,6.100000000000045,3.3029780564263356,3.2499999999999947,2.3156551273452926,1,
2861,200,0.0572115201300396,29.799999999999972,0.11353806881981245,4.0,1.0,42.0,17.44632768361582,0.32499999999999996,1.3521657250470809,7.500000000000012,2.8634651600753287,2.4999999999999902,3.6853449425450586,2,
2862,200,0.05715433720613676,35.84999999999997,0.11352144168238434,2.0,0.0,36.0,18.417077175697866,0.2546728971962616,2.039408866995074,3.6999999999999926,1.941543513957301,1.999999999999988,0.5347780414150102,1,
2863,200,0.05709721143657589,38.52499999999996,0.11350577594323738,2.0,0.0,41.0,19.379585326953748,0.23750000000000004,2.7001594896331738,5.399999999999998,2.750398724082928,2.8999999999999964,1.0715615779084626,1,
2864,200,0.057040142764231215,34.17499999999997,0.11348147338788973,2.0,0.0,35.0,18.99671592775041,0.2548076923076923,2.3661740558292284,4.299999999999998,2.289326765188828,2.2999999999999923,0.6399042277825708,1,
2865,200,0.056983131132034036,18.999999999999986,0.11347089990309722,3.0,0.0,46.0,15.508021390374331,0.4401408450704225,0.7513368983957219,8.900000000000027,3.2585561497326228,2.049999999999999,6.659265844504059,3,
2866,200,0.056926176482972754,33.49999999999998,0.11345452844318377,2.0,0.0,39.0,16.396166134185304,0.22297297297297303,3.583067092651757,4.699999999999989,1.8346645367412087,1.7999999999999927,0.8248867368421008,2,
2867,200,0.056869278760092706,28.399999999999967,0.11344424324800378,3.0,0.0,43.0,19.437246963562753,0.37244897959183676,5.103238866396761,7.800000000000018,3.866194331983815,4.3,4.378045157456962,2,
2868,200,0.056812437906496156,29.574999999999964,0.11342683447209147,2.0,1.0,40.0,18.243243243243242,0.33333333333333337,3.0054054054054054,4.799999999999994,2.5612612612612566,2.7999999999999896,1.1068452458249967,2,
2869,200,0.056755653865342225,22.32499999999996,0.11340862106318585,3.0,0.0,42.0,18.816742081447963,0.490506329113924,1.2647058823529411,7.600000000000019,2.858371040723983,2.499999999999992,4.179781637259895,2,
2870,200,0.0566989265798469,31.924999999999965,0.11339228545522173,2.0,0.0,41.0,17.419354838709676,0.2112068965517242,4.877419354838709,6.600000000000001,2.7925806451612902,2.449999999999995,2.402047976191422,2,
2871,200,0.056642255993282896,20.199999999999974,0.11337811033851938,2.0,1.0,46.0,17.11604938271605,0.493421052631579,2.276543209876543,8.500000000000036,3.217283950617288,3.0999999999999974,3.791279934643747,3,
2872,200,0.056585642048979604,36.924999999999976,0.11336307982731891,2.0,0.0,39.0,18.25705329153605,0.22413793103448265,3.6018808777429467,4.699999999999989,2.1866771159874556,2.299999999999994,0.8282728114720033,1,
2873,200,0.05652908469032304,30.274999999999956,0.11335082592506607,2.0,0.0,39.0,18.94589877835951,0.3125,3.2041884816753927,6.200000000000014,2.782897033158813,2.799999999999997,2.2215990716600635,2,
2874,200,0.05647258386075591,28.24999999999996,0.11333771588441396,3.0,1.0,42.0,18.4453125,0.3560606060606061,3.009765625,6.499999999999997,3.3289062500000037,3.799999999999997,3.146442056434867,2,
2875,200,0.05641613950377735,34.524999999999956,0.11332342160403074,3.0,0.0,39.0,19.78515007898894,0.23275862068965525,6.908372827804107,6.0,3.0565560821485023,2.999999999999991,2.1177545621531055,1,
2876,200,0.05635975156294299,30.799999999999965,0.11330736084778051,2.0,0.0,41.0,18.516579406631763,0.3060747663551402,4.37347294938918,5.800000000000009,2.955671902268763,2.999999999999998,2.0736783338612703,2,
2877,200,0.05630341998186487,23.799999999999976,0.1132969233520512,3.0,0.0,42.0,16.2020202020202,0.3706896551724138,2.6565656565656566,6.599999999999997,2.275353535353531,2.1999999999999944,1.803036273997646,3,
2878,200,0.05624714470421144,30.599999999999934,0.11328218507608843,2.0,0.0,45.0,21.905629139072847,0.3070175438596491,5.821192052980132,9.100000000000033,4.295529801324514,4.300000000000026,4.435670983923388,2,
2879,200,0.056190925673707405,29.299999999999955,0.1132639950154617,4.0,0.0,45.0,19.24581005586592,0.3713592233009708,3.3091247672253257,8.200000000000044,3.3158286778398547,2.599999999999998,4.638964794984243,2,
2880,200,0.056134762834133725,28.374999999999993,0.11325057001992159,3.0,0.0,38.0,15.675471698113208,0.303763440860215,1.4169811320754717,3.599999999999986,1.8092452830188634,1.9999999999999878,0.6612942374305308,2,
2881,200,0.05607865612932754,43.22499999999994,0.11322361686576482,2.0,0.0,39.0,19.4925,0.028169014084507005,7.43375,5.700000000000009,2.445499999999997,2.1500000000000012,1.5194321241126967,0,
2882,200,0.05602260550318217,29.699999999999964,0.11321254593762245,3.0,0.0,45.0,19.75529865125241,0.3820754716981132,6.865125240847784,8.600000000000026,3.722736030828522,3.899999999999996,4.620540689040719,2,
2883,200,0.05596661089964698,28.52499999999997,0.11319971014540424,2.0,0.0,42.0,18.433925049309664,0.384020618556701,2.883629191321499,7.000000000000003,3.06410256410256,2.9999999999999982,2.489095810899136,2,
2884,200,0.055910672262727355,36.524999999999956,0.11318718838448996,2.0,0.0,38.0,20.008130081300813,0.2456140350877194,3.040650406504065,5.600000000000005,2.980650406504066,3.100000000000005,1.5304101273319541,1,
2885,200,0.05585478953648462,18.67499999999998,0.11316915076994966,4.0,0.0,41.0,16.448275862068964,0.5035211267605634,1.1650246305418719,5.900000000000011,2.2635467980295543,1.9999999999999936,2.4871591591591664,3,
2886,200,0.05579896266503611,31.874999999999964,0.11315159986966619,2.0,0.0,39.0,18.059766763848398,0.15573770491803285,5.809037900874635,6.6,2.6153061224489775,2.449999999999995,2.1987062548475915,2,
2887,200,0.055743191592554905,37.79999999999996,0.11313546826303747,2.0,0.0,40.0,19.023952095808383,0.1796875,5.655688622754491,5.300000000000013,2.8362275449101793,3.1000000000000103,1.5896791514556645,1,
2888,200,0.05568747626326995,28.02499999999997,0.11312244954195128,2.0,0.0,42.0,18.295620437956206,0.2936893203883495,4.733576642335766,7.600000000000012,3.4288321167883278,3.65000000000001,4.316737828126953,2,
2889,200,0.055631816621465865,42.62499999999994,0.11310065686828574,2.0,0.0,40.0,18.74738219895288,0.07638888888888884,5.175392670157068,6.200000000000014,2.384816753926701,1.999999999999998,2.193516682513992,1,
2890,200,0.05557621261148306,37.624999999999964,0.11307765192076416,3.0,1.0,40.0,19.07741935483871,0.24572649572649574,2.4919354838709675,4.999999999999993,2.486774193548382,2.4999999999999933,0.8978596718513799,1,
2891,200,0.055520664177717505,37.02499999999996,0.11306052436997527,2.0,0.0,38.0,19.44984326018809,0.21153846153846145,4.368338557993731,5.400000000000001,2.9023510971786846,2.95,1.6542148372530747,1,
2892,200,0.05546517126462075,30.599999999999966,0.1130486235541806,3.0,0.0,41.0,17.67984934086629,0.33999999999999997,1.5216572504708097,6.500000000000013,2.8182674199623343,2.699999999999989,2.663046744219049,2,
2893,200,0.055409733816699856,30.774999999999967,0.1130392127294412,3.0,0.0,44.0,18.376,0.365,0.82,8.600000000000005,3.275600000000003,2.499999999999994,5.465466501866028,2,
2894,200,0.05535435177851743,19.949999999999985,0.11303431558675403,5.0,0.0,45.0,15.303571428571429,0.38013698630136983,2.0331632653061225,8.800000000000034,3.250510204081638,2.099999999999998,6.344632865426342,3,
2895,200,0.05529902509469138,28.624999999999957,0.11302365556026313,2.0,1.0,40.0,18.7009009009009,0.31862745098039214,4.814414414414414,5.90000000000002,3.2218018018018095,3.800000000000016,2.378577448510529,2,
2896,200,0.055243753709895045,41.524999999999956,0.11300523556051309,2.0,0.0,43.0,18.70212765957447,0.10172413793103452,5.976063829787234,7.800000000000024,2.456382978723403,1.7999999999999987,3.009060323287427,1,
2897,200,0.055188537568857,27.374999999999964,0.11299638749420352,4.0,0.0,43.0,18.207112970711297,0.4111111111111111,1.8221757322175731,7.200000000000029,2.9807531380753165,2.8499999999999943,4.494586468139887,2,
2898,200,0.05513337661636114,26.82499999999996,0.1129870530099219,3.0,0.0,42.0,18.579520697167755,0.4297752808988764,1.0392156862745099,6.300000000000014,2.991067538126361,2.8999999999999955,3.1494994304158035,2,
2899,200,0.05507827079724649,40.324999999999946,0.1129712560313513,2.0,0.0,43.0,19.362397820163487,0.1161971830985915,8.333787465940054,6.600000000000012,2.969891008174386,2.9999999999999902,2.0266585182504193,1,
2900,200,0.05502322005640723,40.29999999999997,0.11295293892140461,2.0,0.0,40.0,17.47645429362881,0.12692307692307692,2.64404432132964,5.299999999999995,1.894875346260384,1.599999999999998,1.4136745107743744,1,
2901,200,0.054968224338792594,26.024999999999967,0.11294502486440033,2.0,0.0,42.0,19.08744394618834,0.45114942528735635,1.204035874439462,6.3000000000000265,3.1132286995515717,3.3999999999999977,2.7116547771661392,2,
2902,200,0.05491328358940689,14.749999999999977,0.11293658720341727,4.0,0.0,46.0,17.941747572815533,0.5666666666666667,0.24271844660194175,9.300000000000042,4.288673139158587,4.400000000000008,10.01962065354009,3,
2903,200,0.05485839775330936,29.67499999999997,0.11292820472250392,3.0,0.0,45.0,18.830107526881722,0.43229166666666663,0.567741935483871,8.200000000000008,3.1905376344086034,2.699999999999996,4.733179665532056,2,
2904,200,0.054803566775614154,38.19999999999997,0.11290391162914702,2.0,1.0,38.0,17.540114613180517,0.1379999999999999,4.5573065902578795,4.499999999999988,1.9901146131805096,1.7999999999999992,0.8469097480926803,1,
2905,200,0.054748790601490266,37.89999999999996,0.11289105666714608,2.0,1.0,40.0,18.906602254428343,0.2457627118644068,2.5523349436392913,5.499999999999995,2.396779388083732,2.3999999999999932,1.2988979877606033,1,
2906,200,0.05469406917616156,27.14999999999998,0.112877351208541,2.0,1.0,43.0,17.681159420289855,0.40934065934065933,0.7639751552795031,7.4,2.6710144927536206,3.199999999999995,2.876480659099478,2,
2907,200,0.054639402444906594,31.99999999999998,0.11286338195122199,2.0,0.0,46.0,17.952296819787986,0.2901785714285714,4.439929328621908,8.600000000000032,3.2355123674911686,2.9999999999999956,3.4836084031777483,2,
2908,200,0.054584790353058625,36.77499999999997,0.11284621129325477,2.0,1.0,39.0,18.442196531791907,0.1565040650406504,5.890173410404624,5.2000000000000215,2.5332369942196538,2.199999999999995,1.4912394567966365,1,
2909,200,0.054530232846005534,25.199999999999974,0.11283664623753153,2.0,0.0,44.0,19.769392033542978,0.42934782608695654,2.148846960167715,7.400000000000045,3.799580712788272,4.100000000000008,3.6982550719032745,2,
2910,200,0.05447572986918986,36.02499999999995,0.11281807862926661,2.0,0.0,40.0,20.45648604269294,0.2630434782608696,3.3251231527093594,5.300000000000007,3.165188834154354,3.5999999999999965,1.876494391717004,1,
2911,200,0.05442128136810859,39.574999999999974,0.11280451737517239,2.0,0.0,40.0,18.34272997032641,0.1785714285714286,4.4183976261127595,5.699999999999993,2.4473293768545936,2.3999999999999893,1.7009239117274726,1,
2912,200,0.05436688728831322,25.12499999999998,0.11279073418161574,2.0,0.0,37.0,17.104536489151872,0.37790697674418605,1.3333333333333333,6.000000000000005,2.1682445759368827,1.5999999999999979,2.2487242071519864,2,
2913,200,0.05431254757540965,40.04999999999997,0.11276992609296785,2.0,0.0,41.0,18.17887323943662,0.14615384615384608,4.812676056338028,5.700000000000021,2.3545070422535184,1.999999999999996,1.8543143509509106,1,
2914,200,0.05425826217505821,42.19999999999997,0.11274993930213008,2.0,1.0,42.0,18.383656509695292,0.13148148148148153,3.853185595567867,7.100000000000006,2.439196675900274,2.2999999999999967,2.114215598820602,1,
2915,200,0.054204031032973464,30.849999999999937,0.11273197990700255,2.0,0.0,41.0,19.903381642512077,0.26754385964912286,4.230273752012883,6.800000000000006,3.161996779388086,3.0999999999999956,3.1975012446841875,2,
2916,200,0.05414985409492427,29.099999999999962,0.11272353462354423,3.0,0.0,47.0,20.510729613733904,0.4267676767676768,2.665236051502146,9.200000000000028,4.239484978540781,4.999999999999999,6.52756970827294,2,
2917,200,0.054095731306733646,25.224999999999973,0.11270931051368008,5.0,0.0,42.0,16.53690036900369,0.3078947368421052,2.243542435424354,7.40000000000001,2.57952029520295,2.2999999999999967,2.894996340587487,3,
2918,200,0.054041662614278875,44.099999999999966,0.11268601595873148,3.0,0.0,39.0,18.15691489361702,0.08214285714285707,4.227393617021277,4.699999999999987,2.1292553191489305,1.7999999999999992,1.1686142779083368,1,
2919,200,0.05398764796349122,27.94999999999997,0.11267508174423158,2.0,0.0,40.0,16.871268656716417,0.3163265306122449,1.7369402985074627,5.900000000000004,2.486940298507463,1.9999999999999967,2.6496147861953823,2,
2920,200,0.05393368730035602,27.649999999999967,0.11265917703543804,2.0,0.0,40.0,17.81142857142857,0.3520408163265306,4.0,5.699999999999999,2.644190476190476,2.3999999999999955,2.174321757176449,2,
2921,200,0.0538797805709126,42.14999999999994,0.11264164048981576,2.0,1.0,41.0,18.935135135135134,0.10106382978723394,5.251351351351351,7.399999999999999,2.678648648648644,2.399999999999989,2.2157373552544892,1,
2922,200,0.05382592772125425,36.89999999999998,0.1126283293587319,2.0,0.0,37.0,17.669826224328595,0.22297297297297303,1.9747235387045814,3.5999999999999917,1.787361769352285,1.7999999999999887,0.5422112965698961,1,
2923,200,0.05377212869752812,27.649999999999967,0.1126198213964439,3.0,0.0,44.0,19.879194630872483,0.4642857142857143,1.3310961968680088,7.500000000000014,3.558612975391502,3.899999999999994,3.266469010249859,2,
2924,200,0.053718383445935165,46.24999999999995,0.11259450446746636,2.0,0.0,40.0,18.82625,0.04370629370629375,3.80875,6.099999999999993,2.045749999999995,1.799999999999991,1.454359209936262,0,
2925,200,0.05366469191273011,22.574999999999967,0.11258072278357947,5.0,0.0,46.0,15.991169977924946,0.41666666666666663,2.1699779249448126,8.700000000000028,2.7293598233995593,2.099999999999997,3.8408123464972417,3,
2926,200,0.053611054044221465,27.89999999999997,0.11257142957621995,3.0,0.0,43.0,18.83227176220807,0.4130434782608695,1.1995753715498938,6.900000000000027,3.2868365180467123,3.499999999999993,4.092584024522198,2,
2927,200,0.053557469786771325,31.14999999999997,0.11255884024773127,2.0,0.0,43.0,19.38447971781305,0.3188073394495413,3.9876543209876543,7.000000000000035,3.5335097001763707,3.499999999999998,3.512327178619449,2,
2928,200,0.05350393908679544,32.499999999999964,0.11254122825453296,2.0,0.0,47.0,18.177419354838708,0.23347107438016534,3.803225806451613,9.200000000000042,3.253225806451614,2.749999999999995,5.041276902385327,2,
2929,200,0.05345046189076308,30.449999999999974,0.11251788800867199,2.0,0.0,41.0,16.308157099697887,0.16228070175438591,3.5075528700906347,6.000000000000017,1.9370090634441064,1.4999999999999976,2.0121545580876448,3,
2930,200,0.053397038145197084,45.84999999999995,0.11249140554862536,3.0,1.0,43.0,19.6975,0.04470198675496695,6.3825,6.700000000000017,2.568499999999996,2.399999999999995,1.717810434078806,0,
2931,200,0.05334366779667368,17.149999999999977,0.1124837180495081,6.0,0.0,46.0,16.557803468208093,0.5075757575757576,1.5867052023121386,8.80000000000004,3.715606936416193,3.1999999999999984,8.830292611619328,3,
2932,200,0.053290350791822524,27.774999999999956,0.11246732048700958,2.0,0.0,45.0,19.94931773879142,0.395,3.337231968810916,8.200000000000014,3.8604288499025365,3.5999999999999965,4.282212579036987,2,
2933,200,0.05323708707732657,37.699999999999946,0.11245107417125941,2.0,0.0,40.0,20.09131736526946,0.17578125,7.1467065868263475,6.399999999999996,3.47664670658683,3.9000000000000004,2.674101334982747,1,
2934,200,0.05318387659992216,25.274999999999977,0.11243526448227878,3.0,0.0,41.0,15.299638989169676,0.25,1.8935018050541517,5.900000000000018,2.2290613718411545,1.849999999999995,2.063295733346377,3,
2935,200,0.05313071930639878,29.224999999999966,0.11242052599855731,3.0,0.0,45.0,18.24105461393597,0.37376237623762376,2.111111111111111,8.100000000000028,2.8736346516007525,2.1999999999999953,4.126890126259072,2,
2936,200,0.053077615143599134,27.224999999999966,0.11241047771815038,2.0,0.0,46.0,20.12362030905077,0.46505376344086025,1.9911699779249448,8.400000000000029,3.771743929359832,4.300000000000003,3.671316615336666,2,
2937,200,0.05302456405841903,13.549999999999978,0.11240310849937797,4.0,0.0,45.0,18.46268656716418,0.6826923076923077,0.8097014925373134,8.20000000000003,3.8690298507462737,3.7499999999999956,6.989996379989734,3,
2938,200,0.052971565997807425,38.27499999999996,0.11239238543399051,2.0,0.0,43.0,20.024390243902438,0.25813008130081305,5.0894308943089435,6.699999999999999,2.9904065040650387,2.999999999999994,2.3447434324633067,1,
2939,200,0.052918620908766235,42.499999999999964,0.11236784754102694,2.0,0.0,38.0,17.412868632707774,0.08458646616541343,2.689008042895442,3.899999999999992,1.726139410187662,1.6999999999999895,0.5948808028534686,1,
2940,200,0.05286572873835037,32.32499999999996,0.11235572818246647,3.0,0.0,48.0,19.21746575342466,0.31465517241379315,3.316780821917808,9.700000000000008,3.4825342465753417,3.1999999999999975,4.508269809854729,2,
2941,200,0.05281288943366762,38.74999999999994,0.11233508259650027,2.0,1.0,38.0,19.587012987012987,0.059352517985611586,7.974025974025974,5.900000000000004,2.833376623376623,2.999999999999993,1.6613433485298548,1,
2942,200,0.052760102941878724,28.42499999999997,0.11232223960709005,3.0,0.0,43.0,18.34765625,0.3622448979591837,2.1328125,6.900000000000004,3.2703125000000033,3.3999999999999977,3.7510860866016054,2,
2943,200,0.05270736921019717,35.27499999999996,0.11230117904396138,2.0,0.0,42.0,19.10305958132045,0.2585470085470085,2.217391304347826,6.000000000000003,2.514653784218996,2.499999999999993,1.3023812363862648,1,
2944,200,0.05265468818588921,40.24999999999997,0.11228512924419176,2.0,0.0,41.0,18.349431818181817,0.1425925925925926,4.71875,5.3999999999999995,2.4687499999999964,2.399999999999994,1.3352193133783274,1,
2945,200,0.05260205981627384,34.649999999999935,0.11227162028055923,3.0,0.0,50.0,21.963258785942493,0.29761904761904767,7.006389776357827,11.10000000000003,4.289297124600646,4.1999999999999975,5.90451712918663,1,
2946,200,0.05254948404872264,27.949999999999967,0.11226355892288742,2.0,0.0,45.0,19.873706004140786,0.41836734693877553,2.401656314699793,8.400000000000004,3.8908902691511438,3.699999999999991,5.150787953088064,2,
2947,200,0.05249696083065988,27.92499999999996,0.11225269903772148,2.0,0.0,45.0,20.074074074074073,0.4447368421052632,1.4945533769063182,7.800000000000017,3.7989106753812654,3.699999999999995,4.175900987279303,2,
2948,200,0.05244449010956234,33.549999999999955,0.11223274221411508,2.0,0.0,41.0,19.124600638977636,0.25900900900900903,3.319488817891374,5.60000000000001,2.5861022364217248,2.499999999999994,1.8106900669856478,1,
2949,200,0.052392071832959276,16.624999999999982,0.11222593174612021,5.0,0.0,50.0,17.73489932885906,0.5806451612903226,0.0436241610738255,11.100000000000039,4.108724832214776,4.5,9.887887571365914,3,
2950,200,0.05233970594843238,37.49999999999995,0.11221231649607227,2.0,1.0,39.0,19.568690095846645,0.22899159663865554,4.888178913738019,5.699999999999998,2.8525559105431277,2.799999999999998,1.4273533397129206,1,
2951,200,0.05228739240361583,34.674999999999955,0.112195056414722,3.0,0.0,43.0,17.053797468354432,0.2124999999999999,3.944620253164557,7.199999999999997,2.5012658227848097,1.7999999999999978,3.1959557661927476,2,
2952,200,0.05223513114619603,40.224999999999966,0.1121798185554098,2.0,0.0,39.0,18.15735294117647,0.1626984126984128,3.541176470588235,4.8999999999999915,2.350294117647055,2.3999999999999972,1.3930029260443852,1,
2953,200,0.052182922123911735,29.49999999999997,0.11216627988764036,2.0,0.0,42.0,17.658396946564885,0.3242574257425742,2.4751908396946565,6.400000000000016,2.9778625954198454,2.7999999999999967,2.738794719111359,2,
2954,200,0.05213076528455389,39.174999999999955,0.11215263382618246,3.0,0.0,41.0,19.798722044728436,0.22983870967741926,3.376996805111821,6.200000000000007,2.990575079872203,3.0999999999999934,2.0493892440191437,1,
2955,200,0.05207866057596569,26.39999999999997,0.1121416519897564,2.0,0.0,38.0,16.40082644628099,0.37790697674418605,0.3367768595041322,4.499999999999992,1.9601239669421444,1.8999999999999926,1.3284362340184768,2,
2956,200,0.052026607946042414,34.94999999999997,0.11212466731632548,2.0,0.0,40.0,17.36646884272997,0.16463414634146334,3.4421364985163203,5.400000000000014,2.3850148367952495,2.1999999999999944,1.6826426503769774,2,
2957,200,0.05197460734273142,27.17499999999997,0.11210678933225068,3.0,1.0,41.0,17.276752767527675,0.31060606060606055,2.348708487084871,6.000000000000009,2.764391143911437,2.999999999999997,2.1853630647835183,2,
2958,200,0.05192265871403207,23.42499999999996,0.11209485097900572,4.0,0.0,43.0,19.0062893081761,0.4418604651162791,3.9224318658280923,8.100000000000003,3.275052410901471,3.000000000000004,4.7258344467494355,2,
2959,200,0.051870762007995785,32.27499999999997,0.11208143457444361,2.0,0.0,42.0,16.71841155234657,0.28773584905660377,2.167870036101083,6.100000000000008,2.4889891696750874,2.3,2.4264029128586104,2,
2960,200,0.05181891717272583,22.249999999999982,0.1120666635066169,3.0,0.0,47.0,14.718676122931441,0.41874999999999996,0.7683215130023641,9.400000000000016,2.483924349881796,1.4999999999999973,6.242235088974354,3,
2961,200,0.051767124156377374,37.949999999999946,0.11205383485212289,3.0,0.0,41.0,20.646153846153847,0.20669291338582685,4.549230769230769,8.700000000000015,3.714615384615384,3.5999999999999925,4.067196017032011,1,
2962,200,0.05171538290715736,28.474999999999966,0.11204298305279034,2.0,0.0,42.0,18.697722567287784,0.381578947368421,1.1283643892339545,7.000000000000011,3.3157349896480337,3.299999999999996,3.601796834813636,2,
2963,200,0.05166369337332458,37.424999999999955,0.1120340650365723,2.0,0.0,41.0,20.059113300492612,0.26694915254237284,3.09688013136289,5.999999999999999,2.926765188834149,2.899999999999996,1.7319155522001703,1,
2964,200,0.05161205550318949,29.27499999999997,0.11202375968225955,3.0,1.0,43.0,18.936127744510976,0.384020618556701,2.5049900199600796,6.900000000000018,3.5085828343313388,3.499999999999999,2.9143291633466286,2,
2965,200,0.0515604692451142,32.049999999999955,0.11200627086240048,2.0,0.0,42.0,17.495253164556964,0.23706896551724133,3.1487341772151898,6.600000000000027,2.3275316455696196,1.7999999999999963,2.286336340170712,2,
2966,200,0.051508934547512424,33.52499999999997,0.11199137831796571,2.0,0.0,42.0,17.50996677740864,0.25,1.8073089700996678,6.100000000000016,2.7958471760797345,2.5499999999999963,2.6176810070556926,2,
2967,200,0.051457451358849514,38.849999999999945,0.11196843795832488,2.0,1.0,44.0,19.434840425531913,0.11861313868613133,6.017287234042553,7.600000000000041,2.896010638297871,2.599999999999997,3.0475426655561804,2,
2968,200,0.051406019627642255,34.52499999999995,0.111948207940394,2.0,0.0,39.0,19.615384615384617,0.2158119658119657,4.187692307692307,7.500000000000012,3.0961538461538494,3.300000000000002,2.9602537520799,1,
2969,200,0.051354639302458906,40.849999999999966,0.11193411833727766,2.0,0.0,40.0,18.722551928783382,0.1692307692307693,4.514836795252226,5.799999999999999,2.6752225519287776,2.499999999999999,1.451510935006326,1,
2970,200,0.05130331033191911,31.84999999999998,0.11192309460017133,2.0,0.0,41.0,16.333928571428572,0.2785714285714286,0.5482142857142858,5.600000000000007,2.2582142857142826,1.8999999999999992,2.064046250147479,2,
2971,200,0.05125203266469395,33.19999999999994,0.11190417875213474,4.0,0.0,42.0,20.53008130081301,0.2844827586206896,2.364227642276423,7.3000000000000105,3.293821138211384,3.3999999999999986,2.912554888108643,2,
2972,200,0.05120080624950572,29.99999999999995,0.11188487471810213,2.0,0.0,42.0,17.572871572871573,0.11250000000000004,7.183261183261183,6.10000000000002,2.5477633477633472,2.49999999999999,1.9293099815095607,3,
2973,200,0.05114963103512801,40.29999999999995,0.11186406285199016,2.0,0.0,43.0,19.615384615384617,0.12681159420289845,7.758241758241758,7.2000000000000055,3.152197802197801,3.1999999999999966,2.189147651905821,1,
2974,200,0.05109850697038558,37.14999999999996,0.11184973676151122,2.0,1.0,41.0,19.59472049689441,0.22478991596638664,5.175465838509317,6.000000000000002,3.0397515527950296,3.29999999999999,1.2506277984737255,1,
2975,200,0.051047434004154395,31.47499999999996,0.11183816361442131,2.0,0.0,45.0,19.633603238866396,0.37621359223300976,2.3927125506072873,8.300000000000026,3.9840080971659977,4.050000000000001,6.860076013686604,2,
2976,200,0.050996412085361466,28.599999999999962,0.111826341817198,2.0,0.0,42.0,19.905050505050504,0.39432989690721654,2.191919191919192,8.000000000000009,3.943232323232332,4.899999999999999,5.666840962517996,2,
2977,200,0.05094544116298488,26.699999999999974,0.1118120627838952,2.0,1.0,45.0,16.34417808219178,0.25476190476190474,3.1335616438356166,8.100000000000033,2.5106164383561653,1.8999999999999926,3.304486021316242,3,
2978,200,0.05089452118605367,33.67499999999997,0.11180058269125737,2.0,0.0,45.0,17.679153094462542,0.2543103448275862,2.560260586319218,8.200000000000003,2.8008143322475583,1.9999999999999976,4.576477274234417,2,
2979,200,0.05084365210364792,26.79999999999996,0.11179238007092067,3.0,0.0,48.0,19.86800894854586,0.4915730337078652,0.7024608501118568,10.500000000000018,3.5519015659955278,2.9000000000000195,6.842799087123666,2,
2980,200,0.0507928338648985,17.37499999999998,0.1117858421092486,6.0,0.0,50.0,18.56756756756757,0.5661764705882353,0.21621621621621623,11.300000000000033,4.67327327327328,2.5999999999999988,14.582570341245296,3,
2981,200,0.05074206641898719,37.24999999999996,0.11176356959481362,2.0,0.0,41.0,19.0459940652819,0.18700787401574792,5.192878338278931,6.4,2.8692878338278938,2.1999999999999993,2.805784007484479,1,
2982,200,0.050691349715146494,33.49999999999994,0.11174600760492157,2.0,0.0,42.0,20.745484400656814,0.2760869565217391,5.568144499178982,6.500000000000009,3.3385878489326792,3.499999999999996,1.9562338222605775,1,
2983,200,0.05064068370265976,13.624999999999982,0.11174249322324743,2.0,0.0,43.0,17.248251748251747,0.5707547169811321,0.06643356643356643,7.600000000000022,3.6706293706293778,3.5499999999999967,6.637959777492555,3,
2984,200,0.05059006833086096,27.89999999999997,0.111736045384523,3.0,0.0,43.0,19.16370808678501,0.37755102040816324,3.5798816568047336,8.700000000000031,3.6558185404339287,3.3999999999999964,5.699569185521818,2,
2985,200,0.050539503549134696,26.499999999999964,0.11173047612067208,3.0,0.0,45.0,20.101149425287357,0.4913793103448276,0.7609195402298851,8.200000000000017,3.5285057471264394,3.399999999999995,5.1410536718387,2,
2986,200,0.05048898930691617,28.374999999999964,0.1117190283169474,2.0,0.0,42.0,18.940119760479043,0.3891752577319587,2.0778443113772456,7.700000000000012,3.3696606786427177,2.899999999999996,3.6207705976095843,2,
2987,200,0.05043852555369119,31.324999999999978,0.11170573978788823,2.0,1.0,39.0,16.20719178082192,0.25,4.059931506849315,4.499999999999988,2.120205479452049,2.0999999999999983,1.0613756725454784,2,
2988,200,0.05038811223899596,17.49999999999998,0.11168965568294842,3.0,0.0,40.0,14.366336633663366,0.37142857142857144,1.0643564356435644,6.400000000000018,2.5866336633663387,1.5999999999999999,3.6322693379897886,3,
2989,200,0.05033774931241717,45.72499999999994,0.11166723748191351,3.0,0.0,40.0,19.7875,0.020000000000000018,5.06625,6.600000000000014,2.6224999999999983,2.399999999999995,2.3038973498396214,0,
2990,200,0.050287436723591865,28.299999999999986,0.11165998842690061,2.0,1.0,42.0,17.874449339207047,0.4388888888888889,0.933920704845815,6.300000000000007,2.4960352422907452,2.399999999999998,2.1908319142226396,2,
2991,200,0.050237174422207494,32.14999999999994,0.11163980115891156,2.0,0.0,44.0,18.722972972972972,0.09615384615384626,4.92972972972973,8.20000000000003,2.707027027027026,2.399999999999997,3.23938896893532,3,
2992,200,0.050186962358001734,31.94999999999996,0.11162573183608926,2.0,0.0,42.0,17.083916083916083,0.30092592592592593,2.56993006993007,6.600000000000007,2.3115384615384604,1.7999999999999956,2.449070153400394,2,
2993,200,0.050136800480762515,36.29999999999995,0.11160860342737108,3.0,1.0,43.0,21.26341463414634,0.26639344262295084,4.930081300813008,7.600000000000006,3.7338211382113853,3.6999999999999957,2.625074453234076,1,
2994,200,0.05008668874032793,38.374999999999964,0.11159871723581252,3.0,0.0,41.0,18.892857142857142,0.21721311475409832,3.2857142857142856,5.999999999999995,2.618633540372669,2.4999999999999956,1.915837534811386,1,
2995,200,0.05003662708658628,17.449999999999974,0.1115948667829184,3.0,0.0,49.0,18.366477272727273,0.5285714285714286,1.6789772727272727,11.900000000000034,4.62812500000001,3.3999999999999986,15.889877000556984,3,
2996,200,0.049986615469475894,35.12499999999996,0.11158393675335598,3.0,0.0,43.0,19.690332326283986,0.2142857142857142,5.9410876132930515,8.50000000000001,3.2104229607250767,3.000000000000008,4.078495834502794,1,
2997,200,0.049936653838985136,31.574999999999967,0.11157292275381532,2.0,0.0,42.0,17.27681660899654,0.25917431192660545,3.169550173010381,6.100000000000014,2.8237024221453315,2.649999999999997,2.6931659797116456,2,
2998,200,0.04988674214515236,40.17499999999998,0.11155767138587494,2.0,0.0,41.0,18.967032967032967,0.11594202898550732,5.1098901098901095,6.699999999999995,2.763186813186813,2.599999999999996,2.1234290156476825,1,
2999,200,0.0498368803380659,27.72499999999997,0.11154683581457424,2.0,0.0,42.0,18.450819672131146,0.38586956521739135,1.6147540983606556,6.60000000000003,3.219672131147544,3.3499999999999943,3.358725471670403,2,
3000,200,0.049787068367863944,38.799999999999955,0.1115374063532909,2.0,0.0,40.0,19.885758998435055,0.21721311475409832,3.727699530516432,6.500000000000006,3.172926447574335,3.3000000000000185,1.9123702978056456,1,
3001,200,0.0497373061847345,18.64999999999997,0.11152412422373574,3.0,0.0,40.0,17.766423357664234,0.4964788732394366,0.5790754257907542,7.000000000000013,2.918491484184918,2.3000000000000007,4.474964361828104,3,
3002,200,0.04968759373891536,28.54999999999996,0.11151680076442262,2.0,0.0,43.0,18.228571428571428,0.37244897959183676,2.5352380952380953,7.100000000000008,2.894476190476191,2.1999999999999993,3.8468215394886034,2,
3003,200,0.04963793098069413,40.24999999999993,0.11149622612950272,2.0,0.0,39.0,18.732432432432432,0.0981481481481481,5.839189189189189,5.399999999999997,2.557027027027026,2.599999999999997,1.9727785478059694,1,
3004,200,0.049588317860408,27.874999999999964,0.11148681100716329,3.0,1.0,45.0,17.834368530020704,0.42741935483870963,1.2960662525879918,7.900000000000025,2.6672877846790892,2.0999999999999983,3.529421230410499,2,
3005,200,0.04953875432844388,40.49999999999996,0.11147368863241647,3.0,1.0,40.0,18.858823529411765,0.1622137404580153,4.676470588235294,5.700000000000003,2.7711764705882316,2.6999999999999957,1.662702211726239,1,
3006,200,0.04948924033523819,19.24999999999997,0.11145958224490421,3.0,0.0,45.0,18.427848101265823,0.5308219178082192,0.4430379746835443,8.20000000000004,3.4597468354430463,3.6999999999999975,5.166387478849453,3,
3007,200,0.049439775831276976,39.99999999999996,0.11144243166278972,2.0,0.0,41.0,19.194117647058825,0.16860465116279078,3.8588235294117648,6.000000000000015,2.97235294117647,3.1999999999999966,1.9382398318335505,1,
3008,200,0.049390360767095715,47.34999999999995,0.11142387800057346,2.0,0.0,40.0,18.9225,0.03231292517006801,5.35375,4.9999999999999964,2.103499999999994,1.8999999999999992,1.1812895957649905,0,
3009,200,0.04934099509327934,23.649999999999977,0.11141111250707196,3.0,0.0,41.0,15.979477611940299,0.2768817204301075,3.2611940298507465,7.700000000000024,2.6302238805970157,2.0999999999999983,3.4327551819558564,3,
3010,200,0.04929167876046215,25.999999999999957,0.11140489421473798,2.0,0.0,43.0,20.547461368653423,0.4466292134831461,1.9757174392935983,8.500000000000016,4.086975717439301,4.0000000000000275,5.693345970917337,2,
3011,200,0.04924241171932785,36.29999999999996,0.11138833924740868,3.0,0.0,39.0,19.417061611374407,0.22457627118644075,1.7740916271721958,5.299999999999997,2.835703001579774,2.8999999999999875,1.0990755899852254,1,
3012,200,0.04919319392060936,29.19999999999996,0.11137322280398332,3.0,1.0,43.0,18.740234375,0.36386138613861385,1.44140625,7.900000000000022,3.456640625000006,3.7500000000000093,4.62790324364949,2,
3013,200,0.04914402531508891,36.59999999999995,0.11136479314566279,2.0,0.0,40.0,20.617224880382775,0.2333333333333334,6.1977671451355665,6.000000000000002,3.492982456140357,3.7999999999999954,2.059828401945437,1,
3014,200,0.04909490585359783,40.57499999999995,0.11134606423546546,2.0,0.0,42.0,19.294805194805196,0.08450704225352124,6.333766233766234,7.00000000000003,2.658051948051948,2.3499999999999934,2.027711313394036,1,
3015,200,0.04904583548701673,39.349999999999945,0.11133028968371059,3.0,0.0,39.0,19.056728232189975,0.08211678832116798,7.063324538258575,6.4,2.6217678100263853,2.4500000000000077,1.6919697404810374,1,
3016,200,0.0489968141662752,25.949999999999967,0.11132177704531918,2.0,0.0,43.0,18.716129032258063,0.42613636363636365,1.3096774193548386,7.400000000000024,3.150537634408603,2.999999999999997,3.0768795323368527,2,
3017,200,0.048947841842351916,36.72499999999994,0.1113102303031335,3.0,0.0,47.0,21.461661341853034,0.28200000000000003,6.597444089456869,9.10000000000003,3.98833865814697,3.899999999999996,4.638933358851704,1,
3018,200,0.04889891846627454,37.149999999999956,0.11129938445332908,2.0,0.0,39.0,20.403726708074533,0.20491803278688514,4.9813664596273295,6.9000000000000075,3.525155279503113,3.700000000000025,2.2947454157474194,1,
3019,200,0.04885004398911972,41.39999999999996,0.11128639214802219,4.0,0.0,42.0,19.43562874251497,0.18893129770992356,3.589820359281437,6.200000000000002,3.0832335329341323,2.899999999999995,2.9225697465168876,1,
3020,200,0.04880121836201296,43.62499999999994,0.11126763271548445,2.0,0.0,40.0,19.115089514066497,0.05821917808219168,4.267263427109975,6.1999999999999975,2.428516624040917,2.0999999999999983,1.6921691089296775,1,
3021,200,0.04875244153612863,38.399999999999956,0.1112493846911598,2.0,0.0,39.0,18.014864864864865,0.1027131782945736,4.693243243243243,5.500000000000008,2.1264864864864834,1.8999999999999972,1.3728955677420909,1,
3022,200,0.048703713462689875,28.77499999999997,0.11123715715004809,3.0,0.0,45.0,17.106,0.40053763440860213,0.924,8.300000000000015,2.398399999999998,1.7999999999999992,3.0811697646790686,2,
3023,200,0.04865503409296867,40.92499999999996,0.11122514032532918,2.0,1.0,40.0,18.8265306122449,0.15697674418604657,3.89067055393586,6.2,2.760495626822154,2.6999999999999966,1.8868253381357636,1,
3024,200,0.048606403378285604,36.19999999999995,0.11120608197610443,2.0,1.0,42.0,18.366508688783572,0.2543478260869565,2.560821484992101,6.400000000000007,2.205371248025274,1.7999999999999905,2.367054466317935,1,
3025,200,0.048557821270009974,31.474999999999962,0.11119027103701491,3.0,0.0,41.0,19.099830795262267,0.30188679245283023,1.6582064297800339,6.200000000000009,2.802199661590522,2.799999999999998,2.041270041227673,2,
3026,200,0.04850928771955963,31.64999999999995,0.11116992602055079,2.0,0.0,40.0,18.607142857142858,0.21982758620689657,5.246894409937888,6.400000000000009,2.832919254658386,2.6999999999999975,2.125598466490663,2,
3027,200,0.048460802678401076,41.54999999999995,0.11114860012159569,2.0,0.0,39.0,19.105194805194806,0.06560283687943258,5.8090909090909095,5.200000000000013,2.5442857142857136,2.4999999999999947,1.50948287988343,1,
3028,200,0.04841236609804924,24.67499999999997,0.11113365127043015,3.0,0.0,43.0,19.46887966804979,0.4129213483146067,1.0809128630705394,7.20000000000002,3.737136929460589,4.100000000000013,4.378992394209812,2,
3029,200,0.04836397793006753,45.574999999999946,0.11111562346833577,2.0,0.0,39.0,19.5875,0.027027027027026973,4.5925,5.0999999999999925,2.5024999999999946,2.499999999999993,1.0927954574929015,0,
3030,200,0.04831563812606777,16.849999999999977,0.11110464826349303,3.0,0.0,40.0,14.822164948453608,0.47388059701492535,0.5128865979381443,5.400000000000005,2.143556701030927,1.699999999999997,2.1375757756919964,3,
3031,200,0.04826734663771017,32.52499999999996,0.11109382178139092,2.0,0.0,45.0,18.983416252072967,0.29385964912280704,2.5538971807628523,7.9000000000000306,3.020066334991709,2.7999999999999967,3.441812446370837,2,
3032,200,0.04821910341670324,39.47499999999995,0.11107465194987044,2.0,0.0,42.0,18.844117647058823,0.18410852713178305,2.475,6.800000000000025,2.762352941176472,2.5999999999999983,2.52205874147653,1,
3033,200,0.048170908414803745,35.474999999999966,0.11105924604044745,2.0,0.0,44.0,17.715384615384615,0.2250000000000001,2.4292307692307693,7.800000000000006,2.421384615384612,1.9999999999999984,2.235009526649771,2,
3034,200,0.048122761583816655,36.02499999999996,0.11105046173994919,2.0,0.0,38.0,19.93658536585366,0.25,3.9414634146341463,5.1000000000000005,2.9377235772357695,3.0000000000000036,1.1085636025212557,1,
3035,200,0.04807466287559518,24.87499999999998,0.11104313523791061,2.0,0.0,39.0,17.093959731543624,0.4525316455696202,0.43847874720357943,4.9999999999999964,1.9331096196867978,1.4999999999999996,1.5943479740550943,2,
3036,200,0.048026612242040585,36.89999999999995,0.11102603835075295,2.0,1.0,38.0,18.974212034383953,0.1358267716535433,3.6060171919770774,5.800000000000002,2.8505730659025796,2.8999999999999977,1.734766842568709,1,
3037,200,0.04797860963510223,41.69999999999996,0.11101358087151124,2.0,0.0,39.0,18.473684210526315,0.11296296296296293,5.272853185595568,4.999999999999998,2.4932132963988867,2.5999999999999908,0.9929890865422414,1,
3038,200,0.0479306550067775,19.79999999999998,0.11101016525082968,3.0,0.0,46.0,16.142493638676847,0.5067567567567568,0.549618320610687,9.200000000000015,2.8529262086513985,1.7999999999999967,5.6769302289443875,3,
3039,200,0.04788274830911178,35.14999999999998,0.11099058785835111,2.0,0.0,39.0,18.822764227642278,0.2633928571428571,3.364227642276423,4.999999999999995,2.2694308943089374,2.099999999999997,1.1958816997334905,1,
3040,200,0.04783488949419837,14.399999999999983,0.11097887396625301,3.0,0.0,39.0,15.979411764705882,0.5775862068965517,0.43529411764705883,4.800000000000009,2.4320588235294114,2.349999999999998,2.0532546994351217,3,
3041,200,0.04778707851417843,42.62499999999995,0.11095877965356052,2.0,0.0,42.0,18.793193717277486,0.09285714285714275,4.022251308900524,6.4000000000000155,2.4123036649214615,2.299999999999991,1.8075218735812448,1,
3042,200,0.047739315321240976,38.624999999999964,0.11094029341212433,2.0,0.0,40.0,18.132930513595166,0.19672131147540983,1.6752265861027191,4.899999999999993,2.2759818731117774,2.1999999999999966,1.0024314592588994,1,
3043,200,0.047691599867622836,26.99999999999997,0.11093252027474931,2.0,0.0,40.0,18.713978494623657,0.4109195402298851,0.946236559139785,6.400000000000005,3.14924731182796,2.999999999999996,3.8086245745153318,2,
3044,200,0.047643932105608536,32.949999999999946,0.11092020478550751,3.0,0.0,45.0,19.309124767225327,0.36009174311926606,1.9366852886405959,7.900000000000006,3.4800744878957173,3.399999999999996,3.511142151695076,2,
3045,200,0.04759631198753032,30.524999999999967,0.11090558795535933,2.0,1.0,39.0,17.955357142857142,0.3088235294117647,0.9857142857142858,4.900000000000003,2.716785714285711,2.6999999999999975,1.3293653359864013,2,
3046,200,0.04754873946576803,35.824999999999946,0.11088513180654165,2.0,0.0,40.0,19.586206896551722,0.2767857142857143,2.013136288998358,4.799999999999991,2.6430213464696166,2.699999999999992,0.9000891932700554,1,
3047,200,0.04750121449274919,15.849999999999973,0.11088046227504622,5.0,1.0,50.0,20.003649635036496,0.6206896551724138,0.0,11.70000000000004,5.1167883211678955,5.550000000000007,13.76070436230446,3,
3048,200,0.0474537370209488,39.04999999999996,0.11087029397842788,2.0,0.0,43.0,20.76847290640394,0.262,4.556650246305419,6.9000000000000075,3.352380952380952,3.2999999999999914,2.7398087791199406,1,
3049,200,0.04740630700288939,42.87499999999996,0.11085143952996214,2.0,1.0,42.0,19.58756345177665,0.06164383561643838,5.1713197969543145,6.599999999999995,2.6456852791878127,2.5999999999999943,1.9481444190529564,1,
3050,200,0.04735892439114091,32.22499999999995,0.11083666343055401,2.0,0.0,41.0,18.791525423728814,0.2863636363636364,2.3610169491525426,5.800000000000003,3.042881355932206,3.199999999999995,2.087777356441714,2,
3051,200,0.047311589138320786,29.22499999999996,0.11082076151373257,2.0,0.0,38.0,18.787728026533998,0.27403846153846156,3.2056384742951907,5.299999999999996,2.606135986732999,2.6999999999999917,1.3734487139996936,2,
3052,200,0.047264301197093746,33.69999999999996,0.11080815374611021,2.0,0.0,47.0,18.85608856088561,0.3517699115044248,2.1014760147601477,9.200000000000024,3.3798892988929903,3.199999999999996,5.047417169623155,2,
3053,200,0.04721706052017184,42.07499999999995,0.11078808186787187,3.0,0.0,45.0,20.918136020151135,0.06907894736842102,8.1183879093199,8.100000000000028,3.374181360201512,3.199999999999992,3.027108980307263,1,
3054,200,0.04716986706031437,42.09999999999996,0.11077214312002029,2.0,0.0,39.0,18.76883116883117,0.07608695652173902,4.3662337662337665,5.1999999999999975,2.3424675324675315,1.999999999999995,1.9066282958817682,1,
3055,200,0.04712272077032791,32.299999999999955,0.11076083223828695,3.0,0.0,40.0,19.43117744610282,0.2863636363636364,3.2106135986733,5.4,2.826036484245438,3.1999999999999957,1.6658772634265513,2,
3056,200,0.04707562160306615,39.62499999999996,0.11074216075075793,2.0,0.0,39.0,19.266490765171504,0.08333333333333326,5.997361477572559,6.400000000000014,2.747625329815301,2.599999999999998,1.8215212779103507,1,
3057,200,0.04702856951142992,29.29999999999999,0.11072853190128579,7.0,1.0,37.0,16.156832298136646,0.1518691588785046,2.7437888198757765,4.599999999999991,2.005590062111796,1.6999999999999975,1.094039712105319,3,
3058,200,0.04698156444836709,38.97499999999995,0.11071271775015348,2.0,0.0,40.0,18.5243553008596,0.1531007751937985,3.840974212034384,6.300000000000002,2.580659025787964,2.3999999999999995,2.0466358581535875,1,
3059,200,0.04693460636687265,37.149999999999956,0.11070034622776223,2.0,0.0,39.0,20.270186335403725,0.20833333333333326,5.395962732919255,6.700000000000003,3.445031055900627,3.5,1.8887531556295052,1,
3060,200,0.046887695219988486,21.09999999999996,0.11068572481850956,3.0,0.0,47.0,19.706976744186047,0.5154320987654321,0.7883720930232558,9.500000000000039,3.4697674418604687,2.599999999999995,6.95428639419365,3,
3061,200,0.04684083096080345,35.574999999999946,0.1106694560853391,2.0,0.0,41.0,19.14471544715447,0.2765486725663717,2.7739837398373983,5.999999999999995,2.4626016260162547,2.2999999999999967,1.4302799399297754,1,
3062,80,0.04679401354245326,3.5249999999999995,0.11066644218033944,8.0,0.0,12.0,5.410112359550562,0,0.1853932584269663,3.4999999999999973,1.1651685393258415,0.9499999999999976,0.741506801754883,4,
3063,200,0.046747242918120525,26.29999999999996,0.1106596740712959,2.0,0.0,45.0,20.373601789709173,0.4772727272727273,1.0111856823266219,7.8000000000000425,3.8552572706935186,3.6999999999999984,3.485711282831556,2,
3064,200,0.04670051904103461,45.949999999999946,0.11064044798096069,2.0,0.0,40.0,20.20125,0.0314569536423841,6.57625,6.400000000000003,2.8707499999999953,2.699999999999993,1.7843972256206708,0,
3065,200,0.04665384186447163,29.799999999999972,0.11062312533604036,2.0,0.0,45.0,17.58637873754153,0.25909090909090904,3.1677740863787376,7.800000000000004,2.8895348837209327,2.6999999999999993,2.6672898679094943,2,
3066,200,0.04660721134175438,31.24999999999997,0.11061414644640191,2.0,0.0,45.0,20.12136752136752,0.32798165137614677,3.629059829059829,7.8000000000000185,3.330940170940175,3.7000000000000024,2.070655593996923,2,
3067,200,0.046560627426252374,43.42499999999994,0.11059700216682758,2.0,0.0,42.0,19.808900523560208,0.08904109589041087,5.680628272251309,6.100000000000001,3.021727748691099,2.9999999999999933,2.103746168803924,1,
3068,200,0.04651409007138167,42.599999999999945,0.11057888147669578,3.0,0.0,38.0,19.397984886649873,0.04020979020979021,5.554156171284634,5.4000000000000075,2.4620906801007516,2.299999999999997,1.352381149523747,1,
3069,200,0.04646759923060492,35.499999999999964,0.11056560597875084,2.0,0.0,39.0,18.88064516129032,0.25450450450450446,2.032258064516129,4.89999999999999,2.368709677419349,2.399999999999991,0.7534422305989315,1,
3070,200,0.04642115485743125,37.34999999999995,0.11055516904480488,2.0,0.0,41.0,20.21630094043887,0.22199999999999998,4.239811912225705,6.800000000000011,3.362225705329154,3.4499999999999966,2.8958059222244477,1,
3071,200,0.04637475690541633,29.199999999999953,0.1105426727407743,2.0,0.0,42.0,18.807909604519775,0.36165048543689315,3.097928436911488,7.200000000000026,3.09284369114878,2.599999999999998,3.9082489005533,2,
3072,200,0.046328405328162174,21.349999999999966,0.11052865336860931,3.0,0.0,44.0,17.751633986928105,0.4367469879518072,1.7908496732026145,8.000000000000028,2.9165577342047975,1.4999999999999991,6.501325327510971,3,
3073,200,0.04628210007931721,22.074999999999967,0.1105168685088043,3.0,0.0,43.0,16.9727463312369,0.39117647058823535,2.150943396226415,8.100000000000026,3.0700209643605882,2.399999999999997,5.293946327485004,3,
3074,200,0.046235841112576184,38.324999999999946,0.11050174846176837,3.0,0.0,40.0,18.903179190751445,0.1576923076923078,4.710982658959537,8.300000000000006,2.809826589595376,2.1999999999999975,3.9335243691828636,1,
3075,200,0.0461896283816801,31.124999999999957,0.11048683903722549,2.0,0.0,44.0,17.02013422818792,0.24545454545454537,2.2550335570469797,7.800000000000034,2.6392617449664435,1.7999999999999987,4.244745632926572,2,
3076,200,0.04614346184041627,23.574999999999974,0.11047528879852485,3.0,0.0,46.0,15.22567287784679,0.3567415730337079,0.8281573498964804,8.50000000000003,2.475983436853004,1.3999999999999981,5.078326960666675,3,
3077,200,0.04609734144261812,16.99999999999998,0.1104703549613734,6.0,0.0,48.0,18.705501618122977,0.5967741935483871,0.0,10.500000000000039,4.607119741100334,4.9,12.40506304985346,3,
3078,200,0.046051267142165266,32.22499999999998,0.11045529987817147,2.0,0.0,42.0,17.82608695652174,0.2723214285714286,2.342809364548495,6.8000000000000025,2.7327759197324406,2.5999999999999943,2.5703041641149538,2,
3079,200,0.04600523889298336,25.824999999999964,0.11044932014508613,2.0,1.0,47.0,20.212053571428573,0.47527472527472525,3.4888392857142856,9.000000000000039,3.802455357142863,3.799999999999997,5.850000797197892,2,
3080,200,0.045959256649044204,28.79999999999997,0.11043783300742663,3.0,1.0,42.0,18.660886319845858,0.36111111111111116,4.886319845857418,6.7,3.353949903660886,3.4999999999999964,3.4180654885655004,2,
3081,200,0.04591332036436553,38.22499999999995,0.11041635851319664,2.0,0.0,40.0,18.645604395604394,0.12022900763358768,6.565934065934066,6.500000000000006,2.5703296703296714,1.999999999999998,2.3520911425461004,1,
3082,200,0.04586742999301104,40.19999999999996,0.11040250251112863,2.0,0.0,40.0,18.5625,0.13931297709923673,6.1647727272727275,7.000000000000016,2.5965909090909074,2.199999999999999,2.4198228060087104,1,
3083,200,0.045821585489090357,32.174999999999955,0.11039109217754173,2.0,1.0,46.0,19.12213740458015,0.35550458715596334,3.448473282442748,8.900000000000022,3.746183206106874,3.4999999999999956,6.073805262678719,2,
3084,200,0.04577578680675899,49.249999999999936,0.11037003858935568,3.0,0.0,46.0,22.3475,0.033132530120481896,9.245,10.000000000000034,4.158500000000006,4.050000000000011,4.583384911538966,0,
3085,200,0.04573003390021825,20.64999999999996,0.11036122868534486,3.0,1.0,47.0,18.58628841607565,0.5125,0.4562647754137116,9.000000000000032,3.3321513002364087,2.099999999999997,7.337825270499911,3,
3086,200,0.04568432672371522,37.749999999999964,0.11035043836327245,2.0,0.0,43.0,21.00956937799043,0.246,3.7767145135566187,6.800000000000002,3.728389154704947,3.899999999999997,2.8444644492379227,1,
3087,200,0.0456386652315427,27.79999999999996,0.11034000045600416,2.0,0.0,44.0,17.468197879858657,0.3242574257425742,1.674911660777385,7.500000000000025,2.3344522968197876,1.799999999999992,3.4122335846170913,3,
3088,200,0.045593049378039235,35.39999999999995,0.11032951874921368,2.0,0.0,39.0,20.56645569620253,0.22457627118644075,4.447784810126582,5.800000000000019,3.515189873417728,3.799999999999997,1.666355718123403,1,
3089,200,0.04554747911758895,32.34999999999996,0.11031914979353691,3.0,0.0,46.0,19.015065913370996,0.37037037037037035,2.335216572504708,8.400000000000013,3.3380414312617694,2.8999999999999977,3.521465527025125,2,
3090,200,0.04550195440462157,37.099999999999945,0.11030025582812908,2.0,0.0,41.0,19.6972049689441,0.217741935483871,4.059006211180124,7.300000000000018,3.1012422360248473,2.799999999999998,2.943763318745727,1,
3091,200,0.04545647519361237,28.374999999999968,0.11028369264903723,3.0,0.0,38.0,18.227513227513228,0.31565656565656564,3.2645502645502646,4.899999999999998,2.4234567901234545,2.2999999999999994,1.4097363509680005,2,
3092,200,0.04541104143908218,37.47499999999995,0.1102727832712026,2.0,1.0,41.0,19.233231707317074,0.20867768595041314,3.4923780487804876,6.300000000000002,2.90457317073171,3.0000000000000266,2.4414481740969345,1,
3093,200,0.0453656530955972,31.89999999999997,0.11025666776671383,2.0,1.0,43.0,18.998324958123952,0.30000000000000004,1.7537688442211055,6.900000000000008,2.817755443886094,2.499999999999999,2.8141315009764125,2,
3094,200,0.04532031011776911,38.824999999999974,0.11024558107206049,2.0,0.0,39.0,18.669117647058822,0.16463414634146334,2.838235294117647,4.799999999999991,2.657352941176466,2.7999999999999963,0.9009478826727525,1,
3095,200,0.045275012460254886,47.14999999999995,0.11022405972850541,2.0,0.0,40.0,19.33625,0.03716216216216206,2.9575,5.400000000000008,2.351749999999996,2.09999999999999,1.5082242941004624,0,
3096,200,0.04522976007775692,31.29999999999997,0.11021028745340784,2.0,0.0,41.0,17.43455497382199,0.30188679245283023,1.6457242582897034,5.500000000000017,2.4247818499127387,2.5999999999999956,2.4052919641334283,2,
3097,200,0.0451845529250228,37.69999999999996,0.11019478216485593,2.0,0.0,40.0,17.982954545454547,0.12209302325581395,4.254261363636363,5.999999999999998,2.571022727272726,2.299999999999997,2.4229152063597836,2,
3098,200,0.04513939095684536,39.24999999999995,0.11017887890262831,2.0,0.0,39.0,18.760932944606413,0.15799999999999992,2.567055393586006,6.200000000000002,2.721137026239067,2.5999999999999934,2.0077644896354654,1,
3099,200,0.04509427412806263,37.92499999999997,0.11016220245804263,3.0,0.0,44.0,17.64688427299703,0.17913385826771644,1.6186943620178043,7.600000000000003,2.5853115727002933,2.399999999999994,2.1030678113477537,2,
3100,200,0.0450492023935578,36.999999999999936,0.11015195316197825,2.0,0.0,40.0,21.442276422764227,0.25,2.2146341463414636,7.300000000000004,3.841138211382118,3.999999999999996,2.265809573163005,1,
3101,200,0.045004175708259125,27.299999999999976,0.11013972899931404,4.0,1.0,51.0,16.328358208955223,0.25970873786407767,1.8787313432835822,11.500000000000036,3.289552238805972,2.099999999999998,8.751786978541281,3,
3102,200,0.0449591940271399,39.94999999999996,0.11012310729123635,2.0,0.0,40.0,18.884615384615383,0.2052845528455285,1.62,6.600000000000007,2.6576923076923045,2.3999999999999986,2.0898611594347027,1,
3103,200,0.04491425730521843,29.04999999999996,0.11011196532235745,3.0,0.0,44.0,18.979296066252587,0.4149484536082474,2.370600414078675,7.300000000000022,3.3542443064182224,3.499999999999996,4.528795394533819,2,
3104,200,0.04486936549755803,35.899999999999935,0.11009842819248244,2.0,1.0,44.0,18.40909090909091,0.14534883720930236,3.3181818181818183,8.400000000000011,2.8267045454545436,2.299999999999997,3.403952826286552,2,
3105,200,0.04482451855926687,29.674999999999955,0.11008325913832073,3.0,0.0,44.0,18.299823633156965,0.32619047619047614,1.8130511463844796,7.200000000000011,2.882716049382719,2.699999999999998,2.5281747374707697,2,
3106,200,0.044779716445498004,41.149999999999956,0.11006930203448773,2.0,0.0,41.0,20.154191616766468,0.17803030303030298,2.817365269461078,6.599999999999999,3.514371257485036,4.000000000000019,2.7527637078322034,1,
3107,200,0.04473495911144929,29.399999999999963,0.110062744944121,2.0,1.0,41.0,17.60114503816794,0.33762886597938147,0.5381679389312977,6.200000000000025,2.8816793893129775,2.8999999999999972,2.656582427387795,2,
3108,200,0.04469024651236344,43.37499999999996,0.11004354383013681,2.0,0.0,41.0,19.742268041237114,0.0672413793103448,5.30798969072165,6.2,2.8675257731958763,2.7999999999999963,1.836268061610002,1,
3109,200,0.04464557860352782,41.549999999999976,0.1100273503484985,3.0,0.0,36.0,17.736486486486488,0.08333333333333326,2.5243243243243243,4.399999999999988,1.9594594594594539,1.899999999999999,0.6009251295199571,1,
3110,200,0.044600955340274535,32.14999999999997,0.11000909208027305,3.0,0.0,39.0,16.748447204968944,0.177927927927928,2.951863354037267,5.400000000000005,2.2543478260869563,2.099999999999996,1.4974536511266319,2,
3111,200,0.04455637667798028,24.999999999999964,0.11000656674369172,3.0,0.0,44.0,21.757075471698112,0.5029411764705882,2.6273584905660377,8.400000000000007,4.334669811320761,4.700000000000032,4.039127075511079,2,
3112,200,0.04451184257206644,45.224999999999966,0.10999113305295836,2.0,0.0,40.0,17.95945945945946,0.09892086330935257,2.395945945945946,4.899999999999987,2.0932432432432377,1.9999999999999942,0.8350099251459512,1,
3113,200,0.04446735297799888,42.599999999999945,0.10997748134912184,2.0,0.0,42.0,20.140862944162436,0.07413793103448274,4.751269035532995,7.500000000000034,2.9776649746192896,2.5999999999999943,2.4959264860059895,1,
3114,200,0.044422907851287996,38.274999999999956,0.10996405611717756,3.0,0.0,46.0,19.630434782608695,0.24593495934959342,3.607142857142857,9.800000000000004,3.061180124223599,2.3999999999999995,4.917417917465384,1,
3115,200,0.04437850714748865,21.449999999999974,0.10995085727945458,3.0,0.0,44.0,16.22758620689655,0.44620253164556967,0.6574712643678161,7.9000000000000234,2.6485057471264373,1.9999999999999938,4.393371559633055,3,
3116,200,0.04433415082220017,35.92499999999994,0.10994135697756506,2.0,1.0,42.0,21.226475279106857,0.25,4.355661881977672,9.500000000000018,3.858532695374806,3.6000000000000183,4.692678364298686,1,
3117,200,0.044289838831066214,49.524999999999956,0.10992641902029265,2.0,0.0,44.0,19.61125,0.04220779220779214,3.8175,7.20000000000002,2.5167499999999987,2.3999999999999906,2.0910727048011086,0,
3118,200,0.04424557112977477,34.074999999999946,0.10990974001687154,3.0,0.0,44.0,19.793478260869566,0.24159663865546221,4.267080745341615,8.600000000000021,3.1590062111801243,2.899999999999996,3.8704716987956487,1,
3119,200,0.04420134767405813,27.39999999999997,0.10990753270776442,2.0,0.0,43.0,18.786956521739132,0.44999999999999996,0.9173913043478261,6.600000000000016,3.0354347826086974,3.3999999999999932,2.768170501750962,2,
3120,200,0.04415716841969286,24.874999999999968,0.10989854381999264,2.0,0.0,39.0,18.547511312217196,0.46341463414634143,0.27601809954751133,6.200000000000014,2.6968325791855214,2.599999999999997,2.8253890450085315,2,
3121,200,0.044113033322499696,35.54999999999996,0.10988099014798026,2.0,0.0,38.0,19.220095693779903,0.23245614035087714,1.5518341307814991,5.900000000000008,2.654704944178627,2.799999999999995,1.8366452147901013,1,
3122,200,0.04406894233834353,17.74999999999998,0.10987208391483104,4.0,0.0,42.0,13.143646408839778,0.40384615384615385,0.9502762430939227,6.200000000000001,1.8997237569060754,1.2499999999999987,2.208000198408153,3,
3123,200,0.04402489542313335,39.02499999999998,0.1098611871908451,2.0,0.0,37.0,17.801136363636363,0.12804878048780477,2.987215909090909,4.699999999999998,2.139772727272723,2.1999999999999895,0.8522266678772831,1,
3124,200,0.04398089253282229,36.324999999999946,0.10984782573554634,2.0,0.0,39.0,19.773162939297123,0.23717948717948723,3.6677316293929714,5.699999999999998,2.975239616613418,3.3000000000000034,1.6305891674641184,1,
3125,200,0.04393693362340742,32.72499999999995,0.109837666784386,2.0,0.0,41.0,17.506993006993007,0.29166666666666663,1.7902097902097902,5.800000000000015,2.6597902097902075,2.599999999999996,2.253879571982653,2,
3126,200,0.04389301865092984,13.449999999999974,0.10983324549725548,6.0,0.0,48.0,19.404669260700388,0.6745283018867925,0.8638132295719845,9.600000000000037,4.382490272373551,4.80000000000001,8.289896741763627,3,
3127,200,0.04384914757147454,39.024999999999956,0.10981980437483176,2.0,0.0,40.0,19.203076923076924,0.2016129032258065,3.736923076923077,5.700000000000003,2.8487692307692303,2.850000000000005,2.0999803786517908,1,
3128,200,0.04380532034117049,48.29999999999994,0.10980499100007715,2.0,0.0,40.0,19.66125,0.019736842105263053,3.13,5.400000000000005,2.546749999999996,2.3999999999999924,1.2680664188537827,0,
3129,200,0.04376153691619043,27.77499999999997,0.10979858013090157,2.0,1.0,40.0,18.51930501930502,0.33854166666666663,2.693050193050193,6.000000000000004,3.4241312741312835,4.000000000000035,2.7705283930188855,2,
3130,200,0.04371779725275094,48.074999999999946,0.1097852906721546,2.0,0.0,40.0,19.25,0.03571428571428581,4.4725,5.300000000000009,2.299999999999995,2.099999999999996,1.1722018315653653,0,
3131,200,0.04367410130711232,36.52499999999997,0.10977972086765013,2.0,0.0,39.0,18.88888888888889,0.2456521739130435,2.206119162640902,4.899999999999994,2.386151368760059,2.399999999999993,1.0306965563738162,1,
3132,200,0.043630449035578674,31.249999999999968,0.1097723728437682,3.0,0.0,43.0,17.646408839779006,0.330952380952381,1.9171270718232045,6.600000000000005,2.83554327808472,2.2999999999999994,3.274235809637533,2,
3133,200,0.04358684039449769,26.449999999999967,0.10976429272657524,7.0,0.0,45.0,15.310714285714285,0.22029702970297027,2.932142857142857,7.80000000000003,2.467142857142858,1.8999999999999966,2.8729295692907404,3,
3134,200,0.04354327534026074,32.24999999999997,0.10975845366376231,2.0,0.0,42.0,18.316225165562916,0.2870370370370371,3.0033112582781456,6.700000000000003,2.4637417218543027,2.499999999999993,2.0659592122034467,2,
3135,200,0.04349975382930273,30.22499999999995,0.1097472737145887,5.0,0.0,46.0,16.850162866449512,0.20495495495495497,2.237785016286645,9.100000000000026,2.8193811074918558,1.9999999999999978,5.983272165413368,3,
3136,200,0.04345627581810221,37.74999999999994,0.10972756559979457,2.0,0.0,45.0,20.617886178861788,0.282520325203252,3.2878048780487803,8.200000000000003,3.3465040650406492,3.199999999999995,2.465356085282798,1,
3137,200,0.043412841263181116,41.649999999999956,0.10971512402672165,2.0,0.0,42.0,19.55492957746479,0.1405109489051095,2.1788732394366197,6.900000000000019,3.1801408450704245,2.699999999999989,2.7626392633193344,1,
3138,200,0.04336945012110491,43.47499999999996,0.10970177369166526,2.0,0.0,43.0,18.28450704225352,0.1499999999999999,2.863380281690141,7.199999999999999,2.4178873239436576,2.1999999999999975,1.64597908347368,1,
3139,200,0.04332610234848241,36.89999999999996,0.10968650472221586,2.0,0.0,40.0,18.771929824561404,0.24145299145299148,2.521531100478469,5.399999999999996,2.385805422647525,2.2999999999999954,1.7357678415172677,1,
3140,200,0.043282797901965896,42.149999999999956,0.10967198687918123,2.0,0.0,44.0,19.681818181818183,0.1607142857142858,4.609375,7.700000000000004,3.2681818181818216,3.299999999999991,2.907288923862296,1,
3141,200,0.043239536738250886,32.22499999999996,0.10966327190792144,2.0,0.0,41.0,19.648054145516074,0.3004587155963303,3.763113367174281,6.90000000000002,3.1311336717428095,2.9999999999999942,3.254471484196074,2,
3142,200,0.04319631881407622,42.77499999999995,0.10965462304132506,3.0,0.0,43.0,19.966463414634145,0.19444444444444442,3.125,7.1999999999999975,3.3445121951219505,3.3999999999999937,2.798147117943004,1,
3143,200,0.043153144086223956,38.174999999999955,0.1096396984754057,2.0,0.0,41.0,19.795886075949365,0.23347107438016534,2.2436708860759493,6.200000000000011,3.0528481012658233,3.050000000000005,2.2280354411238252,1,
3144,200,0.043110012511519386,26.049999999999955,0.10963657709237079,2.0,1.0,46.0,20.660714285714285,0.4691011235955056,1.6116071428571428,9.10000000000004,4.087723214285719,3.1999999999999953,6.6085652431703235,2,
3145,200,0.04306692404683092,37.97499999999995,0.1096199142454616,2.0,1.0,43.0,18.33661971830986,0.1499999999999999,3.5422535211267605,7.10000000000002,2.6316901408450697,2.2999999999999963,2.6357756115366398,2,
3146,200,0.04302387864907009,38.24999999999996,0.10960923416838128,2.0,0.0,43.0,20.467692307692307,0.2142857142857142,2.6369230769230767,8.0,3.607538461538461,3.550000000000007,3.294366353529843,1,
3147,200,0.042980876275191475,44.24999999999994,0.10959767001119174,2.0,0.0,45.0,20.428759894459102,0.11241610738255026,4.063324538258575,8.000000000000039,3.4449868073878664,3.2999999999999936,3.814275701707239,1,
3148,200,0.042937916882192735,38.99999999999995,0.10959134519643673,2.0,0.0,41.0,21.533546325878593,0.22999999999999998,3.490415335463259,6.600000000000031,4.031469648562305,4.299999999999999,2.4397347368421274,1,
3149,200,0.04289500042711446,27.674999999999976,0.10958441208082309,3.0,0.0,38.0,18.22140221402214,0.30154639175257736,2.3911439114391144,6.800000000000014,3.291328413284139,3.500000000000006,2.633347051875174,2,
3150,200,0.04285212686704019,43.72499999999994,0.10957415970862236,3.0,0.0,41.0,19.789672544080606,0.051369863013698724,4.044080604534005,7.200000000000015,2.6971032745591925,2.3999999999999932,1.9095286429211737,1,
3151,200,0.04280929615909633,35.049999999999976,0.10956037435858715,3.0,0.0,41.0,16.79813664596273,0.19347826086956532,1.7111801242236024,5.900000000000009,2.2562111801242213,1.899999999999999,1.515135881948719,2,
3152,200,0.04276650826045222,45.99999999999995,0.10954414713566929,2.0,0.0,38.0,19.5925,0.021126760563380254,4.34625,5.800000000000004,2.5054999999999987,2.299999999999998,1.437771996518749,0,
3153,200,0.04272376312831993,45.37499999999994,0.1095325938595751,2.0,0.0,40.0,20.5225,0.020270270270270174,5.96,7.100000000000001,3.0634999999999986,2.8999999999999924,2.4116215181586296,0,
3154,200,0.04268106071995433,39.94999999999996,0.10951621367819166,3.0,1.0,40.0,18.755014326647565,0.14393939393939403,2.9083094555873927,6.50000000000002,2.719054441260746,2.699999999999993,2.181546850080987,1,
3155,200,0.04263840099265299,39.14999999999995,0.10950132186228956,2.0,0.0,40.0,19.557401812688823,0.19047619047619047,4.406344410876133,6.500000000000007,3.130664652567976,3.199999999999995,2.097961747249824,1,
3156,200,0.042595783903756214,33.19999999999996,0.10949355225173617,3.0,0.0,46.0,18.526415094339622,0.3463302752293578,1.788679245283019,8.700000000000015,3.4383018867924524,3.1999999999999966,5.010947030783324,2,
3157,200,0.04255320941064689,29.799999999999965,0.10948610257433768,2.0,0.0,43.0,18.74161735700197,0.39141414141414144,2.4930966469428006,6.700000000000023,3.1504930966469438,2.9999999999999947,3.3607376832342717,2,
3158,200,0.042510677470750526,45.47499999999994,0.10947189606514482,2.0,0.0,42.0,20.5675,0.04591836734693877,5.79625,7.6000000000000165,3.090499999999999,2.649999999999994,2.98286441072567,0,
3159,200,0.042468188041535154,35.199999999999974,0.10946133268540365,2.0,0.0,42.0,17.688622754491018,0.19354838709677424,4.091317365269461,6.800000000000015,2.4230538922155658,1.999999999999998,2.332377936592249,2,
3160,200,0.042425741080511385,18.39999999999998,0.10945436780796208,7.0,1.0,46.0,15.6731843575419,0.5441176470588235,0.2737430167597765,9.100000000000014,2.7631284916201113,1.6999999999999973,5.9574020583163785,3,
3161,200,0.04238333654523223,40.12499999999996,0.10943849496900827,3.0,0.0,40.0,18.826409495548962,0.171875,2.970326409495549,5.7000000000000055,2.737537091988132,2.699999999999997,2.1167707005668412,1,
3162,200,0.042340974393293145,42.24999999999995,0.10942564313738612,2.0,0.0,42.0,19.50392670157068,0.08333333333333326,5.352094240837697,6.100000000000012,2.8387434554973794,2.999999999999995,1.3203598454672418,1,
3163,200,0.04229865458233197,42.449999999999974,0.10940907097283287,2.0,0.0,34.0,17.573298429319372,0.04921259842519676,2.445026178010471,3.799999999999994,1.6803664921465913,1.5999999999999976,0.5675997909867307,1,
3164,200,0.042256377070028925,40.32499999999996,0.10939497735211712,2.0,0.0,40.0,18.010479041916167,0.17913385826771644,1.8098802395209581,5.200000000000005,2.228143712574848,1.899999999999999,1.596486958314564,1,
3165,200,0.042214141814106466,37.824999999999946,0.10938246327656126,2.0,0.0,36.0,18.73116883116883,0.056201550387597,4.709090909090909,7.000000000000016,2.3198701298701296,1.9999999999999911,2.3414402959020255,2,
3166,200,0.04217194877232933,28.97499999999998,0.10937133139751679,2.0,0.0,40.0,17.731313131313133,0.3844086021505376,1.3797979797979798,5.700000000000013,2.7105050505050503,2.4999999999999942,2.5059200731357016,2,
3167,200,0.04212979790250448,28.899999999999963,0.10936645250811301,2.0,0.0,45.0,18.09853249475891,0.40957446808510634,0.9203354297693921,8.200000000000014,2.9127882599580706,2.299999999999994,4.629102088534174,2,
3168,200,0.042087689162481054,24.999999999999968,0.10935765690217393,2.0,0.0,44.0,19.566985645933013,0.5182926829268293,1.0717703349282297,7.200000000000018,2.901913875598085,2.699999999999993,3.2447517499127256,2,
3169,200,0.042045622510150295,37.024999999999956,0.10934577832476508,2.0,0.0,43.0,18.752890173410403,0.1742424242424243,4.375722543352601,6.6000000000000325,2.95375722543353,2.3999999999999977,2.906104668767504,2,
3170,200,0.04200359790344555,29.199999999999974,0.10934043600229892,2.0,0.0,45.0,18.274,0.38020833333333337,1.886,8.400000000000023,3.207200000000002,3.199999999999995,3.894563738254972,2,
3171,200,0.041961615300342196,41.624999999999964,0.10932949724336066,3.0,0.0,39.0,18.60455764075067,0.09328358208955234,3.9892761394101877,4.999999999999995,2.441152815013399,2.549999999999994,0.9771419817974338,1,
3172,200,0.04191967465885765,48.22499999999994,0.10931649711260048,2.0,0.0,42.0,20.18875,0.0370967741935484,4.31625,7.900000000000017,2.8632499999999976,2.3999999999999986,2.9518040496938394,0,
3173,200,0.04187777593705126,40.57499999999996,0.10931046400373297,2.0,0.0,40.0,19.386363636363637,0.13518518518518507,5.088068181818182,7.0000000000000036,3.090909090909091,2.799999999999991,2.9879915660341343,1,
3174,200,0.0418359190930243,38.224999999999966,0.1093026978311636,2.0,0.0,38.0,19.20326409495549,0.1721311475409837,3.2181008902077153,5.700000000000006,2.9636498516320455,3.299999999999998,1.6608930053381765,1,
3175,200,0.041794104084919896,26.74999999999996,0.10929325141361418,2.0,0.0,41.0,18.727668845315904,0.44318181818181823,0.16339869281045752,6.700000000000006,2.9910675381263627,2.8999999999999955,3.3965594266185772,2,
3176,200,0.04175233087092308,41.67499999999995,0.10927859441908727,2.0,0.0,40.0,18.998730964467004,0.06205673758865249,3.8527918781725887,6.900000000000014,2.29238578680203,1.899999999999995,2.396214918277535,1,
3177,200,0.04171059940926062,46.99999999999995,0.10926109937553657,2.0,0.0,40.0,20.4575,0.023026315789473673,6.8275,6.600000000000011,3.0245000000000006,2.7999999999999985,1.798552560238393,0,
3178,200,0.04166890965820104,30.849999999999945,0.10925052343408939,2.0,0.0,43.0,19.287648054145517,0.31542056074766356,2.8223350253807107,7.500000000000018,2.7453468697123493,2.199999999999995,3.5469216674301616,2,
3179,200,0.04162726157605457,30.099999999999962,0.10924467790721157,3.0,0.0,44.0,19.10566037735849,0.3404761904761905,2.369811320754717,7.400000000000008,3.785849056603783,4.2500000000000036,4.480211926706793,2,
3180,200,0.04158565512117316,38.12499999999995,0.10923811972855108,2.0,0.0,41.0,20.524193548387096,0.24586776859504123,3.6661290322580644,5.700000000000001,3.3548387096774195,3.4000000000000137,1.5031579166439073,1,
3181,200,0.04154409025195034,38.62499999999996,0.10922896740312094,2.0,0.0,42.0,19.726470588235294,0.1763565891472869,3.473529411764706,6.600000000000037,3.291764705882358,3.3999999999999924,2.284643003120703,1,
3182,200,0.04150256692682124,50.499999999999936,0.10921096045206027,2.0,0.0,44.0,20.15125,0.03343949044585992,4.63625,7.500000000000012,2.8407499999999963,2.6499999999999946,1.8126422697535505,0,
3183,200,0.0414610851042625,50.37499999999996,0.10919332518188428,2.0,0.0,44.0,20.065,0.034810126582278444,4.945,7.800000000000003,2.7889999999999944,2.5999999999999908,1.927132011143767,0,
3184,200,0.04141964474279235,13.624999999999979,0.10918989245734469,10.0,0.0,45.0,17.306569343065693,0.6367924528301887,0.04744525547445255,7.80000000000003,3.4350364963503717,3.599999999999998,5.438114951714987,3,
3185,200,0.04137824580097038,36.27499999999998,0.10917799801830765,2.0,0.0,37.0,18.161030595813205,0.24090909090909096,2.3800322061191626,3.899999999999996,1.9494363929146483,2.0999999999999894,0.5865269681568281,1,
3186,200,0.041336888237397666,45.899999999999935,0.1091636473179111,3.0,0.0,37.0,20.44,0.005102040816326481,6.48625,6.700000000000003,3.0140000000000016,2.7999999999999883,2.141857346652121,0,
3187,200,0.04129557201071661,43.44999999999994,0.10915218043361033,2.0,0.0,41.0,19.46883116883117,0.06849315068493156,5.492207792207792,5.700000000000004,2.762467532467533,2.7999999999999945,1.9012049101111739,1,
3188,200,0.04125429707961103,32.049999999999955,0.10914594568620915,3.0,0.0,44.0,19.074681238615664,0.35185185185185186,2.6411657559198543,7.300000000000032,3.116575591985431,2.899999999999995,3.456986264100889,2,
3189,200,0.04121306340280596,32.67499999999997,0.10914177222911572,3.0,0.0,43.0,18.15523465703971,0.3200934579439252,1.2815884476534296,7.0000000000000115,3.0781588447653436,3.0999999999999943,2.7596222081032318,2,
3190,200,0.04117187093906774,28.849999999999962,0.10913393046002552,2.0,0.0,42.0,18.19047619047619,0.3897849462365591,0.15113871635610765,6.200000000000024,3.025051759834372,3.399999999999998,3.8414799732519627,2,
3191,200,0.04113071964720386,27.674999999999972,0.10913075310922767,2.0,0.0,44.0,19.046,0.3868421052631579,2.276,7.500000000000023,3.612800000000008,3.9999999999999987,3.253569174276719,2,
3192,200,0.04108960948606308,35.599999999999945,0.10911969101333728,2.0,0.0,42.0,19.06764705882353,0.1865079365079365,2.8676470588235294,7.300000000000021,3.087058823529415,2.5999999999999974,4.033723602343457,2,
3193,200,0.041048540414535206,50.69999999999995,0.10910129670522171,2.0,0.0,42.0,18.8775,0.04470198675496695,1.78625,6.199999999999991,2.076499999999995,1.8999999999999888,1.139049529764886,0,
3194,200,0.04100751239155117,36.624999999999964,0.10908795979180248,2.0,0.0,38.0,19.16260162601626,0.2456140350877194,1.0,4.899999999999993,2.4733333333333274,2.3999999999999915,1.008332205254025,1,
3195,200,0.040966525376082925,33.87499999999996,0.10907574407432587,2.0,0.0,44.0,17.304347826086957,0.21186440677966112,1.5527950310559007,7.700000000000022,2.520807453416148,1.7499999999999962,3.6538305182827715,2,
3196,200,0.04092557932714349,28.649999999999963,0.10906929249476621,3.0,1.0,42.0,18.010615711252655,0.42391304347826086,1.40552016985138,6.8000000000000025,2.707218683651803,2.3999999999999932,3.122254958528677,2,
3197,200,0.04088467420378679,46.97499999999995,0.10905463953933683,2.0,0.0,37.0,19.46,0.02083333333333326,3.7125,5.1999999999999975,2.4259999999999984,2.4999999999999893,1.2911760174625297,0,
3198,200,0.0408438099651077,46.04999999999995,0.10903897794379945,2.0,1.0,42.0,20.28375,0.043333333333333224,4.665,6.000000000000018,2.9202500000000002,2.8999999999999906,1.6214924710819902,0,
3199,200,0.04080298657024196,50.12499999999995,0.10902284899632747,2.0,0.0,42.0,20.13125,0.025974025974025983,3.75375,7.600000000000007,2.8287499999999994,2.4999999999999933,2.6410275641055847,0,
3200,200,0.04076220397836621,33.62499999999996,0.10901599826078238,2.0,0.0,42.0,21.178861788617887,0.2847826086956522,2.8308943089430896,7.100000000000027,3.683089430894315,3.7999999999999967,3.2140314734126174,2,
3201,200,0.04072146214869783,47.199999999999946,0.10899867443454034,2.0,0.0,39.0,19.98125,0.022108843537415046,5.83375,6.200000000000001,2.738749999999995,2.6999999999999917,1.393700615157213,0,
3202,200,0.040680761040495,22.174999999999976,0.10899180111140984,6.0,0.0,51.0,16.408521303258144,0.46875,0.14285714285714285,11.60000000000003,3.461904761904765,1.4999999999999964,11.460776130653327,3,
3203,200,0.0406401006130566,37.99999999999996,0.10898104194617321,2.0,0.0,43.0,20.888341543513956,0.27892561983471076,3.0082101806239736,7.4,3.424302134646962,3.2999999999999923,3.430354616048332,1,
3204,200,0.04059948082572218,49.974999999999945,0.1089683223314013,2.0,0.0,41.0,19.59,0.04276315789473695,3.63125,5.800000000000024,2.503999999999999,2.399999999999996,1.7241366939635898,0,
3205,200,0.040558901637871986,49.99999999999995,0.10895465045660815,2.0,0.0,39.0,19.33375,0.023648648648648685,3.1175,4.8999999999999995,2.3502499999999946,2.299999999999997,0.796026181290906,0,
3206,200,0.040518363008926805,30.54999999999997,0.10894743561126977,3.0,0.0,40.0,16.810313075506446,0.2945544554455446,1.4530386740331491,6.8000000000000105,2.5272559852670353,1.9999999999999947,3.744315850879113,2,
3207,200,0.040477864898348016,36.549999999999955,0.10893198705400989,3.0,1.0,38.0,19.119335347432024,0.1858974358974359,2.4622356495468276,5.599999999999996,2.867824773413896,3.099999999999994,1.694965601276009,1,
3208,200,0.04043740726563748,44.27499999999995,0.10892118033666304,3.0,0.0,45.0,20.486764705882354,0.17657342657342667,3.2338235294117648,8.100000000000023,3.7479411764705954,4.0,4.274769711872246,1,
3209,200,0.0403969900703376,41.89999999999996,0.10891462423661331,2.0,1.0,40.0,19.097560975609756,0.19094488188976388,1.6981707317073171,5.800000000000005,2.8231707317073145,2.799999999999992,1.8867845748079972,1,
3210,200,0.04035661327203115,35.27499999999997,0.10890562380870593,2.0,0.0,42.0,17.10967741935484,0.22413793103448265,2.791935483870968,6.000000000000008,2.5603225806451606,1.9999999999999973,2.4271094357685716,2,
3211,200,0.040316276830341335,29.14999999999997,0.10889536196420324,3.0,0.0,47.0,17.462025316455698,0.2065217391304348,3.204113924050633,10.200000000000026,2.911392405063291,2.099999999999994,5.657226148719563,3,
3212,200,0.0402759807049317,36.399999999999956,0.1088792047847616,2.0,0.0,39.0,18.962025316455698,0.2282608695652173,1.870253164556962,6.000000000000003,2.552531645569615,2.59999999999999,1.3398387173497757,1,
3213,200,0.04023572485550614,46.34999999999994,0.1088665092460322,2.0,1.0,45.0,20.465,0.05263157894736836,5.98875,9.3,3.0289999999999977,2.6999999999999913,2.59601305627041,0,
3214,200,0.040195509241808786,48.37499999999993,0.10885061433763732,2.0,0.0,43.0,20.4,0.04220779220779214,4.2825,6.600000000000015,2.989999999999998,2.799999999999991,2.0513532052393892,0,
3215,200,0.040155333823624025,33.924999999999955,0.10884292737782038,3.0,0.0,48.0,18.23262839879154,0.221774193548387,4.643504531722054,10.100000000000032,2.8252265861027186,2.0499999999999927,5.866310540042894,2,
3216,200,0.040115198560776416,33.74999999999996,0.10882899663321732,2.0,0.0,44.0,19.19376026272578,0.2931034482758621,1.7389162561576355,8.00000000000002,2.7602627257799655,2.399999999999992,3.3873955996548877,2,
3217,200,0.04007510341313073,26.924999999999976,0.10881923566990828,2.0,1.0,41.0,17.646464646464647,0.3967391304347826,0.7717171717171717,5.599999999999997,2.588080808080804,2.3999999999999986,1.81907747812459,2,
3218,200,0.040035048340591795,20.824999999999974,0.10881302629662776,6.0,0.0,46.0,16.54196642685851,0.4807692307692307,0.12470023980815348,8.500000000000016,2.9203836930455616,2.399999999999992,4.267067077659194,3,
3219,200,0.03999503330310454,39.17499999999997,0.10880017857304611,2.0,0.0,40.0,18.254411764705882,0.17741935483870974,2.376470588235294,5.1000000000000005,2.408529411764702,2.2999999999999936,1.5251070179650035,1,
3220,200,0.039955058260653896,50.02499999999994,0.10878855471343513,3.0,0.0,44.0,20.66375,0.03571428571428581,4.26,8.600000000000014,3.1482499999999995,2.899999999999996,3.5747775230898893,0,
3221,200,0.03991512317326487,27.199999999999964,0.10878617946530045,2.0,0.0,45.0,21.590697674418603,0.4862637362637363,1.913953488372093,8.000000000000021,4.341860465116284,4.699999999999996,4.734459353484907,2,
3222,200,0.039875228001002336,39.19999999999995,0.10877599813394524,2.0,0.0,45.0,19.465699208443272,0.10869565217391308,6.536939313984169,9.100000000000037,2.867150395778365,2.199999999999999,3.848835253923454,1,
3223,200,0.03983537270397113,34.07499999999997,0.10876560193264201,2.0,0.0,41.0,18.533011272141707,0.2723214285714286,1.3429951690821256,5.4999999999999964,2.172624798711751,1.7999999999999998,1.520059692977903,2,
3224,200,0.039795557242315927,49.349999999999945,0.10875420147932272,3.0,0.0,43.0,20.45875,0.045454545454545414,6.12,7.000000000000017,3.0252499999999953,2.799999999999997,1.5415648461950762,0,
3225,200,0.039755781576221304,37.424999999999955,0.10874501156207383,2.0,0.0,41.0,20.435139573070607,0.2627118644067796,2.5139573070607555,6.099999999999997,3.1523809523809523,3.199999999999995,2.058690358067308,1,
3226,200,0.03971604566591157,47.42499999999997,0.10873027575372485,2.0,0.0,37.0,19.38125,0.01736111111111116,2.965,4.899999999999994,2.3787499999999953,2.3499999999999934,0.6888495138273646,0,
3227,200,0.0396763494716508,50.724999999999945,0.10871671605331495,2.0,0.0,41.0,19.82125,0.032467532467532534,4.8725,6.899999999999997,2.6427499999999946,2.2999999999999914,1.9467754793366898,0,
3228,200,0.0396366929537428,33.299999999999955,0.10870934052141824,2.0,0.0,42.0,18.952845528455285,0.27586206896551724,2.8536585365853657,6.000000000000006,2.6850406504065045,2.5999999999999925,2.4313924023858995,2,
3229,200,0.03959707607253108,48.62499999999994,0.10869580603357189,2.0,0.0,44.0,20.215,0.03846153846153855,4.6375,8.600000000000014,2.878999999999997,2.6999999999999935,2.6900632032237617,0,
3230,200,0.039557498788398725,44.72499999999995,0.10868381394599996,2.0,1.0,42.0,20.03553299492386,0.06788079470198682,4.959390862944162,7.300000000000018,2.9144670050761405,2.599999999999996,2.525353148356627,1,
3231,200,0.039517961061768456,24.299999999999983,0.10868023803854115,2.0,0.0,41.0,14.909090909090908,0.33139534883720934,1.0606060606060606,6.299999999999994,1.95414141414141,1.5999999999999988,1.6656007574768141,3,
3232,200,0.039478462853102525,48.77499999999994,0.10866592657577004,3.0,0.0,43.0,20.41375,0.03571428571428581,4.54,7.700000000000028,2.9982499999999996,2.799999999999989,2.6465010726579457,0,
3233,200,0.03943900412290276,41.099999999999966,0.10865215780324651,2.0,0.0,39.0,18.0748502994012,0.17399999999999993,2.6137724550898205,5.099999999999993,2.2667664670658643,2.0999999999999983,1.5502463118216623,1,
3234,200,0.03939958483171039,35.749999999999936,0.10863883336142091,3.0,1.0,43.0,21.38861788617886,0.27083333333333337,4.367479674796748,7.30000000000003,3.808943089430901,3.700000000000022,2.82586245188039,1,
3235,200,0.03936020494010615,43.52499999999996,0.10862444258911338,2.0,1.0,38.0,18.444591029023748,0.0770676691729324,2.8047493403693933,5.200000000000005,2.2544854881266447,2.0000000000000027,1.0860965464187589,1,
3236,200,0.039320864408710104,30.274999999999967,0.10861992923456891,3.0,0.0,41.0,18.31853281853282,0.3308080808080808,2.027027027027027,7.600000000000012,3.3453667953667985,2.1999999999999966,5.879566082669052,2,
3237,200,0.03928156319818176,29.149999999999963,0.10861465463432544,2.0,0.0,43.0,18.717348927875243,0.385,2.6842105263157894,6.800000000000007,3.1212475633528265,2.999999999999996,3.071002705496123,2,
3238,200,0.03924230126921989,48.59999999999996,0.10860413627517031,2.0,1.0,43.0,21.1325,0.030254777070063632,5.615,8.300000000000033,3.4295,2.999999999999989,3.553885302945827,0,
3239,200,0.03920307858256256,17.47499999999997,0.10859653755700051,2.0,1.0,41.0,16.91727493917275,0.48611111111111116,1.7372262773722629,7.300000000000018,2.7944038929440396,2.2999999999999923,4.3228409898176885,3,
3240,200,0.039163895098987066,39.72499999999996,0.10859122374666558,2.0,0.0,41.0,20.09451219512195,0.19921875,3.6463414634146343,6.300000000000018,3.421341463414635,3.599999999999994,2.4427819257090553,1,
3241,200,0.03912475077930995,42.17499999999997,0.10858066434812635,2.0,0.0,40.0,18.619505494505493,0.10869565217391308,4.5151098901098905,5.3999999999999915,2.5546703296703233,2.5999999999999988,1.375914850098962,1,
3242,200,0.03908564558438687,28.849999999999966,0.1085775840421774,2.0,0.0,44.0,19.477842003853564,0.36274509803921573,2.0635838150289016,8.600000000000028,3.912331406551064,3.699999999999995,5.246957974458012,2,
3243,200,0.039046579475112635,28.72499999999996,0.10856946470812048,3.0,0.0,48.0,18.84990253411306,0.3928571428571429,1.2846003898635479,9.800000000000033,3.532943469785579,3.299999999999997,5.606129012645946,2,
3244,200,0.03900755241242111,45.724999999999945,0.10856144481049765,2.0,0.0,40.0,20.105,0.02181208053691286,7.59875,5.700000000000002,2.813,2.699999999999991,1.4335832399738198,0,
3245,200,0.03896856435728526,27.199999999999942,0.10854774031522214,2.0,0.0,40.0,18.842560553633216,0.30000000000000004,3.3044982698961936,7.000000000000022,3.0780276816609042,2.7999999999999945,3.444804345028061,2,
3246,200,0.038929615270717026,48.57499999999994,0.1085345006635979,3.0,0.0,40.0,20.7775,0.023026315789473673,4.42125,6.700000000000009,3.216500000000001,2.9999999999999942,1.8250306016103317,0,
3247,200,0.0388907051137673,36.44999999999995,0.10852904501006977,2.0,0.0,43.0,19.966183574879228,0.2584033613445378,3.9098228663446055,8.700000000000035,3.032528180354269,2.199999999999997,4.6785353697749725,1,
3248,200,0.03885183384752591,37.14999999999996,0.10852304708335256,2.0,0.0,49.0,20.336990595611287,0.27,5.346394984326019,10.800000000000033,3.434639498432602,2.79999999999999,5.924441619190149,1,
3249,200,0.03881300143312163,37.69999999999995,0.10851304375319955,2.0,1.0,45.0,19.832326283987914,0.22619047619047628,4.685800604229607,8.600000000000026,3.295619335347433,3.0999999999999934,3.347465789527745,1,
3250,200,0.03877420783172201,45.924999999999926,0.10850505822338488,2.0,0.0,41.0,21.045,0.038079470198675525,7.83,7.700000000000008,3.3769999999999993,3.2999999999999945,1.9645240695688666,0,
3251,200,0.03873545300453345,47.99999999999997,0.1084928168812814,2.0,1.0,41.0,19.12,0.03716216216216206,5.645,6.499999999999995,2.2219999999999995,1.8999999999999995,1.8592689051076678,0,
3252,200,0.038696736912801115,38.54999999999995,0.1084826504740829,2.0,0.0,42.0,18.85781990521327,0.23770491803278682,2.1958925750394944,6.100000000000008,2.500157977883091,2.399999999999994,1.686275905442638,1,
3253,200,0.03865805951780893,32.94999999999996,0.10847159261782464,3.0,0.0,44.0,20.226600985221676,0.2978260869565217,2.3004926108374386,8.099999999999998,3.2095238095238066,2.7999999999999945,3.1438258196721383,2,
3254,200,0.03861942078087949,38.44999999999996,0.10846253373755083,2.0,0.0,41.0,18.389705882352942,0.1791666666666667,3.3955882352941176,5.600000000000001,2.4897058823529385,2.399999999999996,1.6050151492542162,1,
3255,200,0.03858082066337404,40.17499999999996,0.1084544525652155,2.0,0.0,38.0,18.2797783933518,0.10877862595419852,4.835180055401662,6.200000000000007,2.3768698060941817,2.199999999999995,1.7902856030217835,1,
3256,200,0.03854225912669246,16.674999999999983,0.10845494257677862,8.0,0.0,50.0,18.475,0.614406779661017,0.0,11.500000000000028,4.298928571428579,3.7999999999999976,12.32876324953131,3,
3257,200,0.038503736132273224,13.200000000000003,0.10844685825807758,3.0,0.0,41.0,14.736686390532544,0.44166666666666665,1.6627218934911243,7.2,2.732248520710064,2.4500000000000126,3.741862608649998,3,
3258,200,0.03846525164159334,36.04999999999995,0.1084345146230965,2.0,0.0,43.0,20.273162939297123,0.25416666666666665,2.646964856230032,7.800000000000008,3.2752396166134194,2.599999999999998,3.4001144497607907,1,
3259,200,0.0384268056161683,20.524999999999977,0.10843344455746429,3.0,0.0,43.0,17.07816091954023,0.4551282051282052,1.7632183908045977,8.000000000000028,3.0622988505747157,2.499999999999996,4.978972751870834,3,
3260,200,0.038388398017552054,31.349999999999962,0.10842330140456216,2.0,0.0,44.0,17.031157270029674,0.12815126050420167,2.522255192878338,7.800000000000023,2.4402077151335293,1.8999999999999952,3.6224417588465316,3,
3261,200,0.03835002880733705,39.64999999999996,0.10841252036651201,3.0,0.0,42.0,19.789634146341463,0.20348837209302317,3.8810975609756095,7.500000000000007,3.238414634146346,3.4999999999999982,3.2779831526601537,1,
3262,200,0.03831169794715405,26.124999999999982,0.10840452172754296,4.0,0.0,48.0,15.688432835820896,0.28,1.882462686567164,10.200000000000022,2.7175373134328353,1.799999999999998,5.623070223985826,3,
3263,200,0.03827340539867218,44.47499999999997,0.10839286304697035,2.0,0.0,41.0,17.09556786703601,0.12777777777777777,1.4736842105263157,5.399999999999987,1.6663434903047034,1.5999999999999976,0.5309042688904082,1,
3264,200,0.03823515112359889,49.82499999999994,0.10837975785667797,2.0,0.0,46.0,20.925,0.04746835443037978,5.6,9.200000000000006,3.305,2.900000000000001,3.7581308720795086,0,
3265,200,0.038196935083679925,40.074999999999946,0.10836735956019677,2.0,0.0,47.0,21.192196531791907,0.181159420289855,6.122832369942197,10.000000000000009,4.183236994219664,4.599999999999997,4.856752265261704,1,
3266,200,0.038158757240699226,29.149999999999974,0.10835792767762663,2.0,0.0,43.0,16.941509433962263,0.3257575757575758,0.8924528301886793,6.700000000000004,2.568867924528301,2.549999999999997,2.2761898404764707,2,
3267,200,0.03812061755647895,35.949999999999946,0.10834926263406491,2.0,0.0,44.0,19.88529411764706,0.19656488549618323,4.526470588235294,7.400000000000021,3.5776470588235343,3.3000000000000034,4.71951055257476,2,
3268,200,0.03808251599287939,41.42499999999997,0.10834099970099458,2.0,1.0,41.0,18.362973760932945,0.16796875,3.8498542274052476,5.700000000000017,2.482361516034984,2.399999999999994,1.4462079920101194,1,
3269,200,0.03804445251179901,40.67499999999997,0.10833266931590893,3.0,0.0,42.0,19.889212827988338,0.17481203007518786,4.940233236151603,7.000000000000025,3.398104956268222,3.199999999999997,3.0670437424962236,1,
3270,200,0.038006427075174314,37.22499999999996,0.10832207787128767,2.0,0.0,39.0,19.29153605015674,0.22435897435897445,1.7100313479623825,5.799999999999994,2.807366771159872,2.899999999999989,1.5973007520090026,1,
3271,200,0.03796843964497986,42.949999999999974,0.10831525925116531,2.0,0.0,39.0,17.591029023746703,0.07846715328467146,1.7730870712401055,5.999999999999997,1.742348284960419,1.2999999999999958,1.663895534519281,1,
3272,200,0.0379304901832282,36.24999999999996,0.10831165730681565,2.0,0.0,42.0,19.85891472868217,0.22916666666666674,3.0914728682170542,6.8000000000000185,3.206201550387597,3.2999999999999967,2.341703603638263,1,
3273,200,0.0378925786519699,28.899999999999974,0.1083094064617333,2.0,0.0,44.0,17.303225806451614,0.4423076923076923,0.9053763440860215,7.3999999999999995,2.2369892473118225,1.9999999999999956,1.7779948571851367,2,
3274,200,0.03785470501329341,29.699999999999953,0.10830644893430437,2.0,0.0,40.0,18.66488413547237,0.3076923076923077,2.9928698752228162,6.200000000000029,3.261675579322641,3.5000000000000013,2.1738857397051556,2,
3275,200,0.03781686922932508,36.32499999999995,0.10830412776049504,2.0,0.0,45.0,20.66988727858293,0.2838983050847458,3.1175523349436394,8.700000000000022,3.454750402576491,3.1999999999999904,4.854052017425608,1,
3276,200,0.037779071262229125,35.474999999999966,0.1082925987243773,2.0,0.0,42.0,19.93821138211382,0.2717391304347826,3.0341463414634147,6.499999999999998,2.938699186991867,2.799999999999998,1.6052708447903903,1,
3277,200,0.03774131107420759,36.54999999999996,0.1082862063160049,2.0,0.0,42.0,19.860426929392446,0.27118644067796616,3.050903119868637,6.300000000000024,2.807553366174054,2.5999999999999974,2.052559318377925,1,
3278,200,0.037703588627500284,29.424999999999955,0.10828225996763477,2.0,1.0,41.0,18.236190476190476,0.36616161616161613,1.417142857142857,7.000000000000004,2.7836190476190485,1.999999999999996,3.6301067396163096,2,
3279,200,0.03766590388438474,30.274999999999956,0.10827636157748116,3.0,0.0,41.0,18.783427495291903,0.349009900990099,2.743879472693032,7.000000000000016,3.306403013182677,3.4999999999999973,3.357899347425189,2,
3280,200,0.0376282568071762,30.249999999999964,0.10827115830917737,2.0,0.0,41.0,19.572192513368982,0.330952380952381,3.0320855614973263,6.600000000000024,3.2969696969696995,3.099999999999998,2.67053406202341,2,
3281,200,0.037590647358227626,43.67499999999997,0.1082631617566212,2.0,0.0,39.0,18.710106382978722,0.08093525179856109,3.425531914893617,5.099999999999998,2.461170212765953,2.3999999999999986,1.2211007899162318,1,
3282,200,0.03755307549992954,39.024999999999956,0.1082512258873506,2.0,0.0,40.0,19.032394366197185,0.13345864661654128,5.980281690140845,8.800000000000004,2.8666197183098587,2.149999999999996,4.32716194636373,1,
3283,200,0.03751554119471008,28.37499999999997,0.10824812721199713,4.0,0.0,49.0,19.299107142857142,0.48118279569892475,1.4754464285714286,10.200000000000022,3.2546875,2.6999999999999957,7.7638113530939,2,
3284,200,0.03747804440503493,48.32499999999993,0.10823690611982789,2.0,0.0,44.0,21.69,0.06012658227848111,7.9575,9.300000000000018,3.7640000000000007,3.099999999999992,5.196162119003353,0,
3285,200,0.03744058509340732,38.574999999999946,0.10822945841670603,2.0,0.0,46.0,21.045031055900623,0.24612403100775193,4.899068322981367,8.900000000000027,3.9099378881987588,3.499999999999996,3.9888238995985645,1,
3286,200,0.037403163222367926,47.87499999999994,0.10821993336037744,2.0,1.0,43.0,21.0075,0.030254777070063632,8.3625,7.500000000000002,3.3545,3.3,2.1894831710674607,0,
3287,200,0.03736577875449487,41.17499999999996,0.1082123684391512,2.0,0.0,41.0,18.53726708074534,0.21031746031746024,2.0869565217391304,5.499999999999998,2.405279503105587,2.2999999999999945,1.6651003652934961,1,
3288,200,0.03732843165240367,37.47499999999996,0.10820167974285028,2.0,0.0,42.0,19.99837398373984,0.2626050420168067,2.3365853658536584,6.099999999999997,2.9747967479674746,2.9999999999999987,1.4089782774228998,1,
3289,200,0.037291121878747245,27.474999999999973,0.10819760344905671,4.0,0.0,51.0,16.486641221374047,0.30940594059405946,2.536259541984733,11.400000000000029,3.209160305343512,2.399999999999997,7.644867595374713,3,
3290,200,0.03725384939621581,45.674999999999955,0.10818591356567897,2.0,0.0,43.0,19.451570680628272,0.09121621621621623,3.7905759162303663,7.200000000000012,2.807329842931934,2.6999999999999913,2.4109189902260666,1,
3291,200,0.03721661416753687,38.99999999999996,0.10818294947490764,3.0,0.0,42.0,21.43739837398374,0.25813008130081305,3.5658536585365854,6.800000000000016,3.8382113821138284,4.000000000000003,2.652969668767736,1,
3292,200,0.03717941615547519,48.299999999999955,0.10817330261823846,2.0,0.0,38.0,19.24375,0.017123287671232834,3.18,5.499999999999997,2.2962499999999983,2.2000000000000046,1.417288152012737,0,
3293,200,0.03714225532283277,45.674999999999926,0.10816324713073203,2.0,0.0,43.0,20.72,0.03618421052631571,5.23875,7.700000000000008,3.182000000000001,2.699999999999992,3.684681757315272,0,
3294,200,0.03710513163244877,31.69999999999996,0.10815689715207091,2.0,0.0,48.0,20.42301184433164,0.3348214285714286,3.8307952622673436,9.800000000000033,3.4265651438240265,3.0999999999999943,4.378849977095773,2,
3295,200,0.0370680450471995,45.874999999999936,0.10814661373783963,3.0,0.0,39.0,20.72875,0.027027027027026973,7.54125,7.099999999999995,3.18725,3.099999999999997,1.785390227172239,0,
3296,200,0.037030995529998355,30.29999999999998,0.10813653241784486,2.0,0.0,40.0,16.231046931407942,0.31060606060606055,1.2418772563176896,4.899999999999994,1.9236462093862765,1.799999999999998,0.8895701089878282,2,
3297,200,0.036993983043795836,37.72499999999997,0.10812795340345951,2.0,0.0,39.0,18.71563981042654,0.22844827586206895,2.448657187993681,4.699999999999999,2.4148499210110534,2.2999999999999887,1.0634788164357316,1,
3298,200,0.03695700755157944,9.549999999999978,0.10812597715858588,5.0,0.0,37.0,17.322709163346612,0.7012195121951219,0.0,7.200000000000006,2.927490039840641,2.699999999999996,4.070822857142867,3,
3299,200,0.03692006901637368,27.599999999999966,0.10811871726419754,3.0,1.0,43.0,18.502923976608187,0.36578947368421055,1.3976608187134503,8.500000000000016,3.2627680311890837,2.7999999999999927,4.462275960603141,2,
3300,200,0.036883167401239994,24.599999999999966,0.10811270859988319,2.0,0.0,44.0,19.94495412844037,0.4969879518072289,1.8555045871559632,7.900000000000012,3.450229357798171,3.5000000000000258,4.1901825403088075,2,
3301,200,0.036846302669276805,36.299999999999955,0.10810361808737136,2.0,0.0,41.0,19.162754303599375,0.23717948717948723,1.862284820031299,7.5000000000000115,2.7391236306729234,2.599999999999997,2.727928291536059,1,
3302,200,0.03680947478361935,40.29999999999997,0.10809878550326332,2.0,1.0,44.0,18.72811059907834,0.22265625,2.3302611367127497,7.199999999999999,2.5706605222734233,2.099999999999998,2.8362733836715415,1,
3303,200,0.036772683707439746,49.974999999999945,0.10808986591597786,2.0,1.0,41.0,20.39875,0.01751592356687892,4.48875,5.899999999999995,2.98925,2.999999999999992,2.0307876106056457,0,
3304,200,0.0367359294039469,50.974999999999966,0.10807709599693949,2.0,0.0,41.0,19.875,0.018987341772152,4.37,5.800000000000006,2.6749999999999976,2.599999999999998,1.8202778441841325,0,
3305,200,0.03669921183638653,28.724999999999966,0.10806994733357127,3.0,0.0,45.0,18.114519427402865,0.4184210526315789,0.8282208588957055,8.800000000000006,2.8560327198363975,2.299999999999989,4.369966543994659,2,
3306,200,0.03666253096804106,48.79999999999994,0.10806365623156518,3.0,0.0,46.0,21.8175,0.043209876543209846,8.39125,9.900000000000016,3.8405,3.5000000000000053,3.2867648855701437,0,
3307,200,0.036625886762229616,36.22499999999996,0.1080532866235991,2.0,0.0,42.0,19.524844720496894,0.23717948717948723,2.6972049689440993,6.000000000000023,2.9978260869565228,2.9999999999999982,1.7750616658830434,1,
3308,200,0.03658927918230796,46.97499999999995,0.10804313669694687,2.0,0.0,42.0,21.295,0.03846153846153855,6.16625,7.40000000000001,3.5270000000000015,3.3999999999999937,2.5229749421483554,0,
3309,200,0.036552708191668566,36.474999999999966,0.10803715999383805,2.0,1.0,41.0,20.32357723577236,0.2584745762711864,2.8845528455284555,5.499999999999994,3.1699186991869923,3.3999999999999884,1.383082511950594,1,
3310,200,0.0365161737537404,39.44999999999995,0.10802420985532046,3.0,0.0,40.0,19.567073170731707,0.19354838709677424,2.2027439024390243,6.8000000000000105,3.1048780487804883,2.8999999999999906,3.088580942753919,1,
3311,200,0.036479675831989036,49.44999999999995,0.10801503756536271,2.0,0.0,42.0,20.1275,0.019230769230769162,4.0875,6.8000000000000185,2.8264999999999976,2.499999999999999,2.6429518796123204,0,
3312,200,0.036443214389916524,30.624999999999964,0.1080109023571663,3.0,0.0,44.0,18.656126482213438,0.365,1.9545454545454546,7.2000000000000295,3.467391304347832,4.150000000000003,3.924821567363868,2,
3313,200,0.036406789391061456,31.69999999999998,0.10800852529749827,4.0,0.0,44.0,16.809701492537314,0.32843137254901966,0.9757462686567164,7.600000000000013,2.483582089552236,2.0999999999999996,2.6725755756278455,2,
3314,200,0.03637040079899881,35.22499999999996,0.10800404671139566,2.0,1.0,43.0,19.30921052631579,0.2799145299145299,2.169407894736842,6.700000000000025,3.1250000000000004,2.999999999999993,3.3186602932941804,2,
3315,200,0.036334048577339996,44.099999999999945,0.10799595411305786,2.0,0.0,41.0,20.1183879093199,0.05536912751677847,5.358942065491184,6.800000000000005,2.894332493702769,2.299999999999999,2.731571708423562,1,
3316,200,0.03629773268973277,26.199999999999964,0.10799195515245745,3.0,0.0,43.0,20.29847494553377,0.4545454545454546,0.7712418300653595,7.700000000000004,3.9335511982570868,4.1000000000000325,3.900025726219879,2,
3317,200,0.03626145309986128,23.54999999999998,0.10799187957026492,2.0,0.0,47.0,16.34013605442177,0.4487951807228916,0.42857142857142855,9.000000000000032,2.7505668934240393,1.8999999999999932,5.147151995063798,3,
3318,200,0.03622520977144591,39.549999999999955,0.10798568159107001,2.0,0.0,41.0,20.26153846153846,0.21399999999999997,3.8446153846153845,7.500000000000007,3.4838461538461583,3.4999999999999956,3.24474673312838,1,
3319,200,0.03618900266824332,20.59999999999998,0.10797897534011847,5.0,0.0,49.0,16.953488372093023,0.5,0.14728682170542637,10.40000000000004,3.639018087855304,2.399999999999996,7.828013060199846,3,
3320,200,0.03615283175404641,38.574999999999946,0.10797606462681603,2.0,0.0,43.0,21.782608695652176,0.25813008130081305,3.7230273752012883,7.300000000000011,4.122383252818045,4.600000000000028,2.8855451198008755,1,
3321,200,0.03611669699268428,12.699999999999983,0.1079685975241384,4.0,0.0,45.0,18.96484375,0.68,0.03125,8.70000000000003,4.080859375000007,4.000000000000006,7.321034409094424,3,
3322,200,0.03608059834802215,50.59999999999994,0.10796075541310846,2.0,0.0,43.0,20.33,0.023885350318471277,4.32375,7.1000000000000005,2.9480000000000017,2.7999999999999954,2.4270497922653083,0,
3323,200,0.03604453578396138,48.39999999999996,0.1079529251719622,2.0,0.0,39.0,19.825,0.027027027027026973,4.7225,4.899999999999997,2.6449999999999947,2.699999999999996,1.0536266462916335,0,
3324,200,0.036008509264439374,36.92499999999996,0.10794183052315115,2.0,0.0,39.0,19.389240506329113,0.22844827586206895,2.9003164556962027,5.80000000000001,2.808860759493671,2.799999999999998,1.7739132698918314,1,
3325,200,0.035972518753429654,33.374999999999936,0.10793497283441877,3.0,1.0,47.0,19.454154727793696,0.16984732824427473,6.577363896848137,10.100000000000016,3.478939828080231,2.599999999999996,6.594713271470054,2,
3326,200,0.03593656421494168,38.349999999999945,0.10793502529081174,2.0,0.0,42.0,20.89358372456964,0.2224409448818898,3.8826291079812205,6.800000000000004,3.7776212832550926,4.200000000000019,2.950914870689674,1,
3327,200,0.03590064561302092,28.074999999999967,0.10793280013209923,3.0,0.0,46.0,17.459574468085105,0.4368131868131868,1.048936170212766,8.500000000000018,2.43723404255319,1.5999999999999996,4.8316354985762855,2,
3328,200,0.03586476291174875,36.82499999999995,0.10792272656635228,2.0,0.0,42.0,20.416129032258066,0.2583333333333333,3.1838709677419357,6.20000000000002,3.29,3.2999999999999936,1.9113565852148504,1,
3329,200,0.035828916075242495,24.849999999999962,0.10791442238897503,2.0,0.0,44.0,20.37735849056604,0.5059523809523809,1.7028301886792452,7.600000000000032,3.5068396226415146,4.100000000000001,4.318868752607455,2,
3330,200,0.0357931050676553,19.974999999999973,0.107906737824853,5.0,0.0,42.0,18.4688995215311,0.527027027027027,0.9258373205741627,6.900000000000013,2.5086124401913836,2.0999999999999948,2.7097499470590694,3,
3331,200,0.03575732985317615,17.12499999999998,0.10790269160178241,4.0,0.0,48.0,17.09657320872274,0.53125,0.12149532710280374,9.600000000000033,3.9732087227414388,2.5999999999999974,11.005744177018693,3,
3332,200,0.035721590396029845,39.674999999999955,0.10789385691925174,2.0,1.0,44.0,21.117378048780488,0.21484375,5.221036585365853,7.900000000000022,4.035060975609763,4.10000000000002,4.003658080332791,1,
3333,200,0.03568588666047689,42.62499999999996,0.10788372850649885,2.0,0.0,42.0,19.179723502304146,0.2038461538461538,3.6159754224270353,6.900000000000021,2.8416282642089077,2.6999999999999917,2.7256621519584785,1,
3334,200,0.035650218610813585,26.12499999999997,0.10788077280871408,2.0,1.0,40.0,17.8399209486166,0.37222222222222223,2.0118577075098814,6.900000000000019,2.849604743083006,2.2999999999999963,3.483422539887153,2,
3335,200,0.03561458621137186,37.77499999999996,0.10787111839164837,2.0,0.0,42.0,20.00328407224959,0.2668067226890757,2.2824302134646963,6.7,2.8932676518883382,2.699999999999994,2.488056622088012,1,
3336,200,0.03557898942651932,48.92499999999996,0.10786069943721355,2.0,0.0,41.0,19.70875,0.0281456953642385,5.2425,5.599999999999992,2.575249999999997,2.500000000000001,1.2297893590458737,0,
3337,200,0.03554342822065915,38.14999999999996,0.10784912064910834,2.0,0.0,40.0,19.781499202551835,0.23319327731092443,2.5422647527910684,6.300000000000002,2.9915470494417855,3.0999999999999956,1.9114007142711822,1,
3338,200,0.035507902558230185,26.02499999999998,0.10785048231606822,2.0,1.0,38.0,17.656050955414013,0.4186746987951807,2.118895966029724,5.300000000000002,2.494479830148617,2.599999999999996,1.3990416516408215,2,
3339,200,0.03547241240370673,38.149999999999956,0.10784107214164415,2.0,0.0,41.0,20.72408293460925,0.23770491803278682,2.1626794258373208,6.3,3.5570972886762364,3.50000000000001,2.112311460898239,1,
3340,200,0.03543695772159864,26.699999999999974,0.10783654633278311,4.0,1.0,45.0,15.547169811320755,0.25,2.0056603773584905,8.90000000000002,2.8190566037735856,2.099999999999999,4.5809550407798065,3,
3341,200,0.03540153847645121,27.799999999999972,0.10782706588492601,2.0,0.0,41.0,17.79142300194932,0.37631578947368416,1.0857699805068226,6.0000000000000036,2.6697855750487305,2.8999999999999946,2.283091865272372,2,
3342,200,0.03536615463284522,37.22499999999996,0.10781842871196137,3.0,1.0,42.0,20.001510574018127,0.20967741935483875,4.238670694864048,7.200000000000019,3.3971299093655603,3.699999999999996,2.7458439495896316,1,
3343,200,0.035330806155396806,49.999999999999936,0.10781041229954139,2.0,0.0,43.0,21.40625,0.03846153846153855,6.275,6.900000000000007,3.5937500000000058,3.5999999999999988,2.36341463033537,0,
3344,200,0.03529549300875749,49.149999999999935,0.10779997899756116,2.0,0.0,44.0,20.57875,0.052547770700636987,4.97875,8.700000000000022,3.0972500000000007,2.599999999999998,4.412599332186483,0,
3345,200,0.03526021515761412,46.27499999999994,0.10779141792214395,3.0,0.0,45.0,20.65,0.051948051948051965,6.7225,8.4,3.1399999999999983,2.9999999999999902,2.8976545275852033,0,
3346,200,0.035224972566688856,21.099999999999977,0.10778410522912171,3.0,0.0,46.0,17.309352517985612,0.5,0.21103117505995203,8.700000000000015,2.740527577937648,1.9999999999999964,4.666226076555039,3,
3347,200,0.03518976520073909,46.92499999999995,0.10777463332526431,2.0,0.0,43.0,20.79875,0.04865771812080544,5.0175,7.900000000000016,3.229250000000001,2.9000000000000057,2.768398763123085,0,
3348,200,0.03515459302455746,40.149999999999956,0.10776563648162879,2.0,0.0,44.0,20.785829307568438,0.2578740157480315,2.964573268921095,7.4000000000000155,3.5243156199677954,3.600000000000003,3.224972668810302,1,
3349,200,0.03511945600297177,36.624999999999964,0.10775576931224667,2.0,0.0,39.0,19.96551724137931,0.258695652173913,2.7389162561576357,5.600000000000001,2.8706075533661743,2.6999999999999926,1.6704870578084678,1,
3350,200,0.035084354100845025,42.27499999999995,0.10774953970594925,2.0,1.0,43.0,19.49570200573066,0.15740740740740744,2.5902578796561606,6.8000000000000025,3.1634670487106034,3.199999999999997,3.3000044950462226,1,
3351,200,0.035049287283075305,48.174999999999955,0.10774148240537586,2.0,0.0,40.0,20.51875,0.0212418300653594,5.135,5.899999999999999,3.06125,3.100000000000005,1.574600897813907,0,
3352,200,0.035014255514595784,41.34999999999997,0.1077341737172132,2.0,0.0,39.0,18.667567567567566,0.09671532846715336,4.867567567567567,5.599999999999996,2.518108108108104,2.499999999999999,1.322350186906844,1,
3353,200,0.034979258760374686,19.57499999999999,0.10773006610149442,4.0,0.0,45.0,13.915760869565217,0.44565217391304346,0.35054347826086957,7.800000000000009,2.29836956521739,1.5999999999999976,3.348500328600019,3,
3354,200,0.03494429698541527,38.39999999999995,0.10772756489154975,3.0,0.0,44.0,19.63166144200627,0.24193548387096775,2.59717868338558,8.200000000000014,3.0114420062695917,2.29999999999999,4.286885881835615,1,
3355,200,0.03490937015475576,50.29999999999996,0.10771908916135722,2.0,1.0,43.0,19.96625,0.03797468354430378,4.6125,7.300000000000022,2.7297499999999957,2.6999999999999917,2.1693683271380197,0,
3356,200,0.034874478233469314,28.249999999999947,0.10771405431377597,3.0,0.0,47.0,18.007824726134587,0.20299145299145294,5.84037558685446,9.200000000000033,3.2179968701095483,2.7999999999999967,4.456259796238272,3,
3357,200,0.034839621186663984,28.274999999999974,0.107714552626217,2.0,0.0,44.0,19.01290322580645,0.4423076923076923,1.1935483870967742,7.800000000000011,3.262795698924733,2.999999999999996,4.940681700458803,2,
3358,200,0.03480479897948277,37.42499999999996,0.107713750389443,2.0,0.0,44.0,20.605475040257648,0.2796610169491526,2.214170692431562,7.400000000000018,3.4161030595813227,3.1999999999999984,2.683837828026152,1,
3359,200,0.03477001157710343,38.57499999999995,0.10770885460783766,2.0,1.0,43.0,21.81629392971246,0.25,2.976038338658147,7.500000000000023,4.201118210862628,4.5000000000000036,3.710503425837348,1,
3360,200,0.03473525894473856,51.02499999999995,0.107701204819591,2.0,0.0,42.0,20.79625,0.023885350318471277,5.07875,6.400000000000007,3.2277500000000003,3.4999999999999956,2.2586334666147994,0,
3361,200,0.03470054104763552,49.17499999999997,0.10769573975769242,2.0,0.0,39.0,18.9825,0.025510204081632626,4.3675,4.999999999999999,2.1394999999999964,1.7999999999999985,1.1221415033461053,0,
3362,200,0.03466585785107644,42.54999999999995,0.1076893006031265,2.0,0.0,41.0,19.46965699208443,0.09172661870503607,4.312664907651715,6.400000000000011,2.8695250659630602,2.4999999999999902,2.2927823928794755,1,
3363,200,0.034631209320378095,49.149999999999956,0.10768161334333251,2.0,0.0,43.0,19.97875,0.02922077922077926,5.28875,7.5000000000000195,2.737249999999995,2.499999999999994,2.0056655713524654,0,
3364,200,0.034596595420891954,33.224999999999966,0.10767542262311916,2.0,0.0,43.0,18.123003194888177,0.25442477876106195,5.281150159744409,7.800000000000007,2.560223642172521,2.0999999999999903,3.251413358851684,2,
3365,200,0.0345620161180041,46.14999999999994,0.107669210574969,2.0,1.0,40.0,21.23625,0.01490066225165565,8.92875,8.200000000000006,3.49175,3.1999999999999975,2.459585780602796,0,
3366,200,0.034527471377135265,36.449999999999974,0.10766012132829109,2.0,0.0,38.0,18.661740558292284,0.25900900900900903,1.3973727422003284,4.29999999999999,2.088341543513952,2.0999999999999908,0.9288156816220827,1,
3367,200,0.03449296116374068,40.12499999999996,0.1076547275116188,2.0,0.0,46.0,20.15701219512195,0.23046875,3.596036585365854,8.500000000000037,3.45884146341464,3.3999999999999924,2.5034337434789435,1,
3368,200,0.034458485443310136,23.324999999999967,0.10764862462487423,3.0,0.0,46.0,17.319327731092436,0.40340909090909094,1.3865546218487395,8.800000000000022,2.994537815126051,2.199999999999993,5.8408782963698815,3,
3369,200,0.034424044181367894,39.77499999999995,0.1076474567227721,2.0,0.0,43.0,20.799689440993788,0.21538461538461529,4.287267080745342,7.600000000000021,3.76273291925466,3.799999999999996,3.386476472928517,1,
3370,200,0.03438963734347271,35.69999999999996,0.10763965739356426,2.0,0.0,44.0,20.700159489633172,0.27083333333333337,3.3556618819776713,8.200000000000024,3.5427432216905927,2.9999999999999956,3.9971943489143804,1,
3371,200,0.03435526489521774,40.249999999999964,0.1076369547247594,2.0,0.0,44.0,19.422360248447205,0.22637795275590555,2.5869565217391304,7.2000000000000215,2.93633540372671,3.4000000000000004,2.4645552461210243,1,
3372,200,0.03432092680223053,28.374999999999964,0.10763171432789542,3.0,0.0,52.0,19.856287425149702,0.44191919191919193,2.7784431137724552,12.400000000000023,3.8271457085828384,3.1999999999999993,7.823445976095656,2,
3373,200,0.034286623030172964,30.974999999999962,0.10762492341604653,2.0,0.0,43.0,18.90894568690096,0.25,4.447284345047923,7.000000000000022,3.1468051118210925,3.0500000000000003,4.01943295693784,2,
3374,200,0.0342523535447413,27.574999999999974,0.10762187631375271,3.0,0.0,45.0,19.637969094922738,0.44780219780219777,0.9161147902869757,7.900000000000013,3.547902869757177,3.1999999999999966,4.901548185255959,2,
3375,200,0.03421811831166603,40.87499999999996,0.10761946357352149,2.0,0.0,40.0,19.752747252747252,0.11029411764705888,4.983516483516484,6.900000000000001,3.2346153846153856,3.1999999999999957,2.6938068579558334,1,
3376,200,0.034183917296711934,51.97499999999994,0.10761246084661813,4.0,0.0,50.0,21.19125,0.06927710843373491,5.02,12.000000000000036,3.46475,2.8999999999999977,5.215415586586893,0,
3377,200,0.03414975046567796,39.699999999999946,0.1076085962014903,2.0,0.0,46.0,21.237908496732025,0.11486486486486491,7.964705882352941,10.700000000000019,3.904836601307191,3.099999999999998,6.246823882820968,2,
3378,200,0.03411561778439732,41.199999999999974,0.10760079277194626,3.0,0.0,42.0,18.340874811463046,0.19921875,1.914027149321267,6.100000000000002,2.405580693815983,2.399999999999993,1.9121753175845324,1,
3379,200,0.034081519218737304,34.12499999999995,0.1075931372203992,3.0,0.0,44.0,22.07224958949097,0.2934782608695652,2.896551724137931,8.900000000000025,4.134646962233176,3.899999999999997,3.7085797023296228,1,
3380,200,0.034047454734599344,36.699999999999946,0.1075846747399774,2.0,0.0,42.0,22.041050903119867,0.262396694214876,4.206896551724138,6.700000000000019,4.115927750410518,4.500000000000002,2.335926660914604,1,
3381,200,0.03401342429791895,31.624999999999975,0.10758139120691457,2.0,0.0,42.0,17.472380952380952,0.35396039603960394,0.518095238095238,6.899999999999999,2.6304761904761875,1.9999999999999964,2.9803772530694013,2,
3382,200,0.033979427874665694,45.44999999999996,0.10757710340986136,2.0,0.0,39.0,20.41375,0.022413793103448265,5.75875,6.600000000000001,2.9982499999999987,2.799999999999998,1.7545996790620118,0,
3383,200,0.03394546543084315,47.299999999999955,0.1075725978192784,2.0,0.0,44.0,21.19625,0.05573248407643305,7.05375,8.800000000000006,3.46775,2.899999999999997,4.723467317917704,0,
3384,200,0.033911536932488856,28.224999999999966,0.10756648627462806,2.0,0.0,43.0,18.50682261208577,0.3877551020408163,1.9161793372319689,6.799999999999993,2.9949317738791446,2.699999999999988,2.7654429109922374,2,
3385,200,0.033877642345674315,24.799999999999965,0.10756271451030233,3.0,0.0,51.0,18.04621848739496,0.40591397849462363,1.7836134453781514,12.300000000000026,3.8617647058823557,2.649999999999995,13.492253072933973,3,
3386,200,0.03384378163650495,28.549999999999976,0.10755967818650292,2.0,0.0,41.0,16.040899795501023,0.3833333333333333,0.3619631901840491,5.399999999999989,1.7836400817995863,1.5999999999999983,0.9911475409835999,2,
3387,200,0.033809954771120046,43.799999999999955,0.10755391877562964,2.0,0.0,42.0,19.774324324324326,0.10763888888888884,5.831081081081081,7.30000000000001,3.18216216216216,3.199999999999994,2.0939829327665005,1,
3388,200,0.03377616171569273,46.09999999999994,0.10754931725652603,3.0,0.0,44.0,20.9934554973822,0.08766233766233755,7.530104712041885,7.900000000000034,3.732460732984298,3.599999999999995,3.28243359973962,1,
3389,200,0.03374240243642994,32.59999999999995,0.1075461185419972,5.0,0.0,47.0,18.74153846153846,0.21666666666666656,5.895384615384615,9.70000000000002,3.3693846153846176,2.3999999999999986,6.546601270062219,2,
3390,200,0.033708676899572396,19.849999999999973,0.10754646133523543,3.0,0.0,44.0,16.25432098765432,0.46621621621621623,1.4148148148148147,7.700000000000018,3.1283950617283978,2.3999999999999972,5.373720309223078,3,
3391,200,0.03367498507139457,41.84999999999995,0.10754168807953124,3.0,0.0,44.0,19.689111747851,0.166058394160584,2.7521489971346704,7.700000000000025,3.279512893982812,3.599999999999997,3.1848160417731624,1,
3392,200,0.03364132691820462,50.024999999999956,0.10753642318131357,2.0,0.0,42.0,20.5225,0.03797468354430378,5.73,7.000000000000027,3.0634999999999994,2.499999999999991,3.380473031989138,0,
3393,200,0.03360770240634438,41.99999999999996,0.10753358150167344,2.0,0.0,46.0,20.073065902578797,0.17500000000000004,4.551575931232092,8.500000000000012,3.509885386819486,3.499999999999994,2.838088620143979,1,
3394,200,0.033574111502189356,11.249999999999979,0.10753265867227815,4.0,0.0,40.0,15.82509505703422,0.6630434782608695,0.026615969581749048,5.1,2.3353612167300386,2.299999999999998,2.4491652209114063,3,
3395,200,0.033540554172148636,30.97499999999995,0.10752644875052458,2.0,0.0,42.0,20.0935960591133,0.2765486725663717,5.001642036124795,6.9000000000000155,3.272577996715929,3.199999999999987,2.445445103537552,2,
3396,200,0.03350703038266488,34.17499999999994,0.10752396558691604,2.0,0.0,43.0,21.467980295566502,0.2923728813559322,6.640394088669951,8.200000000000014,3.7720853858784937,3.3000000000000003,4.25525852027614,1,
3397,200,0.03347354010021429,38.24999999999996,0.10751878843919738,2.0,0.0,40.0,19.996805111821086,0.2333333333333334,1.5798722044728435,6.500000000000002,3.109424920127797,3.199999999999997,1.8745645167464149,1,
3398,200,0.0334400832913066,40.77499999999996,0.10751588260739184,2.0,0.0,40.0,18.598746081504704,0.22131147540983598,1.0893416927899686,5.80000000000001,2.3916927899686495,1.899999999999997,2.1912686620332504,1,
3399,200,0.03340665992248499,44.599999999999966,0.10750929417123953,2.0,1.0,38.0,19.22375,0.03417266187050361,5.8925,4.799999999999997,2.2842499999999952,2.1999999999999913,1.3038039746937133,1,
3400,200,0.03337326996032608,37.39999999999997,0.10750657217277063,2.0,0.0,41.0,19.05687203791469,0.241304347826087,3.995260663507109,5.900000000000001,2.6195892575039452,2.699999999999993,1.6761449307191616,1,
3401,200,0.033339913371439905,42.59999999999995,0.10750175276730312,2.0,0.0,42.0,19.56970509383378,0.102112676056338,5.111260053619303,7.400000000000006,3.020241286863271,2.499999999999997,3.268885708381648,1,
3402,200,0.03330659012246989,42.099999999999945,0.1074958065515347,2.0,0.0,44.0,21.27323943661972,0.14383561643835607,6.647887323943662,9.300000000000027,4.211126760563387,3.7000000000000046,5.90533861404213,1,
3403,200,0.03327330018009277,50.24999999999996,0.10749183949881837,2.0,1.0,42.0,20.64,0.03164556962025311,5.34375,7.200000000000014,3.1339999999999995,2.949999999999994,2.1669973859334286,0,
3404,200,0.03324004351101861,32.949999999999974,0.10748330810100597,2.0,0.0,41.0,18.65806451612903,0.25,2.403225806451613,7.400000000000003,2.960967741935482,2.7999999999999945,3.3292270791547454,2,
3405,200,0.03320682008199072,31.69999999999996,0.10747995740730525,2.0,0.0,46.0,18.08221476510067,0.2821100917431193,3.609060402684564,8.900000000000027,3.0590604026845645,2.8999999999999946,3.6638711766113743,2,
3406,200,0.03317362985978568,41.62499999999995,0.10747987152848233,2.0,0.0,44.0,20.86071987480438,0.2272727272727273,2.7652582159624415,7.900000000000041,3.7579029733959377,4.200000000000009,3.9973456112853016,1,
3407,200,0.033140472811213274,42.24999999999997,0.10747530523268065,2.0,0.0,42.0,17.971830985915492,0.14393939393939403,3.0183098591549298,6.800000000000003,2.2302816901408407,1.8999999999999966,1.7626780652213159,1,
3408,200,0.03310734890311644,34.44999999999996,0.10747121843109916,3.0,0.0,40.0,17.61230769230769,0.17372881355932202,3.396923076923077,6.600000000000024,2.758307692307694,2.349999999999995,2.5483139368377428,2,
3409,200,0.03307425810237125,51.07499999999996,0.10746783974318298,2.0,0.0,42.0,19.625,0.03343949044585992,4.45875,7.000000000000011,2.5249999999999964,2.1999999999999993,2.232628488482018,0,
3410,200,0.03304120037588693,38.79999999999996,0.10746474845327891,2.0,0.0,41.0,19.849085365853657,0.19881889763779537,4.128048780487805,6.100000000000004,3.2740853658536615,3.499999999999998,1.9850647518793618,1,
3411,200,0.03300817569060575,32.199999999999974,0.1074601595685221,2.0,0.0,43.0,17.780748663101605,0.32547169811320753,1.3832442067736186,6.9000000000000155,2.623172905525846,2.199999999999997,2.4282764361972657,2,
3412,200,0.032975184013503,22.199999999999964,0.10745948073666609,4.0,0.0,46.0,17.71834061135371,0.42647058823529416,1.3755458515283843,8.600000000000026,3.2635371179039323,2.5999999999999934,5.697147399684442,3,
3413,200,0.032942225311587005,19.02499999999998,0.10745815029960536,4.0,0.0,45.0,14.821333333333333,0.44999999999999996,0.3333333333333333,8.500000000000018,2.752266666666667,1.7999999999999972,5.451600295824349,3,
3414,200,0.03290929955189908,36.32499999999997,0.1074505464055419,2.0,0.0,41.0,20.492610837438423,0.2626050420168067,3.9770114942528734,5.500000000000007,3.1868637110016396,3.2999999999999963,1.508271570319241,1,
3415,56,0.03287640670151345,1.450000000000001,0.10744849434129602,2.0,1.0,8.0,3.4968944099378882,0,0.12422360248447205,1.7999999999999998,0.5931677018633538,0.5999999999999991,0.14151157407407394,4,
3416,200,0.03284354672753726,32.649999999999956,0.10744714447573281,2.0,0.0,45.0,19.859861591695502,0.3125,4.918685121107266,8.500000000000028,3.6884083044982754,3.7999999999999967,3.9351196259612413,2,
3417,200,0.032810719597110516,49.82499999999996,0.10744528512195223,2.0,0.0,42.0,20.11,0.02922077922077926,5.85,6.899999999999999,2.8159999999999954,2.6999999999999966,1.5725464571038388,0,
3418,200,0.032777925277406125,49.67499999999994,0.10744171815853068,2.0,0.0,46.0,21.715,0.04629629629629628,6.3825,8.50000000000003,3.779000000000002,3.6499999999999986,3.5564645569758984,0,
3419,200,0.03274516373562974,41.09999999999995,0.10743785201567019,2.0,0.0,40.0,19.480281690140846,0.13345864661654128,5.001408450704226,5.900000000000021,3.1353521126760593,3.1999999999999984,2.2320363460352186,1,
3420,200,0.03271243493901982,40.649999999999956,0.10743822009357588,2.0,1.0,44.0,20.938808373590984,0.25,2.972624798711755,7.500000000000023,3.6161030595813237,3.6000000000000134,2.308893216471332,1,
3421,200,0.03267973885484755,16.824999999999978,0.10743623386925025,2.0,0.0,41.0,15.114973262032086,0.41666666666666663,0.2807486631016043,7.3000000000000105,3.0227272727272774,1.799999999999999,5.838428954423627,3,
3422,200,0.03264707545041687,50.79999999999995,0.10743131717905616,2.0,0.0,44.0,20.445,0.039808917197452276,4.53125,8.000000000000027,3.016999999999999,2.899999999999995,2.8719654874460896,0,
3423,200,0.03261444469306436,37.32499999999996,0.10742733920218273,2.0,0.0,41.0,18.983231707317074,0.22107438016528924,1.8871951219512195,6.600000000000001,2.7545731707317085,2.399999999999995,2.9531871681364747,2,
3424,200,0.03258184655015926,37.87499999999996,0.1074237731221111,2.0,0.0,40.0,20.32367149758454,0.24159663865546221,4.049919484702094,5.6999999999999975,3.2470209339774554,3.3999999999999932,1.79576470283166,1,
3425,200,0.03254928098910342,36.34999999999997,0.10741929595520272,2.0,0.0,39.0,19.34018987341772,0.23706896551724133,3.096518987341772,5.300000000000006,2.7794303797468323,2.9999999999999956,1.3883145437293303,1,
3426,200,0.03251674797733129,23.449999999999967,0.10741671924008103,5.0,0.0,46.0,17.393939393939394,0.38186813186813184,2.294949494949495,8.80000000000002,3.0050505050505043,2.399999999999998,4.547528405380714,3,
3427,200,0.032484247482309846,38.274999999999956,0.1074128538995333,3.0,0.0,44.0,21.99014778325123,0.2661290322580645,5.35632183908046,7.900000000000013,4.085385878489333,4.300000000000036,3.6090736626402347,1,
3428,200,0.03245177947153859,37.79999999999997,0.10741088645814774,2.0,0.0,42.0,19.1739837398374,0.2717391304347826,1.889430894308943,6.299999999999989,2.480162601626011,2.499999999999995,1.2788944117771428,1,
3429,200,0.0324193439125495,26.37499999999999,0.10740653354262078,3.0,0.0,42.0,14.81132075471698,0.2983870967741935,2.147169811320755,6.1,1.8884905660377318,1.5999999999999985,1.4847218751223743,3,
3430,200,0.03238694077290704,50.174999999999955,0.10740426077777035,2.0,0.0,43.0,20.9075,0.021341463414634054,9.605,6.8000000000000105,3.2945000000000007,3.1499999999999972,1.686922385816236,0,
3431,200,0.03235457002020804,31.949999999999957,0.1074039179285542,2.0,0.0,44.0,19.350970017636683,0.33333333333333337,1.8924162257495591,7.200000000000017,3.2488536155202876,3.099999999999996,3.754714950480291,2,
3432,200,0.03232223162208177,46.99999999999994,0.10740270085428097,2.0,0.0,43.0,20.4875,0.03343949044585992,6.5225,7.500000000000004,3.042499999999997,2.7999999999999976,2.9199483124192436,0,
3433,200,0.0322899255461898,40.099999999999966,0.10739989355150441,2.0,0.0,42.0,19.033492822966508,0.24186991869918706,1.240829346092504,6.100000000000004,2.542743221690586,2.499999999999987,1.630617356179157,1,
3434,200,0.032257651760226075,40.34999999999995,0.10740291730776433,2.0,1.0,44.0,21.983739837398375,0.25775193798449614,3.478048780487805,8.30000000000002,4.166016260162608,3.9000000000000026,4.28300277084482,1,
3435,200,0.0322254102319168,16.87499999999998,0.1074051523819967,8.0,0.0,47.0,16.636942675159236,0.532258064516129,0.7898089171974523,9.800000000000018,3.638535031847138,2.2999999999999967,9.022332674070737,3,
3436,200,0.03219320092902044,46.399999999999956,0.10740498464565776,2.0,0.0,43.0,20.1925,0.050000000000000044,6.8175,9.600000000000017,2.8654999999999995,2.1999999999999913,4.428566669635453,0,
3437,200,0.032161023819327686,46.724999999999966,0.1074050695254129,3.0,0.0,39.0,20.08625,0.020000000000000018,6.4925,6.699999999999996,2.8017499999999993,2.399999999999995,2.185100351719315,0,
3438,200,0.03212887887066144,18.774999999999977,0.10740485842510164,4.0,1.0,50.0,19.34453781512605,0.5694444444444444,0.4425770308123249,11.90000000000004,4.715406162464995,2.699999999999999,16.239413878601574,3,
3439,200,0.032096766050876746,23.149999999999974,0.10740156381003264,3.0,0.0,49.0,19.31367924528302,0.5426829268292683,1.6202830188679245,10.600000000000017,2.8686320754716967,1.6999999999999977,6.90077613683774,3,
3440,200,0.03206468532786077,48.94999999999996,0.10740352978462521,3.0,0.0,44.0,20.51875,0.04220779220779214,6.73875,7.700000000000023,3.06125,2.699999999999993,2.9765030882860994,0,
3441,200,0.03203263666953279,32.04999999999996,0.10740280282719825,2.0,0.0,41.0,17.37459283387622,0.2236842105263157,4.675895765472313,7.10000000000001,2.676710097719872,2.1999999999999984,3.329417551956945,2,
3442,200,0.03200062004384415,27.94999999999996,0.10740231641373182,3.0,0.0,45.0,19.941295546558706,0.38265306122448983,2.0566801619433197,10.300000000000033,4.168623481781381,3.3999999999999906,8.186640154076327,2,
3443,200,0.03196863541877823,51.44999999999997,0.1073988653783317,2.0,0.0,43.0,19.9175,0.026397515527950333,6.6675,6.800000000000015,2.7004999999999986,2.5999999999999943,2.196803182504975,0,
3444,200,0.03193668276235039,17.499999999999986,0.10739922493756121,3.0,0.0,42.0,15.157333333333334,0.45895522388059706,1.2186666666666666,7.40000000000002,2.7746666666666715,1.5999999999999996,5.7652392194789295,3,
3445,200,0.03190476204260796,40.57499999999996,0.1073997265971296,3.0,0.0,43.0,20.7192118226601,0.25390625,2.8210180623973726,7.200000000000021,3.322824302134646,3.0999999999999974,3.5574032571182177,1,
3446,200,0.031872873227630244,43.399999999999956,0.10739564473098473,2.0,0.0,41.0,19.53021978021978,0.11170212765957444,5.210164835164835,6.799999999999997,3.1010989010989003,3.099999999999997,2.4577506825690714,1,
3447,200,0.03184101628552841,36.82499999999995,0.1073891509898171,2.0,0.0,43.0,19.72905027932961,0.14925373134328357,5.441340782122905,7.000000000000021,3.388547486033523,3.1999999999999975,3.6810212716154376,2,
3448,200,0.03180919118444552,42.99999999999997,0.10738386496871762,2.0,0.0,39.0,19.12987012987013,0.06654676258992809,4.923376623376623,6.899999999999994,2.559090909090904,2.399999999999988,1.546290093253663,1,
3449,200,0.03177739789255645,38.94999999999996,0.1073823167676855,2.0,0.0,41.0,19.642633228840126,0.22154471544715437,2.9545454545454546,6.80000000000001,3.018025078369905,3.199999999999996,1.6809174706357835,1,
3450,200,0.03174563637806794,42.77499999999996,0.10737827683495207,2.0,0.0,41.0,19.22063037249284,0.14629629629629637,3.5644699140401146,5.899999999999996,2.9984240687679087,3.0999999999999943,2.2747443057616694,1,
3451,200,0.03171390660921845,39.79999999999996,0.10738110477457674,2.0,0.0,46.0,21.10144927536232,0.25775193798449614,3.634460547504026,10.000000000000021,3.713687600644123,3.5999999999999965,4.280387356083416,1,
3452,200,0.0316822085542782,36.17499999999997,0.10738023763925422,2.0,0.0,38.0,17.8112676056338,0.11290322580645151,4.895774647887324,6.300000000000015,2.407746478873239,2.099999999999995,2.076718759608745,2,
3453,200,0.03165054218154915,21.64999999999998,0.10737877793973155,3.0,0.0,46.0,16.652068126520682,0.4902597402597403,0.8905109489051095,8.800000000000013,2.6673965936739634,1.8999999999999977,4.594049372484029,3,
3454,200,0.031618907459364916,47.44999999999993,0.10737719417494013,2.0,0.0,42.0,21.30875,0.030254777070063632,7.48625,7.100000000000005,3.5352500000000013,3.1999999999999953,3.105212289394228,0,
3455,200,0.031587304356090785,38.67499999999995,0.10737353537991967,2.0,0.0,43.0,20.778996865203762,0.22265625,3.19435736677116,7.3000000000000025,3.699843260188093,4.0,3.395478536665688,1,
3456,200,0.03155573284012364,38.449999999999946,0.10737262920296375,2.0,0.0,43.0,20.692682926829267,0.2622950819672131,2.608130081300813,6.600000000000009,3.3913821138211393,3.4999999999999987,2.120435403358865,1,
3457,200,0.031524192879891964,30.02499999999994,0.10736896032780563,2.0,0.0,43.0,20.059701492537314,0.29054054054054057,4.51575456053068,9.200000000000006,3.5235489220563907,3.299999999999997,5.970705650040729,2,
3458,200,0.031492684443855785,48.499999999999964,0.10737138664855007,3.0,1.0,41.0,19.71625,0.02960526315789469,5.23125,6.000000000000027,2.5797499999999984,2.3999999999999915,1.9043929131139363,0,
3459,200,0.03146120750050669,15.424999999999972,0.10736838636018153,4.0,0.0,42.0,17.082914572864322,0.39084507042253525,1.0577889447236182,9.500000000000007,4.1851758793969935,2.6999999999999966,9.735293965392131,3,
3460,200,0.03142976201836771,27.699999999999978,0.10736589311387768,2.0,0.0,45.0,17.149590163934427,0.40957446808510634,2.2950819672131146,7.800000000000001,2.379918032786882,1.9999999999999993,2.322639254565529,2,
3461,200,0.03139834796599337,21.549999999999955,0.10735886694066313,3.0,1.0,42.0,20.23444976076555,0.5263157894736842,1.0502392344497609,7.100000000000001,3.3023923444976093,3.499999999999995,2.2241696857311295,2,
3462,200,0.0313669653119696,40.79999999999996,0.10735635115752004,2.0,1.0,40.0,19.495384615384616,0.19488188976377963,3.267692307692308,5.800000000000001,3.024153846153844,3.399999999999993,2.1826371423364317,1,
3463,200,0.03133561402491377,26.499999999999957,0.10735637048693324,2.0,0.0,44.0,19.665158371040725,0.4666666666666667,1.3257918552036199,7.500000000000018,3.3918552036199094,3.4999999999999973,3.3393172709264394,2,
3464,200,0.03130429407347458,40.02499999999997,0.10735976111443055,2.0,1.0,41.0,19.21583850931677,0.217479674796748,3.448757763975155,6.000000000000012,2.8124223602484464,2.5999999999999988,2.054043184201969,1,
3465,200,0.03127300542633206,53.54999999999994,0.10735967642286323,3.0,0.0,45.0,21.69,0.03658536585365857,6.83625,8.800000000000006,3.7640000000000042,3.900000000000017,3.3040591625924547,0,
3466,200,0.031241748052197565,48.99999999999996,0.10736023157058645,2.0,0.0,42.0,20.59875,0.03662420382165599,4.9425,6.300000000000007,3.10925,3.1000000000000063,2.0128175825274806,0,
3467,200,0.031210521919813744,48.62499999999996,0.10736154460354978,2.0,0.0,40.0,21.0175,0.017973856209150263,7.59125,6.800000000000002,3.3605,3.3999999999999986,2.0177929028014208,0,
3468,200,0.031179326997954438,39.49999999999996,0.10736593215665206,2.0,0.0,42.0,19.775964391691396,0.18511450381679384,5.879821958456973,7.400000000000038,3.307270029673594,2.4999999999999982,4.444422805569351,1,
3469,200,0.03114816325542473,43.99999999999996,0.10736488838399062,2.0,0.0,44.0,19.800824175824175,0.12847222222222232,4.895604395604396,7.900000000000034,3.263461538461543,3.2999999999999985,3.1605939813164117,1,
3470,200,0.03111703066106086,18.749999999999986,0.10736003235282579,2.0,0.0,39.0,15.426065162907268,0.49264705882352944,0.09022556390977443,5.900000000000004,1.9416040100250604,1.4999999999999947,2.085299748743721,3,
3471,200,0.03108592918373026,38.29999999999996,0.10735827522693633,3.0,0.0,40.0,19.57519379844961,0.20901639344262302,3.37984496124031,6.100000000000024,3.0359689922480633,3.400000000000004,2.025346758840849,1,
3472,200,0.03105485879233143,35.84999999999996,0.10735614727125226,2.0,0.0,43.0,21.753694581280786,0.28361344537815125,5.300492610837439,6.7000000000000375,3.9435139573070686,4.299999999999998,2.792481880931855,1,
3473,200,0.031023819455793984,36.649999999999956,0.10735444362931841,3.0,0.0,42.0,20.829228243021348,0.27521008403361347,3.7471264367816093,6.800000000000024,3.3888341543513976,3.400000000000004,2.9330852027610215,1,
3474,200,0.03099281114307856,48.67499999999996,0.10735403102949173,2.0,0.0,41.0,20.25,0.03716216216216206,4.89625,6.5,2.8999999999999955,2.699999999999998,1.5487024198475432,0,
3475,200,0.030961833823176882,50.174999999999955,0.10735474982365503,2.0,1.0,42.0,19.32625,0.04194630872483218,4.1025,6.0000000000000036,2.3457499999999953,2.1999999999999975,1.2035588180606531,0,
3476,200,0.030930887465111603,39.99999999999996,0.10735047441835723,2.0,1.0,44.0,20.324281150159745,0.2540322580645161,2.2955271565495208,7.800000000000028,3.305910543130991,2.9999999999999947,3.053918545454571,1,
3477,200,0.030899972037936367,32.39999999999997,0.10734694208979537,2.0,0.0,48.0,17.533232628398792,0.17561983471074383,4.258308157099698,9.600000000000026,2.7862537764350446,2.199999999999992,4.182584935754848,3,
3478,200,0.03086908751073573,17.074999999999978,0.10734967609007628,7.0,0.0,50.0,17.889261744966444,0.6048387096774194,0.0,11.300000000000033,4.094630872483229,3.4499999999999975,11.555470423296574,3,
3479,200,0.030838233852625192,51.79999999999994,0.10734889633608032,2.0,1.0,41.0,20.3325,0.009493670886076,5.04875,5.700000000000017,2.9495000000000005,2.7999999999999945,1.4006019384405373,0,
3480,200,0.030807411032751076,50.74999999999997,0.1073475906237481,2.0,0.0,41.0,19.53,0.02777777777777768,3.4,5.9999999999999964,2.467999999999998,2.0999999999999934,2.062129222076918,0,
3481,200,0.03077661902029056,36.37499999999995,0.10734479945580984,2.0,0.0,41.0,22.421138211382114,0.25416666666666665,4.847154471544715,8.100000000000016,4.428455284552855,4.399999999999997,3.4417197216464515,1,
3482,200,0.030745857784451616,51.09999999999996,0.10734509104807291,2.0,0.0,46.0,20.935,0.05063291139240511,5.0425,8.600000000000025,3.3109999999999977,3.199999999999993,3.0053336958339125,0,
3483,200,0.03071512729447303,29.749999999999964,0.10734708360038678,2.0,0.0,44.0,19.360587002096437,0.42525773195876293,1.3165618448637317,7.700000000000014,3.487631027253669,3.4999999999999947,3.6089823670053933,2,
3484,200,0.0306844275196243,51.37499999999994,0.10734758758714003,2.0,0.0,46.0,20.56,0.05063291139240511,3.44125,9.000000000000032,3.0859999999999994,2.9999999999999876,3.302109159545586,0,
3485,200,0.030653758429205646,40.19999999999995,0.1073481428771725,2.0,0.0,43.0,20.408309455587393,0.1624087591240877,3.845272206303725,8.700000000000001,3.7110315186246488,3.5000000000000253,4.096806485181759,1,
3486,200,0.03062311999254796,15.74999999999998,0.10734717385061526,7.0,0.0,47.0,18.167235494880547,0.5775862068965517,0.0,10.600000000000033,4.317064846416392,5.100000000000014,11.500184046221305,3,
3487,200,0.030592512179012835,39.67499999999996,0.10734321162094154,2.0,0.0,41.0,19.933333333333334,0.25,2.100813008130081,5.799999999999997,2.935772357723573,2.799999999999989,1.512805638986424,1,
3488,200,0.030561934957992438,32.999999999999964,0.10734526129008373,4.0,0.0,47.0,18.30870279146141,0.2991071428571429,1.8883415435139572,9.700000000000022,2.534646962233168,1.7999999999999954,4.784970125107873,2,
3489,200,0.030531388298909546,51.59999999999995,0.10734437572950783,2.0,0.0,41.0,20.18875,0.023885350318471277,4.16625,6.700000000000005,2.8632499999999945,2.799999999999989,1.830552297737968,0,
3490,200,0.030500872171217483,48.89999999999993,0.10734489380001164,2.0,0.0,47.0,21.86625,0.053797468354430444,5.97875,9.20000000000004,3.869750000000006,3.8000000000000065,3.6717406745948336,0,
3491,200,0.030470386544400145,44.04999999999996,0.1073451623141171,2.0,0.0,41.0,18.583094555873924,0.1433823529411764,3.5587392550143266,5.700000000000015,2.6159025787965606,2.499999999999998,2.0878459492244543,1,
3492,200,0.03043993138797189,38.39999999999996,0.10734699281278474,3.0,0.0,44.0,20.60487804878049,0.27419354838709675,3.726829268292683,7.900000000000026,3.3386991869918705,3.299999999999997,3.265437835779875,1,
3493,200,0.030409506671477564,28.52499999999997,0.10734359782399311,2.0,0.0,45.0,18.443786982248522,0.3979591836734694,1.242603550295858,8.700000000000005,3.070019723865878,2.3999999999999977,4.694464613613035,2,
3494,200,0.03037911236449243,35.549999999999955,0.1073434781967281,3.0,0.0,44.0,21.305691056910568,0.275,4.876422764227642,10.200000000000024,3.759186991869919,3.199999999999997,5.562040060916316,1,
3495,200,0.030348748436622202,48.32499999999995,0.1073435887920681,2.0,0.0,42.0,20.08125,0.03758169934640532,5.02625,6.900000000000016,2.79875,2.699999999999995,2.2343019285967722,0,
3496,200,0.03031841485750294,39.174999999999955,0.10734590373828543,2.0,0.0,47.0,19.947604790419163,0.21969696969696972,6.085329341317365,9.900000000000015,3.3904191616766446,2.999999999999997,3.8283299605802608,1,
3497,200,0.030288111596801063,39.67499999999995,0.10734190790134066,2.0,0.0,45.0,21.518341307814993,0.24230769230769234,4.2073365231259965,8.90000000000001,4.033652312599685,3.999999999999995,4.71921445432533,1,
3498,200,0.030257838624213294,54.64999999999994,0.10734213349173408,3.0,1.0,46.0,21.3125,0.026162790697674465,5.76125,8.500000000000036,3.5375000000000005,3.4999999999999947,4.421150658047928,0,
3499,200,0.030227595909466682,39.89999999999997,0.10734209639116331,2.0,0.0,39.0,18.28443113772455,0.17741935483870974,5.251497005988024,5.100000000000003,2.3925149700598762,2.199999999999993,1.2846474520587259,1,
3500,200,0.0301973834223185,40.37499999999997,0.10734123562720883,2.0,1.0,41.0,18.41394658753709,0.17913385826771644,3.516320474777448,6.100000000000002,2.4900593471810066,2.299999999999994,2.0069827527378803,1,
3501,200,0.03016720113255626,51.399999999999935,0.10734326726134244,2.0,0.0,46.0,22.525,0.046875,6.0575,10.600000000000025,4.265000000000008,3.9000000000000097,5.169933078020463,0,
3502,200,0.030137049009997648,49.549999999999955,0.10734408083630229,2.0,0.0,42.0,20.76,0.046666666666666634,3.69625,8.20000000000003,3.205999999999999,2.699999999999993,3.017168714326147,0,
3503,200,0.03010692702449057,26.299999999999976,0.10734705185517736,2.0,0.0,45.0,20.297169811320753,0.5088235294117647,0.7122641509433962,8.900000000000004,3.4587264150943358,2.8999999999999932,4.3296649144764325,2,
3504,200,0.03007683514591303,24.674999999999965,0.10734379272330544,2.0,0.0,41.0,20.650717703349283,0.5,0.2535885167464115,6.700000000000022,3.5521531100478505,3.800000000000006,3.127489340270045,2,
3505,200,0.03004677334417314,39.59999999999997,0.10734542702391708,2.0,0.0,40.0,18.426929392446635,0.2629310344827587,1.3448275862068966,4.999999999999992,1.9474548440065638,1.8999999999999995,0.9533663718723001,1,
3506,200,0.030016741589209084,38.77499999999997,0.10734260759565395,2.0,0.0,40.0,19.258373205741627,0.23728813559322037,1.9106858054226474,6.6000000000000085,2.677671451355659,2.699999999999994,1.8228872530066575,1,
3507,200,0.029986739850989135,39.49999999999996,0.10734353537952082,2.0,0.0,38.0,19.001408450704226,0.1279527559055118,5.081690140845071,6.900000000000012,2.8480281690140843,2.499999999999996,1.9872606174580931,1,
3508,200,0.029956768099511533,51.92499999999995,0.10734099648010015,2.0,1.0,45.0,20.34125,0.039808917197452276,2.62875,8.000000000000028,2.954749999999998,2.6999999999999966,2.038605622821298,0,
3509,200,0.02992682630480453,49.24999999999994,0.10734004329815926,2.0,0.0,40.0,20.715,0.0314569536423841,3.785,6.900000000000005,3.1790000000000007,3.1499999999999995,2.595713055801672,0,
3510,200,0.029896914436926308,46.99999999999994,0.10733998899316702,3.0,0.0,42.0,21.19,0.04530201342281881,6.00375,10.100000000000023,3.463999999999999,2.9999999999999964,4.202110565797798,0,
3511,200,0.02986703246596503,33.79999999999996,0.10733910878752417,2.0,1.0,48.0,19.966037735849056,0.36363636363636365,1.079245283018868,9.70000000000003,4.179811320754725,4.200000000000001,5.86808500564265,2,
3512,200,0.029837180362038706,40.749999999999936,0.10733880096540116,3.0,0.0,43.0,20.253351206434317,0.11879432624113484,4.617962466487936,8.500000000000023,3.497989276139411,3.399999999999995,3.886557900505855,2,
3513,200,0.029807358095295233,31.52499999999997,0.10733757966407564,4.0,0.0,47.0,18.065439672801634,0.4015151515151515,0.38650306748466257,9.300000000000026,2.995910020449897,2.5999999999999925,4.741843593174999,2,
3514,200,0.02977756563591232,55.22499999999994,0.10733409978611204,2.0,0.0,52.0,21.93625,0.05232558139534893,4.95625,12.200000000000028,3.911750000000001,3.299999999999997,6.575472211675358,0,
3515,200,0.029747802954097544,28.87499999999995,0.10733194385118607,3.0,0.0,50.0,18.173010380622838,0.30963302752293576,1.8719723183391004,11.000000000000027,3.311591695501732,2.9999999999999964,6.097825061436866,3,
3516,200,0.0297180700200882,25.899999999999967,0.10733232328879286,3.0,0.0,45.0,22.433014354066987,0.5056818181818182,1.7799043062200957,9.800000000000031,4.621531100478481,4.500000000000014,4.991526702265914,2,
3517,200,0.02968836680415135,50.62499999999994,0.10733057986151875,3.0,0.0,46.0,20.8725,0.03881987577639756,7.1225,9.099999999999998,3.273499999999999,3.1999999999999975,2.8831022548472736,0,
3518,200,0.029658693276583766,38.44999999999996,0.10732828601036942,2.0,0.0,42.0,20.5829307568438,0.24590163934426235,3.6183574879227054,7.0,3.4025764895330117,3.3999999999999964,2.349017166269064,1,
3519,200,0.029629049407711945,38.524999999999984,0.10732965322875751,2.0,0.0,35.0,17.22027027027027,0.08064516129032251,1.9878378378378379,4.099999999999996,1.6935135135135089,1.5999999999999945,0.7042024547159497,2,
3520,200,0.029599435167892,28.724999999999962,0.1073281697933536,4.0,0.0,49.0,20.3868778280543,0.49193548387096775,1.0656108597285068,10.500000000000023,3.8004524886877826,3.2999999999999963,6.018582638473023,2,
3521,200,0.02956985052750969,38.84999999999995,0.10732557159562038,3.0,0.0,43.0,21.960591133004925,0.25393700787401574,3.863711001642036,7.300000000000006,4.067651888341548,4.1999999999999975,3.4850877911993297,1,
3522,200,0.029540295456980357,53.77499999999996,0.10732487271021664,2.0,0.0,43.0,20.14,0.021604938271605034,4.63,6.700000000000025,2.8339999999999996,2.8999999999999932,1.93404702194848,0,
3523,200,0.029510769926748955,13.524999999999986,0.1073258861257522,5.0,0.0,43.0,16.52,0.6127450980392157,0.09454545454545454,7.800000000000016,3.0320000000000036,2.6999999999999984,6.366041997249579,3,
3524,200,0.02948127390728994,29.599999999999966,0.10732612943943495,2.0,1.0,40.0,17.486486486486488,0.3479381443298969,1.3687258687258688,6.1000000000000005,2.7071428571428573,2.1999999999999966,2.8477395154347667,2,
3525,200,0.02945180736910729,39.14999999999996,0.10732647914598664,2.0,0.0,45.0,19.82125603864734,0.26639344262295084,2.7761674718196456,7.800000000000009,2.945571658615134,2.9999999999999942,2.8642591536147695,1,
3526,200,0.02942237028273445,49.22499999999995,0.10732562600070855,2.0,0.0,41.0,20.79625,0.024193548387096753,5.9825,6.400000000000006,3.2277500000000012,2.899999999999996,2.03078311059862,0,
3527,200,0.029392962618734357,14.524999999999983,0.10732622897933938,8.0,0.0,43.0,16.361842105263158,0.5357142857142857,0.8881578947368421,7.700000000000007,3.381250000000006,2.9499999999999975,6.5932395173944,3,
3528,200,0.029363584347699333,37.72499999999994,0.10732254637999158,2.0,0.0,47.0,20.73699421965318,0.18609022556390986,5.378612716763006,9.500000000000037,3.910115606936417,3.199999999999993,5.88386949920964,1,
3529,200,0.029334235440251103,26.274999999999967,0.10732433362133292,2.0,0.0,43.0,19.388372093023257,0.4825581395348837,1.8046511627906976,8.00000000000001,3.028837209302325,2.499999999999993,4.209005132531825,2,
3530,200,0.029304915867040746,49.89999999999995,0.10732521244699188,2.0,0.0,43.0,21.5625,0.030254777070063632,5.4175,7.800000000000024,3.687500000000003,3.7000000000000073,2.103947037417262,0,
3531,200,0.02927562559874871,46.97499999999996,0.10732837710768306,3.0,0.0,42.0,19.31781914893617,0.09459459459459452,4.30186170212766,6.700000000000005,2.8257978723404236,2.3999999999999977,2.677424310746374,1,
3532,200,0.029246364606084714,40.17499999999997,0.107327820065173,2.0,0.0,44.0,19.067073170731707,0.22222222222222232,2.4923780487804876,7.200000000000018,2.8048780487804863,2.399999999999995,2.2564448627232383,1,
3533,200,0.029217132859787758,44.17499999999996,0.10733006816452069,2.0,0.0,44.0,18.64225352112676,0.1551094890510949,2.315492957746479,8.000000000000025,2.6325352112676037,2.099999999999997,2.9412994074576826,1,
3534,200,0.029187930330626086,38.774999999999956,0.10733063009774016,2.0,0.0,42.0,20.885668276972623,0.242,4.64573268921095,6.8000000000000185,3.58421900161031,3.7999999999999985,2.7431075095944566,1,
3535,200,0.02915875698939719,37.72499999999996,0.10733051000743292,3.0,0.0,44.0,18.200296735905045,0.18023255813953498,4.416913946587537,7.50000000000001,2.9173590504451026,2.5999999999999974,3.0571089538275418,2,
3536,200,0.02912961280692771,49.19999999999994,0.10732902258312012,2.0,1.0,41.0,20.82,0.02450980392156854,4.97,7.600000000000014,3.2420000000000004,2.9999999999999885,2.5975400586563695,0,
3537,200,0.02910049775407347,52.49999999999995,0.10732943812776369,3.0,0.0,44.0,22.07875,0.04062499999999991,4.91625,7.600000000000037,3.9972500000000086,4.30000000000002,2.486296322338024,0,
3538,200,0.02907141180171939,55.34999999999995,0.10732845584016498,3.0,0.0,45.0,21.63625,0.025449101796407136,4.71125,8.900000000000034,3.7317499999999995,3.299999999999998,3.610297578589989,0,
3539,200,0.029042354920779553,52.07499999999994,0.1073291092181294,2.0,0.0,42.0,21.75625,0.015432098765432167,6.505,7.000000000000018,3.8037500000000044,3.89999999999999,2.8749904296725712,0,
3540,200,0.029013327082197053,48.42499999999993,0.10732786386970027,2.0,0.0,40.0,21.69125,0.020967741935483897,6.82875,8.300000000000022,3.764750000000005,3.7,3.0960622750973195,0,
3541,200,0.028984328256944056,52.17499999999994,0.10732740083990501,3.0,1.0,42.0,20.72375,0.03164556962025311,4.905,6.400000000000004,3.184249999999999,3.2999999999999936,2.108105231414434,0,
3542,200,0.028955358416021718,18.97499999999997,0.10732914758747608,4.0,0.0,47.0,18.513089005235603,0.5513698630136986,0.4162303664921466,9.000000000000037,3.539790575916235,2.349999999999997,8.246431337075087,3,
3543,200,0.028926417530460217,48.44999999999996,0.10733134417386041,2.0,0.0,43.0,19.85375,0.051324503311258374,4.5825,9.10000000000001,2.6622499999999953,2.1999999999999957,3.914981054657916,0,
3544,200,0.028897505571318663,52.59999999999995,0.10733250267953698,2.0,0.0,43.0,20.4525,0.03301886792452824,4.5375,6.999999999999997,3.0214999999999987,3.199999999999994,2.0862410097515824,0,
3545,200,0.028868622509685086,48.69999999999996,0.10733086490750152,2.0,1.0,40.0,20.045,0.03231292517006801,5.13875,5.599999999999994,2.7769999999999953,2.6999999999999966,1.0123225817540353,0,
3546,200,0.028839768316676413,52.449999999999946,0.10733054127238223,2.0,0.0,45.0,22.095,0.03614457831325302,6.40375,8.600000000000025,4.007000000000002,3.9500000000000073,4.308307731730858,0,
3547,200,0.02881094296343847,50.799999999999955,0.10733222604215162,3.0,0.0,43.0,20.04625,0.03343949044585992,4.41875,7.400000000000008,2.7777499999999944,2.499999999999995,2.3313085801696594,0,
3548,200,0.02878214642114589,50.74999999999997,0.10733409395883095,2.0,0.0,43.0,19.12125,0.051324503311258374,3.16625,6.599999999999996,2.2227499999999947,2.0999999999999988,1.0817841277876972,0,
3549,200,0.028753378661002135,44.29999999999997,0.10733612955544614,2.0,1.0,43.0,19.06528189910979,0.18014705882352944,2.050445103857567,6.700000000000008,2.8808605341246265,2.6999999999999953,2.591464311265205,1,
3550,62,0.028724639654239423,3.5500000000000016,0.10733711816886579,4.0,0.0,9.0,4.743169398907104,0,0.273224043715847,2.399999999999999,0.9448087431693982,0.9,0.24914715719063524,4,
3551,200,0.02869592937211877,47.44999999999996,0.10733822478170685,3.0,0.0,43.0,19.6360201511335,0.06578947368421062,3.13727959697733,7.300000000000006,2.6049118387909265,2.399999999999994,2.1595384932625885,1,
3552,200,0.02866724778592988,27.374999999999957,0.10734036436607032,3.0,0.0,46.0,18.156989247311827,0.4423076923076923,1.3720430107526882,8.800000000000017,2.8086021505376353,2.6999999999999935,4.359171969809104,2,
3553,200,0.028638594866991166,50.699999999999946,0.1073420110376935,2.0,0.0,45.0,20.44875,0.04354838709677411,3.8825,8.200000000000003,3.019250000000001,2.799999999999992,2.2276329181764436,0,
3554,200,0.028609970586649693,48.19999999999996,0.10733908199896076,2.0,0.0,40.0,20.57875,0.03911564625850339,4.73125,6.800000000000004,3.0972499999999994,2.9999999999999982,1.6000949376483529,0,
3555,200,0.028581374916281203,40.27499999999995,0.10733633614311949,3.0,0.0,43.0,22.211267605633804,0.21946564885496178,5.089201877934272,8.000000000000025,4.568231611893596,4.900000000000011,3.4782324647335803,1,
3556,200,0.02855280782729001,38.07499999999995,0.10733498583098085,2.0,1.0,42.0,19.898193760262725,0.27083333333333337,2.5796387520525452,6.200000000000022,2.8302134646962225,2.799999999999994,2.116531276962906,1,
3557,200,0.028524269291109027,49.87499999999994,0.10733359336217313,2.0,0.0,45.0,21.61375,0.039808917197452276,4.67125,9.30000000000004,3.7182500000000007,3.2999999999999954,3.645322633316655,0,
3558,200,0.028495759279199697,36.32499999999997,0.10733163397209647,2.0,0.0,42.0,20.0414673046252,0.25,2.1818181818181817,6.70000000000001,3.1475279106858065,2.9000000000000203,2.8923896033861842,1,
3559,200,0.028467277763052034,28.774999999999963,0.10733122553266894,3.0,0.0,44.0,19.454352441613587,0.41315789473684206,1.267515923566879,7.700000000000025,3.6600849256900254,3.999999999999997,5.358261089073238,2,
3560,200,0.028438824714184505,44.34999999999996,0.10733596794796563,2.0,0.0,43.0,20.014204545454547,0.1499999999999999,4.771306818181818,6.800000000000005,3.467613636363636,3.500000000000001,2.5086152759702682,1,
3561,200,0.02841040010414406,43.924999999999955,0.107338090314617,2.0,0.0,44.0,19.702412868632706,0.11206896551724133,4.794906166219839,7.600000000000008,3.0998659517426264,2.6999999999999895,2.5021626550946676,1,
3562,200,0.028382003904506077,39.29999999999996,0.10733774440458346,2.0,0.0,42.0,20.686371100164205,0.25813008130081305,2.251231527093596,6.300000000000018,3.3031198686371104,3.299999999999998,2.8948584987057906,1,
3563,200,0.028353636086874374,23.549999999999965,0.10733303713514633,3.0,0.0,48.0,18.373101952277658,0.46264367816091956,0.12581344902386118,9.600000000000026,3.3490238611713696,3.399999999999997,5.694456427630365,3,
3564,200,0.02832529662288112,24.84999999999997,0.10733013928885148,3.0,0.0,48.0,20.472093023255812,0.5205882352941177,1.6534883720930234,9.900000000000029,3.6706976744186104,3.199999999999998,5.4090310926506096,2,
3565,200,0.028296985484186854,48.87499999999994,0.10733002577065864,3.0,1.0,43.0,21.45125,0.034375000000000044,6.125,10.100000000000005,3.6207499999999984,3.249999999999994,4.237876059181355,0,
3566,200,0.028268702642480412,51.99999999999995,0.10732867885127018,2.0,0.0,44.0,21.355,0.04245283018867929,4.80875,7.299999999999997,3.563000000000003,3.599999999999998,2.0560842126315975,0,
3567,200,0.028240448069478983,28.774999999999974,0.10733181392405278,2.0,0.0,40.0,16.91,0.36413043478260865,2.074,6.600000000000002,2.3671999999999973,1.6999999999999988,2.6579347917391676,2,
3568,200,0.02821222173692798,38.999999999999964,0.10732688623646243,2.0,1.0,39.0,19.114516129032257,0.23728813559322037,1.3225806451612903,4.599999999999991,2.509032258064511,2.5999999999999943,1.095179331892117,1,
3569,200,0.02818402361660106,44.62499999999997,0.10732579371685042,2.0,0.0,42.0,19.20877659574468,0.09751773049645385,3.5398936170212765,6.200000000000012,2.7603723404255267,2.899999999999988,1.5044429472522716,1,
3570,200,0.028155853680300096,35.17499999999996,0.1073248612935603,2.0,0.0,39.0,20.689655172413794,0.2772727272727272,2.4154351395730704,5.800000000000017,3.3050903119868673,3.699999999999994,2.0262685504745566,1,
3571,200,0.02812771189985517,49.874999999999936,0.10732433254922229,2.0,0.0,45.0,21.4425,0.04245283018867929,5.835,8.400000000000011,3.6155000000000075,3.5500000000000087,3.5573653083833143,0,
3572,200,0.028099598247124487,19.624999999999986,0.10732282979411006,5.0,0.0,45.0,14.801033591731267,0.4305555555555556,0.8914728682170543,8.50000000000002,2.787855297157623,1.999999999999997,5.221721996688233,3,
3573,200,0.028071512693994393,49.774999999999956,0.10732256158423112,2.0,0.0,45.0,19.98,0.051948051948051965,4.4925,8.800000000000033,2.737999999999998,2.299999999999994,2.765510321109901,0,
3574,200,0.02804345521237932,40.024999999999956,0.10732030373312562,2.0,0.0,44.0,20.838969404186795,0.25396825396825395,3.3268921095008053,7.300000000000024,3.55619967793881,3.699999999999997,2.0357357639249156,1,
3575,200,0.028015425774221808,36.649999999999956,0.10731831599983827,2.0,0.0,41.0,20.477635782747605,0.2542016806722689,3.0527156549520766,7.500000000000015,3.397923322683711,3.5000000000000204,2.3745864114832695,1,
3576,200,0.027987424351492405,45.39999999999994,0.1073172177531752,2.0,0.0,43.0,20.395,0.07000000000000006,3.7275,8.400000000000036,2.9869999999999988,2.3999999999999986,4.236787619980695,1,
3577,200,0.027959450916189687,53.27499999999994,0.10731853415800019,3.0,1.0,47.0,20.86375,0.056060606060606144,4.56625,10.100000000000016,3.268249999999999,2.649999999999995,4.854399522499274,0,
3578,200,0.027931505440340204,43.37499999999997,0.10732181163910655,2.0,0.0,39.0,17.99258160237389,0.1640625,1.5786350148367954,4.899999999999995,2.237240356083081,2.099999999999994,1.4279486434428446,1,
3579,200,0.027903587895998498,42.724999999999966,0.10732113267229654,2.0,0.0,44.0,18.313583815028903,0.17366412213740468,0.8858381502890174,7.200000000000005,2.4560693641618476,2.1999999999999975,1.8606462391122311,1,
3580,200,0.027875698255247015,52.19999999999994,0.1073212410964954,2.0,0.0,44.0,21.575,0.027108433734939652,5.93875,8.200000000000005,3.6949999999999994,3.599999999999993,3.3390302172347313,0,
3581,200,0.02784783649019611,27.474999999999962,0.10731951937092454,4.0,0.0,52.0,21.745412844036696,0.5080645161290323,1.1307339449541285,12.400000000000032,4.547018348623862,4.150000000000009,10.87993366474662,2,
3582,200,0.027820002572984004,32.19999999999997,0.10732467095994982,3.0,0.0,44.0,18.457528957528957,0.36057692307692313,0.9092664092664092,7.500000000000012,3.289768339768342,2.4999999999999964,4.850396015250302,2,
3583,200,0.0277921964757768,50.099999999999945,0.10732349599742336,2.0,0.0,43.0,21.55625,0.04807692307692313,5.155,7.100000000000021,3.683750000000003,3.599999999999996,3.4865413852209435,0,
3584,200,0.02776441817076839,50.04999999999994,0.10732297394519971,3.0,0.0,45.0,22.04875,0.04354838709677411,7.0275,8.600000000000035,3.979250000000009,4.000000000000004,2.420623219723803,0,
3585,200,0.027736667630180466,40.424999999999955,0.10732711277104706,2.0,0.0,44.0,22.18064516129032,0.25,5.275806451612903,8.900000000000004,4.34870967741936,4.600000000000003,4.214251233744131,1,
3586,200,0.02770894482626248,34.47499999999998,0.1073234941401346,2.0,0.0,40.0,18.295566502463053,0.28773584905660377,1.4039408866995073,5.099999999999987,1.868637110016415,1.799999999999991,0.852959555651422,2,
3587,200,0.02768124973129162,37.49999999999996,0.10732753348943029,2.0,1.0,43.0,20.653658536585365,0.26249999999999996,2.6130081300813006,7.700000000000015,3.367967479674797,3.100000000000009,2.7706072591903372,1,
3588,200,0.027653582317572808,44.84999999999995,0.10732775097288776,2.0,0.0,36.0,20.8,0.010563380281690238,7.05625,7.400000000000005,3.2300000000000018,3.199999999999993,2.514853929459283,0,
3589,200,0.027625942557438617,52.14999999999995,0.10732923114448292,3.0,0.0,47.0,21.7925,0.044642857142857206,6.1,9.10000000000003,3.825500000000003,3.4999999999999893,3.748555607118169,0,
3590,200,0.027598330423249287,31.474999999999966,0.10733070762100821,2.0,0.0,45.0,18.436131386861312,0.3341121495327103,3.0346715328467155,8.100000000000014,3.2766423357664256,2.899999999999997,3.888919924209904,2,
3591,200,0.02757074588739267,50.47499999999996,0.1073326677967939,2.0,0.0,42.0,20.035,0.028846153846153744,5.63,7.199999999999997,2.7709999999999972,2.799999999999992,2.337412652207271,0,
3592,200,0.02754318892228425,53.37499999999994,0.10733259800916516,2.0,0.0,42.0,21.24625,0.010736196319018454,5.41875,6.700000000000009,3.4977499999999995,3.599999999999996,1.7945477414808566,0,
3593,200,0.027515659500367044,40.149999999999956,0.10733169719801838,2.0,1.0,44.0,20.051242236024844,0.23015873015873023,2.580745341614907,7.80000000000001,3.3136645962732914,3.1999999999999935,2.824509530181938,1,
3594,200,0.027488157594111634,52.349999999999966,0.10733169678347315,3.0,0.0,42.0,21.42875,0.017080745341614856,6.44,7.300000000000017,3.60725,3.599999999999999,2.202900879532639,0,
3595,200,0.027460683176016094,41.29999999999997,0.10732903386132515,2.0,0.0,42.0,19.059880239520957,0.1923076923076923,2.559880239520958,6.800000000000005,2.857784431137724,2.999999999999993,2.4752593210121403,1,
3596,200,0.027433236218606032,52.77499999999995,0.10732863189965874,2.0,0.0,41.0,21.115,0.01729559748427678,4.285,7.1,3.419,3.0999999999999917,2.8730934892085873,0,
3597,200,0.027405816694434475,41.02499999999995,0.10732971144771969,3.0,0.0,46.0,21.73107890499195,0.25763358778625955,5.057971014492754,8.400000000000016,4.091465378421905,3.999999999999997,3.882690851571432,1,
3598,200,0.027378424576081896,41.02499999999995,0.10732769004112515,3.0,0.0,44.0,21.315955766192733,0.2272727272727273,4.015797788309636,7.800000000000008,3.9750394944707788,4.099999999999995,4.144095056502837,1,
3599,200,0.027351059836156166,41.82499999999997,0.10733090557642619,2.0,0.0,43.0,20.6031007751938,0.21212121212121215,4.296124031007752,7.600000000000017,3.652713178294574,3.5999999999999965,2.8523289521758524,1,
3600,200,0.02732372244729256,50.99999999999994,0.10733085914576215,2.0,0.0,43.0,21.35625,0.03571428571428581,5.5675,8.1,3.5637500000000006,2.9999999999999973,3.6912917051433163,0,
3601,200,0.027296412382153676,47.174999999999976,0.10733346632763421,2.0,0.0,40.0,18.07460732984293,0.07638888888888884,1.611256544502618,5.0999999999999925,1.981151832460728,1.7999999999999998,1.090510489210971,1,
3602,200,0.027269129613429453,28.14999999999997,0.10732872172329955,2.0,0.0,44.0,18.957589285714285,0.46111111111111114,0.8973214285714286,7.400000000000019,3.0497767857142835,2.7999999999999954,2.940193171003931,2,
3603,200,0.027241874113837102,52.44999999999996,0.10732500057200006,2.0,0.0,42.0,20.4075,0.028846153846153744,5.4725,6.200000000000038,2.994500000000001,2.8999999999999937,1.6462723223005187,0,
3604,200,0.027214645856121145,42.99999999999995,0.10731963771354947,2.0,0.0,45.0,22.078369905956112,0.22080291970802923,2.3620689655172415,8.200000000000031,4.47946708463951,4.950000000000015,3.6457785786760035,1,
3605,200,0.027187444813053317,39.62499999999996,0.10731416885031297,2.0,1.0,42.0,20.73892405063291,0.23015873015873023,2.9477848101265822,6.6000000000000005,3.6186708860759524,3.600000000000017,1.9050359143063962,1,
3606,200,0.027160270957432564,42.62499999999996,0.1073138050011408,2.0,0.0,44.0,20.34472049689441,0.21616541353383467,2.7453416149068324,7.300000000000015,3.489751552795031,3.2999999999999954,2.8747776773120295,1,
3607,200,0.027133124262085022,49.324999999999946,0.10731248651712536,2.0,0.0,40.0,21.505,0.025974025974025983,6.2775,8.00000000000002,3.6530000000000014,3.4999999999999964,2.407894762335588,0,
3608,200,0.027106004699864013,52.24999999999996,0.10731274791383653,2.0,0.0,47.0,20.15625,0.04874213836477992,3.33,9.100000000000016,2.843749999999996,2.599999999999988,2.4837898184215956,0,
3609,200,0.027078912243649965,52.699999999999946,0.10731419847947149,3.0,0.0,45.0,21.86,0.0457317073170731,4.0725,9.400000000000007,3.8660000000000028,3.899999999999994,3.8138499591405766,0,
3610,200,0.027051846866350416,52.52499999999994,0.1073147480379781,2.0,0.0,42.0,20.555,0.029874213836478036,4.52875,6.800000000000024,3.0830000000000006,2.9999999999999964,2.4753648677576163,0,
3611,200,0.027024808540899975,23.149999999999984,0.10731208132730911,2.0,0.0,37.0,18.297169811320753,0.4932432432432432,0.007075471698113208,4.299999999999989,2.2587264150943334,2.1999999999999966,0.8971929912390454,2,
3612,200,0.02699779724026034,51.474999999999945,0.10731168784745237,2.0,0.0,40.0,20.99375,0.004777070063694211,4.55875,6.000000000000005,3.346250000000002,3.5999999999999974,2.2357644308819395,0,
3613,200,0.026970812937420194,53.19999999999996,0.10731119235688663,3.0,0.0,44.0,20.8975,0.028124999999999956,4.59875,7.900000000000004,3.2885,3.0999999999999943,2.3520714251116126,0,
3614,200,0.026943855605395233,42.599999999999945,0.10731221464431873,3.0,1.0,47.0,22.126582278481013,0.23897058823529416,4.262658227848101,9.300000000000036,4.451265822784815,4.600000000000016,4.601687133690385,1,
3615,200,0.026916925217228112,51.24999999999995,0.10731332706964139,3.0,1.0,46.0,20.6825,0.056451612903225756,4.21,9.100000000000005,3.159499999999998,2.9999999999999947,2.4769136201775344,0,
3616,200,0.026890021745988462,42.449999999999974,0.10731679914452716,2.0,0.0,39.0,17.647058823529413,0.16338582677165348,2.9338235294117645,4.39999999999999,2.044117647058818,1.9999999999999938,0.8627613814043658,1,
3617,200,0.026863145164772798,20.27499999999998,0.10731722932529936,3.0,0.0,46.0,16.337628865979383,0.5308219178082192,0.0,9.20000000000001,2.5286082474226785,1.499999999999998,5.4104288475718025,3,
3618,200,0.02683629544670454,41.274999999999956,0.10731887638079585,2.0,0.0,40.0,19.11661807580175,0.1576923076923078,5.294460641399417,6.200000000000001,2.9345481049562685,3.1999999999999966,2.039262656849315,1,
3619,200,0.02680947256493395,46.49999999999995,0.10731879490597633,2.0,1.0,40.0,21.73,0.043333333333333224,4.98625,7.700000000000011,3.788000000000008,3.8000000000000025,2.809310389547511,1,
3620,200,0.026782676492638175,45.32499999999996,0.10731825153705535,2.0,0.0,42.0,18.79718309859155,0.13571428571428568,3.011267605633803,6.200000000000001,2.725492957746478,2.4999999999999956,2.0558471451044373,1,
3621,200,0.026755907203021123,44.07499999999996,0.1073178670688696,2.0,0.0,41.0,19.04155844155844,0.08098591549295775,3.225974025974026,6.900000000000009,2.506103896103897,1.9999999999999947,2.9962924713990216,1,
3622,200,0.0267291646693135,51.94999999999996,0.1073192510947487,3.0,0.0,41.0,20.33375,0.018987341772152,4.1275,6.700000000000001,2.950249999999999,3.000000000000001,2.2532784582475975,0,
3623,200,0.026702448864772767,50.79999999999995,0.10732128886455562,2.0,0.0,42.0,21.3,0.03164556962025311,3.4475,7.600000000000018,3.530000000000002,3.2999999999999945,2.7884543569599503,0,
3624,200,0.026675759762683132,51.57499999999995,0.10732262843997795,2.0,0.0,43.0,21.3175,0.04299363057324834,4.53875,6.900000000000028,3.5405000000000038,3.5999999999999943,3.545065289164541,0,
3625,200,0.026649097336355485,52.29999999999995,0.10732448243913477,2.0,0.0,43.0,20.8625,0.028124999999999956,4.0325,6.800000000000026,3.2675000000000005,3.2000000000000024,1.506196103431418,0,
3626,200,0.026622461559127397,13.074999999999978,0.10732305898861232,8.0,0.0,46.0,19.239043824701195,0.68,0.0,9.400000000000029,4.149003984063752,4.2,8.220478095238143,3,
3627,200,0.02659585240436307,53.49999999999997,0.1073256070444189,2.0,0.0,40.0,19.765,0.011290322580645107,2.61,5.799999999999989,2.6089999999999938,2.5999999999999934,1.324521069564167,0,
3628,200,0.02656926984545338,54.49999999999994,0.10732723508746214,2.0,1.0,43.0,21.67375,0.026397515527950333,2.545,7.100000000000008,3.7542499999999994,3.5999999999999948,2.8340613657208937,0,
3629,200,0.026542713855815747,55.87499999999995,0.10732768939371755,2.0,0.0,44.0,20.44125,0.019461077844311392,3.60375,7.200000000000028,3.0147499999999976,2.6999999999999917,2.483086317322381,0,
3630,200,0.02651618440889418,39.49999999999997,0.10732807744864181,3.0,0.0,44.0,17.965014577259474,0.17913385826771644,1.7667638483965014,7.300000000000024,2.558454810495624,2.299999999999992,2.135989906395108,2,
3631,200,0.026489681478159225,26.824999999999964,0.10733016289823397,2.0,0.0,43.0,19.983720930232558,0.4883720930232558,0.44883720930232557,6.900000000000016,3.37767441860465,3.499999999999995,2.652864753189585,2,
3632,200,0.026463205037107963,51.74999999999997,0.10733218407994435,3.0,0.0,40.0,19.95625,0.009615384615384581,4.13875,5.199999999999991,2.723749999999995,2.6999999999999917,1.1429377233401892,0,
3633,200,0.026436755059263944,33.27499999999998,0.10733098449536788,2.0,0.0,41.0,16.328621908127207,0.2833333333333333,3.7120141342756185,5.9999999999999964,2.184982332155474,1.5999999999999988,2.226689547533205,2,
3634,200,0.026410331518177187,45.47499999999994,0.10732886159068228,2.0,0.0,46.0,20.867758186397985,0.07792207792207795,4.965994962216625,10.400000000000018,3.343954659949622,2.3999999999999915,6.394312387478542,1,
3635,200,0.02638393438742414,36.09999999999995,0.10732714864638862,2.0,0.0,43.0,19.927125506072876,0.10384615384615392,5.230769230769231,8.20000000000002,3.3851551956815142,3.2000000000000046,4.104699388067334,2,
3636,200,0.02635756364060769,30.049999999999976,0.10732446127063933,2.0,0.0,47.0,20.174193548387098,0.453125,1.0064516129032257,9.000000000000028,3.9066666666666725,4.099999999999996,6.01944575995268,2,
3637,200,0.026331219251357077,37.64999999999996,0.10732975380911142,2.0,0.0,47.0,22.39737274220033,0.29508196721311475,4.796387520525451,9.20000000000003,4.329720853858791,4.5,3.9917875323555063,1,
3638,200,0.026304901193327908,29.12499999999997,0.10732949001271432,2.0,0.0,42.0,18.89937106918239,0.42021276595744683,0.21593291404612158,7.199999999999998,3.210901467505241,2.8999999999999995,3.715494972047411,2,
3639,200,0.026278609440202112,34.94999999999995,0.10732818023049394,3.0,1.0,49.0,19.143598615916954,0.3130252100840336,3.9377162629757785,10.200000000000022,3.682179930795851,3.4999999999999973,4.16019662778414,2,
3640,200,0.02625234396568796,31.449999999999967,0.107327419083347,3.0,0.0,49.0,21.92393736017897,0.4558823529411765,1.0425055928411633,10.700000000000028,4.82975391498882,4.599999999999996,8.732827314221703,2,
3641,200,0.02622610474351996,16.149999999999984,0.10732633164445546,4.0,0.0,40.0,13.892045454545455,0.44672131147540983,0.5625,7.00000000000001,2.2400568181818197,1.1999999999999997,4.053627030822512,3,
3642,200,0.02619989174745889,45.77499999999995,0.1073267828487718,3.0,0.0,46.0,21.274924471299094,0.19444444444444442,3.1435045317220545,8.600000000000012,4.161178247734144,4.100000000000005,4.825497840239352,1,
3643,200,0.02617370495129174,20.224999999999973,0.10732847113666144,9.0,1.0,53.0,18.25619834710744,0.5328947368421053,0.3608815426997245,13.700000000000033,4.537465564738299,2.7999999999999967,15.50962312549338,3,
3644,200,0.026147544328831734,43.87499999999997,0.10732871297538545,2.0,0.0,41.0,18.460893854748605,0.12867647058823528,2.2891061452513966,5.899999999999997,2.5069832402234593,2.449999999999994,1.313948210785027,1,
3645,200,0.026121409853918233,39.34999999999995,0.1073294101549879,2.0,0.0,41.0,19.704581358609794,0.22580645161290325,3.800947867298578,6.399999999999995,3.008214849921012,2.899999999999995,2.8041101305754212,1,
3646,200,0.026095301500416765,51.724999999999966,0.1073294394746711,2.0,0.0,45.0,19.76,0.04677419354838719,3.62875,7.9000000000000155,2.6059999999999963,2.399999999999996,1.8225668477607062,0,
3647,200,0.02606921924221896,52.62499999999996,0.10732990264804529,2.0,0.0,42.0,21.52875,0.013975155279503104,5.24875,9.100000000000016,3.6672500000000006,3.499999999999994,3.8424334413022727,0,
3648,200,0.02604316305324258,37.27499999999996,0.10732693170605125,2.0,0.0,45.0,19.909822866344605,0.27941176470588236,2.92109500805153,8.100000000000026,2.998711755233494,2.999999999999997,2.2695372368011766,1,
3649,200,0.026017132907431427,50.899999999999956,0.10732865804755193,2.0,1.0,43.0,21.14,0.03525641025641035,4.895,7.200000000000002,3.4340000000000015,3.399999999999998,2.0351471799174807,0,
3650,200,0.025991128778755347,51.024999999999935,0.10732841306465132,3.0,0.0,43.0,22.59375,0.02108433734939763,6.9425,8.50000000000002,4.3062500000000075,4.200000000000006,4.005167195573769,0,
3651,200,0.0259651506412102,48.99999999999993,0.10732693324012581,2.0,0.0,41.0,21.745,0.030254777070063632,5.49375,7.100000000000008,3.797000000000008,3.999999999999999,3.0692457956965846,0,
3652,56,0.02593919846881787,4.175000000000002,0.10732528915804682,4.0,0.0,8.0,4.61,0,0.61,2.299999999999999,0.9799999999999991,0.9999999999999992,0.18860471511787794,4,
3653,200,0.02591327223562617,49.99999999999994,0.10732473657855962,2.0,0.0,46.0,21.6675,0.03703703703703698,6.3725,8.500000000000039,3.750500000000003,3.4999999999999982,3.3417549714921777,0,
3654,200,0.025887371915708866,40.89999999999997,0.1073267338407623,2.0,0.0,42.0,18.625776397515526,0.217741935483871,3.198757763975155,6.1000000000000005,2.458385093167697,1.9999999999999984,1.643831169300875,1,
3655,200,0.025861497483165623,37.92499999999997,0.10732693012343786,2.0,1.0,43.0,18.283987915407856,0.20238095238095233,2.3851963746223563,7.200000000000018,2.856042296072508,2.3999999999999986,3.779028005010936,2,
3656,200,0.025835648912122026,24.224999999999966,0.10732591604966196,2.0,0.0,43.0,19.794642857142858,0.47023809523809523,1.9196428571428572,7.200000000000029,3.552008928571432,3.599999999999996,3.4811740233080934,2,
3657,200,0.0258098261767295,37.69999999999996,0.10732592461085766,2.0,1.0,42.0,20.571428571428573,0.2668067226890757,3.0689655172413794,6.200000000000032,3.2341543513957305,3.2999999999999967,1.7987069672131284,1,
3658,200,0.0257840292511653,29.04999999999996,0.10732811708939194,4.0,1.0,52.0,20.03281519861831,0.3581081081081081,3.5734024179620034,12.100000000000026,3.3835924006908438,2.499999999999997,9.180086326214097,3,
3659,200,0.025758258109632486,51.674999999999955,0.10732849731292406,2.0,0.0,42.0,20.71375,0.020440251572326984,3.39,6.9000000000000075,3.178250000000002,3.1999999999999904,2.12768026200042,0,
3660,200,0.02573251272635994,46.74999999999995,0.10732866759058518,2.0,0.0,42.0,20.63125,0.03523489932885915,5.9575,8.30000000000003,3.12875,2.6999999999999926,3.444878820123187,0,
3661,200,0.025706793075602266,38.849999999999945,0.1073250096439661,2.0,0.0,42.0,21.20095693779904,0.23780487804878048,2.40829346092504,7.7000000000000055,3.8432216905901173,4.200000000000013,3.2505962943367286,1,
3662,200,0.025681099131639813,53.72499999999996,0.10732627723440774,3.0,0.0,44.0,22.04625,0.019461077844311392,5.50625,7.9000000000000306,3.977750000000009,4.199999999999999,2.7400592188425517,0,
3663,200,0.025655430868778615,38.99999999999996,0.1073292747875793,3.0,1.0,43.0,21.24878048780488,0.24609375,5.48130081300813,7.400000000000027,3.7250406504065072,3.499999999999996,3.470861817335785,1,
3664,200,0.02562978826135044,46.149999999999956,0.10733108885958069,2.0,0.0,44.0,20.807304785894207,0.0652866242038217,5.824937027707809,8.400000000000015,3.3076826196473603,3.1999999999999975,4.184191946830394,1,
3665,200,0.025604171283712656,47.37499999999997,0.10733598186107629,2.0,0.0,37.0,19.225,0.01388888888888884,3.8325,5.199999999999999,2.2849999999999957,2.2999999999999914,1.1635768180887787,0,
3666,200,0.025578579910248294,16.89999999999998,0.10733847224860127,5.0,0.0,48.0,17.80952380952381,0.5674603174603174,0.7682539682539683,10.100000000000042,4.246031746031757,4.900000000000009,10.461256349270423,3,
3667,200,0.025553014115365962,50.049999999999955,0.10733953207562873,2.0,0.0,46.0,20.92125,0.05519480519480524,7.4,8.800000000000022,3.302749999999997,2.999999999999993,3.468047856324793,0,
3668,200,0.025527473873499885,39.774999999999956,0.10733690598261758,2.0,0.0,43.0,20.744715447154473,0.25813008130081305,4.227642276422764,7.1000000000000165,3.422601626016261,3.499999999999998,2.1422427979187,1,
3669,200,0.02550195915910981,48.874999999999964,0.1073401979806856,2.0,0.0,42.0,19.62875,0.038590604026845554,5.5175,7.400000000000019,2.527249999999995,2.199999999999999,2.307061042282892,0,
3670,200,0.025476469946681016,22.224999999999977,0.10733995950458651,3.0,0.0,49.0,18.393939393939394,0.49096385542168675,1.6876456876456876,11.400000000000018,3.672261072261072,2.5999999999999974,9.679353075418424,3,
3671,200,0.025451006210724283,38.84999999999995,0.10734334803646768,2.0,0.0,45.0,21.90731707317073,0.26171875,5.842276422764227,9.000000000000032,4.120162601626025,4.300000000000025,3.436610685731235,1,
3672,200,0.025425567925775893,40.274999999999956,0.10734509259603564,2.0,0.0,43.0,20.246355685131196,0.17164179104477606,6.779883381924198,6.700000000000028,3.6123906705539426,3.900000000000014,2.8694006736153357,1,
3673,200,0.025400155066397548,24.949999999999967,0.1073409041059963,2.0,1.0,42.0,20.334862385321102,0.4709302325581395,1.1192660550458715,7.500000000000012,3.7006880733945002,3.6999999999999993,3.5997202977458937,2,
3674,200,0.025374767607176385,49.974999999999966,0.10734179828965905,2.0,0.0,45.0,21.52125,0.03658536585365857,8.14,8.200000000000014,3.662750000000002,3.5000000000000133,2.9694170772141977,0,
3675,200,0.02534940552272493,34.37499999999997,0.10734611443470694,2.0,0.0,37.0,19.196747967479673,0.25462962962962965,4.617886178861789,4.699999999999998,2.4938211382113815,2.5000000000000053,1.2519326113625817,1,
3676,200,0.025324068787681127,50.74999999999994,0.10734799885900777,3.0,0.0,46.0,21.59375,0.0457317073170731,7.87875,8.400000000000011,3.706250000000004,3.700000000000002,2.465864790413751,0,
3677,200,0.02529875737670822,49.87499999999996,0.10735090966656965,2.0,0.0,42.0,21.32125,0.030254777070063632,7.4075,7.600000000000019,3.5427500000000056,3.6999999999999953,2.6780266219166142,0,
3678,200,0.025273471264494796,49.59999999999995,0.10735487864521248,2.0,0.0,40.0,21.085,0.02777777777777768,5.95,6.100000000000012,3.401000000000003,3.599999999999996,1.6632515988306347,0,
3679,200,0.025248210425754734,46.57499999999996,0.10735705464051742,3.0,0.0,45.0,20.066496163682864,0.0844155844155845,6.264705882352941,8.100000000000037,2.999360613810741,2.1999999999999984,4.125210940553367,1,
3680,200,0.025222974835227212,56.02499999999995,0.10735758829394526,3.0,0.0,45.0,22.445,0.026162790697674465,4.9925,8.300000000000022,4.217000000000001,4.1999999999999975,3.789216920651461,0,
3681,200,0.025197764467676628,40.52499999999996,0.10736208055117855,2.0,0.0,44.0,20.040650406504064,0.2578740157480315,4.84390243902439,7.300000000000012,3.0001626016260143,2.799999999999993,2.9169345149964094,1,
3682,200,0.025172579297892607,50.37499999999994,0.10736636812299286,3.0,0.0,47.0,21.4425,0.05312500000000009,5.24875,9.700000000000044,3.6154999999999995,3.1999999999999913,4.27661643221322,0,
3683,200,0.025147419300689974,31.249999999999964,0.10736397036381003,4.0,0.0,42.0,18.189686924493554,0.33653846153846156,2.5230202578268877,7.200000000000011,2.9913443830570907,2.499999999999995,3.517782314955513,2,
3684,200,0.02512228445090875,52.14999999999996,0.10736695315293798,2.0,0.0,47.0,20.5975,0.0652866242038217,3.24125,9.100000000000009,3.108499999999996,3.1000000000000005,2.2592812801270026,0,
3685,200,0.025097174723414068,51.39999999999995,0.10737002832078257,2.0,0.0,44.0,21.59625,0.02777777777777768,3.725,8.000000000000028,3.707750000000003,3.7999999999999963,2.670894110772076,0,
3686,200,0.025072090093096203,49.89999999999996,0.10737055361800917,2.0,0.0,41.0,20.09625,0.03333333333333344,4.04,6.30000000000002,2.8077499999999995,2.4999999999999964,2.006993073426686,0,
3687,200,0.025047030534870507,45.59999999999995,0.10737345728032456,2.0,0.0,42.0,20.673969072164947,0.07119205298013243,4.711340206185567,7.400000000000004,3.4265463917525807,3.199999999999995,3.530641358409121,1,
3688,200,0.025021996023677443,28.049999999999965,0.10737356833844673,2.0,0.0,46.0,19.424107142857142,0.4666666666666667,0.5758928571428571,8.900000000000022,3.345758928571428,2.6999999999999953,5.231704508652107,2,
3689,200,0.024996986534482492,46.02499999999997,0.10737417055542317,2.0,1.0,39.0,20.65625,0.022413793103448265,6.25375,6.3000000000000105,3.1437500000000047,3.1999999999999957,2.1153892427957066,0,
3690,200,0.024972002042276155,48.72499999999995,0.10737778853365074,3.0,0.0,41.0,21.27125,0.02922077922077926,5.0625,6.700000000000017,3.512750000000001,3.599999999999995,1.9011904081100253,0,
3691,200,0.024947042522073932,29.09999999999998,0.10737783629305181,2.0,0.0,44.0,18.228511530398322,0.4347826086956522,0.6163522012578616,7.5000000000000195,2.808385744234799,2.699999999999993,2.4674038360114015,2,
3692,200,0.02492210794891632,50.374999999999964,0.10737776312950184,2.0,0.0,45.0,20.29875,0.05573248407643305,3.03375,8.900000000000011,2.92925,2.3999999999999955,3.7684503257036446,0,
3693,200,0.024897198297868735,43.32499999999997,0.10737965294042448,2.0,0.0,40.0,19.25945945945946,0.09751773049645385,5.094594594594595,7.400000000000021,2.8732432432432438,2.299999999999997,3.01580309679166,1,
3694,200,0.024872313544021522,48.79999999999997,0.10738161606457709,2.0,0.0,39.0,19.91625,0.022413793103448265,4.735,5.599999999999998,2.6997499999999994,2.599999999999998,1.4286521697690242,0,
3695,200,0.024847453662489916,23.474999999999973,0.10738583143520822,12.0,1.0,52.0,17.417233560090704,0.4375,0.9206349206349206,13.100000000000021,3.8390022675737003,1.7999999999999945,15.297332990538944,3,
3696,200,0.02482261862841405,26.549999999999983,0.10738629183081702,2.0,0.0,44.0,16.430188679245283,0.35526315789473684,1.8396226415094339,7.200000000000006,2.166981132075468,2.0499999999999936,1.762482066507891,3,
3697,200,0.024797808416958885,24.49999999999998,0.10739157260266702,2.0,0.0,39.0,18.472093023255812,0.4778481012658228,0.9395348837209302,4.399999999999989,2.4790697674418554,2.799999999999992,1.10756791545654,2,
3698,200,0.0247730230033142,37.99999999999997,0.10738844421891341,2.0,0.0,39.0,18.150078988941548,0.23245614035087714,2.8704581358609795,4.799999999999995,2.075513428120058,1.7999999999999954,1.181156910114601,1,
3699,200,0.024748262362694576,36.97499999999995,0.10738652139649314,2.0,0.0,40.0,20.829032258064515,0.2457627118644068,3.6048387096774195,6.800000000000008,3.537741935483872,3.399999999999995,2.5737757902596217,1,
3700,200,0.024723526470339388,46.99999999999996,0.10739212851186,2.0,0.0,42.0,20.5125,0.03618421052631571,7.805,6.3,3.057499999999999,2.899999999999997,2.07394699054219,0,
3701,200,0.024698815301512727,36.074999999999974,0.10739768558578906,2.0,0.0,42.0,18.48953301127214,0.26754385964912286,5.49597423510467,7.100000000000012,2.1465378421900123,1.6999999999999984,2.464040296649733,1,
3702,200,0.02467412883150343,27.374999999999964,0.10740105761110394,2.0,0.0,49.0,18.891797556719023,0.3060747663551402,4.657940663176265,11.500000000000023,3.695986038394419,3.1999999999999966,8.258700141322137,3,
3703,200,0.024649467035625004,28.874999999999975,0.10740166843113494,2.0,0.0,43.0,18.635983263598327,0.40263157894736845,2.8138075313807533,7.400000000000013,3.238075313807534,2.7999999999999945,4.999618177282359,2,
3704,200,0.024624829889215685,43.12499999999996,0.10740519665361924,2.0,1.0,44.0,21.372742200328407,0.25384615384615383,1.0180623973727423,7.900000000000006,3.714942528735632,3.1999999999999944,3.6629885677308156,1,
3705,200,0.024600217367638302,53.024999999999956,0.10740693424179984,3.0,0.0,42.0,21.4775,0.021604938271605034,6.37875,6.900000000000005,3.636500000000004,3.699999999999991,2.1066710416735233,0,
3706,200,0.024575629446280337,38.12499999999996,0.10741407264765035,2.0,0.0,42.0,21.26929392446634,0.2540322580645161,6.275862068965517,8.500000000000009,3.652873563218392,3.600000000000003,3.3668029551337493,1,
3707,200,0.02455106610055386,52.42499999999996,0.10741587828521956,2.0,0.0,42.0,20.93875,0.02358490566037741,6.56,6.800000000000011,3.31325,3.3999999999999964,1.7457271651986994,0,
3708,200,0.024526527305895537,32.14999999999997,0.10741630242815163,2.0,0.0,41.0,17.38339222614841,0.2971698113207547,1.5035335689045937,6.300000000000002,2.6270318021201415,2.3999999999999977,2.5228637293003144,2,
3709,200,0.024502013037766564,31.19999999999996,0.10741799389278887,3.0,0.0,49.0,20.84971098265896,0.39953271028037385,2.090558766859345,10.500000000000036,4.379383429672454,4.699999999999999,7.377771903771962,2,
3710,200,0.02447752327165267,37.34999999999996,0.10742066856336732,2.0,0.0,47.0,20.28780487804878,0.29132231404958675,4.138211382113822,9.300000000000024,3.148455284552845,2.9999999999999942,5.1518770887093535,1,
3711,200,0.02445305798306408,44.32499999999997,0.10742271293932365,2.0,0.0,41.0,19.702412868632706,0.09751773049645385,5.896782841823057,6.800000000000005,3.0998659517426295,3.300000000000006,2.120767867892157,1,
3712,200,0.024428617147535518,53.274999999999935,0.10742754605590124,2.0,1.0,46.0,23.0875,0.02941176470588225,7.515,8.700000000000038,4.602500000000011,4.650000000000009,3.9133998646873294,0,
3713,200,0.02440420074062614,40.24999999999997,0.10742947258280802,2.0,0.0,40.0,19.38483965014577,0.15458015267175562,4.161807580174927,7.800000000000022,3.095481049562685,2.999999999999997,3.4063862344479108,1,
3714,200,0.024379808737919537,42.47499999999996,0.10743133553230427,2.0,0.0,44.0,20.17408376963351,0.09859154929577474,5.447643979057592,7.600000000000031,3.240837696335079,2.999999999999994,2.8881016284189767,1,
3715,200,0.024355441115023704,40.974999999999966,0.10742971278525176,2.0,0.0,44.0,19.86677115987461,0.23412698412698418,3.115987460815047,7.600000000000012,3.1525078369905914,3.199999999999992,2.2536591220092244,1,
3716,200,0.024331097847571002,21.399999999999988,0.1074296465776875,6.0,0.0,43.0,15.940047961630695,0.4766666666666667,0.434052757793765,7.9000000000000075,2.491606714628295,1.799999999999998,4.225877116304757,3,
3717,200,0.02430677891121819,44.124999999999964,0.10743302087982329,3.0,1.0,44.0,19.132653061224488,0.16970802919708028,4.112244897959184,7.200000000000005,2.9441690962099107,2.9999999999999916,2.306144370424679,1,
3718,200,0.02428248428164631,49.47499999999996,0.10743637606920117,3.0,0.0,43.0,21.22125,0.034375000000000044,8.10125,7.100000000000027,3.482750000000002,3.2999999999999963,2.861956909307701,0,
3719,200,0.02425821393456074,51.72499999999995,0.10743886981935147,2.0,0.0,44.0,22.01125,0.04447852760736204,6.76625,8.900000000000023,3.956749999999999,3.5999999999999974,4.263286098884553,0,
3720,200,0.024233967845691113,39.499999999999964,0.10744302540631534,2.0,0.0,41.0,20.285714285714285,0.26249999999999996,3.297208538587849,5.999999999999999,3.0627257799671543,3.0999999999999903,1.449008628127694,1,
3721,200,0.024209745990791363,36.87499999999998,0.10744599328988888,2.0,1.0,38.0,18.53048780487805,0.19736842105263164,3.2621951219512195,5.300000000000006,2.482926829268292,2.4999999999999982,1.2939798064298778,1,
3722,200,0.02418554834563962,24.79999999999996,0.1074426889742452,3.0,0.0,42.0,21.0,0.5030120481927711,0.916267942583732,6.600000000000025,3.761722488038285,4.150000000000005,2.5544346193689633,2,
3723,200,0.02416137488603824,50.04999999999997,0.10744775322952102,2.0,1.0,44.0,20.62375,0.03930817610062887,6.7425,7.300000000000017,3.1242499999999986,2.799999999999999,2.3003155317430286,0,
3724,200,0.024137225587813747,33.74999999999995,0.10745207360257064,2.0,0.0,45.0,18.885670731707318,0.20454545454545459,5.352134146341464,8.20000000000004,3.3984756097561033,3.0499999999999985,3.9055555323178837,2,
3725,200,0.024113100426816865,37.42499999999996,0.10745363817467521,4.0,1.0,40.0,20.18035426731079,0.24159663865546221,5.043478260869565,8.400000000000007,3.1610305958132026,2.899999999999992,3.1997457213982083,1,
3726,200,0.024088999378922418,37.97499999999994,0.10745070451975425,3.0,0.0,50.0,22.786991869918698,0.29330708661417326,3.9040650406504067,11.000000000000039,4.647967479674805,4.599999999999996,5.297729387876008,1,
3727,200,0.024064922420029358,42.924999999999926,0.10745570005589912,2.0,0.0,46.0,21.821158690176322,0.08774834437086088,7.425692695214106,10.600000000000033,3.9159949622166295,3.3000000000000034,5.784954848636309,1,
3728,200,0.024040869526060712,31.74999999999997,0.10745501128606481,2.0,0.0,41.0,17.499068901303538,0.3431372549019608,2.176908752327747,5.8999999999999995,2.506890130353813,2.499999999999999,1.765042445763741,2,
3729,200,0.024016840672963606,38.47499999999997,0.10745858374389193,2.0,0.0,39.0,18.393712574850298,0.1875,3.7979041916167664,4.699999999999991,2.458083832335324,2.699999999999994,1.085341275550562,1,
3730,200,0.023992835836709175,48.97499999999997,0.10745789561591725,2.0,0.0,45.0,19.66125,0.0612582781456954,5.32625,8.000000000000007,2.546749999999995,2.399999999999991,1.9676675119804903,0,
3731,200,0.02396885499329258,40.19999999999996,0.10746191207925232,2.0,0.0,45.0,22.29392446633826,0.2655038759689923,5.5205254515599345,8.40000000000003,4.267651888341554,4.500000000000011,3.1557601380500735,1,
3732,200,0.023944898118732967,44.39999999999996,0.1074648989911273,2.0,0.0,46.0,20.505681818181817,0.15816326530612246,6.355113636363637,9.000000000000032,3.7625000000000033,3.6999999999999957,3.5853623477901437,1,
3733,200,0.023920965189073478,52.24999999999996,0.10747063177905816,3.0,0.0,46.0,20.99625,0.05674846625766872,7.06,8.400000000000018,3.3477500000000013,2.9999999999999933,3.5443754755867,0,
3734,200,0.023897056180381168,54.09999999999995,0.1074719442897662,2.0,0.0,47.0,21.62875,0.03488372093023262,6.78125,9.800000000000024,3.727250000000003,3.7000000000000046,4.401964315569271,0,
3735,200,0.023873171068747034,49.299999999999955,0.1074780553406132,3.0,1.0,40.0,20.9725,0.023026315789473673,6.20375,6.300000000000005,3.3335000000000035,3.4999999999999973,1.8652306644229288,0,
3736,200,0.023849309830285947,16.749999999999982,0.10747868676885367,13.0,0.0,50.0,15.792642140468228,0.5967741935483871,0.5351170568561873,11.400000000000016,2.9070234113712394,2.3,6.867285011185701,3,
3737,200,0.023825472441136687,53.32499999999996,0.1074856444729419,3.0,0.0,44.0,21.32875,0.027108433734939652,7.55,7.200000000000015,3.54725,3.3999999999999986,2.5105213601896392,0,
3738,200,0.023801658877461853,53.099999999999945,0.10749069403282387,2.0,0.0,41.0,21.57875,0.0092592592592593,6.65,7.100000000000023,3.6972499999999995,3.700000000000002,2.5426964104631558,0,
3739,200,0.02377786911544788,51.34999999999996,0.1074974219194263,3.0,0.0,43.0,21.5975,0.021604938271605034,8.61,8.000000000000009,3.7085000000000035,3.7500000000000044,2.9813824084100307,0,
3740,200,0.023754103131304997,51.52499999999996,0.10750036301214658,2.0,0.0,44.0,20.5025,0.03571428571428581,5.1075,7.700000000000014,3.0514999999999994,2.700000000000009,2.4374515585180667,0,
3741,200,0.02373036090126723,32.19999999999997,0.10750758307315694,3.0,1.0,45.0,18.158102766798418,0.3713592233009708,2.4347826086956523,8.100000000000012,3.1401185770750986,3.0499999999999945,3.8556585232487857,2,
3742,200,0.023706642401592346,51.449999999999974,0.10751028376462717,2.0,0.0,41.0,20.46125,0.018987341772152,5.9575,5.70000000000002,3.02675,3.09999999999999,2.0354376178712905,0,
3743,200,0.023682947608561836,34.049999999999955,0.1075139641142792,2.0,0.0,43.0,19.1404833836858,0.19399999999999995,5.995468277945619,7.70000000000001,3.4895770392749315,2.9999999999999942,4.846533840814386,2,
3744,200,0.0236592764984809,48.87499999999996,0.1075152678317359,2.0,0.0,45.0,21.37625,0.044871794871794934,7.8975,9.000000000000025,3.575750000000005,3.4999999999999947,3.3486671697924733,0,
3745,200,0.023635629047678443,39.17499999999996,0.10751442328936907,2.0,0.0,41.0,19.586206896551722,0.2583333333333333,1.9835796387520526,5.500000000000001,2.643021346469622,2.6999999999999957,2.1123092105263246,1,
3746,200,0.023612005232507005,44.424999999999955,0.10752004246951141,2.0,0.0,43.0,20.61756756756757,0.11206896551724133,6.762162162162162,8.100000000000026,3.6881081081081093,3.4999999999999956,4.0971363351649925,1,
3747,200,0.023588405029342768,41.57499999999994,0.1075241975185206,2.0,0.0,43.0,20.83794466403162,0.10664335664335667,6.808959156785244,9.500000000000012,3.682345191040849,3.300000000000009,4.556270656853237,1,
3748,200,0.02356482841458551,28.024999999999974,0.1075252491751019,2.0,0.0,43.0,18.594771241830067,0.42934782608695654,3.610021786492375,6.600000000000007,3.001525054466229,3.299999999999996,2.505913707993165,2,
3749,200,0.023541275364658647,37.54999999999997,0.10753325675228129,2.0,0.0,42.0,20.19349593495935,0.2626050420168067,7.68780487804878,6.60000000000002,3.0918699186991865,3.199999999999991,1.8290769491095311,1,
3750,200,0.023517745856009107,49.57499999999996,0.10753922439186855,2.0,1.0,40.0,20.205,0.014516129032257963,7.325,5.800000000000017,2.872999999999999,2.7000000000000033,1.4411732518332145,0,
3751,200,0.023494239865107385,39.12499999999996,0.10753596625909194,2.0,1.0,46.0,21.526829268292683,0.2777777777777778,2.9008130081300814,8.900000000000016,3.8918699186991894,3.699999999999997,4.416921189559642,1,
3752,200,0.023470757368447476,53.099999999999966,0.10753976450079407,2.0,0.0,44.0,20.7625,0.031818181818181746,7.95,7.3000000000000105,3.207500000000001,2.8999999999999915,2.8038481310127215,0,
3753,200,0.0234472983425469,32.62499999999996,0.10754281451133357,2.0,0.0,46.0,19.93354430379747,0.2710084033613446,5.256329113924051,9.300000000000013,3.289240506329116,2.549999999999997,6.798888596800924,2,
3754,200,0.023423862763946618,44.349999999999966,0.10754940204739125,2.0,0.0,37.0,20.16625,0.02659574468085113,6.545,7.900000000000011,2.849750000000001,2.3999999999999977,2.7821792846551565,1,
3755,200,0.023400450609211056,40.07499999999997,0.10754966822880395,2.0,0.0,41.0,20.851500789889414,0.2295081967213115,3.6003159557661926,6.700000000000003,3.6963665086887905,4.300000000000025,2.860483668090903,1,
3756,200,0.023377061854928043,40.59999999999997,0.10755324495509427,2.0,0.0,39.0,19.11631419939577,0.18199999999999994,4.6782477341389725,5.799999999999997,2.8660120845921435,2.8999999999999924,1.8985923562954814,1,
3757,200,0.02335369647770884,50.674999999999955,0.10755764047349381,2.0,0.0,45.0,21.1775,0.04878048780487809,8.85,9.400000000000016,3.4565,2.6999999999999993,4.879665374477179,0,
3758,200,0.023330354454188063,40.82499999999997,0.10756550049809202,2.0,0.0,44.0,19.16429699842022,0.2383720930232558,3.3175355450236967,7.400000000000016,2.6840442338072648,2.1999999999999953,3.5555362776025294,1,
3759,200,0.023307035761023685,51.749999999999964,0.10756860873860108,2.0,0.0,44.0,20.92125,0.03881987577639756,6.7475,7.800000000000038,3.302749999999999,3.1999999999999913,2.4442962567129207,0,
3760,200,0.023283740374897,49.44999999999996,0.10757447356227859,2.0,0.0,42.0,20.9425,0.028846153846153744,7.73125,6.900000000000019,3.3155,3.2000000000000037,2.1053630396297636,0,
3761,200,0.023260468272512637,50.29999999999996,0.10758100847604112,2.0,0.0,41.0,21.33875,0.02358490566037741,8.99875,6.30000000000003,3.5532500000000065,3.6000000000000147,1.71026710979238,0,
3762,200,0.023237219430598487,37.47499999999997,0.10758568206443352,2.0,0.0,38.0,19.17898193760263,0.25442477876106195,1.4548440065681445,4.299999999999993,2.398686371100158,2.3999999999999986,1.088802523727346,1,
3763,200,0.023213993825905707,30.57499999999995,0.10759005694673951,2.0,0.0,42.0,20.247723132969035,0.34523809523809523,3.652094717668488,6.999999999999998,3.8204007285974555,3.7999999999999967,4.009761048440641,2,
3764,200,0.023190791435208673,25.599999999999973,0.10759032581021788,2.0,0.0,45.0,21.797169811320753,0.5028735632183908,2.80188679245283,8.000000000000037,4.358726415094346,5.100000000000022,5.686606424697577,2,
3765,200,0.02316761223530502,56.39999999999994,0.1075981761738228,2.0,1.0,48.0,22.7525,0.029661016949152463,9.04375,10.30000000000002,4.401500000000004,4.599999999999993,4.741455158523716,0,
3766,200,0.023144456203015532,53.22499999999995,0.10760566959546605,2.0,0.0,44.0,21.675,0.028787878787878807,9.23125,8.600000000000005,3.755000000000001,3.6000000000000036,3.589830609110338,0,
3767,200,0.023121323315184173,54.14999999999997,0.10761134712271639,3.0,0.0,44.0,20.92375,0.025147928994082802,7.39625,8.300000000000013,3.30425,2.9999999999999987,3.205086945448364,0,
3768,200,0.02309821354867805,47.849999999999945,0.10761678169633107,2.0,0.0,44.0,21.35166240409207,0.07165605095541405,5.617647058823529,8.30000000000002,3.770460358056269,3.699999999999997,3.952522619754313,1,
3769,200,0.023075126880387407,38.24999999999995,0.107622499328399,2.0,0.0,46.0,20.981042654028435,0.25,8.031595576619273,9.300000000000008,3.7740916271722007,3.399999999999992,5.1429750828575065,1,
3770,200,0.02305206328722557,25.274999999999977,0.10761845691402278,2.0,0.0,42.0,19.455813953488374,0.4821428571428571,1.4209302325581394,6.600000000000006,3.069302325581392,3.099999999999995,2.2199998918328374,2,
3771,200,0.02302902274612894,42.47499999999996,0.107618354449517,2.0,0.0,43.0,20.079937304075234,0.2126865671641791,2.9843260188087775,7.200000000000013,3.2804075235109713,2.9999999999999947,4.342118965318173,1,
3772,200,0.023006005234056964,51.19999999999997,0.10762293995857708,2.0,0.0,44.0,20.505,0.04062499999999991,5.81625,7.50000000000002,3.0529999999999995,3.199999999999996,2.1383443411630445,0,
3773,200,0.02298301072799215,48.97499999999995,0.1076261549717632,2.0,0.0,43.0,21.63875,0.039808917197452276,6.06875,6.800000000000035,3.7332500000000057,3.5000000000000036,2.7829487858575095,0,
3774,200,0.022960039204939983,39.59999999999994,0.10763475373513796,2.0,1.0,42.0,22.201970443349754,0.254,7.596059113300493,6.900000000000027,4.2124794745484495,4.700000000000018,2.654169974115644,1,
3775,200,0.02293709064192893,43.02499999999998,0.1076393421029019,2.0,0.0,44.0,18.833819241982507,0.16785714285714293,6.73469387755102,7.200000000000007,2.7648688046647223,2.4999999999999947,3.0091366249110196,1,
3776,200,0.022914165016010422,37.54999999999995,0.1076381947392875,3.0,0.0,47.0,22.257799671592775,0.2947154471544715,4.266009852216749,9.500000000000032,4.245977011494258,3.599999999999994,4.511921268334816,1,
3777,200,0.02289126230425885,37.674999999999955,0.10763536895239331,2.0,0.0,45.0,20.995073891625616,0.2954545454545454,3.070607553366174,8.600000000000016,3.4883415435139593,3.1999999999999935,2.969346635030226,1,
3778,200,0.022868382483771488,24.29999999999997,0.10763994044690402,2.0,0.0,42.0,20.19575471698113,0.5,2.547169811320755,6.300000000000006,3.397877358490569,3.6999999999999975,2.5152689194826996,2,
3779,200,0.022845525531668517,26.949999999999964,0.10763936116035695,2.0,0.0,44.0,20.665178571428573,0.4619565217391305,3.388392857142857,7.600000000000015,4.042187500000005,4.099999999999998,5.047776615197612,2,
3780,200,0.02282269142509297,30.04999999999998,0.10764174497320239,2.0,0.0,40.0,16.36489151873767,0.3447368421052631,2.232741617357002,5.299999999999996,2.1138067061143957,1.6999999999999997,1.7483368864959021,2,
3781,200,0.02279988014121076,39.12499999999996,0.10764061922669119,2.0,0.0,43.0,22.42528735632184,0.2578740157480315,4.750410509031199,8.200000000000019,4.346469622331695,4.5000000000000115,3.368046699741177,1,
3782,200,0.022777091657210594,16.349999999999973,0.10764436167772162,12.0,0.0,48.0,17.698170731707318,0.6115384615384616,0.36890243902439024,9.800000000000036,3.5765243902439092,3.1999999999999975,6.886067780225551,3,
3783,200,0.02275432595030398,52.574999999999946,0.10765093420212066,2.0,0.0,44.0,20.75375,0.03571428571428581,6.715,7.400000000000016,3.20225,3.399999999999989,2.5257988840607672,0,
3784,200,0.022731582997725205,41.34999999999996,0.10765144781083674,2.0,0.0,41.0,19.544615384615383,0.19921875,2.953846153846154,6.700000000000006,3.0536923076923066,2.999999999999994,2.729938982104108,1,
3785,200,0.022708862776731332,40.52499999999995,0.10765807420337153,2.0,1.0,51.0,20.75340599455041,0.16134751773049638,7.332425068119891,12.000000000000027,3.804495912806542,2.599999999999997,9.6108286883649,1,
3786,200,0.022686165264602126,39.09999999999996,0.1076587360254249,2.0,1.0,48.0,19.561996779388085,0.29065040650406504,3.21256038647343,9.600000000000016,2.7900161030595787,2.1999999999999997,3.4984923244476818,1,
3787,200,0.022663490438640077,35.07499999999995,0.10766589001421877,3.0,0.0,46.0,20.621835443037973,0.26639344262295084,7.920886075949367,8.500000000000025,3.5484177215189923,2.899999999999996,6.372545096301451,1,
3788,200,0.022640838276170343,28.724999999999973,0.10767091997199843,2.0,0.0,43.0,18.650306748466257,0.40104166666666663,1.9591002044989776,8.000000000000005,3.242535787321069,2.899999999999994,5.748807795249283,2,
3789,200,0.022618208754540785,50.64999999999994,0.10767662380543858,3.0,1.0,44.0,22.17625,0.024390243902439046,6.8025,9.300000000000006,4.055750000000004,4.099999999999994,4.890399578749365,0,
3790,200,0.022595601851121864,22.749999999999982,0.10767637138220577,6.0,0.0,52.0,16.80701754385965,0.5030864197530864,2.0050125313283207,12.000000000000032,3.4002506265664194,2.099999999999996,8.749403266331713,3,
3791,200,0.022573017543306678,47.174999999999955,0.10768259741151917,2.0,0.0,44.0,20.119718309859156,0.13698630136986312,6.285915492957747,7.400000000000011,3.519014084507042,3.099999999999997,3.00115146032825,1,
3792,200,0.022550455808510905,51.49999999999997,0.10768953445984963,2.0,1.0,42.0,19.2875,0.03343949044585992,6.1025,6.200000000000002,2.3225,2.000000000000017,1.976446838198189,0,
3793,200,0.02252791662417283,30.97499999999995,0.10768780394340727,2.0,0.0,44.0,19.981001727115718,0.3287037037037037,4.193436960276339,8.50000000000003,3.3276338514680477,2.7999999999999945,4.680597482400706,2,
3794,200,0.02250539996775326,39.64999999999998,0.10769239991801183,2.0,0.0,39.0,17.973760932944607,0.16199999999999992,7.590379008746356,5.399999999999996,2.2488338192419763,2.099999999999987,1.3542216343140039,1,
3795,200,0.02248290581673553,24.899999999999974,0.10769222869169989,2.0,0.0,43.0,18.783664459161148,0.4676470588235294,2.3421633554083887,6.900000000000018,2.967770419426047,2.7999999999999963,2.927319890062776,2,
3796,200,0.02246043414862548,30.724999999999966,0.10769751589097812,2.0,0.0,49.0,19.012345679012345,0.3509174311926605,4.552028218694885,10.600000000000023,3.184303350970016,2.499999999999994,6.659298138655281,2,
3797,200,0.02243798494095146,52.62499999999995,0.10770536798370492,2.0,1.0,43.0,21.46,0.02300613496932513,6.8175,6.900000000000017,3.6260000000000043,3.699999999999989,2.5525279883250005,0,
3798,200,0.022415558171264255,44.59999999999996,0.10770996758865511,2.0,0.0,43.0,19.664756446991404,0.1499999999999999,4.517191977077364,7.400000000000016,3.2648997134670497,2.8999999999999932,4.013862168336421,1,
3799,200,0.022393153817137086,51.549999999999955,0.10771594083403489,2.0,0.0,41.0,20.7875,0.01751592356687892,7.3525,7.000000000000007,3.222500000000001,2.9000000000000004,2.4160975251523973,0,
3800,200,0.02237077185616559,28.32499999999996,0.10771648167190347,2.0,1.0,45.0,21.48139534883721,0.4836956521739131,0.5720930232558139,8.100000000000033,4.276279069767452,4.60000000000001,5.386164122034238,2,
3801,200,0.022348412265967826,29.474999999999977,0.10772151770170926,2.0,0.0,44.0,18.628131021194605,0.38636363636363635,4.285163776493256,7.700000000000014,3.0464354527938364,2.899999999999998,3.7312487377487513,2,
3802,200,0.022326075024184187,27.34999999999997,0.10772205687107617,2.0,0.0,40.0,17.766949152542374,0.401685393258427,0.614406779661017,5.299999999999995,2.659533898305087,2.6999999999999966,2.610853027385404,2,
3803,200,0.022303760108477434,55.09999999999995,0.10772923593151026,2.0,0.0,45.0,22.49625,0.026470588235294024,6.335,8.40000000000002,4.247750000000008,4.4500000000000135,3.3772752144925486,0,
3804,200,0.02228146749653264,37.34999999999996,0.10773423532484502,3.0,0.0,43.0,19.035816618911173,0.1635338345864661,8.146131805157593,8.800000000000026,3.1557306590257888,2.3999999999999932,5.64798018485112,2,
3805,200,0.02225919716605721,28.474999999999973,0.10773471927986794,2.0,0.0,42.0,17.082,0.3670212765957447,2.946,7.000000000000006,2.4919999999999973,2.099999999999997,2.64574658298633,2,
3806,200,0.0222369490947808,53.72499999999995,0.10773876464163565,2.0,0.0,45.0,20.98375,0.02678571428571419,6.46375,8.100000000000028,3.3402500000000006,3.1999999999999926,3.6180855907587546,0,
3807,200,0.022214723260455337,50.84999999999995,0.10774416366973522,2.0,0.0,42.0,20.9875,0.02499999999999991,6.0,7.700000000000007,3.3425,3.2999999999999945,2.871348236481633,0,
3808,200,0.022192519640854974,51.64999999999995,0.10774933506765073,3.0,0.0,44.0,21.1225,0.037878787878787845,7.4725,8.500000000000025,3.4235000000000038,3.299999999999997,3.9461539158655192,0,
3809,200,0.022170338213776113,40.24999999999996,0.10775767512922058,2.0,0.0,46.0,23.114942528735632,0.2652671755725191,9.753694581280788,9.10000000000003,4.760262725779976,4.600000000000005,4.573934102674755,1,
3810,200,0.022148178957037315,52.37499999999996,0.10776498056044562,2.0,0.0,44.0,21.1875,0.04141104294478537,7.03875,8.699999999999998,3.462500000000001,3.099999999999991,3.3282489503890047,0,
3811,200,0.022126041848479317,43.37499999999997,0.10777167266214781,2.0,1.0,41.0,18.201634877384198,0.11861313868613133,3.5653950953678475,6.299999999999996,2.2734332425068113,1.7999999999999916,2.462609405017131,1,
3812,200,0.022103926865965004,53.474999999999966,0.10777671256107943,2.0,0.0,42.0,20.195,0.021604938271605034,6.0925,7.100000000000006,2.866999999999996,2.5999999999999956,2.4897648902576415,0,
3813,200,0.022081833987379406,45.27499999999995,0.10778251253692347,2.0,0.0,41.0,20.9514687100894,0.06506849315068486,4.3282247765006385,7.400000000000007,3.5196679438058807,3.500000000000003,2.5479698183621453,1,
3814,200,0.022059763190629637,41.39999999999996,0.10778183543673121,2.0,0.0,43.0,20.41373801916933,0.23828125,3.7380191693290734,6.600000000000002,3.3595846645367424,3.0999999999999908,3.661139521531118,1,
3815,200,0.022037714453644896,44.22499999999995,0.10778757409264694,2.0,0.0,49.0,20.37851662404092,0.10810810810810811,4.879795396419437,10.600000000000035,3.186572890025575,2.699999999999998,5.085390688494172,1,
3816,200,0.02201568775437644,39.67499999999996,0.10778669664849645,2.0,1.0,41.0,20.583870967741934,0.23780487804878048,3.856451612903226,6.3999999999999915,3.390645161290321,3.2999999999999954,1.7124008126972254,1,
3817,200,0.021993683070797576,50.79999999999995,0.107792662088323,2.0,1.0,43.0,21.595,0.03125,8.81625,8.200000000000024,3.7070000000000016,3.4999999999999973,3.7149068045419047,0,
3818,200,0.021971700380903618,39.24999999999997,0.10779169855262496,2.0,0.0,39.0,19.744292237442924,0.19262295081967218,4.4003044140030445,6.200000000000002,3.2170471841704726,3.5999999999999948,2.0656502520572393,1,
3819,200,0.021949739662711874,49.57499999999995,0.10779901488979869,2.0,0.0,42.0,21.57375,0.03846153846153855,8.47375,7.8000000000000105,3.6942500000000043,3.4999999999999956,2.898321466127313,0,
3820,200,0.02192780089426161,38.699999999999974,0.10780803161588998,2.0,0.0,42.0,18.58079268292683,0.20901639344262302,5.817073170731708,6.8999999999999995,2.5131097560975584,2.399999999999994,2.010076707681225,1,
3821,200,0.02190588405361408,40.44999999999997,0.10780887064325592,2.0,0.0,42.0,20.001579778830962,0.22999999999999998,3.4454976303317535,6.400000000000009,3.186413902053713,3.4999999999999947,2.7993800662859933,1,
3822,200,0.021883989118852424,39.89999999999996,0.10781868851581428,2.0,0.0,42.0,21.362903225806452,0.23809523809523814,6.483870967741935,6.300000000000026,3.858064516129038,4.400000000000002,2.7566679413838466,1,
3823,200,0.021862116068081715,51.74999999999996,0.1078252303499522,2.0,0.0,45.0,21.0475,0.03881987577639756,6.77375,9.100000000000016,3.3784999999999985,2.5999999999999956,4.641345002101593,0,
3824,56,0.021840264879428885,0.8250000000000015,0.10782713491512652,2.0,0.0,8.0,4.168918918918919,0,1.0405405405405406,1.7999999999999998,0.8601351351351344,0.8999999999999992,0.16564808473725043,4,
3825,200,0.021818435531042762,52.62499999999994,0.10783700973246761,4.0,0.0,54.0,21.5575,0.0904907975460123,7.555,13.600000000000025,3.6845000000000034,3.500000000000007,5.312218050340725,0,
3826,200,0.02179662800109399,55.199999999999946,0.1078453523854994,2.0,0.0,44.0,20.8525,0.019230769230769162,6.02875,7.400000000000004,3.261499999999999,2.699999999999994,3.354222990973434,0,
3827,200,0.021774842267775037,41.54999999999996,0.10784402499777988,2.0,0.0,41.0,19.63823064770932,0.22222222222222232,3.734597156398104,7.400000000000004,2.9684044233807274,2.6999999999999957,3.104033162959721,1,
3828,200,0.021753078309300157,36.449999999999974,0.10785185361332388,2.0,0.0,39.0,19.94417077175698,0.2588495575221239,5.632183908045977,6.199999999999998,2.8577996715927716,2.999999999999989,1.2685838006902526,1,
3829,200,0.021731336103905406,53.64999999999995,0.1078621671580611,3.0,0.0,47.0,21.76375,0.031065088757396442,6.27125,9.000000000000009,3.808250000000003,3.5999999999999965,3.4317372995895545,0,
3830,200,0.02170961562984857,46.574999999999946,0.10787111192020792,3.0,0.0,44.0,20.618020304568528,0.07352941176470584,7.040609137055838,8.800000000000026,3.263959390862943,2.599999999999989,4.672947178726581,1,
3831,200,0.021687916865409173,49.54999999999996,0.10787667398272825,2.0,1.0,41.0,21.25625,0.026315789473684292,7.25875,6.200000000000026,3.5037500000000015,3.5999999999999948,1.6214384709976226,0,
3832,200,0.02166623978888844,50.69999999999994,0.1078836758871632,2.0,0.0,45.0,22.2425,0.03571428571428581,7.02125,8.60000000000003,4.095500000000007,3.900000000000006,3.5388852795082757,0,
3833,200,0.021644584378609312,41.34999999999995,0.10788924615742114,2.0,0.0,45.0,20.90521327014218,0.23484848484848486,6.657187993680885,7.900000000000027,3.7285939968404467,3.7000000000000206,3.5688753344248103,1,
3834,200,0.021622950612916365,25.67499999999996,0.10788852628278395,2.0,0.0,44.0,21.545454545454547,0.5028735632183908,0.9282296650717703,7.800000000000022,4.088995215311011,4.3000000000000025,4.320908409310771,2,
3835,200,0.021601338470175833,51.14999999999995,0.10789330044531761,2.0,0.0,42.0,21.91625,0.02672955974842761,6.9975,7.40000000000004,3.899750000000007,4.1999999999999975,2.5811039704749796,0,
3836,200,0.021579747928775563,36.87499999999997,0.10789336341133618,2.0,0.0,40.0,20.52848101265823,0.23739495798319332,4.890822784810126,6.300000000000011,3.4924050632911423,3.500000000000009,2.2838087941856196,1,
3837,200,0.021558178967125027,37.774999999999956,0.10789871421534962,2.0,0.0,45.0,19.979623824451412,0.246,5.509404388714733,8.100000000000026,3.2202194357366767,2.8999999999999977,3.112247723213535,1,
3838,200,0.02153663156365526,54.04999999999996,0.1079046466776237,3.0,0.0,41.0,20.43375,0.004658385093167627,7.21125,5.799999999999994,3.010249999999998,3.099999999999996,1.725997634371307,0,
3839,200,0.021515105696818845,37.09999999999996,0.10790584303719183,2.0,0.0,39.0,20.341463414634145,0.25,3.191869918699187,5.900000000000009,3.1806504065040664,3.4999999999999973,2.0413708278692093,1,
3840,200,0.021493601345089923,50.12499999999994,0.10791097666140853,2.0,0.0,49.0,22.51,0.07727272727272738,8.94375,10.900000000000036,4.2560000000000064,3.8999999999999977,6.439274061365776,0,
3841,200,0.021472118486964127,32.17499999999997,0.1079217638331737,2.0,0.0,43.0,17.474169741697416,0.3160377358490566,4.8597785977859775,6.900000000000016,2.8828413284132863,2.6999999999999966,3.770327270622939,2,
3842,200,0.021450657100958614,54.124999999999936,0.10792880687927306,2.0,0.0,49.0,21.74625,0.06626506024096379,6.42375,10.60000000000002,3.797750000000004,3.70000000000001,4.128701388595941,0,
3843,200,0.021429217165611993,23.799999999999976,0.10793528546302941,2.0,1.0,38.0,18.317241379310346,0.46518987341772156,0.9149425287356322,4.2999999999999865,2.473333333333328,2.6999999999999957,1.1244902337969742,2,
3844,200,0.021407798659484324,31.499999999999968,0.10793429983989594,2.0,0.0,44.0,18.532228360957642,0.3567961165048543,2.25414364640884,7.400000000000003,2.973664825046038,3.099999999999995,2.171523768178856,2,
3845,200,0.02138640156115709,29.574999999999964,0.10793393608236657,2.0,0.0,46.0,20.173824130879346,0.41500000000000004,1.83640081799591,8.700000000000017,4.091615541922296,4.099999999999998,6.390733522917404,2,
3846,200,0.021365025849233204,50.79999999999996,0.1079407907628038,2.0,0.0,43.0,20.1625,0.04166666666666674,8.08,6.600000000000008,2.847499999999994,2.599999999999997,1.7427464730413653,0,
3847,200,0.02134367150233695,29.549999999999972,0.10794434779610865,2.0,0.0,41.0,18.53072625698324,0.355,3.9720670391061454,6.199999999999997,2.886778398510239,2.599999999999997,2.450355101814351,2,
3848,200,0.02132233849911398,52.87499999999994,0.10795151522753835,2.0,0.0,49.0,21.54,0.058383233532934176,7.73875,10.300000000000027,3.6739999999999995,3.299999999999997,3.9175301211408344,0,
3849,200,0.02130102681823127,51.474999999999966,0.1079555134551681,2.0,0.0,42.0,21.03,0.02741935483870961,6.49125,6.500000000000017,3.3680000000000008,3.499999999999991,2.1864794163740955,0,
3850,200,0.02127973643837717,50.449999999999946,0.10796430416074346,2.0,1.0,46.0,22.0375,0.04938271604938271,7.3,8.70000000000002,3.9725000000000064,3.7999999999999963,4.142750223047253,0,
3851,200,0.021258467338261276,38.47499999999996,0.10796492234933605,2.0,0.0,40.0,20.765853658536585,0.24583333333333335,4.066666666666666,6.300000000000017,3.435284552845529,3.5999999999999948,1.698970874402479,1,
3852,200,0.021237219496614494,29.42499999999997,0.10796654234932776,2.0,0.0,44.0,19.368972746331238,0.4201030927835051,3.29979035639413,7.600000000000014,3.5593291404612177,3.0999999999999948,5.346000404345863,2,
3853,200,0.021215992892188968,52.574999999999974,0.10797187336985058,2.0,1.0,41.0,20.07125,0.01948051948051943,5.82,6.100000000000018,2.79275,2.6999999999999904,1.6120499563280606,0,
3854,200,0.02119478750375811,30.924999999999976,0.10797757637079404,2.0,0.0,44.0,17.38615664845173,0.3431372549019608,2.1038251366120218,7.200000000000013,2.473952641165753,1.9999999999999964,2.9584388188453934,2,
3855,200,0.02117360331011653,39.47499999999995,0.10798426394983973,2.0,0.0,46.0,22.59259259259259,0.25763358778625955,9.219001610305957,9.500000000000016,4.608373590982298,4.900000000000005,4.700457369567508,1,
3856,200,0.021152440290080017,39.974999999999966,0.10798409492947161,2.0,0.0,42.0,20.943089430894307,0.25,2.6552845528455284,6.800000000000013,3.5416260162601665,3.999999999999997,3.3164549050298393,1,
3857,200,0.02113129842248555,40.474999999999966,0.10799086937922159,2.0,0.0,41.0,19.571646341463413,0.19186046511627897,5.862804878048781,6.600000000000011,3.1076219512195133,3.0999999999999917,2.7045823370165243,1,
3858,200,0.021110177686191275,52.74999999999996,0.10799603841342442,2.0,0.0,43.0,20.43375,0.02499999999999991,5.915,7.6000000000000245,3.01025,2.7999999999999963,2.949549546171181,0,
3859,200,0.021089078060076445,54.324999999999946,0.10800275531113596,2.0,0.0,44.0,23.00625,0.014705882352941124,6.275,9.000000000000016,4.553750000000007,4.800000000000004,4.42066784479354,0,
3860,200,0.021067999523041434,40.77499999999996,0.10801187654148961,2.0,0.0,41.0,21.006153846153847,0.1996124031007751,4.2384615384615385,7.300000000000011,3.9306153846153964,4.700000000000011,3.49213250208879,1,
3861,200,0.02104694205400769,32.07499999999996,0.10801879729580827,2.0,0.0,49.0,18.05308219178082,0.3169642857142857,4.671232876712328,10.400000000000023,2.888698630136986,2.099999999999996,6.442425415255631,2,
3862,200,0.021025905631917766,15.749999999999982,0.10801925833425692,9.0,0.0,52.0,19.64541832669323,0.7053571428571429,0.0,12.300000000000022,4.364143426294825,3.7999999999999994,11.838742857142904,3,
3863,200,0.021004890235735225,39.74999999999995,0.10802200656307848,2.0,0.0,49.0,21.88130081300813,0.28100775193798455,5.213008130081301,11.200000000000024,4.1045528455284614,4.30000000000001,4.7197315876306405,1,
3864,200,0.02098389584444467,41.62499999999996,0.10802754711909295,2.0,0.0,43.0,21.04669887278583,0.2383720930232558,5.657004830917875,7.200000000000017,3.68083735909823,3.6000000000000014,2.7157589980292616,1,
3865,200,0.0209629224370517,33.19999999999996,0.10803464689650721,3.0,0.0,47.0,19.928571428571427,0.36363636363636365,5.4073359073359075,9.70000000000002,4.227992277992284,4.149999999999997,8.062856519940578,2,
3866,200,0.02094196999258292,25.69999999999996,0.10804105853892493,3.0,0.0,43.0,20.520642201834864,0.4767441860465116,2.4174311926605503,7.600000000000022,3.812155963302761,4.499999999999999,3.5788848207475485,2,
3867,200,0.020921038490085878,41.62499999999995,0.10804100371033529,2.0,0.0,44.0,20.75846153846154,0.21969696969696972,4.026153846153846,7.8000000000000105,3.7820000000000054,4.099999999999999,4.389486389316922,1,
3868,200,0.020900127908629072,28.62499999999997,0.10804237203015665,2.0,1.0,43.0,17.396396396396398,0.3520408163265306,1.899099099099099,7.000000000000007,2.0531531531531493,1.6999999999999922,2.360876100563597,3,
3869,200,0.020879238227301908,53.09999999999995,0.10804837454284627,2.0,0.0,42.0,20.87625,0.02187500000000009,7.09875,8.400000000000015,3.2757499999999973,2.8999999999999906,3.125016820338799,0,
3870,200,0.020858369425214716,40.924999999999955,0.10804731156634931,2.0,1.0,45.0,22.68472906403941,0.25763358778625955,5.0476190476190474,7.80000000000003,4.502134646962239,5.100000000000004,3.5918113675582677,1,
3871,200,0.020837521481498693,30.224999999999987,0.10804759913282781,1.0,0.0,36.0,17.458110516934045,0.3125,1.8449197860962567,3.8999999999999884,2.028520499108728,2.099999999999988,0.5670315200813391,2,
3872,200,0.020816694375305884,40.69999999999997,0.10804562658688012,2.0,0.0,44.0,20.770731707317072,0.26171875,2.9560975609756097,7.700000000000014,3.438211382113821,3.5999999999999943,3.630077943229419,1,
3873,200,0.020795888085809178,35.64999999999997,0.1080534248632999,2.0,0.0,49.0,20.204508856682768,0.2947154471544715,6.668276972624799,10.50000000000003,3.175523349436394,2.7000000000000024,3.8661742039207865,1,
3874,200,0.020775102592202298,52.17499999999997,0.10805752276083103,2.0,1.0,41.0,19.65375,0.031045751633986818,4.835,5.900000000000019,2.5422499999999952,2.2999999999999936,1.5678673872927986,0,
3875,200,0.020754337873699742,41.59999999999995,0.10806299556667595,2.0,0.0,41.0,20.76530612244898,0.15977443609022557,5.950437317784257,7.400000000000005,3.9237609329446137,4.499999999999998,3.969808285255925,1,
3876,200,0.02073359390953679,56.94999999999994,0.10806961792307015,2.0,0.0,45.0,22.66,0.02011494252873569,6.47125,9.100000000000007,4.346000000000011,4.6000000000000085,3.4344393663115365,0,
3877,200,0.020712870678969465,51.47499999999997,0.10807436248696614,2.0,1.0,40.0,19.83875,0.019736842105263053,5.515,6.000000000000006,2.6532499999999968,2.699999999999993,1.2305663602599406,0,
3878,200,0.020692168161274557,53.84999999999995,0.10807983291055545,2.0,0.0,43.0,21.37625,0.01807228915662651,6.285,7.899999999999995,3.575750000000002,3.5499999999999954,2.97576658713531,0,
3879,200,0.02067148633574953,51.07499999999996,0.10808585185350217,2.0,0.0,44.0,21.94125,0.034375000000000044,6.55,8.900000000000015,3.914750000000004,3.7999999999999945,4.030038734435549,0,
3880,200,0.020650825181712566,27.399999999999967,0.10808413400547993,2.0,1.0,43.0,18.91313559322034,0.42391304347826086,1.4957627118644068,7.400000000000011,3.3014830508474584,3.3999999999999972,3.175880700053426,2,
3881,200,0.020630184678502493,43.09999999999996,0.10809139534535346,2.0,0.0,47.0,21.429878048780488,0.2246376811594204,4.405487804878049,9.00000000000004,4.222560975609767,4.400000000000004,4.348647449080413,1,
3882,200,0.020609564805478826,53.94999999999996,0.10809597179184624,2.0,0.0,43.0,21.94,0.015060240963855387,5.2325,6.700000000000043,3.9140000000000064,4.600000000000009,3.316509182045624,0,
3883,200,0.020588965542021685,53.32499999999995,0.10810096181523113,2.0,1.0,52.0,21.715,0.08136094674556205,6.0075,12.100000000000017,3.7790000000000012,3.4999999999999947,5.422167472136691,0,
3884,200,0.0205683868675318,36.99999999999996,0.10810530000050725,2.0,0.0,43.0,20.939837398373985,0.2710084033613446,3.635772357723577,6.9000000000000385,3.539674796747972,3.7999999999999976,2.3755378823131483,1,
3885,200,0.02054782876143049,50.19999999999995,0.10811066198382516,2.0,0.0,47.0,21.65625,0.05967741935483861,5.95375,10.200000000000024,3.743750000000002,3.200000000000009,5.695144836163833,0,
3886,200,0.02052729120315966,53.099999999999945,0.10811543701029004,2.0,1.0,45.0,21.81875,0.03703703703703698,5.6025,7.900000000000027,3.841250000000006,3.899999999999999,2.146701791721565,0,
3887,200,0.020506774172181743,55.59999999999994,0.10812050967703332,3.0,0.0,45.0,22.99375,0.01900584795321647,5.05125,9.500000000000027,4.546250000000007,4.700000000000006,4.115267367605291,0,
3888,200,0.020486277647979705,50.04999999999996,0.10812592954834728,2.0,0.0,44.0,21.28,0.04192546583850931,7.04125,7.400000000000041,3.518000000000002,2.8999999999999977,3.0966808385638482,0,
3889,200,0.020465801610057018,46.07499999999996,0.10812824034047731,2.0,1.0,45.0,20.63243243243243,0.1200000000000001,5.232432432432432,8.000000000000034,3.697027027027028,3.3999999999999932,3.9318632064704526,1,
3890,200,0.020445346037937653,52.07499999999995,0.10813360905743523,2.0,0.0,46.0,21.125,0.06515151515151518,6.02125,10.100000000000025,3.4250000000000007,2.999999999999994,4.97763277755124,0,
3891,200,0.020424910911166032,54.12499999999995,0.10813892416972862,2.0,0.0,42.0,21.24375,0.0185185185185186,4.3125,6.6000000000000325,3.496250000000002,3.599999999999996,2.66904010787519,0,
3892,200,0.02040449620930702,53.97499999999995,0.10814559736255555,2.0,0.0,44.0,21.91,0.029503105590062084,4.54875,8.200000000000022,3.896000000000003,3.6999999999999966,3.11463886662325,0,
3893,200,0.020384101911945913,41.84999999999995,0.10814734263781922,2.0,0.0,50.0,21.540785498489427,0.23529411764705888,3.7099697885196377,11.400000000000025,4.320694864048343,3.75,6.230869928327472,1,
3894,200,0.020363727998688425,28.224999999999966,0.1081458660264645,2.0,0.0,46.0,19.624724061810156,0.46739130434782605,1.1214128035320088,8.600000000000021,3.472406181015455,3.6999999999999975,3.447180324353843,2,
3895,200,0.020343374449160633,28.14999999999997,0.1081445718461567,2.0,0.0,41.0,18.296523517382415,0.40591397849462363,1.047034764826176,6.30000000000002,2.8854805725971375,2.8999999999999932,2.2327842087654837,2,
3896,200,0.020323041243008984,31.14999999999997,0.10814442746360087,3.0,0.0,45.0,18.16530612244898,0.41666666666666663,0.31020408163265306,8.500000000000009,2.808571428571429,2.2999999999999954,4.731048275919525,2,
3897,200,0.02030272835990026,54.57499999999996,0.10815023371160826,2.0,0.0,45.0,21.95,0.033132530120481896,4.51375,7.90000000000002,3.9200000000000035,4.0000000000000036,2.6197040932876585,0,
3898,200,0.0202824357795216,28.449999999999967,0.10815063062074384,2.0,0.0,45.0,20.565217391304348,0.4375,1.8,8.400000000000015,4.180652173913047,4.1,6.636722243488897,2,
3899,200,0.02026216348158041,48.59999999999995,0.1081567575810258,2.0,0.0,48.0,20.89625,0.0866013071895424,4.6075,10.100000000000033,3.287749999999999,2.999999999999992,3.8535559586812154,1,
3900,200,0.02024191144580439,39.94999999999997,0.10816337628843309,2.0,0.0,47.0,20.926108374384235,0.28174603174603174,3.9573070607553364,9.000000000000016,3.4469622331691325,3.599999999999998,2.911102890422788,1,
3901,200,0.020221679651941493,46.22499999999995,0.10816793388693205,2.0,0.0,47.0,20.767287234042552,0.12828947368421062,5.304521276595745,10.000000000000039,3.6954787234042583,2.999999999999999,5.877223993506707,1,
3902,200,0.020201468079759942,53.77499999999995,0.10817440145252408,2.0,1.0,43.0,22.2225,0.024096385542168752,6.315,8.400000000000007,4.0835000000000035,3.9999999999999982,2.518631685362032,0,
3903,200,0.020181276709048155,33.02499999999995,0.10817408436929352,3.0,0.0,51.0,20.05263157894737,0.2801724137931034,2.3865131578947367,13.100000000000026,4.328947368421059,3.4999999999999973,11.093205216643312,2,
3904,200,0.02016110551961476,52.449999999999946,0.1081787374909893,2.0,0.0,46.0,21.73875,0.046875,3.97125,8.400000000000034,3.793250000000005,3.6999999999999993,3.5034599116561367,0,
3905,200,0.02014095449128855,39.074999999999974,0.10817828210017552,2.0,0.0,41.0,20.047619047619047,0.2626050420168067,1.6847290640394088,5.499999999999992,2.91986863711001,3.099999999999992,0.9381463546160443,1,
3906,200,0.020120823603918526,55.174999999999955,0.1081824134980417,2.0,1.0,45.0,21.8175,0.023809523809523725,3.5825,8.40000000000002,3.8405000000000036,3.8000000000000034,3.599515374242796,0,
3907,200,0.020100712837373778,50.02499999999997,0.10818762961440347,2.0,0.0,46.0,21.25625,0.06045751633986929,5.325,9.200000000000006,3.50375,3.2999999999999954,2.3612396269369227,0,
3908,200,0.020080622171543543,26.29999999999997,0.10819451079569328,2.0,1.0,41.0,18.71677559912854,0.42613636363636365,3.5098039215686274,7.400000000000014,3.0747276688453167,2.6999999999999975,4.480210461363217,2,
3909,200,0.020060551586337145,41.92499999999996,0.10819859425029912,2.0,0.0,46.0,19.10928143712575,0.21511627906976738,3.0838323353293413,9.100000000000016,2.8874251497005976,2.199999999999993,4.893056431425556,1,
3910,200,0.020040501061684014,45.549999999999976,0.1082020517145606,2.0,0.0,41.0,18.646596858638745,0.08453237410071934,3.7329842931937174,5.500000000000017,2.3243455497382173,1.9999999999999984,1.5113732343090245,1,
3911,200,0.020020470577533613,38.399999999999956,0.10820437460322468,4.0,0.0,44.0,19.472543352601157,0.17803030303030298,3.304913294797688,8.500000000000034,3.385549132947978,2.9999999999999982,4.041620421707288,2,
3912,200,0.02000046011385546,42.69999999999996,0.1082123090084258,3.0,0.0,44.0,21.311912225705328,0.22709923664122145,3.584639498432602,8.100000000000016,4.0195924764890325,4.099999999999994,3.730644108853386,1,
3913,200,0.019980469650639078,25.77499999999995,0.10821256434303436,4.0,0.0,47.0,19.8159509202454,0.41129032258064513,1.9284253578732107,9.700000000000035,4.048670756646228,3.9000000000000195,7.33295834727338,2,
3914,200,0.01996049916789402,15.22499999999997,0.10821420688438851,8.0,0.0,46.0,19.304347826086957,0.5967741935483871,0.391304347826087,10.20000000000002,4.737888198757774,4.149999999999999,10.479721458677007,3,
3915,200,0.019940548645649796,10.274999999999975,0.10821387168898111,6.0,0.0,39.0,16.95330739299611,0.6477272727272727,0.05058365758754864,6.500000000000005,2.9256809338521457,3.0000000000000155,3.8131725411821837,3,
3916,200,0.019920618063955876,40.67499999999995,0.10822012974045282,3.0,0.0,45.0,22.16747967479675,0.25763358778625955,4.2439024390243905,8.200000000000031,4.2762601626016306,4.699999999999997,4.71346514234954,1,
3917,200,0.019900707402881673,42.02499999999995,0.10822602356759403,2.0,0.0,44.0,21.726153846153846,0.20620437956204385,5.156923076923077,9.30000000000001,4.362615384615391,4.600000000000031,5.498323096622746,1,
3918,200,0.01988081664251654,39.67499999999997,0.10823253179594805,2.0,0.0,48.0,19.55342902711324,0.2786885245901639,4.162679425837321,9.9,2.8547049441786263,2.6999999999999966,2.4964874035937377,1,
3919,200,0.019860945762969703,55.92499999999997,0.10823774990523946,2.0,0.0,44.0,20.6375,0.02844311377245501,4.7675,8.000000000000007,3.132499999999995,3.1999999999999917,2.5236476931995235,0,
3920,200,0.019841094744370288,41.774999999999956,0.1082449339212663,2.0,0.0,46.0,22.110759493670887,0.23529411764705888,4.9984177215189876,8.500000000000027,4.441772151898743,4.700000000000003,4.99541949261814,1,
3921,200,0.01982126356686726,41.27499999999995,0.1082506558349591,2.0,1.0,43.0,20.658461538461538,0.20454545454545459,3.5415384615384617,7.100000000000014,3.7220000000000035,3.1999999999999984,3.778740328379497,1,
3922,200,0.019801452210629462,54.67499999999994,0.10825812841998593,2.0,0.0,42.0,21.6625,0.012195121951219523,6.15625,6.800000000000018,3.747500000000005,4.099999999999999,1.9398467810106113,0,
3923,200,0.019781660655845523,44.94999999999995,0.10826328639100355,2.0,0.0,49.0,20.56756756756757,0.14115646258503411,5.1121621621621625,10.200000000000024,3.658108108108112,3.6999999999999975,4.4487126528719285,1,
3924,200,0.019761888882723885,27.199999999999967,0.10826207357421416,2.0,0.0,42.0,18.73951434878587,0.4466292134831461,2.119205298013245,6.600000000000005,2.94128035320088,2.699999999999998,2.784512592101673,2,
3925,200,0.019742136871492774,51.24999999999998,0.10826640520837792,2.0,0.0,41.0,19.46125,0.01948051948051943,5.4025,5.399999999999991,2.4267499999999953,2.3999999999999977,1.1754862741973011,0,
3926,200,0.019722404602400184,40.57499999999996,0.10827213774103087,2.0,0.0,42.0,21.98211382113821,0.24212598425196852,4.413008130081301,7.200000000000023,4.165040650406511,4.700000000000007,2.9047855239223566,1,
3927,200,0.01970269205571384,38.974999999999966,0.10827646405087503,2.0,1.0,42.0,20.310344827586206,0.2581967213114754,3.5073891625615765,6.20000000000001,3.0775041050903114,3.099999999999997,2.1174799396031174,1,
3928,200,0.019682999211721196,38.94999999999995,0.10828217137847956,2.0,0.0,42.0,21.175465838509318,0.2142857142857142,6.15527950310559,7.40000000000003,3.988198757763985,4.5,2.960582154870005,1,
3929,200,0.019663326050729395,41.34999999999995,0.10828166473957503,2.0,1.0,42.0,21.708527131782947,0.20801526717557262,4.809302325581395,7.600000000000031,4.315968992248073,4.900000000000007,3.6070559871546233,1,
3930,200,0.019643672553065292,49.24999999999995,0.10828742255573814,2.0,1.0,43.0,20.855,0.03343949044585992,5.7775,6.9000000000000075,3.2629999999999995,3.0999999999999983,2.8680354813054545,0,
3931,200,0.019624038699075377,44.824999999999946,0.10829151249501351,2.0,0.0,41.0,21.063513513513513,0.09827586206896544,5.106756756756757,9.100000000000012,3.9556756756756766,3.6999999999999957,3.9514750026935994,1,
3932,200,0.0196044244691258,48.59999999999993,0.1082969561033941,2.0,0.0,49.0,22.55125,0.08653846153846145,7.02125,11.500000000000021,4.280750000000008,4.000000000000018,7.561491252330106,0,
3933,200,0.019584829843602315,55.97499999999995,0.10830134695215281,3.0,0.0,47.0,22.29,0.031609195402298784,5.51125,9.800000000000031,4.124000000000004,4.099999999999994,5.425032476613286,0,
3934,200,0.019565254802910312,54.87499999999994,0.10830526371582386,3.0,0.0,44.0,22.31,0.019230769230769162,4.90125,7.600000000000016,4.136000000000007,4.2000000000000295,2.5674080115750417,0,
3935,200,0.019545699327474745,55.599999999999966,0.10830827678202123,2.0,0.0,44.0,20.525,0.018292682926829285,4.28375,7.2000000000000055,3.064999999999997,2.9999999999999982,1.5580774344959913,0,
3936,200,0.019526163397740135,42.749999999999986,0.10831422298075791,2.0,0.0,39.0,17.68698060941828,0.11641221374045796,5.2229916897506925,4.199999999999986,2.0211911357340666,1.8999999999999961,0.8975720481964642,1,
3937,200,0.01950664699417054,44.474999999999945,0.10831538149952251,2.0,0.0,49.0,20.98721590909091,0.19178082191780832,4.2116477272727275,10.200000000000022,4.05142045454546,3.500000000000017,7.64566681799384,1,
3938,200,0.01948715009724957,39.54999999999996,0.10831261988338352,2.0,0.0,40.0,20.44878048780488,0.2457983193277311,1.2471544715447154,5.700000000000004,3.245040650406504,3.4999999999999973,1.4051783070349875,1,
3939,200,0.019467672687480328,53.799999999999955,0.10831852788731813,2.0,1.0,43.0,21.705,0.02914110429447847,4.7525,7.400000000000031,3.773000000000006,4.1,2.4403248130075466,0,
3940,200,0.01944821474538539,42.17499999999996,0.1083238384430451,2.0,1.0,43.0,20.57278481012658,0.226923076923077,4.69620253164557,7.500000000000018,3.5189873417721538,3.899999999999995,2.988317848496472,1,
3941,200,0.019428776251506814,40.649999999999956,0.10832252784737739,2.0,1.0,44.0,22.507389162561577,0.26171875,2.2889983579638753,8.20000000000002,4.3957307060755415,4.799999999999998,3.7098111518550763,1,
3942,200,0.019409357186406115,29.774999999999974,0.10832789262153392,2.0,0.0,45.0,17.89161554192229,0.39948453608247425,1.2147239263803682,8.000000000000012,2.8732106339468286,2.599999999999998,4.155966376714623,2,
3943,200,0.01938995753066422,54.49999999999996,0.1083315965444106,2.0,1.0,48.0,22.62875,0.044117647058823595,5.30625,10.300000000000027,4.327250000000005,3.7999999999999963,5.0100652657270075,0,
3944,200,0.01937057726488147,40.799999999999955,0.1083340227870947,2.0,0.0,42.0,20.18831168831169,0.0880281690140845,3.912987012987013,9.000000000000002,3.222207792207792,2.6999999999999966,4.3771375731785955,2,
3945,200,0.01935121636967759,55.799999999999955,0.10833915942523092,2.0,0.0,45.0,21.29375,0.031065088757396442,3.73375,8.200000000000022,3.52625,3.2999999999999954,3.061665721352702,0,
3946,200,0.019331874825691705,42.89999999999995,0.108337138686419,2.0,0.0,44.0,22.591133004926107,0.25384615384615383,2.4220032840722494,7.40000000000004,4.445977011494262,4.9000000000000075,2.953033649698045,1,
3947,200,0.019312552613582255,52.12499999999995,0.10834058245436867,2.0,1.0,49.0,22.5125,0.058383233532934176,6.815,10.500000000000039,4.257500000000006,3.9000000000000132,3.9201498752342214,0,
3948,200,0.019293249714027027,57.09999999999995,0.10834465936497369,2.0,1.0,47.0,22.42,0.027456647398844014,4.60875,9.700000000000017,4.202000000000001,3.799999999999995,4.658903279536399,0,
3949,200,0.01927396610772311,38.424999999999955,0.1083475550158803,2.0,1.0,46.0,21.23027375201288,0.278,4.587761674718196,8.800000000000015,3.790982286634466,3.999999999999995,4.014904937247204,1,
3950,200,0.01925470177538692,55.899999999999956,0.10835267981870916,2.0,0.0,46.0,23.5475,0.030701754385964897,6.02125,8.800000000000015,4.878500000000013,5.500000000000025,4.416494650772931,0,
3951,200,0.01923545669775411,25.62499999999997,0.10835142613609897,4.0,0.0,44.0,19.495348837209303,0.5030120481927711,1.2023255813953488,7.600000000000008,3.084651162790695,2.9999999999999964,2.498940718987126,2,
3952,200,0.019216230855579598,38.69999999999995,0.10836066496613206,2.0,1.0,41.0,21.462157809983896,0.2418032786885247,3.676328502415459,7.50000000000001,3.9301127214170775,4.099999999999995,2.6494543615807697,1,
3953,200,0.019197024229637535,41.99999999999996,0.10836111373161622,2.0,0.0,46.0,21.520186335403725,0.23496240601503748,3.970496894409938,8.400000000000025,4.195031055900627,4.299999999999999,3.5504497088502585,1,
3954,200,0.01917783680072131,40.44999999999996,0.10836034065675001,2.0,0.0,43.0,21.48440065681445,0.266260162601626,3.0049261083743843,6.9000000000000234,3.781937602627263,3.9000000000000026,2.3451644736842283,1,
3955,200,0.019158668549643484,37.02499999999997,0.1083626501776065,2.0,0.0,40.0,20.147104851330205,0.2169421487603307,4.358372456964006,7.100000000000009,3.329733959311428,2.8999999999999964,3.3214401449843534,1,
3956,200,0.019139519457235805,45.949999999999946,0.10836469347048727,2.0,0.0,43.0,19.594182825484765,0.12586206896551722,4.634349030470914,7.099999999999996,3.1655124653739612,2.7999999999999927,3.2439830380043166,1,
3957,200,0.019120389504349168,39.09999999999997,0.10836311217821407,2.0,0.0,39.0,19.06885758998435,0.2128099173553719,1.943661971830986,5.499999999999994,2.682785602503909,2.7999999999999967,1.5599578761755473,1,
3958,200,0.019101278671853638,38.799999999999955,0.10836075238778106,2.0,1.0,43.0,22.336617405582924,0.266260162601626,3.3119868637110015,7.900000000000023,4.293267651888348,4.600000000000026,3.9945959879206456,1,
3959,200,0.01908218694063837,52.69999999999996,0.1083673440671028,2.0,0.0,51.0,22.45875,0.061764705882352944,6.2025,11.800000000000038,4.225250000000005,3.6999999999999886,6.975323336442767,0,
3960,200,0.019063114291611637,41.249999999999964,0.10836562375221075,2.0,0.0,43.0,20.237639553429027,0.246,2.665071770334928,6.6999999999999975,3.2652312599681017,3.099999999999995,2.7203610528886357,1,
3961,200,0.019044060705700774,36.19999999999996,0.10837351433427547,2.0,0.0,44.0,20.695934959349593,0.27521008403361347,3.513821138211382,8.800000000000022,3.393333333333336,2.599999999999989,4.901545750666327,1,
3962,200,0.01902502616385221,34.099999999999966,0.10838043269579059,3.0,0.0,43.0,17.302768166089965,0.28125,2.4463667820069204,6.800000000000041,2.714705882352944,1.7999999999999983,3.694829398682396,2,
3963,200,0.019006010647031397,40.374999999999964,0.10838812948997656,2.0,0.0,44.0,20.563607085346217,0.25806451612903225,4.510466988727858,7.400000000000021,3.3909822866344594,3.499999999999997,2.1300047194274545,1,
3964,200,0.018987014136222814,53.299999999999955,0.10839295225175863,2.0,0.0,44.0,21.51125,0.02914110429447847,3.83875,8.40000000000002,3.656750000000006,3.599999999999997,3.314384616225989,0,
3965,200,0.01896803661242994,25.399999999999967,0.1083987673809144,2.0,0.0,46.0,21.56367924528302,0.5147058823529411,1.5518867924528301,8.900000000000029,4.218632075471705,4.550000000000011,4.052670671672953,2,
3966,200,0.01894907805667527,42.12499999999996,0.10840530857792022,3.0,0.0,43.0,20.742088607594937,0.23076923076923084,4.5015822784810124,7.300000000000006,3.6205696202531645,3.199999999999998,3.6855987762347295,1,
3967,200,0.018930138450000234,40.52499999999997,0.10840465926331491,2.0,0.0,44.0,19.36876006441224,0.26639344262295084,1.9355877616747181,7.900000000000004,2.674074074074072,2.4999999999999956,2.8106555855201774,1,
3968,200,0.018911217773465227,53.99999999999996,0.10841010216262148,2.0,0.0,43.0,22.6175,0.01969696969696977,5.32125,8.500000000000023,4.320500000000009,4.500000000000007,3.2901848909139204,0,
3969,200,0.01889231600814957,37.94999999999997,0.10841652748112919,2.0,1.0,42.0,20.32850241545894,0.2584033613445378,3.3107890499194848,6.300000000000034,3.2499194847020987,3.5999999999999974,2.1029241261280136,1,
3970,200,0.018873433135151486,43.499999999999964,0.10841463251333805,2.0,1.0,43.0,18.827844311377245,0.1870370370370371,3.5164670658682633,6.7,2.7185628742514916,2.499999999999998,1.4977725487032236,1,
3971,200,0.01885456913558812,42.32499999999995,0.10842056615010659,2.0,0.0,46.0,22.500805152979066,0.24632352941176472,4.28341384863124,8.400000000000027,4.553301127214181,5.4000000000000075,5.012550409708578,1,
3972,200,0.018835723990595455,46.52499999999997,0.10842288017133697,2.0,0.0,42.0,18.352094240837697,0.09751773049645385,2.950261780104712,7.0000000000000036,2.1476439790575887,1.799999999999994,2.166503396465623,1,
3973,200,0.018816897681328357,40.27499999999996,0.10842236741270467,3.0,1.0,50.0,19.803827751196174,0.28629032258064513,2.606060606060606,10.800000000000013,3.004944178628386,2.4999999999999964,3.533652805193228,1,
3974,200,0.018798090188960496,13.724999999999978,0.10842233721002453,4.0,0.0,48.0,20.513618677042803,0.6745283018867925,0.0,11.400000000000027,5.047859922178997,4.9,15.603821160368293,3,
3975,200,0.0187793014946844,55.049999999999955,0.10842704892087679,2.0,0.0,44.0,21.5025,0.02108433734939763,4.73125,7.700000000000013,3.651500000000002,3.7000000000000166,2.2388512482050893,0,
3976,200,0.018760531579711363,50.624999999999964,0.10843083502544751,2.0,0.0,42.0,19.4375,0.04251700680272119,4.005,6.1999999999999975,2.4124999999999948,2.2999999999999954,1.0252953520239856,0,
3977,200,0.01874178042527147,54.69999999999996,0.10843480642794069,2.0,0.0,43.0,20.61125,0.02300613496932513,3.6625,6.600000000000001,3.116749999999998,2.8499999999999943,2.5886234822241976,0,
3978,200,0.018723048012613555,41.64999999999996,0.10843431409469412,2.0,1.0,42.0,20.59083728278041,0.2265625,3.060031595576619,6.500000000000004,3.539968404423383,3.6999999999999944,2.8910005790041247,1,
3979,200,0.018704334323005223,25.899999999999977,0.10843704134969476,2.0,1.0,42.0,18.934240362811792,0.47023809523809523,2.3492063492063493,6.200000000000013,2.9383219954648534,3.1999999999999966,3.14405779514604,2,
3980,200,0.018685639337732773,28.974999999999977,0.10843750149623187,2.0,1.0,42.0,16.990458015267176,0.33947368421052626,1.6202290076335877,6.8000000000000105,2.5496183206106844,2.199999999999996,2.7617847218428526,2,
3981,200,0.018666963038101215,58.62499999999995,0.10843972424885522,2.0,0.0,47.0,23.28125,0.018156424581005526,4.63125,9.300000000000042,4.71875000000001,5.200000000000005,3.576954026490704,0,
3982,200,0.018648305405434242,28.749999999999964,0.10843766131762303,2.0,0.0,46.0,20.140969162995596,0.44892473118279574,0.29295154185022027,8.700000000000024,3.863876651982381,3.849999999999995,5.310967566649711,2,
3983,200,0.01862966642107424,33.44999999999996,0.10844102796537496,3.0,0.0,49.0,19.55750487329435,0.39814814814814814,2.957115009746589,10.50000000000002,3.729434697855754,2.799999999999999,6.968614269212092,2,
3984,200,0.01861104606638221,50.049999999999955,0.10844660161571174,2.0,0.0,40.0,20.6125,0.0281456953642385,3.3,8.000000000000018,3.1174999999999984,2.7999999999999967,3.243048817263792,0,
3985,200,0.018592444322737798,37.62499999999996,0.10845125724151365,2.0,0.0,47.0,21.17241379310345,0.29065040650406504,2.8505747126436782,9.600000000000026,3.594745484400657,3.3999999999999937,5.026127157031949,1,
3986,200,0.01857386117153925,38.72499999999995,0.10845679233835882,3.0,0.0,51.0,22.022988505747126,0.30600000000000005,2.9277504105090313,12.300000000000027,4.105090311986867,3.799999999999996,5.754291738567763,1,
3987,200,0.01855529659420343,50.724999999999966,0.10846369958383688,2.0,0.0,40.0,19.515,0.024834437086092676,3.93,6.300000000000008,2.458999999999997,2.199999999999992,1.8207218448778861,0,
3988,200,0.018536750572165746,43.77499999999997,0.10846485844720283,3.0,0.0,41.0,19.789772727272727,0.1348920863309353,2.140625,7.100000000000008,3.332954545454546,3.0999999999999943,3.1731249457744606,1,
3989,200,0.018518223086880184,34.37499999999994,0.10847034776420911,3.0,0.0,50.0,21.61247947454844,0.3232758620689655,4.257799671592775,12.200000000000028,3.8587848932676527,2.399999999999991,12.95329518981889,1,
3990,200,0.018499714119819242,40.69999999999996,0.10847687651908997,2.0,0.0,45.0,20.21273291925466,0.23091603053435117,6.206521739130435,7.900000000000009,3.410559006211182,3.399999999999996,3.436698036095353,1,
3991,200,0.01848122365247397,56.974999999999945,0.10848242270242028,2.0,0.0,46.0,22.60125,0.014044943820224809,5.42625,9.400000000000025,4.310750000000003,3.6999999999999984,5.584593163426859,0,
3992,200,0.018462751666353888,45.24999999999996,0.10848632749511086,2.0,0.0,41.0,20.186700767263428,0.07746478873239426,4.485933503836317,6.800000000000009,3.0714833759590827,3.1999999999999975,2.2970805840500033,1,
3993,200,0.018444298142987012,52.64999999999997,0.10849248911952722,2.0,0.0,42.0,20.6425,0.02070063694267521,4.41875,6.500000000000015,3.1355000000000004,3.499999999999995,1.9789428420981958,0,
3994,200,0.01842586306391981,43.92499999999995,0.10849069881668619,2.0,0.0,47.0,23.10967741935484,0.24637681159420288,3.185483870967742,9.20000000000003,4.906129032258073,5.1,5.144653237911692,1,
3995,200,0.018407446410717215,22.399999999999977,0.10849141543184111,3.0,0.0,49.0,16.990267639902676,0.49375,0.36496350364963503,10.400000000000034,3.195863746958641,2.299999999999996,7.064282618991289,3,
3996,200,0.018389048164962566,50.57499999999998,0.10849687985826079,1.0,0.0,38.0,19.7775,0.011744966442952975,3.84625,5.900000000000007,2.6164999999999976,2.4999999999999902,1.5073301052032948,0,
3997,200,0.01837066830825761,25.024999999999963,0.1084968318063301,2.0,0.0,46.0,20.452153110047846,0.5304878048780488,0.4784688995215311,9.200000000000017,3.433014354066988,3.399999999999995,4.200273804822507,2,
3998,200,0.01835230682222249,41.74999999999997,0.10850197123673419,2.0,0.0,43.0,20.082298136645964,0.21538461538461529,4.777950310559007,7.100000000000011,3.3322981366459627,3.149999999999995,3.2188714239213114,1,
3999,200,0.018333963688495727,50.499999999999936,0.10850740071605253,4.0,0.0,46.0,22.515,0.04938271604938271,5.585,9.100000000000033,4.259000000000012,4.300000000000021,3.819924968632795,0,
4000,200,0.01831563888873418,52.824999999999974,0.10851324380685506,2.0,0.0,43.0,20.56,0.034375000000000044,5.4075,6.900000000000003,3.0859999999999976,2.8999999999999932,2.5635080054812667,0,
4001,200,0.01829733240461304,17.649999999999988,0.10851370329930368,12.0,0.0,51.0,17.929032258064517,0.6115384615384616,0.08064516129032258,11.60000000000004,4.065806451612913,4.050000000000005,9.138280731329226,3,
4002,200,0.018279044217825845,57.77499999999995,0.10851981656604476,3.0,0.0,52.0,23.07625,0.05617977528089879,4.54125,12.000000000000025,4.595750000000005,4.650000000000002,4.617039151623709,0,
4003,200,0.01826077431008438,26.374999999999986,0.10851671482106766,2.0,1.0,40.0,18.3710407239819,0.4668674698795181,0.8891402714932126,4.999999999999995,2.5909502262443422,2.5999999999999917,1.7554926982079537,2,
4004,200,0.01824252266311874,41.24999999999995,0.1085232600483599,2.0,0.0,44.0,20.354984894259818,0.20522388059701502,5.123867069486405,7.800000000000044,3.60921450151058,3.6999999999999984,4.897977628849789,1,
4005,200,0.018224289258677303,39.74999999999995,0.1085224030240737,2.0,1.0,43.0,21.127962085308056,0.234375,4.360189573459715,7.600000000000015,3.8622432859399716,3.699999999999995,4.743562572375544,1,
4006,200,0.01820607407852663,41.02499999999996,0.10852056364871907,2.0,0.0,42.0,21.410509031198686,0.25806451612903225,1.4614121510673235,6.600000000000035,3.7376026272578016,3.5999999999999925,2.4554892148403966,1,
4007,200,0.018187877104451564,45.07499999999993,0.10852872902081445,2.0,0.0,47.0,21.649874055415616,0.08653846153846145,8.007556675062972,11.500000000000021,3.813224181360199,2.9999999999999947,8.19627389025043,1,
4008,200,0.0181696983182551,42.349999999999945,0.10852707783746843,2.0,0.0,46.0,23.442276422764227,0.25757575757575757,4.006504065040651,8.800000000000027,5.041138211382124,5.600000000000001,5.397720292736628,1,
4009,200,0.018151537701758473,39.299999999999955,0.10853181210143507,2.0,0.0,41.0,22.53366174055829,0.25,5.750410509031199,6.900000000000014,4.411494252873575,5.000000000000015,2.854916630716158,1,
4010,200,0.018133395236801075,50.87499999999994,0.10853733537786556,2.0,1.0,43.0,22.1625,0.034375000000000044,6.5125,8.000000000000036,4.0475000000000065,3.9999999999999947,3.3112989239046042,0,
4011,200,0.01811527090524041,52.374999999999964,0.10854286186317476,2.0,1.0,43.0,20.7675,0.03301886792452824,5.13625,7.200000000000009,3.2105,3.0499999999999954,2.101043032879751,0,
4012,200,0.018097164688952158,30.49999999999998,0.10854283577408882,4.0,0.0,42.0,17.07846715328467,0.3163265306122449,1.5018248175182483,6.300000000000028,2.593430656934307,2.2999999999999936,3.2367194466921907,2,
4013,200,0.01807907656983012,51.62499999999994,0.10854880505717741,2.0,0.0,49.0,22.1975,0.06288343558282206,6.6125,10.400000000000034,4.068500000000005,3.59999999999999,5.316466056978251,0,
4014,200,0.018061006529786143,55.52499999999995,0.10855316917335459,2.0,1.0,43.0,23.31625,0.004437869822485174,5.34625,8.100000000000037,4.739750000000007,5.100000000000008,4.208876513869592,0,
4015,200,0.018042954550750216,41.07499999999997,0.10855752653356936,2.0,0.0,47.0,19.459154929577466,0.16791044776119413,3.2943661971830984,9.40000000000003,3.1226760563380274,2.4999999999999982,5.217228540425622,1,
4016,200,0.01802492061467033,53.59999999999994,0.10856387152999238,2.0,0.0,47.0,22.43625,0.044117647058823595,7.21,9.200000000000028,4.211750000000009,4.299999999999999,4.436618869717023,0,
4017,200,0.018006904703512558,41.82499999999995,0.1085630353414482,2.0,0.0,43.0,22.328455284552845,0.24230769230769234,3.7528455284552846,7.700000000000032,4.372845528455295,4.999999999999999,3.3926211980202488,1,
4018,200,0.017988906799261007,41.174999999999955,0.10857287913327643,2.0,0.0,44.0,22.54351395730706,0.25775193798449614,1.632183908045977,7.900000000000028,4.417405582922832,4.900000000000016,3.811201574633335,1,
4019,200,0.017970926883917736,44.87499999999996,0.10857415005728781,2.0,0.0,43.0,19.22112676056338,0.1436170212765957,3.9971830985915493,6.700000000000015,2.979859154929575,2.699999999999994,3.029107397554857,1,
4020,200,0.01795296493950285,42.999999999999986,0.10857961073474195,2.0,1.0,36.0,18.15077319587629,0.04770992366412208,3.518041237113402,4.899999999999997,1.912628865979378,1.7499999999999942,1.1866981525304097,1,
4021,200,0.017935020948054412,54.849999999999945,0.1085857165700729,2.0,1.0,44.0,22.4075,0.024096385542168752,3.87,8.100000000000021,4.194500000000008,4.700000000000014,3.999025998478156,0,
4022,200,0.017917094891628405,52.099999999999966,0.1085931568502725,2.0,0.0,43.0,20.7475,0.034810126582278444,4.18125,6.799999999999999,3.1984999999999983,3.0999999999999934,1.8818506903917103,0,
4023,200,0.017899186752298794,42.024999999999956,0.10859250187561911,3.0,0.0,44.0,21.29264475743349,0.226923076923077,2.295774647887324,7.900000000000011,4.0170579029734,3.999999999999997,5.123274000783723,1,
4024,200,0.017881296512157415,40.09999999999995,0.10859975672019356,2.0,0.0,45.0,23.01951219512195,0.2537878787878788,5.491056910569106,8.900000000000038,4.787479674796754,5.100000000000002,5.5302481069419605,1,
4025,200,0.017863424153314034,51.074999999999974,0.10860440641610397,2.0,0.0,38.0,20.08375,0.011744966442952975,2.93625,5.800000000000002,2.8002499999999984,2.8999999999999977,1.7426026603166562,0,
4026,200,0.017845569657896316,56.27499999999994,0.10860975410754269,2.0,0.0,43.0,22.4475,0.004385964912280604,5.86125,7.6000000000000325,4.218500000000008,4.4500000000000135,3.1621626908792315,0,
4027,200,0.017827733008049722,31.79999999999996,0.1086089802525844,2.0,0.0,44.0,20.00190476190476,0.3653846153846154,1.6228571428571428,8.00000000000002,4.060190476190481,3.8999999999999964,5.306301120366914,2,
4028,200,0.017809914185937626,40.224999999999966,0.10861574432635993,2.0,0.0,47.0,20.876847290640395,0.2943548387096774,4.295566502463054,9.200000000000008,3.417405582922824,3.2999999999999967,3.5616770923209757,1,
4029,200,0.017792113173741214,43.14999999999994,0.10862310762017278,3.0,0.0,48.0,23.613526570048307,0.26079136690647486,4.431561996779388,10.50000000000003,5.220933977455726,5.200000000000021,7.800000674203968,1,
4030,200,0.01777432995365944,37.47499999999996,0.10862336319357432,2.0,0.0,46.0,21.40487804878049,0.29201680672268904,2.734959349593496,9.100000000000021,3.8186991869918736,3.6999999999999966,4.1241327890350865,1,
4031,200,0.017756564507909123,29.17499999999996,0.10862279641575494,5.0,0.0,45.0,20.167410714285715,0.45967741935483875,1.5267857142857142,8.900000000000022,3.7756696428571477,3.8999999999999964,5.238429669710994,2,
4032,200,0.017738816818724773,54.07499999999996,0.10862945614561026,2.0,1.0,45.0,22.89875,0.03402366863905315,5.69,8.200000000000042,4.489250000000011,4.6999999999999975,3.285539571155612,0,
4033,200,0.017721086868358722,46.42499999999997,0.10863168112464774,2.0,1.0,43.0,18.941761363636363,0.1471631205673758,1.5866477272727273,7.0,2.824147727272726,2.799999999999997,2.5623766028066144,1,
4034,39,0.017703374639081032,-0.4499999999999993,0.1086330285802363,2.0,0.0,5.0,2.6218487394957983,0,0.058823529411764705,1.7000000000000002,0.5831932773109245,0.5999999999999995,0.13670197740112985,4,
4035,200,0.017685680113179437,30.199999999999964,0.1086333978083372,3.0,0.0,47.0,20.852525252525254,0.40533980582524276,1.8525252525252525,9.200000000000038,4.511717171717182,5.500000000000008,5.795603532715211,2,
4036,200,0.01766800327295943,53.949999999999974,0.10863995538239322,2.0,0.0,40.0,18.92875,0.01602564102564097,2.92125,4.999999999999996,2.1072499999999956,1.9999999999999967,1.5479998562497688,0,
4037,200,0.01765034410074419,25.799999999999976,0.10864032260382918,2.0,1.0,44.0,20.358620689655172,0.4798850574712644,0.5724137931034483,7.4000000000000306,3.6981609195402374,4.299999999999997,3.4187273284573045,2,
4038,200,0.0176327025788745,42.72499999999996,0.10863984089588452,2.0,0.0,46.0,21.093846153846155,0.22037037037037033,2.4,9.100000000000007,3.983230769230776,4.300000000000004,4.7625762191153385,1,
4039,200,0.017615078689708876,54.49999999999997,0.10864511639035744,2.0,0.0,43.0,20.13125,0.02300613496932513,4.47125,6.7,2.828749999999995,2.699999999999994,1.6990260922282687,0,
4040,200,0.017597472415623393,54.674999999999955,0.10865204052972266,2.0,0.0,44.0,21.1325,0.02844311377245501,3.1075,7.699999999999999,3.4295000000000013,2.9999999999999973,3.6002353753677996,0,
4041,200,0.017579883739011794,54.574999999999946,0.10865737413489307,2.0,0.0,44.0,22.18125,0.019461077844311392,4.87,8.80000000000002,4.058750000000004,3.9000000000000017,3.599154061178249,0,
4042,200,0.017562312642285412,55.57499999999995,0.10866289455998618,2.0,0.0,45.0,22.84875,0.012711864406779627,7.46125,9.300000000000034,4.459250000000006,4.65000000000001,4.6531967081198955,0,
4043,200,0.01754475910787312,41.69999999999997,0.10866396709505659,2.0,0.0,44.0,21.60591133004926,0.2618110236220472,1.9458128078817734,7.40000000000002,3.8548440065681473,3.9999999999999933,3.9450487489215047,1,
4044,200,0.0175272231182214,43.12499999999995,0.10867021969327847,2.0,0.0,44.0,21.206303724928368,0.15277777777777768,7.396848137535817,7.900000000000015,4.189828080229234,4.500000000000002,4.889376481671954,1,
4045,200,0.017509704655794274,28.099999999999966,0.10866990629192783,4.0,0.0,50.0,20.04474272930649,0.48655913978494625,1.6017897091722595,10.800000000000031,3.688814317673381,3.2999999999999954,7.046084641255643,2,
4046,200,0.017492203703073247,42.849999999999966,0.10866815617365289,2.0,0.0,43.0,21.624798711755233,0.23449612403100772,2.9838969404186795,7.300000000000025,4.027697262479877,4.799999999999999,4.879084482937485,1,
4047,200,0.017474720242557397,46.549999999999955,0.10867573241697757,2.0,0.0,44.0,21.21818181818182,0.08653846153846145,5.146753246753247,8.700000000000017,3.8120779220779246,3.499999999999996,4.623874909554609,1,
4048,200,0.01745725425676323,29.974999999999973,0.10867765669346127,3.0,0.0,47.0,19.319018404907975,0.40816326530612246,1.261758691206544,9.200000000000035,3.729652351738245,3.499999999999994,5.2602674807628365,2,
4049,200,0.017439805728224775,54.324999999999946,0.10868481073500723,2.0,0.0,48.0,22.41,0.039017341040462394,4.96125,9.900000000000015,4.196000000000005,4.199999999999996,4.724141381470937,0,
4050,200,0.017422374639493515,38.17499999999997,0.1086842408651586,2.0,0.0,39.0,20.60487804878049,0.23728813559322037,3.299186991869919,6.700000000000009,3.33869918699187,3.4999999999999956,1.985434451541948,1,
4051,200,0.01740496097313833,33.324999999999974,0.10868827314245123,2.0,0.0,45.0,19.663023679417122,0.34734513274336287,2.95264116575592,8.800000000000015,3.4695810564663048,2.3999999999999995,6.641774319840772,2,
4052,200,0.017387564711745573,36.59999999999997,0.10869448846022872,2.0,0.0,40.0,20.5311004784689,0.23728813559322037,3.311004784688995,7.3000000000000105,3.4413078149920318,3.9000000000000186,3.327440884393904,1,
4053,200,0.017370185837918987,51.64999999999994,0.108702252812272,2.0,0.0,51.0,21.40875,0.08435582822085896,5.5575,11.700000000000033,3.59525,2.799999999999997,6.844688132325241,0,
4054,200,0.017352824334279676,38.824999999999946,0.10870337494052365,3.0,1.0,50.0,20.894736842105264,0.28200000000000003,2.2822966507177034,11.000000000000028,3.6594896331738442,2.899999999999997,7.484023880262948,1,
4055,200,0.01733548018346616,42.32499999999996,0.10870358790401707,2.0,0.0,45.0,22.24921630094044,0.2240740740740741,4.321316614420063,8.400000000000036,4.5819749216301044,4.700000000000028,4.173838955589492,1,
4056,200,0.017318153368134255,51.624999999999964,0.10871266520135846,2.0,0.0,44.0,20.8325,0.048136645962732816,7.43375,8.700000000000028,3.2495,2.799999999999991,3.808255700399567,0,
4057,200,0.01730084387095716,33.44999999999997,0.10871273519980298,4.0,0.0,58.0,19.788679245283017,0.3915929203539823,2.628301886792453,15.70000000000003,4.236415094339627,3.1999999999999984,16.774299694908194,2,
4058,200,0.017283551674625395,27.599999999999977,0.10872185241866687,2.0,0.0,40.0,17.664646464646463,0.3897849462365591,1.8626262626262626,5.9,2.5989898989898967,2.6,2.3644328718819363,2,
4059,200,0.01726627676184673,44.14999999999996,0.10872587008590519,2.0,1.0,44.0,20.574344023323615,0.16549295774647876,4.236151603498542,7.400000000000031,3.8091836734693922,4.200000000000003,2.8978664244201755,1,
4060,200,0.017249019115346265,26.12499999999997,0.10872594692229434,2.0,1.0,43.0,20.332589285714285,0.452247191011236,2.142857142857143,7.500000000000032,3.8908482142857226,4.299999999999999,4.29888855672316,2,
4061,200,0.017231778717866367,50.299999999999955,0.10873436754637002,2.0,0.0,43.0,22.035,0.03527607361963181,7.2425,8.200000000000012,3.971000000000005,3.649999999999995,4.052815332523993,0,
4062,200,0.017214555552166607,21.324999999999974,0.10874200680120885,3.0,0.0,42.0,16.93877551020408,0.4807692307692307,0.39909297052154197,6.000000000000026,2.1424036281179157,1.2000000000000002,2.801504319210215,3,
4063,200,0.017197349601023853,51.24999999999994,0.10874912938749026,2.0,0.0,44.0,21.56125,0.02300613496932513,6.61375,8.20000000000002,3.686750000000008,4.000000000000012,4.305931165517482,0,
4064,200,0.017180160847232114,43.574999999999974,0.10875534615546252,2.0,0.0,45.0,19.389196675900276,0.14642857142857135,4.591412742382271,8.500000000000016,3.04252077562327,2.099999999999996,5.2068584818611425,1,
4065,200,0.017162989273602654,40.52499999999996,0.10875627829742007,2.0,0.0,41.0,20.235905044510385,0.17692307692307696,3.3100890207715135,6.400000000000026,3.5832344213649905,4.000000000000012,2.8875739364922337,1,
4066,200,0.017145834862963918,37.64999999999996,0.10876239265237196,2.0,0.0,46.0,20.642036124794746,0.3046218487394958,3.922824302134647,9.800000000000022,3.2765188834154353,2.4999999999999964,5.947921160483217,1,
4067,200,0.017128697598161453,31.474999999999966,0.10876278744010145,2.0,0.0,45.0,19.33400809716599,0.37621359223300976,4.336032388663968,8.600000000000032,3.8042510121457553,4.099999999999996,5.133504989038495,2,
4068,200,0.017111577462058016,51.62499999999996,0.10877167224858217,2.0,0.0,44.0,21.4775,0.030120481927710774,7.39875,7.900000000000018,3.6365000000000056,3.6000000000000103,3.190122734566797,0,
4069,200,0.01709447443753348,30.449999999999967,0.10876993564560836,3.0,0.0,44.0,19.815899581589957,0.4097938144329897,0.09205020920502092,7.700000000000024,3.9234309623431027,4.099999999999998,4.941146255957809,2,
4070,200,0.017077388507484793,48.299999999999955,0.10877665727767258,2.0,0.0,41.0,21.13375,0.03205128205128216,7.29625,8.300000000000013,3.4302499999999987,2.7999999999999963,4.030091234517593,0,
4071,200,0.017060319654826052,42.74999999999994,0.10878361144376587,2.0,0.0,43.0,20.144594594594594,0.11111111111111116,5.755405405405406,9.400000000000011,3.404324324324324,2.6999999999999957,5.125044713376071,1,
4072,200,0.017043267862488373,42.224999999999966,0.10878198269131722,2.0,0.0,43.0,20.159420289855074,0.2421875,1.9951690821256038,6.700000000000005,3.1484702093397745,3.099999999999991,2.7261440203298513,1,
4073,200,0.017026233113419977,41.67499999999995,0.10878941545345444,3.0,0.0,49.0,21.066770186335404,0.25,3.698757763975155,11.300000000000031,3.922981366459631,3.3500000000000054,9.104990704907998,1,
4074,200,0.017009215390586124,53.44999999999994,0.10879550962290288,2.0,0.0,48.0,22.61375,0.04705882352941182,6.195,9.600000000000032,4.31825000000001,4.400000000000002,4.736274337928695,0,
4075,200,0.016992214676969066,40.79999999999997,0.10879473300828872,2.0,0.0,42.0,20.952845528455285,0.246,3.648780487804878,6.7,3.547479674796748,3.299999999999997,2.6862731079995004,1,
4076,200,0.016975230955568105,56.49999999999994,0.10880140983915683,2.0,0.0,47.0,23.40125,0.022471910112359605,6.3225,9.000000000000034,4.7907500000000125,5.000000000000009,4.647271698862073,0,
4077,200,0.016958264209399526,52.274999999999956,0.10880776357452132,2.0,0.0,43.0,21.64375,0.02914110429447847,6.87125,6.900000000000033,3.736250000000005,3.8000000000000047,2.4776398088122176,0,
4078,200,0.016941314421496552,53.07499999999996,0.10881544528878107,2.0,1.0,43.0,22.815,0.01969696969696977,7.13625,9.40000000000002,4.43900000000001,4.600000000000003,4.199635561930603,0,
4079,200,0.01692438157490943,33.39999999999997,0.10881424746754333,3.0,1.0,43.0,17.723776223776223,0.3113207547169812,1.7342657342657342,6.700000000000025,2.5884615384615364,1.899999999999994,2.8808197247412206,2,
4080,200,0.01690746565270528,53.29999999999996,0.10881961075072294,2.0,0.0,45.0,22.01875,0.03915662650602414,6.20625,8.800000000000018,3.961250000000003,3.699999999999994,4.025604727507419,0,
4081,200,0.016890566637968184,42.19999999999995,0.10882773230177743,2.0,1.0,44.0,21.88607594936709,0.2276119402985075,5.313291139240507,7.800000000000025,4.306962025316463,4.60000000000001,4.163886005563056,1,
4082,200,0.016873684513799156,42.32499999999997,0.10883134503042563,2.0,0.0,42.0,19.677285318559555,0.12777777777777777,4.379501385041551,7.000000000000011,3.215373961218841,3.100000000000001,2.854353604472059,1,
4083,200,0.01685681926331603,57.67499999999993,0.10883661280758043,3.0,0.0,51.0,25.15625,0.039893617021276695,9.46125,13.200000000000035,5.843750000000013,5.500000000000012,8.97789996546876,0,
4084,200,0.01683997086965357,41.59999999999995,0.10883451124088524,2.0,1.0,47.0,22.867954911433173,0.25757575757575757,2.4315619967793882,9.400000000000029,4.773590982286643,5.200000000000002,4.883147754382362,1,
4085,200,0.016823139315963402,52.79999999999997,0.10884159546385423,2.0,0.0,42.0,20.05375,0.028846153846153744,4.12,6.400000000000016,2.7822499999999994,2.7999999999999963,1.9437379745905945,0,
4086,200,0.016806324585413937,41.449999999999974,0.10884305761832452,2.0,1.0,41.0,20.7106824925816,0.17366412213740468,4.27299703264095,7.400000000000038,3.868100890207725,4.500000000000049,3.795919586153797,1,
4087,200,0.01678952666119047,27.624999999999964,0.10884579915669199,3.0,1.0,43.0,20.461215932914047,0.41315789473684206,2.3459119496855347,8.600000000000016,4.266247379454935,4.099999999999999,6.460251837136572,2,
4088,200,0.016772745526495048,38.82499999999997,0.10885416669543727,2.0,0.0,43.0,20.95169082125604,0.25396825396825395,6.5587761674718195,7.900000000000013,3.6238325281803596,3.6999999999999975,2.4944787366455916,1,
4089,200,0.016755981164546553,57.34999999999995,0.10886188619254769,2.0,0.0,47.0,23.28625,0.026836158192090398,7.2425,10.700000000000015,4.721750000000002,4.199999999999996,6.774237522246167,0,
4090,200,0.016739233558580632,57.19999999999996,0.1088704561780583,2.0,0.0,49.0,22.2325,0.043785310734463234,6.1325,10.400000000000007,4.0895000000000055,4.000000000000004,5.4677982934348615,0,
4091,200,0.01672250269184965,52.92499999999995,0.10887767678384946,2.0,0.0,44.0,22.305,0.022727272727272707,5.005,7.600000000000028,4.133000000000011,4.5000000000000195,3.869167045573548,0,
4092,200,0.016705788547622755,17.17499999999999,0.10888234899490166,5.0,0.0,45.0,15.36697247706422,0.5645161290322581,3.385321100917431,9.100000000000014,2.7085626911314997,1.1,7.652842286398349,3,
4093,200,0.016689091109185813,53.49999999999996,0.10888936695588573,2.0,0.0,45.0,22.1975,0.02844311377245501,5.35875,8.100000000000016,4.068500000000004,3.8999999999999995,3.8575637774434255,0,
4094,200,0.016672410359841357,55.19999999999996,0.10889638301491608,2.0,0.0,43.0,20.96625,0.015060240963855387,5.145,7.100000000000009,3.32975,3.149999999999995,2.7324692069831453,0,
4095,200,0.016655746282908664,56.77499999999994,0.10890253644415837,2.0,0.0,47.0,23.28625,0.020949720670391025,7.4175,9.500000000000021,4.721750000000005,4.999999999999998,6.25943671786991,0,
4096,200,0.016639098861723624,54.899999999999956,0.10890743491652215,2.0,0.0,44.0,22.21125,0.02844311377245501,5.08125,7.600000000000023,4.076750000000006,4.100000000000001,3.114014303147372,0,
4097,200,0.01662246807963884,46.124999999999964,0.10891437575197793,2.0,0.0,43.0,19.253521126760564,0.14084507042253525,3.583098591549296,6.700000000000036,2.999295774647888,2.999999999999992,2.8697939293670665,1,
4098,200,0.01660585392002353,56.22499999999995,0.10892255620525915,2.0,0.0,47.0,22.05375,0.024285714285714244,5.99375,9.000000000000025,3.9822500000000014,3.8999999999999986,4.79629243170695,0,
4099,200,0.01658925636626351,41.12499999999996,0.1089288757911184,2.0,1.0,41.0,21.096036585365855,0.1953125,7.621951219512195,6.800000000000027,4.022256097560988,4.500000000000039,3.0427434440610512,1,
4100,200,0.016572675401761255,40.799999999999955,0.10892865765235885,2.0,1.0,44.0,21.460162601626017,0.25390625,1.7707317073170732,7.500000000000029,3.851869918699194,4.200000000000011,2.73720292736582,1,
4101,200,0.016556111009935766,50.524999999999935,0.10893631252377858,3.0,0.0,51.0,22.58375,0.07098765432098775,6.76625,12.400000000000032,4.300250000000008,4.0000000000000036,6.3128098012653515,0,
4102,200,0.016539563174222668,55.52499999999995,0.10894383735647972,3.0,0.0,48.0,22.17625,0.03654970760233911,4.31625,9.800000000000027,4.055750000000003,3.999999999999996,3.3366971510893304,0,
4103,200,0.016523031878074135,56.29999999999994,0.10895090416193436,2.0,1.0,46.0,23.51875,0.01857142857142846,7.32375,9.200000000000022,4.861250000000012,4.900000000000007,4.285705133914314,0,
4104,200,0.016506517104958845,27.69999999999997,0.1089575514115928,2.0,0.0,45.0,19.844186046511627,0.4833333333333333,1.9465116279069767,7.800000000000007,3.3023255813953494,2.7499999999999933,3.616665314577161,2,
4105,200,0.016490018838362035,54.724999999999966,0.10896704154395118,3.0,0.0,45.0,22.01125,0.032738095238095344,6.8475,8.500000000000023,3.956750000000005,3.9999999999999982,3.4678348559919883,0,
4106,200,0.01647353706178545,43.049999999999955,0.10896874932389859,3.0,0.0,43.0,20.401913875598087,0.23461538461538467,1.4194577352472089,6.800000000000025,3.363795853269539,2.9999999999999973,3.9519529008363916,1,
4107,200,0.016457071758747287,57.224999999999945,0.10897512827859294,2.0,1.0,46.0,23.17125,0.022727272727272707,4.90125,9.50000000000002,4.6527500000000135,4.899999999999999,4.066023790662209,0,
4108,200,0.01644062291278227,54.54999999999993,0.10898210511738154,3.0,0.0,47.0,23.5725,0.028735632183908066,5.1525,10.30000000000003,4.893500000000011,4.699999999999999,4.188014293772371,0,
4109,200,0.016424190507441518,40.74999999999994,0.10898633466024857,3.0,1.0,46.0,23.748768472906406,0.2652671755725191,5.001642036124795,8.600000000000039,5.140558292282443,5.700000000000016,3.685343615185543,1,
4110,200,0.016407774526292645,55.14999999999995,0.10899504672963306,2.0,0.0,45.0,21.4,0.037878787878787845,6.60125,8.000000000000021,3.5899999999999994,3.4999999999999956,2.693354208365964,0,
4111,200,0.016391374952919677,40.29999999999996,0.10900147649508282,3.0,0.0,44.0,20.068292682926828,0.27892561983471076,2.7154471544715446,7.90000000000002,3.016747967479671,2.499999999999997,3.3740211091839942,1,
4112,200,0.01637499177092302,52.849999999999966,0.10900664351385793,2.0,0.0,42.0,20.7875,0.020186335403726607,4.73875,6.800000000000014,3.2224999999999997,3.19999999999999,1.9881468564794715,0,
4113,200,0.01635862496391949,41.29999999999996,0.10900772499866346,2.0,0.0,40.0,20.192307692307693,0.19488188976377963,2.8030769230769232,6.100000000000018,3.442307692307694,3.750000000000002,1.7163833523866414,1,
4114,200,0.016342274515542307,40.974999999999966,0.10900685339142689,2.0,0.0,44.0,20.94959349593496,0.2621951219512195,1.8308943089430894,7.50000000000002,3.545528455284557,3.7000000000000104,1.8048912813570934,1,
4115,200,0.016325940409440985,27.099999999999966,0.10900609592544039,4.0,0.0,48.0,22.50943396226415,0.5082417582417582,1.8867924528301887,11.500000000000021,4.786084905660388,4.5000000000000036,7.392182394660033,2,
4116,200,0.01630962262928145,39.54999999999997,0.10901405903233083,4.0,0.0,49.0,21.008210180623973,0.3055555555555556,5.467980295566503,10.700000000000024,3.4962233169129724,2.9999999999999907,5.753712251941363,1,
4117,200,0.016293321158745884,39.749999999999964,0.10901293341112903,2.0,0.0,40.0,19.89694041867955,0.2376033057851239,2.4911433172302737,5.500000000000009,2.990982286634459,2.9999999999999956,2.112742194793078,1,
4118,200,0.016277035981532836,42.54999999999996,0.10901315708614914,2.0,0.0,45.0,22.138755980861244,0.24236641221374056,2.740031897926635,8.400000000000027,4.405901116427443,4.900000000000001,3.8135793431147404,1,
4119,200,0.016260767081357142,38.92499999999997,0.10901973472785312,2.0,0.0,39.0,19.07479674796748,0.25,1.1382113821138211,5.200000000000002,2.4206504065040626,2.5999999999999903,1.379723550065574,1,
4120,200,0.01624451444194987,52.524999999999956,0.10902784202756151,2.0,0.0,42.0,21.86125,0.009146341463414531,8.79625,6.900000000000012,3.8667500000000063,4.200000000000002,2.814298834841954,0,
4121,200,0.016228278047058394,49.749999999999986,0.1090358416620305,2.0,1.0,38.0,18.1775,0.028169014084507005,4.32875,3.999999999999995,1.656499999999994,1.5999999999999914,0.5608586263416003,0,
4122,200,0.016212057880446332,42.574999999999974,0.10904333531195914,2.0,0.0,40.0,18.133823529411764,0.1647286821705427,3.35,5.299999999999997,2.3361764705882324,2.299999999999992,1.4734591554047447,1,
4123,200,0.016195853925893487,15.22499999999998,0.10904285669633074,4.0,1.0,46.0,18.4140350877193,0.6160714285714286,0.028070175438596492,9.200000000000031,4.260350877192989,3.5999999999999965,9.942234561213496,3,
4124,200,0.01617966616719593,37.39999999999997,0.10905038881794933,2.0,0.0,38.0,19.73107890499195,0.23684210526315796,3.502415458937198,5.399999999999999,2.8914653784218975,2.999999999999998,1.2135051861840056,1,
4125,200,0.016163494588165874,54.19999999999996,0.10905661491997086,2.0,0.0,47.0,22.36625,0.036127167630057855,7.14125,9.500000000000034,4.169750000000004,3.8999999999999995,4.8850925704571795,0,
4126,200,0.016147339172631756,26.37499999999997,0.10905578838976251,2.0,0.0,45.0,19.311827956989248,0.4476744186046512,0.5505376344086022,8.60000000000004,3.50150537634409,2.9999999999999956,6.1391444058014475,2,
4127,200,0.01613119990443817,54.799999999999955,0.10906189787174106,2.0,1.0,47.0,23.0325,0.04069767441860472,5.88,9.100000000000037,4.569500000000011,4.600000000000003,4.105826165353428,0,
4128,200,0.016115076767445814,41.69999999999996,0.10906028054621639,2.0,0.0,43.0,22.07224958949097,0.258,1.6683087027914614,7.80000000000003,4.1346469622331785,4.399999999999998,3.0882824633304837,1,
4129,200,0.016098969745531575,54.049999999999955,0.10906792340957044,3.0,0.0,46.0,22.48125,0.027456647398844014,8.09125,9.200000000000031,4.238750000000005,4.200000000000003,5.675157304933327,0,
4130,200,0.016082878822588433,53.524999999999956,0.1090779378185701,3.0,0.0,46.0,23.48375,0.029069767441860517,6.63,9.600000000000007,4.840250000000008,4.800000000000003,5.654338772404376,0,
4131,200,0.01606680398252544,38.474999999999966,0.10908400505637385,2.0,1.0,43.0,18.781899109792285,0.19921875,2.1186943620178043,8.300000000000008,2.9137982195845713,2.299999999999997,4.811111001045641,2,
4132,200,0.016050745209267785,33.674999999999976,0.10908839054165487,2.0,1.0,42.0,17.420494699646643,0.3055555555555556,3.125441696113074,6.600000000000014,2.5602473498233205,2.199999999999999,2.780884237798701,2,
4133,200,0.01603470248675666,39.12499999999998,0.10908669888496764,2.0,0.0,39.0,18.86634460547504,0.2456140350877194,1.2592592592592593,5.500000000000009,2.3726247987117532,2.299999999999992,1.4624105901877442,1,
4134,200,0.016018675798949358,46.024999999999956,0.10909640388607687,2.0,0.0,45.0,19.73324022346369,0.14655172413793105,5.185754189944134,8.000000000000002,3.2703910614525147,2.5999999999999974,3.771951897474941,1,
4135,200,0.016002665129819207,41.774999999999956,0.10910474933780387,3.0,0.0,43.0,22.065040650406505,0.24612403100775193,3.710569105691057,7.400000000000036,4.214796747967484,4.4,3.161399170861736,1,
4136,200,0.0159866704633555,41.79999999999996,0.10911609670369357,3.0,0.0,45.0,21.4391785150079,0.23863636363636354,7.096366508688783,8.600000000000016,4.048973143759874,3.699999999999995,4.664595895060516,1,
4137,200,0.015970691783563595,53.87499999999994,0.10912564431173832,2.0,1.0,45.0,22.6225,0.023255813953488413,9.1575,8.800000000000022,4.323500000000006,4.399999999999993,6.194207428449155,0,
4138,200,0.015954729074464814,45.67499999999997,0.10913721757989744,2.0,0.0,45.0,20.43140243902439,0.20035460992907805,3.8353658536585367,8.600000000000009,3.6234756097560994,3.299999999999997,5.834706356675639,1,
4139,200,0.015938782320096424,52.62499999999997,0.10914742970720456,2.0,0.0,42.0,21.00125,0.028481012658227778,6.9325,7.500000000000018,3.3507500000000014,3.2999999999999883,2.651878581060299,0,
4140,200,0.015922851504511698,42.874999999999964,0.10914686611035157,2.0,0.0,47.0,23.076422764227644,0.2536764705882353,3.430894308943089,9.100000000000037,4.82162601626017,5.200000000000017,5.166228901391807,1,
4141,200,0.015906936611779787,43.099999999999966,0.10914850818260809,2.0,0.0,42.0,20.528443113772454,0.18233082706766912,2.2050898203592815,8.00000000000002,3.7389221556886287,4.199999999999997,4.228943644769573,1,
4142,200,0.015891037625985815,55.62499999999994,0.1091573520073414,3.0,0.0,46.0,22.325,0.021929824561403466,6.615,8.600000000000035,4.145000000000008,4.400000000000005,4.2532816457526135,0,
4143,200,0.015875154531230805,10.674999999999976,0.1091575924658822,4.0,0.0,42.0,20.339055793991417,0.7383720930232558,0.0,7.80000000000002,4.287982832618033,5.099999999999998,5.811035587975278,3,
4144,200,0.015859287311631637,53.87499999999995,0.10916465004841586,2.0,0.0,44.0,22.3325,0.03658536585365857,5.31875,8.100000000000021,4.149500000000011,4.500000000000002,4.563956881182673,0,
4145,200,0.0158434359513211,54.84999999999996,0.10917191535119619,2.0,0.0,44.0,21.7775,0.02678571428571419,6.2725,8.400000000000032,3.816500000000003,3.7999999999999985,3.4276331056767644,0,
4146,200,0.015827600434447853,39.37499999999998,0.1091796712212568,2.0,0.0,41.0,17.864615384615384,0.2169421487603307,4.786153846153846,5.399999999999993,2.045692307692302,1.8999999999999901,0.9326374973668528,1,
4147,200,0.015811780745176342,41.74999999999996,0.10917793009322707,2.0,1.0,42.0,20.946859903381643,0.23809523809523814,2.367149758454106,7.600000000000006,3.6209339774557168,3.5000000000000018,2.700212892853452,1,
4148,200,0.01579597686768691,26.749999999999982,0.10917642858162613,2.0,1.0,42.0,18.96035242290749,0.4476744186046512,1.026431718061674,6.900000000000009,3.147577092511013,3.1999999999999953,3.137751643499998,2,
4149,200,0.015780188786175646,53.79999999999997,0.10918524382155786,2.0,0.0,42.0,20.39125,0.026397515527950333,4.96125,7.800000000000009,2.9847499999999973,2.4999999999999964,3.0641722252691155,0,
4150,200,0.015764416484854486,42.374999999999964,0.10918452749986605,2.0,0.0,44.0,20.801932367149757,0.24609375,1.5861513687600644,7.200000000000013,3.5339774557165877,3.7000000000000006,1.8336812052691704,1,
4151,200,0.015748659947951136,47.92499999999997,0.10919302015149412,2.0,0.0,44.0,19.019886363636363,0.14655172413793105,4.904829545454546,7.3999999999999995,2.8710227272727264,2.649999999999994,3.1688258022860563,1,
4152,200,0.015732919159709032,54.59999999999995,0.10920111929594295,2.0,0.0,42.0,22.4225,0.010736196319018454,5.015,7.400000000000034,4.203500000000011,4.500000000000011,2.8908422669410756,0,
4153,200,0.015717194104387402,56.824999999999946,0.10920787122251556,2.0,0.0,45.0,22.14625,0.0235294117647058,3.73,9.200000000000026,4.037750000000005,4.45000000000001,4.223981537471185,0,
4154,200,0.015701484766261195,57.42499999999994,0.10921483278385286,2.0,0.0,46.0,22.25625,0.028735632183908066,4.63625,8.700000000000012,4.103750000000003,4.100000000000005,4.1199923749881115,0,
4155,200,0.015685791129621054,38.874999999999964,0.1092143510232699,2.0,0.0,42.0,20.28526645768025,0.23360655737704916,2.4608150470219434,6.500000000000009,3.4036050156739823,3.299999999999997,2.697846296337257,1,
4156,200,0.01567011317877336,12.974999999999984,0.1092137985590548,3.0,0.0,40.0,14.087248322147651,0.5192307692307693,0.1644295302013423,5.099999999999995,1.9543624161073812,1.3999999999999988,2.2321705347792293,3,
4157,200,0.01565445089804014,41.34999999999997,0.10922438017706451,2.0,1.0,41.0,18.60126582278481,0.22199999999999998,2.9272151898734178,5.399999999999992,2.336075949367083,2.1999999999999975,1.2238281721383046,1,
4158,200,0.015638804271759118,55.97499999999994,0.10923276221662294,2.0,0.0,45.0,23.47625,0.01878612716762995,5.75125,9.800000000000011,4.835750000000011,5.050000000000017,4.72872932613961,0,
4159,200,0.01562317328428369,40.37499999999995,0.1092302666836398,2.0,0.0,44.0,22.933333333333334,0.25387596899224807,3.5414634146341464,8.300000000000031,4.7357723577235875,5.099999999999998,4.4244230931934885,1,
4160,200,0.01560755791998283,54.74999999999996,0.10924040199813836,2.0,0.0,43.0,21.66,0.029503105590062084,3.56125,7.80000000000002,3.7460000000000058,3.700000000000013,3.324039193811265,0,
4161,200,0.015591958163241193,28.824999999999953,0.10924041404589493,3.0,0.0,46.0,23.54952830188679,0.49193548387096775,1.044811320754717,10.400000000000029,5.410141509433974,5.6000000000000085,8.07010713391746,2,
4162,200,0.015576373998459032,54.69999999999996,0.1092474920744048,2.0,0.0,43.0,22.37625,0.016666666666666607,5.4075,8.000000000000002,4.175750000000006,4.300000000000001,3.08496675776059,0,
4163,200,0.015560805410052154,50.84999999999995,0.10925309763181329,2.0,0.0,46.0,21.3525,0.06012658227848111,4.36375,9.700000000000033,3.561499999999999,2.8999999999999897,5.66962660879162,0,
4164,200,0.015545252382451996,41.474999999999966,0.10925167087871089,1.0,0.0,42.0,21.038338658146966,0.23046875,1.8626198083067094,7.000000000000025,3.734345047923324,3.6999999999999953,2.4600567272727405,1,
4165,200,0.015529714900105502,41.74999999999996,0.10925900914989606,2.0,0.0,46.0,22.2,0.26136363636363635,4.826016260162602,9.200000000000031,4.2957723577235845,4.800000000000002,3.5698127035830955,1,
4166,200,0.015514192947475202,31.04999999999996,0.10925967262567339,3.0,0.0,45.0,18.626666666666665,0.3547619047619047,1.56,8.900000000000034,3.457904761904767,2.799999999999999,6.919148332511002,2,
4167,200,0.015498686509039157,28.974999999999966,0.10925970646568117,2.0,0.0,48.0,20.526881720430108,0.44387755102040816,1.3161290322580645,9.700000000000024,4.2086021505376445,4.900000000000003,7.1443891519905804,2,
4168,200,0.015483195569290899,27.274999999999963,0.10926722933445185,3.0,0.0,44.0,20.658256880733944,0.4747191011235955,1.1422018348623852,8.000000000000018,3.894724770642205,3.7499999999999956,4.082539519713846,2,
4169,200,0.015467720112739499,55.44999999999995,0.10927540354017223,2.0,0.0,45.0,21.89875,0.032738095238095344,3.40875,8.900000000000013,3.8892500000000028,3.8999999999999937,4.623841662252629,0,
4170,200,0.015452260123909515,39.69999999999996,0.1092762315678074,3.0,1.0,43.0,21.758454106280194,0.24603174603174605,2.967793880837359,7.4000000000000155,4.107890499194852,4.500000000000008,3.492941966600999,1,
4171,200,0.01543681558734093,46.824999999999946,0.1092840740915488,2.0,0.0,43.0,21.09846547314578,0.0731292517006803,4.5115089514066495,8.000000000000021,3.6185421994884925,3.4999999999999956,2.9748912305833293,1,
4172,200,0.015421386487589232,40.224999999999966,0.10928287046112553,2.0,0.0,43.0,20.65024630541872,0.2704918032786885,1.6354679802955665,6.700000000000022,3.2814449917898196,3.299999999999992,2.337281061259716,1,
4173,200,0.015405972809225293,54.174999999999955,0.10928868486834159,2.0,1.0,42.0,21.91,0.015432098765432167,4.20375,8.50000000000002,3.896000000000002,3.7000000000000037,3.5251895081086353,0,
4174,200,0.015390574536835447,41.224999999999945,0.10929277326344332,2.0,0.0,43.0,22.722495894909688,0.2578740157480315,2.6486042692939247,7.300000000000041,4.524794745484415,5.100000000000003,3.0197710310612953,1,
4175,200,0.015375191655021433,54.349999999999966,0.10929995497912867,2.0,0.0,43.0,21.97875,0.026397515527950333,6.055,8.300000000000015,3.937250000000003,3.7999999999999945,2.997467121042401,0,
4176,200,0.015359824148400343,55.524999999999956,0.10930659252651392,2.0,0.0,44.0,21.24125,0.022455089820359264,5.405,7.400000000000007,3.4947500000000016,3.5000000000000187,3.4629778484029003,0,
4177,200,0.015344472001604681,56.699999999999946,0.10931064550922903,3.0,0.0,45.0,21.775,0.03742514970059885,4.32625,8.200000000000017,3.815000000000002,3.7500000000000098,2.9781296533275956,0,
4178,200,0.015329135199282314,33.749999999999986,0.10931599104128988,2.0,0.0,39.0,15.859322033898305,0.23130841121495327,2.3423728813559324,4.699999999999991,1.9547457627118603,1.8999999999999944,0.9132597623089941,2,
4179,200,0.015313813726096408,56.12499999999996,0.1093219268848751,2.0,0.0,44.0,22.27625,0.022727272727272707,4.90125,7.600000000000031,4.115750000000009,4.500000000000014,2.6371560580563607,0,
4180,200,0.015298507566725518,55.149999999999956,0.10933059243747241,2.0,0.0,45.0,21.915,0.03698224852071008,6.015,8.60000000000002,3.899000000000003,3.850000000000004,4.148755482430463,0,
4181,200,0.015283216705863457,45.52499999999998,0.10933868304730926,2.0,0.0,44.0,19.05,0.17805755395683454,3.4808823529411765,7.200000000000001,2.8858823529411746,2.8999999999999977,2.6786300143382684,1,
4182,200,0.015267941128219376,25.44999999999999,0.10934603340933235,3.0,0.0,36.0,15.936305732484076,0.4125,1.3418259023354564,2.8999999999999972,1.4626326963906549,1.4999999999999996,0.5715998918139158,2,
4183,200,0.015252680818517708,28.624999999999975,0.10935330855033179,2.0,0.0,42.0,18.515923566878982,0.43131868131868134,0.9830148619957537,6.900000000000019,2.950530785562633,3.0999999999999943,3.40960638297874,2,
4184,200,0.015237435761498117,39.749999999999964,0.10936067914400933,4.0,1.0,50.0,18.51829268292683,0.2234848484848484,4.986280487804878,11.000000000000027,3.2164634146341458,2.4999999999999982,5.501936863141535,2,
4185,200,0.015222205941915557,57.224999999999945,0.10936980632896738,2.0,0.0,48.0,23.1825,0.053468208092485536,7.22,10.300000000000022,4.659500000000003,4.600000000000002,5.861668908857707,0,
4186,200,0.015206991344540219,54.34999999999995,0.10937641379529037,2.0,0.0,45.0,21.215,0.03220858895705514,5.73125,8.50000000000004,3.478999999999999,3.1999999999999904,3.19646399447502,0,
4187,200,0.015191791954157482,38.649999999999956,0.10937498455051128,2.0,0.0,41.0,22.914614121510674,0.25826446280991733,2.0853858784893267,8.200000000000026,4.640065681445007,4.900000000000035,3.193477243313236,1,
4188,200,0.015176607755567978,56.149999999999956,0.10938129782593248,2.0,0.0,46.0,21.405,0.02844311377245501,6.235,8.500000000000014,3.5930000000000013,3.4999999999999964,3.144155912743626,0,
4189,200,0.01516143873358748,42.97499999999995,0.10938825876706171,2.0,0.0,47.0,21.771929824561404,0.2427007299270072,5.601275917065391,9.300000000000045,4.185805422647535,4.3999999999999995,5.022474766488317,1,
4190,200,0.01514628487304698,45.62499999999995,0.1093948739712747,2.0,0.0,43.0,20.461847389558233,0.10034013605442182,4.56760374832664,7.800000000000015,3.548728246318613,3.499999999999998,3.1691171811157046,1,
4191,200,0.015131146158792626,21.79999999999996,0.10940159503735084,3.0,0.0,48.0,20.246511627906976,0.5060975609756098,0.9674418604651163,10.600000000000021,4.034883720930237,3.399999999999995,9.600462955451412,3,
4192,200,0.015116022575685681,50.52499999999996,0.10940882282011397,2.0,0.0,39.0,21.17125,0.02181208053691286,3.135,7.200000000000003,3.4527500000000035,3.4000000000000123,2.0888707013604826,0,
4193,200,0.015100914108602571,39.52499999999996,0.1094085498421158,2.0,1.0,45.0,20.579638752052546,0.2833333333333333,2.323481116584565,7.900000000000009,3.239080459770115,3.3,1.6535182269197608,1,
4194,200,0.01508582074243484,44.14999999999996,0.1094110780486488,2.0,0.0,45.0,19.85928143712575,0.19485294117647056,3.2739520958083834,7.900000000000018,3.3374251497005987,3.2999999999999936,2.932408324985503,1,
4195,200,0.015070742462089098,48.59999999999996,0.10941607158304859,2.0,1.0,47.0,20.878223495702006,0.16333333333333333,3.2148997134670485,9.000000000000034,3.992979942693411,3.2999999999999927,5.260606215478999,1,
4196,200,0.015055679252487086,53.799999999999955,0.10942257896192384,2.0,0.0,40.0,20.585,0.014331210191082855,5.21375,6.800000000000018,3.101000000000001,2.799999999999998,3.1989539983656443,0,
4197,200,0.015040631098565566,52.999999999999964,0.10942881242887992,3.0,0.0,43.0,21.25875,0.03301886792452824,4.75875,7.300000000000031,3.505250000000004,3.6999999999999957,2.39062617285342,0,
4198,200,0.0150255979852764,55.14999999999996,0.10943536092371718,2.0,0.0,43.0,21.24625,0.015060240963855387,4.38125,7.700000000000012,3.4977499999999995,3.0999999999999925,2.90649947890545,0,
4199,200,0.015010579897586484,54.54999999999997,0.10944005971056169,2.0,1.0,41.0,19.48375,0.01751592356687892,3.79625,5.4999999999999964,2.440249999999996,2.5999999999999934,1.5422323472380401,0,
4200,200,0.014995576820477703,52.849999999999966,0.10944416771825888,2.0,0.0,41.0,20.9225,0.020967741935483897,4.76,6.30000000000002,3.303499999999999,3.3999999999999915,2.00779088717327,0,
4201,200,0.014980588738946993,50.64999999999997,0.10945474952085169,2.0,0.0,39.0,19.73,0.021523178807947074,6.20125,4.999999999999997,2.587999999999996,2.8999999999999932,1.3295580774344955,0,
4202,200,0.014965615638006283,56.39999999999995,0.10946196165371422,2.0,0.0,47.0,22.6875,0.029069767441860517,7.49125,9.700000000000019,4.362500000000007,4.600000000000007,4.16885026382857,0,
4203,200,0.014950657502682445,54.424999999999955,0.10946866236201053,2.0,0.0,42.0,22.2925,0.010736196319018454,4.51625,7.100000000000029,4.125500000000008,4.4000000000000155,2.7444540382094598,0,
4204,200,0.014935714318017369,58.62499999999994,0.10947630426421981,2.0,0.0,46.0,23.69,0.014044943820224809,4.54,8.500000000000044,4.964000000000011,5.30000000000002,4.61851121642382,0,
4205,200,0.014920786069067842,51.349999999999966,0.1094827379142736,2.0,0.0,47.0,22.2525,0.07499999999999996,5.37125,9.900000000000032,4.101500000000008,4.299999999999997,4.127954199928464,0,
4206,200,0.014905872740905627,47.149999999999956,0.10948968215355331,2.0,0.0,49.0,20.959537572254334,0.17905405405405395,5.166184971098266,10.500000000000002,4.043641618497112,3.399999999999997,6.873109762082289,1,
4207,200,0.01489097431861741,44.424999999999976,0.10949749234057964,2.0,0.0,42.0,18.33381088825215,0.1514598540145986,4.080229226361031,7.200000000000001,2.4663323782234907,2.1999999999999917,1.8276524775093743,1,
4208,200,0.014876090787304737,39.97499999999998,0.1095038404451048,2.0,0.0,41.0,18.237577639751553,0.2250000000000001,5.131987577639752,5.699999999999999,2.225465838509311,1.799999999999997,1.4360319722232253,1,
4209,200,0.014861222132084092,39.07499999999995,0.1095125185563208,2.0,0.0,46.0,22.13170731707317,0.27734375,4.671544715447155,9.100000000000033,4.254796747967484,3.3999999999999986,6.952966919074459,1,
4210,200,0.014846368338086832,53.27499999999997,0.10951954357289839,2.0,0.0,42.0,21.34625,0.027070063694267565,5.46,6.700000000000009,3.5577500000000057,3.8000000000000007,1.8951678986998508,0,
4211,200,0.014831529390459133,53.624999999999964,0.10952617538949361,2.0,0.0,42.0,20.835,0.024691358024691468,6.04125,7.400000000000017,3.2509999999999986,2.899999999999996,3.409104326725524,0,
4212,200,0.014816705274362072,55.674999999999955,0.10953329022695513,3.0,1.0,45.0,22.44125,0.029761904761904656,6.55375,7.80000000000004,4.214750000000006,4.300000000000008,3.7033382239660066,0,
4213,200,0.01480189597497151,53.42499999999996,0.10954241446561294,2.0,0.0,42.0,20.71375,0.015432098765432167,7.2325,7.599999999999997,3.1782500000000002,3.2000000000000055,2.992881613877529,0,
4214,200,0.014787101477478155,38.84999999999997,0.10954204356733743,2.0,0.0,40.0,20.344827586206897,0.2629310344827587,1.9392446633825944,5.999999999999997,3.098193760262725,3.2999999999999945,1.9424157679033658,1,
4215,200,0.014772321767087523,53.94999999999996,0.10955032934036464,2.0,1.0,44.0,22.17625,0.027108433734939652,7.58,7.2000000000000375,4.055750000000007,4.199999999999999,3.1925469258545998,0,
4216,200,0.014757556829019875,56.07499999999997,0.10955811255330238,2.0,0.0,42.0,21.41125,0.015243902439024293,4.695,7.100000000000011,3.59675,3.6999999999999984,2.16529282077004,0,
4217,200,0.014742806648510288,55.77499999999995,0.10956579414194602,2.0,0.0,44.0,23.40375,0.01764705882352935,7.69125,9.300000000000026,4.79225000000001,5.200000000000001,4.399346811479433,0,
4218,200,0.014728071210808588,56.82499999999996,0.10957500622396213,2.0,0.0,43.0,21.50375,0.015060240963855387,5.46125,6.600000000000015,3.6522500000000044,3.9999999999999982,2.1465232914426613,0,
4219,200,0.014713350501179315,54.32499999999996,0.10958225031659419,2.0,0.0,42.0,21.7125,0.021604938271605034,5.835,7.300000000000029,3.7775000000000074,4.000000000000011,3.011448455388238,0,
4220,200,0.014698644504901784,53.94999999999996,0.10959080736988348,2.0,0.0,43.0,21.555,0.027439024390243816,6.16625,6.900000000000017,3.683000000000004,3.4999999999999956,3.1232158800248366,0,
4221,200,0.014683953207269966,55.349999999999966,0.10959988949769325,2.0,0.0,46.0,20.8925,0.03571428571428581,5.3125,8.600000000000003,3.2855,3.099999999999992,3.592195362805264,0,
4222,200,0.014669276593592582,53.849999999999966,0.10960749843560647,3.0,0.0,41.0,20.62,0.018987341772152,5.925,6.300000000000009,3.1219999999999994,3.2000000000000046,1.840668876045123,0,
4223,200,0.014654614649193026,41.04999999999996,0.109606373033353,2.0,0.0,42.0,20.60487804878049,0.246,2.7528455284552846,6.100000000000024,3.338699186991871,3.5000000000000004,2.5358749312576765,1,
4224,200,0.014639967359409327,56.399999999999956,0.10961389943971717,3.0,0.0,45.0,22.31875,0.014204545454545414,8.79375,8.500000000000012,4.141250000000002,4.1,4.4435053804771805,0,
4225,200,0.014625334709594222,24.52499999999999,0.10961959939769661,5.0,0.0,40.0,13.787109375,0.21590909090909083,4.916015625,5.899999999999994,1.940234374999996,1.849999999999995,1.2640891421857527,3,
4226,200,0.01461071668511503,50.37499999999997,0.10962637813666626,2.0,0.0,42.0,19.6775,0.0347682119205297,5.04625,7.2000000000000055,2.5564999999999976,2.2999999999999936,2.3083613568146233,0,
4227,200,0.014596113271353742,38.87499999999996,0.10962724619427672,2.0,1.0,46.0,20.869218500797448,0.266,2.974481658692185,9.400000000000011,3.6441786283891555,2.8999999999999964,5.5830225778881495,1,
4228,200,0.014581524453706954,33.99999999999997,0.10962904443730008,4.0,0.0,49.0,18.605839416058394,0.3445945945945946,3.1952554744525545,10.700000000000035,3.4507299270073006,2.199999999999997,8.46508240010928,2,
4229,200,0.014566950217585823,43.19999999999996,0.10963784040043115,2.0,0.0,45.0,20.140243902439025,0.2055555555555555,4.538109756097561,8.600000000000026,3.4487804878048793,3.2999999999999945,4.3090938919679065,1,
4230,200,0.014552390548416123,51.89999999999995,0.10964536879077824,2.0,0.0,44.0,22.34,0.043209876543209846,6.7875,8.50000000000001,4.15400000000001,4.100000000000002,4.114090428266328,0,
4231,200,0.014537845431638198,55.62499999999996,0.10965536784049201,2.0,0.0,49.0,22.11875,0.0724852071005917,5.2275,10.80000000000003,4.021250000000004,3.7,5.217806590322837,0,
4232,200,0.0145233148527069,38.049999999999955,0.10966430476970065,2.0,1.0,43.0,20.81937602627258,0.2833333333333333,4.796387520525451,7.500000000000014,3.3829228243021348,3.1999999999999957,3.2523279767040782,1,
4233,200,0.01450879879709168,57.04999999999995,0.10967288926747806,3.0,0.0,45.0,22.80875,0.0128571428571429,6.70625,9.100000000000023,4.435250000000006,4.500000000000007,4.849715015179741,0,
4234,200,0.014494297250276454,50.524999999999956,0.10968027342920683,2.0,0.0,42.0,21.605,0.028481012658227778,7.285,9.500000000000014,3.7130000000000045,3.7000000000000095,3.9262871348236703,0,
4235,200,0.014479810197759686,41.54999999999996,0.10968072519298283,2.0,0.0,41.0,20.105263157894736,0.22983870967741926,1.4465709728867624,6.400000000000016,3.185805422647532,3.8999999999999986,3.1632674853991753,1,
4236,200,0.014465337625054335,39.84999999999995,0.10968122597380744,2.0,0.0,43.0,22.610837438423644,0.2620967741935484,3.2725779967159276,7.500000000000036,4.457799671592788,4.900000000000006,2.702347929249378,1,
4237,200,0.0144508795176878,51.92499999999996,0.10968859728613357,2.0,0.0,47.0,20.44125,0.06875000000000009,6.20875,9.600000000000017,3.0147499999999994,2.799999999999995,3.366287697324542,0,
4238,200,0.014436435861201989,52.549999999999955,0.10970126299211176,2.0,0.0,44.0,22.315,0.030120481927710774,5.805,8.900000000000015,4.139000000000004,3.9000000000000115,4.385485852321682,0,
4239,200,0.014422006641153255,37.89999999999996,0.10971023983369152,2.0,0.0,48.0,20.21256038647343,0.2827868852459017,4.84219001610306,9.600000000000025,3.1803542673107867,2.7999999999999963,4.06175018151646,1,
4240,200,0.01440759184311235,45.224999999999966,0.10971630628623076,2.0,0.0,44.0,19.71820809248555,0.1607142857142858,4.063583815028902,7.200000000000001,3.298843930635838,3.3999999999999915,1.8509562860358846,1,
4241,200,0.014393191452664503,45.674999999999955,0.10971642172310052,3.0,1.0,49.0,22.618357487922705,0.25,4.159420289855072,10.200000000000022,4.623832528180358,4.199999999999995,5.12256928741835,1,
4242,200,0.014378805455409293,27.12499999999997,0.1097186496848449,2.0,0.0,44.0,19.354022988505747,0.4825581395348837,0.47586206896551725,7.400000000000018,3.0954022988505767,3.099999999999996,3.2010532490593286,2,
4243,200,0.01436443383696074,40.24999999999995,0.10972030025058316,2.0,1.0,46.0,21.4585289514867,0.24615384615384617,3.4381846635367763,9.50000000000003,4.116588419405322,3.3999999999999986,5.747720121473392,1,
4244,200,0.01435007658294723,34.82499999999996,0.10972906600979676,5.0,0.0,44.0,21.213930348258707,0.30508474576271183,5.039800995024875,8.900000000000036,3.717578772802655,3.199999999999999,4.965707960220943,2,
4245,200,0.01433573367901149,42.124999999999964,0.1097296272296478,3.0,0.0,43.0,20.469622331691298,0.262,2.257799671592775,7.9000000000000075,3.1730706075533646,2.899999999999995,3.1672308024158853,1,
4246,200,0.01432140511081062,32.69999999999999,0.10973154786330819,2.0,0.0,41.0,15.901694915254238,0.2595238095238095,2.116949152542373,5.500000000000005,1.8581355932203363,1.4999999999999958,1.576946816853825,2,
4247,200,0.014307090864016068,54.82499999999995,0.10974116815272097,2.0,0.0,44.0,22.67875,0.022455089820359264,4.37875,7.900000000000011,4.357250000000008,4.700000000000015,3.2204274694179573,0,
4248,200,0.014292790924313561,57.12499999999994,0.10974893378650244,2.0,0.0,47.0,22.6175,0.039017341040462394,6.14125,9.300000000000011,4.320500000000004,4.000000000000005,5.024637600996275,0,
4249,200,0.01427850527740318,56.24999999999996,0.10975684004223216,2.0,0.0,46.0,21.56,0.03779069767441867,6.105,8.400000000000023,3.686000000000003,3.0999999999999925,5.466912542050879,0,
4250,200,0.014264233908999256,39.49999999999996,0.10976643968245783,2.0,1.0,45.0,22.31382113821138,0.26574803149606296,5.1414634146341465,9.400000000000022,4.364065040650416,4.300000000000026,4.362801514446494,1,
4251,200,0.014249976804830427,21.54999999999998,0.10976745274794787,4.0,0.0,49.0,17.69829683698297,0.4625,0.7031630170316302,11.100000000000028,3.9579075425790777,2.199999999999999,12.529324295524571,3,
4252,200,0.014235733950639606,55.82499999999996,0.10977575222905478,2.0,0.0,44.0,22.09,0.01764705882352935,6.3275,8.30000000000003,4.004000000000005,4.200000000000015,2.7693383270911607,0,
4253,200,0.014221505332183906,41.74999999999998,0.10978446887936183,2.0,0.0,37.0,18.893243243243244,0.08846153846153837,6.498648648648649,6.200000000000004,2.653513513513514,2.499999999999999,1.531652614413112,1,
4254,200,0.014207290935234726,28.049999999999965,0.1097843403309488,2.0,0.0,46.0,20.20135746606335,0.47527472527472525,2.1018099547511313,9.100000000000026,3.7135746606334887,3.6999999999999975,5.668215782927194,2,
4255,200,0.014193090745577676,30.974999999999966,0.10978583402683698,2.0,0.0,46.0,19.275303643724698,0.38592233009708743,3.4534412955465585,8.700000000000042,3.7544534412955537,4.25000000000001,5.483433810723917,2,
4256,200,0.014178904749012544,51.79999999999995,0.10979350130797079,3.0,0.0,43.0,22.98,0.028787878787878807,7.69875,9.400000000000027,4.538000000000009,4.8000000000000025,4.507613043145425,0,
4257,200,0.014164732931353353,30.99999999999998,0.10979556205152087,3.0,0.0,47.0,18.74468085106383,0.42000000000000004,1.9595744680851064,9.300000000000015,3.2236170212765938,2.2999999999999963,5.936043576476136,2,
4258,200,0.014150575278428262,37.64999999999995,0.10980548019504568,3.0,0.0,45.0,21.372357723577235,0.2786885245901639,3.8357723577235774,9.500000000000025,3.7991869918699237,3.299999999999998,5.636095541266595,1,
4259,200,0.014136431776079627,55.44999999999995,0.10981487441231594,2.0,0.0,47.0,21.1025,0.032738095238095344,4.42125,10.700000000000008,3.4114999999999993,3.0999999999999956,4.935525461758546,0,
4260,200,0.014122302410163962,58.52499999999995,0.10982389856628516,2.0,0.0,48.0,23.98375,0.019230769230769162,6.62375,10.700000000000022,5.14025000000001,5.199999999999998,6.377939903031145,0,
4261,200,0.014108187166551869,52.44999999999997,0.10983157320163303,2.0,0.0,42.0,21.29125,0.020186335403726607,7.34,6.400000000000009,3.524750000000005,3.699999999999993,2.253390958423385,0,
4262,200,0.01409408603112812,43.34999999999995,0.10984107422568555,2.0,1.0,46.0,21.82601880877743,0.2246376811594204,6.431034482758621,8.90000000000004,4.328056426332292,3.7999999999999967,5.522909790857519,1,
4263,200,0.014079998989791587,55.224999999999945,0.1098512977907781,2.0,0.0,46.0,23.475,0.030000000000000027,8.05625,10.700000000000028,4.835000000000009,4.650000000000004,5.690883892006122,0,
4264,200,0.014065926028455206,55.97499999999995,0.1098599434867609,2.0,0.0,45.0,22.06,0.0314371257485031,5.7575,8.200000000000024,3.986000000000005,3.999999999999999,2.670908173294038,0,
4265,200,0.014051867133046037,28.57499999999996,0.1098673508848455,2.0,0.0,46.0,17.248287671232877,0.21698113207547176,2.4657534246575343,10.700000000000019,3.3859589041095908,2.199999999999995,9.694214833384695,3,
4266,200,0.014037822289505161,37.824999999999974,0.10986599474534023,2.0,0.0,37.0,19.141215106732346,0.25,1.4532019704433496,5.400000000000001,2.376026272577994,2.2999999999999963,1.3311858283002596,1,
4267,200,0.014023791483787743,57.599999999999966,0.10987689478970315,2.0,0.0,44.0,22.04,0.01764705882352935,4.45625,7.300000000000026,3.974000000000006,4.000000000000016,2.4428778169966043,0,
4268,200,0.01400977470186299,56.57499999999995,0.1098849840925079,2.0,1.0,47.0,21.9225,0.03529411764705892,6.42125,10.00000000000002,3.903500000000002,3.899999999999995,4.590644922882714,0,
4269,200,0.013995771929714095,51.124999999999964,0.10989316257963258,2.0,0.0,44.0,20.01625,0.04354838709677411,7.5025,8.000000000000007,2.7597499999999955,2.5999999999999908,2.5913339864593574,0,
4270,200,0.013981783153338296,40.774999999999956,0.10989247569824315,2.0,0.0,43.0,21.257799671592775,0.2579365079365079,3.3842364532019706,7.3000000000000025,3.6459770114942573,3.899999999999997,3.2498488999137383,1,
4271,200,0.013967808358746827,24.274999999999956,0.10989267616833129,2.0,0.0,51.0,19.99203187250996,0.43556701030927836,2.0119521912350598,12.000000000000028,4.009561752988055,2.700000000000011,10.340228489343417,3,
4272,200,0.013953847531964868,55.77499999999996,0.10990312740035557,2.0,0.0,47.0,22.31,0.028735632183908066,7.04625,9.40000000000003,4.1360000000000054,4.300000000000006,3.55500955470246,0,
4273,200,0.013939900659031617,37.02499999999995,0.10990257906644746,3.0,0.0,45.0,22.479474548440066,0.2875,2.7389162561576357,9.500000000000028,4.378981937602638,4.400000000000023,4.126728645383981,1,
4274,200,0.013925967726000174,40.62499999999996,0.10991230929673027,2.0,0.0,46.0,21.160975609756097,0.2775590551181102,3.9853658536585366,8.700000000000005,3.672357723577236,3.499999999999998,2.8504304327594365,1,
4275,200,0.01391204871893762,50.524999999999956,0.10992103765890165,2.0,0.0,39.0,20.15125,0.020000000000000018,4.59,7.20000000000001,2.840749999999998,2.499999999999993,2.5545434289741245,0,
4276,200,0.013898143623924953,52.02499999999996,0.10992860594026234,2.0,0.0,41.0,21.15,0.04276315789473695,5.25875,6.000000000000006,3.4400000000000035,3.699999999999994,1.8022028159419134,0,
4277,200,0.013884252427057056,57.024999999999956,0.10993712223870342,2.0,0.0,44.0,20.56,0.025449101796407136,5.5475,7.200000000000001,3.085999999999996,2.9999999999999982,1.8826569416514713,0,
4278,200,0.013870375114442744,49.174999999999955,0.10994415281283007,2.0,0.0,47.0,21.96520618556701,0.0904907975460123,6.418814432989691,9.100000000000021,4.201288659793819,3.7999999999999963,5.830987403993895,1,
4279,200,0.013856511672204716,33.97499999999997,0.10994453808870255,3.0,0.0,47.0,19.675977653631286,0.36363636363636365,2.2942271880819365,9.300000000000026,3.813035381750471,3.2999999999999967,5.0868495810908625,2,
4280,200,0.013842662086479501,40.44999999999996,0.10995385832212418,2.0,0.0,42.0,20.847154471544716,0.25,5.208130081300813,6.000000000000006,3.484065040650411,3.900000000000016,2.332760374804364,1,
4281,200,0.013828826343417538,39.24999999999996,0.109961506455471,2.0,0.0,46.0,21.565853658536586,0.27439024390243905,3.8715447154471545,9.300000000000027,3.9152845528455344,3.900000000000016,5.063779770717906,1,
4282,200,0.01381500442918306,54.299999999999955,0.10997004576958141,2.0,1.0,42.0,21.0175,0.020186335403726607,5.57875,6.70000000000002,3.360499999999999,3.4999999999999956,2.4620935970212567,0,
4283,200,0.013801196329954161,54.249999999999964,0.10998074987168331,3.0,0.0,42.0,21.8275,0.006024096385542244,6.71875,7.2000000000000215,3.846500000000002,3.899999999999997,2.6053918209247375,0,
4284,200,0.013787402031922757,54.12499999999995,0.10999004089823794,2.0,1.0,46.0,22.71125,0.031065088757396442,7.71625,9.000000000000037,4.376750000000006,4.399999999999995,4.687966762448099,0,
4285,200,0.013773621521294518,41.12499999999996,0.11000193028892866,2.0,1.0,47.0,24.147967479674797,0.26111111111111107,5.809756097560975,9.200000000000042,5.464552845528468,6.20000000000002,5.090724438428071,1,
4286,200,0.01375985478428895,13.92499999999998,0.11000175725848219,4.0,0.0,48.0,20.816,0.7019230769230769,0.812,10.800000000000027,5.044000000000009,5.250000000000002,12.066737067793158,3,
4287,200,0.013746101807139326,56.94999999999995,0.11001013459805428,2.0,0.0,47.0,21.595,0.02298850574712641,6.335,9.90000000000001,3.7070000000000007,3.599999999999997,3.8640070375110103,0,
4288,200,0.01373236257609264,60.624999999999936,0.11001885494759236,2.0,0.0,48.0,24.15875,0.0175675675675675,4.8875,11.200000000000028,5.245250000000013,5.300000000000006,6.985913352989669,0,
4289,200,0.013718637077409689,32.449999999999974,0.11002911423985981,2.0,0.0,44.0,18.81118881118881,0.3130630630630631,3.6468531468531467,7.500000000000021,3.2409090909090947,2.599999999999997,4.505997560998,2,
4290,200,0.013704925297364945,42.199999999999946,0.11002997947386554,3.0,1.0,44.0,21.502392344497608,0.23863636363636354,3.0861244019138754,8.30000000000003,4.024082934609257,4.599999999999999,5.604362497710708,1,
4291,200,0.013691227222246641,52.049999999999955,0.11003840956721743,3.0,0.0,47.0,21.14375,0.061320754716981174,6.55375,9.500000000000009,3.436249999999998,3.099999999999995,3.8399419374092854,0,
4292,200,0.013677542838356711,54.27499999999997,0.11004754355370891,2.0,0.0,43.0,20.21,0.02672955974842761,5.98375,6.900000000000001,2.875999999999998,2.899999999999996,2.022877160745565,0,
4293,200,0.01366387213201075,53.974999999999945,0.11005630530333466,2.0,1.0,50.0,23.605,0.06142857142857139,8.42375,10.800000000000038,4.91300000000001,4.800000000000003,5.043488880451413,0,
4294,200,0.013650215089538058,46.87499999999998,0.110067118905256,2.0,0.0,43.0,19.862337662337662,0.08333333333333326,4.918181818181818,7.90000000000002,2.998571428571428,2.8999999999999932,2.3698331250348024,1,
4295,200,0.013636571697281604,29.549999999999965,0.1100697220535368,9.0,1.0,49.0,20.751633986928105,0.4552631578947368,1.8649237472766884,10.20000000000003,4.295642701525063,4.500000000000032,6.9328679513955205,2,
4296,200,0.013622941941597973,55.72499999999995,0.11008026052280546,3.0,0.0,48.0,22.92,0.039017341040462394,7.42625,10.000000000000034,4.502000000000011,4.8000000000000025,3.800151937737439,0,
4297,200,0.013609325808857431,30.574999999999978,0.1100829260439164,8.0,0.0,43.0,17.123046875,0.35526315789473684,0.873046875,7.2,2.591796874999996,2.3999999999999977,2.140643999649046,2,
4298,200,0.013595723285443818,39.12499999999995,0.11008556827596257,2.0,0.0,50.0,21.930379746835442,0.27362204724409445,5.468354430379747,11.300000000000011,4.333544303797474,3.8500000000000174,6.062117804933636,1,
4299,200,0.013582134357754625,34.349999999999966,0.1100955863925776,3.0,0.0,47.0,18.714285714285715,0.25,6.608695652173913,9.100000000000035,2.897204968944099,2.099999999999996,5.180594741220334,2,
4300,200,0.013568559012200934,55.32499999999996,0.11010610734841154,3.0,0.0,43.0,22.10875,0.015243902439024293,4.33625,7.600000000000026,4.015250000000005,4.399999999999996,3.7171232455050975,0,
4301,200,0.013554997235207374,39.49999999999996,0.1101078637739791,3.0,0.0,43.0,22.30781499202552,0.24606299212598426,3.3157894736842106,9.100000000000021,4.507336523126005,4.700000000000004,4.598267281903132,1,
4302,200,0.013541449013212178,15.54999999999998,0.11010944904471387,2.0,0.0,42.0,16.0,0.5948275862068966,0.6180124223602484,6.600000000000019,2.74409937888199,1.999999999999998,4.378904931377393,3,
4303,200,0.013527914332667135,52.17499999999997,0.11011793945041987,2.0,0.0,48.0,21.8925,0.06790123456790131,6.6525,9.900000000000034,3.885500000000008,4.199999999999999,4.810797266870774,0,
4304,200,0.013514393180037542,16.274999999999984,0.11011843747807257,3.0,1.0,42.0,14.796407185628743,0.5166666666666667,0.39520958083832336,7.500000000000013,2.5485029940119763,1.3999999999999972,5.092303885975542,3,
4305,200,0.013500885541802265,51.14999999999998,0.11012491370997426,2.0,0.0,40.0,20.55625,0.0212418300653594,5.66125,7.000000000000012,3.083750000000002,2.9999999999999973,1.6371884956070328,0,
4306,200,0.013487391404453644,35.37499999999998,0.11012741122381584,2.0,0.0,43.0,17.056506849315067,0.25877192982456143,4.337328767123288,6.700000000000004,2.679109589041094,2.6999999999999913,2.2677209247775267,2,
4307,200,0.013473910754497552,29.799999999999947,0.11013067668089276,2.0,0.0,45.0,17.763076923076923,0.17672413793103448,3.9415384615384617,10.30000000000002,3.0038461538461565,1.6499999999999968,8.015958025936207,3,
4308,200,0.013460443578453348,56.04999999999994,0.1101399794646007,4.0,0.0,45.0,23.0225,0.0235294117647058,8.21,8.900000000000018,4.563500000000005,4.900000000000006,4.904175412774111,0,
4309,200,0.013446989862853833,56.099999999999966,0.11014728513271267,3.0,0.0,44.0,21.47625,0.01969696969696977,5.43375,7.400000000000043,3.635750000000006,4.0000000000000036,2.279075498555489,0,
4310,200,0.013433549594245302,42.72499999999995,0.11014818271589343,2.0,0.0,47.0,23.576489533011273,0.2536496350364964,4.2576489533011275,9.000000000000036,5.198711755233505,6.00000000000001,4.98091302769427,1,
4311,200,0.013420122759187495,48.74999999999996,0.11015672587687707,2.0,0.0,45.0,21.259445843828715,0.070754716981132,7.991183879093199,8.60000000000002,3.578967254408061,3.1999999999999984,3.933833384885064,1,
4312,200,0.013406709344253556,44.19999999999997,0.11016015513498058,2.0,0.0,44.0,18.80491329479769,0.16726618705035978,4.190751445086705,7.799999999999996,2.7508670520231187,2.399999999999995,2.739354679730946,1,
4313,200,0.013393309336030088,33.57499999999996,0.11016702298480081,2.0,0.0,51.0,19.692737430167597,0.13721804511278202,5.818435754189944,12.700000000000037,3.5729050279329613,2.299999999999991,10.388699534774915,3,
4314,200,0.01337992272111706,38.82499999999995,0.11016772440654143,2.0,1.0,45.0,20.9585326953748,0.25396825396825395,4.148325358851674,9.800000000000011,3.6977671451355687,3.1999999999999957,4.75416978693964,1,
4315,200,0.01336654948612787,54.224999999999945,0.11017611584860686,2.0,1.0,44.0,23.08625,0.02083333333333326,7.50125,9.00000000000003,4.60175000000001,4.700000000000007,4.98140472094491,0,
4316,200,0.013353189617689292,54.22499999999996,0.11018415884147098,3.0,0.0,45.0,21.06875,0.033132530120481896,7.6325,8.100000000000001,3.39125,3.3,2.121126751760555,0,
4317,200,0.013339843102441431,41.14999999999996,0.11019160350138144,2.0,1.0,42.0,19.37462235649547,0.19573643410852704,5.013595166163142,7.700000000000025,3.0209969788519637,2.8999999999999995,3.022209527590875,1,
4318,200,0.013326509927037785,53.124999999999964,0.11020075963760816,2.0,0.0,45.0,21.14,0.04878048780487809,7.3075,8.200000000000014,3.434,3.099999999999992,3.308949170233091,0,
4319,200,0.013313190078145189,51.999999999999964,0.11021022349796107,2.0,1.0,41.0,20.825,0.02741935483870961,3.72875,7.200000000000009,3.245,2.8999999999999906,2.667029167233098,0,
4320,200,0.013299883542443767,30.899999999999974,0.11021372923480112,2.0,0.0,47.0,17.668,0.39141414141414144,2.01,9.20000000000001,2.8219999999999983,1.9999999999999991,4.848295393181578,2,
4321,200,0.01328659030662701,31.62499999999998,0.11021535670994104,3.0,0.0,41.0,17.82089552238806,0.3341584158415841,1.5111940298507462,5.900000000000003,2.8753731343283593,2.599999999999997,2.4773125881063165,2,
4322,200,0.013273310357401653,38.27499999999998,0.11022552759039464,2.0,0.0,39.0,19.291056910569107,0.25,2.7495934959349593,4.6999999999999975,2.5504065040650374,2.699999999999998,1.268551969203433,1,
4323,200,0.01326004368148776,37.67499999999996,0.11022552832206528,2.0,0.0,41.0,21.776683087027916,0.2626050420168067,3.09688013136289,7.800000000000017,3.9573070607553436,3.9000000000000017,2.7577906600517887,1,
4324,200,0.013246790265618666,54.19999999999994,0.11023397772521962,3.0,1.0,48.0,23.29625,0.050000000000000044,6.17875,9.700000000000026,4.727750000000008,4.899999999999999,4.689837265370759,0,
4325,200,0.013233550096540928,39.174999999999955,0.11023893398838747,2.0,0.0,46.0,20.187772925764193,0.1870370370370371,4.272197962154294,8.900000000000029,3.932896652110631,3.6999999999999966,5.710196284493897,2,
4326,200,0.013220323161014392,42.049999999999955,0.11023986696819246,2.0,0.0,48.0,22.947967479674798,0.26481481481481484,5.4991869918699186,9.800000000000031,4.74455284552846,4.399999999999999,5.542550023266681,1,
4327,200,0.013207109445812128,46.02499999999996,0.11024869683275483,3.0,0.0,44.0,20.773087071240106,0.09539473684210531,5.114775725593668,8.00000000000001,3.6515831134564696,3.6999999999999966,4.973271320986588,1,
4328,200,0.0131939089377204,46.07499999999997,0.11025904976772534,2.0,1.0,43.0,18.959183673469386,0.1607142857142858,4.247813411078718,7.500000000000001,2.840087463556849,2.599999999999995,3.661418268362392,1,
4329,200,0.01318072162353872,38.44999999999997,0.11025829100751261,2.0,1.0,41.0,20.413793103448278,0.27155172413793105,1.4614121510673235,5.400000000000027,3.139573070607552,3.0999999999999974,1.1605553278688594,1,
4330,200,0.013167547490079751,39.949999999999974,0.11026637049743808,2.0,0.0,39.0,19.12779552715655,0.22881355932203395,1.2220447284345048,4.699999999999998,2.588019169329068,2.699999999999993,1.2055624114832502,1,
4331,200,0.01315438652416937,45.72499999999996,0.1102721864711459,2.0,0.0,43.0,20.56300268096515,0.10000000000000009,5.142091152815014,8.70000000000002,3.6162198391420954,3.599999999999995,4.6702680969965185,1,
4332,200,0.01314123871264662,37.82499999999996,0.11028159328171983,5.0,0.0,50.0,19.81230769230769,0.23076923076923084,3.5292307692307694,11.00000000000004,4.011846153846156,3.4,7.465123491416602,2,
4333,200,0.013128104042363666,54.84999999999995,0.11029161020466548,2.0,0.0,44.0,21.865,0.0314371257485031,4.98125,7.300000000000038,3.8690000000000064,4.150000000000004,3.520644501007067,0,
4334,200,0.013114982500185848,57.49999999999996,0.110301921565324,3.0,0.0,46.0,21.56,0.01878612716762995,5.28375,8.700000000000015,3.686000000000003,3.9000000000000004,3.548409544389933,0,
4335,200,0.013101874072991637,50.77499999999996,0.11031215507265532,2.0,0.0,45.0,21.41375,0.05573248407643305,4.99375,8.500000000000023,3.5982500000000073,3.700000000000012,2.392550675860444,0,
4336,200,0.013088778747672577,23.924999999999976,0.11031155874252507,3.0,1.0,37.0,18.178899082568808,0.4642857142857143,0.3876146788990826,4.499999999999998,2.407110091743117,2.4999999999999973,1.267868960256712,2,
4337,200,0.013075696511133368,53.59999999999994,0.11031954795365614,3.0,0.0,50.0,23.26375,0.06395348837209291,4.4675,11.100000000000046,4.7082500000000085,4.900000000000004,8.079644561944695,0,
4338,200,0.013062627350291747,40.17499999999996,0.11031926974013342,2.0,0.0,43.0,21.11822660098522,0.2704918032786885,1.3596059113300492,7.600000000000028,3.5622331691297218,3.1999999999999966,2.9007818162209014,1,
4339,200,0.013049571252078566,48.174999999999976,0.11033005904672641,2.0,0.0,39.0,20.7725,0.020270270270270174,6.54875,6.2000000000000135,3.2135000000000047,3.000000000000016,2.027920918626448,0,
4340,200,0.013036528203437736,52.074999999999946,0.11033937914778284,2.0,1.0,45.0,22.6625,0.054216867469879526,7.21875,8.90000000000003,4.347500000000013,4.500000000000003,4.164050256328575,0,
4341,200,0.013023498191326184,42.049999999999955,0.11034029438413924,2.0,1.0,45.0,21.88341543513957,0.265625,1.7126436781609196,8.000000000000039,4.021346469622337,4.300000000000006,3.2492082614323,1,
4342,200,0.013010481202713909,42.67499999999995,0.1103420689416949,3.0,1.0,47.0,23.9688013136289,0.2683823529411765,3.2791461412151066,9.300000000000018,5.272577996715937,5.800000000000008,6.291104076790387,1,
4343,200,0.012997477224583932,53.42499999999997,0.11035284028650996,2.0,1.0,42.0,21.9325,0.013636363636363669,7.5575,8.60000000000002,3.9095000000000044,3.900000000000004,4.140866220103501,0,
4344,200,0.012984486243932251,26.624999999999982,0.11035457188478658,3.0,0.0,40.0,17.359030837004404,0.43823529411764706,1.524229074889868,5.599999999999993,2.186784140969159,1.9999999999999951,1.9357378162676127,2,
4345,200,0.012971508247767908,44.19999999999996,0.11035948079257614,2.0,0.0,44.0,21.098853868194844,0.15559440559440563,6.501432664756447,8.300000000000026,4.125358166189122,4.6000000000000085,4.792103189019815,1,
4346,200,0.012958543223112882,47.349999999999966,0.11036731543768181,2.0,0.0,44.0,20.424202127659573,0.10333333333333328,5.690159574468085,7.300000000000034,3.4896276595744746,3.7999999999999994,2.9783551280895297,1,
4347,200,0.012945591157002159,39.974999999999966,0.11036640923330984,2.0,1.0,44.0,21.17898193760263,0.2701612903225806,3.2922824302134646,9.500000000000016,3.5986863711001638,3.3999999999999946,4.94457646678173,1,
4348,200,0.012932652036483683,40.94999999999997,0.11036786814980593,2.0,1.0,41.0,19.371610845295056,0.2376033057851239,1.9824561403508771,5.399999999999992,2.7456140350877156,2.8999999999999932,1.1382412344071113,1,
4349,200,0.01291972584861831,41.54999999999996,0.11036913404876116,2.0,0.0,44.0,21.379310344827587,0.27,2.2939244663382596,7.50000000000002,3.718883415435142,3.8000000000000105,2.1582206643658464,1,
4350,200,0.012906812580479862,41.049999999999955,0.11037446630522768,2.0,0.0,46.0,21.095808383233532,0.2095588235294117,4.808383233532934,8.70000000000003,4.079341317365274,3.6999999999999957,5.1800339292237725,1,
4351,200,0.012893912219155082,48.54999999999997,0.1103830982168876,2.0,0.0,47.0,21.204896907216494,0.09294871794871784,5.971649484536083,10.30000000000001,3.74510309278351,3.600000000000003,4.474467986880918,1,
4352,200,0.012881024751743584,25.24999999999998,0.11038847101326077,4.0,0.0,49.0,15.969262295081966,0.293010752688172,2.1639344262295084,12.000000000000028,3.383196721311479,1.699999999999999,11.291076538046537,3,
4353,200,0.012868150165357922,37.19999999999996,0.11038819521966654,3.0,1.0,41.0,21.50574712643678,0.27155172413793105,3.103448275862069,7.700000000000014,3.794745484400663,3.6999999999999984,3.5734467213115084,1,
4354,200,0.012855288447123487,45.09999999999995,0.11038949732251149,2.0,0.0,48.0,24.275862068965516,0.26086956521739135,2.5763546798029555,9.600000000000039,5.456814449917912,6.100000000000027,6.245984361518607,1,
4355,200,0.01284243958417857,45.57499999999996,0.11039748229560753,2.0,0.0,44.0,20.543296089385475,0.1377551020408163,5.0251396648044695,7.60000000000001,3.756424581005591,3.599999999999996,4.359925329900251,1,
4356,200,0.01282960356367432,41.224999999999966,0.11040154779607667,2.0,0.0,42.0,20.518126888217523,0.19999999999999996,2.901812688821752,7.900000000000032,3.7070996978852016,3.7999999999999936,2.762478556417353,1,
4357,200,0.01281678037277469,47.74999999999996,0.11040859579091503,2.0,0.0,50.0,21.66899441340782,0.15705128205128216,4.912011173184357,10.900000000000018,4.431843575418999,4.299999999999999,6.77371987008812,1,
4358,200,0.012803969998656512,27.54999999999997,0.11040954177797686,2.0,1.0,44.0,19.670967741935485,0.42934782608695654,2.275268817204301,7.200000000000034,3.716989247311836,4.3,3.4855984534557027,2,
4359,200,0.01279117242850939,40.09999999999997,0.1104095462355715,2.0,0.0,40.0,19.049520766773163,0.23319327731092443,2.5814696485623,5.100000000000001,2.5410543130990377,2.499999999999995,1.2932858947368397,1,
4360,200,0.01277838764953576,40.324999999999946,0.11042057941394526,2.0,1.0,44.0,23.68472906403941,0.2578125,3.7701149425287355,8.600000000000025,5.102134646962247,5.600000000000006,4.0698422131147955,1,
4361,200,0.012765615648950858,53.424999999999955,0.11043156518790527,3.0,1.0,46.0,22.015,0.05303030303030298,7.315,11.20000000000003,3.9590000000000045,3.599999999999995,6.985529914890542,0,
4362,200,0.012752856413982657,53.49999999999995,0.11044407242196966,2.0,0.0,47.0,22.41375,0.04940119760479034,6.72375,10.70000000000003,4.198250000000007,4.200000000000007,5.035854806023173,0,
4363,200,0.012740109931871932,45.59999999999996,0.11044978830736085,2.0,1.0,47.0,21.0,0.17253521126760574,2.0472779369627507,9.400000000000032,4.066045845272211,4.399999999999997,4.639272110393446,1,
4364,200,0.012727376189872212,11.099999999999977,0.11045194141214484,6.0,0.0,41.0,18.228,0.6944444444444444,0.028,7.200000000000001,3.4912000000000054,3.8000000000000007,4.90808108929745,3,
4365,200,0.012714655175249731,29.29999999999997,0.11045249473219573,3.0,0.0,49.0,19.606451612903225,0.4605263157894737,1.238709677419355,11.100000000000012,3.618924731182799,3.4000000000000172,6.760361291993504,2,
4366,200,0.012701946875283497,31.649999999999977,0.11045260188837734,3.0,1.0,44.0,18.167676767676767,0.4065656565656566,0.13131313131313133,7.2,2.814747474747469,2.5999999999999956,2.292862576727174,2,
4367,200,0.012689251277265185,41.67499999999996,0.11045188541544959,6.0,1.0,42.0,21.778325123152708,0.2621951219512195,1.251231527093596,8.40000000000002,3.9582922824302194,4.400000000000003,3.6916694348576633,1,
4368,200,0.012676568368499208,43.49999999999996,0.11045412413475356,2.0,0.0,45.0,21.225442834138487,0.24248120300751874,2.0579710144927534,8.900000000000007,3.788083735909825,3.800000000000008,3.405567316668408,1,
4369,200,0.012663898136302665,50.54999999999995,0.11046450321864534,2.0,0.0,50.0,21.31625,0.08227848101265822,4.75125,12.000000000000014,3.5397499999999993,2.9999999999999947,5.888729138639294,0,
4370,200,0.012651240568005305,39.84999999999996,0.1104751534428733,2.0,0.0,55.0,22.342995169082126,0.3192307692307692,5.7713365539452495,13.800000000000024,4.458615136876013,3.499999999999998,11.269153874079516,1,
4371,200,0.012638595650949566,29.749999999999964,0.11048724728100019,3.0,0.0,47.0,20.58371040723982,0.46649484536082475,3.1244343891402715,9.500000000000021,3.94298642533937,3.699999999999995,6.215604797223662,2,
4372,200,0.012625963372490544,29.92499999999997,0.11048794766596906,2.0,1.0,48.0,21.67452830188679,0.5,0.6344339622641509,9.900000000000027,4.285141509433967,4.199999999999998,6.998804005006298,2,
4373,200,0.012613343719995933,39.22499999999997,0.11048960849288612,2.0,1.0,42.0,20.545454545454547,0.24173553719008267,3.1993620414673045,7.700000000000016,3.449920255183415,3.299999999999994,3.200530463360555,1,
4374,200,0.012600736680846106,29.52499999999996,0.11049087458610132,5.0,0.0,55.0,23.791866028708135,0.5364583333333334,2.327751196172249,14.000000000000036,5.436842105263171,5.600000000000031,8.568356770430967,2,
4375,200,0.012588142242433998,43.07499999999996,0.11049341498390503,3.0,0.0,49.0,21.934609250398726,0.25735294117647056,4.988835725677831,10.200000000000037,4.283413078149925,4.0999999999999925,4.965957601595448,1,
4376,200,0.012575560392165182,42.92499999999997,0.1104999265757253,3.0,0.0,45.0,19.240056818181817,0.16970802919708028,5.771306818181818,8.100000000000001,3.0031249999999954,2.9999999999999964,2.253915236625201,1,
4377,200,0.012562991117457817,41.049999999999955,0.11050028583034027,2.0,0.0,48.0,22.024390243902438,0.3003875968992248,2.4422764227642277,9.600000000000042,4.190406504065048,4.1,5.742801197174209,1,
4378,200,0.012550434405742605,31.374999999999964,0.11050346258267929,3.0,0.0,45.0,19.182194616977224,0.395,1.4368530020703933,7.900000000000025,3.6200828157349925,3.3999999999999932,5.608668341277757,2,
4379,200,0.012537890244462845,19.47499999999996,0.11050391626731376,3.0,0.0,42.0,18.35374149659864,0.4358974358974359,0.9478458049886621,10.900000000000018,3.962811791383225,2.8999999999999977,9.141702591526183,3,
4380,200,0.012525358621074385,51.42499999999997,0.11051474597872166,2.0,0.0,42.0,21.0125,0.028481012658227778,8.01125,6.100000000000019,3.3575000000000013,3.299999999999993,2.1763971506205673,0,
4381,200,0.012512839523045579,53.44999999999994,0.11052840140328106,2.0,1.0,49.0,23.73375,0.03977272727272729,10.03,10.500000000000043,4.99025000000001,4.700000000000014,5.4525134570523335,0,
4382,200,0.01250033293785735,26.42499999999997,0.11052889119022245,2.0,0.0,41.0,18.474770642201836,0.47023809523809523,0.3738532110091743,5.3999999999999915,2.584633027522931,2.599999999999996,1.6188778768510426,2,
4383,200,0.01248783885300309,41.14999999999994,0.11053567186884185,4.0,0.0,58.0,22.552023121387283,0.23611111111111116,9.0621387283237,16.000000000000036,4.999132947976891,4.699999999999999,12.64236668942897,1,
4384,200,0.012475357255988723,52.349999999999966,0.11055018947178297,3.0,1.0,44.0,21.10125,0.03703703703703698,9.05375,7.600000000000021,3.4107499999999993,2.7999999999999945,3.3806397197495834,0,
4385,200,0.012462888134332661,39.699999999999974,0.11055213479607912,2.0,1.0,40.0,19.665056360708533,0.25,2.2962962962962963,6.599999999999998,2.851851851851847,2.9999999999999933,1.7656573488227325,1,
4386,200,0.012450431475565764,48.824999999999946,0.11056449575691038,3.0,0.0,50.0,22.565491183879093,0.09131736526946099,6.763224181360202,11.00000000000003,4.362594458438291,3.7999999999999954,7.024821036268654,1,
4387,200,0.012437987267231379,9.699999999999973,0.11056365954789932,7.0,0.0,37.0,17.10358565737052,0.6890243902439024,0.05179282868525897,7.100000000000004,2.8390438247012,2.5000000000000164,4.164438095238106,3,
4388,200,0.012425555496885309,40.72499999999997,0.11056397949287439,2.0,0.0,44.0,21.30870279146141,0.266,2.935960591133005,7.300000000000008,3.676518883415435,3.699999999999992,2.4711301768766276,1,
4389,200,0.012413136152095758,40.52499999999996,0.11056489734197025,2.0,0.0,42.0,20.96223316912972,0.26652892561983466,1.8932676518883416,7.100000000000016,3.46863711001642,3.3999999999999946,2.7765772217428983,1,
4390,200,0.012400729220443406,37.89999999999996,0.11056633816699078,2.0,1.0,50.0,20.202898550724637,0.3046218487394958,2.6167471819645733,10.900000000000011,3.174557165861515,2.300000000000013,6.8354090343325575,1,
4391,200,0.012388334689521299,43.22499999999995,0.11057727078400133,3.0,0.0,47.0,22.394568690095845,0.24629629629629624,2.1645367412140577,9.400000000000032,4.5480830670926595,5.000000000000002,5.748006200956984,1,
4392,200,0.012375952546934911,43.82499999999996,0.11058527489241365,2.0,0.0,43.0,21.87249283667622,0.14236111111111116,5.79512893982808,8.200000000000022,4.589541547277946,5.600000000000009,6.163470606708137,1,
4393,200,0.012363582780302113,40.89999999999996,0.11058667103606788,2.0,0.0,43.0,20.748768472906406,0.2620967741935484,2.070607553366174,6.800000000000021,3.34055829228243,3.499999999999988,2.4825817515099318,1,
4394,200,0.012351225377253115,43.04999999999997,0.11060030360744591,2.0,0.0,45.0,21.674050632911392,0.2281021897810218,7.143987341772152,8.500000000000039,4.179746835443047,4.900000000000004,4.894728646072005,1,
4395,200,0.012338880325430523,40.34999999999995,0.11060220619845118,2.0,0.0,45.0,22.165845648604268,0.26574803149606296,3.4794745484400655,8.000000000000012,4.190804597701158,4.400000000000001,3.1760159620362636,1,
4396,200,0.012326547612489296,19.67499999999999,0.11060757741696947,3.0,0.0,46.0,14.387533875338754,0.48571428571428577,0.6016260162601627,8.400000000000015,2.3002710027100273,1.5999999999999948,3.9570208578143444,3,
4397,200,0.012314227226096697,42.149999999999956,0.11060838710306568,2.0,0.0,46.0,22.848932676518885,0.26538461538461533,3.6157635467980294,8.900000000000029,4.600656814449929,4.800000000000011,3.6340980371009843,1,
4398,200,0.012301919153932363,43.54999999999994,0.11062098763232876,3.0,0.0,51.0,25.1739837398374,0.2785714285714286,5.661788617886179,14.200000000000026,6.0801626016260295,5.500000000000004,11.684580460256427,1,
4399,200,0.012289623383688195,35.749999999999964,0.11063226506460536,3.0,1.0,50.0,20.932565789473685,0.3119834710743802,4.6875,10.80000000000005,3.9509868421052743,3.7500000000000098,6.8154450945862175,2,
4400,200,0.012277339903068436,26.39999999999998,0.11063247835517248,2.0,0.0,39.0,17.71023965141612,0.44047619047619047,1.3899782135076253,4.499999999999996,2.3806100217864876,2.4999999999999916,1.307625878108974,2,
4401,200,0.012265068699789616,25.82499999999996,0.11064377447937775,2.0,0.0,43.0,20.834883720930232,0.48563218390804597,2.6488372093023256,7.000000000000027,3.8883720930232615,4.150000000000004,3.5875121012012223,2,
4402,200,0.012252809761580503,30.374999999999964,0.11064651785353986,3.0,0.0,52.0,20.632411067193676,0.3928571428571429,3.7371541501976284,12.400000000000043,4.667391304347839,4.200000000000023,8.84365500810442,2,
4403,200,0.012240563076182176,32.19999999999997,0.11064723723244645,2.0,0.0,43.0,18.823423423423424,0.34615384615384615,1.9891891891891893,6.800000000000027,2.9093693693693687,2.8999999999999955,2.0429098381944417,2,
4404,200,0.012228328631347955,54.574999999999974,0.11066074351260816,2.0,0.0,45.0,21.64875,0.029761904761904656,5.72875,7.800000000000041,3.7392500000000064,3.8000000000000016,3.8779654968211243,0,
4405,200,0.012216106414843372,45.22499999999996,0.11066347759550482,2.0,0.0,45.0,20.62,0.20683453237410077,2.9984615384615383,8.700000000000028,3.6989230769230788,3.2999999999999963,5.771966347849374,1,
4406,200,0.012203896414446235,52.59999999999996,0.11067472331526328,3.0,0.0,49.0,21.4725,0.07012195121951215,6.2775,10.40000000000003,3.6335,3.2999999999999936,5.313286052009488,0,
4407,200,0.012191698617946518,30.59999999999997,0.11067560140091982,2.0,0.0,50.0,23.54009433962264,0.5,2.7570754716981134,11.100000000000032,5.404481132075483,5.600000000000013,8.53406040884445,2,
4408,200,0.012179513013146433,32.899999999999984,0.11067712132089302,2.0,0.0,42.0,17.99099099099099,0.3422330097087378,0.5171171171171172,5.9999999999999964,2.409909909909904,2.4999999999999947,1.2884284990779895,2,
4409,200,0.01216733958786039,54.44999999999996,0.11068775364766356,2.0,0.0,42.0,21.6475,0.009146341463414531,5.925,6.500000000000027,3.738500000000005,4.0000000000000115,2.9019722843317135,0,
4410,200,0.012155178329914935,28.474999999999977,0.11068999018164846,2.0,1.0,43.0,19.479638009049772,0.46111111111111114,0.6266968325791855,7.400000000000007,3.280542986425341,3.4999999999999964,4.249552678859369,2,
4411,200,0.012143029227148825,40.12499999999996,0.11069092887734791,2.0,0.0,43.0,21.63054187192118,0.2621951219512195,1.7832512315270936,8.400000000000029,3.8696223316912994,3.5999999999999943,4.021436151855073,1,
4412,200,0.012130892267412964,51.749999999999964,0.11070048205333552,2.0,1.0,41.0,22.05875,0.014150943396226356,8.10125,8.500000000000012,3.9852500000000073,4.100000000000003,3.395537743027751,0,
4413,200,0.01211876743857037,40.52499999999998,0.11070296557600227,2.0,1.0,42.0,20.028753993610223,0.24186991869918706,3.5191693290734825,6.100000000000007,3.128594249201278,3.199999999999993,1.731790622009572,1,
4414,200,0.012106654728496237,14.699999999999983,0.11070472225519758,6.0,0.0,50.0,19.987755102040815,0.7122641509433962,0.0,10.800000000000033,4.428163265306131,4.200000000000003,10.762365720378574,3,
4415,200,0.012094554125077829,43.474999999999966,0.11071481813546115,3.0,1.0,46.0,21.12682926829268,0.26136363636363635,2.4829268292682927,8.600000000000023,3.6518699186991865,3.399999999999994,3.8520026227843984,1,
4416,200,0.012082465616214554,45.47499999999996,0.1107181212751808,3.0,1.0,46.0,21.64651162790698,0.2142857142857142,3.1069767441860465,8.700000000000026,4.278759689922485,4.199999999999998,4.023977126319666,1,
4417,200,0.012070389189817914,45.39999999999998,0.11072628910985566,3.0,0.0,45.0,21.17621776504298,0.15909090909090917,5.070200573065903,8.200000000000035,4.171776504298005,4.80000000000002,3.8924062659713057,1,
4418,200,0.012058324833811458,42.37499999999994,0.11072863326205273,3.0,0.0,52.0,23.90311986863711,0.2904411764705882,3.8045977011494254,13.50000000000003,5.233169129720862,4.900000000000002,10.409371225194189,1,
4419,200,0.012046272536130841,44.29999999999995,0.11073079140166174,3.0,0.0,46.0,22.615136876006442,0.2427007299270072,2.898550724637681,8.40000000000004,4.621900161030603,5.000000000000001,4.954154807592614,1,
4420,200,0.012034232284723775,43.224999999999966,0.11074336032390784,2.0,0.0,44.0,20.68943089430894,0.24618320610687028,2.3934959349593496,7.400000000000022,3.3894308943089433,3.399999999999991,3.2745473581792917,1,
4421,200,0.012022204067549985,55.59999999999994,0.11075567052330118,2.0,0.0,47.0,23.3125,0.047687861271676235,7.33,10.000000000000023,4.737500000000009,4.400000000000006,5.445952259300447,0,
4422,200,0.012010187872581275,34.22499999999997,0.11075920916540302,4.0,0.0,48.0,17.996610169491525,0.2804347826086957,2.801694915254237,9.600000000000017,3.200508474576273,2.4999999999999982,4.742098110020447,2,
4423,200,0.01199818368780143,27.44999999999997,0.11076129514402815,2.0,0.0,48.0,19.830232558139535,0.5028089887640449,0.6046511627906976,9.600000000000014,3.2939534883720922,3.199999999999995,3.532633708132557,2,
4424,200,0.01198619150120627,30.199999999999974,0.11077163590857914,2.0,1.0,43.0,16.942748091603054,0.345,3.0019083969465647,7.600000000000012,2.486641221374046,1.7999999999999974,3.539948939269788,2,
4425,200,0.011974211300803622,41.67499999999997,0.1107739231530965,2.0,0.0,43.0,21.45040650406504,0.258,2.0861788617886177,7.300000000000013,3.846016260162605,4.099999999999995,2.946752083421482,1,
4426,200,0.011962243074613261,53.24999999999997,0.11078487580378801,2.0,0.0,43.0,21.1825,0.032608695652173836,6.6325,7.10000000000002,3.4595000000000007,3.3999999999999977,2.430413547521183,0,
4427,200,0.011950286810666972,38.74999999999996,0.11079545580096659,2.0,0.0,45.0,22.236453201970445,0.27419354838709675,5.707717569786535,8.200000000000015,4.233169129720863,4.500000000000037,3.776775345125137,1,
4428,200,0.011938342497008501,40.94999999999997,0.11080783595728362,2.0,0.0,45.0,21.750410509031198,0.2698412698412699,2.7339901477832513,7.800000000000015,3.941543513957307,3.799999999999996,3.7165928602243463,1,
4429,200,0.011926410121693511,55.724999999999966,0.1108172283932145,2.0,0.0,46.0,22.75125,0.023255813953488413,6.48875,9.600000000000032,4.400750000000008,4.3999999999999995,3.954555616493195,0,
4430,200,0.011914489672789647,55.04999999999996,0.11082552361479257,3.0,0.0,44.0,22.225,0.02108433734939763,6.105,8.200000000000014,4.085000000000006,4.399999999999999,3.6169806515322986,0,
4431,200,0.011902581138376438,57.69999999999995,0.11083770276145946,2.0,0.0,44.0,22.7625,0.005747126436781658,5.61875,8.300000000000022,4.407500000000004,4.600000000000017,4.350350547422758,0,
4432,200,0.011890684506545358,54.97499999999995,0.1108502792807041,2.0,0.0,43.0,23.04875,0.013473053892215647,6.07625,8.200000000000026,4.579250000000009,4.600000000000001,4.3773762771504705,0,
4433,200,0.011878799765399788,55.074999999999946,0.11086173729311408,2.0,0.0,45.0,23.25,0.020588235294117574,8.56,9.800000000000022,4.700000000000007,4.9000000000000075,5.05150789298112,0,
4434,200,0.01186692690305496,40.69999999999996,0.11086423437250073,2.0,0.0,44.0,21.391304347826086,0.25396825396825395,3.2334943639291467,7.400000000000016,3.887600644122388,4.199999999999995,2.5050862462400323,1,
4435,200,0.011855065907638027,43.42499999999997,0.1108752403031573,2.0,0.0,48.0,20.629746835443036,0.25,4.0094936708860756,9.600000000000026,3.553164556962027,2.5499999999999963,6.600291320229458,1,
4436,200,0.011843216767287999,46.999999999999964,0.11088498179335338,2.0,1.0,42.0,19.88219895287958,0.08000000000000007,5.62696335078534,6.999999999999998,3.0657068062827233,3.1999999999999984,2.769797308525869,1,
4437,200,0.011831379470155714,43.84999999999996,0.11088961094723197,3.0,1.0,43.0,20.545317220543808,0.19402985074626855,4.477341389728097,7.500000000000027,3.723413897280972,4.099999999999998,3.0152139566405176,1,
4438,200,0.011819554004403897,53.99999999999996,0.11090129878345552,2.0,1.0,45.0,21.8275,0.03698224852071008,6.98625,8.40000000000002,3.846500000000002,3.6999999999999997,4.023044036006331,0,
4439,200,0.011807740358207058,39.949999999999946,0.11090276665067347,3.0,0.0,46.0,22.31527093596059,0.29000000000000004,2.2922824302134646,8.600000000000033,4.280459770114948,3.7999999999999967,5.69712122519418,1,
4440,200,0.011795938519751562,52.79999999999997,0.11091318002147338,2.0,0.0,49.0,21.83375,0.058383233532934176,6.69625,10.700000000000017,3.8502500000000057,3.799999999999995,7.3004863445099515,0,
4441,200,0.011784148477235577,31.649999999999956,0.11091615869064836,3.0,0.0,47.0,20.638709677419357,0.42821782178217827,1.7548387096774194,9.600000000000023,4.297634408602158,4.799999999999999,7.594803722066056,2,
4442,200,0.011772370218869043,52.59999999999995,0.11092678874188339,2.0,0.0,45.0,22.47375,0.03527607361963181,5.75625,8.500000000000039,4.234250000000011,4.3000000000000025,3.556132493957062,0,
4443,200,0.011760603732873708,54.74999999999994,0.1109393772113142,2.0,0.0,46.0,22.83375,0.027456647398844014,8.085,9.100000000000021,4.450250000000007,4.750000000000011,5.438533435208531,0,
4444,200,0.011748849007483096,25.849999999999973,0.11093874888305301,2.0,0.0,41.0,19.931603773584907,0.49691358024691357,0.01650943396226415,5.7000000000000135,3.239386792452829,3.499999999999996,1.5773017939090548,2,
4445,200,0.011737106030942461,47.57499999999996,0.11095032285424859,2.0,0.0,43.0,21.18274111675127,0.0641025641025641,8.73477157360406,7.900000000000017,3.602791878172593,3.549999999999996,4.034034235026437,1,
4446,200,0.011725374791508845,26.449999999999964,0.11095242770711942,4.0,0.0,42.0,20.690366972477065,0.4709302325581395,1.2155963302752293,7.100000000000007,3.91399082568808,4.800000000000003,4.253565164786056,2,
4447,200,0.011713655277450987,41.699999999999974,0.11096470837742671,2.0,0.0,40.0,18.279456193353475,0.18999999999999995,2.6540785498489425,4.99999999999999,2.3638972809667673,2.149999999999995,1.8697431561941773,1,
4448,200,0.011701947477049383,41.19999999999996,0.1109656523662574,2.0,0.0,43.0,21.665024630541872,0.2620967741935484,2.0886699507389164,7.100000000000016,3.8903119868637126,3.799999999999996,2.41063513805006,1,
4449,200,0.011690251378596242,31.67499999999997,0.11096545734761909,3.0,0.0,45.0,19.36327345309381,0.38725490196078427,0.9341317365269461,9.000000000000027,3.62355289421158,3.0999999999999965,7.55951529880482,2,
4450,200,0.011678566970395442,43.74999999999996,0.11096720339566789,3.0,0.0,47.0,22.650563607085346,0.26119402985074625,2.8067632850241546,10.800000000000033,4.643156199677944,4.399999999999996,6.8590570998859555,1,
4451,200,0.011666894240762588,44.07499999999997,0.11097223543239461,2.0,0.0,45.0,20.33970588235294,0.1847826086956521,3.6455882352941176,7.800000000000033,3.659705882352945,4.100000000000006,3.1968538859297073,1,
4452,200,0.011655233178024955,40.399999999999956,0.11098344060558074,2.0,0.0,46.0,22.21788617886179,0.27419354838709675,3.1772357723577236,10.500000000000036,4.306504065040657,4.399999999999995,5.794184398663272,1,
4453,200,0.011643583770521462,19.824999999999985,0.11098432837041136,2.0,0.0,42.0,16.8502538071066,0.55,0.7690355329949239,6.1000000000000005,1.8329949238578636,1.49999999999999,1.5219668244918985,3,
4454,200,0.01163194600660272,28.199999999999967,0.1109864694192689,2.0,0.0,47.0,20.764150943396228,0.5055555555555555,0.5731132075471698,9.200000000000014,3.7389150943396237,3.1999999999999975,6.019108719232392,2,
4455,200,0.011620319874630945,52.87499999999996,0.11099738151242483,2.0,0.0,45.0,22.225,0.051204819277108404,7.52375,8.800000000000017,4.085000000000006,3.900000000000013,4.386931854581049,0,
4456,200,0.011608705362980011,42.89999999999996,0.11099846877460748,2.0,0.0,42.0,20.344827586206897,0.254,1.5533661740558293,6.399999999999998,3.0981937602627205,3.199999999999992,1.885666846419323,1,
4457,200,0.011597102460035418,57.22499999999995,0.11100852779420475,2.0,0.0,46.0,22.22625,0.027456647398844014,6.9675,8.500000000000009,4.085750000000006,4.000000000000014,3.24980201531567,0,
4458,200,0.011585511154194242,43.174999999999955,0.11101057668013552,2.0,0.0,46.0,23.29064039408867,0.2730769230769231,1.6929392446633826,8.700000000000031,4.865681444991802,5.1000000000000005,4.155040336497015,1,
4459,200,0.011573931433865184,29.29999999999996,0.11101122678310858,2.0,0.0,47.0,22.006880733944953,0.47631578947368425,1.3302752293577982,9.100000000000042,4.70389908256882,5.000000000000002,4.922281333017752,2,
4460,200,0.011562363287468536,55.57499999999996,0.11102119653311135,2.0,0.0,44.0,20.57375,0.02678571428571419,5.945,8.600000000000005,3.09425,3.0999999999999956,3.37082220440971,0,
4461,200,0.011550806703436129,47.549999999999955,0.11102418153409459,4.0,0.0,50.0,24.462157809983896,0.2432432432432432,2.4863123993558776,11.200000000000037,5.73011272141708,5.700000000000004,7.450239757286651,1,
4462,200,0.011539261670211397,42.274999999999956,0.11102707203447243,2.0,0.0,44.0,20.901771336553946,0.24615384615384617,2.249597423510467,7.600000000000015,3.5938808373590985,3.3999999999999955,4.326704854268245,1,
4463,200,0.011527728176249287,33.349999999999966,0.11103147948500222,2.0,0.0,46.0,19.353053435114504,0.3371559633027523,4.700381679389313,9.700000000000019,3.9946564885496243,3.8999999999999977,7.141715014112761,2,
4464,200,0.011516206210016314,51.674999999999955,0.1110434642037704,2.0,1.0,50.0,21.6,0.07012195121951215,7.1675,11.900000000000034,3.7100000000000035,3.199999999999995,6.856460713219915,0,
4465,200,0.011504695759990522,54.62499999999994,0.11105409303786354,2.0,0.0,45.0,22.435,0.021929824561403466,5.8925,9.100000000000025,4.211000000000006,4.500000000000005,4.621136220525376,0,
4466,200,0.011493196814661438,55.524999999999956,0.11106486581163941,2.0,0.0,45.0,21.3175,0.046969696969696884,4.9675,9.000000000000014,3.5405000000000006,3.0999999999999974,3.9047658511966663,0,
4467,200,0.011481709362530125,41.799999999999955,0.11107427146947599,2.0,0.0,49.0,21.68370607028754,0.2574626865671642,3.9536741214057507,10.300000000000018,4.121565495207673,4.099999999999996,6.392666258373239,1,
4468,200,0.011470233392109144,41.67499999999995,0.11108435845699816,2.0,0.0,44.0,22.55665024630542,0.2696850393700787,2.064039408866995,8.10000000000003,4.425287356321849,5.100000000000004,4.235496764452151,1,
4469,200,0.011458768891922499,40.22499999999995,0.11108575528392471,2.0,0.0,45.0,22.500821018062396,0.278,1.4334975369458127,8.900000000000016,4.391789819376035,4.5000000000000115,4.458138373597948,1,
4470,200,0.01144731585050571,52.07499999999995,0.11109661037700165,3.0,0.0,43.0,21.29375,0.02358490566037741,5.45625,9.000000000000018,3.5262500000000023,3.1999999999999913,4.10986735916777,0,
4471,200,0.011435874256405718,43.67499999999997,0.1111053526915564,2.0,1.0,44.0,19.6055900621118,0.21969696969696972,3.5667701863354035,7.400000000000004,3.046273291925466,3.099999999999995,2.9464683713696753,1,
4472,200,0.011424444098180933,33.37499999999998,0.11111387476360417,2.0,0.0,43.0,16.592178770949722,0.3119047619047619,2.2998137802607075,6.600000000000002,2.382867783985103,1.8999999999999972,3.3048948565721665,2,
4473,200,0.011413025364401209,55.47499999999996,0.11112618412061367,3.0,1.0,45.0,21.8475,0.034848484848484906,4.0925,7.800000000000016,3.8585000000000043,3.899999999999997,2.431781549658684,0,
4474,200,0.011401618043647792,47.42499999999997,0.11113082015235032,2.0,0.0,45.0,19.19914040114613,0.15625,4.640401146131805,7.800000000000008,2.9855300859598826,2.4999999999999956,3.2293817772058104,1,
4475,200,0.011390222124513367,56.549999999999955,0.1111432523148884,2.0,0.0,42.0,20.5975,0.015243902439024293,5.75875,6.900000000000009,3.1084999999999994,3.299999999999994,2.4047815074711107,0,
4476,200,0.011378837595602027,31.724999999999966,0.11114462220116761,3.0,0.0,44.0,18.928994082840237,0.3935643564356436,0.4536489151873767,7.4000000000000385,3.2629191321499063,2.999999999999996,4.043019436058669,2,
4477,200,0.01136746444552922,28.574999999999957,0.11114429317892538,2.0,0.0,49.0,23.17688679245283,0.5026315789473684,0.7877358490566038,10.700000000000028,5.186556603773593,5.500000000000002,6.958796662494834,2,
4478,200,0.011356102662921816,42.074999999999974,0.1111459016812702,2.0,1.0,42.0,20.48130081300813,0.246,1.3235772357723576,6.100000000000002,3.264552845528454,3.4999999999999942,1.6395283218410253,1,
4479,200,0.011344752236418012,56.174999999999955,0.11115797912012877,2.0,1.0,46.0,22.29875,0.02777777777777768,6.32375,9.100000000000023,4.129250000000004,4.200000000000001,2.9066989792171793,0,
4480,200,0.011333413154667387,56.62499999999996,0.11116838299530277,2.0,0.0,46.0,21.45,0.030346820809248554,4.69625,8.600000000000017,3.6200000000000014,3.0999999999999943,4.854407585011882,0,
4481,200,0.011322085406330874,43.19999999999996,0.11117825854181411,3.0,0.0,45.0,22.96223316912972,0.25375939849624063,4.078817733990148,8.300000000000017,4.668637110016426,4.499999999999999,4.513330672993992,1,
4482,200,0.0113107689800807,49.47499999999996,0.11119212606766758,3.0,0.0,44.0,21.14625,0.06493506493506485,5.3875,8.300000000000013,3.4377500000000016,3.4,3.2506300166094193,0,
4483,200,0.011299463864600458,50.64999999999996,0.11120519610131854,2.0,0.0,43.0,21.9425,0.045031055900621064,5.195,8.900000000000032,3.915500000000006,3.7000000000000117,5.258667966668743,0,
4484,200,0.011288170048585013,28.22499999999997,0.11120612685934256,2.0,0.0,45.0,20.029478458049887,0.47282608695652173,0.7414965986394558,8.200000000000012,3.5723356009070333,3.8000000000000043,4.380844508432771,2,
4485,200,0.011276887520740558,13.524999999999974,0.11120807664720538,10.0,0.0,48.0,20.561475409836067,0.7107843137254902,0.0,9.900000000000036,4.746311475409846,4.850000000000007,10.420120433358598,3,
4486,200,0.011265616269784572,29.274999999999984,0.1112107826683678,2.0,1.0,40.0,15.841698841698841,0.34782608695652173,1.2432432432432432,4.899999999999993,1.7758687258687216,1.7999999999999943,0.7263508905311842,2,
4487,200,0.011254356284445785,34.32499999999997,0.11121828065503589,4.0,0.0,48.0,18.809446254071663,0.2584745762711864,5.44299674267101,11.000000000000021,3.584527687296418,2.4999999999999982,8.8036113211051,2,
4488,200,0.011243107553464221,47.44999999999996,0.1112308673197249,2.0,0.0,48.0,20.95735294117647,0.18581081081081074,2.6691176470588234,10.000000000000032,4.030294117647064,4.049999999999995,6.3489783498667105,1,
4489,200,0.011231870065591157,19.574999999999985,0.11123388298906854,5.0,0.0,51.0,18.357954545454547,0.5972222222222222,0.3039772727272727,11.500000000000025,3.7127840909090923,2.2999999999999963,10.141537735163842,3,
4490,200,0.011220643809589084,43.79999999999996,0.11123680166927585,2.0,0.0,45.0,22.114420062695924,0.22058823529411775,3.8385579937304075,8.100000000000028,4.50109717868339,4.8999999999999995,4.738051188695083,1,
4491,200,0.011209428774231766,29.424999999999965,0.1112493684087786,3.0,0.0,48.0,21.201814058956916,0.46875,2.7891156462585034,10.900000000000018,4.305668934240368,4.3000000000000025,7.003110448375196,2,
4492,200,0.011198224948304147,34.84999999999994,0.11126171650218922,6.0,0.0,51.0,20.319718309859155,0.17910447761194037,6.452112676056338,11.700000000000017,3.862112676056339,2.699999999999995,10.367866807908818,2,
4493,200,0.011187032320602409,29.42499999999997,0.11126385249621926,6.0,0.0,50.0,20.594405594405593,0.5080645161290323,0.8904428904428905,10.900000000000023,3.726806526806529,3.099999999999998,7.800792327754865,2,
4494,200,0.011175850879933932,44.04999999999996,0.11126459431531338,2.0,0.0,45.0,21.986863711001643,0.25763358778625955,1.6535303776683088,8.400000000000036,4.083415435139577,3.9999999999999933,4.676010138050074,1,
4495,200,0.011164680615117259,52.39999999999995,0.11127669825916255,3.0,0.0,48.0,21.97,0.05722891566265065,7.82,9.900000000000038,3.9320000000000044,3.700000000000013,4.471282986379701,0,
4496,200,0.011153521514982131,47.374999999999964,0.1112815966305521,3.0,0.0,48.0,19.341040462427745,0.1751700680272108,4.591040462427745,10.10000000000001,3.0725433526011536,2.299999999999998,4.891308370034861,1,
4497,200,0.011142373568369456,41.024999999999956,0.11129163774622425,4.0,0.0,50.0,20.933238636363637,0.19482758620689644,8.244318181818182,11.00000000000004,4.0957386363636425,3.599999999999995,8.06817993805681,2,
4498,200,0.01113123676413127,46.47499999999995,0.11130253699971614,2.0,1.0,46.0,20.357142857142858,0.13435374149659873,4.895604395604396,8.900000000000013,3.5972527472527482,3.0999999999999988,4.288242302111607,1,
4499,200,0.011120111091130784,39.62499999999997,0.11131655036086147,2.0,0.0,42.0,20.43089430894309,0.26249999999999996,3.100813008130081,6.300000000000018,3.2343089430894314,3.2999999999999985,1.846031029231362,1,
4500,200,0.011108996538242306,43.39999999999996,0.11132688922118042,2.0,0.0,45.0,21.003252032520326,0.2538167938931297,2.1772357723577236,8.600000000000005,3.577723577235773,3.2999999999999963,4.265710161174348,1,
4501,200,0.011097893094351293,38.84999999999996,0.11133735805164804,3.0,0.0,44.0,21.857142857142858,0.2875,2.3661740558292284,8.300000000000022,4.005582922824307,4.100000000000001,3.64431363244178,1,
4502,200,0.011086800748354308,42.44999999999996,0.11134844232855365,2.0,0.0,44.0,22.446633825944172,0.25769230769230766,3.7602627257799672,8.400000000000025,4.3592775041050995,4.799999999999998,5.421673209663544,1,
4503,200,0.011075719489158987,58.04999999999995,0.11136045700463591,3.0,1.0,46.0,22.4475,0.019886363636363535,5.5075,8.500000000000025,4.218500000000004,4.1499999999999995,3.406063071973576,0,
4504,164,0.011064649305684076,6.149999999999993,0.11136309389294588,2.0,1.0,26.0,10.899253731343284,0,0.5298507462686567,2.9999999999999987,1.3884328358208917,1.4,0.6220017264664514,4,
4505,200,0.011053590186859403,45.72499999999995,0.11136586681410054,3.0,0.0,46.0,23.22769230769231,0.2077464788732395,3.3046153846153845,10.000000000000027,5.2635384615384755,5.600000000000007,6.511932122916326,1,
4506,200,0.01104254212162583,43.42499999999997,0.11137714568903251,2.0,0.0,45.0,21.691056910569106,0.25,1.6569105691056911,8.800000000000017,3.9904065040650445,4.199999999999998,5.51106074707055,1,
4507,200,0.011031505098935307,45.12499999999996,0.11137839504916418,3.0,0.0,49.0,24.55665024630542,0.2604895104895105,3.0049261083743843,12.600000000000023,5.625287356321848,5.700000000000015,8.627232743744662,1,
4508,200,0.011020479107750792,38.64999999999995,0.11138790886657647,3.0,0.0,48.0,21.69918699186992,0.29065040650406504,2.3560975609756096,11.300000000000018,3.9952845528455323,3.599999999999995,6.8211827911502425,1,
4509,200,0.011009464137046305,54.19999999999997,0.11140093157057117,2.0,0.0,43.0,20.38625,0.03930817610062887,5.3475,7.100000000000018,2.9817500000000003,2.699999999999997,2.5129708640169843,0,
4510,200,0.010998460175806881,29.899999999999956,0.11140291848238905,3.0,0.0,50.0,25.177033492822968,0.5077319587628866,0.20574162679425836,12.400000000000034,6.26794258373207,6.300000000000014,10.100991855680208,2,
4511,200,0.01098746721302854,46.174999999999955,0.11140598554593376,3.0,0.0,48.0,23.124615384615385,0.21283783783783794,3.88,10.000000000000027,5.201692307692317,5.4000000000000075,6.637997462715942,1,
4512,200,0.010976485237718327,40.799999999999955,0.1114075347771587,2.0,0.0,44.0,20.681962025316455,0.25,1.375,7.5000000000000275,3.5844936708860806,3.700000000000001,2.6475509923064218,1,
4513,200,0.010965514238894277,16.424999999999976,0.11140871999848871,4.0,0.0,50.0,17.62937062937063,0.6166666666666667,0.6258741258741258,11.000000000000028,3.8510489510489565,1.8499999999999992,13.007972614463043,3,
4514,200,0.01095455420558537,56.39999999999994,0.11141833065463193,2.0,1.0,48.0,24.0775,0.026536312849162025,8.03,10.600000000000026,5.196500000000013,5.150000000000003,7.009698702654284,0,
4515,200,0.01094360512683159,59.574999999999946,0.111429540515385,2.0,0.0,46.0,22.5075,0.02586206896551735,4.29625,9.800000000000018,4.254500000000005,4.3,4.089086139197123,0,
4516,200,0.01093266699168384,44.849999999999966,0.11143908773593192,2.0,0.0,46.0,19.517964071856287,0.19852941176470584,5.419161676646707,8.500000000000016,3.1326347305389226,2.799999999999997,2.608671359387581,1,
4517,200,0.010921739789203994,43.64999999999997,0.11145103428784622,2.0,0.0,47.0,20.36150234741784,0.2425373134328359,3.3536776212832553,9.300000000000027,3.458372456964006,3.1999999999999953,3.9819388714733743,1,
4518,200,0.010910823508464855,31.099999999999973,0.11145789281591867,3.0,1.0,44.0,17.015779092702168,0.39948453608247425,1.8126232741617356,7.300000000000014,2.114990138067059,1.4999999999999991,2.793040599421126,2,
4519,200,0.010899918138550124,55.07499999999997,0.11146953183310054,2.0,0.0,41.0,19.96375,0.020440251572326984,4.11125,5.800000000000004,2.728249999999994,2.699999999999995,1.3381540283656679,0,
4520,200,0.01088902366855444,40.52499999999996,0.11148023316337304,2.0,0.0,48.0,23.177339901477833,0.2913533834586466,3.4811165845648606,10.500000000000023,4.797701149425293,4.399999999999997,6.783592644521181,1,
4521,200,0.010878140087583343,58.09999999999995,0.11149208655249601,2.0,1.0,44.0,21.5425,0.01023391812865504,5.09375,7.700000000000008,3.675500000000001,3.5999999999999956,3.0624545350852266,0,
4522,200,0.01086726738475323,43.199999999999974,0.11150069683663653,2.0,1.0,44.0,19.059451219512194,0.21538461538461529,4.3689024390243905,7.300000000000007,2.800304878048778,2.4999999999999956,2.4406763103163858,1,
4523,200,0.010856405549191416,41.299999999999976,0.11150255218099991,2.0,0.0,43.0,20.39291465378422,0.25,1.64573268921095,6.600000000000012,3.2885668276972586,3.399999999999994,1.5481985789855819,1,
4524,200,0.010845554570036048,46.42499999999996,0.11151110940397063,2.0,0.0,45.0,20.07934131736527,0.18971631205673756,2.940119760479042,7.80000000000002,3.4694610778443127,3.6999999999999957,3.320242479657051,1,
4525,200,0.010834714436436152,41.19999999999995,0.11152196691213512,3.0,1.0,44.0,22.27093596059113,0.26171875,4.313628899835797,7.400000000000016,4.253858784893271,4.799999999999999,3.4809838222605998,1,
4526,200,0.010823885137551606,56.924999999999955,0.11153114054692316,3.0,0.0,47.0,22.66625,0.044797687861271696,4.59375,9.70000000000004,4.349750000000006,4.199999999999996,5.530633579115002,0,
4527,200,0.01081306666255309,30.324999999999942,0.11153985780431205,3.0,0.0,56.0,22.66441821247892,0.36111111111111116,4.320404721753794,14.900000000000025,4.7516020236087755,3.700000000000007,14.545607937482997,3,
4528,200,0.010802259000622138,58.19999999999996,0.1115500447071738,2.0,0.0,45.0,21.50125,0.023255813953488413,3.97625,8.30000000000003,3.650750000000002,3.4999999999999964,3.193079426686626,0,
4529,200,0.010791462140951094,26.299999999999965,0.11155938192151367,4.0,1.0,45.0,20.476744186046513,0.5,1.1953488372093024,7.9000000000000306,3.6734883720930256,3.5999999999999925,3.5522465778614496,2,
4530,200,0.010780676072743084,29.799999999999976,0.11156705696990266,3.0,1.0,45.0,19.949891067538125,0.4458762886597938,1.6383442265795207,8.400000000000011,3.7244008714597014,3.999999999999995,4.867445130055088,2,
4531,200,0.010769900785212052,41.874999999999964,0.11157569861766428,2.0,0.0,45.0,21.045528455284554,0.2615384615384615,3.7804878048780486,8.00000000000002,3.603089430894309,3.599999999999993,3.6404391048690834,1,
4532,200,0.010759136267582695,54.34999999999996,0.11158876686387371,2.0,0.0,41.0,21.37125,0.009374999999999911,4.03,6.600000000000027,3.5727500000000023,3.6999999999999957,1.730760141812735,0,
4533,200,0.0107483825090905,43.49999999999995,0.11159914655570374,3.0,0.0,46.0,22.577235772357724,0.26136363636363635,3.3040650406504066,8.600000000000009,4.522113821138218,4.999999999999999,4.446937370447173,1,
4534,200,0.01073763949898172,42.32499999999995,0.11160675784025881,3.0,0.0,45.0,22.0141065830721,0.2276119402985075,3.0689655172413794,8.200000000000019,4.440909090909099,4.700000000000003,4.4142463818319335,1,
4535,200,0.010726907226513326,54.32499999999996,0.1116171543185512,2.0,1.0,43.0,21.16625,0.020186335403726607,3.78125,6.700000000000022,3.44975,3.400000000000004,2.073578177465918,0,
4536,200,0.01071618568095305,31.374999999999975,0.11162538861736712,2.0,0.0,40.0,18.551483420593367,0.3137254901960784,1.0401396160558465,8.100000000000017,2.702268760907505,1.9999999999999942,4.307006225481865,2,
4537,200,0.01070547485157936,34.04999999999997,0.11163575377833054,6.0,0.0,45.0,18.900523560209425,0.3035714285714286,2.951134380453752,8.700000000000035,3.583944153577665,2.999999999999996,6.011942021393288,2,
4538,200,0.010694774727681404,28.249999999999964,0.11163694803085292,2.0,0.0,47.0,22.2311320754717,0.5027472527472527,0.2358490566037736,9.500000000000032,4.619103773584917,5.100000000000012,4.834827033792282,2,
4539,200,0.010684085298559074,15.54999999999998,0.1116386486240263,7.0,0.0,52.0,20.53061224489796,0.7136363636363636,0.0326530612244898,12.200000000000028,4.753877551020414,3.599999999999997,15.289596827935556,3,
4540,200,0.010673406553522925,26.34999999999998,0.11164771735399248,2.0,1.0,41.0,19.87816091954023,0.47619047619047616,2.839080459770115,6.099999999999999,3.394712643678162,3.199999999999997,2.548698156682039,2,
4541,200,0.010662738481894219,26.349999999999987,0.11165237664163305,10.0,0.0,43.0,15.009765625,0.22252747252747263,3.037109375,9.200000000000019,2.6808593749999985,1.6999999999999988,6.123250744822512,3,
4542,200,0.010652081073004893,28.599999999999973,0.11165993681503458,2.0,0.0,45.0,21.371559633027523,0.47282608695652173,1.4128440366972477,9.30000000000002,4.322706422018356,4.8000000000000025,7.441152002945945,2,
4543,200,0.010641434316197518,26.94999999999996,0.11166009535391361,4.0,1.0,49.0,22.851674641148325,0.5222222222222223,2.5095693779904304,10.400000000000045,4.872727272727285,4.499999999999999,6.636949686074588,2,
4544,200,0.010630798200825346,28.224999999999977,0.1116618054844624,3.0,0.0,43.0,18.690045248868778,0.4578651685393258,0.10180995475113122,7.100000000000007,2.814932126696832,2.1999999999999984,4.187581271786374,2,
4545,200,0.01062017271625227,44.54999999999997,0.111664448488881,2.0,0.0,43.0,19.549295774647888,0.21590909090909083,1.834115805946792,6.800000000000004,2.971048513302032,2.7999999999999954,3.0154289772727267,1,
4546,200,0.010609557851852787,56.59999999999995,0.11167335698717804,3.0,0.0,45.0,22.12375,0.023809523809523725,5.40875,7.800000000000029,4.024250000000005,4.299999999999999,3.457117339245864,0,
4547,200,0.010598953597012047,55.97499999999995,0.1116822587863279,2.0,1.0,45.0,22.61,0.014534883720930258,7.845,9.800000000000011,4.316000000000007,4.599999999999997,3.83739999593752,0,
4548,200,0.01058835994112578,42.79999999999997,0.11168800570127382,2.0,0.0,44.0,19.453834115805947,0.23091603053435117,2.8732394366197185,7.400000000000013,2.9137715179968664,2.5999999999999925,2.7532443181818227,1,
4549,200,0.010577776873600335,46.424999999999955,0.11169178986087167,2.0,0.0,45.0,20.94311377245509,0.18928571428571428,3.0479041916167664,7.80000000000003,3.9877245508982093,4.199999999999998,3.7971931523027984,1,
4550,200,0.010567204383852655,56.49999999999995,0.11170210296544522,2.0,0.0,45.0,22.97375,0.019230769230769162,3.84625,8.700000000000031,4.534250000000011,4.600000000000004,3.012681644815094,0,
4551,200,0.010556642461310231,42.549999999999955,0.11171114549025979,2.0,1.0,42.0,20.584664536741215,0.2303149606299213,1.7955271565495208,6.20000000000003,3.4621405750798773,3.999999999999994,2.872775272727291,1,
4552,200,0.010546091095411146,41.62499999999997,0.1117224747021507,2.0,0.0,47.0,18.568681318681318,0.13686131386861322,4.1195054945054945,9.300000000000022,2.7021978021977997,2.299999999999999,3.2911552257336707,2,
4553,200,0.010535550275604046,45.72499999999998,0.1117329135450475,2.0,0.0,39.0,18.39095744680851,0.08214285714285707,3.3351063829787235,4.799999999999988,2.2696808510638253,2.0999999999999983,1.187593487567702,1,
4554,200,0.01052501999134809,59.24999999999994,0.11174139504866301,2.0,0.0,47.0,23.655,0.012569832402234526,5.9175,9.100000000000039,4.943000000000012,5.099999999999998,4.670408297513009,0,
4555,200,0.010514500232113012,41.07499999999997,0.11175057078898515,3.0,0.0,46.0,20.98923076923077,0.23461538461538467,7.081538461538462,9.400000000000007,3.920461538461543,3.3000000000000016,6.109026553909031,1,
4556,200,0.010503990987379034,43.34999999999996,0.11175350536963988,2.0,0.0,44.0,21.086821705426356,0.21296296296296302,2.3255813953488373,7.800000000000037,3.9429457364341154,4.200000000000003,4.211173538065141,1,
4557,200,0.010493492246636918,46.24999999999995,0.11175401064890282,3.0,0.0,50.0,24.80650406504065,0.2534013605442177,2.926829268292683,11.100000000000042,5.85967479674798,6.200000000000017,7.720670713651235,1,
4558,200,0.010483003999387931,54.52499999999996,0.1117626915263791,2.0,0.0,43.0,20.77875,0.025757575757575868,4.4,8.500000000000014,3.2172500000000004,2.799999999999992,4.72255981649973,0,
4559,200,0.010472526235143808,34.324999999999974,0.11176636186875721,2.0,0.0,43.0,17.411552346570396,0.29587155963302747,1.8176895306859207,6.800000000000007,2.8918772563176876,2.699999999999993,2.424147695616051,2,
4560,200,0.010462058943426795,45.24999999999996,0.11176932247894066,2.0,1.0,45.0,21.414670658682635,0.1901408450704225,4.0344311377245505,9.50000000000001,4.270658682634739,4.600000000000029,5.272055093529498,1,
4561,200,0.010451602113769604,45.89999999999996,0.11177242837990395,4.0,0.0,49.0,21.859177215189874,0.24290780141843982,2.8607594936708862,10.600000000000014,4.290822784810128,3.699999999999992,6.0434119216970785,1,
4562,200,0.01044115573571539,60.02499999999995,0.11178133206030445,3.0,0.0,46.0,23.19375,0.008333333333333304,5.91,8.80000000000003,4.666250000000009,5.099999999999998,4.563468067918898,0,
4563,200,0.01043071979881779,43.79999999999996,0.11179048787500703,2.0,0.0,46.0,21.657097288676237,0.24629629629629624,4.701754385964913,8.800000000000013,4.11690590111643,3.899999999999994,5.626682251073468,1,
4564,200,0.01042029429264085,44.274999999999956,0.11179945635296369,3.0,0.0,45.0,23.294303797468356,0.22122302158273377,4.549050632911392,9.20000000000001,5.151898734177227,5.000000000000007,5.984030363799835,1,
4565,200,0.01040987920675907,42.14999999999995,0.11180809663209457,2.0,0.0,47.0,22.789473684210527,0.25370370370370365,3.4481658692185007,9.500000000000028,4.796331738437012,4.599999999999999,6.850801418367605,1,
4566,200,0.010399474530757374,40.474999999999966,0.11181595204974831,2.0,0.0,48.0,22.29720853858785,0.28125,4.972085385878489,10.200000000000028,4.269622331691304,4.199999999999998,4.57480381794654,1,
4567,200,0.010389080254231065,58.54999999999996,0.11182498209398169,2.0,0.0,47.0,21.0825,0.03197674418604657,4.585,9.600000000000023,3.3995000000000006,2.7999999999999954,4.493456771026224,0,
4568,200,0.010378696366785877,41.124999999999964,0.11183198082392118,2.0,1.0,44.0,21.682926829268293,0.2618110236220472,2.5658536585365854,7.7000000000000215,3.98552845528456,4.300000000000013,3.9458660476331793,1,
4569,200,0.01036832285803793,52.699999999999974,0.11184006913012459,2.0,1.0,40.0,20.78,0.014705882352941124,3.17875,6.200000000000004,3.2180000000000013,3.499999999999999,1.5590284359819344,0,
4570,200,0.010357959717613696,57.949999999999946,0.11185038411902698,3.0,0.0,45.0,22.5125,0.0128571428571429,2.83375,8.500000000000028,4.2575000000000065,4.2999999999999945,3.6394994367179034,0,
4571,200,0.010347606935150052,56.924999999999955,0.1118586455621565,3.0,0.0,44.0,21.86875,0.013157894736842035,4.58375,8.000000000000014,3.871250000000004,4.099999999999998,3.265478539810239,0,
4572,200,0.010337264500294195,58.47499999999996,0.11186899187681662,2.0,0.0,45.0,22.785,0.01878612716762995,2.415,8.400000000000036,4.421000000000013,4.650000000000012,3.2786641229127187,0,
4573,200,0.010326932402703702,59.54999999999995,0.11187611979976946,3.0,0.0,47.0,23.6125,0.01388888888888884,5.33625,9.3,4.917500000000008,5.1,5.018301591096277,0,
4574,200,0.01031661063204648,56.049999999999955,0.11188440669361481,2.0,0.0,42.0,21.6625,0.010736196319018454,2.8825,6.400000000000021,3.7475000000000023,3.7999999999999967,1.3671458861654568,0,
4575,200,0.01030629917800074,30.94999999999997,0.1118863762707167,3.0,0.0,46.0,19.949494949494948,0.39077669902912626,1.3191919191919192,8.400000000000022,4.140808080808092,4.500000000000001,6.223572221496721,2,
4576,200,0.010295998030255039,39.94999999999997,0.11189324130389658,2.0,1.0,41.0,20.619512195121953,0.25,3.1658536585365855,6.900000000000009,3.347479674796746,3.299999999999991,2.3835080798680237,1,
4577,200,0.010285707178508234,55.19999999999996,0.11190153714073015,2.0,0.0,41.0,21.395,0.0092592592592593,2.93375,6.500000000000013,3.5870000000000073,3.9000000000000132,2.381734721460527,0,
4578,200,0.010275426612469454,41.849999999999966,0.11190979719763902,2.0,0.0,44.0,21.59651898734177,0.23449612403100772,5.17879746835443,7.700000000000036,4.133227848101273,4.400000000000005,4.195362109843484,1,
4579,200,0.010265156321858154,45.449999999999974,0.11191414374849615,2.0,0.0,42.0,17.942253521126762,0.14179104477611948,3.552112676056338,5.999999999999993,2.2125352112675993,2.0999999999999983,1.0804506456073064,1,
4580,200,0.010254896296404022,41.67499999999997,0.11191526222062698,2.0,1.0,42.0,21.19047619047619,0.25806451612903225,3.238095238095238,6.500000000000026,3.6055829228243015,3.5999999999999908,1.7199077868852592,1,
4581,200,0.010244646525847041,54.19999999999997,0.11192520296293251,3.0,0.0,49.0,22.11875,0.07544378698224863,5.86,10.900000000000032,4.0212500000000055,3.7999999999999967,7.391609986890654,0,
4582,200,0.010234406999937449,54.57499999999997,0.11193446736348642,2.0,0.0,53.0,22.0225,0.07941176470588229,5.3025,12.600000000000037,3.963500000000005,3.8000000000000007,4.400924626444766,0,
4583,200,0.010224177708435698,40.12499999999997,0.11194409120261643,3.0,0.0,43.0,21.573070607553365,0.2703252032520326,4.385878489326765,8.100000000000009,3.8351395730706086,3.3999999999999964,4.114901100086307,1,
4584,200,0.01021395864111251,45.124999999999964,0.11195408726153316,3.0,1.0,52.0,19.42027027027027,0.15909090909090917,4.837837837837838,12.100000000000023,2.9697297297297296,2.199999999999995,6.915555799042754,1,
4585,200,0.010203749787748823,49.84999999999995,0.11196151117915168,2.0,0.0,45.0,19.78108108108108,0.11363636363636354,3.8932432432432433,7.900000000000018,3.1862162162162164,2.7999999999999963,4.254601560631061,1,
4586,200,0.010193551138135765,47.22499999999995,0.11197066217486146,2.0,0.0,50.0,24.520325203252032,0.25689655172413794,1.7707317073170732,11.500000000000027,5.687967479674809,5.900000000000003,8.443194614831489,1,
4587,200,0.010183362682074704,49.57499999999996,0.11197833832233808,3.0,0.0,49.0,21.048257372654156,0.13050314465408808,5.903485254691689,10.300000000000024,3.9073726541554965,3.6999999999999975,5.300719243865872,1,
4588,200,0.010173184409377162,32.04999999999997,0.11198649371489913,3.0,0.0,51.0,20.65858585858586,0.40094339622641506,2.4646464646464645,11.600000000000046,4.607474747474755,4.799999999999996,11.501061773540632,2,
4589,200,0.01016301630986488,43.199999999999974,0.11199425820528042,2.0,0.0,43.0,20.97965571205008,0.21590909090909083,3.5978090766823163,8.200000000000008,3.8292644757433547,3.7999999999999967,4.657417907523541,1,
4590,200,0.010152858373369763,44.97499999999997,0.11200097473041443,2.0,0.0,44.0,18.883954154727792,0.16134751773049638,5.487106017191977,7.700000000000013,2.7964183381088854,2.399999999999996,3.3672863467589687,1,
4591,69,0.010142710589733856,2.525000000000002,0.11200319835405773,1.0,0.0,10.0,4.938202247191011,0,0.7359550561797753,2.0,0.8247191011235949,0.7000000000000002,0.25804879588422774,4,
4592,200,0.010132572948809385,43.324999999999946,0.11200749494870399,2.0,0.0,49.0,23.642089093701998,0.23571428571428577,2.2672811059907834,11.300000000000036,5.519047619047632,5.500000000000005,9.170319348749468,1,
4593,200,0.010122445440458715,51.574999999999946,0.11201591222078415,3.0,0.0,47.0,21.10230179028133,0.08536585365853666,4.020460358056266,9.200000000000042,3.6208439897698255,3.0999999999999948,6.150662542537282,1,
4594,200,0.010112328054554321,60.574999999999946,0.11202529836580624,2.0,1.0,47.0,24.09125,0.013736263736263687,5.16,10.000000000000007,5.204750000000008,5.699999999999999,6.170287078573595,0,
4595,200,0.010102220780978834,42.37499999999997,0.11203312063477255,2.0,0.0,47.0,22.104065040650408,0.2612781954887218,3.6,9.40000000000003,4.238211382113826,4.600000000000009,5.583774165573878,1,
4596,200,0.01009212360962496,42.32499999999996,0.11204380488255336,2.0,0.0,47.0,20.944715447154472,0.26908396946564883,4.061788617886179,9.400000000000016,3.542601626016261,3.399999999999997,4.213155590338015,1,
4597,200,0.010082036530395536,55.599999999999966,0.11205192343098828,2.0,0.0,43.0,21.1325,0.033950617283950546,2.9275,7.000000000000016,3.429500000000001,3.399999999999994,1.722082440753818,0,
4598,200,0.01007195953320349,38.97499999999998,0.11205894031941227,1.0,0.0,40.0,19.09430894308943,0.25877192982456143,2.391869918699187,4.9999999999999885,2.43235772357723,2.499999999999995,0.8674918566775194,1,
4599,200,0.010061892607971811,52.449999999999974,0.11206789710214984,2.0,1.0,41.0,20.40375,0.014331210191082855,6.3,6.00000000000002,2.9922500000000003,3.299999999999997,2.265893477958567,0,
4600,200,0.010051835744633576,44.14999999999997,0.1120752468691494,2.0,0.0,44.0,19.62157809983897,0.23863636363636354,1.2576489533011272,7.800000000000012,2.82576489533011,2.0999999999999948,3.8430498392282995,1,
4601,200,0.010041788933131934,40.87499999999997,0.11208290097930332,2.0,0.0,45.0,21.15136876006441,0.2578740157480315,2.8760064412238324,8.30000000000002,3.743639291465378,3.6999999999999957,3.075188932683343,1,
4602,200,0.010031752163420051,43.94999999999995,0.11208404835135766,2.0,0.0,45.0,22.950080515297905,0.23897058823529416,3.7359098228663448,9.000000000000018,4.822866344605486,5.1000000000000245,5.3973333160460895,1,
4603,200,0.010021725425461177,43.52499999999996,0.11209075763189139,2.0,0.0,45.0,21.64433811802233,0.2425373134328359,3.6315789473684212,8.30000000000003,4.10925039872409,4.400000000000018,4.6760666754848605,1,
4604,200,0.010011708709228555,54.99999999999995,0.11209920573447255,2.0,1.0,42.0,22.435,0.009036144578313143,5.62875,7.400000000000009,4.211000000000009,4.400000000000001,2.2235324742695135,0,
