df_label,reward_mean,reward_median,reward_stdev,numerosity_mean,numerosity_median,numerosity_stdev,fitness_mean,fitness_median,fitness_stdev
baseline,949.3714285714286,522.7999999999997,1159.4929795060468,2515.5714285714284,1309.5,3825.0851593383486,15396.241071428574,3980.3999999999987,32750.49883111247
utilitarian,2732.2655172413793,1482.2999999999997,3436.2047289826546,7886.103448275862,3785.0,11656.982301683975,108884.13,17918.580000000027,184099.56301668377
maximin,7313.185714285717,1255.700000000001,14342.057498800776,17776.6,2573.0,40262.239911828634,526516.3920000001,12793.739999999982,1967604.1135478662
egalitarian,2408.139024390244,417.0999999999995,4611.605768540827,6571.731707317073,1311.0,14119.263360785488,63607.51024390245,5175.960000000005,166093.34643500595
average,3759.358333333332,689.7666666666671,5789.859293503037,9119.361111111111,2471.0,16707.731510809648,119202.18055555556,23982.059999999998,288605.57593400945
majoritarian,3524.5057142857136,793.3999999999992,6525.181484243892,9209.342857142858,2013.0,16464.231308654344,144900.26828571426,17484.21,288401.10584264336
optimist,4291.289743589745,740.1000000000001,10356.14761352164,8148.384615384615,1222.0,15406.187286820812,98040.93538461541,7864.200000000017,231688.0289911228
veto,3643.2606060606067,544.5000000000011,5848.308310525544,11258.30303030303,1598.0,20921.875027236518,280159.92363636364,6454.649999999999,687120.5016364665
