df_label,reward_mean,reward_median,reward_stdev,numerosity_mean,numerosity_median,numerosity_stdev,fitness_mean,fitness_median,fitness_stdev
baseline,142.15187165775401,118.0,104.47598753916867,376.6631016042781,345.0,257.6465839737432,2305.319518716578,732.3300000000011,4786.96481080297
utilitarian,115.000290275762,89.30000000000003,104.10447849048609,331.9477503628447,285.0,247.38393484520319,4582.9350217706815,1301.1299999999999,9814.61619822933
maximin,206.41725806451615,167.55,169.7970329708744,501.8725806451613,429.5,389.40952368035846,14861.415580645162,2877.765000000001,32507.82799730299
egalitarian,135.80976616231084,73.7,161.63998411197443,370.6203576341128,288.0,335.37137676961305,3587.2185969738653,876.9599999999999,8536.6478738033
average,141.7140314136126,105.56666666666688,134.78489983265595,343.7664921465969,284.0,324.47508800135824,4493.485340314135,950.1599999999992,26156.835683649533
majoritarian,192.74640624999998,119.29999999999981,218.8747385167454,503.6359375,346.5,489.51572340825635,7924.233421875001,1335.8099999999995,21009.21142857254
optimist,197.12638398115433,125.99999999999991,211.19949102829733,374.30742049469967,305.0,321.2746664108742,4503.6472084805655,842.3999999999977,18698.457771507925
veto,178.3740356083086,129.89999999999998,176.89082443033078,551.2893175074184,417.5,525.0235720783108,13717.033486646884,1970.8649999999993,37868.79866278506
