df_label,reward_mean,reward_median,reward_stdev,numerosity_mean,numerosity_median,numerosity_stdev,fitness_mean,fitness_median,fitness_stdev
baseline,0.0,0.0,0.0,0.0,0.0,0.0,0.0,0.0,0.0
utilitarian,1.2857142857142858,1.0,0.48795003647426666,28.857142857142858,27.0,18.79209560274897,693.6428571428571,345.6,831.6557778655439
maximin,1.037037037037037,1.0,0.19245008972987526,14.37037037037037,12.0,8.87151079037295,202.53333333333333,184.8,151.3883518535131
egalitarian,1.0,1.0,,26.0,26.0,,763.8,763.8,
average,1.0,1.0,0.0,22.666666666666668,27.0,8.386497083606084,528.0,471.6,496.209794341063
majoritarian,1.125,1.0,0.3535533905932738,15.375,15.5,5.680480361981471,139.3875,87.0,117.51566992776507
veto,1.1153846153846154,1.0,0.3226025390322358,37.94230769230769,38.5,15.268079558139103,639.8884615384615,585.1500000000001,516.7996401890655
optimist,1.0,1.0,0.0,14.0,16.0,5.291502622129181,143.9,171.0,113.60074823697245
