df_label,reward_mean,reward_median,reward_stdev,numerosity_mean,numerosity_median,numerosity_stdev,fitness_mean,fitness_median,fitness_stdev
baseline,-9.768996763754018,-21.599999999999994,122.74193204215523,357.6860841423948,288.0,331.969980335253,-604.3639611650485,0.0,5114.144054736062
utilitarian,36.9866108786611,-0.15,91.37366140728781,265.4200836820084,208.5,230.71268750504115,931.0256234309622,0.0,6235.569811648945
maximin,69.39685551640015,12.0,166.67789902603198,445.80157224179993,326.0,430.6091737379602,2919.818441312009,0.0,24925.976002891824
egalitarian,35.183546099290794,-1.2,118.9014524780808,310.8113475177305,218.0,326.1834923420225,430.66248936170206,0.0,6110.93676436824
average,41.73021951219514,-0.4,105.05415972159396,256.36121951219513,198.0,271.1057557866748,559.2598975609754,0.0,13192.06239863137
majoritarian,49.84792828685261,-1.2,151.5240037628102,329.14860557768924,242.0,350.3807014358362,1627.7758087649404,0.0,11697.760387151746
optimist,103.57434210526321,43.69999999999999,171.24441960463295,332.8872807017544,244.0,376.5702930680894,597.0837894736849,0.0,14010.158628635472
veto,56.842030407062296,5.0,149.63301867803685,441.6503187837175,300.0,468.19103764568507,2533.73490926925,0.0,24767.55958204507
