society,num_emerged_norms,num_cooperative_norms,proportion_cooperative
baseline,18094,1545,8.538742124461148
utilitarian,23415,2390,10.20713218022635
maximin,23269,3689,15.85371094589368
egalitarian,23068,2820,12.224726894399168
average,25612,4100,16.008121193190693
majoritarian,21245,2510,11.814544598729112
optimist,25200,2280,9.047619047619047
veto,17500,2039,11.651428571428571
