society,num_emerged_norms,num_cooperative_norms,proportion_cooperative
baseline,6146,0,0.0
utilitarian,892,7,0.7847533632286996
maximin,1020,27,2.6470588235294117
egalitarian,509,1,0.19646365422396855
average,495,3,0.6060606060606061
majoritarian,551,8,1.4519056261343013
veto,799,52,6.508135168961202
optimist,657,3,0.45662100456621
