society,num_emerged_norms,num_cooperative_norms,proportion_cooperative
baseline,10117,187,1.8483740239201345
utilitarian,14729,689,4.677846425419241
maximin,14587,1240,8.500719819016933
egalitarian,14419,727,5.041958526943616
average,14723,955,6.4864497724648515
majoritarian,13433,640,4.764386213057396
optimist,16769,849,5.062913709821695
veto,11166,674,6.036181264553107
