society,num_emerged_norms,num_cooperative_norms,proportion_cooperative
baseline,271,60,22.14022140221402
utilitarian,288,55,19.09722222222222
maximin,282,60,21.27659574468085
egalitarian,306,63,20.588235294117645
average,268,66,24.62686567164179
majoritarian,301,58,19.269102990033225
optimist,357,69,19.327731092436977
veto,285,58,20.350877192982455
