society,num_emerged_norms,num_cooperative_norms,proportion_cooperative
baseline,209,28,13.397129186602871
utilitarian,225,29,12.88888888888889
maximin,223,35,15.695067264573993
egalitarian,249,41,16.46586345381526
average,203,36,17.733990147783253
majoritarian,243,35,14.40329218106996
optimist,283,39,13.780918727915195
veto,226,33,14.601769911504425
