{
    "min_berries": {
        "baseline_mean": 3.6165239975403676,
        "maximin_mean": 3.9825560037592505,
        "baseline_stdev": 2.4073862063659646,
        "maximin_stdev": 2.5228418608741294,
        "cohens_d": -0.14844411932117707
    },
    "total_berries": {
        "baseline_mean": 16.518191302213822,
        "maximin_mean": 16.964735736526478,
        "baseline_stdev": 10.41032131963123,
        "maximin_stdev": 10.433226796568137,
        "cohens_d": -0.04284723140151949
    },
    "gini_berries": {
        "baseline_mean": 0.087977099920932,
        "maximin_mean": 0.04298208242435262,
        "baseline_stdev": 0.09879941906823705,
        "maximin_stdev": 0.04687320741694453,
        "cohens_d": 0.5818921134196187
    }
}