{
    "min_berries": {
        "baseline_mean": 3.7926188391583118,
        "maximin_mean": 4.078144486181599,
        "baseline_stdev": 2.552757755347182,
        "maximin_stdev": 2.521997062837979,
        "cohens_d": -0.11252579169402724
    },
    "total_berries": {
        "baseline_mean": 19.90427118175985,
        "maximin_mean": 19.667056817687488,
        "baseline_stdev": 12.100328418021816,
        "maximin_stdev": 11.705767344401234,
        "cohens_d": 0.019926139275236773
    },
    "gini_berries": {
        "baseline_mean": 0.1626819789328777,
        "maximin_mean": 0.12332874197444323,
        "baseline_stdev": 0.10011653262642803,
        "maximin_stdev": 0.06625867813357639,
        "cohens_d": 0.463564576850931
    }
}