{
    "min_well_being": {
        "baseline_mean": 7.990242947951975,
        "maximin_mean": 8.3961961729249,
        "baseline_stdev": 0.6969197723743862,
        "maximin_stdev": 0.5767212197267821,
        "cohens_d": -0.6346488754572708
    },
    "total_well_being": {
        "baseline_mean": 59.36078046901513,
        "maximin_mean": 54.98204334041071,
        "baseline_stdev": 15.819865552019447,
        "maximin_stdev": 12.68226270786861,
        "cohens_d": 0.3054118914533048
    },
    "gini_well_being": {
        "baseline_mean": 0.23629618679284672,
        "maximin_mean": 0.21402682421707891,
        "baseline_stdev": 0.09377875396935557,
        "maximin_stdev": 0.07806167829365981,
        "cohens_d": 0.2581091690146841
    }
}