df_label,reward_mean,reward_median,reward_stdev,numerosity_mean,numerosity_median,numerosity_stdev,fitness_mean,fitness_median,fitness_stdev
baseline,0.0,0.0,0.0,0.0,0.0,0.0,0.0,0.0,0.0
utilitarian,-1.178407350689127,0.0,2.615500575495435,148.2356431852986,42.0,201.27396042692382,-3.5679555895865236,0.0,10.141662070258922
maximin,-1.2142989100314059,0.0,4.83167160435254,213.18566414188066,48.0,372.9129784630683,-0.509218547940144,0.0,5.322835485368437
egalitarian,-1.1052300926653056,0.0,4.261435537071826,159.8798492225538,36.0,286.86257920345713,-0.6195068321030311,0.0,5.812286395785308
average,-0.8900175131348511,0.0,4.131888792285066,172.04728546409808,36.0,298.75369814448356,-0.2866549912434326,0.0,3.5626781034682304
majoritarian,-1.2536367027228645,0.0,4.175390324946736,211.15367400223798,36.0,385.9534533513319,-0.6118612458038046,0.0,5.014913881932043
veto,-1.1635921346036895,0.0,4.526370895636943,317.504155686195,48.0,560.8200426773412,-0.41287249138455295,0.0,4.231795911144115
optimist,-1.364545818327331,0.0,5.124540569986111,264.6110444177671,48.0,453.6158378750595,-0.6174669867947179,0.0,6.2712530003921465
