{
    "min_well_being": {
        "baseline_mean": 6.5051217698068475,
        "maximin_mean": 5.625502072967975,
        "baseline_stdev": 0.6498622142241334,
        "maximin_stdev": 0.5199302748073712,
        "cohens_d": 1.4946982621973106
    },
    "total_well_being": {
        "baseline_mean": 41.04672200695818,
        "maximin_mean": 40.32745978837655,
        "baseline_stdev": 7.855647520752751,
        "maximin_stdev": 8.581544112128185,
        "cohens_d": 0.08743122083807561
    },
    "gini_well_being": {
        "baseline_mean": 0.18652739316048556,
        "maximin_mean": 0.21573118602371047,
        "baseline_stdev": 0.058529006878701544,
        "maximin_stdev": 0.06356272604758599,
        "cohens_d": -0.4779849220432566
    }
}