{
    "min_berries": {
        "baseline_mean": 3.6234932137448634,
        "maximin_mean": 3.5207558930497513,
        "baseline_stdev": 2.591916667764064,
        "maximin_stdev": 2.4651442485273836,
        "cohens_d": 0.04061847633299493
    },
    "total_berries": {
        "baseline_mean": 17.196058561114242,
        "maximin_mean": 17.153768527403237,
        "baseline_stdev": 10.93762226771067,
        "maximin_stdev": 10.946557861020281,
        "cohens_d": 0.0038648950919755207
    },
    "gini_berries": {
        "baseline_mean": 0.13951172797080383,
        "maximin_mean": 0.13542919358742336,
        "baseline_stdev": 0.12686176700075316,
        "maximin_stdev": 0.12441472543389014,
        "cohens_d": 0.03249281912063782
    }
}