episode,min_days,max_days,average_days,total_days,gini_days,min_berries,max_berries,average_berries,total_berries,gini_berries,min_days_survived,max_days_survived,average_days_survived,total_days_survived,gini_days_survived
1,282.0,7020.0,3459.0,13836.0,0.41890719861231573,6,43,28.75,115,0.2630434782608696,46,200,155.75,623,0.1946227929373996
2,221.0,7890.0,3838.25,15353.0,0.45230573829219045,5,44,27.25,109,0.3142201834862385,33,200,140.25,561,0.2553475935828877
3,681.0,6984.0,3872.25,15489.0,0.3813190005810575,11,43,32.25,129,0.20348837209302317,74,200,168.5,674,0.14020771513353125
4,134.0,6936.0,2996.0,11984.0,0.5116822429906542,4,43,23.0,92,0.38586956521739135,27,200,124.0,496,0.3276209677419355
5,125.0,6966.0,4067.75,16271.0,0.32639358367647964,3,44,30.5,122,0.2581967213114754,21,200,155.25,621,0.21618357487922713
6,171.0,8844.0,4122.75,16491.0,0.41190649445151906,3,46,30.25,121,0.27066115702479343,27,200,156.75,627,0.2069377990430623
7,63.0,7260.0,2731.5,10926.0,0.5702910488742449,1,44,20.75,83,0.4849397590361446,15,200,110.5,442,0.4117647058823529
8,819.0,7014.0,4014.75,16059.0,0.30492247337941336,14,44,32.75,131,0.17366412213740468,86,200,171.5,686,0.12463556851311952
9,36.0,2007.0,689.0,2756.0,0.5898040638606676,0,21,8.25,33,0.5378787878787878,9,86,43.0,172,0.4040697674418605
10,108.0,5886.0,1557.5,6230.0,0.6957463884430176,2,39,11.25,45,0.6166666666666667,15,200,64.25,257,0.5398832684824902
11,219.0,8640.0,4031.25,16125.0,0.4847906976744186,5,46,25.5,102,0.37254901960784315,39,200,126.75,507,0.30325443786982254
12,69.0,324.0,159.0,636.0,0.30188679245283023,1,6,3.0,12,0.33333333333333337,15,32,23.75,95,0.1499999999999999
13,101.0,2529.0,1063.0,4252.0,0.5004703668861712,2,29,15.75,63,0.4087301587301587,9,182,98.75,395,0.4158227848101266
14,53.0,5667.0,1606.0,6424.0,0.6770703611457036,1,35,13.5,54,0.5370370370370371,9,146,68.75,275,0.45545454545454545
15,69.0,6984.0,2577.75,10311.0,0.5252400349141694,1,41,25.25,101,0.3242574257425742,15,200,142.0,568,0.2649647887323944
16,42.0,6840.0,3121.5,12486.0,0.5164584334454589,0,42,20.5,82,0.49390243902439024,9,200,107.5,430,0.4372093023255814
17,369.0,7014.0,3723.75,14895.0,0.4381168177240685,9,43,26.75,107,0.2920560747663551,63,200,142.0,568,0.22271126760563376
18,144.0,7230.0,3467.75,13871.0,0.4948633840386417,2,42,22.75,91,0.43131868131868134,21,200,113.5,454,0.3876651982378855
19,69.0,3528.0,1427.25,5709.0,0.5374408828166054,1,34,14.75,59,0.5042372881355932,15,200,94.0,376,0.4481382978723404
20,804.0,6306.0,3814.5,15258.0,0.31920959496657486,18,40,33.5,134,0.12686567164179108,117,200,179.25,717,0.08682008368200833
21,98.0,6714.0,3771.5,15086.0,0.3731605462017765,2,41,29.75,119,0.2584033613445378,15,200,153.75,615,0.22560975609756095
22,270.0,8076.0,3411.0,13644.0,0.5156112576956904,4,45,24.25,97,0.39948453608247425,32,200,122.25,489,0.33077709611451944
23,77.0,3468.0,1754.75,7019.0,0.4659851830745121,1,36,20.25,81,0.4104938271604939,9,200,116.5,466,0.38412017167381973
24,129.0,6354.0,2923.25,11693.0,0.5044257247926109,3,43,21.5,86,0.4418604651162791,27,200,113.5,454,0.3810572687224669
25,42.0,2130.0,954.0,3816.0,0.4304245283018868,0,35,16.25,65,0.4346153846153846,9,200,101.75,407,0.3814496314496314
26,318.0,6240.0,3412.5,13650.0,0.3385714285714285,6,44,30.75,123,0.2337398373983739,45,200,161.25,645,0.18023255813953498
27,164.0,4788.0,2374.75,9499.0,0.4260711653858301,4,39,27.25,109,0.25917431192660545,27,200,151.0,604,0.22433774834437092
28,429.0,8004.0,3491.25,13965.0,0.4240064446831364,9,45,31.0,124,0.217741935483871,62,200,165.5,662,0.15634441087613293
29,80.0,7889.0,2394.75,9579.0,0.6451873890802797,2,42,17.0,68,0.5,15,177,86.75,347,0.42291066282420753
30,93.0,9372.0,3104.0,12416.0,0.6141672036082474,1,45,22.0,88,0.46590909090909094,15,200,112.0,448,0.4029017857142857
31,119.0,5220.0,1829.0,7316.0,0.5562465828321487,3,37,17.75,71,0.4119718309859155,21,176,96.75,387,0.3585271317829457
32,1467.0,7386.0,4500.75,18003.0,0.29299283452757874,23,43,36.0,144,0.11111111111111116,146,200,186.5,746,0.054289544235925025
33,41.0,3504.0,1224.5,4898.0,0.5702327480604328,1,37,15.5,62,0.49193548387096775,9,200,91.0,364,0.4464285714285714
34,144.0,7002.0,2954.25,11817.0,0.5227849708047728,2,42,22.25,89,0.4241573033707865,21,200,118.0,472,0.3633474576271186
35,450.0,6900.0,3696.75,14787.0,0.43147697301683907,7,43,24.5,98,0.3571428571428571,50,200,126.5,506,0.2934782608695652
36,147.0,6630.0,2542.5,10170.0,0.5504424778761062,3,41,21.5,86,0.42441860465116277,27,200,116.5,466,0.36480686695278974
37,36.0,9282.0,4696.5,18786.0,0.3846215266687959,0,44,29.75,119,0.28361344537815125,9,200,152.25,609,0.2352216748768472
38,62.0,6630.0,3672.5,14690.0,0.38056501021102795,2,42,29.5,118,0.2542372881355932,15,200,153.75,615,0.22560975609756095
39,47.0,7872.0,3187.0,12748.0,0.5508707248195795,1,41,20.25,81,0.4722222222222222,9,200,107.5,430,0.4372093023255814
40,144.0,890.0,349.75,1399.0,0.4097569692637598,3,22,8.25,33,0.43181818181818177,21,135,55.5,222,0.3851351351351351
41,36.0,10152.0,3853.5,15414.0,0.4923121837290775,0,47,30.0,120,0.30000000000000004,9,200,152.25,609,0.2352216748768472
42,36.0,8670.0,3195.0,12780.0,0.5821596244131455,0,45,21.5,86,0.5,9,200,107.5,430,0.4372093023255814
43,36.0,5268.0,2403.5,9614.0,0.5160703141252341,0,38,19.5,78,0.4807692307692307,9,200,106.0,424,0.44693396226415094
44,537.0,6432.0,4184.25,16737.0,0.27563183366194655,11,42,33.0,132,0.17803030303030298,74,200,168.5,674,0.14020771513353125
45,447.0,6168.0,3693.75,14775.0,0.3068527918781726,7,39,30.25,121,0.2004132231404958,50,200,162.5,650,0.17307692307692313
46,75.0,4116.0,1974.75,7899.0,0.4911697683251044,1,36,19.25,77,0.44480519480519476,15,200,112.0,448,0.4029017857142857
47,258.0,6282.0,3652.5,14610.0,0.3713552361396304,6,41,29.75,119,0.22899159663865554,45,200,161.25,645,0.18023255813953498
48,36.0,7278.0,2842.5,11370.0,0.5618733509234829,0,42,20.5,82,0.49390243902439024,9,200,107.5,430,0.4372093023255814
49,36.0,5676.0,2031.75,8127.0,0.520764119601329,0,41,19.75,79,0.4082278481012658,9,200,111.75,447,0.34395973154362414
50,71.0,3366.0,2177.75,8711.0,0.30900585466651365,1,36,27.0,108,0.24537037037037046,9,200,152.25,609,0.2352216748768472
51,80.0,7500.0,3461.0,13844.0,0.41736492343253395,2,43,28.75,115,0.2717391304347826,15,200,153.75,615,0.22560975609756095
52,4446.0,7986.0,5640.0,22560.0,0.12646276595744688,38,42,39.5,158,0.018987341772152,200,200,200.0,800,0.0
53,591.0,6624.0,3674.25,14697.0,0.36328842620943047,11,44,32.25,129,0.1996124031007751,75,200,168.75,675,0.13888888888888884
54,62.0,8813.0,2894.5,11578.0,0.5929780618414234,2,44,20.25,81,0.41666666666666663,15,189,107.5,430,0.33488372093023255
55,141.0,5028.0,1843.25,7373.0,0.5249220127492201,3,39,21.5,86,0.33720930232558144,27,200,125.5,502,0.28486055776892427
56,108.0,10500.0,4296.0,17184.0,0.5237430167597765,2,45,26.5,106,0.3584905660377359,21,200,134.5,538,0.28810408921933084
57,263.0,7614.0,4205.75,16823.0,0.3665071628128158,7,41,31.0,124,0.217741935483871,45,200,161.25,645,0.18023255813953498
58,297.0,7326.0,3604.5,14418.0,0.4637952559300874,5,44,24.75,99,0.36616161616161613,39,200,128.5,514,0.2957198443579766
59,197.0,1176.0,662.0,2648.0,0.34441087613293053,5,20,12.0,48,0.29166666666666663,33,128,79.0,316,0.2768987341772152
60,162.0,6702.0,3492.0,13968.0,0.39884020618556704,4,42,29.75,119,0.25,33,200,158.25,633,0.19786729857819907
61,119.0,10434.0,4573.25,18293.0,0.42930355873831516,3,46,30.5,122,0.26639344262295084,21,200,155.25,621,0.21618357487922713
62,62.0,7614.0,3321.5,13286.0,0.45690952882733704,2,43,28.0,112,0.2901785714285714,15,200,150.75,603,0.2350746268656716
63,93.0,4374.0,2208.5,8834.0,0.4609463436721757,1,38,21.0,84,0.4107142857142857,15,200,118.0,472,0.36970338983050843
64,159.0,6114.0,2638.5,10554.0,0.46702671972711773,3,40,25.25,101,0.3044554455445545,27,200,143.5,574,0.24912891986062724
65,81.0,6450.0,2643.0,10572.0,0.5305051078320091,1,43,23.0,92,0.4130434782608695,15,200,122.5,490,0.34693877551020413
66,63.0,5406.0,1822.25,7289.0,0.6017629304431334,1,43,19.0,76,0.493421052631579,15,200,104.5,418,0.42105263157894735
67,261.0,6426.0,2864.25,11457.0,0.4474338832155015,5,40,25.0,100,0.31000000000000005,39,200,138.75,555,0.25540540540540535
68,2142.0,6720.0,4413.0,17652.0,0.23504418762746426,31,43,37.5,150,0.06333333333333324,188,200,197.0,788,0.011421319796954377
69,47.0,3822.0,2177.75,8711.0,0.35928710825393184,1,38,26.75,107,0.25934579439252337,9,200,152.25,609,0.2352216748768472
70,62.0,9318.0,4458.5,17834.0,0.39018167545138505,2,46,30.5,122,0.2704918032786885,15,200,153.75,615,0.22560975609756095
71,62.0,3696.0,1014.25,4057.0,0.6814764604387479,2,36,11.5,46,0.5760869565217391,9,200,67.25,269,0.5604089219330854
72,225.0,3822.0,1980.0,7920.0,0.4399621212121212,3,38,21.25,85,0.3970588235294118,26,200,119.25,477,0.3516771488469602
73,324.0,5418.0,3649.5,14598.0,0.282059186189889,8,41,30.75,123,0.20934959349593485,57,200,164.25,657,0.16324200913242004
74,80.0,9234.0,4128.5,16514.0,0.4593375317912075,2,45,29.75,119,0.27521008403361347,15,200,153.75,615,0.22560975609756095
75,173.0,6186.0,2188.0,8752.0,0.5525022851919561,3,43,22.75,91,0.3928571428571429,21,200,122.5,490,0.3408163265306122
76,36.0,5196.0,1638.0,6552.0,0.6183608058608059,0,36,14.75,59,0.4957627118644068,9,140,74.5,298,0.3691275167785235
77,63.0,8400.0,4316.25,17265.0,0.4326238053866204,1,45,29.75,119,0.29201680672268904,15,200,153.75,615,0.22560975609756095
78,377.0,6852.0,3710.0,14840.0,0.4282681940700809,9,43,27.0,108,0.2962962962962963,57,200,139.0,556,0.23830935251798557
79,387.0,6960.0,2841.75,11367.0,0.4669437846397466,6,43,26.25,105,0.29761904761904767,38,200,141.5,566,0.24646643109540634
80,174.0,8460.0,4137.0,16548.0,0.4452501812907904,4,42,30.0,120,0.25416666666666665,33,200,158.25,633,0.19786729857819907
81,1668.0,8178.0,4230.0,16920.0,0.33404255319148934,33,44,37.0,148,0.057432432432432456,200,200,200.0,800,0.0
82,249.0,8754.0,4175.25,16701.0,0.42783366265493084,5,44,30.25,121,0.25,39,200,159.75,639,0.18896713615023475
83,71.0,335.0,156.5,626.0,0.34504792332268375,1,10,4.25,17,0.42647058823529416,9,57,24.0,96,0.375
84,68.0,7302.0,3584.0,14336.0,0.4932338169642857,2,41,22.0,88,0.4375,15,200,112.0,448,0.4029017857142857
85,306.0,2544.0,1434.0,5736.0,0.38493723849372385,6,37,21.75,87,0.3362068965517241,45,200,128.5,514,0.28988326848249024
86,513.0,6276.0,3353.25,13413.0,0.37458063073138004,7,41,30.5,122,0.21721311475409832,50,200,162.5,650,0.17307692307692313
87,420.0,5436.0,2876.75,11507.0,0.41689840966368297,8,41,25.5,102,0.2892156862745098,57,200,140.5,562,0.23309608540925275
88,213.0,6510.0,3173.0,12692.0,0.4511897258115348,3,42,26.5,106,0.3207547169811321,26,200,138.75,555,0.26711711711711716
89,443.0,6720.0,3392.75,13571.0,0.3785093213469899,11,44,31.25,125,0.20199999999999996,69,200,167.25,669,0.14686098654708513
90,80.0,6468.0,3408.5,13634.0,0.35811207275927825,2,42,28.75,115,0.2630434782608696,15,200,153.75,615,0.22560975609756095
91,71.0,4728.0,1564.75,6259.0,0.5744927304681259,1,37,16.5,66,0.4242424242424242,9,200,97.0,388,0.3878865979381443
92,165.0,6786.0,3038.25,12153.0,0.5045050604788941,3,41,22.5,90,0.4111111111111111,27,200,118.0,472,0.3569915254237288
93,318.0,6396.0,3237.5,12950.0,0.4593436293436294,6,41,24.25,97,0.3479381443298969,45,200,127.0,508,0.29625984251968507
94,336.0,5616.0,2819.25,11277.0,0.42145517424847034,8,41,25.25,101,0.28960396039603964,57,200,141.75,567,0.22883597883597884
95,120.0,1113.0,603.0,2412.0,0.40174129353233834,2,18,9.25,37,0.3986486486486487,21,98,59.5,238,0.31092436974789917
96,146.0,9792.0,3968.0,15872.0,0.48651713709677424,4,47,30.75,123,0.27439024390243905,27,200,156.75,627,0.2069377990430623
97,369.0,4776.0,2351.0,9404.0,0.4427371331348362,7,41,23.75,95,0.3447368421052631,51,200,127.0,508,0.29035433070866146
98,87.0,6144.0,3411.75,13647.0,0.382556605847439,1,41,28.75,115,0.2717391304347826,15,200,153.75,615,0.22560975609756095
99,59.0,7758.0,3308.75,13235.0,0.5340952021156026,2,44,22.0,88,0.4545454545454546,9,200,110.5,442,0.418552036199095
100,206.0,6222.0,2973.5,11894.0,0.4755759206322515,6,43,24.5,98,0.3571428571428571,39,200,127.0,508,0.3021653543307087
101,75.0,6744.0,3518.25,14073.0,0.40902792581539116,1,46,30.0,120,0.29166666666666663,15,200,153.75,615,0.22560975609756095
102,102.0,5640.0,2516.0,10064.0,0.5104332273449921,2,43,21.5,86,0.4418604651162791,21,200,115.0,460,0.3793478260869565
103,255.0,7434.0,3016.25,12065.0,0.5261707418151679,6,42,23.0,92,0.375,39,200,122.5,490,0.3224489795918367
104,90.0,2202.0,867.75,3471.0,0.5010803802938635,2,24,12.0,48,0.38541666666666663,21,116,70.0,280,0.29107142857142854
105,65.0,534.0,242.0,968.0,0.3997933884297521,1,8,4.0,16,0.375,9,44,28.25,113,0.27212389380530977
106,42.0,6372.0,2967.0,11868.0,0.49115267947421637,0,43,22.25,89,0.4410112359550562,9,200,116.25,465,0.38548387096774195
107,62.0,7482.0,4034.0,16136.0,0.3459965294992563,2,44,30.0,120,0.26249999999999996,15,200,153.75,615,0.22560975609756095
108,107.0,566.0,249.75,999.0,0.37112112112112117,2,11,5.0,20,0.35,15,63,33.0,132,0.2954545454545454
109,149.0,4656.0,2374.25,9497.0,0.4529061808992313,5,42,23.5,94,0.3670212765957447,33,200,125.5,502,0.31474103585657376
110,3528.0,6996.0,5188.5,20754.0,0.1479473836368892,37,42,39.25,157,0.027070063694267565,200,200,200.0,800,0.0
111,171.0,7542.0,3804.75,15219.0,0.3651192588212103,3,43,29.5,118,0.2542372881355932,27,200,156.75,627,0.2069377990430623
112,329.0,6750.0,3646.25,14585.0,0.3708090503942406,9,43,31.0,124,0.20967741935483875,57,200,164.25,657,0.16324200913242004
113,320.0,6768.0,4134.5,16538.0,0.3282440440198331,8,43,31.5,126,0.21825396825396814,51,200,162.75,651,0.1716589861751152
114,36.0,7398.0,3081.0,12324.0,0.46299902629016554,0,42,28.5,114,0.2850877192982456,9,200,152.25,609,0.2352216748768472
115,221.0,6732.0,3241.75,12967.0,0.45683272923575224,7,42,27.75,111,0.26801801801801806,45,200,148.0,592,0.21875
116,452.0,9012.0,4197.5,16790.0,0.4612567004169148,10,47,27.25,109,0.30963302752293576,63,200,138.75,555,0.23378378378378373
117,290.0,7746.0,4511.0,18044.0,0.3237087120372423,8,44,31.5,126,0.22222222222222232,51,200,162.75,651,0.1716589861751152
118,57.0,9288.0,3426.5,13706.0,0.5803297825769735,1,46,22.25,89,0.4803370786516854,15,200,109.0,436,0.42087155963302747
119,2076.0,5706.0,3642.0,14568.0,0.22940691927512358,35,39,37.25,149,0.025167785234899265,200,200,200.0,800,0.0
120,98.0,7320.0,2780.0,11120.0,0.5546762589928057,2,43,22.0,88,0.4375,15,200,115.0,460,0.38586956521739135
121,939.0,8472.0,3994.5,15978.0,0.4196395043184379,19,42,30.5,122,0.180327868852459,123,200,164.25,657,0.11301369863013688
122,122.0,6528.0,3581.0,14324.0,0.3432700363027087,4,43,30.25,121,0.25,27,200,156.75,627,0.2069377990430623
123,153.0,3528.0,1559.25,6237.0,0.43253968253968256,3,35,20.5,82,0.2987804878048781,27,176,121.0,484,0.23657024793388426
124,65.0,650.0,398.75,1595.0,0.33808777429467085,1,14,8.5,34,0.3529411764705882,9,87,52.5,210,0.33571428571428574
125,377.0,7806.0,4600.25,18401.0,0.371841204282376,9,44,32.75,131,0.21183206106870234,57,200,164.25,657,0.16324200913242004
126,36.0,6342.0,2715.75,10863.0,0.5318282242474455,0,42,20.25,81,0.4907407407407407,9,200,109.0,436,0.4277522935779816
127,42.0,6894.0,2688.0,10752.0,0.5627790178571429,0,44,20.25,81,0.5092592592592593,9,200,107.5,430,0.4372093023255814
128,41.0,8760.0,3479.75,13919.0,0.4918995617501257,1,44,29.5,118,0.2838983050847458,9,200,152.25,609,0.2352216748768472
129,107.0,9300.0,4003.25,16013.0,0.45296009492287514,3,44,29.5,118,0.2627118644067796,21,200,155.25,621,0.21618357487922713
130,215.0,8244.0,4871.75,19487.0,0.3245625288653975,5,44,31.75,127,0.2303149606299213,33,200,158.25,633,0.19786729857819907
131,156.0,7104.0,2940.0,11760.0,0.48367346938775513,2,43,25.5,102,0.3382352941176471,21,200,137.25,549,0.27732240437158473
132,2052.0,8484.0,5074.5,20298.0,0.2693615134496009,33,42,38.0,152,0.05592105263157898,200,200,200.0,800,0.0
133,159.0,9792.0,5537.25,22149.0,0.32842340511987,5,45,32.25,129,0.2383720930232558,39,200,159.75,639,0.18896713615023475
134,170.0,10566.0,5461.25,21845.0,0.42672236209658965,6,47,32.0,128,0.265625,39,200,158.25,633,0.19312796208530814
135,47.0,7542.0,3644.75,14579.0,0.47806776870841616,1,45,26.5,106,0.3584905660377359,9,200,134.5,538,0.2992565055762082
136,234.0,6900.0,3279.0,13116.0,0.45356816102470265,6,45,27.25,109,0.30963302752293576,45,200,143.25,573,0.23429319371727741
137,63.0,6732.0,2338.5,9354.0,0.560455420141116,1,42,21.5,86,0.37790697674418605,15,200,122.5,490,0.3040816326530612
138,63.0,5010.0,1300.75,5203.0,0.7130982125696713,1,39,10.5,42,0.6785714285714286,9,200,58.25,233,0.621244635193133
139,225.0,6528.0,3057.75,12231.0,0.4013367672308069,3,41,28.75,115,0.25,26,200,156.5,626,0.20846645367412142
140,666.0,8178.0,3113.25,12453.0,0.4686220187906529,10,44,27.25,109,0.2637614678899083,68,200,150.5,602,0.19186046511627897
141,92.0,245.0,154.0,616.0,0.20698051948051943,2,5,3.0,12,0.20833333333333326,15,33,24.0,96,0.15625
142,401.0,7494.0,3596.75,14387.0,0.4656808229651769,9,42,25.25,101,0.31930693069306926,57,200,131.5,526,0.26615969581749055
143,251.0,6492.0,3172.25,12689.0,0.43307195208448257,5,42,28.25,113,0.2676991150442478,33,200,152.5,610,0.21475409836065573
144,135.0,8514.0,3393.0,13572.0,0.543656056587091,3,45,23.25,93,0.42204301075268813,27,200,119.5,478,0.34937238493723854
145,68.0,5244.0,2202.5,8810.0,0.525255391600454,2,41,20.5,82,0.4512195121951219,15,200,112.0,448,0.4029017857142857
146,36.0,3756.0,2541.0,10164.0,0.2877804014167651,0,40,27.75,111,0.2725225225225225,9,200,152.25,609,0.2352216748768472
147,42.0,3390.0,2023.5,8094.0,0.37453669384729427,0,38,22.75,91,0.35989010989010994,9,200,131.25,525,0.31285714285714283
148,2298.0,4770.0,3719.25,14877.0,0.13979632990522273,29,41,35.5,142,0.073943661971831,182,200,195.5,782,0.017263427109974527
149,36.0,5964.0,2832.5,11330.0,0.4985436893203884,0,42,21.5,86,0.4593023255813954,9,200,112.0,448,0.4095982142857143
150,167.0,7068.0,3907.25,15629.0,0.342968200140764,5,44,30.5,122,0.2418032786885247,33,200,158.25,633,0.19786729857819907
151,96.0,7860.0,3368.25,13473.0,0.5026163437987086,2,43,24.25,97,0.37371134020618557,21,200,129.75,519,0.30780346820809246
152,47.0,5547.0,1646.0,6584.0,0.6577308626974484,1,36,14.25,57,0.5307017543859649,9,158,76.25,305,0.44508196721311477
153,86.0,4878.0,2234.75,8939.0,0.5063485848528918,2,39,20.25,81,0.44753086419753085,15,200,110.5,442,0.4117647058823529
154,386.0,5742.0,3066.5,12266.0,0.3545165498124898,10,43,30.5,122,0.20491803278688514,63,200,165.75,663,0.15497737556561075
155,224.0,8244.0,4301.0,17204.0,0.380318530574285,6,45,31.0,124,0.2379032258064515,39,200,159.75,639,0.18896713615023475
156,219.0,6588.0,3690.75,14763.0,0.3861511887827678,4,43,30.0,120,0.2583333333333333,26,200,156.5,626,0.20846645367412142
157,36.0,7338.0,3039.0,12156.0,0.45384995064165845,0,43,28.5,114,0.2850877192982456,9,200,152.25,609,0.2352216748768472
158,47.0,1242.0,595.0,2380.0,0.4737394957983193,1,20,9.5,38,0.4473684210526315,9,116,59.5,238,0.4117647058823529
159,36.0,3756.0,1160.75,4643.0,0.6423110058152057,0,30,10.75,43,0.5872093023255814,9,116,53.5,214,0.4579439252336449
160,63.0,6912.0,2964.75,11859.0,0.4872881355932204,1,43,25.25,101,0.3589108910891089,15,200,132.75,531,0.3008474576271186
161,57.0,5733.0,2090.25,8361.0,0.5806422676713312,1,43,17.75,71,0.5246478873239436,15,194,97.0,388,0.43427835051546393
162,47.0,3588.0,1270.0,5080.0,0.5311023622047244,1,31,15.75,63,0.36904761904761907,9,140,86.75,347,0.3004322766570605
163,63.0,9366.0,4287.75,17151.0,0.46374846947699844,1,45,30.0,120,0.2875,15,200,153.75,615,0.22560975609756095
164,273.0,7896.0,4151.25,16605.0,0.36779584462511294,5,45,30.75,123,0.25,39,200,159.75,639,0.18896713615023475
165,105.0,5718.0,3185.25,12741.0,0.3317047327525312,3,42,29.0,116,0.2586206896551724,27,200,156.75,627,0.2069377990430623
166,534.0,6666.0,3811.5,15246.0,0.3294962613144431,10,42,30.75,123,0.19715447154471555,69,200,167.25,669,0.14686098654708513
167,186.0,9312.0,4435.5,17742.0,0.4104666892120392,4,45,31.0,124,0.25,33,200,158.25,633,0.19786729857819907
168,198.0,9216.0,4759.5,19038.0,0.4214465805231642,4,47,31.75,127,0.26574803149606296,33,200,158.25,633,0.19786729857819907
169,68.0,840.0,372.75,1491.0,0.45321931589537223,2,13,6.5,26,0.3846153846153846,15,68,38.75,155,0.3241935483870968
170,101.0,8070.0,3888.25,15553.0,0.49168970616601304,3,46,24.75,99,0.4015151515151515,21,200,121.0,484,0.34814049586776863
171,47.0,7362.0,3043.75,12175.0,0.5437166324435319,1,43,21.75,87,0.46264367816091956,9,200,109.0,436,0.4277522935779816
172,296.0,5280.0,3096.5,12386.0,0.3142661068948813,8,42,30.0,120,0.2250000000000001,51,200,162.75,651,0.1716589861751152
173,36.0,7092.0,2184.75,8739.0,0.6476999656711294,0,44,17.75,71,0.5528169014084507,9,200,97.0,388,0.4652061855670103
174,1257.0,5538.0,4080.75,16323.0,0.2119555228818233,18,40,34.0,136,0.12132352941176472,110,200,177.5,710,0.09507042253521125
175,42.0,8304.0,3931.5,15726.0,0.41634872186188476,0,44,29.0,116,0.2887931034482759,9,200,152.25,609,0.2352216748768472
176,86.0,4956.0,2307.5,9230.0,0.4591007583965331,2,42,24.0,96,0.36458333333333337,15,200,129.75,519,0.31358381502890176
177,705.0,7788.0,4415.25,17661.0,0.34087820621708853,13,43,32.5,130,0.1807692307692308,86,200,171.5,686,0.12463556851311952
178,114.0,9348.0,3951.75,15807.0,0.5125735433668628,2,45,25.5,102,0.37745098039215685,21,200,130.0,520,0.30673076923076925
179,576.0,6324.0,4504.5,18018.0,0.25382950382950387,12,42,32.75,131,0.1774809160305344,81,200,170.25,681,0.13105726872246692
180,777.0,7446.0,4113.75,16455.0,0.34425706472196904,19,45,35.0,140,0.1428571428571428,123,200,180.75,723,0.07987551867219911
181,774.0,6408.0,3658.5,14634.0,0.3055555555555556,13,43,31.25,125,0.18199999999999994,80,200,170.0,680,0.13235294117647056
182,86.0,2754.0,1216.25,4865.0,0.47281603288797536,2,35,16.75,67,0.42164179104477617,15,200,101.5,406,0.38916256157635465
183,41.0,8178.0,3575.75,14303.0,0.44009997902537934,1,44,28.25,113,0.28539823008849563,9,200,152.25,609,0.2352216748768472
184,63.0,9828.0,3177.0,12708.0,0.5775495750708215,1,47,26.25,105,0.330952380952381,15,200,143.25,573,0.2447643979057592
185,507.0,5154.0,2993.25,11973.0,0.2948509145577549,10,41,30.75,123,0.18902439024390238,62,200,165.5,662,0.15634441087613293
186,59.0,519.0,215.5,862.0,0.41125290023201855,1,13,5.25,21,0.44047619047619047,9,87,36.0,144,0.41666666666666663
187,63.0,3300.0,962.0,3848.0,0.6528066528066528,1,35,11.75,47,0.5797872340425532,15,200,73.25,293,0.514505119453925
188,294.0,7842.0,3369.0,13476.0,0.5060106856634016,4,44,24.0,96,0.39583333333333337,32,200,122.25,489,0.33077709611451944
189,327.0,5298.0,3330.75,13323.0,0.28084890790362527,6,39,29.25,117,0.2158119658119657,38,200,159.5,638,0.19043887147335425
190,36.0,480.0,170.75,683.0,0.5186676427525623,0,8,2.75,11,0.5681818181818182,9,32,17.75,71,0.28521126760563376
191,183.0,7284.0,3318.5,13274.0,0.5015820400783486,5,43,23.0,92,0.40217391304347827,33,200,118.0,472,0.350635593220339
192,1037.0,5532.0,3527.75,14111.0,0.29663028842746797,23,42,34.0,136,0.11029411764705888,141,200,185.25,741,0.05971659919028349
193,221.0,6276.0,3196.25,12785.0,0.38171685569026204,5,43,29.25,117,0.24572649572649574,33,200,158.25,633,0.19786729857819907
194,293.0,6738.0,3298.25,13193.0,0.38310088683392707,7,42,30.25,121,0.2169421487603307,45,200,161.25,645,0.18023255813953498
195,62.0,3690.0,1777.25,7109.0,0.49468982979321985,1,37,18.75,75,0.47,15,200,107.5,430,0.43023255813953487
196,569.0,5370.0,3499.25,13997.0,0.29422376223476454,13,41,31.0,124,0.17741935483870974,81,200,170.25,681,0.13105726872246692
197,53.0,8976.0,3120.5,12482.0,0.5914917481172889,1,45,22.5,90,0.4388888888888889,9,200,118.0,472,0.37605932203389836
198,396.0,7128.0,4083.0,16332.0,0.35378398236590747,8,43,31.5,126,0.2142857142857142,56,200,164.0,656,0.16463414634146334
199,207.0,7110.0,3540.75,14163.0,0.3906481677610676,5,44,30.0,120,0.24583333333333335,39,200,159.75,639,0.18896713615023475
200,47.0,8172.0,3218.75,12875.0,0.4823883495145631,1,43,27.75,111,0.286036036036036,9,200,152.25,609,0.2352216748768472
201,65.0,978.0,355.25,1421.0,0.5103800140745953,1,13,5.5,22,0.4545454545454546,9,68,35.75,143,0.35139860139860135
202,84.0,5976.0,3979.5,15918.0,0.30880135695439126,2,43,29.75,119,0.2584033613445378,21,200,155.25,621,0.21618357487922713
203,57.0,5694.0,2345.25,9381.0,0.5026383114806524,1,42,22.25,89,0.4073033707865169,15,200,123.75,495,0.34090909090909094
204,170.0,6420.0,3476.0,13904.0,0.3391829689298044,4,42,29.75,119,0.24159663865546221,27,200,156.75,627,0.2069377990430623
205,234.0,6528.0,3826.5,15306.0,0.31232849862798906,4,42,29.75,119,0.24159663865546221,33,200,158.25,633,0.19786729857819907
206,74.0,7218.0,4091.0,16364.0,0.36244194573453925,2,43,29.75,119,0.2584033613445378,15,200,153.75,615,0.22560975609756095
207,36.0,5820.0,2305.5,9222.0,0.5593689004554326,0,43,19.75,79,0.5221518987341772,9,200,104.5,418,0.4569377990430622
208,84.0,5436.0,3228.0,12912.0,0.31505576208178443,2,41,29.25,117,0.25,21,200,155.25,621,0.21618357487922713
209,120.0,7074.0,3566.75,14267.0,0.4647262914417888,2,43,24.75,99,0.3712121212121212,21,200,128.5,514,0.3132295719844358
210,41.0,1194.0,389.5,1558.0,0.581193838254172,1,15,5.75,23,0.48913043478260865,9,56,29.75,119,0.34663865546218486
211,153.0,6552.0,3935.25,15741.0,0.3525347817800648,3,43,29.75,119,0.2626050420168067,27,200,156.75,627,0.2069377990430623
212,134.0,6714.0,3932.0,15728.0,0.3769074262461851,4,42,30.25,121,0.25,27,200,156.75,627,0.2069377990430623
213,158.0,7182.0,3839.0,15356.0,0.4174915342537119,4,43,30.25,121,0.262396694214876,27,200,156.75,627,0.2069377990430623
214,41.0,8202.0,3082.0,12328.0,0.5752352368591823,1,46,21.75,87,0.48563218390804597,9,200,107.5,430,0.4372093023255814
215,216.0,7440.0,2101.5,8406.0,0.6498929336188437,4,41,15.75,63,0.4563492063492064,33,200,89.75,359,0.3655988857938719
216,3630.0,6426.0,5140.5,20562.0,0.11868981616574259,38,40,39.25,157,0.011146496815286566,200,200,200.0,800,0.0
217,87.0,8970.0,4661.25,18645.0,0.3656878519710378,1,47,31.25,125,0.278,15,200,153.75,615,0.22560975609756095
218,69.0,5556.0,2183.25,8733.0,0.549553418069392,1,41,21.0,84,0.4464285714285714,15,200,115.0,460,0.38586956521739135
219,95.0,4716.0,1974.25,7897.0,0.5303596302393314,2,38,19.5,78,0.4487179487179487,15,200,109.0,436,0.42087155963302747
220,1752.0,4902.0,3555.0,14220.0,0.18185654008438812,33,38,36.0,144,0.03125,200,200,200.0,800,0.0
221,105.0,7140.0,3902.25,15609.0,0.3820392081491447,3,44,29.5,118,0.2627118644067796,27,200,156.75,627,0.2069377990430623
222,630.0,5670.0,3709.5,14838.0,0.2849777598059038,16,43,33.75,135,0.15370370370370368,105,200,176.25,705,0.10106382978723394
223,42.0,9630.0,4356.75,17427.0,0.48231192976415904,0,45,26.5,106,0.3632075471698113,9,200,135.75,543,0.2941988950276243
224,36.0,6414.0,2094.0,8376.0,0.6241045845272206,0,42,17.0,68,0.5514705882352942,9,200,95.5,382,0.46858638743455494
225,41.0,9438.0,3119.0,12476.0,0.6063241423533183,1,45,23.0,92,0.42391304347826086,9,200,121.0,484,0.3605371900826446
226,36.0,5280.0,2089.5,8358.0,0.5547379755922469,0,39,18.75,75,0.4966666666666667,9,200,107.5,430,0.4372093023255814
227,92.0,1410.0,422.75,1691.0,0.5850088704908338,1,18,5.75,23,0.5543478260869565,15,116,41.75,167,0.46257485029940115
228,132.0,7158.0,4113.0,16452.0,0.3690736688548505,2,42,30.0,120,0.2583333333333333,21,200,155.25,621,0.21618357487922713
229,42.0,7362.0,3957.0,15828.0,0.38665655799848375,0,43,29.5,118,0.2796610169491526,9,200,152.25,609,0.2352216748768472
230,339.0,6210.0,3077.25,12309.0,0.3623568120887156,7,42,29.5,118,0.22457627118644075,51,200,162.75,651,0.1716589861751152
231,306.0,8598.0,3793.5,15174.0,0.4316923685251087,6,46,30.75,123,0.24593495934959342,44,200,161.0,644,0.18167701863354035
232,491.0,6822.0,3978.5,15914.0,0.3772150307904989,11,43,29.25,117,0.24145299145299148,69,200,153.75,615,0.18170731707317067
233,764.0,5490.0,3112.25,12449.0,0.3514137681741505,18,40,29.5,118,0.17796610169491522,111,200,161.25,645,0.12906976744186038
234,300.0,8136.0,3761.25,15045.0,0.47701894317048854,5,43,24.75,99,0.3560606060606061,32,200,126.5,506,0.31126482213438733
235,92.0,4632.0,2182.0,8728.0,0.4878551787351054,2,39,21.25,85,0.4088235294117647,15,200,116.5,466,0.37768240343347637
236,69.0,6672.0,2904.0,11616.0,0.4714617768595041,1,41,25.5,102,0.32843137254901966,15,200,140.25,561,0.2713903743315508
237,297.0,804.0,441.75,1767.0,0.21859083191850592,7,12,8.5,34,0.11764705882352944,50,68,55.0,220,0.06136363636363629
238,98.0,4547.999999999999,1310.4999999999998,5241.999999999999,0.6520412056466998,2,37,12.75,51,0.5441176470588235,15,200,74.75,299,0.49916387959866215
239,63.0,492.0,219.0,876.0,0.375,1,9,4.25,17,0.36764705882352944,15,44,29.75,119,0.19537815126050417
240,146.0,7752.0,2760.5,11042.0,0.5576435428364427,4,44,24.75,99,0.3560606060606061,27,200,129.75,519,0.30202312138728327
241,102.0,230.0,166.0,664.0,0.1799698795180722,2,5,3.75,15,0.18333333333333335,21,39,27.0,108,0.13888888888888884
242,41.0,633.0,237.25,949.0,0.49499473129610116,1,11,4.75,19,0.4342105263157895,9,50,28.25,113,0.3252212389380531
243,107.0,5304.0,2702.75,10811.0,0.36469799278512627,3,39,27.75,111,0.24549549549549554,21,200,155.25,621,0.21618357487922713
244,2688.0,6486.0,4941.0,19764.0,0.1618093503339404,34,40,38.0,152,0.03289473684210531,200,200,200.0,800,0.0
245,41.0,8087.0,2500.5,10002.0,0.639872025594881,1,40,16.25,65,0.49615384615384617,9,165,82.25,329,0.4141337386018237
246,120.0,4146.0,2580.0,10320.0,0.30348837209302326,2,37,27.5,110,0.24545454545454537,21,200,155.25,621,0.21618357487922713
247,53.0,7758.0,2864.75,11459.0,0.5495898420455537,1,46,24.75,99,0.39141414141414144,9,200,128.5,514,0.3249027237354085
248,2007.0,5754.0,3905.25,15621.0,0.2377088534664875,26,41,35.25,141,0.08687943262411357,158,200,189.5,758,0.04155672823219003
249,36.0,8178.0,3507.0,14028.0,0.4369118905047049,0,45,29.75,119,0.28361344537815125,9,200,152.25,609,0.2352216748768472
250,2526.0,3996.0,3364.5,13458.0,0.08615693267944713,35,38,36.25,145,0.018965517241379404,200,200,200.0,800,0.0
251,344.0,7104.0,3662.75,14651.0,0.4152105658316838,8,43,30.25,121,0.24173553719008267,51,200,158.25,633,0.18364928909952605
252,2418.0,6420.0,4879.5,19518.0,0.1668459883184752,36,39,37.25,149,0.015100671140939603,200,200,200.0,800,0.0
253,291.0,6900.0,4119.75,16479.0,0.33119424722373936,7,43,31.0,124,0.22580645161290325,51,200,162.75,651,0.1716589861751152
254,333.0,4992.0,2652.75,10611.0,0.40125812835736496,7,41,26.0,104,0.27403846153846156,51,200,148.0,592,0.21368243243243246
255,77.0,258.0,163.0,652.0,0.2676380368098159,1,6,3.5,14,0.3571428571428571,9,45,27.0,108,0.3055555555555556
256,224.0,5652.0,3548.0,14192.0,0.3342023675310034,6,41,30.25,121,0.22520661157024802,39,200,159.75,639,0.18896713615023475
257,152.0,5898.0,3536.0,14144.0,0.3438207013574661,4,40,29.25,117,0.24145299145299148,27,200,156.75,627,0.2069377990430623
258,270.0,6306.0,2916.0,11664.0,0.41769547325102885,6,43,29.25,117,0.24145299145299148,45,200,161.25,645,0.18023255813953498
259,77.0,143.0,107.0,428.0,0.14369158878504673,1,4,2.5,10,0.25,9,21,15.0,60,0.1499999999999999
260,74.0,8058.0,3288.5,13154.0,0.5385814201003497,2,40,22.0,88,0.4204545454545454,15,200,115.0,460,0.38586956521739135
261,108.0,7062.0,3230.0,12920.0,0.5088235294117647,2,44,22.0,88,0.4545454545454546,21,200,112.0,448,0.3962053571428571
262,36.0,6984.0,2695.5,10782.0,0.5441012799109627,0,42,21.75,87,0.4224137931034483,9,200,122.5,490,0.35306122448979593
263,879.0,6666.0,3966.75,15867.0,0.3224144450746833,11,42,31.5,126,0.19841269841269837,74,200,168.5,674,0.14020771513353125
264,333.0,6738.0,3435.75,13743.0,0.3923270028378083,9,43,30.5,122,0.21311475409836067,63,200,165.75,663,0.15497737556561075
265,119.0,3822.0,2123.75,8495.0,0.33769864626250734,3,35,26.5,106,0.23113207547169812,21,200,155.25,621,0.21618357487922713
266,42.0,4176.0,2146.5,8586.0,0.43134171907756813,0,37,23.25,93,0.3413978494623656,9,200,134.25,537,0.30027932960893855
267,68.0,8316.0,3697.25,14789.0,0.5177327743593211,2,45,23.25,93,0.43279569892473113,15,200,116.5,466,0.37768240343347637
268,41.0,2724.0,1325.5,5302.0,0.494718973972086,1,35,17.75,71,0.47535211267605637,9,200,104.5,418,0.4569377990430622
269,36.0,8442.0,3969.75,15879.0,0.4700075571509541,0,45,27.75,111,0.33108108108108103,9,200,145.0,580,0.2594827586206897
270,189.0,6978.0,2653.5,10614.0,0.5296777840587903,5,43,22.75,91,0.38186813186813184,39,200,125.25,501,0.3098802395209581
271,150.0,4860.0,2439.0,9756.0,0.3856088560885609,4,40,28.25,113,0.2411504424778761,33,200,158.25,633,0.19786729857819907
272,98.0,4524.0,2591.0,10364.0,0.3893284446159784,2,38,25.5,102,0.2941176470588235,15,200,141.75,567,0.2658730158730159
273,186.0,10614.0,4224.0,16896.0,0.5458096590909091,4,49,24.25,97,0.43041237113402064,33,200,119.5,478,0.34309623430962344
274,71.0,4104.0,1309.0,5236.0,0.6207028265851795,1,37,14.75,59,0.5296610169491526,9,200,86.75,347,0.49063400576368876
275,155.0,7662.0,3756.5,15026.0,0.4334486889391721,5,44,30.25,121,0.262396694214876,33,200,156.75,627,0.20215311004784686
276,36.0,6408.0,3014.25,12057.0,0.45116944513560586,0,44,26.5,106,0.339622641509434,9,200,141.75,567,0.27116402116402116
277,36.0,8004.0,3861.0,15444.0,0.39413364413364416,0,44,29.25,117,0.2841880341880342,9,200,152.25,609,0.2352216748768472
278,74.0,6132.0,3143.0,12572.0,0.38728921412663064,2,40,27.75,111,0.25900900900900903,15,200,153.75,615,0.22560975609756095
279,684.0,4392.0,2526.0,10104.0,0.35956057007125886,12,40,25.25,101,0.2599009900990099,81,200,143.5,574,0.20209059233449467
280,96.0,7104.0,3458.0,13832.0,0.4908906882591093,2,42,22.25,89,0.4297752808988764,21,200,115.0,460,0.3793478260869565
281,69.0,6372.0,3245.0,12980.0,0.47469183359013867,1,42,23.0,92,0.4184782608695652,15,200,118.0,472,0.36970338983050843
282,108.0,10194.0,4076.75,16307.0,0.5499018826270926,2,46,23.5,94,0.44680851063829785,21,200,113.5,454,0.3876651982378855
283,96.0,7356.0,3150.75,12603.0,0.5286241371102118,2,42,21.25,85,0.4558823529411765,21,200,112.0,448,0.3962053571428571
284,47.0,6972.0,2643.5,10574.0,0.5285606203896349,1,43,23.75,95,0.381578947368421,9,200,126.75,507,0.3328402366863905
285,41.0,7122.0,2741.0,10964.0,0.5112641371762131,1,43,25.5,102,0.3431372549019608,9,200,135.75,543,0.2941988950276243
286,47.0,5958.0,2641.25,10565.0,0.5226928537624231,1,42,20.5,82,0.4817073170731707,9,200,107.5,430,0.4372093023255814
287,123.0,8712.0,3668.25,14673.0,0.5331731752197915,3,45,23.0,92,0.4402173913043478,27,200,115.0,460,0.37282608695652175
288,146.0,9084.0,2902.25,11609.0,0.6215651649582221,3,42,21.0,84,0.44047619047619047,27,200,113.5,454,0.3810572687224669
289,36.0,7896.0,3321.75,13287.0,0.5280537367351547,0,44,22.75,91,0.4423076923076923,9,200,118.0,472,0.37605932203389836
290,41.0,8448.0,4207.25,16829.0,0.39641392833798794,1,46,30.25,121,0.2871900826446281,9,200,152.25,609,0.2352216748768472
291,924.0,6558.0,3844.5,15378.0,0.2915528677331253,18,41,33.5,134,0.13805970149253732,116,200,179.0,716,0.08798882681564235
292,339.0,7350.0,4338.75,17355.0,0.3678910976663786,7,43,31.75,127,0.2303149606299213,50,200,162.5,650,0.17307692307692313
293,84.0,7146.0,3904.5,15618.0,0.39963503649635035,2,40,28.5,114,0.26315789473684215,21,200,155.25,621,0.21618357487922713
294,65.0,503.0,197.5,790.0,0.4177215189873418,1,10,3.75,15,0.44999999999999996,9,57,27.0,108,0.33333333333333337
295,41.0,8808.0,2614.25,10457.0,0.6501625705269197,1,46,19.75,79,0.48417721518987344,9,200,104.5,418,0.40669856459330145
296,252.0,6192.0,3871.5,15486.0,0.2974622239442076,6,42,30.5,122,0.2295081967213115,45,200,161.25,645,0.18023255813953498
297,113.0,7044.0,3067.0,12268.0,0.5203374633192044,3,45,22.75,91,0.4368131868131868,21,200,113.5,454,0.3876651982378855
298,315.0,7152.0,2976.75,11907.0,0.5087553539934492,7,43,24.75,99,0.3459595959595959,51,200,130.0,520,0.2778846153846154
299,120.0,5268.0,2665.25,10661.0,0.4762920926742332,2,39,21.25,85,0.42647058823529416,21,200,113.5,454,0.3876651982378855
300,2550.0,7026.0,4509.0,18036.0,0.23236859614105132,35,45,38.5,154,0.051948051948051965,200,200,200.0,800,0.0
301,120.0,5208.0,2252.25,9009.0,0.5165667665667666,2,42,21.5,86,0.4418604651162791,21,200,115.0,460,0.3793478260869565
302,42.0,7404.0,3177.75,12711.0,0.5168161434977578,0,42,22.75,91,0.43131868131868134,9,200,117.75,471,0.3773885350318471
303,69.0,4914.0,2083.25,8333.0,0.5306912276491059,1,37,19.25,77,0.4642857142857143,15,200,107.5,430,0.43023255813953487
304,198.0,4254.0,1885.5,7542.0,0.4071201272871917,4,37,24.75,99,0.2752525252525253,33,200,146.25,585,0.23461538461538467
305,810.0,5814.0,3784.5,15138.0,0.2862663495838288,17,41,33.0,132,0.14393939393939403,104,200,176.0,704,0.10227272727272729
306,69.0,353.0,156.25,625.0,0.362,1,6,3.0,12,0.375,15,33,22.5,90,0.18333333333333335
307,126.0,7302.0,2834.0,11336.0,0.5489590684544813,2,43,21.5,86,0.4418604651162791,21,200,115.0,460,0.3793478260869565
308,53.0,519.0,230.0,920.0,0.4304347826086956,1,10,4.25,17,0.4558823529411765,9,50,28.25,113,0.3252212389380531
309,93.0,4422.0,1421.25,5685.0,0.6072559366754617,1,38,14.5,58,0.5258620689655172,15,200,85.0,340,0.45147058823529407
310,81.0,4158.0,1583.25,6333.0,0.49324964471814303,1,40,20.25,81,0.404320987654321,15,200,118.0,472,0.3389830508474576
311,41.0,1047.0,482.5,1930.0,0.47150259067357514,1,15,8.0,32,0.421875,9,98,53.75,215,0.40116279069767447
312,41.0,8820.0,2941.0,11764.0,0.6196446786807208,1,46,21.0,84,0.5059523809523809,9,200,104.5,418,0.4569377990430622
313,200.0,1979.0,664.0,2656.0,0.5065888554216867,4,24,9.75,39,0.40384615384615385,27,141,63.0,252,0.3571428571428571
314,98.0,1338.0,529.0,2116.0,0.48038752362948955,2,16,7.5,30,0.3666666666666667,15,68,41.5,166,0.2650602409638554
315,84.0,7188.0,2992.5,11970.0,0.49736842105263157,2,43,25.0,100,0.345,21,200,137.25,549,0.27732240437158473
316,69.0,2769.0,907.5,3630.0,0.5991735537190083,1,24,9.25,37,0.5202702702702703,15,98,50.5,202,0.36633663366336633
317,53.0,1896.0,683.0,2732.0,0.5622254758418741,1,21,9.25,37,0.4797297297297297,9,104,55.0,220,0.3977272727272727
318,36.0,8364.0,2853.0,11412.0,0.5654574132492114,0,43,25.0,100,0.355,9,200,137.5,550,0.28727272727272724
319,155.0,6756.0,3665.0,14660.0,0.4249317871759891,5,43,27.75,111,0.29504504504504503,33,200,144.75,579,0.23963730569948183
320,269.0,5112.0,2332.25,9329.0,0.480678529317183,5,40,22.5,90,0.37777777777777777,32,200,119.25,477,0.3453878406708596
321,279.0,6756.0,3762.0,15048.0,0.3948365231259968,7,43,29.5,118,0.26694915254237284,51,200,152.25,609,0.2007389162561577
322,92.0,3378.0,1282.0,5128.0,0.5515795631825273,2,30,13.75,55,0.4590909090909091,15,152,77.5,310,0.41290322580645167
323,41.0,9210.0,3413.5,13654.0,0.5746301450124506,1,43,22.0,88,0.44318181818181823,9,200,113.5,454,0.4008810572687225
324,1215.0,5814.0,3557.25,14229.0,0.2837339236769977,27,38,35.0,140,0.06071428571428572,171,200,192.75,771,0.02821011673151741
325,3534.0,5952.0,4413.0,17652.0,0.11709721278042151,36,40,38.0,152,0.023026315789473673,200,200,200.0,800,0.0
326,36.0,5682.0,2633.75,10535.0,0.5077598481252966,0,40,20.75,83,0.46084337349397586,9,200,110.5,442,0.418552036199095
327,411.0,5778.0,3497.25,13989.0,0.3263457001930088,9,42,31.25,125,0.20999999999999996,63,200,165.75,663,0.15497737556561075
328,174.0,4638.0,1981.25,7925.0,0.5086119873817034,4,36,20.25,81,0.3919753086419753,33,200,116.5,466,0.3583690987124464
329,36.0,6222.0,2700.5,10802.0,0.5284669505647103,0,43,21.5,86,0.4767441860465116,9,200,109.0,436,0.4277522935779816
330,47.0,7944.0,4574.75,18299.0,0.36612656429313073,1,41,29.25,117,0.2713675213675214,9,200,152.25,609,0.2352216748768472
331,182.0,7758.0,4265.0,17060.0,0.40762016412661195,4,43,30.25,121,0.25826446280991733,27,200,156.75,627,0.2069377990430623
332,576.0,7008.0,3387.0,13548.0,0.4402125775022143,8,42,25.5,102,0.31862745098039214,56,200,134.0,536,0.2574626865671642
333,2772.0,7260.0,4903.5,19614.0,0.2194096053839094,34,41,37.75,151,0.04470198675496695,200,200,200.0,800,0.0
334,41.0,6690.0,2732.0,10928.0,0.4885157393850659,1,43,25.0,100,0.345,9,200,135.75,543,0.2941988950276243
335,41.0,3078.0,1017.25,4069.0,0.6131113295650037,1,31,12.25,49,0.5357142857142857,9,128,61.0,244,0.4569672131147541
336,2256.0,7464.0,4680.0,18720.0,0.2365384615384616,36,43,38.5,154,0.03571428571428581,200,200,200.0,800,0.0
337,2475.0,5388.0,3753.75,15015.0,0.17527472527472532,31,38,35.75,143,0.04020979020979021,194,200,198.5,794,0.005667506297229119
338,81.0,3513.0,1072.25,4289.0,0.6110398694334344,1,29,11.75,47,0.473404255319149,15,110,59.75,239,0.33577405857740583
339,314.0,1038.0,686.25,2745.0,0.22978142076502728,7,19,14.0,56,0.1785714285714286,39,111,83.75,335,0.1783582089552238
340,1227.0,5628.0,3564.75,14259.0,0.2798758678729224,27,41,35.5,142,0.073943661971831,171,200,192.75,771,0.02821011673151741
341,305.0,6204.0,2681.0,10724.0,0.4824226035061544,9,42,25.25,101,0.2945544554455446,57,200,139.0,556,0.23830935251798557
342,329.0,5946.0,3785.75,15143.0,0.302565541834511,9,41,30.75,123,0.2052845528455285,57,200,164.25,657,0.16324200913242004
343,1149.0,5892.0,3998.25,15993.0,0.24568561245544918,23,40,34.75,139,0.09172661870503607,146,200,186.5,746,0.054289544235925025
344,125.0,7344.0,3090.5,12362.0,0.52879792913768,3,42,22.25,89,0.4241573033707865,21,200,115.0,460,0.3793478260869565
345,174.0,3624.0,1404.5,5618.0,0.509878960484158,4,37,18.5,74,0.3918918918918919,33,200,109.0,436,0.3451834862385321
346,42.0,8196.0,3706.5,14826.0,0.5177053824362606,0,43,22.0,88,0.47159090909090906,9,200,110.5,442,0.418552036199095
347,123.0,4056.0,1798.5,7194.0,0.4649708090075062,3,38,22.0,88,0.3579545454545454,27,200,128.25,513,0.3084795321637427
348,213.0,5856.0,2633.75,10535.0,0.4831276696725202,5,42,24.5,98,0.34183673469387754,39,200,131.5,526,0.28326996197718635
349,173.0,4764.0,1400.0,5600.0,0.6219642857142857,4,38,13.5,54,0.4814814814814815,32,200,78.75,315,0.41349206349206347
350,210.0,7752.0,3858.0,15432.0,0.4026049766718507,6,44,30.5,122,0.23770491803278682,45,200,161.25,645,0.18023255813953498
351,41.0,9048.0,3157.25,12629.0,0.5992754770765698,1,45,21.75,87,0.47413793103448276,9,200,110.5,442,0.418552036199095
352,296.0,6882.0,3420.5,13682.0,0.36321444233299227,6,43,30.0,120,0.2333333333333334,39,200,159.75,639,0.18896713615023475
353,300.0,3948.0,1952.25,7809.0,0.3569919323857088,6,39,24.75,99,0.2803030303030303,45,200,144.75,579,0.22927461139896366
354,57.0,9804.0,3652.5,14610.0,0.5792607802874743,1,47,21.75,87,0.5028735632183908,15,200,107.5,430,0.43023255813953487
355,65.0,5136.0,1691.75,6767.0,0.5830870400472883,1,40,17.5,70,0.4357142857142857,9,200,98.5,394,0.3781725888324873
356,3582.0,6540.0,5320.5,21282.0,0.12383704539047091,33,41,37.75,151,0.041390728476821126,200,200,200.0,800,0.0
357,36.0,6707.0,1992.5,7970.0,0.6462986198243412,0,39,16.5,66,0.48484848484848486,9,165,88.5,354,0.3771186440677966
358,77.0,3852.0,1677.5,6710.0,0.5119225037257824,1,36,19.25,77,0.4383116883116883,9,200,112.0,448,0.4095982142857143
359,81.0,8124.0,2864.25,11457.0,0.5545299816705944,1,44,25.75,103,0.337378640776699,15,200,142.0,568,0.2649647887323944
360,36.0,7758.0,3016.5,12066.0,0.5361760318249627,0,45,25.0,100,0.385,9,200,131.5,526,0.311787072243346
361,774.0,6666.0,3333.0,13332.0,0.37983798379837985,13,43,30.5,122,0.2008196721311475,80,200,164.0,656,0.14634146341463405
362,36.0,9036.0,3250.5,13002.0,0.5753345639132441,0,46,23.75,95,0.42894736842105263,9,200,122.5,490,0.35306122448979593
363,201.0,6786.0,3063.0,12252.0,0.496694417238002,3,42,22.75,91,0.40934065934065933,26,200,119.25,477,0.3516771488469602
364,83.0,9174.0,3446.75,13787.0,0.545785885254225,3,46,25.0,100,0.375,21,200,128.25,513,0.314327485380117
365,47.0,1608.0,460.0,1840.0,0.6459239130434783,1,34,9.75,39,0.6474358974358975,9,200,59.75,239,0.5993723849372385
366,2136.0,8262.0,4884.0,19536.0,0.27426289926289926,33,44,38.5,154,0.05519480519480524,200,200,200.0,800,0.0
367,330.0,8670.0,4641.0,18564.0,0.4381060116354234,4,46,28.0,112,0.3303571428571429,32,200,140.25,561,0.25623885918003564
368,440.0,7038.0,3238.25,12953.0,0.43918397282482824,12,42,27.0,108,0.24537037037037046,75,200,149.25,597,0.18969849246231152
369,237.0,5142.0,3534.75,14139.0,0.2811903246339911,5,39,29.75,119,0.21638655462184864,39,200,159.75,639,0.18896713615023475
370,69.0,6366.0,1711.5,6846.0,0.6980718667835232,1,38,12.0,48,0.6145833333333334,15,200,71.75,287,0.5200348432055749
371,141.0,8466.0,4232.25,16929.0,0.3791866028708134,3,45,30.5,122,0.2622950819672131,27,200,156.75,627,0.2069377990430623
372,170.0,6582.0,3624.5,14498.0,0.35373844668230103,4,40,29.75,119,0.23319327731092443,27,200,156.75,627,0.2069377990430623
373,1047.0,7482.0,4214.25,16857.0,0.3026784125289197,15,44,33.75,135,0.17222222222222228,86,200,171.5,686,0.12463556851311952
374,36.0,7152.0,3077.25,12309.0,0.5323543748476725,0,44,21.5,86,0.4883720930232558,9,200,109.0,436,0.4277522935779816
375,147.0,6840.0,3516.75,14067.0,0.3892621027937727,3,42,29.0,116,0.2586206896551724,27,200,156.75,627,0.2069377990430623
376,47.0,4956.0,1292.25,5169.0,0.7131456761462566,1,38,10.75,43,0.6453488372093024,9,200,59.75,239,0.5993723849372385
377,456.0,7158.0,4314.0,17256.0,0.31154381084840055,10,44,32.0,128,0.19921875,69,200,167.25,669,0.14686098654708513
378,98.0,6318.0,2393.0,9572.0,0.5362515670706226,2,43,23.0,92,0.3967391304347826,15,200,124.0,496,0.3397177419354839
379,41.0,7278.0,2450.5,9802.0,0.6149765354009386,1,44,18.5,74,0.527027027027027,9,200,98.5,394,0.46954314720812185
380,102.0,7686.0,3165.0,12660.0,0.5409952606635071,2,42,20.75,83,0.4668674698795181,21,200,110.5,442,0.40497737556561086
381,75.0,6990.0,2450.25,9801.0,0.5420110192837465,1,44,25.5,102,0.3382352941176471,15,200,142.0,568,0.2649647887323944
382,149.0,7590.0,3339.5,13358.0,0.49273843389729,3,44,24.5,98,0.37755102040816324,21,200,126.75,507,0.32100591715976334
383,63.0,8070.0,3447.75,13791.0,0.4744942353708941,1,45,29.25,117,0.28846153846153844,15,200,153.75,615,0.22560975609756095
384,3228.0,7764.0,5361.0,21444.0,0.16745942921096812,35,40,38.5,154,0.025974025974025983,200,200,200.0,800,0.0
385,119.0,5070.0,2140.0,8560.0,0.5014602803738317,3,41,22.5,90,0.3833333333333333,21,200,122.5,490,0.3408163265306122
386,197.0,7014.0,3896.75,15587.0,0.4024988772695195,5,43,29.0,116,0.27155172413793105,33,200,152.25,609,0.21551724137931028
387,351.0,6192.0,2893.25,11573.0,0.4712909357988422,5,41,23.5,94,0.36170212765957444,38,200,125.25,501,0.3108782435129741
388,96.0,7500.0,3073.5,12294.0,0.5413616398243045,2,41,21.25,85,0.4558823529411765,21,200,110.5,442,0.40497737556561086
389,57.0,6576.0,2628.0,10512.0,0.521546803652968,1,43,23.0,92,0.40217391304347827,15,200,125.25,501,0.3338323353293413
390,435.0,4332.0,3261.75,13047.0,0.22930558749137742,9,39,30.5,122,0.18442622950819665,63,200,165.75,663,0.15497737556561075
391,305.0,6252.0,3201.5,12806.0,0.45751991254099644,7,42,24.5,98,0.34693877551020413,45,200,127.0,508,0.29625984251968507
392,189.0,2796.0,1490.25,5961.0,0.43470055359838955,3,37,19.25,77,0.4253246753246753,27,200,115.0,460,0.37282608695652175
393,2778.0,5796.0,4617.0,18468.0,0.13109161793372315,34,44,38.75,155,0.050000000000000044,200,200,200.0,800,0.0
394,119.0,6018.0,3481.25,13925.0,0.34141831238779174,3,42,29.5,118,0.25,21,200,155.25,621,0.21618357487922713
395,47.0,6978.0,2325.5,9302.0,0.6034186196516879,1,42,20.75,83,0.4487951807228916,9,200,115.0,460,0.3923913043478261
396,42.0,8238.0,3158.0,12632.0,0.5664977834072198,0,45,21.5,86,0.4883720930232558,9,200,109.0,436,0.4277522935779816
397,84.0,8190.0,3396.5,13586.0,0.5420653614014427,2,40,20.25,81,0.4598765432098766,15,200,109.0,436,0.42087155963302747
398,36.0,7128.0,3151.5,12606.0,0.4368158019990481,0,43,28.25,113,0.28539823008849563,9,200,152.25,609,0.2352216748768472
399,108.0,435.0,220.25,881.0,0.2823496027241771,2,8,4.5,18,0.25,21,38,29.75,119,0.11974789915966388
400,131.0,6168.0,2418.5,9674.0,0.5439321893735787,3,43,21.5,86,0.436046511627907,21,200,115.0,460,0.3793478260869565
401,371.0,10410.0,4694.75,18779.0,0.47147079184195106,9,47,29.25,117,0.28846153846153844,57,200,146.25,585,0.214102564102564
402,366.0,4626.0,2396.75,9587.0,0.42247314071138,8,39,23.75,95,0.3026315789473685,57,200,134.5,538,0.25464684014869887
403,102.0,7326.0,3708.0,14832.0,0.41666666666666663,2,45,30.0,120,0.2791666666666667,21,200,155.25,621,0.21618357487922713
404,176.0,7002.0,2715.5,10862.0,0.5218652181918615,4,42,23.5,94,0.3670212765957447,27,200,126.75,507,0.3150887573964497
405,731.0,4530.0,3058.25,12233.0,0.26626747322815336,17,40,31.75,127,0.13976377952755903,105,200,176.25,705,0.10106382978723394
406,198.0,8418.0,3678.0,14712.0,0.5157014681892332,4,43,23.25,93,0.41666666666666663,33,200,116.5,466,0.3583690987124464
407,129.0,8040.0,3902.25,15609.0,0.4379684797232366,3,44,28.75,115,0.2804347826086957,27,200,153.75,615,0.21585365853658534
408,2250.0,6054.0,3829.5,15318.0,0.22336466901684293,33,40,36.75,147,0.03911564625850339,200,200,200.0,800,0.0
409,1161.0,4818.0,3068.25,12273.0,0.2800659985333659,22,40,32.75,131,0.10877862595419852,134,200,183.5,734,0.06743869209809272
410,104.0,8124.0,3520.75,14083.0,0.5214975502378755,2,43,23.0,92,0.42391304347826086,15,200,115.0,460,0.38586956521739135
411,2166.0,8112.0,5005.5,20022.0,0.28521126760563376,32,44,38.5,154,0.06818181818181812,200,200,200.0,800,0.0
412,92.0,6810.0,2972.75,11891.0,0.5176393911361534,2,43,23.25,93,0.41129032258064513,15,200,119.5,478,0.36192468619246865
413,69.0,8838.0,3251.0,13004.0,0.5773992617656106,1,45,22.0,88,0.46590909090909094,15,200,112.0,448,0.4029017857142857
414,179.0,4650.0,1696.0,6784.0,0.5283755896226415,5,40,22.0,88,0.32386363636363635,33,200,125.5,502,0.2788844621513944
415,63.0,8076.0,3270.0,13080.0,0.5496559633027523,1,44,21.75,87,0.47413793103448276,15,200,110.5,442,0.4117647058823529
416,78.0,765.0,329.75,1319.0,0.44711902956785443,2,13,6.25,25,0.37,21,62,38.75,155,0.24677419354838714
417,2076.0,5694.0,3967.5,15870.0,0.17457466918714548,35,41,38.0,152,0.03618421052631571,200,200,200.0,800,0.0
418,63.0,5598.0,3471.75,13887.0,0.3314430762583711,1,41,28.75,115,0.2630434782608696,15,200,153.75,615,0.22560975609756095
419,42.0,6948.0,4029.0,16116.0,0.37043931496649296,0,42,28.75,115,0.2847826086956522,9,200,152.25,609,0.2352216748768472
420,102.0,6972.0,2757.5,11030.0,0.5493653671804171,2,44,21.25,85,0.46176470588235297,21,200,112.0,448,0.3962053571428571
421,36.0,6906.0,4012.5,16050.0,0.3694392523364486,0,41,29.25,117,0.27564102564102566,9,200,152.25,609,0.2352216748768472
422,74.0,4866.0,2119.0,8476.0,0.5225342142520056,2,40,20.0,80,0.4625,15,200,107.5,430,0.43023255813953487
423,41.0,8904.0,3749.75,14999.0,0.5178845256350423,1,46,24.75,99,0.4015151515151515,9,200,125.25,501,0.33982035928143717
424,131.0,4926.0,2717.75,10871.0,0.3828304663784381,3,39,28.75,115,0.2456521739130435,21,200,155.25,621,0.21618357487922713
425,192.0,8076.0,3787.5,15150.0,0.40782178217821785,4,44,30.0,120,0.25,33,200,158.25,633,0.19786729857819907
426,1245.0,5436.0,3579.75,14319.0,0.2732558139534884,21,42,33.75,135,0.12037037037037046,134,200,183.5,734,0.06743869209809272
427,42.0,8784.0,3426.0,13704.0,0.4827057793345009,0,45,29.0,116,0.2931034482758621,9,200,152.25,609,0.2352216748768472
428,405.0,8862.0,4135.5,16542.0,0.4334421472615161,7,45,30.25,121,0.262396694214876,50,200,155.0,620,0.19354838709677424
429,102.0,7752.0,3460.5,13842.0,0.42230169050715216,2,43,29.0,116,0.26724137931034486,21,200,155.25,621,0.21618357487922713
430,102.0,7818.0,3955.5,15822.0,0.37210845657944636,2,43,29.25,117,0.2713675213675214,21,200,155.25,621,0.21618357487922713
431,228.0,8940.0,4846.5,19386.0,0.4151191581553698,4,45,30.5,122,0.2786885245901639,33,200,155.25,621,0.2065217391304348
432,426.0,10380.0,4098.0,16392.0,0.5265373352855052,8,47,26.5,106,0.339622641509434,57,200,134.5,538,0.25464684014869887
433,467.0,5388.0,3178.25,12713.0,0.32677180838511755,13,41,32.0,128,0.171875,81,200,170.25,681,0.13105726872246692
434,62.0,5358.0,2116.25,8465.0,0.5160956881275842,2,40,22.0,88,0.3977272727272727,15,200,119.25,477,0.3632075471698113
435,57.0,7278.0,2859.75,11439.0,0.5172436401783372,1,45,24.75,99,0.38636363636363635,15,200,129.75,519,0.31358381502890176
436,150.0,7944.0,3734.75,14939.0,0.49864448758283686,2,44,22.75,91,0.4423076923076923,21,200,113.5,454,0.3876651982378855
437,125.0,6600.0,3056.0,12224.0,0.46003763089005234,3,42,25.0,100,0.345,21,200,132.75,531,0.2951977401129944
438,41.0,5394.0,2311.25,9245.0,0.5320984315846403,1,41,20.25,81,0.4783950617283951,9,200,107.5,430,0.4372093023255814
439,102.0,8340.0,4057.5,16230.0,0.46460258780036967,2,44,26.75,107,0.34345794392523366,21,200,137.25,549,0.27732240437158473
440,65.0,296.0,130.25,521.0,0.33541266794625724,1,7,3.0,12,0.41666666666666663,9,39,19.5,78,0.32692307692307687
441,36.0,3024.0,828.5,3314.0,0.6882920941460471,0,35,10.25,41,0.6646341463414634,9,200,64.25,257,0.5865758754863813
442,2844.0,5604.0,4404.0,17616.0,0.11818801089918263,37,38,37.25,149,0.005033557046979942,200,200,200.0,800,0.0
443,740.0,5322.0,4070.0,16280.0,0.21707616707616717,16,42,33.75,135,0.14629629629629637,99,200,174.75,699,0.10836909871244638
444,78.0,7434.0,3102.75,12411.0,0.5181895093062606,2,46,24.5,98,0.3979591836734694,21,200,127.0,508,0.3198818897637795
445,89.0,7470.0,3409.25,13637.0,0.5063613698027425,3,43,23.0,92,0.40760869565217395,21,200,119.5,478,0.35564853556485354
446,36.0,552.0,243.5,974.0,0.4152977412731006,0,10,4.5,18,0.41666666666666663,9,44,28.25,113,0.24557522123893816
447,291.0,6744.0,4320.75,17283.0,0.31804374240583233,7,43,31.0,124,0.22580645161290325,51,200,162.75,651,0.1716589861751152
448,36.0,6150.0,2031.0,8124.0,0.621861152141802,0,42,18.75,75,0.53,9,200,104.5,418,0.4569377990430622
449,77.0,4800.0,1676.75,6707.0,0.589421499925451,1,38,17.75,71,0.4964788732394366,9,200,104.5,418,0.44976076555023925
450,96.0,425.0,179.5,718.0,0.34540389972144847,2,8,3.75,15,0.31666666666666665,21,33,24.0,96,0.09375
451,309.0,5472.0,2731.5,10926.0,0.4352004393190555,6,42,25.25,101,0.3242574257425742,38,200,134.0,536,0.27425373134328357
452,144.0,7344.0,3597.0,14388.0,0.43890742285237694,2,43,28.0,112,0.2991071428571429,21,200,149.25,597,0.23492462311557794
453,98.0,5706.0,2351.0,9404.0,0.5045193534666099,2,43,22.75,91,0.38186813186813184,15,200,127.0,508,0.3198818897637795
454,41.0,7596.0,3518.0,14072.0,0.47381324616259235,1,43,26.25,105,0.3404761904761905,9,200,135.75,543,0.2941988950276243
455,210.0,8508.0,3286.25,13145.0,0.547413465195892,4,46,23.5,94,0.4148936170212766,33,200,119.5,478,0.34309623430962344
456,246.0,4398.0,2069.25,8277.0,0.43720550924247914,4,37,22.5,90,0.3388888888888889,33,200,129.75,519,0.29624277456647397
457,42.0,6702.0,3395.25,13581.0,0.4844819969074442,0,42,22.0,88,0.4602272727272727,9,200,112.0,448,0.4095982142857143
458,126.0,4650.0,2134.5,8538.0,0.4984188334504568,4,38,20.5,82,0.4085365853658537,33,200,116.5,466,0.3583690987124464
459,114.0,5520.0,2336.25,9345.0,0.5111556982343499,2,41,22.0,88,0.4147727272727273,21,200,117.75,471,0.3646496815286624
460,53.0,9684.0,3328.25,13313.0,0.5660069105385713,1,46,24.5,98,0.3928571428571429,9,200,128.25,513,0.32602339181286555
461,390.0,6570.0,3264.0,13056.0,0.40050551470588236,6,42,30.25,121,0.23347107438016534,44,200,161.0,644,0.18167701863354035
462,77.0,5250.0,2438.75,9755.0,0.4201691440287032,1,39,27.25,109,0.2637614678899083,9,200,152.25,609,0.2352216748768472
463,1485.0,6636.0,4899.75,19599.0,0.21754936476350828,25,42,36.25,145,0.09482758620689657,158,200,189.5,758,0.04155672823219003
464,114.0,8460.0,2281.25,9125.0,0.6933972602739726,2,42,14.75,59,0.538135593220339,21,200,80.75,323,0.45278637770897834
465,173.0,9594.0,5228.75,20915.0,0.35447047573511836,5,46,31.5,126,0.25,33,200,158.25,633,0.19786729857819907
466,68.0,9186.0,5075.0,20300.0,0.3468472906403941,2,45,31.0,124,0.2620967741935484,15,200,153.75,615,0.22560975609756095
467,36.0,7524.0,3196.5,12786.0,0.5334350070389489,0,45,22.75,91,0.4642857142857143,9,200,113.5,454,0.4008810572687225
468,411.0,5076.0,2696.25,10785.0,0.36349095966620304,9,41,28.25,113,0.22787610619469034,63,200,159.75,639,0.17018779342723
469,108.0,4050.0,2607.0,10428.0,0.29861910241657075,2,36,27.0,108,0.2407407407407407,21,200,155.25,621,0.21618357487922713
470,69.0,6480.0,3024.0,12096.0,0.41555059523809523,1,44,28.0,112,0.2991071428571429,15,200,152.25,609,0.23029556650246308
471,89.0,7584.0,3817.0,15268.0,0.4854925334031962,3,44,23.5,94,0.42553191489361697,21,200,113.5,454,0.3876651982378855
472,399.0,7398.0,3872.25,15489.0,0.3789947704822777,9,43,30.75,123,0.21341463414634143,63,200,165.75,663,0.15497737556561075
473,170.0,900.0,505.0,2020.0,0.30841584158415847,4,15,9.75,39,0.23717948717948723,27,87,62.75,251,0.202191235059761
474,122.0,4464.0,1807.75,7231.0,0.5331558567279767,2,38,19.25,77,0.4512987012987013,15,200,109.0,436,0.42087155963302747
475,288.0,5634.0,2385.75,9543.0,0.49662055957246154,6,41,22.5,90,0.36111111111111116,45,200,127.0,508,0.29625984251968507
476,81.0,5844.0,2520.0,10080.0,0.48407738095238095,1,40,23.75,95,0.35,15,200,134.25,537,0.29469273743016755
477,90.0,9204.0,3864.0,15456.0,0.5289208074534162,2,47,24.75,99,0.41666666666666663,21,200,122.5,490,0.3408163265306122
478,687.0,6624.0,3728.25,14913.0,0.354204385435526,13,43,31.5,126,0.1865079365079365,86,200,171.5,686,0.12463556851311952
479,141.0,7170.0,4424.25,17697.0,0.33781149347347006,3,45,31.0,124,0.2620967741935484,27,200,156.75,627,0.2069377990430623
480,41.0,6354.0,3035.75,12143.0,0.4756444041834802,1,40,23.0,92,0.3967391304347826,9,200,119.25,477,0.3694968553459119
481,81.0,7434.0,4130.25,16521.0,0.39926457236244783,1,43,30.0,120,0.275,15,200,153.75,615,0.22560975609756095
482,57.0,9252.0,3384.0,13536.0,0.5730274822695035,1,46,23.0,92,0.45108695652173914,15,200,116.5,466,0.37768240343347637
483,416.0,7092.0,4526.0,18104.0,0.3242929739284136,12,42,33.25,133,0.1785714285714286,75,200,168.75,675,0.13888888888888884
484,573.0,4770.0,2218.5,8874.0,0.39553752535496955,10,40,26.75,107,0.24065420560747675,62,200,149.0,596,0.20134228187919456
485,102.0,8016.0,3996.0,15984.0,0.4070945945945946,2,43,29.75,119,0.2626050420168067,21,200,155.25,621,0.21618357487922713
486,65.0,1878.0,531.75,2127.0,0.640691114245416,1,36,10.25,41,0.6402439024390244,9,200,59.75,239,0.5993723849372385
487,119.0,6744.0,3428.75,13715.0,0.40865840320816627,3,44,29.75,119,0.2710084033613446,21,200,155.25,621,0.21618357487922713
488,36.0,191.0,98.5,394.0,0.2956852791878173,0,4,2.0,8,0.375,9,21,15.0,60,0.19999999999999996
489,42.0,9816.0,3272.0,13088.0,0.5983343520782396,0,48,24.0,96,0.42708333333333337,9,200,124.0,496,0.3457661290322581
490,239.0,6336.0,2480.0,9920.0,0.4985383064516129,7,42,24.75,99,0.31060606060606055,45,200,135.75,543,0.26104972375690605
491,366.0,5460.0,2748.0,10992.0,0.3807314410480349,6,38,29.25,117,0.21153846153846145,44,200,161.0,644,0.18167701863354035
492,113.0,5106.0,2630.0,10520.0,0.41905893536121674,3,40,24.75,99,0.3207070707070707,21,200,135.75,543,0.28314917127071826
493,149.0,8310.0,4064.75,16259.0,0.3812503844024848,3,46,30.25,121,0.26652892561983466,21,200,155.25,621,0.21618357487922713
494,36.0,7596.0,3775.5,15102.0,0.39819229241160115,0,43,29.25,117,0.2841880341880342,9,200,152.25,609,0.2352216748768472
495,129.0,6858.0,3148.5,12594.0,0.5023820867079561,3,41,21.75,87,0.4224137931034483,27,200,116.5,466,0.36480686695278974
496,114.0,6270.0,2738.0,10952.0,0.4805514974433893,2,43,26.25,105,0.3214285714285714,21,200,142.0,568,0.25968309859154926
497,155.0,4128.0,1937.75,7751.0,0.4823571152109405,3,38,20.25,81,0.4228395061728395,21,200,113.5,454,0.3876651982378855
498,158.0,7380.0,4185.5,16742.0,0.3783598136423366,4,42,30.5,122,0.2418032786885247,27,200,156.75,627,0.2069377990430623
499,131.0,5850.0,3215.75,12863.0,0.3666912850812407,3,41,28.5,114,0.2543859649122807,21,200,155.25,621,0.21618357487922713
500,192.0,5628.0,2835.75,11343.0,0.4691219254165565,6,42,23.0,92,0.3804347826086957,38,200,120.75,483,0.3317805383022774
501,74.0,7668.0,4241.0,16964.0,0.34024994105163875,2,43,30.0,120,0.2583333333333333,15,200,153.75,615,0.22560975609756095
502,263.0,5820.0,2947.25,11789.0,0.3589999151751633,5,41,29.0,116,0.23706896551724133,33,200,158.25,633,0.19786729857819907
503,203.0,6192.0,3226.25,12905.0,0.35073614877954284,5,41,29.0,116,0.24137931034482762,33,200,158.25,633,0.19786729857819907
504,158.0,9546.0,3984.5,15938.0,0.44789183084452255,4,45,30.5,122,0.25409836065573765,27,200,156.75,627,0.2069377990430623
505,288.0,9636.0,4562.75,18251.0,0.47702865596405675,6,48,27.75,111,0.3355855855855856,45,200,137.5,550,0.2545454545454545
506,267.0,7242.0,3398.25,13593.0,0.42634076362833806,4,43,29.75,119,0.2457983193277311,26,200,156.5,626,0.20846645367412142
507,84.0,9348.0,4312.5,17250.0,0.4435652173913044,2,47,29.5,118,0.30508474576271183,21,200,152.25,609,0.22536945812807874
508,111.0,7710.0,3050.0,12200.0,0.5493032786885246,3,45,22.5,90,0.4388888888888889,27,200,115.0,460,0.37282608695652175
509,390.0,9036.0,4201.5,16806.0,0.4120849696536951,8,45,31.0,124,0.22983870967741926,57,200,164.25,657,0.16324200913242004
510,209.0,7518.0,4037.75,16151.0,0.35519472478484304,5,45,31.0,124,0.24596774193548376,33,200,158.25,633,0.19786729857819907
511,42.0,8118.0,4206.0,16824.0,0.4522111269614836,0,43,26.0,104,0.36057692307692313,9,200,134.25,537,0.30027932960893855
512,174.0,10284.0,4288.5,17154.0,0.5305176635187129,4,47,24.0,96,0.421875,33,200,119.5,478,0.34309623430962344
513,80.0,4572.0,1703.75,6815.0,0.5162509170946442,2,30,16.0,64,0.328125,15,140,89.25,357,0.2668067226890757
514,180.0,9300.0,3654.75,14619.0,0.5468397291196389,2,46,23.25,93,0.43817204301075274,20,200,117.75,471,0.3657112526539278
515,63.0,6636.0,2831.25,11325.0,0.5302649006622516,1,41,21.25,85,0.4558823529411765,15,200,112.0,448,0.4029017857142857
516,68.0,8112.0,4035.5,16142.0,0.4050613306901252,2,44,29.75,119,0.2710084033613446,15,200,153.75,615,0.22560975609756095
517,65.0,2592.0,855.5,3422.0,0.5672121566335476,1,29,12.25,49,0.45408163265306123,9,164,76.25,305,0.40573770491803274
518,41.0,8964.0,2930.75,11723.0,0.6175680286616054,1,45,21.75,87,0.46264367816091956,9,200,113.5,454,0.4008810572687225
519,42.0,7290.0,3771.0,15084.0,0.4128878281622912,0,43,29.25,117,0.2841880341880342,9,200,152.25,609,0.2352216748768472
520,146.0,4968.0,2451.5,9806.0,0.4162247603508056,4,41,25.5,102,0.2990196078431373,27,200,141.75,567,0.25529100529100535
521,318.0,4020.0,2869.5,11478.0,0.24921589127025623,7,38,29.75,119,0.19957983193277307,44,200,161.0,644,0.18167701863354035
522,225.0,8964.0,4163.25,16653.0,0.43411097099621687,4,45,30.25,121,0.25826446280991733,26,200,156.5,626,0.20846645367412142
523,2514.0,8166.0,4702.5,18810.0,0.2608452950558213,35,45,37.75,151,0.051324503311258374,200,200,200.0,800,0.0
524,62.0,8412.0,3061.75,12247.0,0.5585245366212134,2,45,25.25,101,0.3688118811881188,15,200,130.0,520,0.3125
525,42.0,3912.0,1862.25,7449.0,0.47976238421264594,0,38,21.0,84,0.42261904761904767,9,200,118.0,472,0.37605932203389836
526,236.0,7530.0,3310.75,13243.0,0.49477082232122627,6,44,25.5,102,0.3431372549019608,39,200,130.0,520,0.2894230769230769
527,99.0,9366.0,4223.0,16892.0,0.5087911437366801,1,46,24.75,99,0.41666666666666663,15,200,121.0,484,0.35433884297520657
528,609.0,3906.0,1927.5,7710.0,0.38132295719844356,10,39,23.5,94,0.29255319148936165,62,200,134.0,536,0.2518656716417911
529,500.0,8736.0,4175.75,16703.0,0.4462821050110759,10,42,29.25,117,0.24145299145299148,63,200,152.25,609,0.19088669950738923
530,93.0,6984.0,3139.5,12558.0,0.5131390348781654,1,41,21.75,87,0.4454022988505747,15,200,113.5,454,0.3942731277533039
531,408.0,6462.0,3898.5,15594.0,0.3250288572527895,8,42,32.25,129,0.20348837209302317,57,200,164.25,657,0.16324200913242004
532,101.0,7020.0,2882.75,11531.0,0.5107753013615471,3,43,23.5,94,0.37234042553191493,21,200,128.25,513,0.314327485380117
533,210.0,5598.0,1736.25,6945.0,0.607451403887689,3,39,15.5,62,0.4838709677419355,26,200,90.75,363,0.4084022038567493
534,99.0,3630.0,1133.0,4532.0,0.6065754633715799,1,35,13.75,55,0.4954545454545455,15,200,85.25,341,0.4420821114369502
535,198.0,6834.0,2992.25,11969.0,0.5036970507143453,4,44,23.5,94,0.3936170212765957,33,200,122.5,490,0.3285714285714286
536,69.0,5838.0,2621.25,10485.0,0.4222460658082976,1,40,27.5,110,0.2727272727272727,15,200,153.75,615,0.22560975609756095
537,80.0,8958.0,4511.0,18044.0,0.37292174684105517,2,44,30.0,120,0.2666666666666667,15,200,153.75,615,0.22560975609756095
538,98.0,6804.0,3154.25,12617.0,0.5017634936989775,2,40,22.0,88,0.4147727272727273,15,200,116.5,466,0.37768240343347637
539,2067.0,4362.0,3588.75,14355.0,0.1325496342737722,23,39,33.75,135,0.09074074074074079,146,200,186.5,746,0.054289544235925025
540,3432.0,6306.0,4782.0,19128.0,0.13535131744040152,36,41,38.5,154,0.02922077922077926,200,200,200.0,800,0.0
541,549.0,6468.0,3704.25,14817.0,0.31580279408787204,9,43,30.5,122,0.21311475409836067,62,200,165.5,662,0.15634441087613293
542,123.0,9726.0,3129.0,12516.0,0.62356184084372,3,47,21.75,87,0.4683908045977011,27,200,113.5,454,0.3810572687224669
543,98.0,5484.0,3030.5,12122.0,0.3785266457680251,2,41,28.5,114,0.26754385964912286,15,200,153.75,615,0.22560975609756095
544,216.0,6234.0,3417.0,13668.0,0.3799385425812116,4,42,29.25,117,0.25427350427350426,33,200,158.25,633,0.19786729857819907
545,81.0,6492.0,3350.25,13401.0,0.38834788448623236,1,44,29.75,119,0.27521008403361347,15,200,153.75,615,0.22560975609756095
546,390.0,6966.0,3370.5,13482.0,0.37283044058744996,8,41,30.25,121,0.20454545454545459,57,200,164.25,657,0.16324200913242004
547,276.0,6420.0,2708.25,10833.0,0.5057463306563279,5,41,22.75,91,0.37637362637362637,38,200,123.75,495,0.31767676767676767
548,96.0,8268.0,3486.0,13944.0,0.5354991394148021,2,44,21.75,87,0.4683908045977011,21,200,110.5,442,0.40497737556561086
549,380.0,5088.0,3105.5,12422.0,0.327121236515859,8,40,30.0,120,0.19999999999999996,51,200,162.75,651,0.1716589861751152
550,41.0,5292.0,3407.75,13631.0,0.2907893771550143,1,39,28.75,115,0.25,9,200,152.25,609,0.2352216748768472
551,186.0,6876.0,3495.75,13983.0,0.473664449688908,4,42,23.5,94,0.3936170212765957,33,200,121.0,484,0.3357438016528925
552,86.0,7656.0,3858.5,15434.0,0.4646559543864196,2,45,26.25,105,0.3595238095238096,15,200,133.0,532,0.299812030075188
553,249.0,7848.0,4712.25,18849.0,0.3636399809008436,4,44,31.0,124,0.25806451612903225,26,200,156.5,626,0.20846645367412142
554,95.0,7920.0,4010.75,16043.0,0.40227825219722,3,43,29.5,118,0.26694915254237284,21,200,155.25,621,0.21618357487922713
555,98.0,5628.0,1778.5,7114.0,0.6196232780432949,2,37,15.75,63,0.4722222222222222,15,200,92.5,370,0.43513513513513513
556,336.0,6852.0,3495.0,13980.0,0.3907725321888412,7,43,30.75,123,0.22154471544715437,44,200,161.0,644,0.18167701863354035
557,134.0,6204.0,3113.5,12454.0,0.4824554360044966,4,41,22.5,90,0.4111111111111111,27,200,113.5,454,0.3810572687224669
558,93.0,7362.0,2851.5,11406.0,0.5460284061020515,1,47,23.0,92,0.45108695652173914,15,200,116.25,465,0.3790322580645161
559,167.0,7548.0,2644.0,10576.0,0.5766357791225416,3,42,21.5,86,0.41860465116279066,21,200,116.5,466,0.371244635193133
560,435.0,4854.0,2666.25,10665.0,0.37630098452883265,11,40,28.0,112,0.2321428571428572,75,200,153.75,615,0.17682926829268286
561,516.0,5544.0,3544.5,14178.0,0.2997249259415996,14,40,31.5,126,0.15873015873015883,93,200,173.25,693,0.1158008658008658
562,2118.0,6864.0,3780.0,15120.0,0.2492063492063492,35,42,37.0,148,0.03716216216216206,200,200,200.0,800,0.0
563,806.0,7188.0,3857.0,15428.0,0.3146227638060669,18,44,33.25,133,0.1522556390977443,111,200,177.75,711,0.0938818565400843
564,303.0,8244.0,4758.75,19035.0,0.3450354609929078,5,41,30.75,123,0.22560975609756095,39,200,159.75,639,0.18896713615023475
565,2556.0,6300.0,4420.5,17682.0,0.18196470987444857,35,41,37.75,151,0.0347682119205297,200,200,200.0,800,0.0
566,71.0,5028.0,1351.25,5405.0,0.6939407955596669,1,38,11.25,45,0.6388888888888888,9,200,65.75,263,0.5674904942965779
567,105.0,7230.0,3032.25,12129.0,0.45727182785060594,3,43,29.0,116,0.26724137931034486,27,200,156.75,627,0.2069377990430623
568,207.0,5910.0,2994.5,11978.0,0.4641843379529137,5,40,22.5,90,0.37777777777777777,39,200,121.0,484,0.3295454545454546
569,125.0,2793.0,907.25,3629.0,0.5718517497933315,3,25,10.75,43,0.41279069767441856,21,98,56.75,227,0.2874449339207048
570,489.0,8454.0,4812.75,19251.0,0.3484883902134954,10,45,32.5,130,0.20769230769230762,62,200,165.5,662,0.15634441087613293
571,417.0,7782.0,4412.25,17649.0,0.3820754716981132,9,44,32.5,130,0.21538461538461529,63,200,165.75,663,0.15497737556561075
572,233.0,5232.0,3110.75,12443.0,0.3291609740416298,5,39,28.75,115,0.2239130434782608,33,200,158.25,633,0.19786729857819907
573,93.0,5946.0,1956.75,7827.0,0.6118244538137217,1,39,19.0,76,0.48026315789473684,15,200,109.0,436,0.42087155963302747
574,207.0,7932.0,4217.25,16869.0,0.4029432687177663,5,46,32.0,128,0.25,39,200,159.75,639,0.18896713615023475
575,542.0,4956.0,2496.5,9986.0,0.4054175846184659,12,38,25.25,101,0.25,75,200,142.0,568,0.21214788732394374
576,246.0,7914.0,3344.0,13376.0,0.49865430622009566,5,43,26.75,107,0.3107476635514018,32,200,138.75,555,0.2617117117117117
577,350.0,5820.0,3246.5,12986.0,0.4034729708917295,8,41,26.25,105,0.2833333333333333,51,200,141.75,567,0.23412698412698418
578,42.0,9126.0,4522.5,18090.0,0.4038971807628524,0,45,30.25,121,0.2871900826446281,9,200,152.25,609,0.2352216748768472
579,1956.0,5646.0,4002.0,16008.0,0.21101949025487254,34,42,37.25,149,0.04194630872483218,200,200,200.0,800,0.0
580,767.0,6948.0,4013.75,16055.0,0.30705387729679223,17,40,32.5,130,0.14230769230769225,105,200,176.25,705,0.10106382978723394
581,42.0,1764.0,765.0,3060.0,0.4607843137254902,0,31,13.75,55,0.4590909090909091,9,188,89.5,358,0.4078212290502793
582,182.0,3594.0,1714.25,6857.0,0.4721817121190025,4,37,20.25,81,0.39814814814814814,27,200,116.5,466,0.36480686695278974
583,359.0,7374.0,3458.75,13835.0,0.4250632453921215,7,44,30.75,123,0.22967479674796754,45,200,161.25,645,0.18023255813953498
584,156.0,7470.0,3314.75,13259.0,0.507523191794253,4,46,24.0,96,0.40104166666666663,33,200,122.5,490,0.3285714285714286
585,185.0,8196.0,4117.25,16469.0,0.44333292853239414,5,45,29.25,117,0.2841880341880342,33,200,149.25,597,0.22487437185929648
586,41.0,7752.0,2654.0,10616.0,0.5966936699321779,1,43,21.75,87,0.4339080459770115,9,200,118.0,472,0.37605932203389836
587,69.0,7314.0,3003.0,12012.0,0.5393356643356644,1,43,22.0,88,0.4545454545454546,15,200,113.5,454,0.3942731277533039
588,372.0,5754.0,3242.25,12969.0,0.3667013647929679,8,41,29.25,117,0.2286324786324787,57,200,159.75,639,0.17488262910798125
589,945.0,7134.0,4088.25,16353.0,0.30962208769033206,18,44,34.25,137,0.1441605839416058,110,200,177.5,710,0.09507042253521125
590,42.0,5808.0,3672.0,14688.0,0.3282271241830066,0,41,28.5,114,0.2763157894736842,9,200,152.25,609,0.2352216748768472
591,87.0,4584.0,2298.75,9195.0,0.48458401305057097,1,38,19.5,78,0.46794871794871795,15,200,109.0,436,0.42087155963302747
592,86.0,5454.0,3329.0,13316.0,0.33230699909882844,2,39,28.75,115,0.25,15,200,153.75,615,0.22560975609756095
593,36.0,8424.0,3600.0,14400.0,0.4927083333333333,0,45,25.75,103,0.3713592233009708,9,200,134.25,537,0.30027932960893855
594,41.0,7944.0,3319.75,13279.0,0.5434708938926124,1,42,20.5,82,0.4817073170731707,9,200,106.0,424,0.44693396226415094
595,287.0,7116.0,4087.25,16349.0,0.372820967643281,7,43,31.25,125,0.22599999999999998,45,200,161.25,645,0.18023255813953498
596,102.0,9972.0,3318.75,13275.0,0.5679661016949152,2,47,28.0,112,0.3035714285714286,21,200,153.75,615,0.22073170731707314
597,74.0,6738.0,3443.0,13772.0,0.3766337496369445,2,43,29.75,119,0.2668067226890757,15,200,153.75,615,0.22560975609756095
598,74.0,8424.0,2963.75,11855.0,0.5885491353859131,2,44,21.75,87,0.45114942528735635,15,200,113.5,454,0.3942731277533039
599,75.0,5952.0,2679.0,10716.0,0.5023796192609182,1,42,22.75,91,0.4203296703296703,15,200,119.5,478,0.36192468619246865
600,74.0,6336.0,2453.0,9812.0,0.5570729718711781,2,40,19.75,79,0.4525316455696202,15,200,112.0,448,0.4029017857142857
601,1080.0,7908.0,4107.0,16428.0,0.3654127100073046,20,47,34.75,139,0.15287769784172656,128,200,182.0,728,0.07417582417582413
602,603.0,4896.0,3108.0,12432.0,0.3111727799227799,12,40,29.75,119,0.19537815126050417,74,200,164.0,656,0.15091463414634143
603,356.0,6252.0,3232.75,12931.0,0.44522852060938833,10,41,25.75,103,0.29854368932038833,63,200,133.0,532,0.25469924812030076
604,47.0,5586.0,2619.25,10477.0,0.5042712608571156,1,41,21.0,84,0.45833333333333337,9,200,109.0,436,0.4277522935779816
605,429.0,6366.0,3561.75,14247.0,0.36602442619498843,9,41,30.75,123,0.20934959349593485,63,200,165.75,663,0.15497737556561075
606,36.0,221.0,97.0,388.0,0.37371134020618557,0,6,2.25,9,0.5277777777777778,9,21,15.0,60,0.19999999999999996
607,195.0,4464.0,2801.25,11205.0,0.32871485943775103,3,39,28.5,114,0.24122807017543857,27,200,156.75,627,0.2069377990430623
608,108.0,6462.0,2487.0,9948.0,0.5554885404101327,2,43,21.5,86,0.4534883720930233,21,200,113.5,454,0.3876651982378855
609,69.0,4470.0,3167.25,12669.0,0.26657589391427894,1,37,27.25,109,0.25,15,200,153.75,615,0.22560975609756095
610,204.0,7614.0,3790.5,15162.0,0.45656905421448357,4,44,26.0,104,0.34615384615384615,33,200,134.25,537,0.2779329608938548
611,744.0,6492.0,3877.5,15510.0,0.3501934235976789,13,43,32.75,131,0.18511450381679384,80,200,170.0,680,0.13235294117647056
612,375.0,6522.0,2840.0,11360.0,0.46844190140845066,9,43,26.5,106,0.2783018867924528,63,200,145.0,580,0.21293103448275863
613,47.0,815.0,470.25,1881.0,0.3860978203083466,1,19,9.75,39,0.40384615384615385,9,117,62.75,251,0.38147410358565736
614,291.0,5238.0,2767.5,11070.0,0.4046070460704607,9,40,27.0,108,0.25462962962962965,63,200,149.25,597,0.19974874371859297
615,36.0,8106.0,4359.0,17436.0,0.3843771507226428,0,42,29.75,119,0.2668067226890757,9,200,152.25,609,0.2352216748768472
616,258.0,4824.0,2479.5,9918.0,0.3582879612825166,6,40,28.25,113,0.22787610619469034,45,200,161.25,645,0.18023255813953498
617,167.0,8982.0,3594.5,14378.0,0.5443733481708165,3,44,23.0,92,0.42934782608695654,27,200,115.0,460,0.37282608695652175
618,41.0,9174.0,3590.0,14360.0,0.5441155988857939,1,45,25.0,100,0.39,9,200,127.0,508,0.33169291338582674
619,92.0,6318.0,3779.0,15116.0,0.34711563905795184,2,41,29.25,117,0.25427350427350426,15,200,153.75,615,0.22560975609756095
620,723.0,5640.0,3549.75,14199.0,0.2861293048806254,13,42,32.0,128,0.171875,86,200,171.5,686,0.12463556851311952
621,57.0,3870.0,1036.75,4147.0,0.6942970822281167,1,37,11.0,44,0.6363636363636364,9,200,64.25,257,0.5749027237354085
622,150.0,7938.0,3224.25,12897.0,0.5339032333100721,2,44,22.5,90,0.43333333333333335,21,200,118.0,472,0.3633474576271186
623,107.0,2691.0,1225.75,4903.0,0.4702733020599633,3,28,14.5,58,0.3793103448275862,21,146,85.0,340,0.33676470588235297
624,165.0,6132.0,2512.5,10050.0,0.5250746268656716,3,42,21.25,85,0.4323529411764706,27,200,116.5,466,0.36480686695278974
625,36.0,8334.0,3744.0,14976.0,0.49759615384615385,0,43,23.5,94,0.4148936170212766,9,200,122.25,489,0.3542944785276073
626,95.0,6246.0,2318.0,9272.0,0.5657355478861087,3,41,21.0,84,0.4285714285714286,21,200,115.0,460,0.3793478260869565
627,63.0,7044.0,3215.25,12861.0,0.5061231630510846,1,42,22.25,89,0.4410112359550562,15,200,115.0,460,0.38586956521739135
628,102.0,7062.0,4426.5,17706.0,0.3091324974584887,2,42,30.25,121,0.25,21,200,155.25,621,0.21618357487922713
629,150.0,9108.0,3733.5,14934.0,0.5101446364001607,2,47,25.5,102,0.38235294117647056,21,200,131.25,525,0.3014285714285714
630,41.0,7086.0,2820.5,11282.0,0.5544229746498848,1,41,20.75,83,0.4668674698795181,9,200,109.0,436,0.4277522935779816
631,1560.0,5718.0,3481.5,13926.0,0.26895734597156395,28,40,35.0,140,0.06428571428571428,176,200,194.0,776,0.02319587628865971
632,86.0,254.0,137.5,550.0,0.23181818181818192,2,5,2.75,11,0.20454545454545459,15,27,21.0,84,0.1071428571428572
633,485.0,4722.0,2572.0,10288.0,0.4049863919129082,13,37,24.75,99,0.2297979797979799,81,200,143.5,574,0.20209059233449467
634,68.0,4584.0,2780.0,11120.0,0.30512589928057554,2,41,29.0,116,0.2543103448275862,15,200,153.75,615,0.22560975609756095
635,42.0,4332.0,1121.0,4484.0,0.718443354148082,0,37,9.75,39,0.7115384615384616,9,200,58.25,233,0.621244635193133
636,71.0,299.0,170.5,682.0,0.30351906158357767,1,7,4.0,16,0.34375,9,45,30.0,120,0.275
637,543.0,7602.0,4415.25,17661.0,0.3476728384576184,11,43,33.0,132,0.19318181818181812,75,200,168.75,675,0.13888888888888884
638,438.0,4674.0,3037.5,12150.0,0.2653086419753087,8,40,30.0,120,0.19999999999999996,57,200,164.25,657,0.16324200913242004
639,36.0,8034.0,2815.5,11262.0,0.5925679275439532,0,42,21.0,84,0.4642857142857143,9,200,113.5,454,0.4008810572687225
640,107.0,6942.0,2832.5,11330.0,0.4816416593115622,3,44,26.0,104,0.34134615384615385,21,200,135.75,543,0.28314917127071826
641,141.0,7416.0,4497.75,17991.0,0.3593880273470068,3,43,30.0,120,0.2583333333333333,27,200,156.75,627,0.2069377990430623
642,1296.0,8094.0,4366.5,17466.0,0.31320851940913774,21,41,34.75,139,0.11330935251798557,128,200,182.0,728,0.07417582417582413
643,41.0,9444.0,2770.25,11081.0,0.6674262250699395,1,48,20.25,81,0.5154320987654321,9,200,104.5,418,0.43540669856459335
644,47.0,3546.0,1325.5,5302.0,0.5510184835910977,1,35,17.25,69,0.44565217391304346,9,200,104.5,418,0.42105263157894735
645,96.0,9132.0,3318.5,13274.0,0.5814750640349555,2,44,21.75,87,0.4568965517241379,21,200,112.0,448,0.3962053571428571
646,96.0,9786.0,3723.75,14895.0,0.5622860020140987,2,45,23.0,92,0.4347826086956522,21,200,118.0,472,0.3633474576271186
647,47.0,7146.0,3482.75,13931.0,0.4959981336587467,1,44,22.75,91,0.4587912087912088,9,200,110.5,442,0.418552036199095
648,132.0,2679.0,1259.0,5036.0,0.44132247815726766,2,33,17.25,69,0.37318840579710144,21,158,97.0,388,0.3028350515463918
649,47.0,6900.0,2807.75,11231.0,0.46992698780162057,1,41,25.5,102,0.31862745098039214,9,200,140.25,561,0.2767379679144385
650,333.0,7446.0,3393.0,13572.0,0.48574270557029176,5,43,23.5,94,0.38829787234042556,38,200,122.25,489,0.3246421267893661
651,42.0,8886.0,3389.25,13557.0,0.5718632440805488,0,45,21.0,84,0.5119047619047619,9,200,106.0,424,0.44693396226415094
652,63.0,4854.0,1715.25,6861.0,0.5853738522081329,1,37,18.25,73,0.476027397260274,15,200,109.0,436,0.42087155963302747
653,258.0,6600.0,3739.5,14958.0,0.3741476133172884,6,42,30.75,123,0.22560975609756095,45,200,161.25,645,0.18023255813953498
654,762.0,5340.0,3003.75,12015.0,0.3724719101123596,13,40,26.75,107,0.24065420560747675,80,200,144.5,578,0.19982698961937717
655,41.0,7290.0,4408.25,17633.0,0.3330828560086202,1,43,30.5,122,0.2622950819672131,9,200,152.25,609,0.2352216748768472
656,80.0,8460.0,3600.25,14401.0,0.5146691201999861,2,46,26.0,104,0.3701923076923077,15,200,130.0,520,0.3125
657,222.0,7848.0,4071.0,16284.0,0.3798820928518791,4,44,30.75,123,0.24593495934959342,33,200,158.25,633,0.19786729857819907
658,314.0,4788.0,2211.5,8846.0,0.4549513904589645,8,39,22.75,91,0.32692307692307687,51,200,126.75,507,0.29142011834319526
659,1083.0,8388.0,3875.25,15501.0,0.3674762918521386,20,44,32.25,129,0.15697674418604657,122,200,174.5,698,0.09240687679083104
660,119.0,6582.0,3982.25,15929.0,0.30543348609454457,3,42,30.0,120,0.25,21,200,155.25,621,0.21618357487922713
661,182.0,8712.0,3410.0,13640.0,0.5368768328445748,6,46,24.5,98,0.3622448979591837,39,200,130.0,520,0.2894230769230769
662,89.0,7098.0,2617.0,10468.0,0.5702617500955293,3,41,21.5,86,0.42441860465116277,21,200,113.5,454,0.3876651982378855
663,36.0,9090.0,3131.75,12527.0,0.6011215773928315,0,45,21.5,86,0.4825581395348837,9,200,110.5,442,0.418552036199095
664,102.0,7236.0,3477.0,13908.0,0.3971095772217429,2,44,29.25,117,0.2713675213675214,21,200,155.25,621,0.21618357487922713
665,81.0,5139.0,1620.0,6480.0,0.6136574074074074,1,36,15.25,61,0.4795081967213115,15,158,83.5,334,0.37425149700598803
666,41.0,7464.0,2840.75,11363.0,0.5655856727976767,1,42,21.75,87,0.4454022988505747,9,200,113.5,454,0.4008810572687225
667,324.0,9774.0,5283.0,21132.0,0.3922487223168655,6,48,33.0,132,0.2537878787878788,45,200,161.25,645,0.18023255813953498
668,191.0,5460.0,3227.75,12911.0,0.30723801409650686,5,41,29.75,119,0.23319327731092443,33,200,158.25,633,0.19786729857819907
669,176.0,7572.0,3758.0,15032.0,0.3785923363491219,4,43,30.0,120,0.24583333333333335,27,200,156.75,627,0.2069377990430623
670,2622.0,6690.0,4618.5,18474.0,0.1874797012016889,35,44,38.25,153,0.044117647058823595,200,200,200.0,800,0.0
671,120.0,7152.0,3372.75,13491.0,0.49138314431843455,2,42,24.25,97,0.3788659793814433,21,200,127.0,508,0.3198818897637795
672,177.0,2478.0,1302.75,5211.0,0.43077144502014963,3,35,16.5,66,0.43939393939393945,27,200,102.75,411,0.38868613138686137
673,242.99999999999997,7344.0,2559.75,10239.0,0.5444623498388514,3,45,24.5,98,0.36734693877551017,26,200,132.75,531,0.2904896421845574
674,480.0,5891.999999999999,4096.5,16386.0,0.2725192237275723,10,42,31.75,127,0.19094488188976388,69,200,167.25,669,0.14686098654708513
675,36.0,9702.0,3668.25,14673.0,0.5760069515436516,0,47,21.5,86,0.5174418604651163,9,200,106.0,424,0.44693396226415094
676,180.0,6792.0,3554.25,14217.0,0.4267250474783709,4,43,27.25,109,0.30504587155963303,33,200,144.75,579,0.23963730569948183
677,1434.0,8574.0,4062.75,16251.0,0.3756230385822411,29,44,35.75,143,0.08216783216783208,182,200,195.5,782,0.017263427109974527
678,42.0,8670.0,3572.0,14288.0,0.5478723404255319,0,46,21.5,86,0.5058139534883721,9,200,106.0,424,0.44693396226415094
679,126.0,6324.0,3331.5,13326.0,0.35941017559657806,2,43,29.5,118,0.2627118644067796,21,200,155.25,621,0.21618357487922713
680,161.0,1353.0,557.5,2230.0,0.40986547085201797,5,19,9.5,38,0.2894736842105263,33,122,62.75,251,0.27191235059760954
681,197.0,6372.0,2738.0,10952.0,0.5049762600438276,5,42,23.75,95,0.3605263157894737,33,200,127.0,508,0.3080708661417323
682,249.0,6762.0,3227.0,12908.0,0.4745506662534862,5,42,24.5,98,0.34693877551020413,39,200,130.0,520,0.2894230769230769
683,317.0,6738.0,3562.25,14249.0,0.40418625868481994,9,41,30.75,123,0.20934959349593485,57,200,164.25,657,0.16324200913242004
684,69.0,4446.0,1183.25,4733.0,0.6947496302556518,1,36,10.25,41,0.6402439024390244,15,200,62.75,251,0.5587649402390438
685,87.0,2802.0,1514.25,6057.0,0.43424962852897475,1,36,20.25,81,0.4104938271604939,15,200,118.0,472,0.36970338983050843
686,150.0,6990.0,2982.75,11931.0,0.4580714106110133,4,42,27.75,111,0.2635135135135135,33,200,156.75,627,0.20215311004784686
687,102.0,1341.0,476.0,1904.0,0.5170693277310925,2,18,7.75,31,0.44354838709677424,21,74,43.25,173,0.2817919075144508
688,186.0,6846.0,3155.0,12620.0,0.48050713153724245,6,45,26.5,106,0.33018867924528306,45,200,136.0,544,0.2601102941176471
689,311.0,6108.0,2935.25,11741.0,0.4534750021292905,7,43,25.5,102,0.32352941176470584,45,200,134.5,538,0.26579925650557623
690,357.0,5694.0,2825.25,11301.0,0.4533448367401115,7,40,23.5,94,0.35106382978723405,44,200,123.75,495,0.31161616161616157
691,132.0,6816.0,4150.5,16602.0,0.3434224792193712,2,41,29.25,117,0.2585470085470085,21,200,155.25,621,0.21618357487922713
692,297.0,5196.0,3590.25,14361.0,0.2809170670566117,7,39,29.5,118,0.2076271186440677,51,200,162.75,651,0.1716589861751152
693,41.0,9066.0,4250.75,17003.0,0.4379668293830501,1,45,30.0,120,0.2833333333333333,9,200,152.25,609,0.2352216748768472
694,645.0,4890.0,2756.25,11025.0,0.3768027210884354,12,41,27.0,108,0.24537037037037046,74,200,147.75,591,0.19500846023688667
695,242.0,8298.0,3898.25,15593.0,0.4504425062528058,6,46,30.25,121,0.25826446280991733,39,200,158.25,633,0.19312796208530814
696,47.0,5472.0,3644.75,14579.0,0.30048357226147193,1,42,29.25,117,0.2713675213675214,9,200,152.25,609,0.2352216748768472
697,36.0,6258.0,2810.25,11241.0,0.4852548705631171,0,42,23.0,92,0.40760869565217395,9,200,123.75,495,0.34696969696969693
698,36.0,6984.0,3334.5,13338.0,0.39799820062977953,0,43,28.25,113,0.28539823008849563,9,200,152.25,609,0.2352216748768472
699,77.0,4152.0,1918.0,7672.0,0.48950729927007297,1,38,21.0,84,0.4107142857142857,9,200,116.5,466,0.38412017167381973
700,41.0,6096.0,2857.75,11431.0,0.5071953459889773,1,42,21.75,87,0.4568965517241379,9,200,109.0,436,0.4277522935779816
701,69.0,6216.0,1630.25,6521.0,0.7105888667382303,1,40,11.25,45,0.6611111111111111,9,200,62.75,251,0.5826693227091634
702,173.0,7224.0,2680.75,10723.0,0.5588687867201343,5,43,22.5,90,0.4,33,200,118.0,472,0.350635593220339
703,105.0,4596.0,1466.75,5867.0,0.611343105505369,3,33,14.75,59,0.44491525423728817,27,152,80.5,322,0.36024844720496896
704,69.0,2766.0,898.5,3594.0,0.5914023372287145,1,34,12.0,48,0.5416666666666666,15,200,77.5,310,0.47096774193548385
705,47.0,783.0,336.25,1345.0,0.4146840148698885,1,12,5.5,22,0.38636363636363635,9,50,31.25,125,0.246
706,693.0,6618.0,4113.75,16455.0,0.3118049225159526,13,43,32.5,130,0.18461538461538463,86,200,171.5,686,0.12463556851311952
707,42.0,9432.0,4080.0,16320.0,0.4858455882352941,0,46,29.25,117,0.3012820512820513,9,200,152.25,609,0.2352216748768472
708,41.0,9996.0,3242.0,12968.0,0.5872532387415176,1,46,25.0,100,0.375,9,200,132.75,531,0.306497175141243
709,90.0,7032.0,3358.5,13434.0,0.40922286735149616,2,42,29.25,117,0.2585470085470085,21,200,155.25,621,0.21618357487922713
710,402.0,5250.0,3342.0,13368.0,0.322935368043088,7,40,30.0,120,0.21666666666666656,44,200,161.0,644,0.18167701863354035
711,63.0,7386.0,2793.75,11175.0,0.5200671140939598,1,43,24.5,98,0.3571428571428571,15,200,135.75,543,0.2886740331491713
712,177.0,5058.0,1677.75,6711.0,0.5761063924899419,3,39,16.5,66,0.43181818181818177,27,200,97.0,388,0.3569587628865979
713,36.0,7932.0,2641.25,10565.0,0.6200425934690014,0,44,20.25,81,0.5154320987654321,9,200,104.5,418,0.4569377990430622
714,57.0,1308.0,434.0,1736.0,0.5705645161290323,1,15,6.25,25,0.49,15,68,37.25,149,0.32718120805369133
715,828.0,5172.0,3276.0,13104.0,0.30952380952380953,13,41,31.75,127,0.17125984251968496,80,200,170.0,680,0.13235294117647056
716,36.0,5004.0,1870.25,7481.0,0.5768948001604064,0,40,19.25,77,0.5032467532467533,9,200,104.5,418,0.4569377990430622
717,164.0,5274.0,2718.5,10874.0,0.37231009748022803,4,39,28.5,114,0.23245614035087714,27,200,156.75,627,0.2069377990430623
718,369.0,9090.0,3608.25,14433.0,0.4688734150904178,9,43,29.0,116,0.23275862068965525,63,200,159.75,639,0.17018779342723
719,266.0,7488.0,3095.0,12380.0,0.5030694668820679,6,43,23.75,95,0.35,39,200,129.75,519,0.2904624277456648
720,426.0,6288.0,3429.75,13719.0,0.3883118303083315,9,42,28.5,114,0.2456140350877194,56,200,153.5,614,0.19299674267100975
721,137.0,7050.0,2735.0,10940.0,0.5093692870201096,3,42,24.5,98,0.33673469387755106,21,200,135.75,543,0.28314917127071826
722,342.0,7668.0,4672.5,18690.0,0.3085874799357945,8,46,32.5,130,0.22307692307692317,57,200,164.25,657,0.16324200913242004
723,261.0,7482.0,3584.25,14337.0,0.4088198367859385,5,43,30.25,121,0.2376033057851239,39,200,159.75,639,0.18896713615023475
724,102.0,7158.0,3714.0,14856.0,0.40630048465266555,2,44,30.25,121,0.26652892561983466,21,200,155.25,621,0.21618357487922713
725,41.0,6366.0,2888.5,11554.0,0.5131556171023023,1,44,22.75,91,0.4423076923076923,9,200,113.5,454,0.4008810572687225
726,648.0,5628.0,3303.0,13212.0,0.2979109900090826,9,42,30.5,122,0.20491803278688514,56,200,164.0,656,0.16463414634146334
727,132.0,6126.0,3156.0,12624.0,0.4448669201520913,2,42,26.25,105,0.33571428571428574,21,200,137.5,550,0.27636363636363637
728,1905.0,6924.0,3266.25,13065.0,0.29293915040183693,27,44,35.0,140,0.09285714285714275,170,200,192.5,770,0.02922077922077926
729,116.0,6270.0,3382.25,13529.0,0.43401212210806417,4,41,26.0,104,0.3173076923076923,27,200,137.25,549,0.2718579234972678
730,672.0,5610.0,3119.25,12477.0,0.37298629478239964,14,42,27.75,111,0.22297297297297303,93,200,153.75,615,0.16219512195121943
731,69.0,8400.0,3065.75,12263.0,0.5838497920574085,1,44,20.75,83,0.49096385542168675,15,200,107.5,430,0.43023255813953487
732,413.0,6576.0,3833.75,15335.0,0.3230355396152592,11,44,32.5,130,0.19615384615384612,69,200,167.25,669,0.14686098654708513
733,86.0,5808.0,2798.75,11195.0,0.4895265743635552,2,40,22.0,88,0.4147727272727273,15,200,116.5,466,0.37768240343347637
734,36.0,6750.0,3634.5,14538.0,0.37670243499793643,0,43,29.0,116,0.2801724137931034,9,200,152.25,609,0.2352216748768472
735,47.0,7530.0,3493.25,13973.0,0.4989086094611036,1,42,23.25,93,0.40053763440860213,9,200,122.5,490,0.35306122448979593
736,69.0,7620.0,2748.0,10992.0,0.5765556768558951,1,44,22.0,88,0.4375,15,200,119.5,478,0.36192468619246865
737,111.0,6528.0,2937.0,11748.0,0.5131511746680286,3,43,22.0,88,0.44318181818181823,27,200,113.5,454,0.3810572687224669
738,75.0,4650.0,2369.25,9477.0,0.4620924343146565,1,40,22.25,89,0.4073033707865169,15,200,121.0,484,0.35433884297520657
739,74.0,9222.0,3653.75,14615.0,0.5494526171741362,2,46,23.5,94,0.43617021276595747,15,200,116.5,466,0.37768240343347637
740,432.0,5382.0,2598.0,10392.0,0.3669168591224018,7,41,29.0,116,0.21982758620689657,44,200,161.0,644,0.18167701863354035
741,68.0,7350.0,4847.0,19388.0,0.29863833298947806,2,42,30.25,121,0.25,15,200,153.75,615,0.22560975609756095
742,69.0,9666.0,3090.75,12363.0,0.6302475127396263,1,45,20.75,83,0.4969879518072289,15,200,109.0,436,0.42087155963302747
743,752.0,6528.0,3440.0,13760.0,0.33335755813953494,18,43,32.5,130,0.14615384615384608,111,200,177.75,711,0.0938818565400843
744,1527.0,8316.0,5678.25,22713.0,0.2579249768854841,25,44,36.75,147,0.1071428571428572,158,200,189.5,758,0.04155672823219003
745,1322.0,7560.0,4086.5,16346.0,0.32530894408417965,28,44,36.5,146,0.08904109589041087,171,200,192.75,771,0.02821011673151741
746,437.0,5832.0,3631.25,14525.0,0.30769363166953534,9,42,31.25,125,0.20599999999999996,57,200,164.25,657,0.16324200913242004
747,42.0,6216.0,2907.0,11628.0,0.4115067079463365,0,41,27.0,108,0.2870370370370371,9,200,152.25,609,0.2352216748768472
748,176.0,7620.0,3285.5,13142.0,0.4329249733678283,4,44,29.25,117,0.2585470085470085,27,200,156.75,627,0.2069377990430623
749,1011.0,5496.0,3416.25,13665.0,0.24670691547749724,17,40,32.5,130,0.13461538461538458,110,200,177.5,710,0.09507042253521125
750,258.0,5598.0,2620.5,10482.0,0.47581568402976526,4,41,21.75,87,0.4051724137931034,32,200,119.25,477,0.3453878406708596
751,512.0,4644.0,2452.75,9811.0,0.4076291917235756,11,41,25.25,101,0.2846534653465347,69,200,136.0,544,0.23805147058823528
752,2202.0,7428.0,4417.5,17670.0,0.2423599320882852,34,43,37.5,150,0.05333333333333323,200,200,200.0,800,0.0
753,93.0,6258.0,2413.5,9654.0,0.5043505282784339,1,41,23.0,92,0.3695652173913043,15,200,131.25,525,0.30714285714285716
754,140.0,6258.0,2720.75,10883.0,0.4845401084259855,4,43,25.0,100,0.355,27,200,128.25,513,0.3084795321637427
755,224.0,8460.0,3524.0,14096.0,0.49609818388195237,6,44,28.25,113,0.2765486725663717,39,200,151.0,604,0.21440397350993368
756,36.0,8982.0,3120.0,12480.0,0.5651442307692308,0,45,25.25,101,0.3688118811881188,9,200,134.25,537,0.30027932960893855
757,93.0,4734.0,1907.0,7628.0,0.5387388568432092,1,38,19.5,78,0.46153846153846156,15,200,109.0,436,0.42087155963302747
758,861.0,7494.0,4295.25,17181.0,0.3381788021651825,13,45,33.0,132,0.19696969696969702,86,200,171.5,686,0.12463556851311952
759,87.0,8004.0,3053.25,12213.0,0.5631908621960207,1,44,21.75,87,0.4683908045977011,15,200,112.0,448,0.4029017857142857
760,36.0,7200.0,3081.75,12327.0,0.4766974933073741,0,44,26.5,106,0.33490566037735847,9,200,141.75,567,0.27116402116402116
761,258.0,9582.0,3892.25,15569.0,0.5223039373113237,5,46,25.0,100,0.365,32,200,128.25,513,0.3036062378167641
762,63.0,6972.0,3779.25,15117.0,0.3714526691803929,1,46,29.75,119,0.29621848739495793,15,200,153.75,615,0.22560975609756095
763,36.0,6240.0,2538.75,10155.0,0.4891432791728213,0,40,24.75,99,0.3308080808080808,9,200,138.75,555,0.28243243243243243
764,155.0,7092.0,3664.25,14657.0,0.37512792522344274,3,43,29.75,119,0.2584033613445378,21,200,155.25,621,0.21618357487922713
765,36.0,6276.0,3199.5,12798.0,0.37892639474917955,0,42,27.5,110,0.2909090909090909,9,200,152.25,609,0.2352216748768472
766,101.0,7554.0,3152.5,12610.0,0.536558287073751,3,44,21.75,87,0.45114942528735635,21,200,110.5,442,0.40497737556561086
767,221.0,6450.0,3143.75,12575.0,0.37723658051689857,5,43,30.25,121,0.2376033057851239,33,200,158.25,633,0.19786729857819907
768,258.0,8976.0,3768.5,15074.0,0.5198023086108531,4,47,24.5,98,0.40816326530612246,33,200,121.0,484,0.3357438016528925
769,197.0,5310.0,2018.75,8075.0,0.5328482972136223,5,42,23.0,92,0.3695652173913043,33,200,125.5,502,0.31474103585657376
770,36.0,4842.0,2300.75,9203.0,0.5062751276757579,0,39,19.25,77,0.4967532467532467,9,200,104.5,418,0.4569377990430622
771,297.0,7686.0,3699.75,14799.0,0.44866207176160555,7,45,27.25,109,0.3142201834862385,51,200,138.75,555,0.24459459459459465
772,62.0,8706.0,3143.75,12575.0,0.5837176938369781,2,45,22.5,90,0.44999999999999996,15,200,113.5,454,0.3942731277533039
773,138.0,7686.0,3225.5,12902.0,0.5305766547822043,2,44,22.0,88,0.4545454545454546,21,200,112.0,448,0.3962053571428571
774,1341.0,6426.0,4572.75,18291.0,0.2224454649827785,26,41,36.25,145,0.07758620689655182,158,200,189.5,758,0.04155672823219003
775,183.0,6090.0,2651.25,10605.0,0.43330975954738327,4,41,26.25,105,0.2928571428571428,26,200,144.5,578,0.2465397923875432
776,696.0,6696.0,4299.0,17196.0,0.3072226099092812,13,43,32.75,131,0.18129770992366412,80,200,170.0,680,0.13235294117647056
777,1725.0,5466.0,2978.25,11913.0,0.24320070511206238,26,40,33.25,133,0.08834586466165417,164,200,189.5,758,0.03759894459102897
778,80.0,8244.0,3249.5,12998.0,0.4753423603631328,2,45,29.0,116,0.2801724137931034,15,200,153.75,615,0.22560975609756095
779,288.0,4494.0,2784.0,11136.0,0.2963362068965517,6,40,29.5,118,0.22457627118644075,45,200,161.25,645,0.18023255813953498
780,159.0,7794.0,4497.75,17991.0,0.3390445222611306,3,43,30.0,120,0.25,27,200,156.75,627,0.2069377990430623
781,711.0,6852.0,3803.25,15213.0,0.35510747387103136,10,43,30.75,123,0.20934959349593485,62,200,165.5,662,0.15634441087613293
782,116.0,3732.0,1472.75,5891.0,0.532549652011543,2,37,19.75,79,0.42721518987341767,15,200,113.5,454,0.3942731277533039
783,159.0,7782.0,3153.0,12612.0,0.5298525214081827,3,46,23.5,94,0.42553191489361697,27,200,119.5,478,0.34937238493723854
784,1497.0,4932.0,3213.75,12855.0,0.2376312718786464,23,43,34.75,139,0.11690647482014382,146,200,186.5,746,0.054289544235925025
785,41.0,6444.0,3033.25,12133.0,0.5069026621610484,1,41,21.25,85,0.4558823529411765,9,200,109.0,436,0.4277522935779816
786,371.0,6150.0,3299.75,13199.0,0.3539472687324797,9,43,30.5,122,0.21311475409836067,57,200,164.25,657,0.16324200913242004
787,75.0,7800.0,2921.0,11684.0,0.5730486134885313,1,44,21.25,85,0.4794117647058823,15,200,109.0,436,0.42087155963302747
788,119.0,8526.0,3665.75,14663.0,0.5207495055582078,3,45,23.75,95,0.41315789473684206,21,200,119.5,478,0.35564853556485354
789,36.0,5994.0,2430.0,9720.0,0.5339506172839507,0,42,22.0,88,0.44318181818181823,9,200,116.5,466,0.38412017167381973
790,119.0,6108.0,1791.5,7166.0,0.6503628244487859,2,41,15.0,60,0.5333333333333333,21,200,82.0,328,0.45884146341463417
791,108.0,8730.0,3738.75,14955.0,0.5154964894684052,2,45,24.25,97,0.4097938144329897,21,200,120.75,483,0.3493788819875776
792,236.0,6294.0,4095.5,16382.0,0.29254669759492125,6,41,31.0,124,0.217741935483871,39,200,159.75,639,0.18896713615023475
793,41.0,9072.0,3385.75,13543.0,0.5793952595436757,1,45,21.5,86,0.4883720930232558,9,200,106.0,424,0.44693396226415094
794,119.0,7764.0,3839.75,15359.0,0.4102317859235627,3,44,29.5,118,0.27118644067796616,21,200,155.25,621,0.21618357487922713
795,231.0,7446.0,4577.25,18309.0,0.3042356218253318,5,44,31.0,124,0.2379032258064515,39,200,159.75,639,0.18896713615023475
796,164.0,7500.0,4010.0,16040.0,0.3871571072319202,4,43,30.5,122,0.24590163934426235,27,200,156.75,627,0.2069377990430623
797,1335.0,6282.0,3891.75,15567.0,0.26002119868953555,27,40,35.0,140,0.07499999999999996,171,200,192.75,771,0.02821011673151741
798,47.0,8622.0,3957.5,15830.0,0.4980416929879975,1,43,23.25,93,0.42204301075268813,9,200,117.75,471,0.3773885350318471
799,413.0,6798.0,3746.75,14987.0,0.37097150864082207,11,44,32.0,128,0.203125,69,200,167.25,669,0.14686098654708513
800,315.0,5142.0,2901.75,11607.0,0.34201344016541746,6,41,29.0,116,0.22844827586206895,38,200,159.5,638,0.19043887147335425
801,71.0,5862.0,1546.25,6185.0,0.7063459983831851,1,38,10.75,43,0.6569767441860465,9,200,62.75,251,0.5826693227091634
802,114.0,2214.0,695.75,2783.0,0.5784225655767158,2,26,9.75,39,0.4807692307692307,21,164,65.75,263,0.43060836501901145
803,113.0,5514.0,3316.25,13265.0,0.32222012815680356,3,41,29.0,116,0.25,21,200,155.25,621,0.21618357487922713
804,90.0,7788.0,3425.0,13700.0,0.5199270072992701,2,43,22.5,90,0.43333333333333335,21,200,115.0,460,0.3793478260869565
805,561.0,6792.0,3839.25,15357.0,0.3605684704043759,11,44,32.0,128,0.203125,75,200,168.75,675,0.13888888888888884
806,399.0,5382.0,2775.75,11103.0,0.40914617670899756,11,42,26.5,106,0.26415094339622647,75,200,144.75,579,0.20336787564766845
807,41.0,5238.0,2704.0,10816.0,0.47286427514792895,1,40,22.25,89,0.4129213483146067,9,200,116.5,466,0.38412017167381973
808,36.0,8010.0,3182.25,12729.0,0.5532052792835258,0,44,22.0,88,0.47159090909090906,9,200,112.0,448,0.4095982142857143
809,327.0,7248.0,3990.75,15963.0,0.3279928584852472,6,43,30.25,121,0.23347107438016534,38,200,159.5,638,0.19043887147335425
810,36.0,7440.0,3000.75,12003.0,0.5373031742064484,0,42,22.75,91,0.4203296703296703,9,200,121.0,484,0.3605371900826446
811,411.0,5892.0,3339.75,13359.0,0.3389288120368291,11,41,31.25,125,0.18999999999999995,75,200,168.75,675,0.13888888888888884
812,41.0,9870.0,3819.25,15277.0,0.5488806702886693,1,48,25.0,100,0.41000000000000003,9,200,124.0,496,0.3457661290322581
813,467.0,6060.0,3872.75,15491.0,0.2880220773352269,9,40,31.5,126,0.1865079365079365,57,200,164.25,657,0.16324200913242004
814,101.0,6762.0,3455.75,13823.0,0.4024271142299066,3,42,30.0,120,0.25,21,200,155.25,621,0.21618357487922713
815,398.0,5748.0,3683.0,14732.0,0.2840754819440673,12,41,32.0,128,0.17578125,75,200,168.75,675,0.13888888888888884
816,369.0,7020.0,4112.25,16449.0,0.3590643808134233,9,42,31.75,127,0.20669291338582685,63,200,165.75,663,0.15497737556561075
817,204.0,5322.0,3832.5,15330.0,0.2597847358121331,6,41,31.25,125,0.21399999999999997,45,200,161.25,645,0.18023255813953498
818,75.0,6426.0,2542.25,10169.0,0.5537663487068542,1,42,20.75,83,0.47891566265060237,15,200,107.5,430,0.43023255813953487
819,71.0,6654.0,2816.0,11264.0,0.45050603693181823,1,40,26.0,104,0.29807692307692313,9,200,144.75,579,0.26036269430051817
820,162.0,10926.0,4371.0,17484.0,0.4632807137954701,4,47,31.0,124,0.2620967741935484,33,200,158.25,633,0.19786729857819907
821,36.0,6540.0,2336.75,9347.0,0.5938001497806783,0,43,20.25,81,0.5092592592592593,9,200,104.5,418,0.4569377990430622
822,93.0,6108.0,3332.25,13329.0,0.43230925050641456,1,42,25.0,100,0.36,15,200,132.75,531,0.3008474576271186
823,165.0,8556.0,4719.75,18879.0,0.33819323057365325,3,45,30.5,122,0.2622950819672131,27,200,156.75,627,0.2069377990430623
824,345.0,7056.0,4185.75,16743.0,0.33367676043719763,6,43,30.75,123,0.23780487804878048,38,200,159.5,638,0.19043887147335425
825,75.0,8424.0,3657.75,14631.0,0.4554541726471192,1,45,29.5,118,0.288135593220339,15,200,153.75,615,0.22560975609756095
826,41.0,8946.0,3470.75,13883.0,0.4840992580854282,1,45,28.0,112,0.2991071428571429,9,200,152.25,609,0.2352216748768472
827,1995.0,8178.0,4992.75,19971.0,0.29416403785488954,27,45,37.25,149,0.1023489932885906,170,200,192.5,770,0.02922077922077926
828,65.0,6774.0,3565.25,14261.0,0.3657702825888788,1,42,29.5,118,0.2627118644067796,9,200,152.25,609,0.2352216748768472
829,74.0,7284.0,2952.25,11809.0,0.5356719451265983,2,42,22.5,90,0.4111111111111111,15,200,118.0,472,0.36970338983050843
830,36.0,2391.0,846.0,3384.0,0.5842198581560284,0,26,11.25,45,0.5277777777777778,9,134,68.75,275,0.4336363636363636
831,1149.0,4944.0,3384.75,13539.0,0.2382561489031687,15,41,33.0,132,0.15530303030303028,98,200,174.5,698,0.1095988538681949
832,42.0,4542.0,2351.25,9405.0,0.36594896331738436,0,37,23.25,93,0.303763440860215,9,200,138.75,555,0.2608108108108108
833,41.0,8682.0,3104.5,12418.0,0.5946207118698663,1,47,21.25,85,0.5088235294117647,9,200,104.5,418,0.4569377990430622
834,128.0,4716.0,2067.25,8269.0,0.5084955859233281,4,41,21.25,85,0.41470588235294115,27,200,115.0,460,0.37282608695652175
835,132.0,6648.0,3484.5,13938.0,0.4327378390012915,2,43,26.0,104,0.34134615384615385,21,200,137.25,549,0.27732240437158473
836,42.0,9024.0,4218.5,16874.0,0.5054225435581368,0,45,23.25,93,0.44892473118279574,9,200,115.0,460,0.3923913043478261
837,345.0,4584.0,3042.75,12171.0,0.29880453537096374,7,39,29.5,118,0.21186440677966112,51,200,162.75,651,0.1716589861751152
838,41.0,1449.0,460.25,1841.0,0.5951928299837045,1,15,5.75,23,0.48913043478260865,9,62,32.75,131,0.3377862595419847
839,42.0,8322.0,4282.5,17130.0,0.40849387040280205,0,43,28.5,114,0.2894736842105263,9,200,152.25,609,0.2352216748768472
840,104.0,954.0,488.0,1952.0,0.3603995901639344,2,17,9.75,39,0.32692307692307687,15,92,61.25,245,0.2724489795918368
841,99.0,386.0,181.5,726.0,0.2995867768595041,2,10,4.5,18,0.33333333333333337,15,63,31.5,126,0.29761904761904767
842,42.0,6948.0,2243.75,8975.0,0.6224233983286908,0,41,18.5,74,0.4932432432432432,9,200,104.5,418,0.4282296650717703
843,63.0,5100.0,2202.75,8811.0,0.5142151855635002,1,40,21.0,84,0.4285714285714286,15,200,118.0,472,0.36970338983050843
844,41.0,7668.0,3578.0,14312.0,0.47320430408049186,1,44,25.25,101,0.37376237623762376,9,200,129.75,519,0.31936416184971095
845,204.0,5466.0,2817.75,11271.0,0.4553500133084908,4,42,22.75,91,0.3983516483516484,33,200,120.75,483,0.3369565217391305
846,80.0,4734.0,2066.0,8264.0,0.5205711519845111,2,38,19.5,78,0.4551282051282052,15,200,109.0,436,0.42087155963302747
847,36.0,6936.0,3074.0,12296.0,0.5239102147039688,0,43,21.75,87,0.47413793103448276,9,200,109.0,436,0.4277522935779816
848,230.0,6906.0,3224.75,12899.0,0.45323280874486394,8,42,27.25,109,0.2637614678899083,51,200,149.25,597,0.20979899497487442
849,59.0,612.0,224.0,896.0,0.4654017857142857,1,14,5.0,20,0.5,9,93,37.5,150,0.43000000000000005
850,69.0,3786.0,1792.5,7170.0,0.49414225941422596,1,37,19.5,78,0.4551282051282052,15,200,110.5,442,0.4117647058823529
851,36.0,9384.0,4387.5,17550.0,0.41854700854700855,0,45,28.75,115,0.2978260869565217,9,200,152.25,609,0.2352216748768472
852,47.0,5952.0,2759.75,11039.0,0.5006567623878975,1,41,21.5,86,0.43023255813953487,9,200,116.5,466,0.38412017167381973
853,147.0,7398.0,3531.75,14127.0,0.4392121469526439,5,43,30.25,121,0.24586776859504123,39,200,159.75,639,0.18896713615023475
854,36.0,777.0,289.5,1158.0,0.538860103626943,0,11,4.5,18,0.5555555555555556,9,62,32.75,131,0.38358778625954193
855,221.0,5340.0,2328.5,9314.0,0.453188748121108,5,39,25.75,103,0.26941747572815533,33,200,148.0,592,0.2288851351351351
856,71.0,2694.0,859.0,3436.0,0.594441210710128,1,34,12.0,48,0.53125,9,200,74.5,298,0.5
857,101.0,3576.0,1632.5,6530.0,0.4667687595712098,3,35,20.75,83,0.3644578313253012,21,200,120.75,483,0.3493788819875776
858,41.0,8550.0,3122.75,12491.0,0.5872828436474261,0,44,20.75,83,0.5090361445783133,9,200,104.5,418,0.4569377990430622
859,183.0,6828.0,2456.75,9827.0,0.562506360028493,3,43,21.75,87,0.42816091954022983,27,200,116.5,466,0.36480686695278974
860,131.0,6282.0,2579.75,10319.0,0.5070985560616339,3,42,23.5,94,0.3670212765957447,21,200,128.5,514,0.3132295719844358
861,159.0,6474.0,2416.5,9666.0,0.49751707014276847,3,40,23.5,94,0.3085106382978723,27,200,137.25,549,0.25
862,132.0,684.0,312.75,1251.0,0.3591127098321343,2,12,5.75,23,0.3586956521739131,21,56,37.25,149,0.2063758389261745
863,147.0,6282.0,2409.0,9636.0,0.5509028642590287,3,43,21.0,84,0.45238095238095233,27,200,113.5,454,0.3810572687224669
864,2622.0,5346.0,4194.0,16776.0,0.14091559370529327,36,39,37.25,149,0.01845637583892623,200,200,200.0,800,0.0
865,180.0,1323.0,576.75,2307.0,0.3780884265279584,4,16,9.25,37,0.2635135135135135,33,86,58.0,232,0.19827586206896552
866,186.0,6024.0,3499.5,13998.0,0.37837548221174455,4,42,30.0,120,0.25,33,200,158.25,633,0.19786729857819907
867,135.0,9078.0,3894.0,15576.0,0.5276386748844376,3,45,23.25,93,0.44354838709677424,27,200,113.5,454,0.3810572687224669
868,591.0,5562.0,3603.75,14415.0,0.30140478668054105,13,41,32.0,128,0.17578125,87,200,171.75,687,0.1233624454148472
869,63.0,7110.0,3108.75,12435.0,0.4943908323281061,1,44,24.75,99,0.3762626262626263,15,200,129.75,519,0.31358381502890176
870,80.0,7620.0,3686.0,14744.0,0.493421052631579,2,43,23.0,92,0.42934782608695654,15,200,115.0,460,0.38586956521739135
871,203.0,6918.0,2867.0,11468.0,0.5157394489012905,5,45,23.5,94,0.38829787234042556,33,200,124.0,496,0.32157258064516125
872,75.0,5970.0,3938.25,15753.0,0.29361074081127403,1,42,30.0,120,0.26249999999999996,15,200,153.75,615,0.22560975609756095
873,387.0,5994.0,3764.25,15057.0,0.3235206216377764,9,42,31.5,126,0.20238095238095233,63,200,165.75,663,0.15497737556561075
874,62.0,6900.0,3344.0,13376.0,0.4072966507177034,2,43,28.75,115,0.2717391304347826,15,200,153.75,615,0.22560975609756095
875,201.0,4602.0,2355.75,9423.0,0.3744826488379497,5,40,28.0,112,0.25,39,200,156.75,627,0.19736842105263164
876,198.0,3192.0,1731.75,6927.0,0.3849068860978778,4,35,22.5,90,0.3111111111111111,33,200,132.75,531,0.2838983050847458
877,62.0,4026.0,1413.5,5654.0,0.5884329678103997,1,40,16.5,66,0.5227272727272727,15,200,94.0,376,0.4561170212765957
878,87.0,7422.0,2987.0,11948.0,0.5483344492802142,1,42,20.75,83,0.47289156626506024,15,200,109.0,436,0.42087155963302747
879,36.0,158.0,70.75,283.0,0.33833922261484095,0,4,1.25,5,0.65,9,15,10.5,42,0.1071428571428572
880,123.0,7056.0,2374.25,9497.0,0.597688743813836,3,40,21.0,84,0.41666666666666663,27,200,116.5,466,0.36480686695278974
881,276.0,7776.0,5122.5,20490.0,0.30944363103953143,5,44,31.75,127,0.23818897637795278,32,200,158.0,632,0.1993670886075949
882,1164.0,6534.0,4176.0,16704.0,0.29058908045977017,26,43,36.0,144,0.09722222222222232,165,200,191.25,765,0.03431372549019618
883,3012.0,6642.0,5023.5,20094.0,0.16161540758435344,36,44,39.25,157,0.04299363057324834,200,200,200.0,800,0.0
884,41.0,5268.0,1610.5,6442.0,0.6477025768394908,1,39,15.25,61,0.5368852459016393,9,164,77.5,310,0.4612903225806452
885,36.0,6288.0,2970.0,11880.0,0.42121212121212126,0,42,28.75,115,0.2804347826086957,9,200,152.25,609,0.2352216748768472
886,41.0,10968.0,4240.25,16961.0,0.5026384057543777,1,47,29.25,117,0.29700854700854706,9,200,152.25,609,0.2352216748768472
887,119.0,6300.0,3130.25,12521.0,0.39000479194952475,3,42,29.25,117,0.25427350427350426,21,200,155.25,621,0.21618357487922713
888,2484.0,7254.0,4824.0,19296.0,0.2392723880597014,34,42,37.75,151,0.04470198675496695,200,200,200.0,800,0.0
889,75.0,7350.0,2952.75,11811.0,0.5184785369570739,1,44,25.0,100,0.38,15,200,129.75,519,0.31358381502890176
890,108.0,6108.0,3001.25,12005.0,0.4869429404414827,2,41,22.25,89,0.4297752808988764,21,200,113.5,454,0.3876651982378855
891,41.0,6642.0,2968.75,11875.0,0.5230947368421053,1,44,21.5,86,0.4825581395348837,9,200,106.0,424,0.44693396226415094
892,192.0,5160.0,2709.75,10839.0,0.45467755327982284,6,41,23.75,95,0.35526315789473684,45,200,127.0,508,0.29625984251968507
893,519.0,4986.0,2691.75,10767.0,0.3394399554193369,9,39,30.0,120,0.19166666666666665,62,200,165.5,662,0.15634441087613293
894,75.0,2694.0,1214.25,4857.0,0.43190240889437925,1,36,18.75,75,0.3833333333333333,15,200,111.75,447,0.34395973154362414
895,42.0,5118.0,2208.5,8834.0,0.5269979624179307,0,41,20.5,82,0.47560975609756095,9,200,109.0,436,0.4277522935779816
896,399.0,5322.0,2656.5,10626.0,0.39836250705815923,9,39,27.0,108,0.23611111111111116,63,200,152.25,609,0.19088669950738923
897,36.0,9126.0,3523.25,14093.0,0.5652983750798268,0,47,23.0,92,0.4782608695652174,9,200,110.5,442,0.418552036199095
898,36.0,6648.0,3555.0,14220.0,0.420675105485232,0,43,26.5,106,0.34905660377358494,9,200,137.25,549,0.2882513661202186
899,63.0,3798.0,1532.0,6128.0,0.5433257180156658,1,38,18.75,75,0.4833333333333333,9,200,106.0,424,0.44693396226415094
900,3042.0,6216.0,4944.0,19776.0,0.13091626213592233,35,41,38.5,154,0.032467532467532534,200,200,200.0,800,0.0
901,96.0,7050.0,3583.5,14334.0,0.3644830473001256,2,44,30.25,121,0.262396694214876,21,200,155.25,621,0.21618357487922713
902,36.0,5910.0,3639.0,14556.0,0.3563478977741138,0,41,28.25,113,0.2809734513274337,9,200,152.25,609,0.2352216748768472
903,36.0,4470.0,1148.75,4595.0,0.723993471164309,0,37,9.5,38,0.7368421052631579,9,200,56.75,227,0.6310572687224669
904,633.0,3180.0,1902.75,7611.0,0.280744974379188,11,38,29.0,116,0.17672413793103448,74,200,168.5,674,0.14020771513353125
905,75.0,6432.0,2561.25,10245.0,0.5419472913616398,1,42,21.25,85,0.44999999999999996,15,200,115.0,460,0.38586956521739135
906,129.0,8177.0,2450.75,9803.0,0.645338161787208,3,44,18.25,73,0.48287671232876717,27,189,95.75,383,0.3831592689295039
907,77.0,2190.0,1004.0,4016.0,0.4792081673306773,1,34,18.5,74,0.43243243243243246,9,200,112.0,448,0.4095982142857143
908,36.0,966.0,353.25,1413.0,0.5164543524416136,0,15,6.5,26,0.4807692307692307,9,68,40.25,161,0.3214285714285714
909,57.0,7518.0,3257.25,13029.0,0.529990789776652,1,44,21.5,86,0.4825581395348837,15,200,109.0,436,0.42087155963302747
910,74.0,7446.0,2876.0,11504.0,0.5627607788595271,2,42,21.0,84,0.4642857142857143,15,200,109.0,436,0.42087155963302747
911,92.0,7248.0,3183.25,12733.0,0.5041035105631038,2,43,23.5,94,0.38829787234042556,15,200,124.0,496,0.3397177419354839
912,137.0,7326.0,3236.75,12947.0,0.42363095697845066,3,43,29.25,117,0.2628205128205128,21,200,155.25,621,0.21618357487922713
913,1431.0,8778.0,4836.0,19344.0,0.354916253101737,20,44,33.75,135,0.16481481481481475,122,200,173.0,692,0.09537572254335269
914,95.0,7812.0,3308.0,13232.0,0.5138678960096735,3,44,24.0,96,0.38020833333333337,21,200,127.0,508,0.3198818897637795
915,42.0,1581.0,667.5,2670.0,0.46573033707865163,0,18,8.25,33,0.446969696969697,9,86,50.25,201,0.3246268656716418
916,186.0,5004.0,2958.0,11832.0,0.3443204868154158,4,41,29.25,117,0.25,33,200,158.25,633,0.19786729857819907
917,53.0,4452.0,1237.0,4948.0,0.6777485852869847,1,37,12.25,49,0.576530612244898,9,200,71.75,287,0.5304878048780488
918,125.0,7782.0,2615.75,10463.0,0.5910111822613018,3,46,19.75,79,0.46518987341772156,21,200,104.25,417,0.3866906474820144
919,80.0,5664.0,2582.75,10331.0,0.4921353208789081,2,41,24.0,96,0.36458333333333337,15,200,128.5,514,0.31906614785992216
920,95.0,4902.0,2978.75,11915.0,0.35558120016785566,3,38,28.0,112,0.2455357142857142,21,200,155.25,621,0.21618357487922713
921,104.0,5238.0,2544.5,10178.0,0.46792100609157006,2,40,22.25,89,0.401685393258427,15,200,117.75,471,0.37101910828025475
922,294.0,4752.0,3415.5,13662.0,0.2585638998682477,6,42,31.0,124,0.22580645161290325,45,200,161.25,645,0.18023255813953498
923,135.0,7638.0,3459.0,13836.0,0.5100823937554206,3,46,23.5,94,0.43617021276595747,27,200,116.5,466,0.36480686695278974
924,551.0,5742.0,3242.75,12971.0,0.31599336982499426,13,43,31.0,124,0.185483870967742,81,200,170.25,681,0.13105726872246692
925,591.0,5916.0,3203.25,12813.0,0.3307773355186139,8,42,31.0,124,0.2056451612903225,50,200,162.5,650,0.17307692307692313
926,393.0,8796.0,3751.5,15006.0,0.48560575769692127,7,45,26.25,105,0.3214285714285714,51,200,137.25,549,0.25
927,68.0,3258.0,2228.0,8912.0,0.2854578096947935,2,35,26.25,105,0.2404761904761905,15,200,153.75,615,0.22560975609756095
928,137.0,5784.0,3092.75,12371.0,0.3536294559857732,3,42,28.75,115,0.258695652173913,21,200,155.25,621,0.21618357487922713
929,36.0,8088.0,3496.5,13986.0,0.44069069069069067,0,44,28.25,113,0.2942477876106194,9,200,152.25,609,0.2352216748768472
930,125.0,8976.0,3621.5,14486.0,0.5440425238160983,3,46,23.0,92,0.4402173913043478,21,200,115.0,460,0.3793478260869565
931,68.0,7080.0,3222.5,12890.0,0.41927851047323506,2,42,28.75,115,0.2630434782608696,15,200,153.75,615,0.22560975609756095
932,57.0,6228.0,2516.0,10064.0,0.547843799682035,1,40,19.75,79,0.4715189873417721,15,200,109.0,436,0.42087155963302747
933,134.0,2778.0,1994.0,7976.0,0.25539117352056173,4,36,26.75,107,0.22663551401869153,27,200,156.75,627,0.2069377990430623
934,311.0,6150.0,3113.0,12452.0,0.44269996787664634,9,41,25.5,102,0.303921568627451,57,200,132.75,531,0.2612994350282486
935,41.0,2892.0,957.75,3831.0,0.595732184808144,1,28,12.75,51,0.4558823529411765,9,128,68.75,275,0.39
936,2346.0,8022.0,4819.5,19278.0,0.24719887955182074,35,44,38.25,153,0.04738562091503273,200,200,200.0,800,0.0
937,159.0,4578.0,2027.25,8109.0,0.5008324084350722,3,36,20.25,81,0.39814814814814814,27,200,118.0,472,0.3569915254237288
938,107.0,6036.0,3082.25,12329.0,0.4286844026279504,3,43,25.75,103,0.3422330097087378,21,200,134.25,537,0.28910614525139666
939,63.0,774.0,334.25,1337.0,0.4657816005983545,1,12,5.75,23,0.44565217391304346,9,68,38.75,155,0.3629032258064516
940,345.0,3330.0,1875.0,7500.0,0.3862,6,38,23.5,94,0.3191489361702128,38,200,131.25,525,0.2852380952380953
941,107.0,7230.0,2843.0,11372.0,0.5451547660921562,3,43,22.25,89,0.4185393258426966,21,200,118.0,472,0.3633474576271186
942,42.0,8172.0,3386.0,13544.0,0.5436355581807443,0,43,21.25,85,0.4794117647058823,9,200,109.0,436,0.4277522935779816
943,522.0,6816.0,3510.0,14040.0,0.35256410256410253,10,43,31.75,127,0.19881889763779537,68,200,167.0,668,0.14820359281437123
944,210.0,3438.0,2277.75,9111.0,0.2674514323345407,6,37,27.25,109,0.22247706422018343,45,200,159.75,639,0.1842723004694835
945,63.0,8976.0,3586.5,14346.0,0.48870765370138014,1,47,29.25,117,0.30982905982905984,15,200,152.25,609,0.23029556650246308
946,252.0,9576.0,3190.5,12762.0,0.5941466854724965,6,47,23.5,94,0.4042553191489362,45,200,122.5,490,0.3163265306122449
947,42.0,5646.0,3511.5,14046.0,0.32176420333190947,0,41,28.5,114,0.27192982456140347,9,200,152.25,609,0.2352216748768472
948,132.0,4812.0,2604.75,10419.0,0.430679527785776,2,40,23.25,93,0.3790322580645161,21,200,123.75,495,0.33484848484848484
949,2187.0,6990.0,4694.25,18777.0,0.22891036906854123,32,44,38.0,152,0.05921052631578938,194,200,198.5,794,0.005667506297229119
950,63.0,531.0,213.0,852.0,0.4154929577464789,1,9,4.0,16,0.375,15,38,26.75,107,0.16121495327102808
951,96.0,7236.0,2909.0,11636.0,0.5438294946717085,2,44,21.75,87,0.4454022988505747,21,200,115.0,460,0.3793478260869565
952,63.0,10446.0,4094.25,16377.0,0.560496427917201,1,47,22.75,91,0.47527472527472525,15,200,112.0,448,0.4029017857142857
953,260.0,6768.0,3489.5,13958.0,0.39643931795386156,6,42,28.5,114,0.2543859649122807,39,200,153.75,615,0.20609756097560972
954,41.0,7914.0,3449.75,13799.0,0.5303101674034351,1,43,21.5,86,0.4767441860465116,9,200,107.5,430,0.4372093023255814
955,144.0,4326.0,2005.5,8022.0,0.4096858638743456,2,37,25.0,100,0.275,21,200,149.25,597,0.23492462311557794
956,918.0,5550.0,3084.0,12336.0,0.33754863813229574,19,40,32.5,130,0.13076923076923075,116,200,179.0,716,0.08798882681564235
957,98.0,6084.0,3438.5,13754.0,0.3270684891667879,2,40,29.0,116,0.2456896551724137,15,200,153.75,615,0.22560975609756095
958,42.0,7806.0,4563.0,18252.0,0.3867521367521367,0,46,30.25,121,0.30371900826446285,9,200,152.25,609,0.2352216748768472
959,47.0,8928.0,3452.75,13811.0,0.5643870827601187,1,45,22.0,88,0.47159090909090906,9,200,110.5,442,0.418552036199095
960,65.0,6066.0,2668.25,10673.0,0.5244308067085168,1,41,20.5,82,0.47560975609756095,9,200,107.5,430,0.4372093023255814
961,183.0,2784.0,1518.0,6072.0,0.4172430830039525,3,36,20.0,80,0.39375000000000004,27,200,119.25,477,0.35062893081761004
962,47.0,1764.0,657.25,2629.0,0.4941993153290224,1,19,10.0,40,0.3375,9,92,58.25,233,0.2736051502145923
963,455.0,5694.0,3020.75,12083.0,0.4139493503269056,11,41,27.75,111,0.24549549549549554,69,200,149.5,598,0.19397993311036799
964,36.0,7110.0,3248.75,12995.0,0.49867256637168145,0,42,24.25,97,0.3788659793814433,9,200,128.5,514,0.3249027237354085
965,120.0,7842.0,4477.5,17910.0,0.38484087102177555,2,44,30.5,122,0.26639344262295084,21,200,155.25,621,0.21618357487922713
966,89.0,8334.0,4739.75,18959.0,0.3834458568489899,3,44,31.25,125,0.266,21,200,155.25,621,0.21618357487922713
967,63.0,7662.0,2906.0,11624.0,0.5656830695113558,1,42,21.0,84,0.45833333333333337,15,200,112.0,448,0.4029017857142857
968,2544.0,7398.0,5193.0,20772.0,0.21158290005777003,34,41,38.5,154,0.03571428571428581,200,200,200.0,800,0.0
969,120.0,5886.0,3388.5,13554.0,0.3434041611332448,2,42,29.5,118,0.2627118644067796,21,200,155.25,621,0.21618357487922713
970,92.0,6294.0,2642.0,10568.0,0.49337623012869036,2,41,25.0,100,0.33499999999999996,15,200,136.0,544,0.2876838235294118
971,137.0,5586.0,1764.5,7058.0,0.6050580901105129,3,40,17.0,68,0.4558823529411765,21,164,88.0,352,0.359375
972,101.0,4944.0,2995.25,11981.0,0.34022619146982724,3,41,28.75,115,0.2543478260869565,21,200,155.25,621,0.21618357487922713
973,155.0,4026.0,1791.25,7165.0,0.48991625959525475,3,37,20.5,82,0.4024390243902439,21,200,115.0,460,0.3793478260869565
974,68.0,8412.0,3705.5,14822.0,0.4816151666441776,2,45,27.25,109,0.3325688073394495,15,200,138.75,555,0.277027027027027
975,243.0,9594.0,5444.25,21777.0,0.37797906047664964,5,47,32.0,128,0.2578125,39,200,159.75,639,0.18896713615023475
976,363.0,5922.0,3677.25,14709.0,0.30384458494799105,7,41,29.5,118,0.21610169491525433,51,200,162.75,651,0.1716589861751152
977,219.0,9696.0,4272.75,17091.0,0.4271107600491487,5,45,31.0,124,0.24193548387096775,39,200,159.75,639,0.18896713615023475
978,215.0,3636.0,1928.5,7714.0,0.43259009592947884,5,37,21.75,87,0.35344827586206895,33,200,122.5,490,0.3285714285714286
979,96.0,4944.0,1815.0,7260.0,0.5681818181818182,2,37,18.75,75,0.45666666666666667,21,200,110.5,442,0.40497737556561086
980,80.0,4494.0,1818.5,7274.0,0.5396618091833929,2,36,18.75,75,0.44999999999999996,15,200,109.0,436,0.42087155963302747
981,41.0,7062.0,2816.0,11264.0,0.5573064630681818,1,42,20.25,81,0.4907407407407407,9,200,106.0,424,0.44693396226415094
982,143.0,5520.0,3335.75,13343.0,0.36384246421344524,3,40,29.0,116,0.2543103448275862,21,200,155.25,621,0.21618357487922713
983,119.0,963.0,341.75,1367.0,0.46360643745427943,3,12,5.5,22,0.31818181818181823,21,50,32.75,131,0.1774809160305344
984,36.0,191.0,94.0,376.0,0.33244680851063835,0,4,1.75,7,0.4642857142857143,9,21,15.0,60,0.1499999999999999
985,36.0,7746.0,2600.75,10403.0,0.6061953282706911,0,43,21.5,86,0.4593023255813954,9,200,113.5,454,0.4008810572687225
986,606.0,5694.0,2880.0,11520.0,0.41536458333333337,8,43,25.25,101,0.3242574257425742,56,200,134.0,536,0.2574626865671642
987,80.0,7878.0,4058.0,16232.0,0.37869640216855593,2,42,30.0,120,0.2583333333333333,15,200,153.75,615,0.22560975609756095
988,417.0,6660.0,3672.75,14691.0,0.403154992852767,8,43,29.5,118,0.2457627118644068,50,200,156.75,627,0.1885964912280702
989,2418.0,4074.0,3567.0,14268.0,0.0916736753574432,33,39,36.5,146,0.03424657534246567,200,200,200.0,800,0.0
990,57.0,8166.0,3618.75,14475.0,0.4245077720207254,1,44,29.5,118,0.27542372881355937,15,200,153.75,615,0.22560975609756095
991,69.0,5661.0,1818.5,7274.0,0.6059939510585648,1,41,18.0,72,0.4652777777777778,15,182,97.0,388,0.3801546391752577
992,252.0,6516.0,3795.0,15180.0,0.3351778656126482,6,42,30.5,122,0.22540983606557385,45,200,161.25,645,0.18023255813953498
993,176.0,6576.0,3860.0,15440.0,0.31651554404145077,6,43,31.0,124,0.2338709677419355,39,200,159.75,639,0.18896713615023475
994,968.0,5286.0,2711.0,10844.0,0.31538177794171895,20,39,33.0,132,0.11363636363636354,123,200,180.75,723,0.07987551867219911
995,114.0,7608.0,4560.0,18240.0,0.32055921052631575,2,42,30.0,120,0.2583333333333333,21,200,155.25,621,0.21618357487922713
996,239.0,7500.0,3547.25,14189.0,0.41350694199732185,5,45,30.25,121,0.25,33,200,158.25,633,0.19786729857819907
997,131.0,7740.0,3493.0,13972.0,0.5075508159175494,3,43,23.25,93,0.40053763440860213,21,200,119.5,478,0.35564853556485354
998,63.0,4440.0,1368.75,5475.0,0.6278082191780822,1,37,13.5,54,0.5462962962962963,15,200,82.0,328,0.4679878048780488
999,198.0,8934.0,4275.75,17103.0,0.455490264865813,4,45,28.25,113,0.30309734513274333,33,200,147.75,591,0.22969543147208116
1000,75.0,2409.0,750.0,3000.0,0.6125,1,24,8.75,35,0.5357142857142857,15,86,44.5,178,0.348314606741573
