episode,end_day,epsilon,mean_reward,mean_loss,max_berries,mean_berries,max_berries_consumed,mean_berries_consumed,gini_berries_consumed,mean_berries_thrown,max_health,mean_health,median_health,variance_health,deceased,num_emerged_norms
1,10,0.999000499833375,-1.35,0,1.0,0.0,0.0,0.0,0,0.0,0.7000000000000001,0.3111111111111112,0.30000000000000016,0.058810810810810805,4,
2,9,0.9980019986673331,-1.6249999999999998,0,1.0,0.0,0.0,0.0,0,0.0,0.7000000000000001,0.3111111111111112,0.30000000000000016,0.058810810810810805,4,
3,9,0.997004495503373,-1.675,0.49615487345942744,1.0,0.0,0.0,0.0,0,0.0,0.7000000000000001,0.3111111111111112,0.30000000000000016,0.058810810810810805,4,
4,9,0.9960079893439915,-1.625,1.760037985112932,1.0,0.0,0.0,0.0,0,0.0,0.7000000000000001,0.3111111111111112,0.30000000000000016,0.058810810810810805,4,
5,9,0.9950124791926823,-1.8,2.3797934969266255,0.0,0.0,0.0,0.0,0,0.0,0.7000000000000001,0.3111111111111112,0.30000000000000016,0.058810810810810805,4,
6,21,0.9940179640539353,-0.9750000000000002,2.672251223795342,1.0,0.0,2.0,0.6851851851851852,0,0.2777777777777778,0.9,0.4018518518518519,0.40000000000000013,0.06835334476843911,4,
7,9,0.9930244429332351,-1.625,2.6888026340897118,1.0,0.0,0.0,0.0,0,0.0,0.7000000000000001,0.3111111111111112,0.30000000000000016,0.058810810810810805,4,
8,15,0.9920319148370607,-1.3250000000000002,2.634594871030531,1.0,0.0,1.0,0.16666666666666666,0,0.0,0.7000000000000001,0.3023809523809525,0.30000000000000016,0.055025524673851384,4,
9,15,0.9910403787728836,-0.9500000000000001,2.5501309105615837,1.0,0.0,1.0,0.3333333333333333,0,0.0,0.7000000000000002,0.32083333333333347,0.30000000000000016,0.054172818063395564,4,
10,15,0.9900498337491681,-1.575,2.4713595004490854,1.0,0.0,1.0,0.2619047619047619,0,0.0,0.9,0.3595238095238097,0.40000000000000013,0.06863868406125921,4,
11,9,0.9890602787753687,-1.775,2.389856784057811,0.0,0.0,0.0,0.0,0,0.0,0.7000000000000001,0.3111111111111112,0.30000000000000016,0.058810810810810805,4,
12,15,0.9880717128619305,-1.35,2.2798614689022707,1.0,0.0,1.0,0.2619047619047619,0,0.0,0.9,0.3595238095238097,0.40000000000000013,0.06863868406125921,4,
13,9,0.9870841350202876,-1.8,2.191403977158702,0.0,0.0,0.0,0.0,0,0.0,0.7000000000000001,0.3111111111111112,0.30000000000000016,0.058810810810810805,4,
14,9,0.9860975442628619,-1.775,2.1002795365908242,0.0,0.0,0.0,0.0,0,0.0,0.7000000000000001,0.3111111111111112,0.30000000000000016,0.058810810810810805,4,
15,9,0.9851119396030626,-1.4749999999999999,2.0137165502364467,1.0,0.0,0.0,0.0,0,0.0,0.7000000000000001,0.3111111111111112,0.30000000000000016,0.058810810810810805,4,
16,15,0.9841273200552851,-1.575,1.9155540014031058,1.0,0.0,1.0,0.19047619047619047,0,0.0,0.7000000000000001,0.31666666666666676,0.30000000000000016,0.05475326148610323,4,
17,15,0.9831436846349096,-1.325,1.8270576909244025,1.0,0.0,1.0,0.30952380952380953,0,0.0,1.1,0.38809523809523816,0.40000000000000013,0.09014747589336357,4,
18,20,0.9821610323583008,-0.8250000000000002,1.7476375197832024,1.0,0.0,2.0,0.9056603773584906,0,0.39622641509433965,1.5,0.5566037735849056,0.5000000000000001,0.16666666666666663,4,
19,21,0.981179362242806,-0.5000000000000001,1.6796720889378456,2.0,0.0,2.0,0.8333333333333334,0,0.3888888888888889,1.2000000000000002,0.4907407407407409,0.5000000000000001,0.11569468267581473,4,
20,21,0.9801986733067553,-0.8000000000000002,1.6136993075769075,1.0,1.0,2.0,0.7407407407407407,0,0.0,1.2,0.4351851851851853,0.40000000000000013,0.1115780445969125,4,
21,9,0.9792189645694596,-1.35,1.5696066033363985,2.0,0.0,0.0,0.0,0,0.0,0.7000000000000001,0.3111111111111112,0.30000000000000016,0.058810810810810805,4,
22,15,0.97824023505121,-1.1,1.5233047495809229,2.0,0.0,1.0,0.2619047619047619,0,0.0,0.9,0.3595238095238097,0.40000000000000013,0.06863868406125921,4,
23,15,0.9772624837732771,-0.975,1.4826611259379914,1.0,0.0,1.0,0.3125,0,0.0,0.7000000000000001,0.30833333333333346,0.30000000000000016,0.05203647416413374,4,
24,15,0.9762857097579093,-1.25,1.4384551056292405,2.0,0.0,1.0,0.23809523809523808,0,0.0,0.8000000000000002,0.34523809523809534,0.3500000000000002,0.061559841179807145,4,
25,9,0.9753099120283326,-1.45,1.4068868369440013,2.0,0.0,0.0,0.0,0,0.0,0.7000000000000001,0.3111111111111112,0.30000000000000016,0.058810810810810805,4,
26,9,0.9743350896087494,-1.4749999999999999,1.3775242325067152,1.0,0.0,0.0,0.0,0,0.0,0.7000000000000001,0.3111111111111112,0.30000000000000016,0.058810810810810805,4,
27,15,0.9733612415243368,-1.625,1.3411065025484847,1.0,0.0,1.0,0.23809523809523808,0,0.0,0.8000000000000002,0.34523809523809534,0.3500000000000002,0.061559841179807145,4,
28,9,0.9723883668012469,-1.575,1.3153836098264635,1.0,0.0,0.0,0.0,0,0.0,0.7000000000000001,0.3111111111111112,0.30000000000000016,0.058810810810810805,4,
29,15,0.9714164644666048,-1.125,1.2807747758254977,1.0,0.0,1.0,0.5740740740740741,0,0.12962962962962962,1.1,0.401851851851852,0.40000000000000013,0.0772452830188679,4,
30,15,0.9704455335485082,-1.5499999999999998,1.2531764732041246,1.0,0.0,1.0,0.19047619047619047,0,0.0,0.7000000000000001,0.31666666666666676,0.30000000000000016,0.05475326148610323,4,
31,9,0.9694755730760259,-1.775,1.2309222105737294,0.0,0.0,0.0,0.0,0,0.0,0.7000000000000001,0.3111111111111112,0.30000000000000016,0.058810810810810805,4,
32,15,0.9685065820791976,-1.2500000000000002,1.2031395584979827,1.0,0.0,1.0,0.4375,0,0.2708333333333333,1.1,0.38333333333333347,0.40000000000000013,0.08267477203647414,4,
33,9,0.967538559589032,-1.6,1.1828315533725233,1.0,0.0,0.0,0.0,0,0.0,0.7000000000000001,0.3111111111111112,0.30000000000000016,0.058810810810810805,4,
34,21,0.9665715046375066,-1.1000000000000003,1.1508852323949381,1.0,0.0,2.0,0.6666666666666666,0,0.0,1.0,0.39074074074074094,0.40000000000000013,0.07049399656946827,4,
35,9,0.9656054162575665,-1.6,1.1322671362295846,1.0,0.0,0.0,0.0,0,0.0,0.7000000000000001,0.3111111111111112,0.30000000000000016,0.058810810810810805,4,
36,15,0.9646402934831231,-0.8750000000000001,1.11203783084839,1.0,0.0,1.0,0.5,0,0.5,1.1,0.42083333333333345,0.4000000000000002,0.09002171081198436,4,
37,9,0.9636761353490535,-1.5750000000000002,1.095672905931058,1.0,0.0,0.0,0.0,0,0.0,0.7000000000000001,0.3111111111111112,0.30000000000000016,0.058810810810810805,4,
38,15,0.9627129408911995,-1.2750000000000001,1.0777008446005856,1.0,1.0,1.0,0.3333333333333333,0,0.19047619047619047,1.2000000000000002,0.4023809523809525,0.40000000000000013,0.10457742484401589,4,
39,15,0.9617507091463667,-1.225,1.0583298300580166,1.0,0.0,1.0,0.21428571428571427,0,0.0,0.7000000000000002,0.33095238095238105,0.3000000000000002,0.05693136698808848,4,
40,27,0.9607894391523232,-0.6000000000000003,1.0363939861494629,1.0,0.0,3.0,1.0166666666666666,0,0.0,1.2,0.4366666666666667,0.40000000000000013,0.09734926368435672,4,
41,15,0.9598291299477989,-0.925,1.017543758107013,2.0,0.0,1.0,0.375,0,0.0,0.7000000000000002,0.3458333333333335,0.3500000000000002,0.05500651324359531,4,
42,21,0.9588697805724845,-0.6250000000000003,0.9967240850387769,1.0,0.0,2.0,0.7407407407407407,0,0.42592592592592593,1.1,0.43518518518518534,0.4500000000000002,0.08490222984562605,4,
43,21,0.9579113900670306,-0.3750000000000002,0.9802371104832526,2.0,0.0,2.0,0.6111111111111112,0,0.12962962962962962,0.8000000000000002,0.35740740740740756,0.40000000000000013,0.055427101200686106,4,
44,15,0.9569539574730467,-1.475,0.9675173497549948,1.0,0.0,1.0,0.2619047619047619,0,0.0,0.9,0.3595238095238097,0.40000000000000013,0.06863868406125921,4,
45,21,0.9559974818331,-0.675,0.9510442809315307,1.0,1.0,2.0,0.8,0,0.13333333333333333,1.2,0.42666666666666675,0.40000000000000013,0.09198110586273961,4,
46,15,0.9550419621907147,-1.2249999999999999,0.9397162408297466,1.0,0.0,1.0,0.21428571428571427,0,0.0,0.7000000000000002,0.33095238095238105,0.3000000000000002,0.05693136698808848,4,
47,15,0.9540873975903711,-1.175,0.9274038192856906,1.0,0.0,1.0,0.3958333333333333,0,0.0,0.8000000000000002,0.3583333333333335,0.40000000000000013,0.05870603560573165,4,
48,9,0.9531337870775047,-1.725,0.9183807781553455,0.0,0.0,0.0,0.0,0,0.0,0.7000000000000001,0.3111111111111112,0.30000000000000016,0.058810810810810805,4,
49,15,0.9521811296985049,-0.975,0.9058472814108929,1.0,0.0,1.0,0.3958333333333333,0,0.0,1.0,0.35833333333333345,0.35000000000000014,0.07371254884932694,4,
50,15,0.951229424500714,-1.3,0.8932330061454434,1.0,0.0,1.0,0.5,0,0.14583333333333334,1.1,0.42083333333333345,0.40000000000000013,0.09002171081198436,4,
51,15,0.950278670532427,-1.325,0.8817832540800229,1.0,0.0,1.0,0.2619047619047619,0,0.0,0.9,0.3595238095238097,0.40000000000000013,0.06863868406125921,4,
52,15,0.9493288668428895,-1.2,0.8726380889414458,1.0,0.0,1.0,0.21428571428571427,0,0.0,0.7000000000000002,0.33095238095238105,0.3000000000000002,0.05693136698808848,4,
53,15,0.9483800124822982,-1.15,0.8632105260957281,1.0,0.0,1.0,0.19047619047619047,0,0.0,0.7000000000000001,0.31666666666666676,0.30000000000000016,0.05475326148610323,4,
54,21,0.9474321065017983,-0.9500000000000002,0.8507945799841299,1.0,0.0,2.0,0.6481481481481481,0,0.0,0.9,0.37962962962962976,0.40000000000000013,0.06349571183533446,4,
55,15,0.9464851479534838,-1.375,0.8426582301613877,1.0,0.0,1.0,0.2619047619047619,0,0.0,0.9,0.35952380952380963,0.40000000000000013,0.0686386840612592,4,
56,15,0.9455391358903963,-1.1750000000000003,0.8341967933770742,1.0,0.0,1.0,0.21428571428571427,0,0.0,0.7000000000000002,0.33095238095238105,0.3000000000000002,0.05693136698808849,4,
57,15,0.9445940693665233,-1.3,0.8263032881694594,2.0,0.0,1.0,0.21428571428571427,0,0.0,0.7000000000000002,0.33095238095238105,0.3000000000000002,0.05693136698808849,4,
58,9,0.9436499474367985,-1.475,0.8195254318711054,1.0,0.0,0.0,0.0,0,0.0,0.7000000000000001,0.3111111111111112,0.30000000000000016,0.058810810810810805,4,
59,9,0.9427067691570997,-1.5,0.8129428453094956,1.0,0.0,0.0,0.0,0,0.0,0.7000000000000001,0.3111111111111112,0.30000000000000016,0.058810810810810805,4,
60,9,0.9417645335842487,-1.425,0.8066996271131313,1.0,0.0,0.0,0.0,0,0.0,0.7000000000000001,0.3111111111111112,0.30000000000000016,0.058810810810810805,4,
61,15,0.9408232397760097,-1.125,0.7984423408827042,1.0,0.0,1.0,0.4791666666666667,0,0.0,1.0,0.40833333333333344,0.40000000000000013,0.08038211029092487,4,
62,9,0.9398828867910889,-1.475,0.7925275010737565,1.0,0.0,0.0,0.0,0,0.0,0.7000000000000001,0.3111111111111112,0.30000000000000016,0.058810810810810805,4,
63,15,0.9389434736891332,-0.875,0.7847332619167197,1.0,1.0,1.0,0.4375,0,0.16666666666666666,1.2,0.38333333333333336,0.3500000000000001,0.09768128528006945,4,
64,21,0.9380049995307295,-1.2750000000000001,0.7763923531135494,1.0,0.0,2.0,0.4166666666666667,0,0.0,0.7000000000000001,0.2958333333333335,0.30000000000000016,0.052088580112896216,4,
65,15,0.9370674633774034,-1.5999999999999999,0.7700473111129471,1.0,0.0,1.0,0.21428571428571427,0,0.0,0.7000000000000002,0.33095238095238105,0.3000000000000002,0.05693136698808849,4,
66,15,0.9361308642916188,-1.1750000000000003,0.7631399962237473,2.0,0.0,1.0,0.21428571428571427,0,0.16666666666666666,0.7000000000000001,0.33095238095238105,0.3000000000000002,0.054072603516732834,4,
67,9,0.9351952013367766,-1.35,0.7582726975274856,1.0,0.0,0.0,0.0,0,0.0,0.7000000000000001,0.3111111111111112,0.30000000000000016,0.058810810810810805,4,
68,39,0.9342604735772135,0.10000000000000087,0.7444713581015802,2.0,0.0,5.0,1.8076923076923077,0,0.3076923076923077,1.2,0.4782051282051283,0.5000000000000001,0.08633404570113429,4,
69,9,0.933326680078202,-1.6,0.7395034218652743,1.0,0.0,0.0,0.0,0,0.0,0.7000000000000001,0.3111111111111112,0.30000000000000016,0.058810810810810805,4,
70,9,0.9323938199059483,-1.0750000000000002,0.7344433833639218,1.0,0.0,0.0,0.0,0,0.0,0.7000000000000001,0.3111111111111112,0.30000000000000016,0.058810810810810805,4,
71,15,0.9314618921275921,-0.7250000000000002,0.7288864448375817,2.0,0.0,1.0,0.5,0,0.2916666666666667,1.2000000000000002,0.4208333333333335,0.40000000000000013,0.09752496743378201,4,
72,21,0.9305308958112057,-1.0,0.7231455615104936,1.0,0.0,2.0,0.7407407407407407,0,0.14814814814814814,1.2000000000000002,0.43518518518518534,0.40000000000000013,0.09379416809605488,4,
73,21,0.9296008300257927,-1.1250000000000002,0.7167934956616396,1.0,0.0,2.0,0.5,0,0.0,0.8000000000000003,0.3458333333333335,0.35000000000000026,0.05750759878419453,4,
74,15,0.9286716938412872,-1.3250000000000002,0.7115252208918645,1.0,0.0,1.0,0.2619047619047619,0,0.0,0.9,0.3595238095238097,0.40000000000000013,0.06863868406125921,4,
75,27,0.9277434863285529,-0.20000000000000062,0.7019529756082004,1.0,0.0,3.0,1.4305555555555556,0,0.3194444444444444,1.2000000000000002,0.488888888888889,0.5000000000000001,0.0929500289407679,4,
76,15,0.9268162065593822,-0.9000000000000001,0.6974323713285407,3.0,0.0,1.0,0.5208333333333334,0,0.5208333333333334,1.1,0.43333333333333346,0.4500000000000001,0.09684759009986972,4,
77,15,0.9258898536064953,-0.8749999999999999,0.6918312434122863,1.0,0.0,1.0,0.5740740740740741,0,0.0,1.1,0.4018518518518519,0.40000000000000013,0.0772452830188679,4,
78,15,0.9249644265435393,-1.2000000000000002,0.6875862179497686,1.0,0.0,1.0,0.23809523809523808,0,0.0,0.8000000000000002,0.34523809523809534,0.3500000000000002,0.061559841179807145,4,
79,15,0.9240399244450868,-1.4249999999999998,0.6832987275569173,1.0,0.0,1.0,0.2619047619047619,0,0.0,0.9,0.3595238095238097,0.40000000000000013,0.06863868406125921,4,
80,21,0.9231163463866358,-0.6250000000000002,0.6784423779233291,1.0,0.0,2.0,0.7592592592592593,0,0.0,1.2,0.4462962962962963,0.4500000000000001,0.09511149228130358,4,
81,9,0.922193691444608,-1.675,0.674838309744501,1.0,0.0,0.0,0.0,0,0.0,0.7000000000000001,0.3111111111111112,0.30000000000000016,0.058810810810810805,4,
82,15,0.9212719586963487,-0.47500000000000014,0.670990396276386,2.0,0.0,1.0,0.30952380952380953,0,0.0,1.1,0.38809523809523816,0.40000000000000013,0.09014747589336357,4,
83,9,0.9203511472201247,-1.5999999999999999,0.6678575051848245,1.0,0.0,0.0,0.0,0,0.0,0.7000000000000001,0.3111111111111112,0.30000000000000016,0.058810810810810805,4,
84,15,0.9194312560951247,-1.1,0.6644077285551225,1.0,0.0,1.0,0.19047619047619047,0,0.0,0.7000000000000001,0.31666666666666676,0.30000000000000016,0.05475326148610323,4,
85,15,0.9185122844014574,-0.7000000000000002,0.6595740168972146,1.0,0.0,1.0,0.5370370370370371,0,0.16666666666666666,1.1,0.37962962962962976,0.40000000000000013,0.0790566037735849,4,
86,15,0.9175942312201509,-1.25,0.6559009092705087,1.0,0.0,1.0,0.2857142857142857,0,0.0,1.0,0.3738095238095239,0.40000000000000013,0.0781678956324447,4,
87,21,0.9166770956331523,-0.45000000000000023,0.6513540516404499,1.0,0.0,2.0,0.5925925925925926,0,0.0,0.8000000000000002,0.34629629629629644,0.35000000000000026,0.05657975986277873,4,
88,15,0.9157608767233256,-1.5499999999999998,0.6477676001621473,1.0,0.0,1.0,0.30952380952380953,0,0.0,1.1,0.38809523809523816,0.40000000000000013,0.09014747589336357,4,
89,15,0.914845573574452,-1.05,0.6442137847088687,1.0,0.0,1.0,0.16666666666666666,0,0.0,0.7000000000000001,0.3023809523809525,0.30000000000000016,0.055025524673851384,4,
90,15,0.9139311852712282,-1.225,0.6407965663210213,1.0,0.0,1.0,0.3333333333333333,0,0.0,1.2,0.4023809523809525,0.4000000000000001,0.10457742484401585,4,
91,27,0.9130177108992658,-0.9000000000000001,0.6355253992943646,2.0,0.0,3.0,0.8148148148148148,0,0.0,1.0,0.34629629629629644,0.30000000000000016,0.06991766723842195,4,
92,21,0.9121051495450904,-1.0750000000000002,0.6315662592746892,1.0,0.0,2.0,0.6296296296296297,0,0.0,0.9000000000000002,0.36851851851851863,0.40000000000000013,0.06069639794168096,4,
93,27,0.9111935002961405,-0.7000000000000002,0.6281632183761081,1.0,0.0,3.0,0.7777777777777778,0,0.0,0.8000000000000002,0.32407407407407424,0.30000000000000016,0.055921097770154374,4,
94,15,0.910282762240767,-0.925,0.6240155013218704,1.0,0.0,1.0,0.5555555555555556,0,0.14814814814814814,1.2,0.39074074074074083,0.4000000000000001,0.09050085763293308,4,
95,15,0.9093729344682314,-0.9250000000000002,0.6200261216929657,1.0,0.0,1.0,0.5555555555555556,0,0.2962962962962963,1.2,0.39074074074074083,0.4000000000000001,0.08827787307032588,4,
96,15,0.9084640160687062,-1.325,0.6169711566517081,1.0,0.0,1.0,0.4791666666666667,0,0.0,1.2,0.40833333333333344,0.40000000000000013,0.09538862353452016,4,
97,15,0.9075560061332727,-1.2750000000000001,0.6139416372046734,1.0,0.0,1.0,0.23809523809523808,0,0.0,0.8000000000000002,0.34523809523809534,0.3500000000000002,0.061559841179807145,4,
98,9,0.9066489037539209,-1.5,0.6114841500608581,1.0,0.0,0.0,0.0,0,0.0,0.7000000000000001,0.3111111111111112,0.30000000000000016,0.058810810810810805,4,
99,15,0.9057427080235485,-0.44999999999999996,0.6071212935245447,2.0,1.0,1.0,0.5370370370370371,0,0.0,1.1,0.37962962962962976,0.40000000000000013,0.0790566037735849,4,
100,15,0.9048374180359595,-1.45,0.6042567063377822,1.0,0.0,1.0,0.21428571428571427,0,0.0,0.7000000000000002,0.33095238095238105,0.3000000000000002,0.05693136698808848,4,
101,9,0.9039330328858641,-1.35,0.6018634609228001,2.0,0.0,0.0,0.0,0,0.0,0.7000000000000001,0.3111111111111112,0.30000000000000016,0.058810810810810805,4,
102,9,0.9030295516688768,-1.55,0.5991690855699714,1.0,0.0,0.0,0.0,0,0.0,0.7000000000000001,0.3111111111111112,0.30000000000000016,0.058810810810810805,4,
103,15,0.9021269734815165,-0.9000000000000002,0.5949747886812762,1.0,0.0,1.0,0.5555555555555556,0,0.24074074074074073,1.1,0.39074074074074094,0.40000000000000013,0.08160891938250428,4,
104,9,0.9012252974212047,-1.65,0.5924251086902792,1.0,0.0,0.0,0.0,0,0.0,0.7000000000000001,0.3111111111111112,0.30000000000000016,0.058810810810810805,4,
105,26,0.9003245225862656,-1.0250000000000001,0.5891597045007233,1.0,0.0,3.0,1.1320754716981132,0,0.1320754716981132,1.6999999999999997,0.5679245283018866,0.5000000000000001,0.19696581196581178,4,
106,38,0.899424648075924,-0.049999999999999045,0.5836856733731053,1.0,0.0,5.0,1.8732394366197183,0,0.0,1.5999999999999996,0.588732394366197,0.5000000000000001,0.1692023809523808,4,
107,15,0.8985256729903055,-1.3749999999999998,0.5805879776999917,1.0,0.0,1.0,0.4583333333333333,0,0.16666666666666666,1.2,0.3958333333333335,0.4000000000000001,0.09544072948328265,4,
108,15,0.8976275964304349,-1.0750000000000002,0.5776005670012067,1.0,0.0,1.0,0.3958333333333333,0,0.16666666666666666,0.9,0.3583333333333335,0.40000000000000013,0.06370820668693007,4,
109,27,0.8967304174982355,-0.6000000000000004,0.5736993962489021,2.0,0.0,3.0,0.9166666666666666,0,0.0,0.8000000000000003,0.37666666666666687,0.40000000000000013,0.05613781606001666,4,
110,21,0.8958341352965282,-1.0750000000000002,0.571239447996031,1.0,0.0,2.0,0.5208333333333334,0,0.0,0.9,0.3583333333333335,0.40000000000000013,0.06370820668693009,4,
111,15,0.894938748929031,-0.7250000000000001,0.5689222761594193,2.0,0.0,1.0,0.30952380952380953,0,0.0,1.1,0.38809523809523816,0.40000000000000013,0.09014747589336357,4,
112,15,0.8940442575003572,-1.175,0.5667286170853276,1.0,0.0,1.0,0.23809523809523808,0,0.0,0.8000000000000002,0.34523809523809534,0.3500000000000002,0.061559841179807145,4,
113,27,0.8931506601160155,-0.22500000000000026,0.5631402541611865,1.0,0.0,3.0,1.0303030303030303,0,0.0,0.8000000000000003,0.36515151515151534,0.40000000000000013,0.05501033295063145,4,
114,15,0.8922579558824083,-1.3499999999999999,0.5605316853852556,1.0,0.0,1.0,0.23809523809523808,0,0.0,0.8000000000000002,0.34523809523809534,0.3500000000000002,0.061559841179807145,4,
115,9,0.8913661439068313,-1.6749999999999998,0.5583893599925449,1.0,0.0,0.0,0.0,0,0.0,0.7000000000000001,0.3111111111111112,0.30000000000000016,0.058810810810810805,4,
116,15,0.8904752232974726,-1.4999999999999998,0.555773262052339,1.0,0.0,1.0,0.21428571428571427,0,0.0,0.7000000000000002,0.33095238095238105,0.3000000000000002,0.05693136698808848,4,
117,15,0.8895851931634113,-1.4,0.5537216375614972,1.0,0.0,1.0,0.23809523809523808,0,0.0,0.8000000000000002,0.34523809523809534,0.3500000000000002,0.061559841179807145,4,
118,15,0.8886960526146174,-1.15,0.551068984726555,1.0,0.0,1.0,0.375,0,0.0,0.7000000000000002,0.3458333333333335,0.3500000000000002,0.05500651324359531,4,
119,9,0.8878078007619501,-1.65,0.5489857787844052,1.0,0.0,0.0,0.0,0,0.0,0.7000000000000001,0.3111111111111112,0.30000000000000016,0.058810810810810805,4,
120,15,0.8869204367171575,-1.225,0.5470436771607387,1.0,0.0,1.0,0.21428571428571427,0,0.0,0.7000000000000002,0.33095238095238105,0.3000000000000002,0.05693136698808847,4,
121,15,0.8860339595928756,-1.175,0.5449247246623479,2.0,0.0,1.0,0.2619047619047619,0,0.0,0.9,0.3595238095238097,0.40000000000000013,0.06863868406125921,4,
122,9,0.8851483685026271,-1.825,0.5431438637951457,0.0,0.0,0.0,0.0,0,0.0,0.7000000000000001,0.3111111111111112,0.30000000000000016,0.058810810810810805,4,
123,32,0.8842636625608209,-0.6000000000000001,0.5403458146282649,1.0,0.0,4.0,1.476923076923077,0,0.5384615384615384,1.2000000000000002,0.5553846153846154,0.6000000000000001,0.1209611742424242,4,
124,21,0.8833798408827509,-0.8250000000000002,0.5375512800583712,1.0,0.0,2.0,0.5555555555555556,0,0.0,0.8000000000000002,0.32407407407407424,0.3000000000000002,0.055921097770154374,4,
125,15,0.8824969025845955,-0.8000000000000002,0.5351179180369543,1.0,0.0,1.0,0.6111111111111112,0,0.5,1.1,0.4240740740740742,0.4000000000000002,0.08333790737564321,4,
126,33,0.8816148467834161,-0.7250000000000003,0.5319193128946584,1.0,0.0,4.0,1.2333333333333334,0,0.0,1.0000000000000002,0.3866666666666669,0.40000000000000013,0.06850791886635177,4,
127,15,0.880733672597157,-1.4,0.5299425189092165,1.0,0.0,1.0,0.19047619047619047,0,0.0,0.7000000000000001,0.31666666666666676,0.30000000000000016,0.05475326148610323,4,
128,21,0.8798533791446438,-0.75,0.5268078036569467,1.0,0.0,2.0,0.9666666666666667,0,0.3333333333333333,1.1,0.4666666666666668,0.5000000000000001,0.09424840233398164,4,
129,15,0.8789739655455832,-0.8500000000000001,0.524887458141347,1.0,0.0,1.0,0.4583333333333333,0,0.3333333333333333,1.1,0.3958333333333334,0.40000000000000013,0.08293530178028657,4,
130,21,0.8780954309205613,-1.1000000000000003,0.5225766178244243,1.0,0.0,2.0,0.5208333333333334,0,0.0,0.9000000000000002,0.3583333333333335,0.40000000000000013,0.0637082066869301,4,
131,21,0.8772177743910435,-0.30000000000000043,0.519345701835595,2.0,0.0,2.0,0.8484848484848485,0,0.30303030303030304,1.2,0.3651515151515153,0.30000000000000027,0.08047072330654416,4,
132,15,0.8763409950793732,-1.275,0.5170253627212021,1.0,0.0,1.0,0.4166666666666667,0,0.0,0.8000000000000002,0.37083333333333346,0.40000000000000013,0.062092922275293096,4,
133,15,0.8754650921087711,-1.05,0.5146988714571588,1.0,0.0,1.0,0.2916666666666667,0,0.0,0.7000000000000001,0.29583333333333345,0.30000000000000016,0.05208858011289622,4,
134,15,0.874590064603334,-1.5749999999999997,0.5126406069386461,1.0,0.0,1.0,0.30952380952380953,0,0.0,1.1,0.38809523809523816,0.40000000000000013,0.09014747589336357,4,
135,21,0.8737159116880344,0.5749999999999997,0.5088918253112901,2.0,0.0,2.0,1.0512820512820513,0,0.3076923076923077,0.9000000000000002,0.3935897435897438,0.4000000000000002,0.060096991615978944,4,
136,15,0.8728426324887193,-1.1,0.5067676283273231,1.0,0.0,1.0,0.5625,0,0.14583333333333334,1.2,0.4583333333333333,0.45000000000000007,0.11706469821971338,4,
137,9,0.8719702261321094,-1.6250000000000002,0.5052584805187079,1.0,0.0,0.0,0.0,0,0.0,0.7000000000000001,0.3111111111111112,0.30000000000000016,0.058810810810810805,4,
138,27,0.8710986917457983,-0.475,0.5026549472714789,1.0,0.0,3.0,0.9242424242424242,0,0.0,0.8000000000000003,0.35606060606060624,0.40000000000000013,0.05065671641791045,4,
139,15,0.8702280284582515,-1.1,0.5007487729292408,1.0,0.0,1.0,0.2857142857142857,0,0.0,1.0,0.3738095238095239,0.40000000000000013,0.0781678956324447,4,
140,15,0.8693582353988059,-0.7500000000000002,0.49843042156168144,2.0,0.0,1.0,0.5208333333333334,0,0.16666666666666666,1.2000000000000002,0.43333333333333346,0.40000000000000013,0.10184976118106817,4,
141,32,0.8684893116976679,-0.3249999999999999,0.49554356808958944,1.0,0.0,4.0,1.523076923076923,0,0.0,1.5,0.583076923076923,0.6000000000000001,0.14851799242424235,4,
142,21,0.867621256485914,-0.8500000000000002,0.4935282658473185,1.0,0.0,2.0,0.4791666666666667,0,0.0,0.7000000000000002,0.3333333333333335,0.30000000000000027,0.05349544072948329,4,
143,51,0.8667540688954889,0.5250000000000011,0.48948852213707855,1.0,0.0,7.0,2.5833333333333335,0,0.08333333333333333,1.2000000000000004,0.5261904761904764,0.5500000000000003,0.08932671863926296,4,
144,15,0.865887748059205,-1.025,0.48730957949154374,1.0,0.0,1.0,0.4791666666666667,0,0.0,1.0,0.40833333333333344,0.40000000000000013,0.08038211029092487,4,
145,15,0.8650222931107413,-0.5249999999999999,0.4850187253099379,2.0,0.0,1.0,0.5370370370370371,0,0.0,0.9,0.37962962962962976,0.40000000000000013,0.06349571183533448,4,
146,27,0.8641577031846428,-0.7500000000000002,0.4827363975986786,1.0,0.0,3.0,0.9259259259259259,0,0.0,1.1,0.41296296296296303,0.40000000000000013,0.08374957118353343,4,
147,9,0.8632939774163194,-1.2999999999999998,0.4812610990671289,2.0,0.0,0.0,0.0,0,0.0,0.7000000000000001,0.3111111111111112,0.30000000000000016,0.058810810810810805,4,
148,21,0.8624311149420455,-0.6000000000000001,0.4789812314754588,1.0,0.0,2.0,0.6333333333333333,0,0.0,0.8000000000000002,0.3266666666666669,0.3000000000000002,0.05330369547096415,4,
149,27,0.8615691148989583,-0.4250000000000002,0.47714502942919856,1.0,0.0,3.0,1.1,0,0.0,1.1,0.4866666666666668,0.5000000000000001,0.09918310641844955,4,
150,33,0.8607079764250578,-0.6250000000000002,0.47512602968061735,1.0,1.0,4.0,1.3181818181818181,0,0.12121212121212122,1.2,0.42878787878787894,0.40000000000000024,0.08085648679678528,4,
151,9,0.8598476986592055,-1.225,0.4738081040812736,2.0,0.0,0.0,0.0,0,0.0,0.7000000000000001,0.3111111111111112,0.30000000000000016,0.058810810810810805,4,
152,15,0.8589882807411234,-1.1,0.4720147282049736,1.0,0.0,1.0,0.23809523809523808,0,0.0,0.8000000000000002,0.34523809523809534,0.3500000000000002,0.061559841179807145,4,
153,21,0.8581297218113938,-0.7500000000000002,0.47058156939192936,1.0,1.0,2.0,0.7592592592592593,0,0.5925925925925926,1.2000000000000002,0.44629629629629647,0.4500000000000002,0.099557461406518,4,
154,15,0.8572720210114575,-1.5499999999999998,0.4692670027967842,1.0,0.0,1.0,0.3333333333333333,0,0.0,1.2,0.4023809523809525,0.4000000000000001,0.10457742484401585,4,
155,15,0.8564151774836135,-1.3250000000000002,0.46760700505508546,1.0,0.0,1.0,0.16666666666666666,0,0.0,0.7000000000000001,0.3023809523809525,0.30000000000000016,0.055025524673851384,4,
156,15,0.8555591903710185,-0.75,0.4660838961920263,1.0,0.0,1.0,0.4791666666666667,0,0.0,1.2,0.40833333333333344,0.40000000000000013,0.09538862353452017,4,
157,45,0.8547040588176851,0.7000000000000005,0.46323724951810274,1.0,0.0,6.0,2.0476190476190474,0,0.0,1.0,0.4190476190476192,0.4000000000000003,0.06631325301204818,4,
158,33,0.8538497819684817,-0.12500000000000044,0.4615560829116077,3.0,0.0,4.0,1.4166666666666667,0,0.0,1.2000000000000002,0.43055555555555575,0.40000000000000024,0.0799151070808412,4,
159,51,0.8529963589691315,0.20000000000000062,0.45879361435092714,2.0,0.0,7.0,2.3974358974358974,0,0.0,0.9000000000000005,0.3705128205128208,0.40000000000000013,0.057729738615814576,4,
160,15,0.8521437889662113,-0.825,0.45736304605642875,1.0,0.0,1.0,0.6111111111111112,0,0.0,1.0,0.4240740740740742,0.4500000000000002,0.07666895368782159,4,
161,68,0.8512920711071511,1.0500000000000005,0.4550121101723756,2.0,0.0,10.0,4.39622641509434,0,0.25471698113207547,2.099999999999999,0.9433962264150934,0.9499999999999986,0.30625723186470827,4,
162,57,0.850441204540233,0.9250000000000014,0.45275952158724353,2.0,1.0,8.0,2.8333333333333335,0,0.08333333333333333,1.2,0.44791666666666696,0.45000000000000034,0.07625393380358111,4,
163,15,0.8495911884145902,-1.0750000000000002,0.45142501829227966,1.0,0.0,1.0,0.16666666666666666,0,0.0,0.7000000000000001,0.3023809523809525,0.30000000000000016,0.055025524673851384,4,
164,21,0.8487420218802068,-0.575,0.4497530103972075,1.0,0.0,2.0,0.8166666666666667,0,0.11666666666666667,1.1,0.4366666666666668,0.4500000000000002,0.08534592942484022,4,
165,15,0.8478937040879159,-0.5500000000000003,0.4483588831727593,2.0,0.0,1.0,0.48148148148148145,0,0.25925925925925924,0.8000000000000002,0.34629629629629644,0.3500000000000002,0.05435677530017152,4,
166,33,0.8470462341893996,-0.4000000000000004,0.446248884618889,1.0,0.0,4.0,1.2878787878787878,0,0.10606060606060606,1.0,0.4106060606060608,0.4000000000000003,0.06884270952927668,4,
167,21,0.8461996113371882,-1.0250000000000004,0.4445929820567328,1.0,0.0,2.0,0.7222222222222222,0,0.0,0.9,0.4240740740740742,0.4500000000000001,0.0744459691252144,4,
168,15,0.8453538346846587,-0.8500000000000001,0.44333944425177274,2.0,0.0,1.0,0.16666666666666666,0,0.0,0.7000000000000001,0.3023809523809525,0.30000000000000016,0.055025524673851384,4,
169,9,0.8445089033860343,-1.4499999999999997,0.4423418626790176,1.0,0.0,0.0,0.0,0,0.0,0.7000000000000001,0.3111111111111112,0.30000000000000016,0.058810810810810805,4,
170,21,0.8436648165963837,-1.0750000000000002,0.44116343403058744,1.0,0.0,2.0,0.6041666666666666,0,0.0,1.0,0.40833333333333344,0.40000000000000013,0.08038211029092487,4,
171,15,0.8428215734716199,-1.3750000000000002,0.43999229956213115,1.0,0.0,1.0,0.30952380952380953,0,0.16666666666666666,1.1,0.38809523809523816,0.40000000000000013,0.09014747589336357,4,
172,27,0.8419791731684999,-0.3500000000000002,0.43839026968014266,2.0,0.0,3.0,0.9333333333333333,0,0.0,1.0,0.38666666666666677,0.40000000000000013,0.06650736315643233,4,
173,15,0.8411376148446232,-1.3250000000000002,0.4373268068528594,1.0,0.0,1.0,0.19047619047619047,0,0.0,0.7000000000000001,0.31666666666666676,0.30000000000000016,0.05475326148610323,4,
174,51,0.8402968976584314,0.7000000000000006,0.434619885010337,1.0,1.0,7.0,2.533333333333333,0,0.16666666666666666,1.2000000000000002,0.5344444444444446,0.5000000000000002,0.11293863439930853,4,
175,27,0.8394570207692074,-0.4500000000000004,0.4331749531484075,1.0,0.0,3.0,0.9833333333333333,0,0.0,1.0,0.4166666666666668,0.4000000000000002,0.07040844679077521,4,
176,21,0.838617983337074,-0.35000000000000026,0.4318041426004781,1.0,0.0,2.0,0.7833333333333333,0,0.11666666666666667,1.1,0.4166666666666668,0.40000000000000013,0.08241178105029172,4,
177,9,0.8377797845229938,-1.7000000000000002,0.43082052792799075,1.0,0.0,0.0,0.0,0,0.0,0.7000000000000001,0.3111111111111112,0.30000000000000016,0.058810810810810805,4,
178,39,0.8369424234887681,0.17500000000000077,0.42916590802314286,2.0,0.0,5.0,1.7361111111111112,0,0.0,1.2000000000000002,0.4722222222222223,0.5000000000000001,0.08730079104765578,4,
179,15,0.8361058993970355,-1.0,0.42790908308932557,1.0,0.0,1.0,0.4583333333333333,0,0.0,0.9,0.39583333333333337,0.40000000000000013,0.0729309596178897,4,
180,62,0.835270211411272,0.6000000000000016,0.4258857701249904,2.0,1.0,9.0,3.8947368421052633,0,0.9052631578947369,2.2999999999999994,0.8631578947368409,0.6999999999999977,0.420268173758865,4,
181,9,0.8344353586957896,-1.4249999999999998,0.4251525554729181,1.0,0.0,0.0,0.0,0,0.0,0.7000000000000001,0.3111111111111112,0.30000000000000016,0.058810810810810805,4,
182,21,0.8336013404157353,-0.95,0.4238721847928312,1.0,0.0,2.0,0.6481481481481481,0,0.12962962962962962,1.1,0.37962962962962976,0.40000000000000013,0.07683361921097769,4,
183,44,0.832768155737091,1.0000000000000009,0.4222013202059104,2.0,0.0,6.0,2.4457831325301207,0,0.0,1.4,0.6915662650602407,0.7000000000000001,0.16416957026713108,4,
184,15,0.8319358038266718,-0.825,0.42089004669972196,1.0,0.0,1.0,0.48148148148148145,0,0.0,1.0,0.3462962962962964,0.30000000000000016,0.06991766723842194,4,
185,15,0.8311042838521256,-0.9000000000000001,0.41973798066529955,1.0,0.0,1.0,0.3125,0,0.0,0.7000000000000001,0.30833333333333346,0.30000000000000016,0.05203647416413374,4,
186,15,0.8302735949819326,-0.925,0.41864337034107585,1.0,0.0,1.0,0.5208333333333334,0,0.0,1.1,0.43333333333333346,0.4500000000000001,0.09684759009986972,4,
187,15,0.8294437363854039,-0.85,0.4176447898546865,1.0,0.0,1.0,0.5,0,0.0,0.8000000000000002,0.35740740740740756,0.40000000000000013,0.059873070325900515,4,
188,27,0.8286147072326806,0.024999999999999745,0.41635040755295205,1.0,0.0,3.0,1.106060606060606,0,0.0,1.0,0.4106060606060608,0.4000000000000003,0.06702411021814006,4,
189,15,0.8277865066947336,-1.2999999999999998,0.41538207322167364,1.0,0.0,1.0,0.3333333333333333,0,0.19047619047619047,1.2,0.4023809523809525,0.4000000000000001,0.10457742484401585,4,
190,27,0.8269591339433623,-1.0000000000000002,0.41451013788973456,1.0,0.0,3.0,0.8148148148148148,0,0.0,0.9,0.34629629629629644,0.3500000000000002,0.06102572898799313,4,
191,21,0.8261325881511938,-0.39999999999999997,0.4131534061190556,1.0,0.0,2.0,0.75,0,0.31666666666666665,1.1,0.3966666666666668,0.40000000000000013,0.0886801889413726,4,
192,21,0.8253068684916823,-0.8250000000000002,0.41208648820219196,1.0,0.0,2.0,0.8148148148148148,0,0.25925925925925924,1.1,0.47962962962962974,0.5000000000000001,0.10647341337907373,4,
193,39,0.8244819741391082,-0.12499999999999944,0.41108263293901937,2.0,0.0,5.0,1.6515151515151516,0,0.0,1.2,0.4106060606060607,0.40000000000000013,0.08884730195177952,4,
194,21,0.8236579042685769,-0.9500000000000002,0.41010763028418395,2.0,0.0,2.0,0.4375,0,0.0,0.7000000000000001,0.30833333333333346,0.30000000000000016,0.05203647416413374,4,
195,51,0.8228346580560184,0.8250000000000006,0.40788010637181304,1.0,0.0,7.0,2.588888888888889,0,0.16666666666666666,1.2000000000000002,0.5677777777777778,0.6000000000000001,0.11353130016051359,4,
196,27,0.8220122346781865,-1.05,0.4068571946196499,1.0,0.0,3.0,0.7407407407407407,0,0.0,0.7000000000000001,0.301851851851852,0.30000000000000016,0.04982847341337907,4,
197,21,0.821190633312658,-1.225,0.4057361780380064,1.0,0.0,2.0,0.5833333333333334,0,0.0,0.9,0.3958333333333334,0.40000000000000013,0.0729309596178897,4,
198,15,0.8203698531378311,-1.1,0.4048269049006664,1.0,0.0,1.0,0.16666666666666666,0,0.0,0.7000000000000001,0.3023809523809525,0.30000000000000016,0.055025524673851384,4,
199,21,0.8195498933329256,-1.2000000000000002,0.40378721182965105,1.0,0.0,2.0,0.5,0,0.0,0.8000000000000003,0.3458333333333335,0.35000000000000026,0.05750759878419453,4,
200,15,0.8187307530779818,-0.925,0.4027315762064849,1.0,0.0,1.0,0.375,0,0.0,0.9,0.34583333333333344,0.35000000000000014,0.06501085540599218,4,
201,21,0.8179124315538594,-0.2,0.40139563594957345,2.0,0.0,2.0,0.7121212121212122,0,0.0,0.8000000000000002,0.337878787878788,0.30000000000000027,0.05236509758897818,4,
202,21,0.8170949279422366,-0.5250000000000001,0.4003899923061966,1.0,0.0,2.0,0.6481481481481481,0,0.0,0.9,0.37962962962962976,0.40000000000000013,0.06127272727272727,4,
203,15,0.8162782414256099,-1.0499999999999998,0.3995485901586723,1.0,0.0,1.0,0.16666666666666666,0,0.0,0.7000000000000001,0.3023809523809525,0.30000000000000016,0.055025524673851384,4,
204,21,0.8154623711872927,-0.875,0.3986578140567904,1.0,0.0,2.0,0.5416666666666666,0,0.14583333333333334,1.1,0.37083333333333335,0.35000000000000014,0.08460269214068605,4,
205,69,0.8146473164114145,1.4000000000000024,0.3968766101700468,2.0,0.0,10.0,3.611111111111111,0,0.0,1.2,0.4370370370370372,0.40000000000000024,0.08419103146703247,4,
206,39,0.8138330762829207,0.5499999999999994,0.3951333581537795,1.0,0.0,5.0,1.8555555555555556,0,0.28888888888888886,1.3000000000000003,0.48777777777777787,0.5000000000000001,0.10464131374243732,4,
207,26,0.813019649987571,-0.45000000000000057,0.3938428624130607,1.0,0.0,3.0,1.328125,0,0.703125,1.5,0.5828125,0.5499999999999999,0.17334065934065926,4,
208,21,0.812207036711939,-1.1000000000000003,0.39278588592199126,1.0,0.0,2.0,0.5,0,0.0,0.8000000000000002,0.3458333333333335,0.3500000000000002,0.05750759878419453,4,
209,32,0.8113952356434114,0.4499999999999993,0.39135984027851095,2.0,0.0,4.0,2.1707317073170733,0,0.6097560975609756,1.5,0.7073170731707314,0.7000000000000001,0.1587505577867023,4,
210,15,0.8105842459701871,-0.95,0.3904397119549658,2.0,0.0,1.0,0.4375,0,0.0,1.0,0.38333333333333347,0.40000000000000013,0.07267042987407728,4,
211,15,0.8097740668812763,-0.8,0.38963330103665705,2.0,0.0,1.0,0.16666666666666666,0,0.0,0.7000000000000001,0.3023809523809525,0.30000000000000016,0.055025524673851384,4,
212,15,0.8089646975664998,-1.2,0.38875063189681824,1.0,0.0,1.0,0.3333333333333333,0,0.0,0.7000000000000002,0.32083333333333347,0.30000000000000016,0.054172818063395564,4,
213,15,0.8081561372164884,-1.225,0.3878535169827002,1.0,0.0,1.0,0.3958333333333333,0,0.0,0.8000000000000002,0.3583333333333335,0.40000000000000013,0.05870603560573165,4,
214,9,0.8073483850226815,-1.275,0.3871263203711701,2.0,0.0,0.0,0.0,0,0.0,0.7000000000000001,0.3111111111111112,0.30000000000000016,0.058810810810810805,4,
215,27,0.8065414401773269,-0.275,0.38573138613518615,1.0,0.0,3.0,1.2153846153846153,0,0.6615384615384615,1.2999999999999998,0.4907692307692309,0.5000000000000001,0.10547821969696966,4,
216,21,0.8057353018734796,-0.8500000000000003,0.3846943955911932,1.0,0.0,2.0,0.6111111111111112,0,0.0,0.7000000000000003,0.3574074074074077,0.40000000000000013,0.05320411663807889,4,
217,69,0.8049299693050015,1.2250000000000019,0.3826135930114285,1.0,0.0,10.0,3.6666666666666665,0,0.0,0.8000000000000006,0.34791666666666704,0.3500000000000004,0.04958437330439499,4,
218,21,0.8041254416665596,-0.15000000000000044,0.3815060367128889,2.0,0.0,2.0,1.1538461538461537,0,0.0,1.2999999999999998,0.5646153846153846,0.6,0.13462594696969693,4,
219,39,0.8033217181536265,0.6249999999999996,0.37985116980606703,2.0,0.0,5.0,1.8205128205128205,0,0.08974358974358974,1.2,0.485897435897436,0.5000000000000001,0.10045865526878184,4,
220,9,0.8025187979624785,-1.6,0.3791809290453614,1.0,0.0,0.0,0.0,0,0.0,0.7000000000000001,0.3111111111111112,0.30000000000000016,0.058810810810810805,4,
221,21,0.8017166802901953,-0.5750000000000001,0.37818358398790913,1.0,0.0,2.0,0.6481481481481481,0,0.0,1.1,0.37962962962962976,0.40000000000000013,0.07905660377358491,4,
222,21,0.8009153643346592,-0.40000000000000024,0.377201581229405,1.0,0.0,2.0,0.7833333333333333,0,0.5333333333333333,1.2000000000000002,0.4166666666666668,0.40000000000000013,0.09041400388996942,4,
223,27,0.8001148492945541,-0.07500000000000032,0.3761112691687323,1.0,0.0,3.0,1.25,0,0.1388888888888889,1.2,0.5305555555555557,0.6,0.10880956974725059,4,
224,27,0.7993151343693651,-0.4000000000000001,0.37527857555129784,1.0,0.0,3.0,0.9666666666666667,0,0.0,1.0,0.4066666666666668,0.4000000000000002,0.06664073353709363,4,
225,21,0.7985162187593771,-0.6000000000000001,0.37412217895855515,1.0,0.0,2.0,0.5925925925925926,0,0.12962962962962962,0.9,0.34629629629629644,0.3500000000000002,0.06102572898799313,4,
226,15,0.7977181016656743,-1.275,0.3734744054204493,1.0,0.0,1.0,0.21428571428571427,0,0.0,0.7000000000000002,0.33095238095238105,0.3000000000000002,0.05693136698808847,4,
227,15,0.7969207822901396,-0.8999999999999999,0.37259855445888945,1.0,0.0,1.0,0.6481481481481481,0,0.12962962962962962,1.1,0.44629629629629647,0.5000000000000001,0.09066552315608918,4,
228,15,0.7961242598354538,-1.2750000000000001,0.37189814561821044,1.0,0.0,1.0,0.19047619047619047,0,0.0,0.7000000000000001,0.31666666666666676,0.30000000000000016,0.05475326148610323,4,
229,39,0.7953285335050939,2.7755575615628914e-16,0.3711234948814067,1.0,0.0,5.0,1.7638888888888888,0,0.0,1.2,0.488888888888889,0.5000000000000001,0.11128689947906617,4,
230,33,0.794533602503334,0.6499999999999997,0.3699045143388087,1.0,1.0,4.0,1.8571428571428572,0,0.09523809523809523,1.2,0.4761904761904763,0.49999999999999994,0.09516087880935502,4,
231,21,0.7937394660352427,-0.0750000000000004,0.3689170794115291,2.0,0.0,2.0,1.0,0,0.21212121212121213,1.1,0.45606060606060617,0.5000000000000001,0.09309070034443166,4,
232,15,0.7929461233066837,-1.025,0.3681912098116451,1.0,0.0,1.0,0.5185185185185185,0,0.0,0.9,0.36851851851851863,0.40000000000000013,0.06069639794168094,4,
233,15,0.792153573524314,-1.2,0.3674734318829054,1.0,0.0,1.0,0.2619047619047619,0,0.0,0.9,0.3595238095238097,0.40000000000000013,0.06863868406125921,4,
234,32,0.7913618158955839,0.24999999999999933,0.36637549169347966,1.0,1.0,4.0,1.75,0,0.3157894736842105,1.7999999999999998,0.6644736842105261,0.6000000000000001,0.19758787878787873,4,
235,9,0.7905708496287356,-1.4,0.3659377505981695,2.0,0.0,0.0,0.0,0,0.0,0.7000000000000001,0.3111111111111112,0.30000000000000016,0.058810810810810805,4,
236,9,0.7897806739328027,-1.4,0.36533389885276246,1.0,0.0,0.0,0.0,0,0.0,0.7000000000000001,0.3111111111111112,0.30000000000000016,0.058810810810810805,4,
237,45,0.7889912880176096,0.2999999999999996,0.36401686520298987,1.0,1.0,6.0,2.1538461538461537,0,0.08974358974358974,1.2,0.5012820512820513,0.5,0.10527206970244941,4,
238,15,0.7882026910937704,-1.2,0.36330969159189874,1.0,0.0,1.0,0.3125,0,0.0,0.7000000000000001,0.30833333333333346,0.30000000000000016,0.05203647416413374,4,
239,21,0.7874148823726879,-1.0750000000000002,0.36265672571322705,1.0,0.0,2.0,0.5833333333333334,0,0.0,1.1,0.3958333333333335,0.40000000000000013,0.08293530178028659,4,
240,39,0.7866278610665535,0.49999999999999983,0.36159192849322086,2.0,0.0,5.0,1.6666666666666667,0,0.0,0.9000000000000005,0.39358974358974397,0.40000000000000024,0.060096991615978965,4,
241,39,0.7858416263883455,0.8250000000000001,0.36026518271700536,1.0,0.0,5.0,1.6111111111111112,0,0.0,1.0,0.38111111111111134,0.40000000000000013,0.05998394863563401,4,
242,33,0.7850561775518295,-0.07500000000000029,0.3591285952908734,1.0,0.0,4.0,1.4166666666666667,0,0.0,1.1,0.43055555555555575,0.4000000000000003,0.07491414238857803,4,
243,15,0.7842715137715565,-0.875,0.35860832498091133,2.0,0.0,1.0,0.16666666666666666,0,0.0,0.7000000000000001,0.3023809523809525,0.30000000000000016,0.055025524673851384,4,
244,27,0.7834876342628625,-0.17500000000000016,0.35771508778584665,1.0,1.0,3.0,1.0333333333333334,0,0.21666666666666667,1.2,0.4466666666666667,0.4500000000000001,0.09051403167546537,4,
245,15,0.7827045382418681,-1.4000000000000001,0.35716812077380367,1.0,0.0,1.0,0.3333333333333333,0,0.0,1.2,0.4023809523809525,0.4000000000000001,0.10457742484401585,4,
246,21,0.7819222249254772,-0.7250000000000001,0.3563772356234295,1.0,0.0,2.0,0.8666666666666667,0,0.11666666666666667,1.1,0.4066666666666668,0.4000000000000002,0.07464295637677132,4,
247,21,0.7811406935313765,0.19999999999999987,0.35548531646364045,1.0,0.0,2.0,0.9861111111111112,0,0.1111111111111111,1.1,0.42222222222222233,0.40000000000000024,0.07202006559907388,4,
248,33,0.7803599432780343,-0.17500000000000016,0.3545648483049767,1.0,0.0,4.0,1.3888888888888888,0,0.0,1.0,0.463888888888889,0.5000000000000001,0.07676635153386067,4,
249,45,0.7795799733847004,1.1,0.353319965576152,1.0,0.0,6.0,1.9111111111111112,0,0.08888888888888889,1.0,0.4011111111111113,0.40000000000000024,0.061673046055068514,4,
250,38,0.7788007830714049,0.5250000000000002,0.35211071768004326,1.0,0.0,5.0,1.9204545454545454,0,0.23863636363636365,1.4,0.6011363636363635,0.6000000000000001,0.14172155495286054,4,
251,15,0.7780223715589573,-0.7500000000000001,0.35169572796808957,1.0,0.0,1.0,0.35714285714285715,0,0.35714285714285715,1.2000000000000002,0.4166666666666668,0.40000000000000013,0.10144639818491208,4,
252,62,0.7772447380689461,1.4000000000000015,0.35023678716688056,2.0,0.0,9.0,3.5643564356435644,0,0.06930693069306931,1.6999999999999984,0.6900990099009893,0.6000000000000002,0.19754509803921538,4,
253,15,0.7764678818237378,-1.2000000000000002,0.34970694235880473,1.0,0.0,1.0,0.2619047619047619,0,0.0,0.9,0.3595238095238097,0.40000000000000013,0.06863868406125921,4,
254,21,0.775691802046476,-0.5000000000000004,0.3489782882861065,1.0,0.0,2.0,0.9696969696969697,0,0.3484848484848485,1.2,0.437878787878788,0.40000000000000024,0.09479908151549937,4,
255,15,0.774916497961081,-1.35,0.34848886899003795,1.0,0.0,1.0,0.23809523809523808,0,0.0,0.8000000000000002,0.34523809523809534,0.3500000000000002,0.061559841179807145,4,
256,21,0.7741419687922484,-0.5,0.34766181713143934,1.0,0.0,2.0,0.8939393939393939,0,0.10606060606060606,1.1,0.39242424242424256,0.40000000000000013,0.07253501722158437,4,
257,27,0.7733682137654491,-0.55,0.34689570397815683,1.0,0.0,3.0,0.9666666666666667,0,0.0,1.2,0.40666666666666673,0.40000000000000013,0.09064740205612667,4,
258,21,0.772595232106928,-1.1250000000000002,0.3463021685760425,1.0,0.0,2.0,0.6666666666666666,0,0.0,1.1,0.44583333333333347,0.4500000000000001,0.1058619192357794,4,
259,21,0.7718230230437034,-1.0,0.3457008106460857,1.0,0.0,2.0,0.625,0,0.0,1.1,0.42083333333333345,0.40000000000000013,0.09002171081198436,4,
260,15,0.7710515858035663,-1.25,0.34510830242967494,2.0,0.0,1.0,0.2619047619047619,0,0.0,0.9,0.3595238095238097,0.40000000000000013,0.06863868406125923,4,
261,27,0.7702809196150792,-0.3500000000000003,0.34435157995497356,1.0,0.0,3.0,0.9833333333333333,0,0.0,1.0,0.4166666666666668,0.4000000000000003,0.06840789108085579,4,
262,21,0.7695110237075758,-0.9750000000000001,0.34379450021855207,1.0,0.0,2.0,0.4791666666666667,0,0.0,0.8000000000000002,0.3333333333333335,0.30000000000000027,0.05849761181068172,4,
263,9,0.7687418973111603,-1.275,0.34343652966442084,1.0,0.0,0.0,0.0,0,0.0,0.7000000000000001,0.3111111111111112,0.30000000000000016,0.058810810810810805,4,
264,21,0.7679735396567061,-0.9500000000000002,0.34281057859201874,1.0,0.0,2.0,0.5555555555555556,0,0.0,0.8000000000000002,0.32407407407407424,0.30000000000000016,0.055921097770154374,4,
265,27,0.7672059499758557,-0.7250000000000003,0.3422458967539378,1.0,0.0,3.0,0.8703703703703703,0,0.0,1.1,0.37962962962962976,0.40000000000000013,0.07905660377358491,4,
266,50,0.7664391275010192,0.7249999999999995,0.34103350701915464,2.0,0.0,7.0,2.6736842105263157,0,0.4,1.6999999999999997,0.6484210526315788,0.6000000000000001,0.1751484929078013,4,
267,27,0.7656730714653739,-0.050000000000000155,0.34039523443244013,2.0,0.0,3.0,0.9333333333333333,0,0.0,1.1,0.38666666666666677,0.40000000000000013,0.07450958599611002,4,
268,15,0.764907781102864,-1.3499999999999999,0.34001506753285193,1.0,0.0,1.0,0.30952380952380953,0,0.16666666666666666,1.1,0.3880952380952382,0.40000000000000013,0.09014747589336357,4,
269,21,0.764143255648199,-0.25000000000000017,0.339217515671882,1.0,0.0,2.0,0.9848484848484849,0,0.0,1.1,0.4469696969696971,0.5000000000000001,0.0867531572904707,4,
270,21,0.7633794943368531,-0.6750000000000003,0.3384999664381908,1.0,0.0,2.0,0.7,0,0.0,0.8000000000000002,0.3666666666666668,0.40000000000000013,0.05357043623228675,4,
271,15,0.7626164964050653,-1.175,0.3379642301674807,1.0,0.0,1.0,0.2619047619047619,0,0.0,0.9,0.3595238095238097,0.40000000000000013,0.06863868406125921,4,
272,21,0.7618542610898376,-1.275,0.3373920229991493,1.0,0.0,2.0,0.5625,0,0.16666666666666666,1.2,0.38333333333333336,0.3500000000000001,0.09768128528006945,4,
273,27,0.7610927876289343,-0.6250000000000001,0.3367630781672498,2.0,0.0,3.0,0.7777777777777778,0,0.0,0.7000000000000003,0.32407407407407424,0.30000000000000027,0.05147512864493997,4,
274,57,0.7603320752608821,2.2500000000000004,0.33524864662726106,2.0,0.0,8.0,2.912,0,0.464,1.4999999999999998,0.548,0.5000000000000002,0.11098310291858676,4,
275,15,0.7595721232249685,-1.1,0.33477572717772425,1.0,0.0,1.0,0.4375,0,0.0,1.2,0.38333333333333336,0.3500000000000001,0.09768128528006945,4,
276,39,0.7588129307612413,-0.19999999999999962,0.3339948961174895,2.0,0.0,5.0,1.6818181818181819,0,0.0,1.0,0.42878787878787894,0.4500000000000001,0.08449368541905855,4,
277,15,0.7580544971105083,-0.42500000000000004,0.33335648617469804,1.0,0.0,1.0,0.48148148148148145,0,0.0,0.8000000000000002,0.34629629629629644,0.3500000000000002,0.056579759862778724,4,
278,26,0.7572968215143355,0.09999999999999953,0.3326007940196558,2.0,0.0,3.0,1.2535211267605635,0,0.4507042253521127,1.4,0.504225352112676,0.5000000000000001,0.10605952380952376,4,
279,32,0.7565399032150474,0.2249999999999993,0.3317805804729662,1.0,0.0,4.0,1.5454545454545454,0,0.0,1.4999999999999998,0.5311688311688311,0.5000000000000001,0.1445074224021591,4,
280,21,0.7557837414557255,-0.8750000000000002,0.3312371008857558,1.0,0.0,2.0,0.6111111111111112,0,0.0,0.9,0.3574074074074075,0.40000000000000013,0.06209605488850772,4,
281,20,0.755028335480208,-1.225,0.3306658570711807,1.0,0.0,2.0,0.7659574468085106,0,0.14893617021276595,1.7000000000000002,0.5319148936170213,0.4999999999999998,0.2043931159420289,4,
282,21,0.754273684533089,-1.0500000000000003,0.33004148774903197,1.0,0.0,2.0,0.7407407407407407,0,0.25925925925925924,1.2,0.43518518518518534,0.4000000000000002,0.09157118353344765,4,
283,27,0.7535197878597172,-0.5000000000000003,0.32955090073240345,1.0,0.0,3.0,0.9814814814814815,0,0.0,1.0,0.4462962962962963,0.5000000000000001,0.08621955403087478,4,
284,21,0.7527666447061963,-0.22500000000000023,0.32894517741713986,1.0,0.0,2.0,0.8,0,0.0,1.1,0.42666666666666686,0.4000000000000002,0.09198110586273964,4,
285,33,0.7520142543193826,0.32499999999999973,0.3281011076752138,2.0,0.0,4.0,1.3974358974358974,0,0.14102564102564102,1.1,0.4166666666666669,0.4000000000000003,0.07063126746671047,4,
286,21,0.751262615946886,-0.4750000000000001,0.32736078622971204,1.0,0.0,2.0,0.6666666666666666,0,0.0,0.9,0.3466666666666668,0.3500000000000002,0.059838844123367596,4,
287,33,0.750511728837068,-0.4250000000000004,0.32672578174333283,1.0,0.0,4.0,1.4090909090909092,0,0.10606060606060606,1.1,0.48333333333333345,0.5000000000000001,0.10019977037887486,4,
288,33,0.7497615922390413,0.07499999999999984,0.32606882956301547,1.0,0.0,4.0,1.5070422535211268,0,0.14084507042253522,1.2999999999999998,0.49577464788732406,0.5000000000000001,0.099297619047619,4,
289,27,0.7490122054026693,-0.7000000000000001,0.3253343828351579,1.0,0.0,3.0,1.0,0,0.10606060606060606,1.2,0.4015151515151516,0.4000000000000001,0.1016877152698048,4,
290,15,0.7482635675785653,-0.8500000000000001,0.32486329621486926,1.0,0.0,1.0,0.4583333333333333,0,0.14583333333333334,1.1,0.3958333333333335,0.40000000000000013,0.08293530178028659,4,
291,51,0.747515678018091,0.7500000000000001,0.3240839915407485,1.0,0.0,7.0,2.577777777777778,0,0.6888888888888889,1.2,0.5211111111111113,0.5000000000000002,0.09634399308556608,4,
292,27,0.7467685359733571,-0.3500000000000003,0.32354755969903426,1.0,0.0,3.0,1.0833333333333333,0,0.0,1.2000000000000002,0.4766666666666668,0.5000000000000001,0.10081689358155041,4,
293,21,0.7460221406972215,-0.8250000000000002,0.32303352174837985,1.0,0.0,2.0,0.5370370370370371,0,0.0,0.7000000000000002,0.3129629629629631,0.30000000000000016,0.05188679245283019,4,
294,45,0.7452764914432887,1.8000000000000012,0.32201484040372397,2.0,0.0,6.0,2.3137254901960786,0,0.0,1.1,0.4656862745098042,0.5000000000000002,0.0667701624531385,4,
295,15,0.7445315874659094,-1.4249999999999998,0.3216177901625997,1.0,0.0,1.0,0.19047619047619047,0,0.0,0.7000000000000001,0.31666666666666676,0.30000000000000016,0.05475326148610323,4,
296,62,0.7437874280201796,1.000000000000001,0.32084101993342534,2.0,0.0,9.0,3.431578947368421,0,0.0,1.4,0.5852631578947368,0.5999999999999998,0.13685062056737585,4,
297,27,0.7430440123619398,0.1749999999999995,0.32015863160906066,1.0,0.0,3.0,1.3194444444444444,0,0.875,1.2000000000000002,0.5222222222222224,0.5000000000000002,0.09591356357322012,4,
298,21,0.7423013397477743,-0.9000000000000002,0.31969157656793246,1.0,0.0,2.0,0.5416666666666666,0,0.2708333333333333,0.8000000000000003,0.37083333333333346,0.40000000000000013,0.057090751194094666,4,
299,38,0.7415594094350105,0.0750000000000006,0.31896619651404134,1.0,0.0,5.0,1.7532467532467533,0,0.0,1.2999999999999998,0.5233766233766233,0.5000000000000001,0.11687584345479071,4,
300,27,0.7408182206817179,0.22499999999999953,0.3182331030734298,1.0,0.0,3.0,1.3333333333333333,0,0.20512820512820512,1.3,0.47051282051282056,0.45000000000000007,0.10902022028604302,4,
301,27,0.7400777727467076,-0.17500000000000007,0.31755865142466133,1.0,0.0,3.0,1.0757575757575757,0,0.5606060606060606,1.1,0.4469696969696971,0.5000000000000001,0.0867531572904707,4,
302,33,0.7393380648895319,-0.35000000000000053,0.3169457090292209,2.0,0.0,4.0,1.5,0,0.12121212121212122,1.2,0.537878787878788,0.6000000000000001,0.11177267508610789,4,
303,21,0.7385990963704826,0.29999999999999977,0.3162528061768163,1.0,0.0,2.0,1.0138888888888888,0,0.4444444444444444,1.1,0.43888888888888905,0.45000000000000023,0.07266833879992282,4,
304,27,0.7378608664505911,-0.1500000000000002,0.3156540453278049,1.0,0.0,3.0,0.9848484848484849,0,0.10606060606060606,1.1,0.39242424242424256,0.40000000000000013,0.07253501722158438,4,
305,33,0.7371233743916278,-0.525,0.3151497634380114,1.0,0.0,4.0,1.3166666666666667,0,0.0,0.9000000000000005,0.4366666666666669,0.5000000000000001,0.0713420394554043,4,
306,9,0.7363866194561001,-1.2750000000000001,0.3147963291813686,1.0,0.0,0.0,0.0,0,0.0,0.7000000000000001,0.3111111111111112,0.30000000000000016,0.058810810810810805,4,
307,15,0.7356506009072533,-1.175,0.3142614040296294,1.0,0.0,1.0,0.4166666666666667,0,0.0,1.0,0.37083333333333346,0.40000000000000013,0.07209726443768995,4,
308,39,0.7349153180090687,1.5750000000000006,0.31327711035077344,2.0,1.0,5.0,2.1944444444444446,0,0.3055555555555556,1.4,0.5537037037037038,0.5999999999999999,0.09638343479379229,4,
309,15,0.7341807700262634,-0.875,0.31287659717034144,1.0,0.0,1.0,0.4791666666666667,0,0.0,1.1,0.40833333333333344,0.40000000000000013,0.0853842813721233,4,
310,21,0.7334469562242892,-0.7250000000000001,0.31238426598204927,1.0,1.0,2.0,0.7037037037037037,0,0.14814814814814814,1.2,0.41296296296296303,0.40000000000000013,0.09041852487135504,4,
311,27,0.7327138758693325,-0.3250000000000002,0.311844652338975,1.0,0.0,3.0,0.9848484848484849,0,0.0,1.1,0.3924242424242426,0.40000000000000013,0.07253501722158437,4,
312,27,0.7319815282283126,1.6653345369377348e-16,0.31131726498218704,2.0,0.0,3.0,1.0303030303030303,0,0.36363636363636365,1.1,0.41969696969696973,0.40000000000000013,0.08857175660160732,4,
313,9,0.731249912568882,-1.175,0.3109607930080283,2.0,0.0,0.0,0.0,0,0.0,0.7000000000000001,0.3111111111111112,0.30000000000000016,0.058810810810810805,4,
314,45,0.7305190281594249,0.47500000000000075,0.3103249813201484,1.0,0.0,6.0,2.0833333333333335,0,0.0,1.2,0.44047619047619063,0.40000000000000024,0.08789794472005664,4,
315,32,0.7297888742690568,0.7,0.3096471207171442,2.0,0.0,4.0,1.4545454545454546,0,0.0,1.2999999999999998,0.4766233766233767,0.4999999999999998,0.11375843454790815,4,
316,27,0.7290594501676237,0.049999999999999545,0.30895345380297123,1.0,0.0,3.0,1.2307692307692308,0,0.08974358974358974,1.0,0.4089743589743591,0.4000000000000002,0.07082853855005751,4,
317,51,0.7283307551257017,0.5750000000000004,0.3081517189752867,1.0,0.0,7.0,2.5208333333333335,0,0.6145833333333334,1.2000000000000002,0.5229166666666667,0.5000000000000002,0.09344329896907215,4,
318,15,0.7276027884145955,-1.075,0.30778871862716667,1.0,0.0,1.0,0.16666666666666666,0,0.0,0.7000000000000001,0.3023809523809525,0.30000000000000016,0.055025524673851384,4,
319,21,0.7268755493063382,-0.65,0.30739028582189964,2.0,0.0,2.0,0.4375,0,0.0,0.7000000000000001,0.30833333333333346,0.30000000000000016,0.05203647416413374,4,
320,27,0.7261490370736909,-0.5250000000000001,0.3069104397693027,1.0,0.0,3.0,0.9833333333333333,0,0.0,0.9000000000000005,0.4166666666666669,0.40000000000000047,0.06640733537093638,4,
321,45,0.7254232509901412,0.8000000000000005,0.306182652040182,1.0,0.0,6.0,2.463157894736842,0,1.0210526315789474,1.5,0.5410526315789475,0.5000000000000003,0.11337987588652478,4,
322,39,0.7246981903299029,1.275,0.3056534221324777,2.0,0.0,5.0,1.7738095238095237,0,0.7976190476190477,1.2,0.4690476190476192,0.5000000000000001,0.08762579730687453,4,
323,27,0.7239738543679153,-0.10000000000000031,0.30511040308243115,1.0,0.0,3.0,0.8484848484848485,0,0.0,0.7000000000000002,0.31060606060606083,0.3000000000000002,0.04823191733639494,4,
324,15,0.7232502423798424,-0.725,0.30468750849221016,2.0,0.0,1.0,0.5185185185185185,0,0.12962962962962962,1.1,0.36851851851851863,0.3500000000000002,0.07848027444253859,4,
325,20,0.7225273536420722,-0.8,0.30426295371489703,2.0,0.0,2.0,0.6595744680851063,0,0.0,1.2999999999999998,0.46808510638297873,0.4999999999999998,0.12009963768115935,4,
326,69,0.7218051874317158,1.200000000000002,0.30342598126988823,1.0,0.0,10.0,3.7708333333333335,0,0.0,1.0000000000000004,0.4104166666666671,0.40000000000000063,0.06218990775908846,4,
327,21,0.721083743026607,-0.7750000000000002,0.30296120422015893,1.0,0.0,2.0,0.5416666666666666,0,0.0,0.9,0.37083333333333346,0.40000000000000013,0.06459400781589231,4,
328,33,0.7203630197053014,0.7000000000000002,0.3022732734154673,2.0,0.0,4.0,1.5,0,0.16666666666666666,1.0,0.3858974358974361,0.40000000000000013,0.059939174749301334,4,
329,21,0.7196430167470754,-0.7000000000000002,0.30188611335078763,2.0,1.0,2.0,0.6481481481481481,0,0.25925925925925924,1.2,0.3796296296296297,0.35000000000000014,0.09017152658662089,4,
330,44,0.7189237334319262,0.2500000000000012,0.3012409132896821,1.0,0.0,6.0,2.3661971830985915,0,0.0,1.5999999999999996,0.6394366197183097,0.6000000000000001,0.17453571428571416,4,
331,33,0.7182051690405703,-0.2000000000000001,0.3007528275321635,2.0,0.0,4.0,1.1666666666666667,0,0.0,0.9000000000000002,0.3305555555555557,0.30000000000000027,0.05435462087594058,4,
332,39,0.7174873228544433,0.22500000000000042,0.30028571926490105,2.0,0.0,5.0,1.7222222222222223,0,0.0,1.3000000000000003,0.463888888888889,0.4000000000000003,0.11177310437970286,4,
333,26,0.716770194155699,0.049999999999999545,0.29973859432184935,1.0,0.0,3.0,1.1267605633802817,0,0.19718309859154928,1.2999999999999998,0.4281690140845071,0.40000000000000013,0.11274999999999995,4,
334,27,0.7160537822272085,-0.2250000000000002,0.2993541438450656,3.0,0.0,3.0,0.8888888888888888,0,0.0,0.9000000000000002,0.39074074074074094,0.4000000000000002,0.06382504288164667,4,
335,21,0.7153380863525599,-0.0500000000000001,0.2990117108322731,2.0,0.0,2.0,0.6481481481481481,0,0.0,1.0,0.37962962962962976,0.40000000000000013,0.07238765008576328,4,
336,26,0.7146231058160573,0.5749999999999996,0.29851616720777907,1.0,0.0,3.0,1.3766233766233766,0,0.2077922077922078,1.4,0.5155844155844156,0.5000000000000001,0.11406207827260455,4,
337,75,0.71390883990272,3.250000000000002,0.2973596988120719,1.0,0.0,11.0,3.9722222222222223,0,0.6944444444444444,1.3,0.5236111111111112,0.5000000000000002,0.08514106583072098,4,
338,32,0.7131952878982822,-0.12500000000000022,0.2970351388176403,1.0,0.0,4.0,1.5076923076923077,0,0.13846153846153847,1.2999999999999998,0.5738461538461539,0.6000000000000001,0.12965435606060596,4,
339,21,0.7124824490891918,-1.1750000000000003,0.2967280719254234,1.0,0.0,2.0,0.5,0,0.0,0.8000000000000002,0.3458333333333335,0.3500000000000002,0.05750759878419453,4,
340,15,0.7117703227626097,-0.9500000000000001,0.29632692247292547,1.0,0.0,1.0,0.4375,0,0.0,0.9,0.38333333333333347,0.40000000000000013,0.06766825879287884,4,
341,39,0.7110589082064097,0.6500000000000004,0.295549412282388,1.0,0.0,5.0,1.6555555555555554,0,0.0,1.1,0.40777777777777796,0.4000000000000002,0.06828126929250523,4,
342,27,0.7103482047091773,0.35,0.29501385603882396,1.0,0.0,3.0,0.9861111111111112,0,0.09722222222222222,1.1,0.37222222222222234,0.40000000000000013,0.07174223422728149,4,
343,27,0.7096382115602087,-0.37500000000000033,0.2945880997692907,1.0,0.0,3.0,0.95,0,0.0,1.1,0.3966666666666668,0.40000000000000013,0.07667685468185609,4,
344,15,0.7089289280495107,-1.425,0.29435578031597015,1.0,0.0,1.0,0.19047619047619047,0,0.0,0.7000000000000001,0.31666666666666676,0.30000000000000016,0.05475326148610323,4,
345,21,0.7082203534678,-0.3750000000000002,0.2939245152872599,2.0,0.0,2.0,0.6666666666666666,0,0.11666666666666667,1.0,0.3466666666666668,0.30000000000000027,0.06584051125312586,4,
346,33,0.7075124871065016,0.14999999999999974,0.2932667826505713,2.0,0.0,4.0,1.4487179487179487,0,0.47435897435897434,1.1,0.44743589743589757,0.5000000000000001,0.07942955778398812,4,
347,27,0.7068053282577494,-0.3500000000000003,0.2928248515970445,1.0,0.0,3.0,0.9696969696969697,0,0.0,1.0,0.38333333333333347,0.40000000000000013,0.07049598163030997,4,
348,21,0.7060988762143844,-0.4750000000000002,0.29240991083472,1.0,0.0,2.0,0.8166666666666667,0,0.0,0.9,0.3766666666666668,0.40000000000000013,0.05813837176993608,4,
349,21,0.7053931302699543,-0.8000000000000003,0.2921027955349338,1.0,0.0,2.0,0.6041666666666666,0,0.0,1.0,0.40833333333333344,0.40000000000000013,0.08038211029092487,4,
350,27,0.7046880897187134,-0.4750000000000002,0.29156931076354614,1.0,0.0,3.0,0.8939393939393939,0,0.0,0.8000000000000002,0.337878787878788,0.30000000000000027,0.05236509758897818,4,
351,45,0.703983753855621,1.7000000000000015,0.2910089040855315,2.0,0.0,6.0,2.138888888888889,0,0.1388888888888889,1.1000000000000003,0.45370370370370394,0.5000000000000001,0.07156649232615964,4,
352,15,0.7032801219763409,-1.125,0.29071882446257163,1.0,0.0,1.0,0.30952380952380953,0,0.0,1.1,0.38809523809523816,0.40000000000000013,0.09014747589336357,4,
353,21,0.7025771933772416,-1.0500000000000003,0.2903874098372695,1.0,0.0,2.0,0.5625,0,0.0,1.0,0.38333333333333347,0.40000000000000013,0.07267042987407728,4,
354,44,0.701874967355394,0.17500000000000104,0.2898941166932985,1.0,0.0,6.0,2.253012048192771,0,0.0963855421686747,1.3999999999999995,0.6192771084337347,0.6000000000000001,0.1389256678281067,4,
355,33,0.7011734432085724,-0.275,0.2893855873366725,1.0,0.0,4.0,1.3484848484848484,0,0.0,1.0,0.4469696969696971,0.5000000000000001,0.0776601607347876,4,
356,21,0.7004726202352524,-0.2500000000000001,0.28900794787497913,2.0,0.0,2.0,0.9090909090909091,0,0.12121212121212122,1.1,0.40151515151515166,0.40000000000000013,0.07077152698048218,4,
357,27,0.699772497734611,0.3249999999999994,0.2884693879903799,1.0,1.0,3.0,1.5542168674698795,0,1.3493975903614457,1.5,0.6048192771084338,0.6000000000000001,0.1349361207897793,4,
358,21,0.6990730750065257,-0.8750000000000002,0.2880461860203625,1.0,0.0,2.0,0.6851851851851852,0,0.0,1.0,0.40185185185185207,0.4000000000000002,0.0705763293310463,4,
359,39,0.6983743513515736,0.07500000000000068,0.2875396508529101,2.0,0.0,5.0,1.7638888888888888,0,0.0,1.2000000000000002,0.488888888888889,0.5000000000000001,0.0912830407100135,4,
360,27,0.697676326071031,-0.10000000000000053,0.2871078124706981,1.0,0.0,3.0,1.3076923076923077,0,0.0,1.2999999999999998,0.5461538461538461,0.5000000000000001,0.13297821969696966,4,
361,62,0.6969789984668727,0.9000000000000015,0.2865899906426568,1.0,0.0,9.0,3.4,0,0.07368421052631578,1.2999999999999998,0.5663157894736841,0.5999999999999998,0.11445700354609922,4,
362,68,0.696282367841771,2.5250000000000012,0.28582285411608077,2.0,0.0,10.0,3.9236641221374047,0,0.06870229007633588,1.7000000000000002,0.8091603053435106,0.8,0.21000466200466159,4,
363,21,0.6955864334990951,0.2749999999999997,0.2853678681933244,2.0,0.0,2.0,0.9861111111111112,0,0.2777777777777778,1.2,0.42222222222222233,0.4000000000000002,0.09202392436812654,4,
364,27,0.6948911947429106,0.2249999999999997,0.28490109790052504,1.0,0.0,3.0,1.3461538461538463,0,0.0,1.1,0.43205128205128224,0.4000000000000003,0.07295906625020547,4,
365,57,0.6941966508779789,1.600000000000001,0.2842894467638631,2.0,0.0,8.0,2.925925925925926,0,0.16666666666666666,1.1,0.525925925925926,0.5500000000000003,0.08859470119180311,4,
366,62,0.6935028012097558,1.025000000000002,0.2835802811419085,2.0,0.0,9.0,3.3465346534653464,0,0.594059405940594,1.2999999999999998,0.5594059405940595,0.5999999999999999,0.1042039215686274,4,
367,63,0.6928096450443917,1.6000000000000019,0.28291719999765746,2.0,0.0,9.0,3.240740740740741,0,0.6574074074074074,1.1000000000000005,0.5148148148148152,0.5000000000000006,0.08015776386864445,4,
368,21,0.6921171816887304,0.3499999999999997,0.28243539915320903,2.0,0.0,2.0,1.1153846153846154,0,0.11538461538461539,0.9,0.43205128205128224,0.45000000000000023,0.06680420844977805,4,
369,45,0.6914254104503085,0.5499999999999998,0.2818460460361058,1.0,0.0,6.0,1.9761904761904763,0,0.2619047619047619,1.1,0.41904761904761934,0.40000000000000047,0.07345712260807935,4,
370,21,0.6907343306373547,-0.42500000000000016,0.28152361806689646,1.0,0.0,2.0,0.8666666666666667,0,0.0,1.2,0.46666666666666673,0.5000000000000001,0.09624895804390105,4,
371,33,0.690043941558789,0.8000000000000004,0.2810425830435773,1.0,0.0,4.0,1.6626506024096386,0,0.12048192771084337,1.2999999999999998,0.5036144578313254,0.5000000000000001,0.10976190476190469,4,
372,80,0.6893542425242224,1.8250000000000042,0.28056657339182817,2.0,0.0,12.0,4.938053097345133,0,0.0,1.7999999999999985,0.7123893805309729,0.6999999999999981,0.20428728070175403,4,
373,44,0.6886652328439558,0.9500000000000011,0.28010212460842454,2.0,0.0,6.0,2.258426966292135,0,0.0,1.4,0.5202247191011237,0.5000000000000001,0.10544696969696964,4,
374,15,0.6879769118289795,-0.9750000000000001,0.2798433654437052,1.0,0.0,1.0,0.23809523809523808,0,0.0,0.8000000000000002,0.34523809523809534,0.3500000000000002,0.061559841179807145,4,
375,92,0.6872892787909722,2.3500000000000045,0.27908045732208686,1.0,0.0,14.0,5.88,0,0.0,1.899999999999999,0.7399999999999993,0.6999999999999984,0.21889400921658964,4,
376,21,0.686602333042301,-0.15000000000000036,0.27865420908635236,1.0,1.0,2.0,1.0151515151515151,0,0.0,1.1,0.4651515151515153,0.5000000000000001,0.08289552238805967,4,
377,21,0.6859160738960202,-0.050000000000000266,0.27817565396726507,1.0,0.0,2.0,1.0,0,0.2777777777777778,1.2,0.43055555555555575,0.40000000000000024,0.08158209531159556,4,
378,27,0.6852305006658703,0.5749999999999998,0.2777137216682728,2.0,0.0,3.0,1.2692307692307692,0,0.0,1.1,0.3858974358974361,0.40000000000000013,0.0676327469998356,4,
379,63,0.6845456126662782,2.2500000000000013,0.27713129921180496,2.0,0.0,9.0,3.1228070175438596,0,0.11403508771929824,1.2000000000000004,0.4640350877192986,0.5000000000000001,0.07336129280492497,4,
380,21,0.6838614092123558,-0.7250000000000002,0.2767697837026216,1.0,0.0,2.0,0.6666666666666666,0,0.0,0.9000000000000002,0.39074074074074094,0.4000000000000002,0.06382504288164666,4,
381,27,0.6831778896198997,-0.4500000000000003,0.27646654600643206,1.0,0.0,3.0,1.05,0,0.0,1.2,0.4566666666666667,0.5,0.09148096693525977,4,
382,33,0.6824950532053901,0.2249999999999997,0.27605416661999116,1.0,0.0,4.0,1.4761904761904763,0,0.23809523809523808,1.1,0.461904761904762,0.5000000000000001,0.09141885187810062,4,
383,116,0.6818128992859905,3.3249999999999993,0.274981906879691,2.0,0.0,18.0,7.751677852348993,0,0.0,1.5,0.7577181208053684,0.799999999999997,0.1754684684684681,4,
384,44,0.6811314271795471,1.0000000000000004,0.2746112555594252,2.0,0.0,6.0,2.3258426966292136,0,0.14606741573033707,1.5999999999999996,0.6415730337078649,0.6000000000000001,0.15323484848484836,4,
385,39,0.6804506362045877,0.39999999999999963,0.27407192047057644,2.0,0.0,5.0,1.9523809523809523,0,0.23809523809523808,1.4,0.4904761904761905,0.49999999999999994,0.11135364989369234,4,
386,27,0.679770525680321,0.12499999999999994,0.27377981674153146,1.0,0.0,3.0,0.8333333333333334,0,0.0,0.8000000000000002,0.32666666666666677,0.3000000000000002,0.05330369547096415,4,
387,27,0.6790910949266368,0.34999999999999964,0.27344114619574383,1.0,0.0,3.0,1.0,0,0.19696969696969696,0.7000000000000002,0.3469696969696972,0.3500000000000002,0.047956371986222726,4,
388,15,0.678412343264104,-0.9500000000000001,0.2731365149130064,1.0,1.0,1.0,0.4583333333333333,0,0.0,1.2,0.3958333333333334,0.4000000000000001,0.09544072948328264,4,
389,45,0.6777342700139711,0.8250000000000004,0.27261785350812034,2.0,0.0,6.0,2.0104166666666665,0,0.0,1.2,0.4416666666666669,0.40000000000000024,0.07681389039609329,4,
390,39,0.6770568744981647,-0.049999999999999156,0.27212657779877175,1.0,0.0,5.0,1.7638888888888888,0,0.0,1.2,0.488888888888889,0.5000000000000001,0.10128497009453985,4,
391,51,0.6763801560392891,1.1500000000000004,0.271601813862577,1.0,0.0,7.0,2.4166666666666665,0,0.0,1.1,0.38541666666666685,0.40000000000000013,0.07458708627238196,4,
392,39,0.675704113960626,0.4,0.27118498999404117,1.0,0.0,5.0,1.5256410256410255,0,0.0,0.7000000000000003,0.3551282051282053,0.40000000000000013,0.047353279631760635,4,
393,51,0.6750287475861332,2.0250000000000012,0.2705842880996977,1.0,0.0,7.0,2.525,0,0.7083333333333334,1.1,0.5133333333333334,0.5000000000000002,0.07832766164316965,4,
394,21,0.6743540562404442,-0.2750000000000002,0.2702662011838725,1.0,0.0,2.0,0.8333333333333334,0,0.0,0.9,0.3560606060606062,0.40000000000000013,0.05974971297359358,4,
395,38,0.6736800392488677,0.47499999999999976,0.2698384512990697,1.0,0.0,5.0,1.9390243902439024,0,0.2073170731707317,1.5,0.6048780487804878,0.5999999999999999,0.14975457385095933,4,
396,27,0.6730066959373864,-0.12500000000000022,0.26955929952768554,1.0,0.0,3.0,1.0166666666666666,0,0.0,1.1,0.4366666666666668,0.4500000000000002,0.07934426229508197,4,
397,39,0.6723340256326572,0.9000000000000006,0.26909463614909374,2.0,0.0,5.0,1.6666666666666667,0,0.0,1.0,0.3744444444444447,0.40000000000000013,0.06102111371774292,4,
398,27,0.6716620276620098,-0.0750000000000004,0.26877976219974636,1.0,0.0,3.0,0.9848484848484849,0,0.21212121212121213,1.2000000000000002,0.3924242424242427,0.40000000000000013,0.07980941446613087,4,
399,50,0.6709907013534459,0.17500000000000215,0.26842581731309056,1.0,0.0,7.0,3.051948051948052,0,0.0,2.0999999999999988,0.8038961038961031,0.6000000000000001,0.3742037786774625,4,
400,45,0.6703200460356393,1.3000000000000012,0.26787990771273346,1.0,0.0,6.0,2.0416666666666665,0,0.3854166666666667,1.1000000000000005,0.46041666666666686,0.5000000000000001,0.07990016277807921,4,
401,39,0.6696500610379346,1.4750000000000008,0.26747385529597734,2.0,0.0,5.0,2.1176470588235294,0,0.21568627450980393,1.3,0.4892156862745099,0.5000000000000001,0.0913630683456695,4,
402,15,0.6689807456903467,-1.2,0.2672349571185879,1.0,0.0,1.0,0.30952380952380953,0,0.0,1.1,0.38809523809523816,0.40000000000000013,0.09014747589336357,4,
403,51,0.6683120993235603,0.9750000000000003,0.26676610316993166,1.0,0.0,7.0,2.411111111111111,0,0.0,0.9,0.4211111111111114,0.40000000000000063,0.059895048771453255,4,
404,27,0.6676441212689289,-0.3500000000000002,0.26641313386238635,1.0,0.0,3.0,1.0333333333333334,0,0.0,1.0,0.4466666666666667,0.5000000000000001,0.08651292025562654,4,
405,39,0.6669768108584744,0.9000000000000008,0.2659165449673192,1.0,1.0,5.0,1.90625,0,0.5208333333333334,1.1,0.49166666666666686,0.5000000000000002,0.07889744981009221,4,
406,93,0.6663101674248864,3.725000000000003,0.2651239583638515,1.0,0.0,14.0,5.066666666666666,0,0.17333333333333334,1.4000000000000008,0.516666666666667,0.5000000000000004,0.09285968265256238,4,
407,45,0.6656441903015212,1.4000000000000004,0.2646954154037409,2.0,0.0,6.0,2.077777777777778,0,0.4111111111111111,0.8000000000000003,0.38111111111111134,0.40000000000000024,0.04798246697123101,4,
408,63,0.6649788788224019,1.800000000000002,0.2641437090920342,1.0,0.0,9.0,3.3865546218487395,0,0.10084033613445378,1.4,0.5579831932773109,0.5999999999999998,0.11303248587570615,4,
409,44,0.6643142323222168,0.9250000000000003,0.2636591453306697,1.0,0.0,6.0,2.2421052631578946,0,0.07368421052631578,1.7999999999999998,0.6105263157894736,0.5999999999999993,0.1723293439716311,4,
410,26,0.6636502501363194,0.09999999999999964,0.2632877508393598,1.0,0.0,3.0,1.267605633802817,0,0.5211267605633803,1.2999999999999998,0.5126760563380283,0.5000000000000001,0.10929761904761898,4,
411,39,0.6629869316007274,2.200000000000001,0.2627122324179314,2.0,0.0,5.0,2.2333333333333334,0,0.0,1.2000000000000002,0.4283333333333335,0.40000000000000024,0.07236891450795192,4,
412,27,0.6623242760521222,0.14999999999999947,0.26230678582892425,1.0,0.0,3.0,1.3194444444444444,0,0.0,1.0,0.42222222222222233,0.4000000000000003,0.0720200655990739,4,
413,32,0.6616622828278483,-0.6250000000000002,0.2620944582072889,1.0,0.0,4.0,1.4745762711864407,0,0.11864406779661017,1.6,0.5661016949152542,0.5999999999999998,0.16160919540229882,4,
414,20,0.6610009512659124,-0.7000000000000003,0.2618099038741489,1.0,0.0,2.0,0.8867924528301887,0,0.6037735849056604,1.4,0.5452830188679245,0.5000000000000001,0.15196581196581194,4,
415,21,0.6603402807049829,-0.325,0.26151756492805384,1.0,0.0,2.0,0.7166666666666667,0,0.0,0.8000000000000002,0.37666666666666687,0.40000000000000013,0.0601389274798555,4,
416,27,0.659680270484389,0.2000000000000003,0.2611455311503308,2.0,0.0,3.0,1.3888888888888888,0,0.2222222222222222,1.1,0.463888888888889,0.5000000000000001,0.08676828091838702,4,
417,33,0.6590209199441207,0.5749999999999997,0.2608259315952595,1.0,0.0,4.0,1.5238095238095237,0,0.16666666666666666,1.2000000000000002,0.4904761904761906,0.5000000000000001,0.102781006378455,4,
418,33,0.6583622284248272,0.65,0.26052945365297947,2.0,1.0,4.0,1.7261904761904763,0,0.0,1.2000000000000002,0.5261904761904763,0.5000000000000002,0.09647058823529409,4,
419,21,0.657704195267817,-0.5750000000000003,0.26017384414237243,1.0,0.0,2.0,1.0615384615384615,0,0.5076923076923077,1.2,0.5092307692307693,0.5000000000000001,0.11101799242424236,4,
420,57,0.6570468198150567,1.8750000000000013,0.2596731086365477,1.0,0.0,8.0,2.75,0,0.06481481481481481,1.2,0.48703703703703716,0.5000000000000001,0.0924324787790448,4,
421,110,0.6563901014091712,4.050000000000002,0.2588430513839403,1.0,0.0,17.0,6.680722891566265,0,0.15060240963855423,1.5999999999999992,0.7759036144578304,0.7999999999999978,0.13207475957176532,4,
422,62,0.6557340393934418,2.5500000000000016,0.258196886897262,2.0,0.0,9.0,3.633587786259542,0,0.6259541984732825,1.9,0.6854961832061065,0.6000000000000001,0.21163403263403244,4,
423,15,0.6550786331118063,-1.05,0.25797872220395496,1.0,0.0,1.0,0.4375,0,0.0,0.9,0.38333333333333347,0.40000000000000013,0.06766825879287884,4,
424,39,0.6544238819088586,1.1749999999999998,0.2575463317699298,1.0,0.0,5.0,2.0104166666666665,0,0.0,1.1,0.44166666666666693,0.45000000000000034,0.06931307650569724,4,
425,21,0.6537697851298473,0.2749999999999999,0.2572684302233289,2.0,0.0,2.0,0.8939393939393939,0,0.19696969696969696,1.1,0.4469696969696971,0.5000000000000001,0.08129735935706082,4,
426,51,0.6531163421206756,0.7750000000000004,0.2569010271187073,1.0,0.0,7.0,2.6666666666666665,0,0.1,1.6,0.5744444444444444,0.5999999999999999,0.13525250030868005,4,
427,15,0.6524635522279004,-1.35,0.25674384203026634,1.0,0.0,1.0,0.2857142857142857,0,0.0,1.0,0.3738095238095239,0.40000000000000013,0.0781678956324447,4,
428,15,0.651811414798732,-0.3500000000000001,0.25651591175998695,2.0,0.0,1.0,0.5370370370370371,0,0.25925925925925924,1.2,0.37962962962962976,0.35000000000000014,0.09017152658662089,4,
429,39,0.6511599291810325,1.1500000000000001,0.25614176656005705,1.0,0.0,5.0,1.96875,0,0.08333333333333333,1.2000000000000002,0.5291666666666668,0.5000000000000002,0.09686814975583286,4,
430,33,0.6505090947233165,1.9499999999999997,0.2556401282541798,1.0,0.0,4.0,2.06140350877193,0,0.40350877192982454,1.2000000000000002,0.5535087719298247,0.6000000000000001,0.08758214697960752,4,
431,21,0.6498589107747496,-0.0250000000000003,0.2553948720262769,1.0,0.0,2.0,0.9090909090909091,0,0.13636363636363635,0.9,0.4015151515151517,0.40000000000000024,0.058041331802525825,4,
432,21,0.6492093766851474,-0.7250000000000003,0.255086107136266,1.0,0.0,2.0,0.8333333333333334,0,0.0,0.9,0.38666666666666677,0.40000000000000013,0.06050569602667406,4,
433,81,0.6485604918049761,3.075000000000002,0.25454112936877715,1.0,0.0,12.0,4.404580152671755,0,0.7175572519083969,1.2999999999999998,0.5389312977099239,0.500000000000001,0.08055011655011653,4,
434,69,0.6479122554853506,3.3250000000000024,0.2537943895944613,1.0,0.0,10.0,3.814814814814815,0,0.35185185185185186,1.3,0.5858024691358025,0.6000000000000001,0.09677742636131537,4,
435,21,0.6472646670780347,-0.4500000000000002,0.253560956002454,1.0,0.0,2.0,0.6296296296296297,0,0.0,1.1,0.36851851851851863,0.3500000000000002,0.07848027444253859,4,
436,21,0.6466177259354396,-0.5250000000000002,0.25334891014183936,1.0,0.0,2.0,0.85,0,0.0,0.9,0.3966666666666668,0.4000000000000002,0.0626729647124201,4,
437,68,0.6459714314106245,1.975000000000002,0.252776464276008,1.0,0.0,10.0,3.8230088495575223,0,0.5398230088495575,1.4999999999999996,0.6699115044247785,0.7,0.13025532581453622,4,
438,93,0.6453257828572946,3.100000000000004,0.2522170714415086,1.0,0.0,14.0,5.076388888888889,0,0.0,1.0000000000000009,0.4861111111111117,0.5000000000000004,0.05717096696407039,4,
439,33,0.6446807796298013,-0.3500000000000003,0.25198315315019265,1.0,0.0,4.0,1.3636363636363635,0,0.10606060606060606,1.1,0.45606060606060617,0.5000000000000001,0.08945350172215842,4,
440,56,0.6440364210831414,1.2250000000000005,0.25148868111402883,1.0,0.0,8.0,3.3867924528301887,0,0.33962264150943394,1.9999999999999996,0.8415094339622635,0.7999999999999985,0.2458460169114374,4,
441,21,0.6433927065729562,-0.35000000000000026,0.2512629366077731,1.0,0.0,2.0,0.7333333333333333,0,0.0,0.9000000000000002,0.3866666666666669,0.40000000000000013,0.06450680744651292,4,
442,51,0.6427496354555312,3.1500000000000012,0.2506329278619489,1.0,0.0,7.0,3.0144927536231885,0,0.38405797101449274,1.2,0.48768115942029,0.5000000000000002,0.07485217665283828,4,
443,39,0.6421072070877952,0.5250000000000006,0.25023361292427937,1.0,0.0,5.0,1.9222222222222223,0,0.14444444444444443,1.2,0.48777777777777787,0.5000000000000001,0.10330781577972586,4,
444,27,0.6414654208273198,-0.27500000000000013,0.25001641302487976,3.0,0.0,3.0,0.9833333333333333,0,0.0,1.0,0.4166666666666668,0.4000000000000002,0.07240900250069462,4,
445,63,0.6408242760323187,1.4500000000000013,0.24961676455799894,1.0,0.0,9.0,3.0784313725490198,0,0.0,0.9000000000000005,0.3598039215686278,0.40000000000000013,0.05417379602037872,4,
446,69,0.6401837720616471,1.8250000000000008,0.24912149338141107,1.0,1.0,10.0,3.8317757009345796,0,0.07476635514018691,1.6,0.5644859813084113,0.5000000000000003,0.12286163522012572,4,
447,146,0.6395439082748009,4.824999999999994,0.248325995151305,2.0,0.0,23.0,9.778378378378378,0,0.03783783783783784,1.6999999999999984,0.7140540540540533,0.6999999999999997,0.14477968676951822,4,
448,26,0.6389046840319162,-0.5000000000000004,0.24814191157508902,1.0,0.0,3.0,1.1864406779661016,0,0.0,1.4999999999999996,0.5661016949152541,0.5000000000000001,0.15754022988505734,4,
449,92,0.6382660986937688,3.1250000000000036,0.2475535833796019,2.0,0.0,14.0,5.643356643356643,0,0.055944055944055944,1.799999999999999,0.8419580419580411,0.7999999999999966,0.24538438967136092,4,
450,69,0.6376281516217733,3.4250000000000025,0.24699730637120992,1.0,0.0,10.0,3.7449664429530203,0,0.6241610738255033,1.4,0.5281879194630874,0.5000000000000002,0.09451171171171166,4,
451,33,0.6369908421779825,0.44999999999999984,0.2467165199456238,1.0,0.0,4.0,1.2638888888888888,0,0.0,1.1,0.38888888888888906,0.40000000000000013,0.07072351919737603,4,
452,51,0.6363541697250871,1.7500000000000004,0.24623080954191112,2.0,0.0,7.0,2.9916666666666667,0,0.2833333333333333,1.2000000000000002,0.49333333333333346,0.5000000000000001,0.09846239322175149,4,
453,74,0.6357181336264143,1.6750000000000012,0.24582921256396925,2.0,0.0,11.0,4.867256637168142,0,0.3274336283185841,2.2999999999999985,0.9831858407079634,0.9,0.37700344611528785,4,
454,45,0.6350827332459281,1.7500000000000004,0.24540594756898876,1.0,1.0,6.0,2.280701754385965,0,0.0,1.2,0.4640350877192984,0.5,0.0838884186225471,4,
455,68,0.6344479679482282,3.6000000000000014,0.24480964961075577,2.0,0.0,10.0,3.9025974025974026,0,0.538961038961039,1.4,0.6415584415584414,0.6000000000000002,0.12009614168247937,4,
456,21,0.633813837098549,-0.32500000000000007,0.24455143060546475,2.0,0.0,2.0,0.7166666666666667,0,0.23333333333333334,0.8000000000000002,0.3766666666666668,0.40000000000000013,0.05613781606001667,4,
457,44,0.6331803400627598,1.9250000000000014,0.24416192362043904,2.0,0.0,6.0,2.584070796460177,0,0.0,1.4,0.6061946902654868,0.6000000000000001,0.10855419799498743,4,
458,39,0.6325474762073634,1.9000000000000006,0.24366113362993136,2.0,0.0,5.0,2.307017543859649,0,0.0,1.3,0.51140350877193,0.5000000000000002,0.08294651789149668,4,
459,21,0.6319152448994959,-0.2000000000000003,0.24338922083373582,2.0,0.0,2.0,1.0454545454545454,0,0.3181818181818182,1.3,0.48333333333333345,0.5000000000000001,0.10019977037887483,4,
460,38,0.631283645506926,1.0499999999999998,0.2430801278013033,1.0,0.0,5.0,2.126315789473684,0,0.07368421052631578,1.5,0.5347368421052632,0.5000000000000001,0.12270168439716304,4,
461,80,0.6306526773980542,1.2750000000000024,0.24269887723666922,2.0,0.0,12.0,4.962616822429907,0,0.06542056074766354,1.7000000000000002,0.6261682242990652,0.5999999999999994,0.16718029350104816,4,
462,15,0.6300223399419123,-0.8500000000000001,0.24251655339169131,1.0,0.0,1.0,0.2916666666666667,0,0.0,0.7000000000000001,0.29583333333333345,0.30000000000000016,0.05208858011289622,4,
463,57,0.6293926325081629,2.500000000000001,0.24199210953287265,2.0,0.0,8.0,2.992,0,0.488,1.6999999999999997,0.596,0.5999999999999993,0.145353302611367,4,
464,33,0.6287635544670984,1.9749999999999992,0.24157041023711084,1.0,0.0,4.0,1.956140350877193,0,0.3684210526315789,1.2,0.45877192982456155,0.5,0.07506040784917273,4,
465,63,0.6281351051896408,1.2250000000000016,0.24120183322026337,1.0,0.0,9.0,3.2916666666666665,0,0.0,1.0000000000000004,0.4604166666666669,0.5000000000000001,0.0673988062940857,4,
466,33,0.6275072840473407,1.25,0.24083094802061453,2.0,1.0,4.0,1.99009900990099,0,1.0297029702970297,1.5999999999999996,0.5712871287128712,0.5000000000000003,0.12998039215686266,4,
467,38,0.626880090412377,0.5000000000000008,0.24049172361382623,2.0,1.0,5.0,1.9036144578313252,0,0.43373493975903615,1.3999999999999995,0.5759036144578311,0.5999999999999991,0.13871660859465726,4,
468,39,0.6262535236575559,3.0250000000000012,0.24005685041424807,2.0,0.0,5.0,2.4393939393939394,0,0.24242424242424243,1.2,0.4848484848484851,0.5000000000000002,0.07219881765482405,4,
469,39,0.6256275831563107,0.1250000000000009,0.23983744521953854,1.0,0.0,5.0,1.8472222222222223,0,0.0,1.1,0.538888888888889,0.6000000000000001,0.09822882500482345,4,
470,51,0.6250022682827008,0.6500000000000015,0.23958852498158892,1.0,0.0,7.0,2.488095238095238,0,0.0,1.3000000000000003,0.46904761904761916,0.5000000000000001,0.09619844082211197,4,
471,39,0.6243775784114112,0.6499999999999997,0.23924676179254872,1.0,0.0,5.0,2.2,0,0.8210526315789474,1.6999999999999997,0.5726315789473684,0.5000000000000003,0.15147828014184386,4,
472,45,0.623753512917752,0.5000000000000008,0.23894247137322444,3.0,0.0,6.0,2.0238095238095237,0,0.08333333333333333,1.3000000000000003,0.4476190476190478,0.40000000000000024,0.1001275690999291,4,
473,50,0.6231300711776578,2.0750000000000024,0.23858160321622046,2.0,0.0,7.0,2.966386554621849,0,0.17647058823529413,1.7999999999999998,0.6537815126050419,0.6000000000000002,0.1421596045197739,4,
474,27,0.6225072525676867,1.3749999999999991,0.23828747511614495,1.0,0.0,3.0,1.8842105263157896,0,0.7157894736842105,1.2999999999999998,0.6421052631578946,0.7,0.1264516843971631,4,
475,128,0.62188505646502,4.975,0.23773698064707421,3.0,0.0,20.0,7.962162162162162,0,0.043243243243243246,1.9999999999999996,0.7627027027027017,0.6999999999999971,0.24223761103319255,4,
476,26,0.6212634822474616,-0.12500000000000017,0.2374896944215235,1.0,0.0,3.0,1.2461538461538462,0,0.12307692307692308,1.4,0.5184615384615384,0.5000000000000001,0.121841856060606,4,
477,27,0.6206425292934373,-0.20000000000000018,0.23723790372533549,1.0,0.0,3.0,1.0303030303030303,0,0.3333333333333333,1.2,0.41969696969696973,0.40000000000000013,0.08675315729047069,4,
478,33,0.6200221969819939,0.17499999999999996,0.23703919036866378,1.0,0.0,4.0,1.2638888888888888,0,0.20833333333333334,1.1,0.38888888888888906,0.40000000000000013,0.08739340150491992,4,
479,87,0.6194024846927992,4.2500000000000036,0.23646969503831472,2.0,0.0,13.0,4.580838323353293,0,0.10179640718562874,1.4000000000000001,0.5772455089820361,0.6000000000000001,0.09828815261044174,4,
480,21,0.6187833918061408,-0.5500000000000002,0.2362263701558116,1.0,0.0,2.0,0.7333333333333333,0,0.0,1.1,0.38666666666666677,0.40000000000000013,0.07450958599611002,4,
481,39,0.6181649177029258,1.2999999999999994,0.23591765958680277,1.0,0.0,5.0,2.156862745098039,0,0.0784313725490196,1.2000000000000002,0.5480392156862746,0.6000000000000001,0.09387772757858306,4,
482,21,0.61754706176468,-0.7000000000000001,0.23574613117991203,2.0,0.0,2.0,0.4583333333333333,0,0.0,0.7000000000000001,0.32083333333333347,0.3000000000000002,0.051671732522796346,4,
483,56,0.6169298233735474,1.0500000000000014,0.2354580240296045,1.0,0.0,8.0,3.1578947368421053,0,0.0,1.6999999999999988,0.7178947368421046,0.6999999999999993,0.20401817375886488,4,
484,32,0.6163132019122897,0.2249999999999996,0.23524707192815464,2.0,0.0,4.0,1.647887323943662,0,0.18309859154929578,1.6999999999999997,0.6478873239436618,0.5000000000000002,0.25155952380952357,4,
485,86,0.6156971967642851,2.7000000000000037,0.2348766796069824,1.0,0.0,13.0,4.9416058394160585,0,0.6715328467153284,1.4,0.6401459854014594,0.6000000000000002,0.11277387041773218,4,
486,56,0.6150818073135287,1.0250000000000017,0.23457242617121374,2.0,0.0,8.0,3.0736842105263156,0,0.0,1.4,0.6673684210526314,0.6999999999999993,0.15400487588652467,4,
487,92,0.6144670329446308,2.900000000000003,0.23413217830590646,2.0,0.0,14.0,5.542253521126761,0,0.5985915492957746,1.2999999999999998,0.6788732394366197,0.7,0.10716460844120412,4,
488,33,0.6138528730428171,1.2749999999999997,0.23384418099668464,2.0,0.0,4.0,1.7083333333333333,0,0.08333333333333333,1.2,0.4104166666666668,0.40000000000000024,0.07094085729788385,4,
489,45,0.6132393269939275,1.6500000000000008,0.23349134321812381,1.0,0.0,6.0,2.2941176470588234,0,0.0784313725490196,1.1,0.45392156862745126,0.5000000000000001,0.07053061616841295,4,
490,104,0.6126263941844161,3.450000000000003,0.23307137692608482,2.0,0.0,16.0,6.429530201342282,0,0.1342281879194631,1.6,0.6812080536912751,0.6999999999999998,0.11723603603603597,4,
491,75,0.6120140740013499,3.2250000000000045,0.2325982181955006,1.0,0.0,11.0,4.718120805369128,0,0.48322147651006714,1.2999999999999998,0.5885906040268457,0.6000000000000001,0.10356576576576564,4,
492,57,0.6114023658324087,1.6000000000000019,0.23223243730903842,2.0,0.0,8.0,2.715686274509804,0,0.4803921568627451,1.1000000000000008,0.424509803921569,0.40000000000000063,0.06813130827645876,4,
493,62,0.6107912690658842,2.2500000000000018,0.2318953476283425,2.0,0.0,9.0,3.2857142857142856,0,0.23214285714285715,1.5999999999999996,0.6276785714285712,0.5999999999999989,0.1763015227616996,4,
494,39,0.6101807830906798,1.2500000000000009,0.2316534743721954,1.0,0.0,5.0,2.3564356435643563,0,0.7128712871287128,1.2,0.5475247524752477,0.6000000000000001,0.09240392156862741,4,
495,57,0.6095709072963093,2.150000000000002,0.23129827783923224,2.0,0.0,8.0,3.16,0,0.264,1.2999999999999998,0.5912,0.6000000000000001,0.10784946236559137,4,
496,21,0.6089616410728969,0.17499999999999974,0.23110474908054982,2.0,1.0,2.0,1.0277777777777777,0,0.0,1.2,0.44722222222222235,0.40000000000000013,0.09528844298668722,4,
497,39,0.6083529838111763,0.07500000000000051,0.23090473295593433,1.0,0.0,5.0,1.7916666666666667,0,0.0,1.2999999999999998,0.5055555555555555,0.5000000000000001,0.10137758055180392,4,
498,98,0.6077449349024902,2.750000000000003,0.23056986465786955,1.0,0.0,15.0,6.091603053435114,0,0.11450381679389313,1.4999999999999998,0.5938931297709924,0.5999999999999995,0.13371095571095562,4,
499,33,0.6071374937387897,0.6499999999999996,0.23035792264460753,1.0,0.0,4.0,1.5119047619047619,0,0.38095238095238093,1.2000000000000002,0.48333333333333356,0.5000000000000001,0.07830474840538623,4,
500,68,0.6065306597126334,2.1000000000000014,0.23003419858218926,1.0,0.0,10.0,3.830508474576271,0,0.059322033898305086,1.4,0.6745762711864406,0.7,0.12139625080801549,4,
501,26,0.6059244322171875,-0.4500000000000003,0.229814137542375,1.0,0.0,3.0,1.1355932203389831,0,0.0,1.5999999999999996,0.5355932203389829,0.5000000000000001,0.1606436781609194,4,
502,27,0.6053188106462243,-0.22500000000000042,0.2295742371499702,1.0,0.0,3.0,1.0303030303030303,0,0.0,0.9,0.3651515151515153,0.40000000000000013,0.060466130884041326,4,
503,158,0.6047137943941221,5.524999999999994,0.22886029777557754,2.0,0.0,25.0,10.694581280788178,0,0.034482758620689655,1.799999999999998,0.8354679802955653,0.8,0.19283537177247076,4,
504,21,0.6041093828558647,-0.30000000000000004,0.22873088781247045,2.0,0.0,2.0,0.6481481481481481,0,0.0,1.0,0.37962962962962976,0.40000000000000013,0.06794168096054887,4,
505,38,0.6035055754270405,0.6999999999999997,0.2284769265634296,2.0,0.0,5.0,1.7272727272727273,0,0.09090909090909091,1.2999999999999998,0.5077922077922079,0.5000000000000001,0.11424426450742238,4,
506,39,0.6029023715038421,2.125,0.2281474509604869,2.0,1.0,5.0,2.0789473684210527,0,0.41228070175438597,1.2,0.5008771929824564,0.5000000000000001,0.09044478645632932,4,
507,15,0.6022997704830654,-0.925,0.22803646084599102,1.0,0.0,1.0,0.21428571428571427,0,0.0,0.7000000000000002,0.33095238095238105,0.3000000000000002,0.05693136698808847,4,
508,33,0.6016977717621094,-0.12500000000000022,0.22782084609422595,1.0,0.0,4.0,1.3194444444444444,0,0.0,1.1,0.42222222222222244,0.4000000000000003,0.07868801852209142,4,
509,50,0.6010963747389753,2.1000000000000005,0.22750429300899636,1.0,0.0,7.0,2.9152542372881354,0,0.8389830508474576,1.8999999999999995,0.7152542372881354,0.6999999999999991,0.21029088558500308,4,
510,51,0.6004955788122659,0.6000000000000008,0.2271961636908955,2.0,0.0,7.0,2.433333333333333,0,0.0,1.4000000000000001,0.4744444444444446,0.5000000000000001,0.10013705395727865,4,
511,21,0.5998953833811855,-0.4750000000000002,0.22702752641606416,1.0,0.0,2.0,0.7833333333333333,0,0.0,1.1,0.4166666666666668,0.40000000000000013,0.09441511530980827,4,
512,33,0.5992957878455384,-0.17500000000000027,0.2268459122087076,1.0,0.0,4.0,1.3636363636363635,0,0.0,1.2,0.45606060606060617,0.5,0.08763490241102179,4,
513,38,0.5986967916057292,1.4000000000000001,0.2265443308389787,1.0,0.0,5.0,2.455357142857143,0,0.9553571428571429,1.4,0.6383928571428571,0.6999999999999997,0.11558877461532324,4,
514,21,0.5980983940627613,-0.47500000000000014,0.22639529734146,1.0,0.0,2.0,0.6481481481481481,0,0.0,1.1,0.37962962962962976,0.40000000000000013,0.07683361921097769,4,
515,86,0.5975005946182375,2.250000000000003,0.2260089436092326,2.0,0.0,13.0,5.304,0,0.0,2.2999999999999994,0.7351999999999995,0.6000000000000002,0.27301843317972313,4,
516,27,0.596903392674358,-0.10000000000000026,0.2257935991463178,1.0,0.0,3.0,1.25,0,0.0,1.2,0.4805555555555557,0.5000000000000001,0.09602932664480028,4,
517,27,0.596306787633921,-0.4500000000000004,0.22563849152688134,2.0,0.0,3.0,1.1333333333333333,0,0.36666666666666664,1.3,0.5066666666666667,0.5000000000000001,0.10931925534870796,4,
518,33,0.5957107789003212,1.1250000000000004,0.2253871474462099,2.0,0.0,4.0,1.488888888888889,0,0.23333333333333334,1.0,0.4277777777777779,0.40000000000000024,0.06890356834177055,4,
519,104,0.5951153658775501,4.950000000000006,0.2248681963223407,2.0,0.0,16.0,6.152631578947369,0,0.8315789473684211,1.7999999999999998,0.7252631578947364,0.6999999999999994,0.15536607662262106,4,
520,164,0.5945205479701944,5.124999999999994,0.2243002093757486,2.0,0.0,26.0,11.94088669950739,0,0.12807881773399016,2.299999999999992,1.1605911330049221,1.299999999999991,0.3153018831294883,4,
521,98,0.5939263245834361,3.3250000000000046,0.22403445781463294,3.0,0.0,15.0,6.188811188811189,0,0.7552447552447552,1.7999999999999994,0.8461538461538447,0.8999999999999957,0.2332658450704219,4,
522,116,0.593332695123052,4.5249999999999995,0.22349678211323426,2.0,0.0,18.0,7.127167630057803,0,0.0,1.9999999999999987,0.7774566473988429,0.7000000000000001,0.22869018978882608,4,
523,146,0.5927396589954125,4.999999999999992,0.22308726325836103,2.0,0.0,23.0,10.07027027027027,0,0.0,2.0999999999999988,0.8891891891891865,0.8999999999999939,0.2454038101916779,4,
524,27,0.5921472156074813,0.2999999999999995,0.22288783501550866,1.0,0.0,3.0,1.375,0,0.0,1.1,0.4555555555555556,0.5000000000000001,0.08776384333397644,4,
525,21,0.5915553643668151,-0.3500000000000002,0.22276584965534246,1.0,0.0,2.0,0.5208333333333334,0,0.2708333333333333,0.9,0.3583333333333335,0.40000000000000013,0.06370820668693007,4,
526,56,0.5909641046815626,1.6999999999999997,0.22249060340438784,1.0,0.0,8.0,3.4107142857142856,0,0.0625,1.8999999999999995,0.8044642857142851,0.7000000000000001,0.24241010922426842,4,
527,45,0.5903734359604639,1.0749999999999997,0.22226916222247575,1.0,0.0,6.0,2.1444444444444444,0,0.15555555555555556,1.1,0.5011111111111112,0.5000000000000002,0.09145450055562412,4,
528,92,0.5897833576128504,3.625000000000003,0.22181694542123154,2.0,0.0,14.0,5.807228915662651,0,1.536144578313253,1.6999999999999997,0.6927710843373489,0.6999999999999993,0.14429032843404097,4,
529,80,0.5891938690486437,2.8250000000000024,0.22153572316755132,2.0,1.0,12.0,4.744,0,0.144,1.7999999999999998,0.6823999999999998,0.6999999999999994,0.14625960061443924,4,
530,57,0.5886049696783552,0.45000000000000107,0.22134082422866994,1.0,0.0,8.0,2.8452380952380953,0,0.0,1.0000000000000004,0.38333333333333364,0.40000000000000013,0.062111977321048915,4,
531,57,0.5880166589130854,2.5500000000000025,0.2210108885201859,2.0,0.0,8.0,3.2936507936507935,0,0.0,1.3000000000000003,0.5150793650793651,0.5000000000000001,0.09985826771653541,4,
532,86,0.5874289361645234,3.1750000000000034,0.2206631854847363,2.0,0.0,13.0,4.956204379562044,0,0.5401459854014599,1.4,0.5700729927007299,0.5999999999999998,0.10998614663256599,4,
533,200,0.5868418008449466,10.24999999999999,0.21989028550463605,2.0,0.0,33.0,13.11032028469751,0.6309523809523809,0.0,1.799999999999995,0.8672597864768657,0.8999999999999944,0.1615635764944268,3,
534,92,0.5862552523672196,3.0500000000000034,0.21954204794330232,1.0,0.0,14.0,5.503496503496503,0,0.7832167832167832,1.5999999999999992,0.7328671328671325,0.7000000000000001,0.14696889671361488,4,
535,21,0.5856692901447937,-0.10000000000000031,0.21938237004940053,1.0,0.0,2.0,1.121212121212121,0,0.0,1.2,0.5287878787878789,0.6000000000000001,0.10874167623421353,4,
536,57,0.5850839135917069,1.425000000000001,0.2192107744888835,1.0,0.0,8.0,2.625,0,0.0,0.8000000000000002,0.32291666666666685,0.30000000000000027,0.046354856212696686,4,
537,99,0.5844991221225824,3.0000000000000044,0.21892959675094478,1.0,0.0,15.0,5.855072463768116,0,0.0,1.2,0.5224637681159424,0.500000000000001,0.07797773460064067,4,
538,44,0.5839149151526287,2.5,0.2186232308682328,2.0,0.0,6.0,2.559322033898305,0,0.5932203389830508,1.2999999999999998,0.511864406779661,0.5,0.10495151906916608,4,
539,152,0.5833312920976388,5.849999999999994,0.21807490722189504,2.0,0.0,24.0,10.270935960591133,0,0.11822660098522167,2.2999999999999963,0.9684729064039388,0.8999999999999997,0.27625412541254035,4,
540,27,0.5827482523739896,1.0,0.2178615704935605,1.0,0.0,3.0,1.5104166666666667,0,0.22916666666666666,1.1,0.40416666666666684,0.40000000000000013,0.06728160607704824,4,
541,158,0.5821657953986414,6.474999999999993,0.21741334218281652,2.0,0.0,25.0,10.296650717703349,0,0.23923444976076555,1.8999999999999981,0.7440191387559802,0.7000000000000001,0.17940613553113524,4,
542,110,0.5815839205891371,3.075,0.2171001838044168,1.0,0.0,17.0,7.153846153846154,0,0.0,1.5999999999999992,0.6783216783216779,0.699999999999999,0.1249207746478872,4,
543,51,0.5810026273636019,2.000000000000001,0.21678719950334674,1.0,1.0,7.0,2.6554621848739495,0,0.8235294117647058,1.4,0.5428571428571429,0.5000000000000003,0.09741384180790955,4,
544,27,0.5804219151407424,0.6499999999999997,0.21657655461636546,1.0,0.0,3.0,1.119047619047619,0,0.0,0.8000000000000002,0.33333333333333354,0.30000000000000027,0.04937207654145995,4,
545,33,0.5798417833398464,1.3499999999999999,0.21637707041755921,1.0,0.0,4.0,1.8210526315789475,0,0.2736842105263158,1.4,0.4905263157894738,0.5000000000000001,0.09855274822695032,4,
546,21,0.579262231380782,-0.5,0.21624891177323236,1.0,0.0,2.0,0.6166666666666667,0,0.0,0.7000000000000002,0.3166666666666669,0.3000000000000002,0.04973603778827452,4,
547,117,0.5786832586839974,3.6249999999999973,0.21581813582814163,2.0,0.0,18.0,7.333333333333333,0,0.8397435897435898,1.3000000000000007,0.5717948717948721,0.6000000000000001,0.09638791863570992,4,
548,69,0.5781048646705196,2.0000000000000018,0.2155545950165087,2.0,0.0,10.0,3.736842105263158,0,0.0,1.1,0.5166666666666668,0.5000000000000002,0.08595690650250093,4,
549,32,0.5775270487619547,1.100000000000001,0.21531032251569748,2.0,1.0,4.0,1.9157894736842105,0,0.7894736842105263,1.8999999999999995,0.6294736842105262,0.5000000000000002,0.21578679078014165,4,
550,45,0.5769498103804866,1.775000000000001,0.21508435530611758,1.0,0.0,6.0,2.3981481481481484,0,1.1018518518518519,1.2,0.5425925925925927,0.6000000000000001,0.09078624710623336,4,
551,92,0.5763731489488771,4.775000000000005,0.2146685030684235,2.0,0.0,14.0,5.634831460674158,0,0.9101123595505618,1.8999999999999995,0.7471910112359545,0.7000000000000001,0.18845311365716613,4,
552,99,0.5757970638904645,7.000000000000003,0.21421057339924177,3.0,0.0,15.0,5.529411764705882,0,1.1131221719457014,1.4,0.5542986425339369,0.500000000000001,0.09117117117117116,4,
553,116,0.5752215546291638,3.8999999999999955,0.21381238177260836,2.0,0.0,18.0,7.3478260869565215,0,0.0,1.9999999999999982,0.7496894409937884,0.6999999999999971,0.23766435185185134,4,
554,92,0.5746466205894657,2.325000000000003,0.21355404347603368,1.0,0.0,14.0,5.816,0,0.064,1.4,0.7015999999999998,0.7000000000000001,0.11680491551459285,4,
555,51,0.574072261196436,2.2750000000000012,0.2133144946463939,1.0,0.0,7.0,3.596638655462185,0,0.7310924369747899,1.9,0.699159663865546,0.6000000000000003,0.20177824858757043,4,
556,116,0.5734984758757153,3.7000000000000006,0.21298019976910312,3.0,0.0,18.0,7.850931677018633,0,0.08074534161490683,2.7999999999999985,1.0515527950310541,0.8999999999999957,0.5041319444444436,4,
557,75,0.5729252640535184,4.150000000000004,0.21257602491744534,2.0,1.0,11.0,4.712574850299402,0,1.2634730538922156,1.5,0.5880239520958085,0.6,0.11087851405622486,4,
558,45,0.5723526251566332,1.2749999999999997,0.21235667163333175,1.0,0.0,6.0,2.4752475247524752,0,0.7722772277227723,2.1,0.6425742574257426,0.6000000000000001,0.22642745098039202,4,
559,45,0.5717805586124209,0.9750000000000013,0.21217388373824927,1.0,0.0,6.0,2.2842105263157895,0,1.0947368421052632,1.6999999999999997,0.5410526315789473,0.5,0.15885859929078003,4,
560,39,0.5712090638488149,0.049999999999999656,0.21202056254296386,1.0,0.0,5.0,1.794871794871795,0,0.1794871794871795,1.1,0.4705128205128207,0.5000000000000001,0.09363307578497451,4,
561,200,0.5706381402943203,9.274999999999983,0.21141014841863082,3.0,0.0,32.0,13.0,0,1.461818181818182,2.1999999999999975,0.9330909090909072,0.8999999999999995,0.22068972812863571,4,
562,92,0.5700677873780134,2.8250000000000033,0.21114114607094736,3.0,0.0,14.0,6.100840336134453,0,0.058823529411764705,1.5999999999999988,0.7546218487394948,0.7999999999999983,0.15543079096045176,4,
563,200,0.5694980045295416,9.224999999999989,0.21074480209533797,2.0,0.0,34.0,14.556485355648535,0.7083333333333334,0.0,2.399999999999995,1.0058577405857712,0.9999999999999966,0.2246558123249288,3,
564,68,0.5689287911791218,3.500000000000002,0.21042707857211118,2.0,0.0,10.0,4.330882352941177,0,0.8529411764705882,1.9,0.6713235294117643,0.5999999999999996,0.18514355231143545,4,
565,188,0.5683601467575404,10.149999999999991,0.20984726696810235,2.0,0.0,30.0,12.281967213114754,0,0.4918032786885246,2.299999999999995,0.8580327868852439,0.7999999999999966,0.2233559081527338,4,
566,45,0.5677920706961532,0.5500000000000003,0.20966298094618124,2.0,0.0,6.0,2.3452380952380953,0,0.15476190476190477,1.6,0.5976190476190476,0.6000000000000001,0.1504918497519489,4,
567,122,0.5672245624268841,6.800000000000006,0.20925236225259533,2.0,0.0,19.0,7.2687224669603525,0,0.5682819383259912,1.7999999999999998,0.6387665198237883,0.6000000000000001,0.12237618382238773,4,
568,116,0.5666576213822246,3.6749999999999985,0.20891875458554265,1.0,0.0,18.0,7.718120805369128,0,0.1342281879194631,1.699999999999997,0.7375838926174488,0.7000000000000001,0.21524144144144086,4,
569,32,0.5660912469952337,0.34999999999999964,0.20881357847630447,2.0,0.0,4.0,1.353846153846154,0,0.1076923076923077,1.2999999999999998,0.4815384615384615,0.4999999999999999,0.10337594696969693,4,
570,200,0.5655254386995371,8.524999999999988,0.20830088970690008,2.0,0.0,34.0,14.769874476987448,0.7083333333333334,0.0,2.6999999999999984,1.1338912133891177,1.099999999999993,0.329275560224089,3,
571,51,0.5649601959293262,1.4250000000000007,0.208107285143333,2.0,0.0,7.0,2.4215686274509802,0,0.7058823529411765,1.3000000000000003,0.45980392156862754,0.4000000000000002,0.10162933769105063,4,
572,56,0.5643955181193583,2.575000000000001,0.20784857999750667,2.0,0.0,8.0,2.975806451612903,0,0.2661290322580645,1.2999999999999998,0.639516129032258,0.6999999999999996,0.11401040650406498,4,
573,152,0.5638314047049556,5.699999999999996,0.20749696189413283,2.0,0.0,24.0,10.057416267942584,0,0.15789473684210525,1.9999999999999987,0.9593301435406671,0.9999999999999934,0.2289253663003657,4,
574,45,0.5632678551220046,0.9500000000000004,0.20733021495449844,2.0,0.0,6.0,2.2916666666666665,0,0.2708333333333333,1.6,0.5354166666666667,0.5000000000000001,0.12396744438415623,4,
575,176,0.5627048688069557,8.124999999999991,0.20691747235513153,2.0,1.0,28.0,11.23265306122449,0,0.07755102040816327,1.6999999999999984,0.7522448979591829,0.7000000000000003,0.1747427695588424,4,
576,39,0.5621424451968224,0.5499999999999997,0.20677047565527948,1.0,0.0,5.0,1.8076923076923077,0,0.1282051282051282,1.1,0.47820512820512845,0.5000000000000001,0.0755630445503863,4,
577,51,0.5615805837291813,0.7750000000000005,0.20660467794114531,1.0,0.0,7.0,2.369047619047619,0,0.6071428571428571,1.1,0.3976190476190478,0.40000000000000024,0.06952799433026222,4,
578,80,0.5610192838421706,2.225000000000003,0.2063193584222393,1.0,0.0,12.0,4.621848739495798,0,0.0,1.2999999999999998,0.6134453781512605,0.6000000000000001,0.10150706214689263,4,
579,21,0.5604585449744904,0.30000000000000054,0.2061923116042649,1.0,0.0,2.0,1.1538461538461537,0,0.38461538461538464,1.2,0.4551282051282053,0.5,0.08633404570113429,4,
580,128,0.559898366565402,5.274999999999997,0.20590389787271,2.0,0.0,20.0,7.886486486486486,0,0.10810810810810811,1.8999999999999995,0.717297297297297,0.7000000000000001,0.1511646797568956,4,
581,122,0.5593387480547268,4.9750000000000005,0.20559953460792374,2.0,0.0,19.0,7.597765363128492,0,0.07262569832402235,1.699999999999998,0.8033519553072611,0.8,0.17429588014981218,4,
582,27,0.5587796888828463,0.14999999999999986,0.20544535648672524,1.0,0.0,3.0,1.0833333333333333,0,0.0,1.0,0.3805555555555557,0.40000000000000013,0.06046691105537331,4,
583,140,0.5582211884907012,6.049999999999998,0.2051268327960427,2.0,0.0,22.0,8.633663366336634,0,0.1782178217821782,1.4999999999999996,0.697029702970297,0.7000000000000001,0.10524128127833733,4,
584,200,0.5576632463197913,8.974999999999985,0.2046163393371148,2.0,0.0,34.0,13.94820717131474,0.6578947368421053,0.06374501992031872,2.399999999999998,0.9745019920318702,0.8999999999999948,0.3166457142857133,3,
585,69,0.5571058618121739,3.925000000000003,0.20431193920153967,2.0,0.0,10.0,4.529032258064516,0,0.07741935483870968,1.4999999999999996,0.5948387096774195,0.5999999999999998,0.1303013653013651,4,
586,33,0.5565490344104649,0.35000000000000026,0.20417275732040596,1.0,0.0,4.0,1.4615384615384615,0,0.0,0.9,0.3628205128205131,0.40000000000000013,0.05260069044879171,4,
587,38,0.5559927635578367,0.34999999999999987,0.20402590576451515,1.0,0.0,5.0,1.9610389610389611,0,0.19480519480519481,1.5999999999999996,0.6480519480519477,0.6000000000000001,0.1936977058029687,4,
588,75,0.5554370486980182,2.725000000000003,0.20381760336657057,1.0,0.0,11.0,3.8484848484848486,0,0.18181818181818182,1.4,0.5121212121212122,0.5000000000000001,0.0977374734546289,4,
589,98,0.5548818892752949,3.7500000000000027,0.2035141795555629,2.0,0.0,15.0,5.51875,0,0.15625,1.4,0.638125,0.6000000000000004,0.100487909683972,4,
590,21,0.5543272847345071,0.2749999999999998,0.20340750524362478,2.0,0.0,2.0,1.2361111111111112,0,0.19444444444444445,1.2,0.5222222222222224,0.55,0.09758055180397451,4,
591,33,0.5537732345210501,1.6999999999999997,0.2032012731572352,2.0,0.0,4.0,1.97196261682243,0,0.07476635514018691,1.5,0.4971962616822431,0.5000000000000001,0.11131027253668759,4,
592,188,0.5532197380808739,6.599999999999985,0.20276702713647465,2.0,0.0,30.0,13.625550660792952,0,0.8634361233480177,2.0999999999999934,1.024669603524225,1.0999999999999943,0.283978419500077,4,
593,21,0.5526667948604818,-0.05000000000000043,0.20265444527813764,1.0,0.0,2.0,1.0694444444444444,0,0.2638888888888889,1.1,0.4722222222222224,0.5000000000000001,0.08563380281690139,4,
594,128,0.5521144043069306,4.374999999999995,0.20238058856895025,2.0,0.0,20.0,8.937888198757763,0,0.0,1.9999999999999978,0.906211180124222,0.8000000000000003,0.29450694444444386,4,
595,45,0.5515625658678298,1.1750000000000007,0.20218335922004166,1.0,0.0,6.0,2.0392156862745097,0,0.0,0.9000000000000005,0.4421568627450983,0.5000000000000001,0.06460155724310294,4,
596,93,0.5510112789913407,4.900000000000002,0.2018930910231324,2.0,0.0,14.0,4.839080459770115,0,0.04597701149425287,1.3000000000000003,0.5212643678160922,0.5000000000000002,0.0793780346820809,4,
597,200,0.5504605431261766,9.699999999999985,0.20142695450509235,2.0,0.0,34.0,13.431226765799256,0.6280487804878049,0.16356877323420074,2.2999999999999963,1.0219330855018547,0.999999999999999,0.26424378109452634,3,
598,98,0.5499103577216016,4.275000000000004,0.20114026361977025,1.0,0.0,15.0,5.759036144578313,0,0.8072289156626506,1.6999999999999997,0.7614457831325286,0.7000000000000002,0.17960442750861894,4,
599,86,0.54936072222743,3.350000000000004,0.20089593814807874,2.0,0.0,13.0,5.426573426573427,0,0.36363636363636365,2.3999999999999972,0.934265734265733,0.7999999999999999,0.40702758215962326,4,
600,158,0.5488116360940264,5.6499999999999915,0.20054830392485007,3.0,0.0,25.0,11.279187817258883,0,0.0,2.099999999999999,1.0482233502538048,1.0000000000000004,0.3183426097711801,4,
601,38,0.5482630987723047,1.2750000000000004,0.20037360656523534,1.0,1.0,5.0,1.9578947368421054,0,0.968421052631579,1.2999999999999998,0.5473684210526317,0.6000000000000001,0.10018838652482266,4,
602,50,0.5477151097137275,0.400000000000001,0.200250856093774,1.0,0.0,7.0,2.987012987012987,0,0.09090909090909091,1.5999999999999992,0.7649350649350642,0.7000000000000001,0.22647098515519534,4,
603,86,0.5471676683703055,5.375000000000001,0.19992395423222606,1.0,1.0,13.0,4.70391061452514,0,1.458100558659218,1.4,0.6156424581005588,0.6000000000000003,0.09137827715355804,4,
604,27,0.5466207741945976,1.0000000000000002,0.1997719681497574,2.0,0.0,3.0,1.380952380952381,0,0.2261904761904762,1.1,0.44761904761904775,0.4500000000000002,0.08155350815024803,4,
605,200,0.5460744266397094,8.749999999999982,0.19921229399849555,2.0,0.0,33.0,14.522448979591836,0.6944444444444444,0.8204081632653061,2.5999999999999983,1.1489795918367314,1.1999999999999926,0.3084632813541231,3,
606,200,0.5455286251592933,9.69999999999999,0.19870216616997746,2.0,0.0,33.0,13.285714285714286,0.6309523809523809,0.2357142857142857,2.199999999999998,0.9646428571428544,0.9999999999999939,0.24914590747330906,3,
607,110,0.544983369207548,2.9000000000000066,0.19849634016272916,1.0,0.0,17.0,8.335766423357665,0,0.051094890510948905,2.5999999999999988,1.248905109489048,1.3999999999999955,0.6156702898550723,4,
608,182,0.5444386582392171,6.524999999999989,0.19812679858779256,2.0,1.0,29.0,13.013215859030836,0,0.03524229074889868,2.099999999999994,1.0669603524229043,1.0999999999999988,0.2568428815401322,4,
609,200,0.5438944917095899,9.424999999999983,0.1977595338770177,2.0,0.0,34.0,14.565573770491802,0.7094594594594594,0.05737704918032787,2.3999999999999955,1.1217213114754063,1.1999999999999909,0.2501471403376149,3,
610,92,0.5433508690744998,2.6750000000000025,0.1975621467906937,1.0,0.0,14.0,5.450381679389313,0,0.05343511450381679,1.2999999999999998,0.561832061068702,0.5999999999999993,0.10206060606060598,4,
611,200,0.542807789790324,9.199999999999987,0.19720121146661718,1.0,1.0,35.0,14.459016393442623,0.7105263157894737,0.03278688524590164,2.1999999999999917,1.057786885245899,1.0999999999999945,0.22129554043839555,3,
612,200,0.5422652533139832,10.799999999999983,0.19677616488310784,2.0,0.0,36.0,13.757462686567164,0.5909090909090909,1.6343283582089552,2.999999999999995,1.251865671641789,1.1,0.599743675424303,3,
613,200,0.541723259102941,9.87499999999999,0.19625939779623663,2.0,0.0,33.0,13.16058394160584,0.6036585365853658,0.17518248175182483,1.9999999999999982,0.9627737226277349,0.9999999999999951,0.1600761904761899,3,
614,200,0.5411818066152029,9.099999999999987,0.1959243141496445,2.0,0.0,32.0,13.696498054474707,0,0.0,2.4999999999999964,0.9715953307392979,0.8000000000000005,0.3728564074612384,4,
615,200,0.5406408953093166,9.624999999999984,0.19541713756819884,2.0,0.0,34.0,14.859922178988327,0.6602564102564102,0.8210116731517509,3.299999999999991,1.6416342412451315,1.799999999999987,0.7062539365310021,3,
616,92,0.5401005246443706,3.1500000000000044,0.1952116170686947,2.0,0.0,14.0,6.229007633587786,0,0.7480916030534351,2.1999999999999966,1.0564885496183185,1.1,0.3284312354312344,4,
617,200,0.5395606940799943,10.64999999999998,0.19487873050753615,2.0,0.0,35.0,13.468401486988848,0.6547619047619048,0.6319702602230484,1.9999999999999902,0.9639405204460934,0.9999999999999992,0.2241674958540612,3,
618,80,0.539021403076357,2.700000000000003,0.19466279046217427,2.0,0.0,12.0,4.816793893129771,0,0.6335877862595419,1.9999999999999982,0.8045801526717549,0.7999999999999993,0.20640326340326295,4,
619,62,0.5384826510941678,1.9000000000000012,0.1945118783134796,2.0,1.0,9.0,3.1682242990654204,0,1.3831775700934579,1.2999999999999998,0.542056074766355,0.5000000000000001,0.1129140461215932,4,
620,45,0.5379444375946745,2.1500000000000004,0.19434102100743683,1.0,1.0,6.0,2.263157894736842,0,0.12280701754385964,1.2,0.4535087719298248,0.5,0.06722970373220466,4,
621,122,0.5374067620396636,4.3500000000000005,0.19405971969180608,2.0,0.0,19.0,7.748502994011976,0,0.04790419161676647,1.7000000000000002,0.7209580838323344,0.7000000000000001,0.15028471026964974,4,
622,51,0.5368696238914595,0.6750000000000007,0.19393496251798625,1.0,0.0,7.0,2.369047619047619,0,0.0,0.9,0.3976190476190479,0.40000000000000036,0.05524025513819986,4,
623,200,0.5363330226129241,8.624999999999982,0.19361084864322659,3.0,0.0,34.0,15.02510460251046,0.7222222222222222,0.100418410041841,2.3999999999999946,1.2719665271966474,1.299999999999998,0.290809173669466,3,
624,33,0.535796957667456,1.1249999999999996,0.19347498488562817,1.0,0.0,4.0,2.0208333333333335,0,0.40625,1.3000000000000003,0.5604166666666668,0.6000000000000001,0.11532067281606075,4,
625,33,0.5352614285189903,1.8249999999999995,0.19328206627186278,1.0,0.0,4.0,2.0098039215686274,0,0.0,1.2,0.49509803921568646,0.5000000000000002,0.08439584735172541,4,
626,200,0.5347264346319975,10.574999999999987,0.1927970959074259,3.0,0.0,35.0,13.468401486988848,0.6190476190476191,0.0,2.799999999999998,1.0710037174721174,0.8999999999999997,0.47916583747926844,3,
627,68,0.5341919754714841,4.350000000000002,0.1925940692551692,2.0,0.0,10.0,3.7639751552795033,0,0.0,1.5999999999999996,0.5819875776397516,0.5999999999999993,0.12036342592592585,4,
628,80,0.5336580505029906,2.8000000000000034,0.1923820410594447,2.0,0.0,12.0,4.75,0,0.5808823529411765,2.0999999999999988,0.7595588235294113,0.6999999999999987,0.25212814274128104,4,
629,32,0.5331246591925921,0.6999999999999997,0.19225796427586583,2.0,0.0,4.0,1.5064935064935066,0,0.2077922077922078,1.2,0.5077922077922078,0.5000000000000001,0.0970985155195681,4,
630,176,0.5325918010068972,6.874999999999986,0.19190926389810048,2.0,0.0,28.0,12.150862068965518,0,0.7974137931034483,2.2999999999999963,1.1073275862068928,1.0999999999999996,0.30947791836203764,4,
631,39,0.5320594754130477,0.9750000000000006,0.19177852280492375,1.0,0.0,5.0,1.711111111111111,0,0.0,1.1,0.44111111111111134,0.45000000000000023,0.06798493641190267,4,
632,74,0.5315276818787179,4.450000000000003,0.19150203373464342,2.0,0.0,11.0,4.5843373493975905,0,1.0783132530120483,1.5999999999999988,0.6638554216867466,0.6000000000000001,0.14809653420431848,4,
633,170,0.5309964198721143,6.424999999999993,0.19125277765969867,2.0,0.0,27.0,11.972093023255814,0,0.7953488372093023,2.3999999999999986,1.039999999999997,1.0999999999999917,0.29487149532710166,4,
634,27,0.5304656888619749,0.375,0.19116528137014815,1.0,0.0,3.0,1.1363636363636365,0,0.2878787878787879,1.1,0.42878787878787894,0.4000000000000003,0.06994489092996554,4,
635,39,0.5299354883175685,1.7750000000000004,0.19100946592741708,1.0,0.0,5.0,2.2037037037037037,0,0.3148148148148148,1.3,0.4925925925925928,0.5000000000000001,0.09365686358569832,4,
636,63,0.5294058177086945,2.6750000000000025,0.19079854384234946,2.0,1.0,9.0,4.394160583941606,0,1.1532846715328466,1.9999999999999991,0.736496350364963,0.6999999999999985,0.22276747655583962,4,
637,75,0.5288766765056825,3.0500000000000034,0.19061466246724804,1.0,0.0,11.0,4.094890510948905,0,0.5693430656934306,1.7999999999999994,0.6182481751824819,0.6000000000000001,0.14909100596760425,4,
638,200,0.528348064179391,10.349999999999994,0.1902022595569393,2.0,1.0,35.0,13.636986301369863,0.5978260869565217,1.3904109589041096,2.499999999999992,1.348287671232872,1.3999999999999975,0.37859739863715597,3,
639,200,0.5278199802012077,9.07499999999998,0.18981336551944455,2.0,0.0,35.0,15.96234309623431,0.722972972972973,0.0,3.5999999999999908,1.8343096234309573,1.999999999999996,0.765781862745093,3,
640,39,0.5272924240430485,1.4749999999999996,0.18968515133784972,1.0,0.0,5.0,1.8020833333333333,0,0.14583333333333334,1.1,0.4666666666666668,0.5000000000000001,0.07660553445469341,4,
641,140,0.5267653951773574,4.649999999999992,0.18944637250240343,3.0,0.0,22.0,10.022346368715084,0,0.9273743016759777,2.8999999999999955,1.141899441340779,1.0999999999999992,0.4227827715355796,4,
642,200,0.5262388930771054,8.349999999999982,0.18912668578099917,2.0,0.0,34.0,15.54625550660793,0.75,0.0,2.3999999999999972,1.2149779735682773,1.2999999999999887,0.2568731563421807,3,
643,200,0.5257129172157903,8.574999999999985,0.18887052434009435,2.0,0.0,32.0,14.332,0,0.0,2.299999999999998,1.1127999999999962,1.1999999999999904,0.32632138114209724,4,
644,200,0.5251874670674361,11.874999999999986,0.1885211107869678,2.0,0.0,37.0,13.210714285714285,0.5797872340425532,0.8035714285714286,3.3999999999999946,1.1060714285714277,0.8000000000000003,0.6450070791719258,3,
645,200,0.5246625421065929,10.39999999999998,0.18822812050923293,3.0,0.0,36.0,14.889795918367346,0.6987179487179487,0.0,3.099999999999991,1.369387755102038,1.4999999999999947,0.7599326935892257,3,
646,74,0.5241381418083354,2.0000000000000013,0.18810363374622724,1.0,0.0,11.0,4.212389380530974,0,0.168141592920354,1.7999999999999998,0.5902654867256634,0.5000000000000002,0.16159931077694223,4,
647,200,0.5236142656482635,10.89999999999999,0.18774488263238975,2.0,0.0,35.0,13.436363636363636,0.6104651162790697,0.11636363636363636,2.299999999999995,1.142545454545451,1.1,0.3702311435523078,3,
648,170,0.5230909131025008,6.974999999999991,0.1874728385356534,2.0,0.0,27.0,11.682819383259911,0,0.0,2.4999999999999987,1.0881057268722434,1.099999999999997,0.3555922993324004,4,
649,51,0.5225680836476948,0.7000000000000008,0.18737050020038862,1.0,0.0,7.0,2.5,0,0.0,1.3000000000000003,0.4761904761904764,0.5000000000000001,0.1023047484053863,4,
650,98,0.522045776761016,4.750000000000004,0.18712333320332983,2.0,0.0,15.0,5.426966292134831,0,0.25842696629213485,1.9,0.6528089887640447,0.6000000000000001,0.16755357762838113,4,
651,99,0.5215239919201575,5.1750000000000025,0.18684277578723113,2.0,0.0,15.0,5.279569892473118,0,0.2849462365591398,1.4,0.5618279569892474,0.6000000000000001,0.08773897962133252,4,
652,33,0.5210027286033344,1.0249999999999995,0.18673380340481838,1.0,0.0,4.0,1.6145833333333333,0,0.2916666666666667,1.1,0.42916666666666686,0.40000000000000024,0.06519804666304935,4,
653,33,0.5204819862892832,1.1,0.18662391470054618,1.0,0.0,4.0,1.488888888888889,0,0.28888888888888886,1.1,0.4277777777777779,0.40000000000000024,0.07690455611803926,4,
654,200,0.5199617644572618,11.299999999999994,0.18632478124736174,2.0,0.0,35.0,12.95017793594306,0.6022727272727273,0.15302491103202848,2.199999999999994,0.9249110320284686,0.8000000000000007,0.225645643363727,3,
655,51,0.5194420625870482,2.175000000000001,0.18618529815646237,2.0,0.0,7.0,3.1946902654867255,0,0.061946902654867256,1.5,0.5902654867256638,0.6000000000000001,0.11062186716791972,4,
656,51,0.5189228801589404,1.1750000000000007,0.18606892553903814,1.0,0.0,7.0,2.2708333333333335,0,0.0,0.9000000000000005,0.41041666666666693,0.4000000000000003,0.05968963646228975,4,
657,74,0.5184042166537559,1.8750000000000033,0.1859403169758473,1.0,0.0,11.0,4.548672566371682,0,0.0,1.8999999999999995,0.8238938053097336,0.7999999999999997,0.2485635964912277,4,
658,33,0.5178860715528314,-0.4,0.1858486391326995,1.0,0.0,4.0,1.1666666666666667,0,0.0,1.0,0.337878787878788,0.30000000000000016,0.06327669345579792,4,
659,57,0.5173684443380216,4.575000000000003,0.18563967934460035,2.0,0.0,8.0,3.653179190751445,0,0.5780346820809249,1.4,0.5658959537572256,0.6000000000000001,0.08699010959636458,4,
660,62,0.5168513344916992,3.4750000000000036,0.1854912399078116,1.0,0.0,9.0,4.1824324324324325,0,0.5472972972972973,1.8999999999999995,0.7506756756756753,0.6999999999999993,0.20737387572478647,4,
661,68,0.5163347414967544,2.5500000000000016,0.18535325125339888,1.0,0.0,10.0,4.016129032258065,0,0.12096774193548387,1.5999999999999988,0.7604838709677415,0.7999999999999988,0.1430445528455283,4,
662,44,0.5158186648365941,2.250000000000001,0.1852202258390169,1.0,0.0,6.0,2.9745762711864407,0,0.5423728813559322,1.4,0.7050847457627116,0.7000000000000001,0.13828916181857348,4,
663,80,0.5153031039951417,3.150000000000003,0.18508219432977355,2.0,0.0,12.0,4.255474452554744,0,0.0,1.2999999999999998,0.5656934306569344,0.5999999999999998,0.10882885763000845,4,
664,200,0.5147880584568362,12.87499999999999,0.18469726657394564,2.0,0.0,35.0,11.945121951219512,0.47115384615384615,0.9878048780487805,1.9999999999999982,0.8929878048780474,0.8,0.2497397358318679,3,
665,50,0.5142735277066319,1.9749999999999996,0.1845750937828903,1.0,0.0,7.0,2.495575221238938,0,0.12389380530973451,1.7000000000000002,0.5584070796460177,0.5000000000000001,0.14828164160400994,4,
666,98,0.5137595112299983,3.350000000000004,0.18437121787579713,1.0,0.0,15.0,5.951048951048951,0,0.0,1.5999999999999988,0.6531468531468528,0.6000000000000001,0.1550850938967134,4,
667,158,0.5132460085129188,6.974999999999992,0.18414421454452062,1.0,0.0,25.0,10.619909502262443,0,0.03619909502262444,1.999999999999996,1.0619909502262412,1.0999999999999996,0.2756650286650271,4,
668,57,0.5127330190418905,2.6750000000000025,0.18400172267647658,1.0,0.0,8.0,3.6106870229007635,0,0.0,1.4999999999999996,0.6076335877862594,0.6000000000000001,0.11811655011655008,4,
669,39,0.512220542303924,0.17500000000000004,0.18392645580264746,2.0,0.0,5.0,1.6111111111111112,0,0.0,1.1,0.39722222222222237,0.40000000000000013,0.07250627049971059,4,
670,86,0.5117085777865424,2.3250000000000037,0.18374769270094496,2.0,0.0,13.0,5.605839416058394,0,1.5985401459854014,3.0999999999999988,0.959854014598539,0.7000000000000001,0.6059388320545609,4,
671,93,0.5111971249777814,6.749999999999998,0.18348897468664185,2.0,0.0,14.0,6.539823008849558,0,0.9778761061946902,1.9,0.6893805309734512,0.6000000000000003,0.19714772393538885,4,
672,200,0.5106861833661879,9.549999999999986,0.1832246019269812,2.0,0.0,35.0,14.669322709163346,0.6602564102564102,0.027888446215139442,2.699999999999992,1.4071713147410307,1.4999999999999991,0.44840190476190045,3,
673,56,0.5101757524408203,1.4500000000000002,0.18311216524305596,1.0,0.0,8.0,3.1160714285714284,0,0.9017857142857143,1.5,0.6866071428571425,0.6999999999999997,0.1277772462728214,4,
674,200,0.5096658316912476,10.599999999999994,0.18273784721299074,3.0,0.0,35.0,13.345890410958905,0.5978260869565217,1.8116438356164384,2.2999999999999963,1.1736301369862971,1.1999999999999973,0.2655063743945177,3,
675,51,0.5091564206075492,2.325000000000001,0.18258966365320817,1.0,0.0,7.0,3.007936507936508,0,0.0,1.1000000000000005,0.5150793650793654,0.5000000000000004,0.07509480314960627,4,
676,92,0.5086475186803137,6.650000000000004,0.18234837683228344,2.0,0.0,14.0,5.195348837209302,0,0.6,1.5,0.6381395348837209,0.6000000000000004,0.10636163032191054,4,
677,74,0.5081391254006393,2.7000000000000037,0.18217264312000986,2.0,0.0,11.0,3.931297709923664,0,0.16030534351145037,1.4,0.5709923664122136,0.5999999999999993,0.11550116550116538,4,
678,200,0.5076312402601327,9.59999999999998,0.1818756079440068,2.0,0.0,36.0,15.16734693877551,0.6730769230769231,0.0,3.199999999999989,1.5506122448979553,1.6999999999999922,0.6578575236571992,3,
679,164,0.5071238627509086,7.799999999999988,0.18163818816560556,2.0,0.0,26.0,10.92050209205021,0,0.20502092050209206,3.2999999999999954,1.2192468619246832,1.0,0.7018175770308102,4,
680,44,0.5066169923655895,1.825000000000001,0.181520645992661,1.0,0.0,6.0,2.277227722772277,0,0.0,1.2999999999999998,0.5415841584158416,0.5000000000000003,0.10481568627450975,4,
681,200,0.5061106285973052,8.999999999999988,0.1813077382810863,2.0,0.0,35.0,14.665236051502147,0.7361111111111112,0.0,1.9999999999999982,0.8836909871244616,0.899999999999997,0.19604664014146714,3,
682,200,0.5056047709396915,9.099999999999985,0.18106571082377138,2.0,0.0,36.0,15.549356223175966,0.7364864864864865,0.0,3.199999999999997,1.4141630901287527,1.2000000000000006,0.7812301061007911,3,
683,38,0.5050994188868908,0.6749999999999997,0.18097446944930148,2.0,0.0,5.0,2.125,0,0.09090909090909091,1.5999999999999996,0.6829545454545454,0.6999999999999995,0.1702996254681647,4,
684,200,0.5045945719335512,10.099999999999984,0.18070248817273843,2.0,0.0,36.0,14.65625,0.6524390243902439,0.1640625,2.999999999999994,1.5121093749999948,1.5999999999999943,0.5013063248645718,3,
685,92,0.5040902295748255,4.825000000000005,0.18045926349255506,1.0,0.0,14.0,5.6104651162790695,0,0.0,1.799999999999998,0.7994186046511618,0.7999999999999984,0.20239022411520086,4,
686,200,0.5035863913063714,12.17499999999999,0.18010843809771512,2.0,0.0,35.0,12.730263157894736,0.5729166666666666,0.0,2.399999999999998,0.9398026315789462,0.8000000000000002,0.30410983065519526,3,
687,200,0.5030830566243506,12.774999999999991,0.1797112029949539,2.0,1.0,34.0,12.075987841945288,0.4950980392156863,0.6595744680851063,2.3999999999999986,0.895744680851062,0.8,0.2288593865484099,3,
688,69,0.5025802250254283,5.7500000000000036,0.17949692951034976,1.0,0.0,10.0,4.631578947368421,0,0.5550239234449761,1.6999999999999993,0.6263157894736843,0.6000000000000003,0.1139033882783881,4,
689,200,0.502077896006773,10.449999999999985,0.1792768319163891,2.0,0.0,37.0,15.390438247011952,0.6890243902439024,0.027888446215139442,3.599999999999992,1.8111553784860508,1.799999999999999,0.9100095238095162,3,
690,200,0.5015760690660555,12.424999999999983,0.178983080754459,2.0,0.0,37.0,13.521739130434783,0.5561224489795918,0.07023411371237458,3.4999999999999964,1.5444816053511674,1.6999999999999917,1.034521252796415,3,
691,45,0.5010747437014489,2.2500000000000004,0.1788581549533181,2.0,0.0,6.0,2.831932773109244,0,0.7394957983193278,1.9999999999999996,0.6537815126050418,0.6000000000000001,0.20871892655367205,4,
692,200,0.5005739194116277,9.199999999999989,0.17856594724231942,2.0,0.0,33.0,13.94140625,0.6710526315789473,0.0625,2.199999999999992,1.0433593749999963,1.0,0.21511543450064763,3,
693,122,0.5000735956957676,9.3,0.1782517910695565,3.0,1.0,19.0,9.335664335664335,0,1.9755244755244756,2.5999999999999988,0.993706293706292,0.8000000000000004,0.38003496546243526,4,
694,200,0.4995737720535449,9.949999999999987,0.17801767543373787,3.0,0.0,36.0,15.653386454183266,0.6875,0.0796812749003984,3.799999999999992,1.9689243027888392,1.9999999999999942,1.0259828571428498,3,
695,38,0.49907444798513595,1.2,0.17793730457796847,1.0,0.0,5.0,2.0,0,0.49473684210526314,1.4,0.6105263157894736,0.6000000000000001,0.1356937056737587,4,
696,110,0.4985756229912165,5.9,0.1777280334211426,2.0,0.0,17.0,6.91578947368421,0,0.0,1.6000000000000005,0.6621052631578951,0.600000000000001,0.11793567688855645,4,
697,200,0.4980772965729616,9.049999999999983,0.17745308617426897,2.0,0.0,34.0,14.159183673469387,0.6959459459459459,0.8204081632653061,2.1999999999999975,0.931020408163262,0.9999999999999921,0.2460622417699575,3,
698,200,0.4975794682320448,10.024999999999983,0.17717663602968767,1.0,0.0,35.0,14.04669260700389,0.6375,0.0,2.8999999999999972,1.1817120622568065,1.199999999999994,0.49286367490309824,3,
699,63,0.4970821374706377,1.4250000000000018,0.17706211228267324,1.0,0.0,9.0,3.4791666666666665,0,0.0,1.3000000000000003,0.5729166666666669,0.6000000000000001,0.09865219750406945,4,
700,200,0.49658530379140947,10.849999999999996,0.1767656188139585,2.0,0.0,34.0,13.185314685314685,0.625,0.21328671328671328,1.8999999999999964,0.9433566433566407,0.9999999999999942,0.1486115288220544,3,
701,56,0.49608896669752645,2.050000000000001,0.1766748847120038,2.0,0.0,8.0,2.9017857142857144,0,0.5,1.4999999999999996,0.6169642857142857,0.6000000000000001,0.13391931754763606,4,
702,200,0.4955931256926514,12.074999999999992,0.17639061335460662,2.0,0.0,36.0,12.775167785234899,0.5520833333333334,1.5268456375838926,2.6999999999999895,1.0885906040268423,1.0999999999999954,0.25752373230633857,3,
703,116,0.4950977802809434,4.375000000000005,0.1762407392360502,2.0,0.0,18.0,7.516304347826087,0,0.32608695652173914,2.799999999999997,1.1027173913043458,0.9999999999999998,0.4831047112686447,4,
704,27,0.494602929967057,0.6500000000000004,0.1761722371712356,2.0,0.0,3.0,1.5064935064935066,0,0.5584415584415584,1.4,0.5467532467532469,0.5000000000000003,0.1152361673414304,4,
705,200,0.4941085742561417,10.824999999999983,0.17592580822377926,3.0,0.0,37.0,14.99203187250996,0.7012195121951219,0.03187250996015936,3.599999999999993,1.5290836653386424,1.1999999999999997,0.9997676190476126,3,
706,104,0.4936147126538418,3.475000000000004,0.1757813133423614,2.0,0.0,16.0,7.064516129032258,0,0.9225806451612903,2.8,1.190967741935482,0.9,0.6938827838827831,4,
707,98,0.49312134466629576,5.1750000000000025,0.17564621019002644,1.0,0.0,15.0,6.416216216216216,0,0.9891891891891892,1.4,0.6751351351351347,0.6999999999999991,0.11516888733052817,4,
708,21,0.49262846980013547,0.22499999999999976,0.17557471274191194,2.0,0.0,2.0,1.0,0,0.6818181818181818,1.2000000000000002,0.4560606060606062,0.4500000000000002,0.10036509758897817,4,
709,200,0.492136087562486,11.099999999999978,0.17535163437153264,3.0,0.0,37.0,14.783269961977187,0.6569767441860465,1.5361216730038023,4.099999999999991,1.7102661596958137,1.7999999999999998,1.022609009946789,3,
710,200,0.4916441974609651,9.199999999999978,0.17511945324666928,3.0,0.0,35.0,15.682008368200837,0.7094594594594594,0.0,3.0999999999999965,1.6811715481171496,1.8999999999999915,0.6393637955182025,3,
711,44,0.4911527990036827,1.925000000000001,0.17501615628881,2.0,0.0,6.0,2.5575221238938055,0,0.7522123893805309,1.4999999999999991,0.6539823008849556,0.6000000000000002,0.1407252506265663,4,
712,200,0.4906618916992401,9.149999999999984,0.1747547980251405,2.0,0.0,33.0,13.424124513618677,0.6447368421052632,0.0,1.9999999999999991,0.794163424124512,0.7000000000000002,0.2192299539728678,3,
713,92,0.4901714750567302,6.675000000000006,0.17456683971893708,3.0,1.0,14.0,6.117370892018779,0,0.5117370892018779,1.8999999999999995,0.7201877934272297,0.6999999999999985,0.17720199259389863,4,
714,200,0.4896815485857362,10.224999999999984,0.174289135400971,3.0,0.0,34.0,13.802919708029197,0.6428571428571429,0.9343065693430657,2.4999999999999973,1.2211678832116746,1.199999999999989,0.3293373293373284,3,
715,200,0.48919211179633154,8.824999999999994,0.1740816178021375,2.0,0.0,32.0,13.928286852589641,0,0.055776892430278883,2.2999999999999967,0.9338645418326673,0.8999999999999977,0.2737180952380942,4,
716,51,0.4887031641990795,1.6000000000000008,0.17400233608373283,1.0,0.0,7.0,2.28125,0,0.0,1.2000000000000002,0.4166666666666669,0.40000000000000024,0.06452088985349971,4,
717,200,0.4882147053050323,10.049999999999983,0.17376830628163742,2.0,0.0,35.0,14.43579766536965,0.6375,0.16342412451361868,2.9999999999999893,1.4151750972762596,1.4999999999999987,0.5001274830426309,3,
718,21,0.4877267346257312,0.02499999999999969,0.17370482646061286,1.0,0.0,2.0,0.8666666666666667,0,0.0,1.1,0.4066666666666668,0.40000000000000013,0.07464295637677132,4,
719,104,0.48723925167320525,4.525000000000002,0.17354614586027886,2.0,0.0,16.0,5.910179640718563,0,0.5389221556886228,1.3000000000000003,0.5772455089820361,0.5999999999999999,0.10188109581181867,4,
720,200,0.4867522559599717,11.249999999999982,0.17333157272140498,2.0,0.0,38.0,14.733067729083665,0.6453488372093024,1.7250996015936255,3.5999999999999894,1.431075697211152,1.3999999999999981,0.6487657142857098,3,
721,200,0.4862657469990346,13.474999999999982,0.1730790332205468,3.0,0.0,39.0,14.52901023890785,0.58,0.0,5.099999999999997,2.072696245733787,1.5999999999999988,2.4381907557543574,3,
722,56,0.485779724303885,1.3750000000000004,0.1730157577701287,1.0,1.0,8.0,2.9702970297029703,0,0.07920792079207921,1.7000000000000002,0.6485148514851485,0.6000000000000002,0.1486509803921568,4,
723,200,0.4852941873885002,8.67499999999998,0.17286602293082926,2.0,1.0,35.0,16.0,0.7361111111111112,0.8766519823788547,2.8999999999999937,1.487224669603518,1.4999999999999982,0.40931609998447377,3,
724,21,0.48480913576734325,-0.3250000000000003,0.1728172660603029,1.0,0.0,2.0,0.9152542372881356,0,0.0,1.5,0.4542372881355932,0.40000000000000013,0.1455747126436781,4,
725,123,0.48432456895536247,5.774999999999995,0.17264450763568603,1.0,0.0,19.0,7.0606060606060606,0,1.2676767676767677,1.5,0.5792929292929293,0.6000000000000001,0.08709869142667649,4,
726,146,0.483840486467991,6.199999999999994,0.17246592669577898,1.0,1.0,23.0,8.944186046511629,0,0.07441860465116279,1.7999999999999998,0.7190697674418601,0.7000000000000001,0.10926661474558662,4,
727,200,0.48335688782114633,10.34999999999998,0.17229817419700036,2.0,1.0,37.0,14.892430278884461,0.6890243902439024,0.896414342629482,3.0999999999999868,1.5123505976095568,1.5999999999999939,0.5854742857142802,3,
728,57,0.48287377253122976,3.7500000000000018,0.17215820630928713,1.0,0.0,8.0,3.62,0,0.3,1.3000000000000003,0.536666666666667,0.5000000000000007,0.0789923996622072,4,
729,80,0.4823911401151259,3.8250000000000037,0.17200900033992694,2.0,0.0,12.0,4.855421686746988,0,0.9337349397590361,2.1,0.9024096385542162,0.7999999999999996,0.32024677916893446,4,
730,200,0.48190899009020244,10.174999999999985,0.17176305867431663,2.0,1.0,36.0,14.334661354581673,0.675,0.08366533864541832,2.599999999999991,1.1920318725099577,1.0999999999999996,0.39468380952380655,3,
731,69,0.4814273219743092,3.025000000000002,0.17164129494610303,1.0,1.0,10.0,3.562043795620438,0,0.0,1.2999999999999998,0.5262773722627739,0.5000000000000004,0.08354752770673485,4,
732,135,0.480946135285778,8.05,0.17143857798042395,2.0,0.0,21.0,8.717131474103585,0,0.5816733067729084,1.799999999999999,0.6039840637450199,0.5999999999999999,0.12986666666666652,4,
733,200,0.48046542954342225,12.149999999999988,0.17119772140485065,2.0,1.0,36.0,14.436241610738255,0.625,1.3993288590604027,2.999999999999997,1.5999999999999954,1.699999999999994,0.6946386946386889,3,
734,200,0.479985204266536,8.949999999999985,0.17099954603097667,2.0,0.0,34.0,14.9800796812749,0.6710526315789473,0.8247011952191236,2.9999999999999907,1.5792828685258915,1.6999999999999873,0.6027676190476144,3,
735,200,0.4795054589748941,11.124999999999982,0.17075187549655488,2.0,0.0,36.0,14.867857142857142,0.6055555555555555,0.31785714285714284,4.299999999999993,2.0553571428571393,2.3999999999999932,1.7342077067309454,3,
736,200,0.4790261931887511,8.524999999999999,0.17055376063614694,1.0,0.0,33.0,14.457983193277311,0.7214285714285714,0.13865546218487396,1.9999999999999956,0.9042016806722674,0.8999999999999986,0.18704447151457318,3,
737,146,0.4785474064288412,8.349999999999998,0.17036788147444373,2.0,0.0,23.0,8.8359375,0,0.92578125,1.6999999999999997,0.813671874999999,0.7999999999999998,0.16071396963454618,4,
738,39,0.4780690982163776,0.7000000000000003,0.17029946115503738,1.0,0.0,5.0,1.6904761904761905,0,0.0,1.1,0.41904761904761934,0.4000000000000003,0.06774202693125442,4,
739,45,0.4775912680730521,1.3,0.1702319392113491,1.0,0.0,6.0,2.2450980392156863,0,0.5392156862745098,1.2000000000000002,0.49509803921568646,0.5000000000000001,0.08321926367394018,4,
740,200,0.4771139155210344,13.899999999999984,0.16997991025590753,3.0,1.0,39.0,13.17981072555205,0.5462962962962963,1.1703470031545742,4.599999999999996,1.4141955835962123,0.9999999999999966,1.4062793567391083,3,
741,87,0.47663704008297203,3.075000000000003,0.16986596820672856,1.0,0.0,13.0,4.770833333333333,0,0.0,1.4,0.5527777777777778,0.55,0.10541403424162037,4,
742,200,0.4761606412819894,10.574999999999982,0.16964216253343373,4.0,0.0,35.0,13.527881040892193,0.6190476190476191,0.7657992565055762,2.499999999999994,1.1066914498141234,1.0999999999999988,0.3327479270315063,3,
743,200,0.4756847186416878,9.624999999999988,0.169414111283592,2.0,0.0,35.0,14.45418326693227,0.6858974358974359,0.8565737051792829,2.8999999999999897,1.2494023904382432,1.1999999999999993,0.4410723809523778,3,
744,200,0.47520927168614446,12.374999999999993,0.16921218890995,2.0,0.0,36.0,13.185567010309278,0.5797872340425532,0.9243986254295533,2.9999999999999947,1.1941580756013732,0.9000000000000005,0.6105916391119476,3,
745,200,0.4747342999399124,10.824999999999982,0.16900987983912505,3.0,0.0,38.0,15.0597609561753,0.6666666666666666,0.11553784860557768,3.9999999999999916,1.641434262948204,1.299999999999998,1.4042019047618968,3,
746,27,0.4742598029280199,0.24999999999999967,0.16896180813083436,1.0,0.0,3.0,1.2361111111111112,0,0.0,1.2,0.4722222222222224,0.5000000000000001,0.09896970866293649,4,
747,200,0.4737857801759698,9.574999999999978,0.16879260496065635,3.0,0.0,36.0,15.96234309623431,0.7236842105263158,0.9121338912133892,2.999999999999995,1.8343096234309564,1.9999999999999978,0.5980801820728235,3,
748,33,0.4733122312097393,-0.10000000000000026,0.1687362941663317,1.0,0.0,4.0,1.4861111111111112,0,0.1111111111111111,1.2000000000000002,0.5222222222222224,0.5000000000000001,0.10424850472699206,4,
749,39,0.47283915555577954,1.975,0.16866211608478632,2.0,0.0,5.0,2.240740740740741,0,0.2962962962962963,1.5,0.5814814814814816,0.6000000000000001,0.11262968361485033,4,
750,200,0.4723665527410147,10.94999999999998,0.16847024588082976,3.0,0.0,38.0,15.48605577689243,0.6904761904761905,0.03187250996015936,3.799999999999987,1.8685258964143379,2.0999999999999948,0.9341238095238023,3,
751,200,0.471894422292842,11.774999999999986,0.16823766761977282,2.0,0.0,35.0,12.644295302013424,0.526595744680851,0.714765100671141,2.599999999999996,1.0563758389261733,0.9000000000000005,0.39226242356676905,3,
752,200,0.4714227637391309,10.399999999999988,0.1680561542476815,2.0,0.0,36.0,14.04669260700389,0.6402439024390244,0.8638132295719845,2.8999999999999964,1.1817120622568067,1.0999999999999983,0.48912820978681915,3,
753,134,0.4709515766082228,5.899999999999998,0.16789485434352103,1.0,0.0,21.0,7.960591133004926,0,0.7339901477832512,1.5999999999999992,0.6906403940886692,0.699999999999998,0.1454824305960006,4,
754,33,0.47048086042893056,1.4250000000000003,0.16783151918226613,1.0,0.0,4.0,1.9222222222222223,0,0.4888888888888889,1.3,0.527777777777778,0.5000000000000004,0.09601802691690328,4,
755,200,0.47001061473053796,10.94999999999998,0.16765655697434795,2.0,0.0,37.0,14.797709923664122,0.6569767441860465,0.026717557251908396,3.8999999999999906,1.7007633587786233,1.6499999999999975,1.1699401249945305,3,
756,200,0.46954083904279925,11.724999999999984,0.16752762285335054,2.0,0.0,37.0,15.303501945525293,0.6453488372093024,1.5680933852140078,3.7999999999999896,1.8797665369649763,1.8999999999999986,1.0975838783914649,3,
757,200,0.4690715328959387,12.049999999999985,0.16730074365278344,2.0,0.0,36.0,12.873720136518772,0.601063829787234,0.05460750853242321,2.499999999999995,0.9566552901023877,0.8000000000000005,0.35597521200260684,3,
758,200,0.46860269582065023,10.749999999999986,0.1671326714874243,2.0,0.0,36.0,14.50597609561753,0.6625,0.0,2.6999999999999917,1.3091633466135424,1.2999999999999976,0.4975733333333287,3,
759,200,0.4681343273480965,13.749999999999988,0.16692145811918152,2.0,0.0,38.0,12.646687697160884,0.5424528301886793,0.2334384858044164,3.6999999999999913,1.1283911671924276,0.8999999999999999,0.6884121487142701,3,
760,200,0.46766642700990924,9.349999999999984,0.16673749871821428,2.0,0.0,34.0,14.223107569721115,0.6578947368421053,0.0,2.399999999999992,1.1394422310756935,1.1999999999999904,0.27824952380952106,3,
761,200,0.4671989943381879,14.299999999999992,0.1664623743782374,2.0,0.0,34.0,12.22905027932961,0.4642857142857143,0.8435754189944135,2.4999999999999956,0.9748603351955293,0.8999999999999997,0.3070240240943155,3,
762,200,0.46673202886549986,12.299999999999985,0.1662647062032134,3.0,0.0,38.0,14.965156794425088,0.6458333333333334,0.8885017421602788,4.4999999999999964,1.9038327526132381,1.3,1.7449890734265694,3,
763,27,0.46626553012487953,0.2500000000000002,0.16622743792333106,1.0,0.0,3.0,0.9545454545454546,0,0.19696969696969696,0.8000000000000003,0.37424242424242443,0.40000000000000013,0.053742824339839255,4,
764,200,0.46579949764982825,10.499999999999993,0.1660739974611369,3.0,0.0,37.0,13.97211155378486,0.676829268292683,0.08366533864541832,2.9999999999999933,0.9745019920318705,0.8999999999999992,0.2960876190476176,3,
765,194,0.4653339309743134,8.699999999999994,0.16588660484889475,2.0,0.0,31.0,12.701492537313433,0,0.13432835820895522,2.099999999999999,0.826492537313431,0.7999999999999968,0.1656064213413529,4,
766,200,0.46486882963276827,10.974999999999987,0.1657249870028357,3.0,0.0,36.0,13.723880597014926,0.6569767441860465,0.0,3.0999999999999934,1.104104477611939,0.9,0.5489087061247762,3,
767,200,0.46440419316009157,9.824999999999985,0.165585524406545,2.0,0.0,34.0,14.485714285714286,0.6959459459459459,0.07346938775510205,2.0999999999999917,1.1269387755102003,1.1999999999999966,0.25576835932293507,3,
768,200,0.4639400210916467,10.499999999999988,0.16542323233407186,2.0,0.0,34.0,13.737226277372264,0.6428571428571429,0.9087591240875912,2.5999999999999965,1.1817518248175152,1.1999999999999986,0.3688689976689956,3,
769,200,0.4634763129632616,10.849999999999982,0.16525186646614082,3.0,0.0,38.0,15.203187250996017,0.6904761904761905,0.027888446215139442,3.899999999999988,1.6988047808764886,1.4999999999999987,1.117426666666658,3,
770,134,0.46301306831122807,5.974999999999997,0.16511433041169074,2.0,0.0,21.0,8.757894736842106,0,0.9105263157894737,1.9999999999999991,0.8578947368421042,0.7999999999999998,0.2182331920551813,4,
771,200,0.4625502866723014,11.399999999999984,0.16490713114709293,3.0,0.0,36.0,14.44,0.6477272727272727,0.6218181818181818,3.7999999999999945,1.6138181818181783,1.5999999999999983,0.9759674177509725,3,
772,200,0.4620879675837,10.849999999999984,0.16474697530692436,2.0,0.0,35.0,14.32824427480916,0.6280487804878049,0.0,3.299999999999992,1.4580152671755695,1.5999999999999959,0.7555001966697211,3,
773,200,0.4616261105831047,10.49999999999998,0.1646064964588028,2.0,0.0,37.0,15.416342412451362,0.6547619047619048,0.0,4.099999999999988,1.9894941634241197,2.399999999999991,1.2179236312984414,3,
774,200,0.4611647152086584,13.37499999999999,0.16433550234747474,2.0,0.0,34.0,14.061452513966481,0.5446428571428571,2.916201117318436,2.299999999999995,1.0502793296089359,1.0999999999999959,0.1824454795845906,3,
775,98,0.4607037809989658,7.975000000000003,0.16416253069492914,1.0,0.0,15.0,6.93359375,0,0.8515625,1.9999999999999991,0.7316406249999999,0.7000000000000001,0.16232166018158214,4,
776,200,0.46024330749309256,10.24999999999999,0.16399426512457976,2.0,0.0,35.0,13.595419847328245,0.6524390243902439,1.7366412213740459,2.2999999999999936,0.979389312977098,0.9,0.25538044665879833,3,
777,27,0.4597832942305652,0.7249999999999996,0.1639545920636871,1.0,0.0,3.0,1.2435897435897436,0,0.08974358974358974,1.0000000000000002,0.4166666666666668,0.40000000000000024,0.06447640966628307,4,
778,51,0.45932374075137034,1.725000000000001,0.1638957752099815,2.0,0.0,7.0,2.411764705882353,0,0.06862745098039216,1.1,0.4539215686274512,0.5000000000000001,0.08111986926848022,4,
779,69,0.4588646465959545,3.7500000000000013,0.1638170023665568,1.0,0.0,10.0,3.5369127516778525,0,0.6644295302013423,1.2999999999999998,0.5402684563758392,0.5000000000000007,0.08965765765765757,4,
780,200,0.4584060113052235,10.524999999999983,0.16365716953011317,2.0,0.0,37.0,15.987755102040817,0.7,0.0,4.299999999999992,2.028163265306118,2.199999999999994,1.3125756364120942,3,
781,44,0.45794783442054204,0.8250000000000003,0.1636130371948726,1.0,0.0,6.0,2.247191011235955,0,0.07865168539325842,1.2999999999999998,0.5943820224719102,0.6000000000000001,0.1063863636363636,4,
782,200,0.45749011548373314,10.149999999999988,0.1634379026815014,2.0,0.0,35.0,12.992565055762082,0.6190476190476191,0.8104089219330854,1.7999999999999958,0.785501858736058,0.7999999999999975,0.14867661691542244,3,
783,39,0.4570328540370779,1.100000000000001,0.16339780164425385,2.0,1.0,5.0,1.96875,0,0.8020833333333334,1.3000000000000003,0.5291666666666668,0.5000000000000004,0.08936733586543677,4,
784,68,0.4565760496233147,3.9250000000000034,0.1632980840372456,1.0,0.0,10.0,4.441558441558442,0,0.0,1.4999999999999993,0.727272727272727,0.7000000000000001,0.10484503478810869,4,
785,200,0.4561197017856392,10.324999999999982,0.1631428277251612,2.0,1.0,36.0,15.024489795918367,0.7115384615384616,0.8816326530612245,2.999999999999989,1.4208163265306084,1.499999999999995,0.4768399306943847,3,
786,200,0.4556638100677035,11.074999999999985,0.16300945766719652,2.0,1.0,37.0,14.626865671641792,0.625,1.6305970149253732,3.599999999999992,1.7488805970149206,1.6999999999999964,0.8295252217256235,3,
787,45,0.45520837401361586,2.9250000000000025,0.16291512485450976,2.0,0.0,6.0,3.1386861313868613,0,0.5328467153284672,1.4999999999999996,0.6007299270072992,0.6000000000000001,0.13365622335890867,4,
788,200,0.45475339316794017,12.324999999999992,0.1627290269911851,2.0,0.0,35.0,12.490322580645161,0.5255102040816326,1.5516129032258064,2.899999999999996,1.0406451612903216,0.8000000000000003,0.47686906211302754,3,
789,44,0.4542988670756955,1.5250000000000004,0.1626813316136206,3.0,0.0,6.0,2.210526315789474,0,0.1368421052631579,1.7999999999999998,0.5536842105263158,0.5000000000000001,0.1766112588652481,4,
790,200,0.45384479528235583,11.049999999999985,0.1625434645919879,2.0,0.0,37.0,13.951672862453531,0.625,0.07063197026022305,3.9999999999999916,1.360966542750926,1.0999999999999996,0.9815754560530618,3,
791,200,0.4533911773338492,15.274999999999997,0.16233808938477134,2.0,0.0,35.0,12.008241758241759,0.43965517241379315,1.5686813186813187,2.1999999999999904,0.9876373626373606,0.9999999999999954,0.2762503490697742,3,
792,62,0.4529380127765577,3.1750000000000025,0.16225323364271366,1.0,0.0,9.0,4.641891891891892,0,1.0675675675675675,2.0,0.8358108108108101,0.7999999999999999,0.18582066383600407,4,
793,200,0.4524853011573167,11.799999999999983,0.16210101330424387,3.0,0.0,37.0,14.960714285714285,0.6413043478260869,1.0071428571428571,4.399999999999991,1.969642857142853,1.699999999999999,1.7179217847166326,3,
794,200,0.45203304202341466,10.574999999999987,0.1619518727074246,2.0,0.0,35.0,14.007272727272728,0.6104651162790697,0.025454545454545455,3.1999999999999935,1.4719999999999955,1.5999999999999885,0.63947900137522,3,
795,200,0.4515812349225922,12.874999999999986,0.16178870776607412,3.0,0.0,35.0,12.388379204892967,0.47115384615384615,1.437308868501529,2.9999999999999933,1.1746177370030562,0.9000000000000002,0.7267937303606125,3,
796,200,0.45112987940304233,11.724999999999977,0.1616597594171954,3.0,0.0,37.0,14.1067615658363,0.5760869565217391,2.263345195729537,3.6999999999999895,1.6957295373665444,1.999999999999988,1.0497459473150892,3,
797,200,0.4506789750134095,14.22499999999999,0.1614876148340215,4.0,0.0,38.0,13.358064516129032,0.5576923076923077,0.4935483870967742,4.599999999999994,1.4258064516129014,1.0999999999999983,1.219282198566058,3,
798,200,0.45022852130278923,11.64999999999998,0.1613372844185741,3.0,0.0,39.0,15.609375,0.6818181818181818,0.875,5.19999999999999,2.0441406249999954,1.7999999999999963,1.7138199435416115,3,
799,200,0.44977851782072775,15.499999999999982,0.16113784189040772,2.0,1.0,35.0,14.649214659685864,0.5286885245901639,2.586387434554974,2.4999999999999987,0.9968586387434529,0.8999999999999999,0.24192896253503535,3,
800,200,0.44932896411722156,14.249999999999988,0.1609690297641761,2.0,0.0,36.0,14.383522727272727,0.5657894736842105,2.9488636363636362,2.799999999999994,1.125284090909089,0.9999999999999983,0.45143822183482063,3,
801,21,0.448879859742717,-0.22500000000000003,0.16094086297016014,1.0,0.0,2.0,0.7666666666666667,0,0.0,1.1,0.4066666666666668,0.4000000000000002,0.0746429563767713,4,
802,200,0.4484312042481095,12.624999999999984,0.1607732150481179,3.0,0.0,37.0,13.592105263157896,0.52,1.0098684210526316,3.599999999999994,1.703618421052628,1.5999999999999968,1.1409532002380485,3,
803,200,0.44798299718474366,12.299999999999986,0.1606116567166379,2.0,0.0,37.0,13.632867132867133,0.6117021276595744,0.0,3.199999999999996,1.3104895104895085,1.0,0.7850743933003203,3,
804,200,0.44753523810441237,11.174999999999985,0.1604300575318705,1.0,0.0,35.0,13.692857142857143,0.625,1.7857142857142858,2.9999999999999885,1.2839285714285673,1.2499999999999947,0.3960681896452718,3,
805,51,0.4470879265593564,3.025000000000001,0.16035579597918176,2.0,0.0,7.0,3.272727272727273,0,0.48484848484848486,1.2000000000000002,0.5484848484848485,0.6000000000000001,0.08916948860701368,4,
806,146,0.44664106210226434,7.474999999999995,0.16022150078094616,2.0,0.0,23.0,8.524229074889869,0,0.8502202643171806,1.6999999999999988,0.6731277533039647,0.7000000000000001,0.12011721782331922,4,
807,104,0.44619464428627154,5.325,0.16014329156208645,2.0,0.0,16.0,5.895953757225434,0,0.0,1.5999999999999992,0.6560693641618495,0.6000000000000004,0.13564688585939572,4,
808,134,0.4457486726649602,7.749999999999999,0.1600077219834884,2.0,0.0,21.0,8.202586206896552,0,0.7801724137931034,1.8000000000000003,0.6935344827586203,0.6999999999999988,0.12776229492967683,4,
809,128,0.4453031467923587,4.325000000000001,0.15993697290545522,2.0,0.0,20.0,8.953757225433526,0,0.09248554913294797,2.399999999999997,1.1312138728323666,1.1999999999999935,0.4038946805666925,4,
810,200,0.4448580662229411,11.199999999999987,0.15974415679056989,2.0,1.0,35.0,13.030927835051546,0.5978260869565217,1.6838487972508591,2.399999999999995,1.0271477663230224,0.9999999999999979,0.24507345299952657,3,
811,122,0.4444134305116268,6.4,0.15960010114830175,2.0,0.0,19.0,7.257009345794392,0,0.8878504672897196,1.7999999999999985,0.7700934579439247,0.7000000000000001,0.18144600938967115,4,
812,63,0.44396923921378006,1.9000000000000006,0.15954358012530942,1.0,0.0,9.0,3.259259259259259,0,0.25,1.2,0.525925925925926,0.5000000000000002,0.08414987567521219,4,
813,200,0.4435254918852095,19.19999999999998,0.1593224066081351,2.0,1.0,35.0,14.397826086956522,0.41216216216216217,1.7304347826086957,2.199999999999999,0.8689130434782594,0.7999999999999999,0.19927367331603602,3,
814,200,0.44308218808216776,12.74999999999999,0.15916475398230517,2.0,0.0,38.0,14.356164383561644,0.6173469387755102,0.7534246575342466,3.9999999999999933,1.7530821917808184,1.7999999999999983,1.2568888028804912,3,
815,200,0.4426393273613511,11.474999999999978,0.15906907432839604,3.0,0.0,39.0,16.351020408163265,0.7023809523809523,0.8204081632653061,4.49999999999999,2.2461224489795875,2.499999999999993,1.5241430094628734,3,
816,200,0.44219690927989863,11.474999999999982,0.1589302282271441,3.0,0.0,38.0,14.836501901140684,0.6704545454545454,0.7034220532319392,3.899999999999987,1.7011406844106418,1.8999999999999897,0.8694029030765604,3,
817,98,0.4417549333953923,5.5,0.15883486638127536,2.0,0.0,15.0,5.424083769633508,0,0.07853403141361257,1.5,0.6931937172774867,0.7000000000000001,0.13445997807017523,4,
818,200,0.44131339926585617,10.749999999999986,0.1587319190261655,3.0,1.0,36.0,14.371747211895912,0.6104651162790697,0.9739776951672863,3.2999999999999874,1.6263940520446047,1.7999999999999914,0.7217296849087844,3,
819,134,0.4408723064497561,6.849999999999998,0.15860932877418488,1.0,0.0,21.0,8.401869158878505,0,0.19158878504672897,1.999999999999997,0.8906542056074752,0.8999999999999988,0.21225373949121032,4,
820,200,0.44043165450599925,11.249999999999982,0.15851697871595372,3.0,0.0,39.0,16.326693227091635,0.6918604651162791,0.1394422310756972,4.899999999999997,2.3729083665338613,2.799999999999995,2.2174685714285647,3,
821,200,0.43999144299393356,12.499999999999984,0.15837503046898493,2.0,0.0,39.0,14.13090909090909,0.5904255319148937,0.8145454545454546,4.699999999999993,1.6116363636363613,1.0999999999999994,1.610940442187658,3,
822,200,0.43955167147334756,8.24999999999999,0.15827306483728903,2.0,1.0,32.0,14.33984375,0,0.21875,2.999999999999998,1.322265624999995,1.2999999999999916,0.6025212481879919,4,
823,200,0.43911233950446965,11.174999999999985,0.15815930161448463,2.0,0.0,37.0,14.14179104477612,0.5944444444444444,1.914179104477612,3.69999999999999,1.4578358208955189,1.2999999999999934,0.7580461690544759,3,
824,200,0.4386734466479678,13.14999999999999,0.1580367637666686,2.0,0.0,36.0,13.477419354838709,0.57,0.7129032258064516,3.2999999999999923,1.3948387096774164,1.1999999999999995,0.7023677665740488,3,
825,104,0.4382349924649492,6.4750000000000005,0.15795061568023733,2.0,0.0,16.0,6.014423076923077,0,0.6586538461538461,2.0999999999999996,0.8860576923076914,0.8,0.27043686290825814,4,
826,200,0.4377969765169596,9.449999999999992,0.15781515388787248,2.0,0.0,35.0,15.064377682403434,0.7361111111111112,0.030042918454935622,2.199999999999991,1.123175965665232,1.1999999999999922,0.2732018125552593,3,
827,44,0.437359398365983,1.8750000000000013,0.15777300376675538,2.0,0.0,6.0,2.9245283018867925,0,0.5754716981132075,1.6999999999999988,0.7679245283018864,0.7999999999999997,0.16162705829995536,4,
828,21,0.43692225757444114,0.02499999999999991,0.1577502420647402,1.0,0.0,2.0,0.8787878787878788,0,0.0,1.1,0.38333333333333347,0.40000000000000013,0.07413318025258321,4,
829,200,0.4364855537051933,10.999999999999982,0.15760543404047062,3.0,0.0,38.0,15.1484375,0.6686046511627907,0.0,3.699999999999987,1.7933593749999948,2.099999999999989,0.8813365377279245,3,
830,21,0.43604928632153556,-0.05000000000000013,0.15757921190049878,2.0,1.0,2.0,0.7833333333333333,0,0.0,1.1,0.41666666666666685,0.4000000000000002,0.07841066963045289,4,
831,200,0.43561345498720044,12.34999999999998,0.15746638276883054,2.0,0.0,38.0,13.882142857142858,0.6117021276595744,1.4035714285714285,3.599999999999987,1.4724999999999957,1.399999999999998,0.6832881796961631,3,
832,87,0.43517805926635666,4.7500000000000036,0.15739225225239775,2.0,1.0,13.0,4.557471264367816,0,1.6551724137931034,1.4,0.5798850574712644,0.6000000000000001,0.10034582989265066,4,
833,122,0.43474309872360845,6.975000000000007,0.1572904159670477,2.0,0.0,19.0,7.361233480176211,0,0.8281938325991189,2.3999999999999986,0.8845814977973558,0.7999999999999997,0.3035126533147022,4,
834,93,0.4343085729239951,5.3500000000000005,0.15722357291227013,1.0,0.0,14.0,4.966666666666667,0,0.6111111111111112,1.4000000000000004,0.5822222222222224,0.6000000000000001,0.09879811105281025,4,
835,92,0.4338744814329909,6.125000000000005,0.15711736989975023,3.0,0.0,14.0,5.345794392523365,0,1.4299065420560748,1.8999999999999986,0.7504672897196257,0.7000000000000001,0.1776438475816135,4,
836,200,0.4334408238165043,14.899999999999993,0.15694390631047733,2.0,1.0,35.0,12.12912087912088,0.4655172413793104,0.771978021978022,2.099999999999995,0.7782967032967025,0.7000000000000003,0.16461262689158015,3,
837,63,0.43300759964087765,3.875000000000003,0.1568587746084656,2.0,0.0,9.0,3.9510489510489513,0,0.48951048951048953,1.3999999999999995,0.5314685314685317,0.5000000000000002,0.1078961267605633,4,
838,200,0.43257480847288665,10.274999999999983,0.15672098261842415,3.0,0.0,37.0,15.828,0.6890243902439024,1.732,3.599999999999989,2.0511999999999952,2.3999999999999915,0.9394735915774586,3,
839,200,0.43214244987974026,10.999999999999984,0.15663688105480644,4.0,0.0,37.0,15.942857142857143,0.7,0.053061224489795916,4.1999999999999895,2.001224489795914,2.399999999999994,1.262917499666792,3,
840,200,0.43171052342907973,11.649999999999983,0.15650552804828016,3.0,0.0,37.0,14.733576642335766,0.65,2.156934306569343,3.69999999999999,1.779562043795616,1.899999999999998,1.055070795870788,3,
841,200,0.43127902868897855,14.424999999999992,0.15632840110988558,3.0,0.0,36.0,12.594202898550725,0.5178571428571429,1.463768115942029,2.799999999999995,0.9907246376811581,0.8999999999999966,0.37672872697943144,3,
842,39,0.43084796522794205,0.7000000000000001,0.15627609588837937,1.0,0.0,5.0,1.7023809523809523,0,0.0,1.0,0.4261904761904764,0.4000000000000004,0.06170375620127568,4,
843,200,0.43041733261490667,17.024999999999995,0.15611752929583872,2.0,0.0,35.0,12.50242718446602,0.41666666666666663,1.2427184466019416,2.3999999999999972,0.8813106796116497,0.7999999999999999,0.22826855893910136,3,
844,200,0.4299871304192398,14.349999999999994,0.15598018375049397,3.0,0.0,34.0,11.818897637795276,0.3833333333333333,1.3622047244094488,2.099999999999998,0.9616797900262447,0.9999999999999957,0.20887420777073398,3,
845,51,0.42955735821073915,2.6500000000000017,0.15592234756543566,2.0,0.0,7.0,3.0168067226890756,0,0.36134453781512604,1.2999999999999998,0.5277310924369748,0.5000000000000002,0.09142231638418072,4,
846,200,0.42912801555963254,13.849999999999985,0.15580894309345422,4.0,0.0,41.0,14.95017793594306,0.62,0.06761565836298933,5.600000000000001,2.1249110320284683,1.4999999999999987,2.857992147922995,3,
847,200,0.42869910203657724,12.749999999999988,0.15568400672008875,2.0,0.0,38.0,13.756849315068493,0.6071428571428571,0.6027397260273972,3.69999999999999,1.4797945205479424,1.1,0.9699798271231311,3,
848,200,0.4282706172126597,13.97499999999999,0.1555461569412783,2.0,0.0,37.0,12.21580547112462,0.5092592592592593,0.7021276595744681,3.0999999999999934,0.9249240121580539,0.8,0.34132723577235585,3,
849,200,0.427842560659395,8.474999999999989,0.15543189381372352,1.0,0.0,33.0,14.853556485355648,0.7071428571428572,0.03347280334728033,2.499999999999993,1.1841004184100368,1.2000000000000002,0.36151085434173635,3,
850,200,0.4274149319487267,11.049999999999985,0.1553155963921442,2.0,0.0,36.0,14.62081784386617,0.6569767441860465,0.724907063197026,3.5999999999999903,1.6553903345724865,1.5999999999999992,0.9267960199004903,3,
851,200,0.4269877306530259,10.924999999999986,0.15522653782848442,2.0,0.0,37.0,15.541832669322709,0.6890243902439024,0.06374501992031872,3.9999999999999942,1.9019920318725063,1.3999999999999981,1.7268361904761818,3,
852,200,0.4265609563450914,12.474999999999987,0.15507593787059734,3.0,0.0,37.0,14.40655737704918,0.61,0.8885245901639345,3.999999999999997,1.7118032786885216,1.5999999999999903,1.2795465686274452,3,
853,200,0.4261346085981487,13.099999999999987,0.15491919814036137,2.0,0.0,35.0,13.185975609756097,0.5096153846153846,0.32621951219512196,3.9999999999999942,1.4966463414634121,1.2499999999999996,1.124541888588341,3,
854,200,0.4257086869858502,13.249999999999984,0.15478320955324876,3.0,0.0,38.0,13.885245901639344,0.5637254901960784,0.0,4.699999999999994,1.7295081967213095,1.1,1.761574432404536,3,
855,200,0.42528319108227414,13.499999999999984,0.15468141596058704,2.0,0.0,40.0,14.86986301369863,0.6323529411764706,0.18493150684931506,4.999999999999997,1.979109589041093,1.7999999999999983,1.9256478191008928,3,
856,200,0.42485812046192456,11.349999999999985,0.15462063169791215,2.0,0.0,39.0,16.633466135458168,0.6918604651162791,0.11155378486055777,4.699999999999991,2.5569721115537805,3.0999999999999917,1.9502114285714192,3,
857,80,0.4244334746997309,3.925000000000003,0.1545528691056185,1.0,0.0,12.0,4.690322580645161,0,1.632258064516129,1.6999999999999997,0.749677419354838,0.7000000000000001,0.17992673992673963,4,
858,68,0.4240092533710473,3.4750000000000023,0.1544969154422059,2.0,0.0,10.0,3.791946308724832,0,0.19463087248322147,1.799999999999999,0.7174496644295298,0.7000000000000001,0.1631927927927925,4,
859,200,0.4235854560516524,15.82499999999998,0.15434952659499362,2.0,1.0,35.0,14.77319587628866,0.5080645161290323,3.195876288659794,2.4999999999999885,1.1847938144329857,1.1999999999999982,0.2512395129630713,3,
860,33,0.4231620823177488,1.5499999999999994,0.1543050223386368,1.0,1.0,4.0,1.8823529411764706,0,0.6568627450980392,1.2999999999999998,0.4892156862745099,0.5,0.10195232144573675,4,
861,200,0.42273913174596284,12.724999999999987,0.15418521621215805,3.0,0.0,36.0,13.8125,0.6173469387755102,2.8651315789473686,2.8999999999999906,1.2161184210526286,1.1999999999999993,0.32063182383811917,3,
862,75,0.42231660391334386,5.050000000000004,0.1541267561739259,2.0,0.0,11.0,4.88268156424581,0,0.0,1.4,0.5921787709497208,0.6000000000000001,0.08888014981273404,4,
863,200,0.4218944983973639,12.02499999999999,0.1539710648847337,2.0,0.0,35.0,12.681967213114755,0.5729166666666666,2.232786885245902,2.899999999999997,0.9131147540983597,0.7999999999999999,0.2997000773993798,3,
864,62,0.42147281477591764,3.2500000000000013,0.15390578892208584,2.0,0.0,9.0,3.5602836879432624,0,0.14893617021276595,1.4999999999999996,0.7177304964539005,0.7000000000000001,0.12756438631790737,4,
865,200,0.4210515526273212,13.07499999999998,0.15377288473250428,2.0,0.0,37.0,13.584158415841584,0.53,2.1947194719471947,3.79999999999999,1.6696369636963666,1.3000000000000003,1.0994200941094392,3,
866,200,0.42063071153031245,11.049999999999981,0.15370374076228782,3.0,1.0,37.0,15.171206225680933,0.6785714285714286,0.0,3.2999999999999887,1.800389105058361,1.9999999999999947,0.8326583696705362,3,
867,122,0.4202102910640503,5.799999999999998,0.15363291693322656,2.0,0.0,19.0,7.67005076142132,0,0.17258883248730963,2.399999999999997,1.0208121827411145,0.9999999999999979,0.3513017934446493,4,
868,44,0.41979029080811425,1.850000000000001,0.1535976878910245,1.0,0.0,6.0,2.8660714285714284,0,0.6428571428571429,1.9000000000000004,0.7616071428571426,0.7000000000000001,0.207738977915969,4,
869,39,0.41937071034250395,2.1500000000000012,0.1535489032274614,1.0,0.0,5.0,2.52212389380531,0,0.7256637168141593,1.5,0.6221238938053097,0.6000000000000002,0.11766134085213023,4,
870,200,0.418951549247639,10.524999999999986,0.1534849852809539,2.0,0.0,38.0,17.489270386266096,0.7371794871794872,0.030042918454935622,5.200000000000003,2.5781115879828334,2.6999999999999957,2.89360853227233,3,
871,200,0.41853280710435814,10.49999999999999,0.15340557168344504,3.0,0.0,38.0,15.823770491803279,0.7012195121951219,0.07377049180327869,4.299999999999987,1.9036885245901585,1.8999999999999935,0.8165165028974484,3,
872,200,0.41811448349391933,11.174999999999985,0.15329420695859122,2.0,0.0,35.0,13.878571428571428,0.6136363636363636,0.025,3.0999999999999948,1.408214285714282,1.3499999999999948,0.5599039528565388,3,
873,80,0.4176965779979988,4.6250000000000036,0.15325980625694047,2.0,0.0,12.0,4.825806451612904,0,0.5161290322580645,1.9999999999999991,0.7612903225806442,0.7000000000000001,0.2196719946719942,4,
874,27,0.41727909019869114,0.4249999999999996,0.15323104557182432,1.0,0.0,3.0,1.294871794871795,0,0.3974358974358974,1.1,0.44743589743589757,0.5000000000000001,0.07327469998356072,4,
875,200,0.4168620196785084,11.799999999999978,0.15314835652768452,3.0,0.0,41.0,17.04382470119522,0.6722222222222223,0.14342629482071714,5.600000000000015,2.831872509960159,3.0999999999999948,2.715840000000005,3,
876,200,0.41644536602038007,9.749999999999984,0.1530362718911241,2.0,0.0,37.0,16.207048458149778,0.75,0.0,3.099999999999987,1.6114537444933867,1.6999999999999926,0.5160021735755271,3,
877,200,0.4160291288076525,11.324999999999982,0.1529388832099377,2.0,0.0,37.0,15.233576642335766,0.65,0.927007299270073,4.199999999999989,2.079562043795616,2.499999999999992,1.4174843822843743,3,
878,200,0.4156133076240884,10.949999999999982,0.1528642903575223,2.0,0.0,38.0,15.608163265306123,0.7134146341463414,0.0,3.7999999999999883,1.7710204081632612,1.9999999999999942,0.9562781554044978,3,
879,200,0.4151979020538666,14.999999999999993,0.1527340911246175,3.0,0.0,36.0,12.59375,0.4692982456140351,1.6931818181818181,3.2999999999999936,1.2548295454545437,1.0,0.6820844531609374,3,
880,200,0.4147829116815814,14.324999999999985,0.15257923119711497,4.0,0.0,41.0,13.882943143812708,0.5424528301886793,1.3812709030100334,5.499999999999997,1.833444816053509,1.4999999999999978,1.9960944071588285,3,
881,200,0.41436833609224244,10.574999999999987,0.15246701405928487,2.0,0.0,36.0,13.779467680608365,0.6309523809523809,0.06844106463878327,2.4999999999999933,1.1490494296577909,1.1,0.35277035623409436,3,
882,200,0.4139541748712741,11.549999999999983,0.15235453745284527,3.0,0.0,37.0,14.211895910780669,0.6022727272727273,0.07806691449814127,4.599999999999994,1.5438661710037156,1.1999999999999997,1.3014394693200615,3,
883,140,0.41354042760451515,11.474999999999987,0.15220340358239198,2.0,0.0,22.0,10.79192546583851,0,1.2670807453416149,2.1999999999999984,0.9571428571428556,0.8000000000000005,0.29120955219274064,4,
884,200,0.4131270938782182,11.049999999999981,0.1520680468969671,2.0,0.0,38.0,14.88715953307393,0.6802325581395349,0.027237354085603113,3.5999999999999894,1.6299610894941599,1.7999999999999976,1.017133296996117,3,
885,200,0.41271417327904963,11.22499999999998,0.1519800517092108,3.0,0.0,38.0,15.171102661596958,0.6363636363636364,0.8593155893536122,4.099999999999994,1.9840304182509463,1.9999999999999982,1.4284348253527557,3,
886,200,0.41230166539408875,11.49999999999998,0.15189942621334726,4.0,0.0,37.0,14.946768060836503,0.6337209302325582,0.7908745247148289,3.3999999999999946,1.8494296577946725,2.199999999999993,1.0473817372195167,3,
887,57,0.4118895698108276,4.475000000000001,0.15183843245614545,2.0,0.0,8.0,3.2903225806451615,0,1.0258064516129033,1.7999999999999998,0.6219354838709678,0.6000000000000001,0.12210456210456201,4,
888,200,0.41147788611717057,10.349999999999987,0.15176671312806872,2.0,0.0,37.0,16.290836653386453,0.6890243902439024,0.11553784860557768,4.599999999999989,2.351394422310752,2.4999999999999973,1.3724799999999917,3,
889,200,0.41106661390143395,12.27499999999998,0.15165727426554365,3.0,0.0,36.0,13.230263157894736,0.5153061224489796,0.10197368421052631,3.7999999999999963,1.4924342105263138,1.0,1.251831304441914,3,
890,200,0.4106557527523455,12.174999999999985,0.15156591606981995,2.0,0.0,39.0,14.774545454545455,0.6542553191489362,1.4436363636363636,4.299999999999988,1.81454545454545,1.5999999999999974,1.219004548820472,3,
891,200,0.410245302259044,12.174999999999985,0.15143879022087972,3.0,1.0,37.0,14.10738255033557,0.5867346938775511,2.835570469798658,3.8999999999999897,1.781208053691271,1.7999999999999932,0.9899935812979217,3,
892,200,0.40983526201107895,11.424999999999983,0.1513219840617268,3.0,1.0,37.0,15.193430656934307,0.6611111111111111,0.051094890510948905,4.699999999999999,1.9656934306569323,1.5999999999999988,1.6311075591075568,3,
893,200,0.40942563159841006,14.27499999999999,0.15116525669164518,2.0,0.0,37.0,11.897727272727273,0.4051724137931034,1.6051136363636365,2.999999999999989,1.1014204545454522,1.0,0.45650734849034774,3,
894,200,0.4090164106114069,16.224999999999987,0.15099982253996952,2.0,0.0,36.0,13.435,0.45769230769230773,2.5625,2.899999999999995,1.1162499999999986,0.9,0.5243642147763401,3,
895,200,0.40860759864084845,11.149999999999984,0.1509189083143076,3.0,0.0,38.0,15.778210116731518,0.6453488372093024,0.10116731517509728,3.8999999999999866,2.2206225680933804,2.5999999999999974,1.1978418725775113,3,
896,200,0.4081991952779227,13.599999999999987,0.15078994078992683,3.0,0.0,39.0,13.835570469798657,0.5673076923076923,0.8221476510067114,4.199999999999989,1.7006711409395943,1.699999999999997,1.2990074659639799,3,
897,200,0.4077912001142262,12.649999999999986,0.15066388296416736,2.0,0.0,36.0,13.709779179810726,0.5931372549019608,0.022082018927444796,3.099999999999993,1.2552050473186085,1.1999999999999997,0.5754123875487566,3,
898,200,0.4073836127417638,9.974999999999982,0.15059739991838406,2.0,0.0,36.0,15.4,0.6987179487179487,0.02857142857142857,3.1999999999999877,1.6755102040816279,1.799999999999991,0.7305144608823081,3,
899,200,0.40697643275294815,11.074999999999987,0.15052441738035677,2.0,0.0,40.0,16.95397489539749,0.7142857142857143,0.06694560669456066,5.799999999999997,2.444351464435142,2.0999999999999988,2.378241946778706,3,
900,200,0.4065696597405991,17.57499999999999,0.15036636080626384,3.0,0.0,39.0,12.335839598997493,0.3897058823529411,1.9774436090225564,4.299999999999991,1.2859649122806998,1.0,0.9021645728643162,3,
901,200,0.4061632932979437,14.349999999999984,0.15027550527811212,3.0,0.0,43.0,15.218120805369127,0.5772727272727273,0.8456375838926175,7.000000000000003,2.5543624161073795,2.8999999999999977,3.1213080639167545,3,
902,27,0.40575733301861544,0.9750000000000004,0.15024224897898592,1.0,0.0,3.0,1.5662650602409638,0,0.9036144578313253,1.5,0.5325301204819277,0.5000000000000001,0.1188385598141695,4,
903,200,0.405351778496654,12.424999999999985,0.15010891135157475,2.0,1.0,35.0,13.072368421052632,0.5416666666666666,0.680921052631579,3.0999999999999948,1.3069078947368393,1.1000000000000003,0.6161760536709363,3,
904,33,0.4049466293265049,1.1750000000000003,0.15008189458757884,1.0,0.0,4.0,1.5357142857142858,0,0.0,1.0,0.41190476190476205,0.4000000000000002,0.0679631467044649,4,
905,200,0.4045418851030188,10.549999999999983,0.15003362444315102,3.0,0.0,38.0,17.051502145922747,0.7371794871794872,0.03862660944206009,4.399999999999987,2.3154506437768183,2.59999999999999,1.1413273651635643,3,
906,200,0.4041375454214515,14.324999999999989,0.14989591274940745,2.0,0.0,38.0,13.813291139240507,0.589622641509434,0.43670886075949367,3.899999999999993,1.4566455696202518,0.9,1.3324058885383765,3,
907,200,0.4037336098774634,13.999999999999991,0.14981623544147643,3.0,0.0,41.0,14.79109589041096,0.6153846153846154,0.9417808219178082,5.599999999999999,2.040753424657531,1.7,2.071137421859416,3,
908,200,0.40333007806711874,10.99999999999998,0.14975258295608862,3.0,0.0,39.0,16.416,0.6802325581395349,0.824,4.6999999999999975,2.4159999999999973,2.6999999999999957,1.9877758044128662,3,
909,200,0.40292694958688574,18.57499999999999,0.14957920972675642,2.0,0.0,39.0,12.50599520383693,0.3838028169014085,1.6810551558752997,4.599999999999993,1.2700239808153466,0.8000000000000005,1.2043122009569334,3,
910,200,0.40252422403363597,11.474999999999987,0.14949440698932212,2.0,0.0,38.0,15.116731517509727,0.6453488372093024,0.07003891050583658,4.099999999999987,1.8237354085603061,1.899999999999996,0.9875838783914647,3,
911,200,0.40212190100464373,15.199999999999983,0.14936004858492669,3.0,0.0,39.0,13.316109422492401,0.4553571428571429,0.8419452887537994,4.7999999999999945,1.8148936170212744,1.1999999999999995,1.877576681448625,3,
912,200,0.401719980097586,10.04999999999999,0.1492872566102078,2.0,1.0,34.0,13.57976653696498,0.6730769230769231,0.8949416342412452,1.799999999999999,0.8455252918287932,0.8000000000000003,0.12287094234496083,3,
913,200,0.4013184609105419,11.149999999999983,0.14920645292273335,2.0,0.0,36.0,14.227758007117437,0.6166666666666667,1.3665480427046264,3.2999999999999945,1.66583629893238,1.6999999999999882,0.8478827254305914,3,
914,200,0.4009173430419921,11.499999999999986,0.1491016007548785,2.0,0.0,34.0,13.911184210526315,0.5691489361702128,1.0394736842105263,3.899999999999993,1.6483552631578906,1.6999999999999884,0.9740867824487319,3,
915,110,0.4005166260908188,9.05,0.14900403778530855,2.0,0.0,17.0,8.104868913857677,0,1.1647940074906367,1.9999999999999987,0.84756554307116,0.8,0.164069408596117,4,
916,200,0.40011630965630496,11.574999999999985,0.14888923598081913,3.0,0.0,36.0,14.536496350364963,0.6055555555555555,0.8065693430656934,3.7999999999999967,1.7248175182481729,1.3999999999999992,1.2337800865800814,3,
917,200,0.3997163933381341,14.52499999999999,0.14879593997947996,2.0,0.0,39.0,13.826347305389222,0.5394736842105263,0.46107784431137727,4.2999999999999865,1.6592814371257445,1.4999999999999991,0.9933209627537911,3,
918,200,0.3993168767363899,10.974999999999984,0.1487002616610291,2.0,0.0,37.0,14.334630350194553,0.6547619047619048,0.12840466926070038,3.199999999999988,1.3404669260700341,1.2999999999999967,0.5439737766472825,3,
919,200,0.39891775945155566,13.249999999999982,0.14860224998290694,2.0,0.0,40.0,15.397212543554007,0.63,0.0,5.600000000000008,2.363763066202089,2.1999999999999953,2.8269442016317017,3,
920,200,0.39851904108451414,14.62499999999999,0.14846057041464022,2.0,1.0,37.0,13.260504201680673,0.5042372881355932,4.204481792717087,3.09999999999999,1.2532212885154035,1.0999999999999996,0.457395172933272,3,
921,200,0.39812072123654696,11.549999999999986,0.1483660273231667,2.0,0.0,36.0,14.55893536121673,0.6453488372093024,0.09505703422053231,3.2999999999999914,1.5346007604562701,1.6999999999999988,0.8060007517927307,3,
922,200,0.39772279950933415,10.774999999999977,0.14831292237889399,4.0,1.0,38.0,17.98744769874477,0.725,0.8828451882845189,5.400000000000012,3.049372384937243,3.70000000000002,2.6343448879551943,3,
923,200,0.397325275504954,12.474999999999985,0.14824770278553484,2.0,0.0,39.0,14.76,0.6436170212765957,0.0,4.199999999999988,1.871272727272723,1.5999999999999979,1.491230826192734,3,
924,200,0.39692814882588245,13.749999999999993,0.14814084494467641,2.0,0.0,36.0,13.51497005988024,0.5277777777777778,0.8892215568862275,3.199999999999989,1.472455089820355,1.4999999999999947,0.5120602393438167,3,
925,200,0.39653141907499284,12.899999999999974,0.1480298224886963,3.0,0.0,40.0,15.172043010752688,0.6071428571428571,1.3620071684587813,5.2,2.264874551971325,2.5999999999999988,2.442668550873584,3,
926,200,0.39613508585555535,13.749999999999984,0.14796110048702293,2.0,0.0,43.0,15.778571428571428,0.6346153846153846,0.8785714285714286,6.700000000000013,2.5482142857142867,2.099999999999998,3.3966115639230154,3,
927,200,0.3957391487712367,12.824999999999983,0.1478599277287337,3.0,0.0,38.0,14.241635687732343,0.6722222222222223,0.6133828996282528,3.599999999999991,1.3475836431226746,1.0000000000000007,0.8875621890547215,3,
928,200,0.3953436074260998,10.549999999999986,0.1477842643446142,2.0,0.0,36.0,15.326848249027238,0.6524390243902439,0.12062256809338522,3.69999999999999,1.9357976653696445,2.099999999999994,0.9062030644379772,3,
929,200,0.39494846142460327,13.749999999999986,0.1476716861553551,2.0,0.0,39.0,15.241935483870968,0.6084905660377359,1.429032258064516,4.899999999999999,2.201935483870966,1.8999999999999988,2.0671790549329336,3,
930,200,0.3945537103716011,12.949999999999996,0.1475382185481184,2.0,0.0,35.0,12.72360248447205,0.5343137254901961,1.360248447204969,2.4999999999999925,1.1062111801242214,1.0999999999999972,0.34996479654330703,3,
931,38,0.3941593538723422,0.04999999999999977,0.1475070951383709,1.0,0.0,5.0,1.8169014084507042,0,0.09859154929577464,1.6,0.5549295774647885,0.5000000000000001,0.15715476190476185,4,
932,80,0.39376539153247,5.775000000000005,0.14743062724891462,1.0,1.0,12.0,5.54228855721393,0,1.5422885572139304,1.7000000000000002,0.8109452736318402,0.7999999999999997,0.17102871287128701,4,
933,80,0.3933718229580221,5.350000000000006,0.1473565129810629,2.0,0.0,12.0,5.815789473684211,0,0.9894736842105263,1.6999999999999997,0.7347368421052628,0.7000000000000001,0.13206016787168615,4,
934,200,0.39297864775542996,16.149999999999984,0.14721050481613474,2.0,0.0,38.0,13.282967032967033,0.49590163934426235,0.8214285714285714,4.499999999999997,1.4145604395604396,0.700000000000001,1.7242240839276928,3,
935,200,0.39258586553151836,14.399999999999988,0.1471145725561707,3.0,0.0,35.0,13.713068181818182,0.5267857142857143,1.0454545454545454,2.5999999999999988,1.2906249999999968,1.2999999999999972,0.3949437059635336,3,
936,200,0.39219347589350495,15.34999999999998,0.14696685672865395,2.0,0.0,37.0,13.94225721784777,0.503968253968254,2.7506561679790025,3.5999999999999877,1.3097112860892353,1.2999999999999958,0.41363557453843697,3,
937,200,0.39180147844900015,12.249999999999982,0.14684798264534588,4.0,0.0,37.0,14.482142857142858,0.5869565217391305,0.85,4.299999999999991,1.8817857142857102,1.3999999999999992,1.5677239505605853,3,
938,200,0.3914098728060065,12.599999999999987,0.14676470120082857,2.0,0.0,39.0,15.406716417910447,0.6521739130434783,1.0522388059701493,4.39999999999999,2.165298507462683,1.9999999999999998,1.6443784024615982,3,
939,200,0.3910186585729182,9.774999999999986,0.14665150818934508,2.0,0.0,34.0,15.270916334661354,0.6973684210526315,0.03187250996015936,3.499999999999993,1.696414342629477,1.6999999999999904,0.8252990476190417,3,
940,200,0.3906278353585211,16.74999999999998,0.1465207542818433,2.0,0.0,34.0,15.87621359223301,0.5038461538461538,2.4781553398058254,2.9999999999999973,1.09538834951456,1.0999999999999892,0.3439370695698777,3,
941,200,0.39023740277199187,12.049999999999988,0.146421197207647,2.0,0.0,38.0,14.59765625,0.6453488372093024,0.86328125,4.099999999999992,1.488671874999998,1.1,1.3197746242465793,3,
942,57,0.38984736042289797,3.0500000000000016,0.14637268060904077,2.0,0.0,8.0,3.5877862595419847,0,0.37404580152671757,1.5,0.5938931297709924,0.6000000000000001,0.10164801864801858,4,
943,21,0.38945770792119694,0.44999999999999984,0.14635669960265085,1.0,0.0,2.0,0.9166666666666666,0,0.09722222222222222,1.1,0.3805555555555557,0.40000000000000013,0.07046884043989965,4,
944,200,0.3890684448772363,11.049999999999986,0.14625517288057605,2.0,0.0,37.0,14.706122448979592,0.7,0.0,3.1999999999999913,1.2591836734693849,1.1999999999999984,0.5529554844728733,3,
945,32,0.388679570901753,1.8000000000000003,0.14621435124708462,1.0,0.0,4.0,2.0303030303030303,0,0.7272727272727273,1.6999999999999997,0.6555555555555554,0.6000000000000001,0.17763877551020404,4,
946,200,0.38829108560587294,10.024999999999984,0.1461185412219386,2.0,0.0,37.0,16.910505836575876,0.6785714285714286,1.1750972762645915,5.000000000000001,2.8439688715953295,3.3999999999999955,2.1554145469961243,3,
947,200,0.3879029886011109,14.924999999999986,0.1460041737600827,3.0,0.0,40.0,14.472049689440993,0.5803571428571429,0.8198757763975155,5.499999999999998,1.9484472049689416,1.3999999999999997,2.1140086610148208,3,
948,200,0.3875152794993697,18.099999999999994,0.1458417545160744,2.0,0.0,38.0,12.789473684210526,0.40714285714285714,1.4569377990430623,3.9999999999999916,1.1923444976076538,0.8999999999999994,0.7707592017078422,3,
949,200,0.38712795791294036,11.699999999999987,0.14572415007771167,2.0,0.0,37.0,13.294520547945206,0.5729166666666666,2.345890410958904,3.499999999999989,1.3174657534246539,1.1999999999999995,0.5470643772797062,3,
950,200,0.3867410234545012,13.62499999999999,0.14563860847456256,2.0,0.0,38.0,13.677215189873417,0.5518867924528302,1.9778481012658229,3.7999999999999923,1.6882911392405022,1.4999999999999973,1.1006017725702182,3,
951,200,0.3863544757371177,12.999999999999984,0.14556228640377586,3.0,0.0,41.0,15.604477611940299,0.6354166666666666,0.8208955223880597,5.800000000000005,2.3354477611940285,2.299999999999997,2.452919399078288,3,
952,27,0.3859683143742421,1.1000000000000005,0.14553324761092956,1.0,0.0,3.0,1.7395833333333333,0,0.7604166666666666,1.4000000000000004,0.5416666666666667,0.5000000000000002,0.1159848073792729,4,
953,200,0.38558253897971306,12.574999999999987,0.1454548351189871,2.0,0.0,38.0,14.881118881118882,0.6041666666666666,0.21328671328671328,4.599999999999993,2.13286713286713,2.2999999999999954,1.7518083012409,3,
954,200,0.38519714916775516,14.599999999999984,0.14535639757594773,2.0,0.0,41.0,14.167763157894736,0.5462962962962963,1.424342105263158,5.500000000000001,2.0213815789473655,1.7999999999999945,2.0580848347129734,3,
955,116,0.3848121445529785,10.500000000000004,0.14526816224594313,2.0,0.0,18.0,8.308219178082192,0,2.2226027397260273,1.6999999999999997,0.7893835616438346,0.7999999999999988,0.12800523087388424,4,
956,200,0.3844275247503785,18.874999999999982,0.14511612096987098,2.0,0.0,36.0,13.860520094562649,0.4285714285714286,1.0732860520094563,2.999999999999996,1.1009456264775397,0.9999999999999986,0.3872353125279429,3,
957,200,0.3840432893753352,14.224999999999996,0.1450194811874256,2.0,0.0,36.0,13.024024024024024,0.5370370370370371,1.009009009009009,2.899999999999995,1.2192192192192168,1.099999999999997,0.5375934276026225,3,
958,200,0.38365943804361335,12.349999999999985,0.14493706283213986,3.0,0.0,39.0,15.957142857142857,0.65625,1.042857142857143,5.000000000000002,2.4667857142857135,2.2999999999999967,2.4583924539853848,3,
959,200,0.3832759703713615,11.199999999999983,0.14484832840960432,4.0,0.0,38.0,16.171314741035857,0.6904761904761905,0.05179282868525897,4.29999999999999,2.279681274900394,2.599999999999992,1.723718095238086,3,
960,200,0.38289288597511206,13.924999999999981,0.14476071122518713,3.0,0.0,40.0,13.891304347826088,0.5,2.8229813664596275,5.299999999999996,2.0565217391304325,2.049999999999999,2.195460007908715,3,
961,200,0.38251018447178037,12.399999999999983,0.1446929981665841,2.0,0.0,39.0,14.44106463878327,0.6388888888888888,0.8479087452471483,4.199999999999989,1.5460076045627333,1.4000000000000001,0.9780115082118837,3,
962,200,0.38212786547866506,11.499999999999977,0.14462922480290127,3.0,0.0,38.0,16.09163346613546,0.6904761904761905,0.0,5.000000000000001,2.231872509960158,2.399999999999998,2.5030876190476166,3,
963,116,0.3817459286134471,10.875,0.14456134608384386,2.0,0.0,18.0,7.640410958904109,0,0.958904109589041,1.7999999999999998,0.7318493150684927,0.7000000000000001,0.12224047945767787,4,
964,200,0.38136437349418956,11.574999999999983,0.14446936486409961,2.0,0.0,37.0,13.717472118959108,0.6136363636363636,0.8736059479553904,3.099999999999994,1.2338289962825262,0.9000000000000005,0.7467097844112728,3,
965,200,0.38098319973933725,13.224999999999982,0.14435303131622929,2.0,0.0,40.0,14.872727272727273,0.6041666666666666,0.0,5.1000000000000005,2.043636363636361,1.8999999999999955,2.107651010261287,3,
966,200,0.38060240696771647,15.124999999999982,0.1442661045536291,2.0,0.0,38.0,13.386227544910179,0.5307017543859649,0.9790419161676647,3.6999999999999917,1.395209580838321,1.2000000000000002,0.6825580207072711,3,
967,200,0.38022199479853436,12.449999999999978,0.1442051278651415,3.0,0.0,40.0,15.636363636363637,0.6354166666666666,1.4072727272727272,5.599999999999998,2.4363636363636387,2.099999999999997,2.9581349836030983,3,
968,200,0.3798419628513787,15.524999999999974,0.14413316189682016,2.0,0.0,38.0,15.252747252747254,0.5532786885245902,2.2005494505494507,3.899999999999989,1.6733516483516437,1.5999999999999945,0.7144326200988685,3,
969,51,0.37946231074621756,3.4750000000000014,0.1440854224114501,1.0,0.0,7.0,3.181159420289855,0,0.2536231884057971,1.2999999999999998,0.5355072463768117,0.5000000000000007,0.08765688179383495,4,
970,200,0.37908303810339883,13.824999999999982,0.14399289003880594,2.0,1.0,35.0,13.130057803468208,0.5409090909090909,1.4942196531791907,2.0999999999999988,0.9826589595375701,0.9999999999999961,0.18270659482938592,3,
971,200,0.37870414454364976,15.324999999999983,0.14389516183261764,2.0,0.0,39.0,13.594117647058823,0.48275862068965514,1.6294117647058823,4.599999999999994,1.8991176470588222,1.199999999999999,2.40940241697592,3,
972,200,0.3783256296880768,14.649999999999999,0.14377427701229295,2.0,0.0,35.0,12.733516483516484,0.4568965517241379,2.0714285714285716,2.8999999999999906,1.233241758241755,1.1,0.43958511641948345,3,
973,200,0.37794749315816506,10.99999999999999,0.14370537953502602,3.0,0.0,37.0,14.434306569343066,0.6055555555555555,1.645985401459854,3.29999999999999,1.751094890510944,1.9999999999999878,0.7368881784881723,3,
974,200,0.37756973457577797,12.649999999999984,0.1436474500229577,2.0,0.0,39.0,14.701818181818181,0.6223404255319149,0.0,4.59999999999999,1.901818181818178,1.7999999999999994,1.6203453929969236,3,
975,200,0.37719235356315695,13.37499999999999,0.14358925138670997,2.0,0.0,36.0,13.358255451713395,0.5288461538461539,0.46417445482866043,3.499999999999995,1.5339563862928323,1.2999999999999998,0.8876094720496847,3,
976,200,0.37681534974292086,13.524999999999986,0.1435060157094322,2.0,0.0,39.0,14.301369863013699,0.5147058823529411,0.8356164383561644,4.399999999999993,1.9955479452054763,2.249999999999995,1.647841971312285,3,
977,200,0.37643872273806595,13.649999999999986,0.14340233955272824,2.0,0.0,37.0,13.193037974683545,0.5769230769230769,1.8101265822784811,2.9999999999999933,1.0958860759493652,0.9999999999999979,0.41299354063391747,3,
978,200,0.37606247217196515,11.324999999999985,0.14333727456099435,2.0,0.0,39.0,16.028,0.6918604651162791,0.124,5.199999999999997,2.1711999999999976,1.8499999999999972,2.1478449255188043,3,
979,200,0.37568659766836787,11.149999999999979,0.14327961654781005,2.0,0.0,37.0,15.536121673003802,0.6802325581395349,0.6615969581749049,3.799999999999991,2.052471482889729,2.4999999999999862,1.1038026254915485,3,
980,200,0.37531109885139957,13.62499999999999,0.14320809899684514,3.0,0.0,39.0,13.752508361204013,0.5637254901960784,0.9698996655518395,4.199999999999987,1.682943143812705,1.799999999999998,1.1049722595078213,3,
981,200,0.37493597534556133,11.124999999999984,0.14314943743112873,3.0,0.0,38.0,16.624489795918368,0.7134146341463414,0.10612244897959183,3.9999999999999942,2.380816326530606,2.7999999999999865,1.3505524456883815,3,
982,200,0.3745612267757298,12.549999999999986,0.14304105952908094,2.0,0.0,38.0,14.621428571428572,0.6117021276595744,0.08214285714285714,4.099999999999992,1.9117857142857102,1.5499999999999987,1.4873443538820552,3,
983,200,0.37418685276715613,11.424999999999981,0.14299147595717346,3.0,0.0,40.0,17.0418410041841,0.7261904761904762,0.0,5.29999999999999,2.482008368200832,2.7999999999999954,1.7794982492997113,3,
984,200,0.3738128529454665,14.374999999999995,0.14291701572144208,2.0,0.0,37.0,13.702064896755163,0.5131578947368421,1.448377581120944,3.89999999999999,1.6834808259586986,1.4000000000000001,1.0591463626870803,3,
985,200,0.37343922693666093,15.874999999999988,0.14282375769450575,2.0,1.0,41.0,13.784431137724551,0.5635593220338984,0.7574850299401198,5.399999999999997,1.5910179640718534,1.2499999999999976,1.5752029043969276,3,
986,200,0.3730659743671134,17.42499999999997,0.1427296015357088,2.0,0.0,34.0,15.839449541284404,0.4528985507246377,2.7477064220183487,2.899999999999995,1.2497706422018315,1.1,0.44910781451379433,3,
987,200,0.3726930948635714,11.199999999999978,0.1426285613414082,2.0,0.0,38.0,16.103053435114504,0.6477272727272727,0.05343511450381679,4.399999999999994,2.497709923664119,3.099999999999998,1.9942222804947272,3,
988,200,0.3723205880531552,13.874999999999986,0.14256484445976464,3.0,0.0,38.0,14.692073170731707,0.5863636363636363,1.4146341463414633,4.6999999999999895,1.772865853658533,1.2999999999999998,1.4916861400035233,3,
989,200,0.3719484535633582,13.874999999999984,0.14249372333609817,2.0,0.0,39.0,14.718354430379748,0.6018518518518519,0.9556962025316456,4.299999999999988,1.864873417721516,1.499999999999999,1.6674853537629475,3,
990,200,0.3715766910220457,15.174999999999981,0.1424239618699239,2.0,0.0,40.0,14.715568862275449,0.5862068965517241,3.053892215568862,5.299999999999995,1.7347305389221528,1.2999999999999978,1.6889885706602057,3,
991,200,0.37120530005745517,14.824999999999982,0.14232994954214034,3.0,0.0,41.0,14.977419354838709,0.5590909090909091,2.074193548387097,5.600000000000022,2.476774193548389,1.5,3.547497476560644,3,
992,200,0.37083428029819565,15.599999999999968,0.1422393170739911,2.0,0.0,34.0,16.177339901477833,0.5078125,2.9482758620689653,3.099999999999991,1.4137931034482714,1.2999999999999994,0.47562544362544107,3,
993,200,0.37046363137324734,13.099999999999984,0.14212439415707823,3.0,0.0,40.0,15.79020979020979,0.65,0.8076923076923077,5.400000000000005,2.395104895104896,1.6999999999999964,2.9904321780059986,3,
994,200,0.37009335291196127,12.69999999999999,0.1420017967008731,2.0,0.0,38.0,14.013745704467354,0.6071428571428571,0.9450171821305842,3.7999999999999883,1.6168384879725048,1.5999999999999952,0.7317182333490736,3,
995,200,0.369723444544059,13.674999999999986,0.14190885505393644,2.0,0.0,39.0,14.697819314641745,0.5681818181818182,1.3582554517133956,5.099999999999998,2.089096573208722,1.6999999999999997,2.1234219720496914,3,
996,200,0.369353905899632,11.274999999999986,0.14185166841599597,2.0,0.0,35.0,13.906716417910447,0.6309523809523809,0.0,2.8999999999999955,1.2899253731343263,1.0999999999999988,0.5737497737493528,3,
997,200,0.3689847366091418,12.449999999999989,0.14175578613339362,3.0,0.0,36.0,13.488054607508532,0.6223404255319149,0.658703071672355,3.5999999999999965,1.1532423208191116,0.8999999999999997,0.7513036995620137,3,
998,200,0.3686159363034188,11.749999999999979,0.14172120024197515,2.0,0.0,39.0,16.46303501945525,0.6931818181818182,0.7509727626459144,5.199999999999995,2.5194552529182865,2.8999999999999946,2.678650375484495,3,
999,200,0.3682475046136629,13.124999999999984,0.14165122170821948,2.0,0.0,41.0,15.977695167286246,0.6354166666666666,0.026022304832713755,5.600000000000015,2.5765799256505573,2.5999999999999965,3.0252553897180805,3,
1000,200,0.36787944117144233,13.899999999999986,0.14157847466912715,2.0,0.0,36.0,12.811145510835914,0.47115384615384615,0.04953560371517028,4.199999999999992,1.4390092879256946,0.9999999999999997,1.239728548424194,3,
1001,200,0.3675117456086935,16.49999999999997,0.14146339364409186,3.0,0.0,34.0,15.839622641509434,0.4632352941176471,3.455188679245283,3.2999999999999923,1.2738207547169786,1.1,0.5686810179390884,3,
1002,200,0.36714441755772104,15.27499999999999,0.1413688517239572,2.0,0.0,41.0,13.571014492753623,0.4877049180327869,2.7159420289855074,5.599999999999999,1.9159420289855045,1.4999999999999991,2.081879284850107,3,
1003,200,0.3667774566511966,13.249999999999979,0.14128162202789607,3.0,0.0,42.0,16.120622568093385,0.6861702127659575,0.0,6.000000000000014,2.3700389105058375,1.8999999999999995,3.7612993580426415,3,
1004,200,0.3664108625221595,13.924999999999981,0.14120484707466815,3.0,0.0,41.0,15.322368421052632,0.5462962962962963,2.2072368421052633,6.700000000000001,2.7240131578947384,2.3999999999999977,4.613716712654884,3,
1005,200,0.36604463480401533,12.374999999999977,0.14112287637446358,2.0,0.0,39.0,14.854545454545455,0.601063829787234,1.64,4.3999999999999915,2.032727272727269,2.399999999999995,1.6594599598011126,3,
1006,200,0.36567877313053654,18.824999999999967,0.14103779512206027,2.0,0.0,36.0,16.053571428571427,0.46232876712328763,2.283482142857143,3.399999999999998,1.2752232142857118,1.0999999999999976,0.705483375933591,3,
1007,50,0.3653132771358613,2.9750000000000005,0.14101157682259507,2.0,0.0,7.0,3.1,0,0.0,1.4000000000000001,0.6492307692307691,0.6499999999999997,0.12681460441446232,4,
1008,200,0.36494814645449375,11.849999999999987,0.1409551073763538,3.0,1.0,39.0,15.802919708029197,0.6542553191489362,0.3102189781021898,4.6999999999999975,2.421167883211676,2.5999999999999934,1.8963655011654972,3,
1009,200,0.3645833807213029,11.67499999999998,0.14090968706307522,2.0,0.0,40.0,16.808764940239044,0.6704545454545454,0.03187250996015936,5.4,2.6908366533864507,2.699999999999996,2.3219847619047567,3,
1010,200,0.3642189795715233,14.249999999999984,0.14083487577777146,2.0,0.0,38.0,13.315112540192926,0.5769230769230769,0.6366559485530546,3.5999999999999903,1.3556270096462997,0.999999999999999,1.0428649710504487,3,
1011,200,0.3638549426407535,13.174999999999985,0.14078082244567386,2.0,1.0,41.0,16.072992700729927,0.57,0.7846715328467153,5.700000000000017,2.7583941605839444,2.4999999999999973,3.3235686979687147,3,
1012,200,0.3634912695649568,15.749999999999975,0.14067112538330617,3.0,0.0,34.0,13.54567901234568,0.4375,3.2271604938271605,2.599999999999999,1.0913580246913557,1.0999999999999934,0.313482783007364,3,
1013,200,0.3631279599804599,13.949999999999989,0.1406218308733364,2.0,0.0,38.0,13.430921052631579,0.5735294117647058,0.17105263157894737,4.399999999999992,1.450986842105261,1.0999999999999994,1.2388282205269645,3,
1014,200,0.36276501352395324,13.249999999999986,0.14052528451557905,2.0,0.0,39.0,14.040955631399317,0.59,0.962457337883959,4.899999999999998,1.7430034129692824,1.0999999999999983,2.076809710185443,3,
1015,200,0.36240242983249027,16.199999999999985,0.14041887528353936,3.0,1.0,44.0,15.292063492063493,0.5466101694915254,0.18095238095238095,7.20000000000003,2.7469841269841324,1.4000000000000004,5.910550471660118,3,
1016,200,0.36204020854348745,13.049999999999981,0.14036796627782855,4.0,0.0,41.0,15.317518248175183,0.6275510204081632,1.5547445255474452,6.199999999999992,2.256934306569339,2.199999999999995,1.9924054612054518,3,
1017,200,0.36167834929472326,17.99999999999997,0.14027247500571,2.0,0.0,35.0,14.07565011820331,0.44852941176470584,4.078014184397163,2.9999999999999964,1.1364066193853406,1.0999999999999914,0.38449230975587745,3,
1018,200,0.36131685172433853,16.07499999999999,0.1401886410641318,2.0,1.0,38.0,12.181564245810057,0.41666666666666663,0.8128491620111732,3.8999999999999906,1.269832402234635,0.9,0.8164147218776041,3,
1019,200,0.3609557154708356,13.424999999999983,0.1401337277958223,2.0,1.0,39.0,14.51505016722408,0.5931372549019608,1.4782608695652173,5.199999999999994,1.995986622073576,1.7999999999999985,2.0719803131990986,3,
1020,200,0.3605949401730783,13.124999999999986,0.14007736377749544,3.0,0.0,37.0,13.772277227722773,0.55,0.8514851485148515,3.4999999999999885,1.7250825082508217,1.799999999999999,0.9175326768908966,3,
1021,200,0.3602345254702911,13.399999999999984,0.1400161070784292,3.0,1.0,37.0,14.016129032258064,0.5735294117647058,2.4516129032258065,3.39999999999999,1.7180645161290282,1.9999999999999958,0.8822634990998796,3,
1022,153,0.35987447100205955,12.55,0.1399378728210139,2.0,0.0,24.0,9.389880952380953,0,1.6071428571428572,1.6,0.6369047619047622,0.6000000000000005,0.09750794986491865,4,
1023,62,0.35951477640832885,3.4750000000000028,0.13990106901219457,2.0,1.0,9.0,3.8181818181818183,0,1.0324675324675325,2.0999999999999996,0.7389610389610387,0.7000000000000001,0.20459456040480697,4,
1024,200,0.3591554413294046,12.849999999999982,0.13980424818991008,2.0,1.0,39.0,14.153284671532846,0.6223404255319149,0.06569343065693431,4.399999999999993,1.5430656934306552,1.0499999999999992,1.5693341325341266,3,
1025,200,0.3587964654059516,14.34999999999999,0.13970963162957312,2.0,0.0,38.0,12.25,0.5047169811320755,1.7246835443037976,3.699999999999996,1.0199367088607594,0.75,0.6838182364428407,3,
1026,200,0.3584378482789939,20.39999999999997,0.13961676709904008,2.0,0.0,37.0,15.365638766519824,0.43181818181818177,1.671806167400881,3.199999999999996,0.9986784140969155,0.8000000000000003,0.44832641971714665,2,
1027,200,0.35807958958991437,11.82499999999998,0.13956336197865912,2.0,0.0,37.0,14.098181818181818,0.6277777777777778,0.6509090909090909,3.5999999999999943,1.513454545454541,1.499999999999997,0.7448106421241869,3,
1028,200,0.3577216889804542,16.27499999999998,0.13946347026599443,3.0,0.0,40.0,13.555555555555555,0.5040983606557377,2.7435897435897436,4.899999999999997,1.743874643874641,1.299999999999999,1.5577457792207723,3,
1029,200,0.3573641460927129,17.94999999999998,0.13934546606179338,2.0,1.0,35.0,15.691964285714286,0.4417808219178082,3.6629464285714284,3.3999999999999924,1.306026785714283,1.1999999999999937,0.5501673118986736,3,
1030,200,0.3570069605691474,18.274999999999967,0.13926593808638726,2.0,0.0,35.0,16.871559633027523,0.4722222222222222,5.337155963302752,4.0999999999999925,1.606192660550453,1.4999999999999933,0.5887950235408582,2,
1031,200,0.35665013205257223,12.549999999999985,0.1392062150338642,2.0,0.0,38.0,13.979020979020978,0.5867346938775511,1.527972027972028,4.399999999999996,1.566433566433565,1.0999999999999985,1.5558853230637533,3,
1032,200,0.3562936601861588,11.749999999999982,0.13912690786253779,5.0,0.0,38.0,15.452471482889734,0.6363636363636364,0.053231939163498096,5.100000000000001,2.152851711026617,1.7999999999999994,2.7125691071015536,3,
1033,51,0.35593754461343535,4.225000000000003,0.13908588259032625,1.0,0.0,7.0,3.7228915662650603,0,1.2108433734939759,1.7999999999999994,0.7325301204819276,0.7000000000000001,0.17220105244057327,4,
1034,200,0.35558178497828613,12.724999999999989,0.1390421582864368,2.0,0.0,38.0,15.41095890410959,0.6377551020408163,1.7294520547945205,4.299999999999995,2.1825342465753397,2.1999999999999984,1.7629005547541092,3,
1035,200,0.3552263809249515,18.174999999999976,0.1389700476644115,2.0,0.0,36.0,14.884782608695652,0.3966666666666666,3.4108695652173915,3.4999999999999942,1.3945652173913017,1.1999999999999997,0.6988650702508018,3,
1036,62,0.3548713320980274,4.600000000000001,0.13892850823718114,2.0,0.0,9.0,3.62111801242236,0,0.2795031055900621,1.6,0.6267080745341614,0.6000000000000001,0.14084490740740727,4,
1037,200,0.35451663814246503,13.77499999999998,0.13887145652632796,2.0,0.0,42.0,16.505454545454544,0.6,0.12,6.900000000000022,3.0363636363636393,2.7999999999999976,4.665648471384767,3,
1038,200,0.35416229870357024,14.774999999999984,0.13881189036572475,2.0,0.0,39.0,13.963087248322148,0.5384615384615384,0.5369127516778524,4.499999999999996,1.8013422818791929,1.0999999999999992,2.0610952332691403,3,
1039,200,0.35380831342700375,11.524999999999975,0.13876708452773184,2.0,1.0,39.0,17.5,0.6704545454545454,0.1015625,5.900000000000017,3.204296875000011,4.100000000000012,3.526558785381885,3,
1040,200,0.35345468195878016,11.699999999999989,0.138689634354101,2.0,0.0,36.0,14.828671328671328,0.5978260869565217,1.1538461538461537,4.999999999999994,2.1013986013985995,1.4999999999999993,2.147297023045416,3,
1041,200,0.353101403945268,12.924999999999983,0.13863773830138704,3.0,0.0,39.0,14.260714285714286,0.625,1.2571428571428571,4.199999999999989,1.6374999999999966,1.4999999999999918,1.0594286916924898,3,
1042,200,0.3527484790331891,14.449999999999985,0.13856446862095342,3.0,0.0,41.0,14.22742474916388,0.5801886792452831,0.6421404682274248,5.700000000000006,1.9438127090300992,1.0,2.901624608501118,3,
1043,200,0.35239590686961875,13.32499999999998,0.13849381056308685,2.0,0.0,38.0,14.911184210526315,0.6127450980392157,1.3717105263157894,4.0999999999999925,2.0154605263157848,1.999999999999995,1.3757955959530297,3,
1044,200,0.3520436871019846,14.174999999999988,0.1384010668495589,3.0,1.0,40.0,14.115264797507788,0.5535714285714286,2.1588785046728973,4.999999999999994,1.9414330218068505,1.799999999999998,1.7477395186335338,3,
1045,200,0.3516918193780669,13.674999999999985,0.13834585871818292,2.0,1.0,37.0,14.279742765273312,0.5441176470588235,0.8681672025723473,4.999999999999995,2.0617363344051443,1.799999999999998,2.374541149710505,3,
1046,200,0.3513403033459978,17.22499999999998,0.13822598510914447,3.0,0.0,38.0,13.441102756892231,0.43656716417910446,2.6416040100250626,4.099999999999989,1.5325814536340823,1.1999999999999997,1.038944974874366,3,
1047,200,0.35098913865426146,12.524999999999988,0.13814556287365137,3.0,0.0,39.0,14.660714285714286,0.6354166666666666,0.9321428571428572,4.499999999999989,1.8646428571428526,1.4999999999999998,1.3846603910764084,3,
1048,200,0.35063832495169295,13.374999999999984,0.13811567618522716,2.0,0.0,42.0,15.894545454545455,0.63,1.509090909090909,6.800000000000007,2.6043636363636344,2.3999999999999972,3.0682397122606595,3,
1049,200,0.3502878618874786,12.02499999999999,0.13803583197078473,2.0,0.0,37.0,13.910714285714286,0.6195652173913043,0.8178571428571428,2.999999999999986,1.4274999999999949,1.499999999999995,0.4477851758313196,3,
1050,200,0.3499377491111553,19.499999999999968,0.13797523877854864,2.0,0.0,36.0,16.262443438914026,0.46232876712328763,3.090497737556561,3.199999999999991,1.3502262443438875,1.299999999999991,0.4230451006587719,2,
1051,200,0.3495879862726104,12.499999999999988,0.13791814589848575,2.0,0.0,37.0,13.629893238434164,0.5978260869565217,0.896797153024911,3.1999999999999895,1.3711743772241967,1.0999999999999996,0.7861897163120509,3,
1052,200,0.3492385730220808,13.54999999999999,0.1378501162647483,2.0,0.0,40.0,16.210526315789473,0.6179245283018868,0.6677631578947368,5.900000000000016,2.795065789473686,2.6999999999999966,3.4916910674674164,3,
1053,200,0.34888950901015336,13.199999999999989,0.13778667681227838,2.0,0.0,37.0,14.313664596273291,0.5801886792452831,2.1024844720496896,3.999999999999995,1.732298136645959,1.599999999999998,1.089464232323519,3,
1054,200,0.348540793887764,12.324999999999989,0.13773868398277195,3.0,0.0,40.0,15.477611940298507,0.6648936170212766,0.8768656716417911,4.899999999999995,2.156343283582085,1.9999999999999936,1.8106939281288648,3,
1055,111,0.3481924273061976,9.625000000000005,0.13766134360849336,2.0,1.0,17.0,7.116788321167883,0,2.0291970802919708,1.8000000000000003,0.7197080291970802,0.7000000000000001,0.1323870795870795,4,
1056,200,0.3478444089170874,17.39999999999999,0.13755881103335213,2.0,0.0,39.0,14.43765903307888,0.4779411764705882,2.633587786259542,4.599999999999991,1.8300254452926172,1.5,1.2588521703097435,3,
1057,200,0.34749673837241524,13.024999999999983,0.13749764709588902,2.0,0.0,36.0,13.915857605177994,0.58,2.3754045307443366,3.3999999999999906,1.618770226537213,1.4999999999999973,0.8221158357771197,3,
1058,200,0.3471494153245103,16.24999999999998,0.13741501927298302,2.0,0.0,36.0,15.02127659574468,0.5450819672131147,3.4867021276595747,2.5999999999999988,1.1029255319148905,0.9999999999999998,0.31927561450044184,3,
1059,200,0.34680243942604977,13.449999999999985,0.13735525913916544,2.0,0.0,34.0,14.35,0.5613207547169812,1.9,3.3999999999999955,1.4544117647058779,1.3999999999999926,0.4786023235495105,3,
1060,200,0.3464558103300574,13.52499999999999,0.13725857160493302,2.0,0.0,37.0,14.609756097560975,0.5925925925925926,1.5640243902439024,3.4999999999999893,1.5496951219512156,1.4499999999999973,0.7990317243430606,3,
1061,200,0.3461095276899044,13.474999999999985,0.13716466672560343,2.0,0.0,38.0,13.523489932885907,0.57,2.204697986577181,3.79999999999999,1.513422818791944,1.2999999999999998,0.8345272119185115,3,
1062,200,0.34576359115930777,11.39999999999998,0.1371191638133985,2.0,0.0,39.0,16.804081632653062,0.7023809523809523,0.07755102040816327,4.5999999999999925,2.517959183673466,2.7999999999999967,1.8537491669998598,3,
1063,200,0.3454180003923312,13.774999999999984,0.13706580651256073,2.0,0.0,40.0,15.212328767123287,0.6421568627450981,1.3013698630136987,4.899999999999997,2.063356164383559,1.7999999999999978,1.8600146605209686,3,
1064,200,0.34507275504338375,13.924999999999985,0.13696729661231768,2.0,0.0,38.0,13.668711656441717,0.5045454545454545,2.3987730061349692,3.899999999999988,1.8684049079754563,1.7499999999999996,1.2528478946130248,3,
1065,200,0.3447278547672202,15.824999999999974,0.13685347338674544,3.0,0.0,37.0,15.456692913385826,0.5277777777777778,4.624671916010499,3.399999999999989,1.6797900262467145,1.6999999999999966,0.6672864425461517,3,
1066,200,0.34438329921894,16.949999999999978,0.13674802100371736,3.0,0.0,40.0,15.87696335078534,0.5454545454545454,3.4659685863874348,4.899999999999991,1.733507853403137,1.4999999999999991,1.167785750018839,3,
1067,200,0.34403908805398786,14.27499999999998,0.13665426488220098,3.0,0.0,42.0,15.244755244755245,0.6057692307692307,0.1853146853146853,6.900000000000004,2.372027972027971,1.649999999999999,3.5628275566966185,3,
1068,200,0.34369522092815236,17.72499999999998,0.13657167050950797,2.0,0.0,40.0,14.789893617021276,0.5075757575757576,3.3111702127659575,5.1999999999999895,1.6103723404255286,1.3999999999999986,1.0784904686118413,3,
1069,200,0.3433516974975665,10.399999999999983,0.13651040059429725,2.0,0.0,38.0,16.952789699570815,0.7371794871794872,0.030042918454935622,4.299999999999997,2.256223175965663,2.499999999999998,1.6485002210433197,3,
1070,21,0.34300851741870664,-0.10000000000000009,0.13649619141698854,1.0,0.0,2.0,0.75,0,0.11666666666666667,1.1,0.39666666666666683,0.40000000000000013,0.07267574326201721,4,
1071,200,0.3426656803483929,13.424999999999986,0.13644150266513053,2.0,0.0,37.0,14.315112540192926,0.5245098039215687,0.3440514469453376,5.0000000000000036,2.152411575562702,2.0999999999999974,2.424962985938796,3,
1072,200,0.34232318594378797,13.999999999999982,0.13639822967064547,2.0,0.0,42.0,15.483985765124554,0.6323529411764706,1.0,6.299999999999999,2.419572953736652,2.1999999999999966,2.9499389564336314,3,
1073,200,0.3419810338623976,17.049999999999994,0.1363281883841194,2.0,0.0,39.0,12.805333333333333,0.453125,1.9786666666666666,4.3999999999999915,1.4002666666666648,0.9999999999999994,1.1579548299010074,3,
1074,200,0.34163922376206945,14.49999999999999,0.1362435087098824,2.0,0.0,38.0,13.867647058823529,0.5043859649122807,2.8088235294117645,5.2,1.886764705882352,1.3999999999999972,2.075695724011453,3,
1075,200,0.3412977553009937,14.64999999999999,0.13619056638102295,2.0,0.0,39.0,14.529411764705882,0.5517241379310345,1.1176470588235294,4.29999999999999,1.8973529411764665,1.5999999999999999,1.3329162882031782,3,
1076,200,0.34095662813770156,16.09999999999998,0.136090944870435,5.0,1.0,37.0,13.793956043956044,0.5166666666666667,0.4835164835164835,4.199999999999994,1.464010989010987,1.0999999999999979,1.2838518434657862,3,
1077,200,0.3406158419310661,20.52499999999997,0.13599005650368892,2.0,1.0,35.0,15.688559322033898,0.41666666666666663,4.1525423728813555,2.799999999999995,1.2599576271186412,1.1999999999999988,0.3750296476840666,2,
1078,200,0.3402753963403008,12.399999999999984,0.1359494596766311,3.0,0.0,40.0,16.66030534351145,0.6630434782608695,0.08778625954198473,6.500000000000008,2.8183206106870227,2.2999999999999963,3.9054464402779683,3,
1079,200,0.33993529102496034,17.674999999999983,0.13585025972267845,4.0,0.0,39.0,13.807881773399014,0.44565217391304346,2.3793103448275863,4.199999999999989,1.42709359605911,1.2999999999999965,0.7277925197925152,3,
1080,200,0.3395955256449391,21.124999999999982,0.1357371133127459,2.0,1.0,33.0,14.074074074074074,0.2993827160493827,4.734892787524366,2.0999999999999988,0.944639376218321,0.8999999999999992,0.19545446254863796,3,
1081,200,0.33925609986047195,13.44999999999999,0.1356953025902764,1.0,0.0,38.0,13.917763157894736,0.6029411764705882,2.148026315789474,3.6999999999999873,1.5180921052631542,1.5999999999999996,0.7056342585078123,3,
1082,200,0.3389170133321328,13.44999999999999,0.13562823879179167,2.0,0.0,38.0,14.949664429530202,0.63,1.5738255033557047,4.499999999999992,1.9080536912751644,1.5999999999999979,1.4699516908212493,3,
1083,200,0.3385782657208353,14.22499999999999,0.13557473339155723,2.0,0.0,39.0,13.425806451612903,0.5424528301886793,0.45161290322580644,4.599999999999993,1.586451612903224,1.199999999999999,1.4015729612170722,3,
1084,200,0.3382398566878317,14.699999999999987,0.1355222401965243,2.0,0.0,37.0,13.243161094224924,0.5318181818181819,1.9483282674772036,4.099999999999993,1.44285714285714,1.0999999999999988,1.1476875461936373,3,
1085,200,0.33790178589471304,11.92499999999999,0.13544687676974232,2.0,0.0,38.0,15.267399267399268,0.6413043478260869,0.15384615384615385,4.999999999999991,2.1421245421245376,2.1999999999999917,1.4064861528552957,3,
1086,81,0.33756405300340836,5.8750000000000036,0.13541415960227854,2.0,0.0,12.0,5.4873096446700504,0,0.9035532994923858,2.1999999999999997,0.7649746192893397,0.7000000000000001,0.22827149041434697,4,
1087,200,0.33722665767618487,13.174999999999986,0.135340109791494,2.0,0.0,38.0,14.078947368421053,0.5441176470588235,1.0328947368421053,4.399999999999992,1.956249999999997,1.599999999999999,1.612149434615585,3,
1088,200,0.33688959957564707,18.27499999999999,0.13525213549992743,2.0,0.0,39.0,13.177725118483412,0.4097222222222222,3.4597156398104265,4.499999999999995,1.2969194312796188,1.1,0.7784545970137494,3,
1089,200,0.336552878364737,12.049999999999985,0.13518060792019643,3.0,0.0,38.0,15.294776119402986,0.6611111111111111,0.8022388059701493,4.7,2.046641791044775,1.6999999999999984,2.08326399621291,3,
1090,200,0.33621649370673334,20.54999999999997,0.13507863171923168,2.0,0.0,37.0,16.026490066225165,0.4294871794871795,2.5364238410596025,2.999999999999992,1.3518763796909452,1.2999999999999932,0.460247066391171,2,
1091,200,0.3358804452652514,20.27499999999998,0.13498156885288343,2.0,0.0,37.0,13.850840336134453,0.34493670886075944,3.6260504201680672,3.7999999999999914,1.344537815126048,1.0999999999999996,0.816045194747871,3,
1092,200,0.3355447327042427,12.57499999999998,0.13494130068937257,4.0,0.0,40.0,16.28214285714286,0.6581632653061225,2.0607142857142855,6.100000000000008,2.6617857142857178,2.0999999999999983,4.073055906325354,3,
1093,200,0.33520935568799465,12.774999999999983,0.1348793477384193,2.0,0.0,39.0,15.695817490494296,0.65,0.026615969581749048,4.900000000000003,2.2714828897338393,2.0999999999999983,2.644890411751097,3,
1094,200,0.3348743138811302,15.474999999999989,0.13482280329356933,2.0,0.0,39.0,13.35103244837758,0.5,2.312684365781711,4.3999999999999915,1.6834808259586997,1.2999999999999972,1.4021581970066064,3,
1095,200,0.3345396069486076,14.449999999999989,0.13477742866739306,2.0,0.0,41.0,14.632911392405063,0.5535714285714286,2.0822784810126582,5.60000000000001,2.284493670886074,1.9999999999999984,2.5332975814931653,3,
1096,200,0.33420523455571977,12.824999999999982,0.1347203246615824,2.0,0.0,38.0,14.728571428571428,0.5797872340425532,1.5142857142857142,5.2999999999999945,2.051071428571427,1.5499999999999992,2.355243179122179,3,
1097,200,0.3338711963680944,13.049999999999985,0.13464800590184123,3.0,0.0,41.0,15.682142857142857,0.62,1.7392857142857143,6.00000000000001,2.552499999999999,2.299999999999994,3.062318524470978,3,
1098,200,0.3335374920516932,17.199999999999985,0.13459069211079291,2.0,0.0,40.0,13.410526315789474,0.4545454545454546,2.968421052631579,5.800000000000001,1.692105263157893,1.1,2.086320542386024,3,
1099,200,0.33320412127281185,16.749999999999982,0.1345510356178008,2.0,0.0,41.0,13.478260869565217,0.4795081967213115,2.028985507246377,5.400000000000008,1.895072463768115,1.199999999999998,2.3478505175426787,3,
1100,200,0.33287108369807955,13.599999999999984,0.13448311331882695,3.0,0.0,41.0,15.337883959044369,0.6057692307692307,1.5119453924914676,5.400000000000017,2.459726962457339,2.499999999999998,2.9705628552791037,3,
1101,200,0.3325383789944587,15.199999999999987,0.13442039221870572,3.0,0.0,40.0,14.744318181818182,0.5368852459016393,4.150568181818182,5.200000000000001,2.0610795454545423,1.7999999999999974,1.7034137187961527,3,
1102,200,0.33220600682924445,12.049999999999983,0.13438828895189403,2.0,1.0,41.0,17.25390625,0.6521739130434783,0.18359375,5.70000000000002,3.082421875000002,3.4999999999999956,2.7978977645533023,3,
1103,200,0.3318739668700649,17.924999999999972,0.1343349449237134,3.0,0.0,41.0,16.361702127659573,0.4766666666666667,5.709219858156028,5.900000000000002,2.030023640661935,1.5999999999999956,1.932797326298843,3,
1104,200,0.3315422587848797,13.899999999999984,0.13428029570287134,2.0,0.0,41.0,14.503355704697986,0.5424528301886793,0.3288590604026846,5.700000000000007,2.193959731543622,1.999999999999994,2.447910543562717,3,
1105,200,0.331210882241981,13.974999999999993,0.1342191175541244,2.0,0.0,40.0,13.674657534246576,0.5833333333333334,0.22602739726027396,4.799999999999998,1.5270547945205455,1.0,1.620211697922893,3,
1106,200,0.33087983690999206,14.174999999999981,0.13416691005407086,3.0,1.0,42.0,15.771812080536913,0.6203703703703703,1.3154362416107384,6.000000000000014,2.6389261744966435,2.3499999999999974,2.9257660214182,3,
1107,200,0.3305491224578677,15.349999999999989,0.13411595040384158,2.0,0.0,39.0,14.08955223880597,0.4956140350877193,0.6895522388059702,5.000000000000009,2.1880597014925405,1.599999999999997,3.128422619047634,3,
1108,200,0.3302187385548933,21.499999999999975,0.13402715886358874,2.0,0.0,36.0,15.335353535353535,0.37650602409638556,3.0646464646464646,2.9999999999999956,1.2729292929292906,1.1999999999999988,0.4343396565234404,2,
1109,200,0.329888684870685,11.52499999999998,0.133997128099179,4.0,0.0,39.0,17.560669456066947,0.725609756097561,0.8075313807531381,5.8000000000000025,2.7933054393305463,2.4999999999999964,3.637926820728305,3,
1110,200,0.32955896107518906,16.149999999999995,0.13391211611719175,2.0,0.0,36.0,12.414948453608247,0.43253968253968256,3.422680412371134,2.6999999999999926,0.9667525773195859,0.8999999999999972,0.2552107371315822,3,
1111,200,0.32922956683868165,11.899999999999986,0.13388546957158098,2.0,0.0,39.0,15.686131386861314,0.6542553191489362,0.9051094890510949,4.999999999999993,2.351094890510944,2.3999999999999977,1.5668262404262332,3,
1112,200,0.3289005018317685,17.149999999999984,0.13381990292251517,2.0,0.0,39.0,15.121827411167512,0.5111940298507462,4.248730964467005,4.199999999999987,1.667005076142127,1.5999999999999954,0.7308449769703945,3,
1113,200,0.3285717657253846,11.274999999999984,0.13376327757723194,3.0,0.0,37.0,15.708955223880597,0.6022727272727273,1.828358208955224,5.099999999999995,2.4227611940298486,2.4999999999999973,1.9062622001308738,3,
1114,200,0.32824335819079375,17.324999999999978,0.13372948221601758,3.0,1.0,36.0,15.116504854368932,0.4779411764705882,4.405339805825243,3.199999999999992,1.3167475728155298,1.2999999999999878,0.4810573042776401,3,
1115,200,0.32791527889958855,13.499999999999984,0.133706309715839,3.0,0.0,43.0,16.7992700729927,0.6617647058823529,0.9051094890510949,6.900000000000012,3.0189781021897817,2.799999999999997,4.259258608058621,3,
1116,200,0.3275875275236895,15.949999999999985,0.13363388578411878,4.0,1.0,41.0,14.402402402402402,0.538135593220339,2.5405405405405403,5.500000000000011,2.1075075075075063,1.4999999999999987,2.401256583219106,3,
1117,200,0.3272601037353453,19.47499999999998,0.1335703140824659,2.0,0.0,41.0,14.552036199095022,0.4383116883116883,5.280542986425339,5.60000000000001,1.5918552036199083,1.099999999999998,1.927273844074879,3,
1118,200,0.3269330072071321,13.774999999999983,0.13348528507476184,2.0,0.0,38.0,14.171339563862928,0.5277777777777778,1.9781931464174456,4.800000000000001,2.0741433021806843,1.4,2.1617511645962706,3,
1119,200,0.3266062376119534,14.52499999999999,0.13341730482803302,4.0,0.0,40.0,14.25233644859813,0.5535714285714286,2.2274143302180685,5.399999999999992,2.0367601246105886,1.7000000000000002,1.7711269409937804,3,
1120,200,0.32627979462303947,15.54999999999999,0.13334999706935194,2.0,0.0,40.0,13.00578034682081,0.5166666666666667,3.2514450867052025,4.799999999999993,1.3676300578034655,1.1999999999999957,0.9364166562251969,3,
1121,200,0.32595367791394736,12.574999999999985,0.133338378958705,2.0,0.0,37.0,13.906716417910447,0.5944444444444444,0.16791044776119404,3.199999999999989,1.316791044776116,1.2999999999999943,0.598644306141482,3,
1122,200,0.32562788715856034,15.87499999999998,0.13327827456837418,3.0,0.0,42.0,15.912087912087912,0.5576923076923077,4.958791208791209,6.600000000000007,2.2651098901098874,1.8999999999999984,2.4011909128646383,3,
1123,200,0.3253024220310876,14.699999999999982,0.13325164301200573,3.0,0.0,40.0,15.46984126984127,0.5772727272727273,1.9428571428571428,5.80000000000001,2.567936507936511,1.8999999999999968,3.231671168265763,3,
1124,200,0.324977282206064,14.449999999999985,0.13318616643928113,3.0,0.0,41.0,14.262658227848101,0.5089285714285714,1.5981012658227849,5.399999999999995,2.2389240506329084,2.599999999999999,2.290564818987523,3,
1125,200,0.32465246735834974,18.274999999999977,0.13311182180620848,4.0,0.0,39.0,15.610837438423646,0.5108695652173914,1.4482758620689655,4.399999999999988,1.5320197044334933,1.2999999999999987,0.7725754845754805,3,
1126,200,0.3243279771631298,13.124999999999982,0.13308736097000187,2.0,0.0,40.0,16.144781144781145,0.6057692307692307,1.8855218855218856,6.400000000000011,2.928619528619534,3.2999999999999963,3.566797115907875,3,
1127,200,0.32400381129591416,15.074999999999982,0.13301475524947703,3.0,0.0,42.0,14.531055900621118,0.5086206896551724,1.1428571428571428,6.30000000000002,2.442236024844722,1.6999999999999995,4.059497506823697,3,
1128,200,0.3236799694325367,19.64999999999999,0.1329272614237548,2.0,0.0,40.0,13.787878787878787,0.42567567567567566,2.386946386946387,4.799999999999997,1.4554778554778534,1.0999999999999988,1.2581411649641354,3,
1129,200,0.32335645124915574,10.87499999999998,0.13287172735081582,2.0,0.0,39.0,17.542857142857144,0.7023809523809523,0.061224489795918366,5.700000000000002,2.9612244897959186,3.199999999999997,2.862421697987477,3,
1130,200,0.3230332564222529,11.474999999999984,0.13283404080740674,3.0,0.0,40.0,15.910204081632653,0.7034883720930233,0.8408163265306122,5.199999999999991,1.9816326530612203,1.7999999999999958,1.6901805944288866,3,
1131,200,0.3227103846286335,16.024999999999988,0.13280133340998806,2.0,0.0,42.0,14.511111111111111,0.5517241379310345,2.9746031746031747,6.300000000000008,2.177460317460316,1.2999999999999994,2.788250221720552,3,
1132,200,0.3223878355454255,15.999999999999993,0.13275834084642413,2.0,0.0,39.0,12.556473829201101,0.4193548387096774,2.046831955922865,4.6999999999999975,1.4961432506887027,1.0999999999999996,1.4801616477445152,3,
1133,200,0.32206560885008,13.999999999999996,0.132685422645119,2.0,0.0,38.0,13.3121387283237,0.48275862068965514,2.213872832369942,4.199999999999989,1.6815028901734068,1.6999999999999984,1.0992624149020518,3,
1134,200,0.32174370422037013,16.899999999999995,0.13262643643880356,2.0,0.0,42.0,14.125333333333334,0.46641791044776115,3.525333333333333,6.600000000000007,2.145866666666665,1.399999999999999,3.2979730344749156,3,
1135,200,0.32142212133439135,13.974999999999984,0.13259509199174435,2.0,0.0,41.0,15.596428571428572,0.6,0.2357142857142857,6.000000000000005,2.5482142857142835,2.7499999999999942,3.05846439367849,3,
1136,200,0.32110085987056064,11.299999999999986,0.13254563195057045,2.0,0.0,38.0,15.055776892430279,0.7023809523809523,0.0,3.99999999999999,1.567330677290833,1.3999999999999981,0.9999047619047554,3,
1137,200,0.3207799195076166,20.024999999999977,0.13248846469861247,3.0,0.0,37.0,16.023354564755838,0.4125,5.237791932059448,4.099999999999987,1.5594479830148584,1.399999999999999,0.713157050126212,2,
1138,200,0.32045929992461875,16.82499999999999,0.13241677816727038,3.0,0.0,42.0,13.613832853025936,0.49193548387096775,2.089337175792507,6.300000000000006,1.8962536023054744,1.0999999999999996,3.0139303036343077,3,
1139,200,0.3201390008009476,16.57499999999999,0.132365961060743,3.0,1.0,41.0,13.780219780219781,0.4375,2.4368131868131866,5.799999999999996,2.2057692307692314,1.2999999999999994,3.3687009321106527,3,
1140,200,0.31981902181630384,19.92499999999998,0.1322949184085761,2.0,0.0,34.0,16.01762114537445,0.41891891891891897,3.5198237885462555,3.499999999999994,1.3898678414096868,1.2999999999999996,0.4321901850908452,2,
1141,200,0.31949936265070866,18.949999999999974,0.13222615598760068,3.0,0.0,37.0,14.51931330472103,0.37337662337662336,2.9141630901287554,3.4999999999999876,1.4120171673819708,1.1999999999999997,0.6476697289954132,3,
1142,200,0.31918002298450265,14.94999999999998,0.13218580787940182,3.0,1.0,43.0,15.433656957928802,0.5394736842105263,1.6796116504854368,6.600000000000026,2.840129449838191,1.9999999999999987,4.760704859656496,3,
1143,200,0.3188610024983463,16.949999999999964,0.13211124562970006,1.0,0.0,35.0,16.1675,0.49615384615384617,2.2775,3.299999999999992,1.5407499999999952,1.4999999999999944,0.5277677360483484,3,
1144,200,0.31854230087321894,16.34999999999998,0.1320402317052081,2.0,0.0,37.0,15.291866028708133,0.46739130434782605,3.0717703349282295,3.599999999999998,1.5440191387559765,1.3999999999999981,0.74892784579019,3,
1145,200,0.3182239177904191,11.674999999999986,0.13199252335997527,2.0,0.0,39.0,16.62109375,0.6704545454545454,0.109375,5.2000000000000135,2.676953125000004,3.350000000000003,2.466420538643483,3,
1146,200,0.3179058529315635,12.674999999999985,0.1319656561264723,3.0,0.0,39.0,14.946564885496183,0.65,0.0,4.399999999999989,1.803816793893126,1.699999999999999,1.3570281019186141,3,
1147,200,0.31758810597858733,14.474999999999984,0.13191590156010094,3.0,0.0,39.0,13.885906040268456,0.5288461538461539,1.3724832214765101,4.299999999999989,1.8234899328859027,1.3999999999999968,1.5225526164656515,3,
1148,200,0.3172706766137436,15.32499999999999,0.13187972256649935,2.0,0.0,41.0,13.7524115755627,0.55,1.639871382636656,5.899999999999993,1.7916398713826334,1.1999999999999955,2.4641999586434995,3,
1149,33,0.31695356451960294,1.5250000000000004,0.1318645108954825,1.0,0.0,4.0,1.7578947368421052,0,0.6947368421052632,1.4,0.528421052631579,0.5000000000000002,0.10036125886524817,4,
1150,200,0.31663676937905316,13.224999999999982,0.13179331617931112,2.0,0.0,39.0,14.104895104895105,0.5663265306122449,0.7307692307692307,4.599999999999994,1.7741258741258723,1.3499999999999999,1.6303294822421843,3,
1151,200,0.3163202908752992,16.07499999999999,0.13173816607980074,2.0,0.0,45.0,15.439873417721518,0.5416666666666666,1.1012658227848102,7.9000000000000234,2.901582278481016,1.9999999999999984,4.956344599669544,3,
1152,200,0.31600412869186245,20.774999999999967,0.13166058970212965,3.0,1.0,37.0,16.48619957537155,0.404320987654321,4.921443736730361,4.099999999999992,1.8626326963906539,1.9999999999999898,0.8769091236927468,2,
1153,200,0.3156882825125808,12.59999999999999,0.13160275702607255,2.0,0.0,36.0,14.167785234899329,0.6145833333333334,3.0436241610738257,2.8999999999999977,1.5697986577181162,1.6999999999999886,0.5161406709232755,3,
1154,200,0.31537275202160797,14.54999999999999,0.13153528783025642,2.0,0.0,39.0,14.058823529411764,0.5136363636363637,0.9473684210526315,4.799999999999997,2.098452012383899,1.9999999999999987,2.177077294685984,3,
1155,98,0.3150575369034133,7.0750000000000055,0.1315089398741331,2.0,1.0,15.0,6.795555555555556,0,2.031111111111111,1.9,0.8044444444444437,0.7999999999999988,0.1658501896333754,4,
1156,200,0.3147426368427819,14.649999999999984,0.13147257737882057,2.0,0.0,38.0,13.377581120943953,0.47807017543859653,3.0973451327433628,4.199999999999993,1.7825958702064866,1.3999999999999995,1.456494430908451,3,
1157,200,0.31442805152481357,13.549999999999983,0.13142669685167668,3.0,0.0,40.0,15.027972027972028,0.61,0.7202797202797203,5.199999999999998,2.2314685314685283,1.7999999999999983,2.3280591723210398,3,
1158,200,0.31411378063492296,20.024999999999974,0.1313301104335451,2.0,0.0,35.0,16.174603174603174,0.45547945205479456,4.253968253968254,2.5999999999999948,1.2825396825396784,1.2999999999999963,0.2917828054298625,2,
1159,200,0.3137998238588391,13.22499999999998,0.131269365003807,2.0,0.0,41.0,16.011194029850746,0.6354166666666666,0.7686567164179104,5.800000000000011,2.5749999999999997,2.6999999999999975,3.128112582320429,3,
1160,92,0.3134861808826053,9.250000000000009,0.13123101331324685,2.0,0.0,14.0,7.742268041237113,0,2.7869415807560136,2.0999999999999996,0.994158075601373,0.9999999999999983,0.23670406235238522,4,
1161,200,0.3131728513925785,15.899999999999983,0.1311679021541546,4.0,0.0,42.0,14.446601941747574,0.5892857142857143,0.6763754045307443,6.100000000000008,2.0187702265372156,1.1999999999999984,2.723236070381231,3,
1162,200,0.3128598350754292,19.72499999999998,0.1311125037381018,2.0,0.0,36.0,16.0,0.4276315789473685,3.7167755991285403,3.799999999999991,1.4302832244008674,1.2999999999999945,0.5056866337573541,2,
1163,200,0.312547131618141,20.44999999999999,0.1310440884768498,2.0,0.0,39.0,13.263269639065818,0.3375,3.4309978768577496,4.599999999999995,1.3416135881104012,1.0000000000000004,1.0411604760187492,3,
1164,200,0.31223474070801055,18.424999999999972,0.13098376164763056,2.0,1.0,37.0,17.455188679245282,0.5,2.4033018867924527,3.79999999999999,1.7535377358490507,1.7499999999999956,0.6548967876512288,2,
1165,200,0.31192266203264674,15.324999999999987,0.130921709703307,2.0,1.0,43.0,15.306930693069306,0.5833333333333334,1.7095709570957096,6.6000000000000085,2.4458745874587438,1.9999999999999973,2.8311606831648675,3,
1166,200,0.31161089527997105,14.649999999999986,0.1308974454417372,3.0,1.0,42.0,15.4,0.5803571428571429,2.52258064516129,6.900000000000022,2.6606451612903257,1.9999999999999978,4.203527195912572,3,
1167,200,0.3112994401382165,18.849999999999977,0.1308383116211501,2.0,0.0,43.0,15.244094488188976,0.5181159420289855,1.5931758530183726,7.000000000000008,2.2325459317585277,1.3999999999999995,3.2842652245797765,3,
1168,200,0.3109882962959281,15.59999999999998,0.13080970880737167,3.0,1.0,38.0,13.776536312849162,0.5,2.7094972067039107,4.099999999999987,1.7743016759776498,1.5999999999999963,1.3512495806121811,3,
1169,200,0.31067746344196184,14.299999999999986,0.13076264603451637,2.0,0.0,40.0,13.759197324414716,0.5673076923076923,0.903010033444816,4.799999999999992,1.6869565217391262,1.599999999999997,1.2981387024608413,3,
1170,200,0.31036694126548503,18.749999999999993,0.13069757937096135,2.0,0.0,37.0,12.512820512820513,0.37676056338028174,2.722610722610723,3.399999999999994,1.0806526806526793,0.8999999999999992,0.557554118669852,3,
1171,200,0.31005672945597523,14.949999999999983,0.1306472539692174,3.0,0.0,44.0,15.717171717171718,0.5535714285714286,1.9562289562289563,7.800000000000015,2.9043771043771054,2.0999999999999965,5.400749138400161,3,
1172,200,0.3097468277032208,16.774999999999977,0.13058926455915987,2.0,0.0,40.0,17.0025,0.5181159420289855,4.01,5.199999999999994,2.2832499999999962,2.1999999999999926,1.4900537503359397,3,
1173,200,0.30943723569731985,20.974999999999962,0.13052054010833233,2.0,1.0,35.0,16.26271186440678,0.3892405063291139,2.3961864406779663,3.9999999999999925,1.7569915254237254,1.7999999999999978,1.1003374135369342,2,
1174,200,0.3091279531286804,12.899999999999983,0.130491733448452,3.0,0.0,41.0,16.347014925373134,0.6458333333333334,0.11940298507462686,5.400000000000026,2.751865671641795,2.799999999999997,3.231944502457448,3,
1175,200,0.30881897968801986,15.299999999999976,0.13046038641509833,3.0,0.0,41.0,16.600558659217878,0.5515873015873016,4.329608938547486,5.8000000000000105,2.7731843575418997,2.4999999999999982,2.642932827727205,3,
1176,200,0.3085103150663647,14.174999999999983,0.13042175516878904,2.0,0.0,41.0,15.089605734767025,0.62,0.2114695340501792,5.400000000000009,2.176702508960573,1.2999999999999994,2.7542954779033924,3,
1177,200,0.3082019589550503,15.699999999999985,0.13036447868267875,3.0,0.0,40.0,14.535928143712574,0.4913793103448276,1.0508982035928143,5.7000000000000055,2.462275449101802,1.2000000000000002,4.440053785128442,3,
1178,200,0.3078939110457206,14.799999999999983,0.13034676677896892,2.0,0.0,43.0,14.684563758389261,0.5681818181818182,1.1644295302013423,6.600000000000007,2.268456375838925,1.7499999999999978,3.1354832607006506,3,
1179,200,0.3075861710303276,18.624999999999964,0.13027983809951504,2.0,0.0,36.0,17.070640176600442,0.44999999999999996,5.450331125827814,4.399999999999996,1.93995584988962,1.8999999999999893,0.9588276285524918,2,
1180,200,0.30727873860113125,19.749999999999975,0.13021270705357244,2.0,0.0,39.0,14.972457627118644,0.39375000000000004,3.8389830508474576,4.3999999999999915,1.5281779661016917,1.299999999999999,1.075333710381847,3,
1181,200,0.30697161345069907,11.724999999999982,0.13019180735808167,1.0,0.0,40.0,16.583690987124463,0.7142857142857143,0.8240343347639485,4.899999999999992,2.0347639484978495,2.099999999999995,1.40392462422634,3,
1182,200,0.306664795271906,13.124999999999982,0.13015634204383342,3.0,0.0,40.0,15.757142857142858,0.6275510204081632,0.24642857142857144,5.100000000000007,2.5353571428571406,2.2999999999999976,2.2336712202961757,3,
1183,200,0.30635828375793367,15.824999999999987,0.13012207395210734,2.0,0.0,39.0,14.957983193277311,0.5450819672131147,3.526610644257703,4.599999999999992,1.932212885154058,1.5,1.4928395894796251,3,
1184,200,0.3060520786022707,16.19999999999997,0.13006877346456097,2.0,1.0,39.0,16.008108108108107,0.5436507936507936,3.108108108108108,4.799999999999993,2.230810810810807,2.099999999999995,1.5554944886376056,3,
1185,200,0.30574617949871175,19.84999999999998,0.13001476591560587,1.0,0.0,40.0,14.78588807785888,0.4894366197183099,2.0121654501216546,4.899999999999992,1.331630170316299,1.1999999999999948,0.7568142315889145,3,
1186,200,0.3054405861413579,11.499999999999982,0.12997311782917498,2.0,0.0,39.0,16.89539748953975,0.7134146341463414,0.8284518828451883,5.299999999999995,2.4092050209204987,2.4999999999999987,2.2490759803921514,3,
1187,200,0.3051352982246155,15.574999999999992,0.12991935568036644,3.0,0.0,40.0,15.006211180124224,0.5982142857142857,0.7422360248447205,4.8999999999999995,2.004347826086953,1.5499999999999974,1.7119230732135413,3,
1188,200,0.30483031544319683,16.599999999999984,0.12987811908980568,2.0,0.0,42.0,14.378917378917379,0.5119047619047619,3.8233618233618234,7.000000000000006,2.208831908831907,1.4999999999999996,3.6881285714285736,3,
1189,200,0.304525637492119,15.17499999999998,0.1298517549617468,2.0,0.0,42.0,15.81055900621118,0.5517241379310345,1.124223602484472,6.700000000000018,2.9937888198757805,2.6999999999999984,4.958270111783061,3,
1190,200,0.3042212640667041,17.774999999999977,0.12981340543508585,3.0,0.0,40.0,15.444976076555024,0.45833333333333337,4.270334928229665,5.499999999999997,2.0291866028708108,1.699999999999996,1.9696857311286966,3,
1191,200,0.3039171948625785,11.77499999999998,0.12979644363163012,3.0,0.0,40.0,17.08764940239044,0.7045454545454546,0.8924302788844621,5.5000000000000195,2.786454183266935,2.799999999999996,2.913647619047633,3,
1192,200,0.30361342957567317,15.999999999999982,0.1297639630581205,2.0,0.0,40.0,15.731382978723405,0.5269230769230769,4.351063829787234,4.999999999999997,2.175265957446807,1.9999999999999971,1.8094808134394376,3,
1193,200,0.30330996790222264,20.674999999999972,0.1297137334319212,2.0,0.0,36.0,14.708582834331338,0.35365853658536583,5.119760479041916,2.899999999999991,1.2055888223552855,1.1999999999999953,0.30563864541832475,3,
1194,200,0.3030068095387654,16.84999999999999,0.12967202194049493,3.0,0.0,42.0,13.544927536231883,0.45967741935483875,2.9304347826086956,6.600000000000005,2.022028985507245,1.299999999999999,3.2996004167226762,3,
1195,200,0.30270395418214285,17.524999999999977,0.12962128561402705,3.0,0.0,38.0,15.20356234096692,0.5075757575757576,2.005089058524173,5.099999999999988,1.7033078880407084,1.2999999999999985,1.3578858903967614,3,
1196,200,0.3024014015294998,21.249999999999964,0.1295504766542275,2.0,0.0,37.0,16.589130434782607,0.4208860759493671,2.5717391304347825,4.099999999999993,1.810652173913039,1.7999999999999905,0.9617389023577566,2,
1197,200,0.3020991512782834,17.99999999999998,0.12951121651678865,2.0,0.0,38.0,14.23409669211196,0.46212121212121215,3.1755725190839694,4.299999999999993,1.6941475826971983,1.299999999999998,1.4186263337822387,3,
1198,200,0.3017972031262435,12.324999999999982,0.12949944117313072,2.0,0.0,40.0,16.638783269961976,0.6739130434782609,0.060836501901140684,6.000000000000005,2.782509505703425,2.4999999999999964,3.9081156025908093,3,
1199,200,0.3014955567714318,13.09999999999998,0.12946347680692724,3.0,0.0,44.0,19.153284671532848,0.6634615384615384,1.9306569343065694,8.800000000000026,4.431386861313875,4.2499999999999964,7.9042296370296885,3,
1200,200,0.30119421191220214,14.049999999999986,0.1294382350253946,2.0,1.0,39.0,14.84097859327217,0.5,2.8776758409785934,5.40000000000002,2.6094801223241637,1.9,3.2964241358671464,3,
1201,200,0.30089316824720935,21.999999999999964,0.1293852611960617,2.0,1.0,35.0,16.08695652173913,0.37962962962962965,3.339544513457557,3.899999999999991,1.720703933747408,1.599999999999993,0.9754347416069358,2,
1202,200,0.30059242547541,14.074999999999989,0.12934292852488233,2.0,1.0,38.0,14.389261744966444,0.6,0.15771812080536912,4.19999999999999,1.8214765100671106,1.4999999999999991,1.4235816357555422,3,
1203,200,0.30029198329606105,18.72499999999997,0.12930706290850275,2.0,0.0,40.0,17.154017857142858,0.47077922077922074,5.428571428571429,4.799999999999998,1.9676339285714242,2.0999999999999925,1.2168826076341623,3,
1204,200,0.2999918414087205,11.799999999999983,0.12927741158682615,2.0,0.0,41.0,17.439688715953306,0.6847826086956522,0.1245136186770428,6.000000000000014,3.1614785992217924,3.099999999999997,3.487245942344976,3,
1205,200,0.2996919995132463,21.69999999999996,0.12922578926374154,1.0,0.0,38.0,16.55773420479303,0.42901234567901236,3.838779956427015,3.899999999999993,1.7649237472766843,1.6999999999999957,0.7804944940193608,2,
1206,200,0.2993924573097967,20.32499999999997,0.1291779520659993,2.0,0.0,37.0,16.897959183673468,0.4633333333333334,4.244897959183674,3.5999999999999983,1.7165532879818546,1.799999999999994,0.7433352529823106,2,
1207,200,0.29909321449882925,18.32499999999999,0.12914135368947388,2.0,0.0,37.0,12.11,0.40909090909090906,1.98,3.3999999999999937,0.9782499999999991,0.8,0.43360464752904515,3,
1208,116,0.29879427078110127,10.850000000000005,0.12910940624405828,1.0,0.0,18.0,7.727848101265823,0,2.3417721518987342,2.3999999999999986,0.9155063291139229,0.8000000000000005,0.28479405137449226,4,
1209,200,0.2984956258576689,20.724999999999987,0.12906957047636936,2.0,0.0,40.0,13.967320261437909,0.37658227848101267,1.5969498910675382,5.19999999999999,1.4917211328975999,1.2999999999999954,1.1996321435352129,3,
1210,200,0.2981972794298874,19.49999999999997,0.1289926214785171,2.0,0.0,35.0,15.740816326530613,0.370253164556962,4.53469387755102,3.7999999999999914,1.58897959183673,1.5999999999999928,0.7989022861402969,3,
1211,200,0.2978992311994101,16.32499999999998,0.12896215016616683,2.0,0.0,44.0,14.545741324921135,0.538135593220339,2.5141955835962144,7.300000000000008,2.3700315457413237,1.4,4.276399968155404,3,
1212,200,0.29760148086818883,15.999999999999993,0.1289353229732469,3.0,1.0,40.0,14.065040650406504,0.4375,2.6504065040650406,5.6000000000000245,2.2986449864498693,1.5,3.097500587544088,3,
1213,200,0.2973040281384732,17.949999999999974,0.12888530676624152,2.0,0.0,35.0,16.86800894854586,0.45547945205479456,3.3758389261744965,3.79999999999999,1.7519015659955208,1.5999999999999979,0.7066609945547678,2,
1214,200,0.2970068727128105,13.249999999999979,0.12885859627303417,2.0,0.0,44.0,18.40408163265306,0.7074468085106383,0.0326530612244898,7.20000000000003,3.477959183673476,3.699999999999998,6.309496867919537,3,
1215,200,0.29671001429404525,16.64999999999998,0.12882855349614938,3.0,0.0,44.0,16.397058823529413,0.5992063492063492,1.0205882352941176,7.800000000000003,2.493823529411761,1.9999999999999978,3.4604329622228547,3,
1216,200,0.2964134525853191,16.39999999999998,0.1287801029067226,3.0,0.0,42.0,14.302395209580839,0.55,0.6377245508982036,6.400000000000011,2.040119760479041,1.3999999999999968,3.12015490116983,3,
1217,200,0.29611718729007014,18.49999999999998,0.12873109758129198,3.0,1.0,36.0,15.364406779661017,0.3798701298701299,4.584745762711864,3.5999999999999974,1.6120762711864365,1.5999999999999925,0.8512774762885816,3,
1218,200,0.2958212181120332,20.074999999999974,0.1286870492496535,2.0,0.0,39.0,17.337995337995338,0.5,4.160839160839161,4.79999999999999,1.7729603729603682,1.5999999999999943,1.085754944577261,2,
1219,200,0.295525544755239,12.849999999999982,0.12866957809817653,3.0,1.0,40.0,18.029197080291972,0.65625,0.07664233576642336,7.200000000000026,3.7569343065693506,4.4499999999999975,5.346099766899808,3,
1220,200,0.2952301669240142,15.499999999999988,0.1286486389710881,2.0,0.0,41.0,13.591591591591591,0.5127118644067796,1.8168168168168168,5.500000000000003,1.848048048048046,1.399999999999999,2.2589129572180915,3,
1221,200,0.2949350843229809,18.14999999999999,0.12859801069999413,2.0,0.0,39.0,13.350877192982455,0.42647058823529416,3.6390977443609023,4.199999999999989,1.5115288220551346,1.3999999999999995,0.7713005025125586,3,
1222,200,0.29464029665705654,15.599999999999987,0.12856060565537675,2.0,0.0,41.0,14.148387096774194,0.5954545454545455,0.6774193548387096,5.600000000000004,1.7741935483870956,1.0999999999999983,2.392584730330179,3,
1223,200,0.29434580363145335,21.799999999999983,0.12848194970686133,3.0,0.0,39.0,14.45086705202312,0.32386363636363635,5.633911368015414,4.199999999999991,1.365510597302502,1.0999999999999996,0.7774453519453494,3,
1224,200,0.29405160495167837,21.549999999999983,0.12844350483150402,3.0,0.0,37.0,15.962962962962964,0.37209302325581395,5.360623781676413,3.9999999999999925,1.4686159844054534,1.2999999999999998,0.6500311588034985,2,
1225,200,0.29375770032353277,18.79999999999997,0.1284066436782734,2.0,0.0,35.0,17.011627906976745,0.4823943661971831,3.2232558139534886,3.499999999999995,1.5944186046511581,1.5999999999999923,0.621414069302698,2,
1226,200,0.2934640894531121,20.37499999999999,0.12837185680980928,2.0,1.0,42.0,13.25432098765432,0.3938356164383562,1.5679012345679013,6.400000000000012,1.7609876543209873,0.9,2.971780105350442,3,
1227,200,0.2931707720468052,20.39999999999999,0.12832764980977912,3.0,1.0,40.0,13.111363636363636,0.375,3.797727272727273,5.399999999999994,1.4231818181818163,1.0999999999999983,1.327287640948556,3,
1228,200,0.2928777478112949,20.62499999999997,0.12830463520010804,3.0,0.0,42.0,16.756880733944953,0.48376623376623373,1.224770642201835,6.000000000000003,1.8002293577981618,1.5999999999999903,1.7107658276125075,3,
1229,80,0.29258501645355667,6.800000000000006,0.12828648311257043,1.0,0.0,12.0,5.877934272300469,0,0.7981220657276995,1.9999999999999991,0.9342723004694824,0.8999999999999986,0.20441676952918364,4,
1230,200,0.2922925776808594,16.599999999999977,0.12823925832597577,2.0,0.0,42.0,14.255072463768116,0.5,2.634782608695652,6.20000000000002,2.2602898550724646,1.2999999999999998,3.4264229063046225,3,
1231,200,0.2920004312007641,14.574999999999974,0.12818266264395914,3.0,0.0,42.0,17.08385093167702,0.603448275862069,1.984472049689441,6.600000000000019,3.2509316770186363,3.099999999999996,4.419808840407807,3,
1232,200,0.2917085767211244,15.349999999999987,0.12815773601994943,2.0,0.0,40.0,14.877675840978593,0.5482456140350878,1.7125382262996942,5.600000000000011,2.3911314984709477,1.6,2.842608484213684,3,
1233,200,0.2914170139500857,13.599999999999989,0.12812645896056354,2.0,0.0,39.0,14.59032258064516,0.589622641509434,1.967741935483871,4.9999999999999964,2.0393548387096745,1.9999999999999958,1.6771138097170561,3,
1234,200,0.2911257425960852,21.024999999999984,0.12808603541499589,2.0,0.0,40.0,14.19287211740042,0.35365853658536583,4.578616352201258,4.89999999999999,1.6700209643605846,1.3,1.332754913680947,3,
1235,200,0.29083476236785155,14.049999999999983,0.12807735503479525,2.0,0.0,41.0,14.426573426573427,0.5637254901960784,1.555944055944056,5.6,1.9797202797202766,1.5999999999999963,2.2696164802249457,3,
1236,200,0.2905440729744046,12.92499999999999,0.12803091013866014,1.0,0.0,39.0,15.142857142857142,0.625,0.8928571428571429,4.999999999999998,2.166785714285712,1.5999999999999988,2.1487456472659052,3,
1237,200,0.2902536741250547,12.999999999999984,0.12799624391813125,2.0,0.0,41.0,15.545801526717558,0.6223404255319149,1.0190839694656488,5.700000000000001,2.199999999999998,1.8999999999999957,2.6915659280625817,3,
1238,200,0.2899635655294032,21.074999999999985,0.1279413856304888,2.0,0.0,42.0,14.272340425531915,0.37650602409638556,2.570212765957447,6.100000000000005,1.666170212765956,1.1999999999999993,1.8094807581745485,3,
1239,200,0.2896737468973414,19.824999999999974,0.12790937209704373,2.0,0.0,37.0,17.57239819004525,0.45779220779220775,4.866515837104072,5.100000000000001,2.1361990950226217,1.8999999999999904,1.42073309685048,2,
1240,200,0.2893842179390506,19.04999999999997,0.12786254943478595,3.0,0.0,41.0,15.437799043062201,0.48287671232876717,4.083732057416268,5.699999999999999,1.802392344497605,1.6999999999999962,1.617132718646082,3,
1241,200,0.28909497836500186,18.79999999999997,0.1278119083598711,3.0,0.0,35.0,17.25581395348837,0.47535211267605637,3.1930232558139533,4.299999999999995,1.7493023255813924,1.5999999999999992,1.1081799252564872,2,
1242,200,0.28880602788595566,15.724999999999987,0.12777103244798968,2.0,0.0,36.0,12.907563025210084,0.4655172413793104,3.4873949579831933,3.299999999999994,1.3473389355742278,1.0999999999999996,0.700369562488228,3,
1243,200,0.2885173662129613,13.149999999999977,0.1277500001416024,3.0,0.0,42.0,17.226765799256505,0.6683673469387755,0.9776951672862454,7.000000000000024,3.2189591078066977,3.5999999999999974,4.833053067993398,3,
1244,200,0.2882289930573573,16.87499999999998,0.12770483491643947,3.0,1.0,36.0,13.992,0.4795081967213115,3.032,3.899999999999993,1.6322666666666632,1.3999999999999955,0.9388855387416041,3,
1245,200,0.2879409081307702,13.674999999999986,0.12765531001412941,2.0,0.0,38.0,15.269736842105264,0.6029411764705882,0.12828947368421054,5.199999999999999,2.3470394736842106,2.3999999999999986,2.5491635556998347,3,
1246,200,0.2876531111451154,12.174999999999978,0.12763385475159256,3.0,0.0,40.0,16.76734693877551,0.6704545454545454,0.8448979591836735,5.199999999999995,2.4959183673469365,2.799999999999998,2.368349326935888,3,
1247,200,0.28736560181259563,12.849999999999984,0.12759623087653316,2.0,0.0,38.0,14.199288256227758,0.5904255319148937,0.8113879003558719,3.99999999999999,1.7256227758007088,1.4999999999999996,1.4492550658561223,3,
1248,200,0.28707837984570167,16.94999999999999,0.1275558741247158,2.0,0.0,44.0,14.784431137724551,0.5161290322580645,0.4251497005988024,7.50000000000002,2.6041916167664683,1.6999999999999984,5.006194971090512,3,
1249,200,0.2867914449572114,18.19999999999998,0.1274841186297314,2.0,0.0,37.0,15.892773892773892,0.4683098591549296,2.6153846153846154,4.099999999999996,1.6177156177156142,1.3999999999999932,1.0009503368832833,3,
1250,200,0.2865047968601901,17.399999999999984,0.12745529033409037,3.0,0.0,42.0,13.167613636363637,0.4563492063492064,0.5965909090909091,6.100000000000007,1.8071022727272712,1.0999999999999999,2.6694881479867294,3,
1251,200,0.28621843526798946,17.349999999999987,0.12743640732098077,2.0,0.0,43.0,14.491329479768787,0.5119047619047619,0.8786127167630058,7.100000000000016,2.3335260115606937,1.3499999999999985,4.11688727394229,3,
1252,200,0.285932359894248,15.799999999999988,0.1273999371137811,3.0,0.0,42.0,13.929878048780488,0.5296610169491526,1.4969512195121952,6.099999999999998,2.007012195121949,1.4999999999999973,2.335307901806041,3,
1253,200,0.28564657045289016,15.274999999999983,0.12737237837189172,3.0,0.0,42.0,15.10759493670886,0.5307017543859649,1.4620253164556962,6.800000000000014,2.7022151898734186,2.4499999999999966,4.043801412047483,3,
1254,200,0.28536106665812666,15.72499999999998,0.12733940925767778,2.0,0.0,45.0,17.174342105263158,0.6293103448275862,0.3717105263157895,8.200000000000031,3.3733552631579005,3.4499999999999966,5.1279968619813205,3,
1255,200,0.28507584822445353,14.824999999999985,0.12730431230159733,3.0,0.0,42.0,14.753424657534246,0.5801886792452831,0.8493150684931506,6.000000000000009,2.2154109589041076,1.7999999999999958,2.9124336464820604,3,
1256,200,0.2847909148666525,14.974999999999985,0.1272677976247345,2.0,0.0,41.0,13.933993399339935,0.5833333333333334,0.6798679867986799,5.499999999999997,1.7409240924092386,1.2999999999999996,1.6606535378180503,3,
1257,200,0.2845062662997899,17.524999999999995,0.1272379466264549,2.0,1.0,36.0,13.007751937984496,0.41666666666666663,0.7906976744186046,4.199999999999997,1.5149870801033576,0.9999999999999992,1.5070205918487212,3,
1258,200,0.28422190223921745,19.574999999999967,0.12720211411646942,2.0,0.0,37.0,17.696969696969695,0.4864864864864865,1.8158508158508158,5.099999999999998,1.9883449883449857,1.599999999999997,1.579965985655296,2,
1259,200,0.28393782240057086,18.274999999999967,0.12715632920903364,2.0,0.0,37.0,18.559808612440193,0.5069444444444444,4.976076555023924,4.899999999999996,2.297607655502388,2.199999999999996,1.1567951557608318,2,
1260,200,0.2836540264997704,15.549999999999985,0.12713492652099023,2.0,0.0,44.0,17.225396825396825,0.597457627118644,1.2412698412698413,8.700000000000017,3.6003174603174637,2.199999999999998,8.100303757155569,3,
1261,200,0.28337051425301996,19.524999999999995,0.12708641852930957,2.0,0.0,41.0,13.338129496402878,0.3664383561643836,1.7625899280575539,5.700000000000016,1.8944844124700253,1.0999999999999983,2.9202981229297134,3,
1262,200,0.2830872853768075,12.874999999999982,0.12706120103132001,3.0,0.0,40.0,15.59533073929961,0.65,0.0,5.399999999999997,2.1108949416342386,1.8999999999999995,2.2488647650193725,3,
1263,200,0.2828043395879039,18.37499999999997,0.12703096241542183,2.0,0.0,40.0,16.7807881773399,0.5071428571428571,2.165024630541872,4.799999999999993,2.251724137931031,2.2499999999999956,1.4070375830375812,3,
1264,200,0.2825216766033636,16.649999999999977,0.12699829952171732,2.0,0.0,39.0,16.835164835164836,0.5645161290322581,3.2527472527472527,4.7999999999999945,2.4068681318681278,2.599999999999995,1.300100003773724,3,
1265,200,0.2822392961405233,14.07499999999998,0.12699191417511313,3.0,0.0,44.0,17.955223880597014,0.6421568627450981,1.8917910447761195,8.000000000000027,3.7458955223880657,3.599999999999997,7.2085536666527865,3,
1266,200,0.28195719791700274,13.849999999999977,0.12696572635357883,2.0,0.0,44.0,18.078358208955223,0.6617647058823529,0.12686567164179105,7.900000000000013,3.7682835820895564,3.499999999999997,6.914500786656115,3,
1267,200,0.28167538165070355,21.374999999999982,0.1269147085414869,2.0,0.0,37.0,14.846153846153847,0.3571428571428571,4.556213017751479,2.99999999999999,1.230966469428004,1.299999999999991,0.3383915066446718,3,
1268,200,0.2813938470598095,19.59999999999997,0.12687665234295104,2.0,0.0,39.0,17.453125,0.47077922077922074,5.082589285714286,4.999999999999989,2.1149553571428514,2.099999999999998,1.0448038644165707,2,
1269,200,0.281112593862786,18.249999999999993,0.1268510778170828,2.0,0.0,41.0,13.453333333333333,0.4545454545454546,3.4,5.700000000000001,1.7522666666666638,1.3999999999999977,1.6009062464444164,3,
1270,200,0.2808316217783798,16.599999999999984,0.12682539879771898,2.0,1.0,42.0,14.323699421965317,0.5403225806451613,0.9364161849710982,6.000000000000005,1.8739884393063562,1.2999999999999985,2.409805955811718,3,
1271,200,0.2805509305256187,18.574999999999974,0.1267781216283651,2.0,1.0,37.0,15.285403050108933,0.42105263157894735,4.108932461873638,4.099999999999992,1.5845315904139388,1.399999999999999,0.8769980064552828,3,
1272,200,0.28027051982381157,13.349999999999984,0.1267522749391035,2.0,0.0,42.0,16.5859649122807,0.5961538461538461,1.024561403508772,6.800000000000033,3.1971929824561496,3.900000000000009,3.8500746084901376,3,
1273,200,0.27999038939254756,22.724999999999973,0.12670919304886186,2.0,0.0,42.0,15.698224852071005,0.3792134831460674,4.710059171597633,6.000000000000005,1.693688362919129,1.2999999999999967,1.8437937661448436,3,
1274,200,0.27971053895169634,15.099999999999987,0.12669021765100102,2.0,0.0,41.0,14.92258064516129,0.5772727272727273,1.835483870967742,6.200000000000005,2.3529032258064486,2.199999999999995,2.7583912423646426,3,
1275,200,0.2794309682214073,20.274999999999977,0.1266528724186783,2.0,0.0,36.0,16.36610878661088,0.3919753086419753,5.554393305439331,4.499999999999992,1.8535564853556454,1.6499999999999964,1.2658820131038138,2,
1276,200,0.27915167692210985,18.099999999999973,0.1266284857934887,2.0,0.0,38.0,16.61556603773585,0.4894366197183099,4.290094339622642,3.999999999999989,1.7563679245282982,1.6999999999999929,1.1334563204004966,3,
1277,200,0.2788726647745125,11.949999999999976,0.12659456543717043,2.0,0.0,42.0,19.90557939914163,0.7383720930232558,0.030042918454935622,7.10000000000003,4.027896995708163,5.0,6.596210212201632,3,
1278,200,0.27859393149960326,17.74999999999999,0.12656428522502794,2.0,0.0,43.0,13.878787878787879,0.4545454545454546,2.1322314049586777,6.60000000000003,2.231680440771355,1.199999999999999,3.4433475502398427,3,
1279,200,0.27831547681864865,19.674999999999986,0.12650483198780862,2.0,0.0,37.0,12.851380042462845,0.3205128205128205,5.225053078556264,3.0999999999999908,1.1658174097664515,1.0999999999999988,0.2908710782545971,3,
1280,200,0.27803730045319414,13.599999999999985,0.1264959281664143,2.0,0.0,40.0,15.293515358361775,0.6029411764705882,0.41638225255972694,5.299999999999998,2.4331058020477814,2.5999999999999974,2.6957613456341476,3,
1281,200,0.2777594021250632,19.224999999999973,0.12645775248019886,3.0,0.0,35.0,17.912735849056602,0.4894366197183099,2.6745283018867925,4.2999999999999945,2.0280660377358446,2.099999999999995,1.097213683771377,2,
1282,200,0.2774817815563575,18.624999999999993,0.1264196087601605,2.0,0.0,40.0,13.787654320987654,0.4357142857142857,3.422222222222222,5.0000000000000036,1.6943209876543186,1.2999999999999965,1.5203473881870933,3,
1283,200,0.2772044384694566,15.749999999999986,0.12639141294827044,2.0,0.0,41.0,14.084084084084084,0.5211864406779662,1.5195195195195195,5.599999999999997,2.0912912912912884,1.6999999999999957,2.3428581992641138,3,
1284,200,0.2769273725870171,13.949999999999983,0.12636259081633536,3.0,0.0,42.0,16.076923076923077,0.5769230769230769,1.0314685314685315,6.700000000000001,2.9573426573426578,2.8999999999999977,4.449213766122632,3,
1285,200,0.2766505836319734,23.299999999999972,0.12630810835716663,2.0,0.0,37.0,16.077868852459016,0.3735294117647059,2.221311475409836,3.5999999999999917,1.7737704918032755,1.7999999999999978,0.8712828846533328,2,
1286,200,0.27637407132753633,21.24999999999997,0.12626864276419664,2.0,0.0,37.0,17.279816513761467,0.4766666666666667,4.006880733944954,3.5999999999999943,1.8511467889908206,1.999999999999987,0.6424561929561491,2,
1287,200,0.2760978353971936,13.299999999999986,0.12624787721131453,2.0,0.0,39.0,15.405693950177936,0.65625,0.03202846975088968,4.899999999999997,2.141992882562276,2.3999999999999977,2.333283941236064,3,
1288,200,0.27582187556470933,21.724999999999973,0.12620515377021044,2.0,1.0,39.0,16.630252100840337,0.4107142857142857,4.527310924369748,4.699999999999991,1.953361344537811,1.9999999999999978,1.1272835926293663,2,
1289,200,0.2755461915541236,16.574999999999992,0.126185062072177,2.0,1.0,38.0,13.953168044077135,0.5204918032786885,1.2369146005509641,4.099999999999992,1.4382920110192803,1.399999999999999,0.5857833464877643,3,
1290,200,0.27527078308975234,17.049999999999986,0.1261630319333092,3.0,0.0,41.0,14.572192513368984,0.4696969696969697,3.021390374331551,6.400000000000004,2.350534759358289,1.549999999999998,3.2327367292225277,3,
1291,200,0.27499564989618713,17.474999999999973,0.12615139296279315,3.0,0.0,42.0,16.24607329842932,0.5367647058823529,3.2931937172774868,6.100000000000002,2.179581151832457,1.799999999999997,2.0214293839901876,3,
1292,200,0.2747207916982947,20.64999999999997,0.12610571869860743,2.0,0.0,37.0,16.390658174097666,0.4,3.7048832271762207,3.7999999999999883,1.8218683651804617,1.7999999999999936,0.7593341146772408,2,
1293,200,0.27444620822121696,11.949999999999983,0.1260929185367177,1.0,0.0,42.0,18.365638766519822,0.75,0.0,6.500000000000011,2.9066079295154186,3.1999999999999966,3.347290017078098,3,
1294,200,0.2741718991903702,17.17499999999999,0.1260526055393169,2.0,0.0,39.0,13.93717277486911,0.4884615384615385,3.0366492146596857,4.799999999999993,1.6801047120418808,1.4999999999999953,1.203696195938949,3,
1295,200,0.2738978643314456,22.87499999999998,0.12602803827272593,2.0,0.0,36.0,15.660749506903352,0.36764705882352944,4.226824457593688,3.8999999999999897,1.4001972386587735,1.1999999999999953,0.7683855933522103,2,
1296,200,0.27362410337040804,15.22499999999999,0.1259893141781731,2.0,0.0,41.0,14.5,0.5982142857142857,2.680379746835443,5.399999999999998,1.8686708860759456,1.5999999999999992,1.380646237043709,3,
1297,200,0.27335061603349675,22.49999999999997,0.12594719913745037,2.0,0.0,39.0,17.92511013215859,0.4487951807228916,2.4008810572687223,5.70000000000001,2.462995594713655,2.1999999999999984,2.0504467894136833,2,
1298,200,0.2730774020472242,18.52499999999998,0.1259142137030282,2.0,0.0,40.0,17.517857142857142,0.46794871794871795,6.723214285714286,5.300000000000002,2.1859374999999956,1.7999999999999892,1.689877630130093,2,
1299,200,0.2728044611383765,19.57499999999997,0.12588183788977814,2.0,1.0,36.0,17.8,0.472972972972973,3.4465116279069767,4.799999999999998,2.075813953488369,1.799999999999999,1.459701999469983,2,
1300,200,0.2725317930340126,19.874999999999986,0.12584812888950858,2.0,0.0,40.0,14.435523114355231,0.4683098591549296,2.199513381995134,5.300000000000002,1.6206812652068108,1.199999999999997,1.8631599573762745,3,
1301,200,0.2722593974614645,20.12499999999997,0.12583344504310046,2.0,0.0,38.0,17.487695749440714,0.45779220779220775,4.510067114093959,5.600000000000002,2.1545861297539126,1.7999999999999954,1.8457991672005163,2,
1302,200,0.2719872741483365,14.899999999999979,0.12581054855018795,4.0,0.0,45.0,17.44890510948905,0.6084905660377359,0.05474452554744526,8.100000000000026,3.5839416058394216,3.799999999999996,6.931367299367337,3,
1303,200,0.27171542282250544,20.074999999999978,0.12578351811370503,2.0,0.0,42.0,14.775330396475772,0.39375000000000004,5.744493392070485,6.199999999999995,1.9515418502202604,1.799999999999997,1.6992019018509017,3,
1304,200,0.27144384321211973,14.299999999999981,0.125768234613411,2.0,0.0,43.0,16.535714285714285,0.6538461538461539,0.8071428571428572,6.800000000000021,2.914642857142862,2.499999999999999,4.458306738606389,3,
1305,200,0.2711725350455999,13.849999999999993,0.12573604099667576,1.0,0.0,37.0,12.59016393442623,0.51,0.04590163934426229,3.0999999999999903,1.1295081967213092,1.0,0.4675277347781182,3,
1306,200,0.27090149805163766,16.974999999999977,0.1257184408989132,3.0,0.0,43.0,15.887052341597796,0.553030303030303,2.928374655647383,6.700000000000008,2.411845730027546,1.7999999999999998,2.669218778459113,3,
1307,200,0.2706307319591961,13.424999999999981,0.12570187476506445,4.0,0.0,45.0,18.653061224489797,0.71875,0.02857142857142857,7.900000000000025,3.597959183673473,3.0999999999999956,6.55949286951889,3,
1308,200,0.270360236497509,24.099999999999973,0.12564414760375867,2.0,1.0,38.0,16.185792349726775,0.32894736842105265,4.491803278688525,4.59999999999999,1.5198542805100135,1.3999999999999946,0.6270577969475742,2,
1309,200,0.270090011396081,14.57499999999998,0.1256352185160341,2.0,0.0,40.0,15.092105263157896,0.589622641509434,1.3980263157894737,5.300000000000018,2.402302631578948,2.049999999999999,2.8997300221825553,3,
1310,200,0.2698200563846868,15.374999999999988,0.12559555073396536,3.0,0.0,41.0,13.201219512195122,0.4655172413793104,1.5914634146341464,5.499999999999997,1.7381097560975582,1.1999999999999975,1.9517670077986218,3,
1311,200,0.2695503711933716,17.024999999999984,0.12557474272574087,2.0,0.0,38.0,15.35135135135135,0.5483870967741935,2.902702702702703,3.7999999999999976,1.63405405405405,1.5999999999999905,0.831711261587006,3,
1312,200,0.26928095555244996,15.17499999999998,0.1255505820564149,3.0,0.0,43.0,15.69023569023569,0.5714285714285714,1.5757575757575757,6.900000000000021,2.750841750841754,2.8999999999999972,3.5683983312171415,3,
1313,200,0.2690118091925064,23.39999999999999,0.1255231531417386,3.0,0.0,39.0,15.470134874759152,0.33241758241758246,3.5722543352601157,4.299999999999991,1.6256262042389178,1.2999999999999994,1.0604455004454962,2,
1314,200,0.26874293184439435,23.524999999999977,0.12549500753627635,2.0,0.0,38.0,16.771929824561404,0.3695652173913043,5.216374269005848,4.8999999999999915,1.9539961013645186,1.799999999999998,1.2144964433365715,2,
1315,200,0.2684743232392366,17.749999999999982,0.1254860170008973,2.0,1.0,42.0,14.476964769647697,0.4772727272727273,1.2032520325203253,6.400000000000002,2.2644986449864475,1.799999999999999,2.6181897767332543,3,
1316,200,0.2682059831084244,18.724999999999987,0.1254640077867348,2.0,0.0,39.0,13.113065326633166,0.42647058823529416,1.9597989949748744,4.999999999999992,1.4595477386934645,1.2,1.032314855147942,3,
1317,200,0.26793791118361776,12.899999999999979,0.1254521353938519,2.0,0.0,43.0,18.083969465648856,0.6683673469387755,0.9427480916030534,7.1000000000000325,3.667938931297718,4.099999999999998,4.791713648879018,3,
1318,200,0.26767010719674456,13.674999999999983,0.12544334682886107,2.0,0.0,42.0,15.904580152671755,0.6377551020408163,0.7633587786259542,6.000000000000012,2.401526717557251,1.8999999999999961,2.7741602202700966,3,
1319,200,0.2674025708800009,14.849999999999982,0.12542626280429958,2.0,0.0,42.0,15.578595317725753,0.5740740740740741,1.334448160535117,6.000000000000028,2.778595317725757,2.899999999999996,3.859384340044763,3,
1320,200,0.26713530196585034,23.274999999999974,0.1254043219184513,2.0,0.0,38.0,16.068686868686868,0.3706896551724138,5.127272727272727,4.399999999999997,1.8123232323232294,1.6999999999999962,1.1949035196552125,2,
1321,200,0.2668683001870241,21.549999999999976,0.12535459585135858,2.0,0.0,35.0,16.1932059447983,0.3892405063291139,2.8619957537154987,4.099999999999997,1.7033970276008448,1.5999999999999988,0.8903534078615178,2,
1322,200,0.2666015652765202,24.824999999999974,0.1253338263350739,2.0,0.0,38.0,15.729981378026071,0.32608695652173914,3.368715083798883,4.3999999999999915,1.6309124767225303,1.2999999999999998,1.2193838428674415,2,
1323,200,0.2663350969676039,13.424999999999978,0.12533029833809137,2.0,0.0,44.0,18.04382470119522,0.6770833333333334,0.9322709163346613,7.400000000000021,3.4318725099601606,3.4999999999999956,5.3482323809524015,3,
1324,200,0.26606889499380665,18.324999999999978,0.12529489882047096,3.0,1.0,42.0,14.984496124031008,0.4818840579710145,2.2222222222222223,6.90000000000001,2.2297157622739006,1.4999999999999996,3.686402569307199,3,
1325,200,0.2658029590889266,16.349999999999984,0.1252636431893097,4.0,0.0,40.0,12.949579831932773,0.41129032258064513,2.854341736694678,5.800000000000001,1.752380952380951,1.0999999999999992,2.174276096917957,3,
1326,200,0.2655372889870278,19.049999999999994,0.12524300405684105,2.0,0.0,36.0,13.036781609195403,0.39084507042253525,2.6229885057471263,2.699999999999996,1.1243678160919524,0.9999999999999992,0.39117839174734614,3,
1327,200,0.2652718844224401,14.324999999999985,0.12523688562567067,3.0,1.0,40.0,14.96140350877193,0.6,1.4385964912280702,5.699999999999994,2.1887719298245587,1.6999999999999997,2.2556911750221573,3,
1328,200,0.2650067451297589,11.849999999999978,0.12523578391920936,2.0,0.0,41.0,19.008163265306123,0.6818181818181818,0.08571428571428572,6.90000000000003,3.8551020408163383,4.300000000000012,3.9939690790350935,3,
1329,200,0.26474187084384504,14.899999999999983,0.12521256880486858,3.0,0.0,44.0,16.128919860627178,0.6296296296296297,0.0313588850174216,7.600000000000024,2.815331010452965,2.899999999999998,4.753063082750607,3,
1330,200,0.26447726129982396,18.249999999999986,0.12520124663938387,3.0,0.0,44.0,15.052023121387283,0.5390625,1.3381502890173411,7.6000000000000085,2.4445086705202304,1.5999999999999985,4.626034498600853,3,
1331,200,0.2642129162330863,20.27499999999999,0.12517586287813293,2.0,0.0,37.0,14.280254777070065,0.3782051282051282,3.2632696390658174,3.4999999999999876,1.378556263269635,1.2999999999999958,0.5493303281644388,3,
1332,200,0.2639488353792868,22.224999999999977,0.1251430174015438,2.0,0.0,39.0,16.645962732919255,0.4107142857142857,3.5755693581780537,4.599999999999991,1.9542443064182147,1.4999999999999991,1.3094855286169822,2,
1333,200,0.2636850184743448,13.474999999999977,0.12512786800151982,3.0,0.0,41.0,15.77972027972028,0.6127450980392157,0.3881118881118881,6.200000000000004,2.678321678321678,2.449999999999997,3.858318479124645,3,
1334,200,0.2634214652544431,17.07499999999998,0.12510991211937594,3.0,0.0,44.0,15.880239520958083,0.5,2.092814371257485,7.600000000000036,3.317365269461085,2.3,7.392459324996689,3,
1335,200,0.2631581754560287,13.499999999999977,0.1250765271199722,3.0,0.0,43.0,17.721611721611723,0.6225490196078431,1.5677655677655677,7.40000000000002,3.704761904761912,3.7999999999999994,6.171525332760885,3,
1336,200,0.26289514881581166,14.149999999999975,0.12507201610797147,2.0,0.0,45.0,18.28793774319066,0.66,0.12062256809338522,8.10000000000003,3.726459143968877,3.799999999999996,6.467958151647325,3,
1337,45,0.26263238507076536,2.150000000000001,0.12506346713342523,2.0,0.0,6.0,2.7570093457943927,0,0.3177570093457944,1.6999999999999997,0.6429906542056073,0.6000000000000001,0.17498951781970637,4,
1338,200,0.262369883958126,21.974999999999977,0.12501334224454336,2.0,0.0,41.0,15.27536231884058,0.38095238095238093,5.817805383022774,6.199999999999995,1.9505175983436815,1.6999999999999948,1.6738526628030541,3,
1339,200,0.2621076452153925,21.599999999999984,0.12499769434904542,2.0,0.0,42.0,13.075862068965517,0.3668831168831169,2.593103448275862,6.300000000000005,1.6388505747126418,1.0999999999999979,2.1463870333572905,3,
1340,200,0.261845668580326,18.349999999999984,0.12496741783727548,3.0,0.0,46.0,15.381868131868131,0.5181159420289855,2.8076923076923075,8.700000000000026,2.7299450549450577,1.7999999999999985,5.358347031963498,3,
1341,200,0.26158395379094995,22.574999999999978,0.12495043979728698,2.0,0.0,39.0,16.158940397350992,0.4588607594936709,2.7086092715231787,4.799999999999998,1.3929359823399545,0.9999999999999992,1.196821274024403,2,
1342,200,0.2613225005855494,15.749999999999988,0.12493743486503747,3.0,0.0,43.0,15.720394736842104,0.6339285714285714,0.15789473684210525,6.800000000000016,2.3608552631578954,1.6999999999999977,3.328865552128993,3,
1343,200,0.2610613087026713,16.99999999999998,0.12489775268814804,2.0,0.0,40.0,15.798429319371728,0.5075757575757576,1.6675392670157068,5.000000000000024,2.4717277486911002,1.9999999999999953,2.3061274781905663,3,
1344,200,0.26080037788112365,24.924999999999976,0.12486710353724262,2.0,0.0,40.0,16.140039447731755,0.38186813186813184,3.2919132149901382,4.799999999999991,1.589546351084807,1.3999999999999906,0.8621623198779963,2,
1345,200,0.2605397078599756,18.649999999999988,0.12483374514150061,2.0,0.0,42.0,13.511450381679388,0.44285714285714284,3.3384223918575064,6.500000000000002,1.7933842239185729,1.2999999999999945,2.395289806277838,3,
1346,200,0.2602792983785571,20.374999999999964,0.12481480436214201,2.0,0.0,37.0,17.37748344370861,0.42721518987341767,4.5364238410596025,5.399999999999999,2.1916114790286976,2.099999999999989,1.723337589177817,2,
1347,200,0.26001914917645874,21.474999999999966,0.1247869362262456,2.0,0.0,37.0,17.135076252723312,0.43125,5.028322440087146,4.199999999999992,2.08126361655773,2.0999999999999988,1.0722902031516934,2,
1348,200,0.2597592599935311,24.674999999999976,0.12476059285072004,2.0,0.0,37.0,16.20857699805068,0.3666666666666667,3.6198830409356724,4.799999999999994,1.6159844054580876,1.2999999999999958,1.2976831529669206,2,
1349,200,0.25949963056988523,22.849999999999973,0.12474680129278018,2.0,0.0,38.0,16.5175983436853,0.40294117647058825,3.196687370600414,4.799999999999997,1.8772256728778445,1.5,1.64979896094098,2,
1350,200,0.2592402606458915,14.09999999999998,0.12473171366101209,2.0,1.0,43.0,17.175182481751825,0.6519607843137255,0.9817518248175182,7.800000000000004,3.3080291970802924,2.9999999999999964,5.845195870795887,3,
1351,200,0.25898114996218,17.599999999999987,0.12472342374595757,3.0,0.0,43.0,15.43969849246231,0.45833333333333337,7.105527638190955,7.000000000000027,2.620351758793972,1.6499999999999975,3.912148191637809,3,
1352,200,0.25872229825964005,19.74999999999997,0.124683729582339,2.0,0.0,35.0,17.532558139534885,0.4823943661971831,2.9813953488372094,3.7999999999999945,1.9069767441860415,1.9999999999999898,0.6505594946430183,2,
1353,200,0.25846370527942,19.074999999999996,0.12465768991048343,2.0,0.0,43.0,13.869346733668342,0.375,2.336683417085427,7.100000000000021,2.3655778894472372,1.3,4.0047449227603185,3,
1354,200,0.25820537076292666,16.02499999999998,0.1246348786419541,3.0,0.0,42.0,16.33235294117647,0.5860655737704918,2.5588235294117645,6.100000000000019,2.6438235294117653,2.449999999999998,2.796721338419895,3,
1355,200,0.2579472944518257,19.69999999999999,0.12460525419510335,2.0,0.0,37.0,13.391489361702128,0.32692307692307687,3.431914893617021,3.1999999999999917,1.3291489361702105,1.1999999999999986,0.546876219448705,3,
1356,200,0.25768947608804055,20.674999999999983,0.12457792375049087,2.0,0.0,38.0,13.472406181015453,0.368421052631579,3.5231788079470197,3.9999999999999907,1.2988962472406151,1.1,0.6115470157108859,3,
1357,200,0.2574319154137531,16.199999999999985,0.12457256082849158,2.0,0.0,43.0,16.01552795031056,0.6059322033898306,1.2577639751552796,6.9000000000000155,2.6099378881987576,2.249999999999997,3.240180936122614,3,
1358,200,0.2571746121714024,15.17499999999999,0.12455044973402554,2.0,1.0,41.0,15.282539682539683,0.5803571428571429,1.746031746031746,5.700000000000018,2.455555555555556,1.7999999999999954,2.7760209223575054,3,
1359,200,0.25691756610368544,23.49999999999997,0.12452150089696107,2.0,0.0,39.0,15.441233140655106,0.3522727272727273,4.071290944123314,4.299999999999996,1.5481695568400748,1.0999999999999979,1.3217693792693765,3,
1360,200,0.2566607769535559,21.374999999999975,0.12449838428850606,2.0,0.0,39.0,15.215568862275449,0.3558823529411764,6.357285429141717,5.0999999999999925,1.7516966067864228,1.4999999999999991,1.113639282868522,3,
1361,200,0.2564042444642247,20.199999999999967,0.1244826276584588,2.0,0.0,37.0,16.935267857142858,0.4512987012987013,2.5580357142857144,3.7999999999999954,1.8363839285714236,1.7999999999999956,1.064998480341594,2,
1362,200,0.2561479683791593,21.19999999999998,0.12446180807719107,2.0,1.0,41.0,13.385775862068966,0.33024691358024694,4.109913793103448,5.3999999999999995,1.6780172413793082,1.1999999999999997,1.491506444645715,3,
1363,200,0.25589194844208374,24.874999999999964,0.12443165275625596,2.0,0.0,37.0,16.451730418943534,0.32894736842105265,6.459016393442623,3.5999999999999925,1.5428051001821452,1.3999999999999968,0.6549094226940901,2,
1364,200,0.25563618439697783,20.77499999999997,0.12442635946979443,3.0,0.0,39.0,18.100446428571427,0.46518987341772156,4.475446428571429,6.200000000000004,2.5033482142857153,1.899999999999994,2.8824361868034023,2,
1365,200,0.2553806759880777,21.474999999999966,0.12440433070492324,2.0,0.0,38.0,17.628635346756152,0.43125,5.903803131991052,4.299999999999997,2.2539149888143126,2.399999999999986,1.1101859785393935,2,
1366,200,0.2551254229598748,18.19999999999998,0.1243770344703352,2.0,0.0,42.0,14.630490956072352,0.4818840579710145,2.863049095607235,6.500000000000012,2.1894056847545214,1.4999999999999982,2.852129026227239,3,
1367,200,0.25487042505711616,18.14999999999998,0.12434681108729442,2.0,0.0,40.0,15.3275,0.4963768115942029,3.9925,5.29999999999999,1.894749999999996,1.6999999999999997,1.364805967537291,3,
1368,200,0.2546156820248037,22.27499999999997,0.12431517444270992,3.0,0.0,38.0,17.365180467091296,0.4107142857142857,4.496815286624204,4.8,2.3645435244161326,2.399999999999996,1.2543535881716534,2,
1369,200,0.25436119360819465,16.62499999999999,0.12428143491852905,2.0,0.0,42.0,14.479768786127167,0.5161290322580645,3.53757225433526,6.699999999999999,2.3057803468208062,2.0999999999999988,2.4254781773378395,3,
1370,200,0.25410695955280027,16.524999999999984,0.12427120611889858,2.0,0.0,42.0,16.1994301994302,0.5674603174603174,2.6894586894586894,6.200000000000008,2.583190883190881,1.9999999999999973,2.533498701298703,3,
1371,200,0.2538529796043867,23.699999999999985,0.12425707422417748,2.0,0.0,38.0,15.685714285714285,0.3152173913043478,6.293333333333333,5.199999999999994,1.7904761904761877,1.2999999999999954,1.907230502423589,2,
1372,200,0.25359925350897383,22.874999999999968,0.12424189311130121,2.0,1.0,40.0,16.851153039832287,0.3994252873563219,3.9832285115303985,5.900000000000002,2.1580712788259957,1.5999999999999988,2.4435776695615545,2,
1373,200,0.25334578101283567,21.54999999999996,0.12421617994684091,2.0,0.0,38.0,17.096774193548388,0.43518518518518523,4.7827956989247316,4.599999999999998,2.060215053763438,1.899999999999999,1.2457562527748964,2,
1374,200,0.25309256186249957,17.474999999999973,0.12420269290811456,3.0,0.0,40.0,13.911057692307692,0.3819444444444444,5.237980769230769,5.900000000000004,2.1572115384615396,1.3999999999999995,2.837800930340078,3,
1375,69,0.25283959580474646,6.900000000000002,0.12419023364640926,2.0,0.0,10.0,4.377450980392157,0,0.47058823529411764,1.2000000000000006,0.5107843137254906,0.5000000000000003,0.07674828787696743,4,
1376,200,0.2525868825866102,19.774999999999977,0.12417906444354632,2.0,0.0,39.0,18.33732057416268,0.5135135135135135,3.4186602870813396,5.3999999999999995,2.164114832535883,1.8999999999999968,1.786282286819715,2,
1377,200,0.25233442195537764,20.024999999999988,0.12416444179152179,3.0,0.0,42.0,14.382716049382717,0.45138888888888884,1.7234567901234568,6.800000000000004,2.0246913580246897,1.2999999999999994,3.2600028044676392,3,
1378,200,0.25208221365858796,12.199999999999982,0.12416013195146833,2.0,0.0,40.0,17.328125,0.6722222222222223,0.8046875,5.8000000000000185,3.1011718750000052,3.799999999999998,3.082740978103322,3,
1379,200,0.25183025744403303,13.02499999999998,0.12413652395629603,3.0,0.0,43.0,19.412017167381975,0.7166666666666667,0.030042918454935622,7.200000000000026,3.731759656652365,4.099999999999997,4.910927276746272,3,
1380,200,0.25157855305975646,16.44999999999999,0.12412533223559115,2.0,0.0,39.0,13.68141592920354,0.5258620689655172,0.6371681415929203,4.3999999999999915,1.734808259587018,1.1999999999999982,1.7700722241559281,3,
1381,200,0.251327100254054,22.49999999999997,0.12411446926891297,2.0,1.0,37.0,17.0,0.4423076923076923,2.388392857142857,4.299999999999997,1.8912946428571396,1.8499999999999959,1.1584344528980597,2,
1382,200,0.25107589877547265,14.999999999999986,0.12409656527732407,2.0,0.0,40.0,14.764525993883792,0.5131578947368421,2.1314984709480123,6.100000000000005,2.499388379204892,1.6999999999999997,3.1854728415382363,3,
1383,200,0.2508249483728111,22.974999999999973,0.12406581356287172,2.0,0.0,37.0,16.60587002096436,0.39880952380952384,3.6247379454926625,4.099999999999994,1.9530398322851097,1.7999999999999963,0.9964154741394401,2,
1384,200,0.25057424879511875,26.34999999999998,0.12404029819098097,2.0,0.0,37.0,15.599309153713298,0.26,5.186528497409326,4.29999999999999,1.6240069084628634,1.2999999999999963,1.0806876864335937,2,
1385,200,0.2503237997916961,15.424999999999986,0.12401721961537016,3.0,0.0,43.0,15.929032258064517,0.6008771929824561,0.7935483870967742,6.600000000000015,2.7516129032258063,2.599999999999996,3.7727302053091134,3,
1386,200,0.2500736011120941,21.099999999999966,0.12396938003338581,2.0,0.0,38.0,18.002262443438916,0.46153846153846156,3.418552036199095,4.900000000000006,2.394117647058821,2.2999999999999874,1.7145443098232576,2,
1387,21,0.24982365250611405,0.20000000000000007,0.12396468383363736,2.0,0.0,2.0,0.7166666666666667,0,0.0,0.9,0.37666666666666687,0.40000000000000013,0.06213948318977493,4,
1388,200,0.24957395372380728,19.999999999999957,0.12392144503121896,3.0,0.0,40.0,17.301339285714285,0.4642857142857143,3.4776785714285716,4.899999999999992,2.0720982142857105,2.299999999999998,1.5159477935058236,3,
1389,200,0.2493245045154751,24.24999999999998,0.12389946395142462,2.0,0.0,39.0,16.282828282828284,0.3735955056179775,5.484848484848484,5.399999999999998,1.898383838383834,1.5999999999999903,1.4840438487658327,2,
1390,200,0.24907530463166816,24.574999999999978,0.12388579939346125,3.0,0.0,39.0,16.06679389312977,0.3145161290322581,4.4179389312977095,5.40000000000001,2.022900763358778,1.6999999999999977,1.9863148502230772,2,
1391,200,0.24882635382318666,17.174999999999994,0.12386489675006468,2.0,0.0,40.0,12.971988795518207,0.49193548387096775,2.3445378151260505,4.7999999999999945,1.4246498599439754,1.1999999999999997,1.0517815893540865,3,
1392,200,0.24857765184107966,19.82499999999998,0.12385423887758215,2.0,0.0,42.0,15.74436090225564,0.4964788732394366,2.6090225563909772,6.6,2.147619047619044,1.8999999999999928,2.1360917085427107,3,
1393,200,0.24832919843664528,17.874999999999982,0.12382972677723925,2.0,0.0,41.0,14.724409448818898,0.45895522388059706,1.26246719160105,5.900000000000014,2.4136482939632553,1.8999999999999995,3.1458196472857627,3,
1394,200,0.24808099336142997,18.649999999999984,0.1238145254558887,3.0,0.0,41.0,13.935400516795866,0.4632352941176471,1.7157622739018088,5.7,1.9196382428940548,1.4999999999999956,1.8595233961860982,3,
1395,200,0.24783303636722875,21.12499999999998,0.12379231465190545,2.0,0.0,38.0,16.78989898989899,0.39117647058823535,5.303030303030303,4.9,2.0741414141414136,1.6999999999999997,1.6697219864176662,2,
1396,200,0.2475853272060845,24.199999999999967,0.12377318271694548,2.0,0.0,38.0,16.215481171548117,0.40294117647058825,3.081589958158996,4.199999999999994,1.725523012552298,1.2999999999999998,1.4281414372185173,2,
1397,200,0.24733786563028812,19.39999999999996,0.1237604266633386,2.0,1.0,39.0,19.08490566037736,0.5033333333333333,5.22877358490566,5.600000000000004,2.7313679245282994,2.499999999999996,1.7149925740509027,2,
1398,200,0.24709065139237796,18.84999999999999,0.12374294687893135,2.0,0.0,42.0,13.817073170731707,0.3595890410958904,2.3804878048780487,6.100000000000027,2.2963414634146377,1.2999999999999998,3.4143727803259045,3,
1399,200,0.24684368424513983,23.724999999999973,0.12372421697169625,2.0,0.0,39.0,16.345454545454544,0.38636363636363635,3.4363636363636365,4.7999999999999945,1.878989898989895,1.599999999999997,1.2295433916677492,2,
1400,200,0.24659696394160643,21.624999999999993,0.12371311488612333,2.0,0.0,40.0,12.716589861751151,0.30333333333333334,2.216589861751152,5.400000000000004,1.649539170506912,1.0,2.2020045658464085,3,
1401,200,0.24635049023505762,17.29999999999999,0.12370285267244797,2.0,0.0,41.0,13.603626943005182,0.36764705882352944,2.8367875647668392,6.100000000000008,2.2277202072538853,1.4999999999999993,2.924043961206757,3,
1402,200,0.2461042628790195,14.649999999999984,0.12370076513970507,2.0,0.0,42.0,15.48951048951049,0.5673076923076923,0.8846153846153846,6.400000000000013,2.6153846153846168,2.1999999999999975,4.014008191209742,3,
1403,200,0.2458582816272648,11.574999999999982,0.12368097269402095,3.0,1.0,42.0,20.54625550660793,0.75,0.030837004405286344,7.300000000000025,4.214977973568289,4.8,4.75986803291418,3,
1404,200,0.2456125462338122,19.299999999999965,0.12367356992889683,2.0,0.0,39.0,18.140969162995596,0.4588607594936709,6.094713656387666,6.700000000000008,2.592511013215861,2.0999999999999908,3.123791669698976,2,
1405,200,0.24536705645292634,20.799999999999983,0.12366469065503322,2.0,0.0,42.0,14.827956989247312,0.39634146341463417,3.281720430107527,6.300000000000003,1.8395698924731154,1.5999999999999983,1.673968847121503,3,
1406,200,0.24512181203911731,24.599999999999966,0.12362149022096106,2.0,1.0,36.0,16.696517412935325,0.25495049504950495,7.323383084577115,3.3999999999999986,1.647927031509116,1.6999999999999993,0.4622648016545272,2,
1407,200,0.24487681274714082,20.349999999999984,0.12361158395426157,2.0,0.0,39.0,18.023923444976077,0.5135135135135135,3.6555023923444976,4.599999999999999,1.9760765550239208,1.4999999999999971,1.5835515644763412,2,
1408,200,0.2446320583319975,14.149999999999983,0.1235836065768148,3.0,0.0,41.0,15.057142857142857,0.63,0.7892857142857143,5.400000000000019,2.1453571428571445,1.2999999999999998,2.950444648528691,3,
1409,200,0.2443875485489328,18.349999999999987,0.12357248607464252,2.0,0.0,41.0,14.412234042553191,0.5151515151515151,1.0425531914893618,5.800000000000005,1.8194148936170191,1.2999999999999998,2.091951688770999,3,
1410,200,0.2441432831534371,24.099999999999973,0.12354341825569212,2.0,1.0,39.0,16.656184486373167,0.39534883720930236,3.0020964360587,5.199999999999991,2.0385744234800804,2.1999999999999953,1.3941156253296236,2,
1411,200,0.24389926190124483,21.09999999999997,0.12351793736397075,2.0,0.0,37.0,17.334841628959275,0.4671052631578947,2.728506787330317,4.599999999999993,1.9692307692307653,1.8999999999999917,1.0948959628998287,2,
1412,200,0.24365548454833486,14.74999999999999,0.12350479086747726,2.0,0.0,39.0,15.180921052631579,0.625,0.8092105263157895,5.099999999999995,2.037171052631576,1.8999999999999975,1.6091291457014518,3,
1413,200,0.24341195085092968,16.574999999999996,0.12348652909120267,2.0,0.0,39.0,13.539130434782608,0.4957627118644068,0.4753623188405797,4.899999999999994,1.7959420289855055,1.3999999999999995,1.7579113456109638,3,
1414,33,0.24316866056549566,2.725,0.12348086946593545,2.0,0.0,4.0,2.080357142857143,0,0.42857142857142855,1.4,0.5848214285714286,0.5999999999999998,0.12326158016423497,4,
1415,200,0.24292561344874244,25.14999999999997,0.12346397305766885,2.0,0.0,39.0,15.924670433145009,0.3467741935483871,4.323917137476459,4.399999999999991,1.5911487758945353,1.4999999999999982,0.8203577103135165,2,
1416,200,0.24268280925762298,21.299999999999965,0.12343513704130017,2.0,1.0,37.0,16.954935622317596,0.42721518987341767,2.9012875536480687,4.999999999999996,2.036480686695277,1.799999999999996,1.6590201468996806,2,
1417,200,0.24244024774933293,25.099999999999973,0.12342063084779284,2.0,0.0,37.0,15.428044280442805,0.2973684210526316,5.547970479704797,5.299999999999993,1.615313653136528,1.399999999999999,1.0010050619036406,2,
1418,200,0.2421979286813109,21.524999999999963,0.12339247088924335,3.0,0.0,41.0,18.194570135746606,0.46875,2.680995475113122,5.9000000000000075,2.517647058823526,2.2999999999999936,2.225808571735694,2,
1419,200,0.24195585181123766,21.999999999999968,0.12337630290720433,2.0,0.0,41.0,17.604026845637584,0.4722222222222222,3.2304250559284116,5.399999999999993,2.193512304250555,2.2999999999999963,1.3243269538757139,2,
1420,200,0.24171401689703645,12.274999999999975,0.12337256417441059,2.0,1.0,42.0,19.008163265306123,0.7055555555555556,0.02857142857142857,6.700000000000021,3.8404081632653155,4.900000000000002,5.216454085032695,3,
1421,200,0.24147242369687225,23.07499999999998,0.12334781647352681,2.0,1.0,38.0,15.771488469601676,0.4126506024096386,1.7106918238993711,3.599999999999992,1.400838574423477,1.2999999999999992,0.5711967757814393,2,
1422,200,0.24123107196915192,22.374999999999968,0.12331790423731417,2.0,0.0,35.0,15.3359375,0.31547619047619047,3.619140625,3.4999999999999942,1.5265624999999972,1.3999999999999992,0.8042193764472041,2,
1423,200,0.24098996147252358,17.899999999999984,0.12328440832008933,1.0,0.0,38.0,13.803149606299213,0.5,3.005249343832021,3.799999999999988,1.367979002624668,1.299999999999996,0.5316292367043233,3,
1424,200,0.24074909196587688,23.024999999999977,0.1232561825895716,2.0,0.0,38.0,16.30938123752495,0.36931818181818177,4.6706586826347305,4.199999999999993,1.9325349301397152,1.8999999999999928,1.043795936254973,2,
1425,200,0.24050846320834213,24.074999999999978,0.12323084323507821,2.0,0.0,38.0,16.224171539961013,0.36931818181818177,4.368421052631579,4.499999999999994,1.729434697855747,1.4999999999999987,1.1602491184338488,2,
1426,200,0.2402680749592907,17.974999999999984,0.12321205305847494,2.0,0.0,40.0,14.465425531914894,0.5115384615384615,1.5425531914893618,5.399999999999994,1.7571808510638272,1.3999999999999932,1.7844291423518968,3,
1427,39,0.2400279269783342,2.5250000000000012,0.12320578497202637,1.0,0.0,5.0,2.185840707964602,0,0.0,1.4999999999999996,0.5477876106194689,0.5000000000000002,0.1356030701754384,4,
1428,200,0.2397880190253247,20.699999999999967,0.1231815218898259,3.0,0.0,40.0,17.92920353982301,0.4525316455696202,2.52212389380531,5.500000000000005,2.500442477876103,2.499999999999991,1.7082825019701153,2,
1429,200,0.2395483508603542,17.124999999999986,0.12315787252746738,2.0,0.0,42.0,13.414492753623188,0.45967741935483875,2.8086956521739133,6.200000000000004,1.9420289855072441,1.299999999999999,2.57184937491598,3,
1430,200,0.23930892224375455,26.324999999999967,0.12314630876344478,2.0,1.0,38.0,16.974358974358974,0.28960396039603964,6.741880341880342,3.9999999999999907,1.7606837606837555,1.6999999999999984,0.7942172378325268,2,
1431,200,0.23906973293609704,19.274999999999974,0.12313834590084799,2.0,0.0,40.0,18.431192660550458,0.48684210526315785,5.323394495412844,5.6000000000000005,2.5584862385321054,2.4999999999999956,1.617390620479236,2,
1432,200,0.23883078269819244,14.199999999999987,0.12314075003742479,1.0,1.0,40.0,15.94078947368421,0.6179245283018868,1.819078947368421,5.0000000000000195,2.633223684210527,2.899999999999996,2.31480939241466,3,
1433,200,0.2385920712910904,15.099999999999987,0.12312738104854246,3.0,0.0,43.0,15.423487544483987,0.625,0.9217081850533808,6.600000000000013,2.4088967971530244,1.4,4.362502786220876,3,
1434,200,0.23835359847607956,21.724999999999966,0.12312659116209256,2.0,0.0,41.0,17.72463768115942,0.42441860465116277,6.62111801242236,6.000000000000012,2.5281573498964782,2.4999999999999982,1.9431906484688497,2,
1435,200,0.23811536401468703,21.82499999999996,0.12309657748280609,2.0,0.0,39.0,18.32311320754717,0.4935897435897436,1.7004716981132075,4.699999999999998,2.2742924528301853,2.499999999999994,1.3357852315394212,2,
1436,200,0.2378773676686784,20.54999999999998,0.12307696023691533,2.0,0.0,35.0,16.563025210084035,0.3846153846153846,3.0504201680672267,4.199999999999992,1.9735294117647009,1.8999999999999877,1.1272454595608483,2,
1437,200,0.2376396092000572,14.674999999999981,0.12307967629677274,2.0,0.0,42.0,15.465034965034965,0.5961538461538461,1.520979020979021,6.100000000000021,2.554545454545457,2.1999999999999975,3.0303485543126243,3,
1438,200,0.23740208837106508,21.874999999999986,0.12306872658541325,2.0,0.0,42.0,14.640522875816993,0.39814814814814814,3.1982570806100217,6.299999999999999,1.8394335511982538,1.3999999999999977,1.9686722042908629,3,
1439,200,0.23716480494418105,17.724999999999987,0.12304448808754964,2.0,1.0,39.0,14.146282973621103,0.41901408450704225,3.3453237410071943,4.899999999999994,1.9146282973621078,1.4999999999999973,1.6150710802355508,3,
1440,200,0.23692775868212176,16.449999999999978,0.1230358995457111,3.0,0.0,43.0,15.214492753623189,0.5119047619047619,3.0985507246376813,7.100000000000019,2.7298550724637685,1.8999999999999986,4.313840569969097,3,
1441,200,0.23669094934784088,16.29999999999999,0.12300970733055208,2.0,0.0,40.0,13.697478991596638,0.42741935483870963,2.8151260504201683,5.400000000000003,2.175910364145657,1.799999999999998,2.4742290188939804,3,
1442,200,0.2364543767045291,21.524999999999963,0.12299893901088102,2.0,0.0,38.0,17.40268456375839,0.4525316455696202,3.941834451901566,4.399999999999989,2.103579418344514,2.1999999999999975,1.071580917680967,2,
1443,200,0.23621804051561368,17.899999999999967,0.12299860986877229,2.0,0.0,44.0,16.914772727272727,0.5807692307692308,1.1306818181818181,7.600000000000028,2.8468750000000034,1.9499999999999984,4.739289847703475,3,
1444,200,0.23598194054475852,17.724999999999984,0.1229850157644517,2.0,0.0,40.0,14.094850948509485,0.515625,2.1571815718157183,5.700000000000001,1.6905149051490493,1.1999999999999997,2.053502350176262,3,
1445,200,0.23574607655586352,23.17499999999999,0.12298155703073513,2.0,0.0,38.0,15.380952380952381,0.34090909090909094,4.24952380952381,4.099999999999991,1.4327619047619005,1.2999999999999945,0.7795390096653385,3,
1446,200,0.23551044831306475,22.524999999999984,0.12295705912476583,2.0,0.0,38.0,14.897233201581027,0.34411764705882353,4.717391304347826,4.099999999999989,1.5250988142292443,1.3999999999999981,0.752040970960997,3,
1447,200,0.2352750555807339,12.449999999999985,0.12293510212033856,1.0,0.0,38.0,15.613138686131387,0.6304347826086957,0.040145985401459854,4.699999999999994,2.408029197080288,2.4999999999999982,1.871785281385274,3,
1448,200,0.23503989812347828,11.949999999999978,0.12291480037707465,2.0,0.0,42.0,18.545064377682404,0.7383720930232558,0.0,6.30000000000002,3.2115879828326217,3.5999999999999956,4.404024093722392,3,
1449,200,0.2348049757061403,21.424999999999972,0.12288528677736514,2.0,0.0,35.0,17.57046979865772,0.44333333333333336,2.5659955257270695,4.299999999999996,2.204250559284111,2.199999999999998,0.8448854900704652,2,
1450,200,0.23457028809379765,22.349999999999977,0.12286348407214609,2.0,0.0,37.0,16.472049689440993,0.39457831325301207,3.3167701863354035,3.99999999999999,1.9082815734989598,1.8999999999999924,0.8601835499468412,2,
1451,200,0.23433583505176261,15.474999999999978,0.12284817834797121,4.0,0.0,47.0,17.47148288973384,0.6556603773584906,0.0,9.100000000000025,3.3642585551330835,2.899999999999997,7.4565489821883295,3,
1452,200,0.2341016163455822,17.09999999999999,0.12283809439971007,3.0,1.0,45.0,15.754985754985755,0.5075757575757576,2.9971509971509973,8.500000000000018,3.174643874643876,2.4999999999999973,6.547187987013014,3,
1453,200,0.23386763174103756,19.549999999999983,0.12282663368448932,2.0,0.0,46.0,14.87912087912088,0.44999999999999996,2.4423076923076925,8.800000000000024,2.8057692307692337,1.2000000000000002,7.645216725159469,3,
1454,200,0.23363388100414423,22.74999999999996,0.12281874951590008,2.0,0.0,40.0,18.030837004405285,0.4487951807228916,3.7841409691629955,5.199999999999998,2.5660792951541804,2.7999999999999914,1.406477354874701,2,
1455,200,0.23340036390115132,18.24999999999998,0.12280752958791114,2.0,1.0,45.0,16.203856749311296,0.5367647058823529,3.5234159779614327,7.800000000000028,3.018457300275484,1.9999999999999987,5.117632050270205,3,
1456,200,0.2331670801985418,24.374999999999975,0.12279052147169928,2.0,0.0,35.0,15.604961832061068,0.32386363636363635,4.137404580152672,3.4999999999999942,1.5740458015267138,1.5999999999999976,0.5953209141400306,2,
1457,200,0.23293402966303187,25.274999999999974,0.12278495868077927,2.0,0.0,38.0,15.752327746741155,0.3306451612903226,4.070763500931099,3.999999999999988,1.558286778398506,1.3999999999999986,0.6914467624701729,2,
1458,200,0.23270121206157107,16.449999999999978,0.12277087840929908,2.0,0.0,44.0,17.023952095808383,0.5887096774193549,2.562874251497006,7.900000000000027,3.2796407185628813,3.1999999999999975,6.194491327148094,3,
1459,200,0.23246862716134165,24.424999999999972,0.122759235861169,2.0,0.0,42.0,17.632323232323234,0.40934065934065933,2.993939393939394,7.3000000000000105,2.493535353535352,1.9999999999999996,3.3264364307170053,2,
1460,200,0.23223627472975883,18.07499999999999,0.12274860388556495,2.0,0.0,43.0,13.835195530726256,0.4807692307692307,1.005586592178771,6.600000000000007,2.1061452513966468,1.1999999999999988,3.0531704157986295,3,
1461,200,0.23200415453447004,21.749999999999975,0.12273806527806239,2.0,0.0,43.0,15.022075055187639,0.404320987654321,4.682119205298013,6.800000000000022,2.1677704194260485,1.5999999999999983,2.861182702428771,3,
1462,200,0.23177226634335515,13.499999999999977,0.1227309440265991,2.0,0.0,40.0,16.363636363636363,0.6479591836734694,0.5709090909090909,5.300000000000017,2.7680000000000007,3.2999999999999976,2.626356183222263,3,
1463,200,0.2315406099245259,13.89999999999998,0.12273086578464101,3.0,0.0,45.0,17.879377431906615,0.66,0.9688715953307393,7.900000000000029,3.481322957198449,3.699999999999996,4.9854854045542965,3,
1464,200,0.23130918504632592,17.27499999999998,0.1227206246331856,3.0,0.0,45.0,15.658536585365853,0.5241935483870968,1.3841463414634145,8.30000000000002,3.1118902439024425,1.7999999999999987,7.947523958246229,3,
1465,200,0.23107799147733019,24.824999999999964,0.12271344728437385,2.0,0.0,40.0,16.952095808383234,0.3586956521739131,4.5409181636726546,5.499999999999994,2.4199600798403207,1.9999999999999978,2.4688729083665417,2,
1466,200,0.23084702898634524,22.774999999999984,0.12270833053998793,2.0,0.0,38.0,15.68944099378882,0.3885542168674698,4.538302277432712,3.899999999999988,1.5107660455486498,1.3999999999999968,0.6451456568704739,2,
1467,200,0.2306162973424085,22.52499999999996,0.12270598296633087,2.0,0.0,40.0,17.640625,0.4715189873417721,2.5736607142857144,4.900000000000008,2.2274553571428544,2.199999999999996,1.6531606901740383,2,
1468,200,0.23038579631478834,16.92499999999998,0.12269973351656072,3.0,0.0,43.0,14.457943925233645,0.525,1.7320872274143302,6.80000000000001,2.3358255451713377,1.6999999999999944,3.2417697981366485,3,
1469,200,0.23015552567298364,20.974999999999973,0.12267716133684367,2.0,0.0,45.0,15.456264775413711,0.46153846153846156,3.0851063829787235,8.700000000000019,2.3534278959810893,1.1999999999999986,6.1305130555307406,3,
1470,200,0.22992548518672384,26.174999999999976,0.12265207206998774,2.0,0.0,38.0,16.258003766478343,0.33947368421052626,3.9397363465160073,4.1999999999999895,1.791148775894534,1.6999999999999944,0.8397174776563998,2,
1471,200,0.22969567462596835,17.87499999999999,0.12264219722797041,2.0,0.0,41.0,13.696,0.4242424242424242,1.8026666666666666,5.799999999999993,2.142666666666664,1.799999999999999,2.05504750256001,3,
1472,200,0.22946609376090668,19.224999999999987,0.12263087188560182,2.0,0.0,44.0,14.384816753926701,0.4714285714285714,2.007853403141361,7.600000000000014,2.2942408376963357,1.0999999999999996,5.171939447516856,3,
1473,200,0.22923674236195785,26.37499999999997,0.12261502921284337,2.0,0.0,40.0,15.962825278810408,0.33947368421052626,2.8605947955390336,4.7999999999999945,1.6802973977695133,1.4999999999999998,1.3847838780001522,2,
1474,200,0.2290076201997705,20.049999999999976,0.12260708129497472,2.0,0.0,43.0,15.611528822055138,0.4930555555555556,2.0676691729323307,6.700000000000019,2.3776942355889727,1.5,3.9298278894472483,3,
1475,200,0.22877872704522242,28.624999999999975,0.12259351251661518,2.0,0.0,38.0,16.475953565505804,0.2690476190476191,4.2454394693200666,3.7999999999999923,1.3733001658374755,1.2999999999999967,0.45197492904446385,2,
1476,200,0.2285500626694205,19.77499999999998,0.12257751665122994,2.0,0.0,40.0,15.878587196467992,0.42307692307692313,3.4547461368653423,5.2000000000000055,2.086975717439292,1.4999999999999987,2.2894441737164253,3,
1477,200,0.22832162684370022,20.674999999999976,0.12255881161083973,2.0,0.0,34.0,15.94553376906318,0.41891891891891897,2.514161220043573,2.7999999999999967,1.393681917211325,1.5,0.4404196886273007,2,
1478,200,0.22809341933962587,20.224999999999984,0.12253589635941078,2.0,0.0,44.0,14.56140350877193,0.4691780821917808,3.1578947368421053,7.400000000000016,2.1461152882205514,1.4999999999999947,3.289322613065337,3,
1479,200,0.22786543992898983,22.02499999999997,0.12252736830844561,2.0,1.0,40.0,18.367346938775512,0.475,3.7936507936507935,5.299999999999999,2.575056689342399,2.8999999999999893,1.5509504319210146,2,
1480,200,0.22763768838381274,17.57499999999999,0.12251425538267463,2.0,0.0,41.0,14.373219373219372,0.5,1.6809116809116809,5.700000000000011,2.2259259259259245,1.4999999999999991,2.7244496753246774,3,
1481,200,0.22741016447634296,21.74999999999998,0.12249371184331499,2.0,0.0,37.0,17.23010752688172,0.43125,4.286021505376344,4.799999999999997,2.140215053763436,2.0999999999999988,1.0552693503033868,2,
1482,200,0.22718286797905665,23.174999999999976,0.12249044081210406,2.0,0.0,37.0,15.853061224489796,0.38414634146341464,5.038775510204082,4.499999999999992,1.6195918367346909,1.2000000000000002,1.2913766404691343,2,
1483,200,0.22695579866465723,15.774999999999983,0.12248554461483331,2.0,0.0,45.0,17.734265734265733,0.5892857142857143,1.8356643356643356,8.60000000000004,3.865734265734277,4.700000000000005,7.242410905312126,3,
1484,200,0.22672895630607542,23.049999999999976,0.12247550533940177,2.0,0.0,43.0,17.60323886639676,0.3913043478260869,5.082995951417004,7.000000000000013,2.7220647773279345,2.299999999999994,3.4374017251623923,2,
1485,200,0.22650234067646874,22.77499999999998,0.12246324647656216,2.0,0.0,40.0,15.175869120654397,0.38690476190476186,3.1206543967280163,5.3,1.5652351738241286,1.1999999999999968,1.46587320173971,3,
1486,200,0.2262759515492217,20.37499999999997,0.12246133167395637,2.0,1.0,37.0,18.655813953488373,0.4833333333333333,3.6232558139534885,5.600000000000002,2.580930232558137,2.499999999999998,1.4229463653129546,2,
1487,200,0.22604978869794498,20.87499999999998,0.12245262155359965,2.0,0.0,42.0,15.145969498910675,0.3858024691358025,5.16557734204793,6.3000000000000185,2.2054466230936813,1.4999999999999984,2.68009198784888,3,
1488,200,0.22582385189647586,29.04999999999997,0.1224438718853586,2.0,0.0,35.0,16.58386075949367,0.21759259259259256,7.185126582278481,2.999999999999998,1.125632911392402,0.9999999999999974,0.35864764923402015,1,
1489,200,0.22559814091887742,22.34999999999997,0.12243694009215297,2.0,0.0,40.0,17.85430463576159,0.43452380952380953,4.322295805739515,5.2,2.477704194260484,2.6000000000000005,1.8025801138357156,2,
1490,200,0.22537265553943872,16.324999999999985,0.12242600186130818,2.0,1.0,44.0,17.023411371237458,0.625,0.4682274247491639,8.000000000000032,3.3926421404682348,3.1999999999999975,7.079757494407207,3,
1491,200,0.22514739553267432,26.97499999999998,0.12241217568102586,2.0,0.0,39.0,15.451263537906136,0.29040404040404044,3.88086642599278,4.599999999999989,1.650722021660646,1.499999999999992,0.9321776061776025,2,
1492,200,0.22492236067332425,21.099999999999987,0.12239658448014382,2.0,0.0,40.0,14.193548387096774,0.35624999999999996,3.761290322580645,5.1,1.716989247311827,1.2999999999999987,1.6144500147994716,3,
1493,200,0.22469755073635353,16.39999999999998,0.12237842339766375,3.0,0.0,44.0,15.292834890965732,0.525,1.5545171339563864,7.400000000000017,2.868535825545172,2.299999999999997,5.197970108695663,3,
1494,200,0.22447296549695234,15.674999999999983,0.12236703822745701,3.0,0.0,44.0,17.313531353135314,0.5745614035087719,0.4884488448844885,8.500000000000034,3.835973597359744,3.199999999999998,8.921806378529165,3,
1495,200,0.22424860473053532,20.14999999999997,0.1223469541867454,3.0,0.0,43.0,17.368794326241133,0.5,1.1583924349881796,7.000000000000028,2.601654846335699,1.8999999999999968,3.4917189036931324,3,
1496,200,0.22402446821274175,24.449999999999985,0.12231435293485798,2.0,0.0,37.0,15.620754716981132,0.30494505494505497,3.520754716981132,4.199999999999995,1.7628301886792412,1.549999999999994,1.0394711622326847,2,
1497,200,0.223800555719435,17.64999999999998,0.12230012798309907,2.0,0.0,40.0,16.736702127659573,0.5576923076923077,0.7686170212765957,5.400000000000003,2.1321808510638274,1.6999999999999968,2.1559211317418234,3,
1498,200,0.22357686702670268,25.324999999999974,0.12227756869023237,2.0,0.0,38.0,16.103846153846153,0.32065217391304346,3.498076923076923,4.499999999999994,2.0263461538461502,1.999999999999999,1.5477539118117978,2,
1499,200,0.22335340191085598,16.699999999999985,0.12225685574585553,2.0,0.0,38.0,13.606145251396647,0.5083333333333333,1.3156424581005586,3.799999999999991,1.4743016759776508,1.2999999999999945,0.7886194923651877,3,
1500,200,0.22313016014842982,17.999999999999993,0.12224930772123582,2.0,0.0,46.0,14.367403314917127,0.46014492753623193,3.2790055248618786,8.600000000000007,2.5345303867403297,2.1999999999999984,4.34991819479102,3,
1501,200,0.22290714151618238,20.77499999999997,0.12224360332842864,2.0,0.0,39.0,18.27358490566038,0.5,2.0377358490566038,4.699999999999993,2.2445754716981066,2.1999999999999975,0.752333249895699,2,
1502,200,0.22268434579109508,24.574999999999978,0.12223052542139944,2.0,0.0,40.0,16.87878787878788,0.38186813186813184,4.404040404040404,5.099999999999997,2.255959595959592,2.299999999999999,1.5772183949327339,2,
1503,200,0.22246177275037207,23.674999999999976,0.12222173693403154,2.0,0.0,41.0,17.38150289017341,0.3790322580645161,5.872832369942197,5.4000000000000075,2.2984585741811134,2.0999999999999956,1.387825512325513,2,
1504,200,0.2222394221714404,26.99999999999996,0.12219414955662897,2.0,0.0,37.0,17.198067632850243,0.25,8.146537842190016,3.799999999999997,1.538808373590978,1.4999999999999916,0.6088497562493503,2,
1505,200,0.22201729383194937,24.924999999999976,0.1221805924900955,2.0,1.0,40.0,16.07070707070707,0.3960674157303371,3.5494949494949495,5.499999999999989,1.6426262626262587,1.3999999999999964,0.9969547472900561,2,
1506,200,0.22179538750977074,26.42499999999995,0.12216091207761288,2.0,0.0,35.0,16.860971524288107,0.26,6.23785594639866,4.4999999999999964,1.6850921273031783,1.699999999999993,0.625089391932839,2,
1507,200,0.22157370298299803,21.724999999999966,0.1221576673481979,2.0,0.0,35.0,16.437627811860942,0.3902439024390244,4.488752556237219,4.3999999999999915,1.7701431492842499,1.6999999999999993,0.9836525593844049,2,
1508,200,0.22135224002994683,24.299999999999965,0.1221470741684062,3.0,0.0,43.0,14.839350180505415,0.2755102040816326,6.951263537906137,6.600000000000001,1.7904332129963871,1.3999999999999981,1.7787770881188583,3,
1509,200,0.22113099842915407,25.249999999999964,0.12213020329065885,2.0,1.0,37.0,16.157453936348407,0.2599009900990099,5.226130653266332,3.3999999999999915,1.5262981574539323,1.3999999999999977,0.6807676034207958,2,
1510,200,0.2209099779593782,21.174999999999976,0.12212615287864295,2.0,0.0,38.0,17.143776824034333,0.42901234567901236,5.843347639484978,5.8000000000000025,2.1497854077253207,1.9999999999999982,1.7190314752135607,2,
1511,200,0.22068917839959865,28.19999999999996,0.12210107430216721,2.0,0.0,41.0,16.60103626943005,0.308252427184466,4.77720207253886,5.500000000000001,1.6084628670120866,1.2999999999999972,1.2463742393509112,2,
1512,200,0.22046859952901593,15.724999999999987,0.12210179610752753,2.0,0.0,41.0,14.754658385093167,0.5307017543859649,2.1459627329192545,6.7000000000000135,2.466459627329195,1.3,5.01687374015029,3,
1513,200,0.22024824112705108,27.874999999999968,0.12208646757758913,3.0,0.0,38.0,15.801785714285714,0.275,3.3607142857142858,4.999999999999995,1.8874999999999982,1.6999999999999977,1.4743484513662326,2,
1514,200,0.22002810297334574,23.599999999999966,0.12208024407246627,3.0,1.0,40.0,18.55480984340045,0.4487951807228916,2.615212527964206,5.300000000000014,2.809619686800898,3.0999999999999948,2.1873680733504286,2,
1515,200,0.21980818484776168,14.049999999999983,0.12206343668154912,2.0,0.0,40.0,15.561643835616438,0.6127450980392157,0.815068493150685,6.2000000000000055,2.5030821917808224,1.5999999999999963,3.7779457678008153,3,
1516,200,0.21958848653038082,24.899999999999977,0.1220349696029176,2.0,0.0,36.0,15.347169811320756,0.2939560439560439,3.822641509433962,3.7999999999999887,1.6122641509433926,1.5999999999999996,0.6077951505701294,2,
1517,200,0.21936900780150476,18.59999999999999,0.12202598195480577,2.0,0.0,41.0,13.722666666666667,0.4772727272727273,1.0053333333333334,6.300000000000001,1.8162666666666647,1.1999999999999997,2.465646262373419,3,
1518,200,0.2191497484416548,25.89999999999998,0.12201793270620048,2.0,0.0,36.0,16.219895287958114,0.29166666666666663,5.106457242582897,3.599999999999989,1.4467713787085463,1.4999999999999902,0.4363128944226489,2,
1519,200,0.2189307082315715,24.099999999999987,0.12199785835198992,2.0,0.0,37.0,13.42830540037244,0.2275280898876404,2.9553072625698324,3.7999999999999887,1.2957169459962727,1.0999999999999979,0.722386395161734,3,
1520,200,0.21871188695221475,17.899999999999977,0.12198446781322037,3.0,0.0,41.0,17.969072164948454,0.5514705882352942,1.0438144329896908,5.600000000000003,2.6322164948453564,2.399999999999997,1.646833861421653,3,
1521,200,0.21849328438476312,21.17499999999997,0.1219869369817987,3.0,0.0,35.0,16.956989247311828,0.41666666666666663,3.3311827956989246,5.099999999999998,2.029247311827954,1.8999999999999906,1.3723982536628698,2,
1522,200,0.21827490031061414,23.074999999999974,0.12198073549781281,2.0,0.0,40.0,16.079591836734693,0.37643678160919536,3.7714285714285714,5.3000000000000025,1.8216326530612208,1.599999999999994,1.6432939745688213,2,
1523,200,0.2180567345113836,27.174999999999947,0.12196145817633117,2.0,1.0,37.0,17.526058631921824,0.2404761904761905,6.64657980456026,4.499999999999994,1.9701954397394092,1.8999999999999915,0.9897169193225361,2,
1524,200,0.21783878676890578,18.449999999999974,0.1219582373245804,3.0,1.0,40.0,16.25130890052356,0.5227272727272727,1.4083769633507854,5.100000000000001,2.388481675392667,2.399999999999997,1.8091467417747695,3,
1525,200,0.21762105686523284,20.649999999999984,0.12194888484847384,2.0,1.0,42.0,14.445977011494254,0.39935064935064934,3.579310344827586,6.599999999999998,2.11885057471264,1.799999999999998,2.0866901661522803,3,
1526,200,0.21740354458263497,16.899999999999984,0.12194228713016324,3.0,0.0,42.0,14.723723723723724,0.5166666666666667,1.5615615615615615,6.800000000000003,2.4930930930930915,2.5999999999999956,3.247519118389723,3,
1527,200,0.21718624970359973,22.374999999999986,0.12193489712374969,2.0,1.0,37.0,13.957528957528957,0.2848837209302325,2.5501930501930503,3.599999999999994,1.4376447876447844,1.2999999999999907,0.6892225042206565,3,
1528,200,0.21696917201083235,28.29999999999996,0.12192205593036066,3.0,0.0,42.0,17.416095890410958,0.30140186915887845,5.787671232876712,7.099999999999996,2.1551369863013647,1.8999999999999966,1.6916224069431587,2,
1529,200,0.216752311287255,25.04999999999997,0.12190001180011857,2.0,0.0,42.0,16.646942800788956,0.3695652173913043,3.767258382642998,6.200000000000007,2.242800788954632,1.8999999999999968,2.1513322803523076,2,
1530,200,0.21653566731600707,17.17499999999998,0.1218937843020198,3.0,0.0,46.0,16.75,0.5942622950819673,2.2025316455696204,8.800000000000034,3.419936708860766,2.7499999999999973,7.623001652396023,3,
1531,200,0.21631923988044444,18.874999999999982,0.1218816083019154,2.0,0.0,41.0,14.114973262032086,0.48484848484848486,0.5748663101604278,5.400000000000001,1.8451871657753993,1.0999999999999996,2.0440422520107204,3,
1532,200,0.21610302876413975,20.17499999999999,0.1218823264165858,3.0,0.0,42.0,14.516290726817042,0.4894366197183099,1.4160401002506267,6.000000000000009,1.7942355889724309,1.0999999999999983,2.554945226130655,3,
1533,200,0.2158870337508818,23.924999999999983,0.12188192048232932,2.0,1.0,36.0,16.355555555555554,0.38095238095238093,2.6484848484848484,3.9999999999999916,1.8135353535353482,1.799999999999994,0.8077190805798575,2,
1534,200,0.21567125462467565,13.274999999999975,0.12188447562718745,3.0,0.0,42.0,17.633451957295375,0.6225490196078431,0.8861209964412812,7.100000000000021,3.7348754448398687,5.000000000000034,5.73743287740633,3,
1535,200,0.21545569116974203,21.899999999999977,0.12187766979664556,2.0,0.0,39.0,16.136929460580912,0.39634146341463417,3.8526970954356847,4.499999999999989,1.9097510373443944,1.5,1.3922138143877218,3,
1536,200,0.21524034317051757,24.72499999999998,0.12187035869764459,2.0,0.0,40.0,16.41897233201581,0.35989010989010994,3.069169960474308,5.799999999999994,2.09664031620553,1.7999999999999987,1.7866557697189773,2,
1537,200,0.21502521041165426,19.549999999999976,0.12186551698839843,2.0,0.0,40.0,16.24941724941725,0.46621621621621623,2.3776223776223775,4.800000000000007,2.2177156177156143,2.099999999999997,1.6230516192132125,3,
1538,200,0.2148102926780192,19.499999999999986,0.12185957529598802,2.0,1.0,43.0,14.056847545219638,0.4214285714285714,0.7648578811369509,7.700000000000007,2.3413436692506457,1.599999999999996,4.166845654612475,3,
1539,200,0.21459558975469478,22.324999999999978,0.12185319470277056,2.0,0.0,36.0,17.36024844720497,0.4024390243902439,3.79296066252588,4.799999999999998,2.3095238095238066,2.4999999999999982,1.2085687219231145,2,
1540,200,0.21438110142697794,19.899999999999974,0.12183443625599828,2.0,0.0,42.0,16.842105263157894,0.4864864864864865,1.0956937799043063,6.100000000000004,2.4741626794258345,2.2499999999999956,2.4507818661538576,3,
1541,200,0.21416682748038046,22.749999999999986,0.12182870141869867,2.0,0.0,40.0,14.183794466403162,0.30747126436781613,3.9545454545454546,4.899999999999992,1.680434782608692,1.4999999999999984,0.9086523717460474,3,
1542,200,0.21395276770062824,26.84999999999999,0.12181591341631473,2.0,0.0,36.0,15.014134275618375,0.27083333333333337,3.4858657243816253,3.099999999999999,1.2818021201413392,1.1999999999999935,0.41724964492516,2,
1543,200,0.2137389218736616,17.44999999999997,0.12179450989395986,2.0,0.0,41.0,17.279255319148938,0.5606060606060606,1.800531914893617,5.800000000000005,2.457712765957444,1.8999999999999961,2.3465528558797555,3,
1544,200,0.2135252897856346,29.49999999999996,0.12176055223045384,2.0,0.0,36.0,17.065390749601274,0.24065420560747675,3.799043062200957,2.7999999999999896,1.3618819776714473,1.3999999999999924,0.36258302639343715,2,
1545,200,0.21331187122291523,20.724999999999984,0.12174738719035759,2.0,0.0,46.0,15.333333333333334,0.45779220779220775,2.397530864197531,8.800000000000013,2.5476543209876534,1.799999999999998,5.350922182119698,3,
1546,200,0.21309866597208482,20.074999999999985,0.12173763808464902,2.0,0.0,40.0,13.893867924528301,0.37328767123287676,1.650943396226415,5.6000000000000165,2.1426886792452855,1.299999999999999,3.1903888193575485,3,
1547,200,0.21288567381993817,15.224999999999987,0.12173244623779218,2.0,0.0,42.0,14.73972602739726,0.5990566037735849,0.7054794520547946,6.599999999999997,2.153767123287668,1.6999999999999968,2.5217619600530057,3,
1548,200,0.21267289455348304,20.37499999999998,0.12172145100840034,2.0,0.0,40.0,15.757446808510638,0.37962962962962965,3.872340425531915,5.500000000000006,2.1819148936170216,1.6999999999999922,2.204427589079184,3,
1549,200,0.21246032795994024,22.474999999999973,0.12170802493590352,3.0,1.0,40.0,17.678571428571427,0.4512195121951219,3.638392857142857,5.199999999999989,2.2984374999999946,2.299999999999994,1.0747573778169677,2,
1550,200,0.21224797382674304,24.349999999999977,0.12170016726958433,2.0,0.0,40.0,17.259958071278827,0.40909090909090906,3.7358490566037736,5.299999999999994,2.3454926624737915,2.29999999999999,1.5250440385359147,2,
1551,200,0.2120358319415374,19.47499999999997,0.12168461675880776,2.0,0.0,37.0,18.626794258373206,0.5069444444444444,3.6363636363636362,4.599999999999998,2.337799043062197,2.2999999999999954,1.199295799637141,2,
1552,200,0.21182390209218135,27.849999999999973,0.12166628177545227,2.0,0.0,38.0,15.24709784411277,0.23557692307692313,4.887230514096186,4.09999999999999,1.3812603648424513,1.2999999999999954,0.6256704472948864,2,
1553,200,0.2116121840667451,22.24999999999997,0.12165561662930444,2.0,1.0,41.0,18.357615894039736,0.45238095238095233,3.618101545253863,6.700000000000025,2.7505518763796917,1.9999999999999916,3.384282191727443,2,
1554,200,0.21140067765351048,16.699999999999978,0.12164256496769613,2.0,1.0,43.0,16.387283236994218,0.5436507936507936,0.7716763005780347,7.000000000000034,3.1121387283237048,2.1999999999999966,4.45798237480687,3,
1555,200,0.21118938264097117,22.324999999999967,0.12162938230040243,2.0,0.0,40.0,18.44418604651163,0.4783950617283951,2.7372093023255815,5.400000000000003,2.462325581395347,2.099999999999997,1.8625907116858418,2,
1556,200,0.21097829881783206,28.72499999999995,0.12161242643826684,2.0,0.0,35.0,17.778861788617885,0.24523809523809526,5.3723577235772355,3.8999999999999946,1.6430894308943027,1.5999999999999956,0.4601119971233959,1,
1557,200,0.2107674259730094,22.949999999999967,0.12160000478328069,2.0,0.0,40.0,17.199152542372882,0.41279069767441856,2.9279661016949152,5.699999999999997,2.3036016949152525,1.999999999999998,2.0790853431365965,2,
1558,200,0.21055676389563024,27.39999999999997,0.12157492330397232,2.0,0.0,39.0,16.513089005235603,0.3044554455445545,5.010471204188482,4.499999999999993,1.6226876090750406,1.5999999999999917,0.8789643892692645,2,
1559,200,0.21034631237503254,19.39999999999998,0.12157154570613309,2.0,0.0,46.0,15.002710027100271,0.4642857142857143,2.6097560975609757,8.50000000000003,2.8921409214092177,1.5,6.062340481786173,3,
1560,200,0.21013607120076472,20.52499999999997,0.12156511046955362,2.0,1.0,41.0,18.58372093023256,0.490506329113924,3.4627906976744187,5.399999999999997,2.546046511627902,2.599999999999988,1.1910024391694904,2,
1561,200,0.20992604016258565,23.049999999999983,0.12154256581109432,2.0,0.0,35.0,15.768916155419223,0.3902439024390244,3.593047034764826,3.4999999999999987,1.3689161554192182,1.299999999999995,0.46791100702576055,2,
1562,200,0.2097162190504642,21.92499999999997,0.12153940835642074,2.0,0.0,41.0,17.25581395348837,0.493421052631579,1.2046511627906977,5.399999999999998,1.7493023255813906,1.4999999999999998,1.272552907262882,3,
1563,200,0.20950660765457932,23.749999999999968,0.12151788614218534,3.0,1.0,41.0,16.995698924731183,0.42647058823529416,3.088172043010753,5.399999999999994,2.109247311827953,1.9999999999999942,1.4560287479650666,2,
1564,200,0.20929720576531952,23.099999999999962,0.12150752006805923,2.0,1.0,39.0,17.22954091816367,0.3666666666666667,5.92814371257485,5.3000000000000025,2.53373253493014,2.2999999999999985,1.9653968924302823,2,
1565,200,0.20908801317328293,25.574999999999978,0.12149186316347092,2.0,0.0,42.0,16.41025641025641,0.3897849462365591,4.357001972386588,6.099999999999999,1.8499013806706066,1.4999999999999982,1.2421892409199808,2,
1566,200,0.20887902966927693,23.99999999999998,0.12147936660562175,3.0,0.0,40.0,16.159844054580898,0.36363636363636365,4.495126705653021,4.900000000000006,1.9235867446393726,1.6999999999999953,1.2411832745622573,3,
1567,200,0.20867025504431805,25.774999999999963,0.12145438004724546,2.0,0.0,37.0,16.362694300518136,0.2599009900990099,6.725388601036269,5.700000000000001,2.0934369602763363,1.8000000000000003,1.6960241617945366,2,
1568,200,0.20846168908963153,12.674999999999978,0.12145838338297861,3.0,0.0,41.0,17.953125,0.6847826086956522,0.03125,5.800000000000026,3.4503906250000105,4.100000000000005,3.3124722667277324,3,
1569,200,0.20825333159665155,20.449999999999985,0.12144822522275298,2.0,0.0,41.0,14.16335540838852,0.39556962025316456,5.373068432671082,5.499999999999989,1.6935982339955806,1.4999999999999978,0.9919947565397016,3,
1570,200,0.20804518235702046,25.24999999999998,0.12143867443903808,2.0,0.0,37.0,15.718095238095238,0.33241758241758246,3.6952380952380954,3.2999999999999985,1.6521904761904718,1.6999999999999895,0.5864973296955233,2,
1571,200,0.20783724116258911,21.67499999999996,0.12142365221348053,2.0,0.0,42.0,18.408163265306122,0.48750000000000004,2.3219954648526078,6.000000000000008,2.599546485260768,2.5999999999999956,1.9382410530645822,2,
1572,200,0.2076295078054162,24.27499999999997,0.1214102886502772,2.0,1.0,41.0,16.11111111111111,0.3342105263157895,5.9489981785063755,5.3999999999999915,1.6706739526411614,1.4999999999999973,0.9331867949568649,3,
1573,200,0.20742198207776844,21.399999999999963,0.1214027870310517,2.0,0.0,40.0,17.515217391304347,0.43518518518518523,4.4,4.999999999999995,2.366304347826083,2.4999999999999876,1.1339351792777819,2,
1574,200,0.20721466377212,17.674999999999976,0.12138953262900957,3.0,0.0,45.0,16.75072463768116,0.573076923076923,2.8840579710144927,8.20000000000002,3.1402898550724663,2.099999999999997,5.711845006049238,3,
1575,200,0.20700755268115265,23.449999999999978,0.12137336419049659,2.0,0.0,40.0,14.652985074626866,0.26086956521739135,5.442164179104478,5.399999999999995,1.8611940298507426,1.6999999999999982,1.1737966898136023,3,
1576,200,0.20680064859775515,26.524999999999974,0.12136760424071599,2.0,0.0,38.0,16.380597014925375,0.33333333333333337,2.9925373134328357,3.699999999999988,1.8231343283582047,1.7999999999999985,0.6410341982979125,2,
1577,200,0.20659395131502356,24.62499999999998,0.12135526558651605,2.0,0.0,39.0,15.949317738791423,0.33241758241758246,3.257309941520468,4.199999999999988,1.894346978557501,1.8999999999999893,1.0143383694066095,2,
1578,200,0.20638746062626045,29.17499999999997,0.12134848775377145,2.0,0.0,33.0,17.015384615384615,0.1839622641509433,4.727692307692307,3.7999999999999985,1.536153846153842,1.2999999999999998,0.6734175702190998,1,
1579,200,0.20618117632497523,24.97499999999998,0.12133430051309665,2.0,0.0,37.0,15.200819672131148,0.36764705882352944,1.5594262295081966,2.999999999999994,1.269672131147538,1.1999999999999975,0.3519505507195232,2,
1580,200,0.20597509820488344,31.24999999999997,0.12131685488255192,2.0,0.0,37.0,16.892045454545453,0.13114754098360648,8.09375,3.899999999999996,1.594318181818178,1.4999999999999976,0.6727531652593207,1,
1581,68,0.20576922605990708,7.950000000000005,0.12131293495150398,1.0,0.0,10.0,5.36864406779661,0,1.8093220338983051,2.8,0.9525423728813552,0.8,0.3025837148756621,4,
1582,200,0.2055635596841739,16.699999999999985,0.1213078987953343,3.0,1.0,44.0,16.03481012658228,0.4957627118644068,0.47151898734177217,8.200000000000024,3.3325949367088645,2.3999999999999977,7.403537028691638,3,
1583,200,0.20535809887201756,20.64999999999999,0.12130329357150435,2.0,0.0,37.0,14.353467561521253,0.3851351351351351,3.116331096196868,3.4999999999999867,1.6431767337807563,1.7999999999999927,0.6218301569506696,3,
1584,200,0.20515284341797715,25.299999999999976,0.12128976824708355,2.0,1.0,41.0,16.635701275045538,0.3257575757575758,5.666666666666667,5.799999999999996,2.120947176684877,1.7999999999999963,1.449748175182478,2,
1585,200,0.2049477931167973,17.67499999999999,0.1212817644771942,2.0,0.0,39.0,13.253443526170798,0.4516129032258065,1.1129476584022038,4.79999999999999,1.7573002754820908,1.3999999999999977,1.3438894116932734,3,
1586,200,0.20474294776342764,13.249999999999979,0.12128800336549878,2.0,1.0,42.0,18.38671875,0.6861702127659575,0.828125,6.800000000000021,3.710546875000009,4.500000000000008,4.5803102159151985,3,
1587,200,0.2045383071530228,29.449999999999953,0.12128478464302772,2.0,0.0,36.0,18.185550082101805,0.2546728971962616,5.4794745484400655,3.8999999999999964,1.8026272577996665,1.7999999999999967,0.6093871872303687,1,
1588,200,0.20433387108094214,18.874999999999982,0.12127797605330329,3.0,0.0,45.0,15.717948717948717,0.5075757575757576,0.7464387464387464,8.800000000000031,3.152421652421658,1.399999999999999,8.414984090909142,3,
1589,200,0.20412963934274964,20.22499999999998,0.12128714172958478,2.0,0.0,38.0,15.88409090909091,0.41000000000000003,1.5227272727272727,4.599999999999994,2.1540909090909053,2.0999999999999974,1.440172521552278,3,
1590,200,0.20392561173421342,27.62499999999997,0.12128177678853719,2.0,0.0,38.0,16.185929648241206,0.2595238095238095,6.219430485762144,4.399999999999992,1.6569514237855911,1.599999999999993,0.9307959978451623,2,
1591,200,0.203721788051306,19.599999999999987,0.12127930236698273,2.0,1.0,41.0,14.083916083916083,0.3966666666666666,3.582750582750583,5.699999999999996,2.023310023310021,1.5999999999999943,2.2838979569658746,3,
1592,200,0.20351816809020354,16.67499999999999,0.12127617947107505,3.0,0.0,42.0,14.495412844036696,0.538135593220339,0.6880733944954128,6.500000000000007,2.293883792048929,1.599999999999996,3.709232754750864,3,
1593,200,0.20331475164728618,23.024999999999988,0.12127237750330452,2.0,0.0,36.0,16.453416149068325,0.3885542168674698,4.066252587991719,3.9999999999999907,1.7654244306418172,1.6999999999999953,0.7218925105449013,2,
1594,200,0.20311153851913738,21.424999999999972,0.121267730213675,2.0,0.0,39.0,18.014861995753716,0.42261904761904767,6.902335456475583,7.60000000000001,2.7097664543524425,2.1999999999999935,3.5810672556797893,2,
1595,200,0.20290852850254407,17.874999999999986,0.1212588878415272,3.0,0.0,45.0,15.339031339031338,0.49242424242424243,2.1994301994301995,8.800000000000018,2.9866096866096883,2.0999999999999983,6.2711821428571675,3,
1596,200,0.2027057213944961,22.949999999999967,0.1212563654713836,2.0,0.0,43.0,17.52760736196319,0.4073033707865169,6.14519427402863,7.20000000000002,2.6192229038854813,1.8999999999999995,3.7217728337236804,2,
1597,200,0.20250311699218648,18.09999999999998,0.12124646752473245,2.0,0.0,43.0,15.59217877094972,0.5346153846153846,1.4916201117318435,7.100000000000015,2.5167597765363117,1.6999999999999977,4.025225377058912,3,
1598,200,0.2023007150930107,23.52499999999997,0.12123191083624921,2.0,1.0,42.0,18.18695652173913,0.4476744186046512,4.8826086956521735,6.500000000000011,2.7223913043478243,2.299999999999991,3.125665574979099,2,
1599,200,0.2020985154945669,22.174999999999965,0.12123303936618814,2.0,0.0,43.0,19.408256880733944,0.48809523809523814,4.176605504587156,7.400000000000011,3.128211009174313,2.799999999999998,3.8012195481207014,2,
1600,200,0.20189651799465538,21.349999999999987,0.12122951367552172,2.0,0.0,41.0,14.697986577181208,0.370253164556962,4.053691275167785,5.399999999999991,2.0592841163310913,1.899999999999999,1.0806742472773814,3,
1601,200,0.20169472239127875,23.649999999999984,0.1212197825440745,2.0,0.0,40.0,17.093681917211327,0.44277108433734935,1.7647058823529411,5.199999999999987,2.056427015250539,1.9999999999999933,1.0087815644579408,2,
1602,200,0.20149312848264125,24.32499999999997,0.12120348389544666,2.0,0.0,37.0,16.208163265306123,0.36904761904761907,0.8306122448979592,3.8999999999999915,1.8914285714285672,1.9999999999999893,1.0929514908433542,2,
1603,200,0.2012917360671491,25.599999999999966,0.12119468341023831,2.0,0.0,38.0,16.652694610778443,0.3848314606741573,1.4271457085828343,4.3999999999999915,1.9049900199600758,1.6999999999999953,1.328423505976088,2,
1604,200,0.20109054494340972,26.274999999999963,0.12117598301696414,2.0,0.0,37.0,17.148499210110586,0.23095238095238102,6.440758293838862,3.999999999999998,1.6271721958925696,1.5999999999999988,0.5845395919019268,3,
1605,200,0.20088955491023208,13.74999999999998,0.12116524510366358,1.0,0.0,40.0,16.49270072992701,0.6666666666666666,0.025547445255474453,5.500000000000015,2.7452554744525557,3.349999999999995,2.9820062604062683,3,
1606,200,0.20068876576662606,23.57499999999997,0.12116548850847852,2.0,0.0,35.0,16.43761638733706,0.3352272727272727,4.037243947858473,3.899999999999995,1.6309124767225276,1.5999999999999863,0.6388231703933858,2,
1607,200,0.20048817731180257,15.374999999999986,0.12116682079072391,3.0,1.0,44.0,15.5,0.6556603773584906,0.0,7.6000000000000085,2.293214285714285,1.2999999999999994,4.169185703899289,3,
1608,200,0.20028778934517305,27.34999999999996,0.12116137200768393,2.0,0.0,38.0,18.364532019704434,0.2735849056603774,6.532019704433497,4.399999999999994,1.9100164203612422,1.799999999999999,0.729113459879204,1,
1609,200,0.20008760166634962,28.74999999999997,0.12115439997256867,2.0,0.0,34.0,17.30622009569378,0.23058252427184467,4.762360446570973,3.4999999999999964,1.5063795853269484,1.4999999999999902,0.4692746891597641,2,
1610,200,0.1998876140751445,23.49999999999998,0.12114577600292309,3.0,0.0,43.0,17.509316770186334,0.4277777777777778,4.146997929606625,6.90000000000002,2.398964803312629,2.099999999999998,2.660238074825977,2,
1611,200,0.19968782637157012,13.624999999999979,0.12113887970832177,3.0,0.0,45.0,19.464435146443513,0.7180851063829787,0.0,8.200000000000026,3.9506276150627664,4.199999999999996,6.090807072829167,3,
1612,200,0.19948823835583873,16.174999999999983,0.1211349016087318,2.0,0.0,44.0,14.88888888888889,0.4957627118644068,1.873015873015873,7.200000000000015,2.634603174603175,1.899999999999999,3.8623653551560198,3,
1613,200,0.19928884982836237,13.72499999999998,0.12112851479044798,2.0,0.0,41.0,16.555160142348754,0.63,0.38434163701067614,6.300000000000028,3.0238434163701133,3.7999999999999967,3.634744427558285,3,
1614,200,0.1990896605897524,25.549999999999972,0.12111731642081107,3.0,0.0,41.0,15.512915129151292,0.3026315789473685,3.809963099630996,5.499999999999992,1.7459409594095912,1.4999999999999931,1.3784660763949126,2,
1615,200,0.19889067044081962,29.649999999999967,0.12111647236962811,2.0,0.0,40.0,16.906735751295336,0.30339805825242716,2.8169257340241796,5.499999999999996,1.7918825561312572,1.5999999999999983,1.311181541582146,2,
1616,200,0.19869187918257386,15.024999999999986,0.121110896830493,2.0,0.0,42.0,15.371165644171779,0.4872881355932204,1.4447852760736197,6.500000000000035,3.000306748466265,3.6999999999999984,3.8600055516349454,3,
1617,200,0.19849328661622387,27.199999999999967,0.12109296662136305,2.0,1.0,40.0,16.203358208955223,0.3257575757575758,4.449626865671642,5.699999999999998,1.9787313432835796,1.5999999999999983,1.6350010964339765,2,
1618,200,0.19829489254317698,19.57499999999997,0.12107786355624026,2.0,1.0,44.0,17.53045685279188,0.5277777777777778,3.1522842639593907,7.700000000000028,2.9401015228426415,2.499999999999998,4.210652494604984,3,
1619,200,0.19809669676503922,17.024999999999977,0.12107704784256831,3.0,0.0,43.0,15.353982300884956,0.4642857142857143,2.5634218289085546,6.700000000000029,3.0303834808259618,2.599999999999999,5.052365645666577,3,
1620,200,0.19789869908361465,21.499999999999986,0.12107064224642061,2.0,0.0,37.0,13.397350993377483,0.3633333333333333,2.7019867549668874,3.9999999999999916,1.3227373068432644,1.099999999999996,0.7214953608046452,3,
1621,200,0.19770089930090573,26.124999999999968,0.1210646115306263,2.0,0.0,41.0,17.032755298651253,0.375,2.071290944123314,5.400000000000002,2.08921001926782,1.799999999999999,1.710795515295512,2,
1622,200,0.19750329721911256,26.599999999999973,0.12106019071427515,2.0,0.0,41.0,16.442307692307693,0.2945544554455446,6.694055944055944,6.099999999999994,2.020979020979016,1.8999999999999948,1.3668717506716377,2,
1623,200,0.19730589264063308,26.44999999999997,0.12105686682234656,2.0,0.0,40.0,16.85593220338983,0.2690476190476191,5.942372881355932,6.299999999999998,2.211016949152539,1.9999999999999998,1.7955956495134993,2,
1624,200,0.19710868536806264,22.649999999999974,0.12104890285866973,2.0,0.0,41.0,18.335483870967742,0.436046511627907,4.419354838709677,6.100000000000009,2.8563440860215032,3.09999999999999,2.0479315894627814,2,
1625,200,0.19691167520419406,23.774999999999995,0.12104181079497832,2.0,0.0,42.0,12.46808510638298,0.2620481927710844,2.8978723404255318,5.999999999999999,1.3878723404255298,0.9999999999999994,1.422135953535323,3,
1626,200,0.19671486195201704,24.57499999999997,0.12103712060896385,2.0,0.0,38.0,16.24848484848485,0.3579545454545454,3.16969696969697,3.9999999999999916,1.961414141414136,1.9999999999999925,0.8633025336293526,2,
1627,200,0.19651824541471838,23.324999999999974,0.12102762317945212,2.0,0.0,43.0,16.693581780538302,0.41860465116279066,2.3250517598343685,7.000000000000022,2.2809523809523804,1.6999999999999962,3.3668151812352303,3,
1628,200,0.1963218253956815,23.14999999999997,0.12102644536858106,2.0,0.0,38.0,16.860262008733624,0.42901234567901236,1.9213973799126638,4.3999999999999915,1.9312227074235768,1.6999999999999997,1.2923282466402497,2,
1629,200,0.19612560169848642,17.849999999999987,0.12102337182124648,3.0,1.0,42.0,14.605042016806722,0.4921875,1.6526610644257702,6.600000000000019,2.444817927170869,1.799999999999999,3.7237908794175008,3,
1630,200,0.19592957412690934,30.424999999999955,0.12101858774950346,2.0,0.0,37.0,18.29720853858785,0.2545871559633027,4.587848932676519,4.0999999999999925,1.8696223316912919,1.8999999999999968,0.809079378774803,1,
1631,200,0.19573374248492273,24.04999999999997,0.12101527959725779,2.0,0.0,41.0,17.74946921443737,0.4204545454545454,3.7791932059447984,5.9000000000000234,2.5951167728237787,2.5999999999999885,2.326844392354863,2,
1632,200,0.1955381065766949,27.94999999999997,0.12100509400203914,3.0,1.0,41.0,16.182142857142857,0.2936893203883495,4.891071428571428,5.599999999999998,2.0707142857142826,1.799999999999999,1.8066481079340144,2,
1633,200,0.19534266620658997,18.82499999999999,0.12100059902904028,2.0,0.0,44.0,14.015015015015015,0.5483870967741935,0.6456456456456456,7.4000000000000075,1.9417417417417404,1.2999999999999976,3.705648401991201,3,
1634,200,0.1951474211791675,23.699999999999974,0.12098863848683622,3.0,0.0,38.0,17.312775330396477,0.44753086419753085,2.16079295154185,4.4999999999999885,2.0955947136563826,2.1499999999999955,1.2322332678359096,2,
1635,200,0.1949523712991825,25.374999999999968,0.12098723328117059,2.0,0.0,42.0,17.066666666666666,0.36340206185567014,4.851428571428571,6.099999999999995,2.299047619047615,2.199999999999994,1.9222727338693246,2,
1636,200,0.194757516371585,17.27499999999998,0.12098486770332886,2.0,0.0,43.0,15.847826086956522,0.5550847457627118,0.7142857142857143,7.100000000000027,3.0590062111801317,1.7999999999999987,5.552223990432423,3,
1637,200,0.19456285620152014,22.074999999999957,0.12098662834617321,2.0,0.0,41.0,18.839449541284402,0.48750000000000004,4.13302752293578,5.500000000000004,2.7869266055045863,3.0500000000000003,1.6639892159183551,2,
1638,200,0.19436839059432767,18.299999999999976,0.12098400098939889,3.0,0.0,38.0,19.04066985645933,0.5176056338028169,4.954545454545454,6.000000000000002,2.586124401913876,2.199999999999995,2.4405869862582645,2,
1639,200,0.19417411935554202,22.049999999999965,0.12098462970831672,2.0,0.0,40.0,18.285714285714285,0.4512195121951219,3.2075892857142856,6.000000000000004,2.6627232142857165,2.499999999999992,2.831325441074643,2,
1640,200,0.19398004229089189,13.424999999999976,0.12098066744400263,3.0,0.0,44.0,18.378486055776893,0.6979166666666666,0.027888446215139442,7.400000000000021,3.6039840637450236,3.499999999999996,5.505091428571455,3,
1641,200,0.1937861592063002,17.999999999999986,0.12097356074389051,4.0,0.0,42.0,14.08695652173913,0.5161290322580645,1.5304347826086957,6.199999999999999,1.9750724637681127,1.4999999999999991,1.9279745261459822,3,
1642,200,0.1935924699078839,25.874999999999986,0.12097354484246106,2.0,0.0,42.0,16.405714285714286,0.35416666666666663,3.7485714285714287,6.100000000000005,2.064761904761902,1.7999999999999994,1.61642128406815,2,
1643,200,0.19339897420195362,15.524999999999983,0.12096939560427608,2.0,0.0,40.0,14.204545454545455,0.5,1.4285714285714286,5.599999999999995,2.144155844155842,1.6499999999999992,2.1321636465218208,3,
1644,200,0.19320567189501364,30.849999999999948,0.12096181640950854,2.0,0.0,37.0,18.44006568144499,0.2592592592592593,4.469622331691297,4.299999999999992,1.9553366174055768,1.7999999999999954,0.7744276315789429,1,
1645,200,0.19301256279376172,32.99999999999997,0.12096180513633731,2.0,0.0,38.0,16.992447129909365,0.19067796610169485,6.903323262839879,3.899999999999989,1.5916918429002973,1.4999999999999931,0.6738751103839605,1,
1646,200,0.1928196467050886,23.374999999999957,0.12095791733381214,2.0,0.0,43.0,15.97465886939571,0.3434065934065934,3.6062378167641325,6.600000000000027,2.335282651072126,1.6999999999999988,2.7783563351167513,3,
1647,200,0.19262692343607832,20.89999999999999,0.12094766755119132,2.0,0.0,37.0,13.062780269058296,0.32432432432432434,1.9573991031390134,3.699999999999988,1.5163677130044804,1.3499999999999972,0.7108343262197369,3,
1648,200,0.19243439279400748,16.674999999999986,0.12093890844194735,2.0,0.0,42.0,15.495726495726496,0.5,1.3048433048433048,7.300000000000038,2.9592592592592677,2.499999999999999,4.891912662337712,3,
1649,200,0.1922420545863455,24.574999999999967,0.12092803698566056,2.0,0.0,40.0,17.69811320754717,0.38636363636363635,2.5555555555555554,7.000000000000017,2.6637316561844857,2.099999999999995,3.392808533455236,2,
1650,200,0.19204990862075408,17.249999999999986,0.1209185095823045,2.0,0.0,40.0,15.021621621621621,0.4921875,1.6135135135135135,6.000000000000009,2.3427027027027045,1.5999999999999994,3.329281879341714,3,
1651,200,0.19185795470508735,26.749999999999954,0.12091078436786415,2.0,0.0,37.0,18.19430485762144,0.28365384615384615,5.899497487437186,4.199999999999994,1.999664991624786,1.9999999999999956,1.1604386545756509,2,
1652,200,0.19166619264739126,23.12499999999997,0.12089529732014702,2.0,0.0,40.0,17.48949579831933,0.3936781609195402,4.508403361344538,5.200000000000025,2.536974789915968,2.1999999999999944,2.196415668101085,2,
1653,200,0.19147462225590384,18.849999999999987,0.12088415484395348,2.0,0.0,47.0,16.68731563421829,0.5378787878787878,0.5899705014749262,9.200000000000035,3.602064896755168,2.0999999999999988,7.18852436477555,3,
1654,200,0.19128324333905458,26.12499999999997,0.12087080319750618,2.0,0.0,40.0,16.71345029239766,0.3682795698924731,4.861598440545809,4.8999999999999915,2.1130604288498978,1.8999999999999968,1.2931871656128355,2,
1655,200,0.19109205570546464,25.24999999999997,0.12087061587226183,2.0,0.0,40.0,16.986666666666668,0.34375,5.655238095238095,6.200000000000012,2.4133333333333318,2.099999999999996,2.574574420224658,2,
1656,200,0.19090105916394629,26.749999999999982,0.12087529314399509,2.0,0.0,39.0,15.664206642066421,0.3236842105263158,3.555350553505535,4.199999999999987,1.55774907749077,1.4999999999999916,0.5353938038486772,2,
1657,200,0.19071025352350304,15.999999999999988,0.12086737546463133,3.0,0.0,42.0,14.702265372168284,0.5535714285714286,1.7022653721682848,6.900000000000005,2.3449838187702254,1.2999999999999998,4.203036656891502,3,
1658,200,0.19051963859332918,23.57499999999998,0.12085920413979338,2.0,0.0,42.0,15.850715746421267,0.37209302325581395,3.6155419222903884,6.300000000000002,2.146830265848666,1.899999999999999,1.9236431917029104,3,
1659,200,0.19032921418280985,26.749999999999986,0.12086120664616484,2.0,0.0,40.0,16.539499036608863,0.33854166666666663,3.5703275529865124,6.100000000000016,2.244123314065509,1.8999999999999972,2.279044253044262,2,
1660,200,0.1901389801015205,21.474999999999973,0.12085099402253996,2.0,1.0,40.0,18.06787330316742,0.46875,3.5384615384615383,5.3999999999999995,2.433484162895927,2.2999999999999936,2.0403372184088164,2,
1661,200,0.18994893615922714,21.299999999999972,0.12084465555232869,2.0,0.0,45.0,15.526436781609195,0.42500000000000004,2.7471264367816093,7.90000000000002,2.648505747126437,1.8999999999999955,4.6722695852534715,3,
1662,200,0.18975908216588572,23.07499999999997,0.12083906119337487,3.0,0.0,43.0,18.056603773584907,0.4353932584269663,4.0083857442348005,7.200000000000019,2.70524109014675,2.2999999999999914,3.6230282866284758,2,
1663,200,0.18956941793164234,18.774999999999977,0.12082919823727409,2.0,0.0,41.0,16.765432098765434,0.4964788732394366,2.2,6.5000000000000355,2.769876543209883,1.9,4.170426644881278,3,
1664,200,0.18937994326683263,24.94999999999998,0.12081389711695742,2.0,1.0,41.0,16.65142857142857,0.32446808510638303,2.683809523809524,6.8000000000000185,2.3779047619047624,1.899999999999999,3.0478657156125926,2,
1665,200,0.18919065798198204,24.274999999999974,0.12080446658124744,2.0,0.0,42.0,17.344,0.3844086021505376,4.74,6.500000000000007,2.476399999999997,2.1999999999999997,2.0006110424441723,2,
1666,200,0.18900156188780515,18.72499999999998,0.12079177593583443,3.0,0.0,42.0,16.018617021276597,0.5485074626865671,1.8563829787234043,6.000000000000005,2.13856382978723,1.699999999999998,1.8644036781609197,3,
1667,200,0.1888126547952059,30.67499999999995,0.12077927263552975,2.0,1.0,39.0,17.970967741935485,0.25450450450450446,3.9080645161290324,4.499999999999992,1.822903225806448,1.5999999999999985,1.0569943210049955,1,
1668,200,0.1886239365152772,24.824999999999967,0.12077263293809941,2.0,1.0,43.0,17.851020408163265,0.3844086021505376,5.1959183673469385,7.0000000000000275,2.884489795918368,2.9999999999999964,3.3998144098892706,2,
1669,200,0.18843540685930069,27.54999999999998,0.12076529019076387,2.0,0.0,38.0,15.698630136986301,0.2354368932038835,5.571917808219178,4.699999999999998,1.8643835616438327,1.5999999999999925,1.3358586738209364,2,
1670,200,0.1882470656387468,20.074999999999978,0.12075062236857449,2.0,0.0,43.0,16.77283950617284,0.4965753424657534,1.5382716049382716,7.500000000000015,2.654320987654319,1.7999999999999998,4.145370799395225,3,
1671,200,0.18805891266527416,17.774999999999977,0.1207493543346077,3.0,1.0,44.0,17.06376811594203,0.5703125,2.408695652173913,8.500000000000028,3.3281159420289903,2.0999999999999983,7.122660639871001,3,
1672,200,0.18787094775072993,15.22499999999998,0.12075006977021639,2.0,0.0,46.0,19.507462686567163,0.6462264150943396,1.1156716417910448,8.60000000000004,4.677238805970163,5.800000000000012,8.400457095916428,3,
1673,200,0.18768317070714904,17.999999999999986,0.12073666480738006,2.0,0.0,44.0,15.426470588235293,0.5436507936507936,1.6323529411764706,7.400000000000014,2.7073529411764716,1.9499999999999986,5.614553326585886,3,
1674,200,0.18749558134675456,25.54999999999996,0.1207214706028939,2.0,0.0,41.0,16.491329479768787,0.3521505376344086,4.057803468208093,6.100000000000005,2.1747591522157976,2.199999999999993,2.1857871992871987,2,
1675,200,0.18730817948195702,26.524999999999956,0.12069699598015557,2.0,0.0,41.0,17.800986842105264,0.26869158878504673,7.2993421052631575,5.700000000000016,2.3562499999999966,2.1999999999999904,1.6620378019980424,2,
1676,200,0.1871209649253546,31.224999999999966,0.12068354711359479,2.0,0.0,38.0,17.5,0.2364864864864864,3.0142405063291138,3.7999999999999967,1.675316455696197,1.599999999999997,0.6032529924415948,1,
1677,200,0.18693393748973264,19.02499999999998,0.12067421666173386,2.0,0.0,41.0,14.456,0.48484848484848486,0.8133333333333334,5.5000000000000036,2.062666666666664,1.4999999999999996,2.4257168050972755,3,
1678,200,0.1867470969880638,21.524999999999977,0.12065985768761402,2.0,0.0,47.0,15.909975669099756,0.46794871794871795,1.2384428223844282,9.000000000000023,2.7374695863746967,1.8999999999999986,5.161302983660928,3,
1679,200,0.18656044323350748,24.94999999999998,0.12065325087986681,2.0,0.0,42.0,14.454545454545455,0.3117977528089888,2.899209486166008,6.000000000000011,1.7788537549407102,1.299999999999999,2.062268400804581,3,
1680,200,0.18637397603940997,26.299999999999976,0.12063121932529271,2.0,0.0,41.0,16.52972027972028,0.28431372549019607,5.381118881118881,6.099999999999998,2.22447552447552,2.1999999999999953,1.4197199732259886,2,
1681,200,0.186187695219304,20.374999999999993,0.12062335917251038,2.0,0.0,43.0,15.605603448275861,0.4006024096385542,3.8469827586206895,6.800000000000014,2.2961206896551705,1.5999999999999959,3.370086811119634,3,
1682,200,0.1860016005869088,27.274999999999967,0.12060947409741593,2.0,0.0,38.0,16.656146179401993,0.25970873786407767,3.86046511627907,4.599999999999992,1.7453488372092973,1.6999999999999913,0.7780286862967447,2,
1683,200,0.18581569195612965,25.49999999999998,0.12060056073124573,2.0,1.0,39.0,16.232774674115458,0.3360215053763441,4.692737430167598,4.79999999999999,1.8465549348230859,1.699999999999993,0.9036830716306908,2,
1684,200,0.18562996914105798,20.39999999999997,0.12059115301101571,3.0,0.0,46.0,16.49874686716792,0.4966666666666667,2.1979949874686717,9.000000000000034,3.0919799498746916,1.7999999999999998,6.379324120603064,3,
1685,200,0.18544443195597088,21.92499999999996,0.12058205566864832,3.0,0.0,43.0,19.03669724770642,0.47560975609756095,2.9243119266055047,6.800000000000025,2.921788990825687,2.699999999999995,2.375111128646221,2,
1686,200,0.18525908021533122,18.249999999999993,0.12058066351988111,2.0,0.0,42.0,14.189333333333334,0.3843283582089553,1.5626666666666666,7.100000000000016,2.5666666666666695,1.6999999999999993,4.191425361247034,3,
1687,200,0.18507391373378718,28.749999999999964,0.12056979450446703,2.0,0.0,36.0,18.44991789819376,0.2547169811320755,4.476190476190476,4.499999999999995,1.961247947454839,1.7999999999999998,0.8669406816220862,1,
1688,200,0.18488893232617234,21.649999999999984,0.12056611207845533,2.0,1.0,42.0,13.045023696682465,0.33666666666666667,3.071090047393365,6.80000000000001,1.857109004739336,1.099999999999998,3.2426098504629914,3,
1689,200,0.1847041358075052,26.524999999999967,0.12055984888792155,2.0,0.0,40.0,16.689265536723163,0.35416666666666663,3.4990583804143127,4.799999999999994,1.9425612052730652,1.6999999999999997,1.0011676124272908,2,
1690,200,0.18451952399298926,23.574999999999978,0.12055036545758177,2.0,0.0,38.0,16.923728813559322,0.4088235294117647,3.5783898305084745,5.199999999999993,2.1078389830508426,2.099999999999996,1.4292034401188545,2,
1691,200,0.1843350966980127,29.47499999999995,0.12054417810072435,1.0,0.0,36.0,18.137096774193548,0.24065420560747675,5.638709677419355,4.799999999999993,1.9225806451612846,1.7999999999999872,0.8042341421283606,1,
1692,38,0.1841508537381482,2.6750000000000003,0.12054361582410954,1.0,1.0,5.0,2.3392857142857144,0,0.4107142857142857,1.4999999999999998,0.6866071428571426,0.7000000000000001,0.1406354141752371,4,
1693,200,0.18396679492915277,19.574999999999985,0.12053265614596405,2.0,1.0,45.0,15.824561403508772,0.45945945945945943,3.192982456140351,8.900000000000029,3.0543859649122838,1.899999999999999,6.741219849246273,3,
1694,200,0.18378292008696764,18.349999999999994,0.12052717555359846,2.0,1.0,40.0,13.014005602240896,0.47580645161290325,1.9047619047619047,5.099999999999993,1.5103641456582608,1.1999999999999984,1.3403792919465152,3,
1695,200,0.18359922902771786,16.899999999999974,0.12051929926280788,3.0,0.0,43.0,14.829268292682928,0.5083333333333333,1.3780487804878048,6.60000000000003,2.6326219512195164,1.5999999999999994,4.4485808166718055,3,
1696,200,0.18341572156771246,21.374999999999964,0.12052031797241355,2.0,0.0,42.0,19.15011037527594,0.46084337349397586,5.105960264900662,7.60000000000002,3.226048565121415,2.299999999999999,5.06985390433126,2,
1697,200,0.18323239752344386,30.074999999999953,0.12051224484623035,2.0,0.0,40.0,18.504065040650406,0.2725225225225225,4.715447154471545,4.899999999999993,2.078211382113816,1.899999999999992,1.1388453403274212,1,
1698,200,0.18304925671158812,25.64999999999997,0.12049998735772964,2.0,0.0,39.0,16.70414201183432,0.3695652173913043,4.552268244575937,6.099999999999999,2.1102564102564068,1.799999999999999,1.8333930627742678,2,
1699,200,0.18286629894900427,23.774999999999974,0.12048389953118427,2.0,0.0,38.0,16.279503105590063,0.39457831325301207,1.4658385093167703,4.7999999999999945,1.830020703933743,1.4999999999999991,1.471755169575799,2,
1700,200,0.18268352405273466,25.42499999999998,0.1204677883833394,2.0,0.0,37.0,15.801158301158301,0.32692307692307687,3.247104247104247,3.6999999999999877,1.793243243243239,1.7499999999999947,0.8176987064098071,2,
1701,200,0.1825009318400043,25.59999999999998,0.12046280197240467,2.0,0.0,40.0,16.449458483754512,0.28500000000000003,5.527075812274369,5.8999999999999995,2.3146209386281584,1.8999999999999995,2.0899915937637545,2,
1702,200,0.182318522128221,30.024999999999963,0.12044235877449433,2.0,0.0,36.0,17.59170653907496,0.23130841121495327,4.623604465709729,3.7999999999999967,1.6776714513556563,1.5999999999999956,0.5701886917238125,1,
1703,200,0.182136294734975,17.974999999999984,0.12043035150853898,3.0,0.0,46.0,15.214285714285714,0.5564516129032258,0.2204968944099379,8.500000000000012,2.7124223602484467,2.0999999999999996,4.886414552048077,3,
1704,200,0.18195424947803895,29.749999999999943,0.12042102162936982,2.0,0.0,41.0,18.183385579937305,0.24122807017543857,7.09717868338558,5.400000000000005,2.1424764890282093,1.8999999999999955,1.5916009119429644,1,
1705,200,0.1817723861753675,19.224999999999977,0.12041912257291283,2.0,0.0,37.0,15.62378640776699,0.5,1.145631067961165,3.4999999999999956,1.4128640776698993,1.1999999999999993,0.6733578998839406,3,
1706,200,0.1815907046450974,24.074999999999978,0.12040708622709946,2.0,0.0,41.0,16.805668016194332,0.37222222222222223,2.52834008097166,5.800000000000004,2.28724696356275,2.199999999999993,1.7568283647837395,2,
1707,200,0.18140920470554706,26.449999999999974,0.12040475940201542,2.0,0.0,40.0,16.299813780260706,0.33947368421052626,3.990689013035382,4.89999999999999,1.8867783985102373,1.799999999999994,1.1769801087499265,2,
1708,200,0.1812278861752166,24.024999999999977,0.120398539138837,3.0,0.0,41.0,14.646718146718147,0.2833333333333333,4.083011583011583,5.600000000000001,1.9693050193050161,1.5499999999999976,1.7463037085900195,3,
1709,200,0.18104674887278735,27.099999999999973,0.12039520649557908,2.0,0.0,37.0,16.919720767888307,0.30102040816326525,4.0680628272251305,4.099999999999988,1.7232111692844627,1.6999999999999935,0.617595757900634,2,
1710,200,0.1808657926171221,21.249999999999964,0.1203862738032582,3.0,0.0,43.0,20.382775119617225,0.5292207792207793,2.849282296650718,7.50000000000004,3.3913875598086167,2.899999999999993,3.3070260927296795,2,
1711,200,0.1806850172272645,20.12499999999998,0.1203807025632672,2.0,0.0,46.0,15.426666666666666,0.45138888888888884,2.648,8.900000000000029,3.083466666666671,1.999999999999996,7.649381044487471,3,
1712,200,0.18050442252243923,24.524999999999974,0.12037823674225187,2.0,0.0,38.0,16.636363636363637,0.38636363636363635,4.070707070707071,4.4999999999999885,1.9820202020201974,1.7999999999999923,1.2077422619824933,2,
1713,200,0.18032400832205148,15.949999999999983,0.12037939435002784,2.0,0.0,41.0,14.807339449541285,0.47413793103448276,0.20795107033639143,6.700000000000011,2.682874617737005,1.9999999999999991,4.009652476432756,3,
1714,200,0.1801437744456871,21.64999999999997,0.12037186390457924,2.0,0.0,41.0,19.29936305732484,0.4339080459770115,4.762208067940552,7.500000000000022,3.420594479830149,2.999999999999998,3.353370176703958,2,
1715,200,0.17996372071311217,19.34999999999998,0.1203683623828495,4.0,0.0,42.0,16.69,0.5105633802816901,2.7825,6.70000000000003,2.5247500000000045,1.899999999999998,3.72373571084822,3,
1716,200,0.17978384694427296,21.64999999999998,0.12035657355757033,2.0,0.0,47.0,15.347533632286995,0.375,2.2757847533632285,9.100000000000033,2.9679372197309455,1.9999999999999958,6.689386773244897,3,
1717,200,0.17960415295929566,22.99999999999998,0.12034897291077667,2.0,0.0,44.0,17.9874213836478,0.4277777777777778,4.123689727463312,7.600000000000022,2.7819706498951793,2.4999999999999996,3.426147023663034,2,
1718,200,0.17942463857848634,28.874999999999947,0.12033539655328393,2.0,0.0,37.0,18.325949367088608,0.2276785714285714,5.458860759493671,4.6,2.170886075949364,2.1000000000000005,1.1106741474577055,1,
1719,200,0.1792453036223305,24.224999999999962,0.1203294176423953,2.0,0.0,42.0,19.70232558139535,0.4794117647058823,2.0906976744186045,7.100000000000015,3.2172093023255806,2.799999999999989,3.5392113532252925,2,
1720,200,0.17906614791149322,25.024999999999956,0.12031497993201301,2.0,0.0,37.0,16.7751677852349,0.24494949494949503,6.219798657718121,4.099999999999995,1.9607382550335524,1.7999999999999938,1.0353406246920847,3,
1721,200,0.17888717126681877,25.499999999999968,0.12030298852448086,2.0,1.0,40.0,17.96732026143791,0.43965517241379315,1.553376906318083,5.199999999999996,2.5348583877995603,2.4999999999999987,1.5306004366812203,2,
1722,200,0.17870837350933053,28.874999999999964,0.1202734733491055,2.0,0.0,39.0,17.213286713286713,0.29854368932038833,3.6923076923076925,5.200000000000002,2.1625874125874103,1.8999999999999988,1.6767522762490712,2,
1723,200,0.17852975446023064,28.674999999999955,0.12025543118860717,2.0,0.0,38.0,17.908045977011493,0.2690476190476191,3.509031198686371,4.7999999999999945,1.9888341543513905,1.7999999999999927,1.1453628127696276,2,
1724,200,0.17835131394090015,30.42499999999996,0.12023875063898337,2.0,0.0,36.0,17.406698564593302,0.235981308411215,2.6810207336523124,3.899999999999994,1.566666666666663,1.2999999999999994,0.8953026495187285,1,
1725,200,0.1781730517728984,29.84999999999995,0.1202187841280734,2.0,1.0,37.0,18.066770186335404,0.20614035087719307,6.697204968944099,4.499999999999998,2.122981366459623,2.0499999999999927,1.0409339939961635,1,
1726,200,0.17799496777796334,27.974999999999987,0.12020659270354248,2.0,0.0,38.0,15.653846153846153,0.25,3.2814685314685317,4.799999999999995,1.8499999999999972,1.649999999999996,1.167958115183242,2,
1727,200,0.17781706177801082,20.974999999999987,0.12019892353946497,3.0,0.0,42.0,14.091703056768559,0.2870370370370371,2.722707423580786,7.20000000000002,2.3923580786026224,1.4999999999999991,3.916488656245408,3,
1728,200,0.17763933359513495,27.199999999999974,0.1201844834269212,2.0,0.0,43.0,17.089523809523808,0.36855670103092786,1.3885714285714286,6.699999999999998,2.3127619047619,2.3999999999999937,1.9259965024816375,2,
1729,200,0.17746178305160745,30.09999999999995,0.12016824792761698,2.0,0.0,43.0,17.243654822335024,0.2909090909090909,4.072758037225042,6.799999999999994,2.244839255499151,2.199999999999999,2.011243930371042,2,
1730,200,0.17728440996987782,26.49999999999997,0.12016067492051333,2.0,1.0,42.0,16.84795321637427,0.359375,5.647173489278752,6.1000000000000005,2.3797270955165657,2.0999999999999996,2.095815296692606,2,
1731,200,0.17710721417257289,31.92499999999996,0.1201474586982682,3.0,0.0,39.0,17.543026706231455,0.1785714285714286,5.170623145400594,4.999999999999995,1.9675074183976227,1.7999999999999912,1.166795465301852,1,
1732,200,0.17693019548249692,18.19999999999997,0.12013852671897755,2.0,0.0,42.0,16.670157068062828,0.5220588235294118,2.099476439790576,7.799999999999999,2.957068062827225,2.1999999999999984,5.305365980688459,3,
1733,200,0.17675335372263115,19.549999999999983,0.12013837592635504,2.0,0.0,45.0,16.012345679012345,0.4966666666666667,2.5975308641975308,7.800000000000018,2.5209876543209875,1.799999999999999,3.9228180022435852,3,
1734,200,0.17657668871613388,23.649999999999974,0.1201292869644706,2.0,0.0,42.0,17.278787878787877,0.3920454545454546,3.896969696969697,7.400000000000012,2.5383838383838397,1.7999999999999923,3.996280364372504,2,
1735,200,0.17640020028634,24.449999999999964,0.1201172333581298,2.0,0.0,42.0,17.8895966029724,0.43965517241379315,3.1252653927813165,6.2000000000000055,2.574734607218681,2.2999999999999945,2.282662820050485,2,
1736,200,0.1762238882567611,23.07499999999998,0.12011154489020678,2.0,1.0,45.0,14.664621676891615,0.2949438202247191,2.38241308793456,8.000000000000016,2.521063394683028,1.1999999999999993,6.002301271328228,3,
1737,200,0.17604775245108517,28.099999999999973,0.12010365720163316,3.0,0.0,37.0,17.60033167495854,0.27450980392156865,4.250414593698176,4.399999999999993,1.7275290215588681,1.6999999999999953,0.6668061758817159,2,
1738,200,0.17587179269317638,27.599999999999966,0.12009857724808243,2.0,0.0,40.0,17.80952380952381,0.3242574257425742,4.299823633156967,5.5,2.172663139329804,1.9999999999999951,1.5300334693674469,2,
1739,200,0.17569600880707487,25.599999999999987,0.12008857868884572,2.0,0.0,42.0,13.833948339483396,0.22894736842105257,2.6937269372693726,6.300000000000004,1.6817343173431714,1.1999999999999997,1.8062223288841683,3,
1740,200,0.17552040061699686,22.274999999999974,0.12008422280024533,2.0,0.0,42.0,18.75990675990676,0.5,2.9277389277389276,6.400000000000002,2.6261072261072225,2.499999999999989,1.70613420995436,2,
1741,200,0.1753449679473341,26.899999999999963,0.12006861262534033,2.0,1.0,41.0,16.805704099821746,0.31999999999999995,4.721925133689839,5.800000000000002,2.0381461675579287,1.799999999999995,1.6831847991865776,2,
1742,200,0.17516971062265388,21.07499999999999,0.12005844551709029,2.0,0.0,42.0,14.844186046511627,0.42105263157894735,2.76046511627907,6.1000000000000005,2.1148837209302305,1.5999999999999959,2.02574291910719,3,
1743,200,0.17499462846769887,23.549999999999976,0.12005116941108485,2.0,0.0,41.0,17.18918918918919,0.3351063829787234,5.210424710424711,6.800000000000001,2.6677606177606177,2.699999999999995,2.977408011985562,2,
1744,200,0.17481972130738693,23.89999999999996,0.12003684335496691,3.0,0.0,43.0,18.696774193548386,0.4353932584269663,3.6,7.100000000000034,3.1105376344086038,2.7999999999999985,3.196226320852478,2,
1745,200,0.17464498896681085,25.374999999999964,0.1200241599716709,2.0,1.0,39.0,17.524590163934427,0.34042553191489366,3.7632058287795993,5.400000000000008,2.1865209471766813,1.899999999999988,1.5216084273390893,2,
1746,200,0.17447043127123832,25.924999999999972,0.12001295711326254,2.0,0.0,39.0,17.405714285714286,0.3605263157894737,4.083809523809524,5.4,2.2853333333333308,2.099999999999997,1.4914283952050653,2,
1747,200,0.17429604804611157,20.049999999999986,0.12000856045037672,2.0,0.0,44.0,14.630490956072352,0.47535211267605637,1.3074935400516796,7.300000000000008,2.3351421188630477,1.4999999999999996,3.9679388120292796,3,
1748,200,0.1741218391170474,23.67499999999998,0.11999531689217147,2.0,0.0,39.0,16.597285067873305,0.4537037037037037,1.6855203619909502,4.699999999999992,1.559276018099544,1.3499999999999963,1.0403378326499861,2,
1749,200,0.17394780430983683,31.24999999999997,0.11998958281095154,2.0,0.0,37.0,17.07185628742515,0.17672413793103448,6.794910179640719,3.6999999999999935,1.664970059880235,1.5999999999999972,0.647247407686288,1,
1750,200,0.17377394345044514,17.49999999999998,0.11998290831654414,2.0,0.0,44.0,14.856269113149848,0.49590163934426235,1.1498470948012232,7.300000000000027,2.6993883792048963,1.1999999999999997,6.009230136166423,3,
1751,200,0.1736002563650113,30.224999999999973,0.11997972816204905,2.0,0.0,40.0,16.849246231155778,0.28240740740740744,3.4438860971524288,4.79999999999999,1.6780569514237806,1.5999999999999903,0.9321676842270603,2,
1752,200,0.17342674287984836,16.39999999999998,0.11997828626214893,2.0,0.0,43.0,16.015822784810126,0.5948275862068966,0.12341772151898735,7.40000000000002,2.789556962025318,2.0999999999999988,4.642247558960513,3,
1753,200,0.1732534028214427,22.949999999999967,0.11996751707558816,2.0,0.0,39.0,17.60377358490566,0.4088235294117647,3.230607966457023,6.400000000000014,2.551781970649898,1.9999999999999991,2.822467300727847,2,
1754,200,0.17308023601645434,18.074999999999978,0.11996234694767127,2.0,0.0,42.0,15.15748031496063,0.47058823529411764,1.79002624671916,6.900000000000005,2.6341207349081377,1.8999999999999981,4.044900385781225,3,
1755,200,0.17290724229171636,30.44999999999996,0.11996232190289957,2.0,0.0,39.0,18.086124401913874,0.25,3.9952153110047846,4.299999999999987,1.9743221690590054,1.9999999999999978,0.801655287845178,1,
1756,200,0.17273442147423515,26.449999999999974,0.11995459244858163,2.0,0.0,39.0,16.505190311418684,0.27,5.41522491349481,5.099999999999997,2.1738754325259486,1.9999999999999922,1.4926264730620828,2,
1757,200,0.17256177339118975,25.274999999999974,0.11995182380238129,2.0,0.0,41.0,17.2172131147541,0.37637362637362637,3.180327868852459,7.200000000000006,2.4868852459016373,2.1999999999999957,2.924348479694978,2,
1758,200,0.17238929786993218,25.27499999999997,0.11994892554827769,2.0,0.0,39.0,15.231046931407942,0.28191489361702127,5.236462093862816,4.2999999999999865,1.6160649819494544,1.3999999999999966,0.8244557939494604,3,
1759,200,0.1722169947379868,24.19999999999998,0.11995080623006665,2.0,1.0,40.0,16.88146551724138,0.41470588235294115,2.896551724137931,5.0,2.0374999999999956,1.9999999999999931,1.3258412875357017,2,
1760,200,0.17204486382305054,30.44999999999995,0.11993723725652984,2.0,0.0,39.0,19.10016420361248,0.2725225225225225,4.467980295566503,4.499999999999996,2.35139573070607,2.2999999999999896,1.0988556945642765,1,
1761,200,0.1718729049529924,24.12499999999996,0.11993402172939405,3.0,0.0,47.0,19.282758620689656,0.5088235294117647,0.22298850574712645,9.400000000000013,3.0374712643678135,3.099999999999993,2.92516308713483,2,
1762,200,0.17170111795585358,22.899999999999977,0.11992657616145341,2.0,0.0,38.0,16.798283261802574,0.4228395061728395,2.0107296137339055,4.2999999999999945,1.9811158798283228,1.6999999999999982,1.5778480808638917,2,
1763,200,0.17152950265984698,30.699999999999953,0.11991665920134546,2.0,0.0,38.0,18.702439024390245,0.25,4.930081300813008,4.699999999999995,2.1972357723577187,2.0999999999999903,1.1064505689749957,1,
1764,200,0.17135805889335737,25.949999999999974,0.11990583709127284,2.0,0.0,37.0,16.35238095238095,0.32608695652173914,3.04,5.100000000000004,2.09333333333333,1.8999999999999884,1.5778469944562166,2,
1765,200,0.1711867864849409,19.424999999999965,0.11990529767535585,2.0,0.0,43.0,20.12093023255814,0.5097402597402597,5.025581395348837,7.20000000000002,3.4683720930232615,3.249999999999994,3.910369661274581,3,
1766,200,0.17101568526332522,27.449999999999974,0.11990115106799071,2.0,0.0,44.0,17.861003861003862,0.35,4.743243243243243,8.400000000000011,3.056949806949808,2.599999999999997,4.64339564629198,2,
1767,200,0.170844755057409,19.049999999999983,0.11989338653290016,2.0,0.0,45.0,15.350427350427351,0.5227272727272727,1.1424501424501425,8.600000000000012,2.8207977207977213,2.0999999999999974,5.974288311688329,3,
1768,200,0.17067399569626215,27.499999999999975,0.11989482392668785,2.0,0.0,44.0,16.497109826589597,0.3788659793814433,3.026974951830443,7.7,1.973603082851635,1.5999999999999974,2.22187407187407,2,
1769,200,0.17050340700912517,30.999999999999964,0.11989445086284342,2.0,0.0,37.0,17.846394984326018,0.21460176991150437,5.061128526645768,3.8999999999999884,1.9402821316614367,2.099999999999988,0.683128244436088,1,
1770,200,0.17033298882540943,23.874999999999968,0.11988924863363226,2.0,0.0,39.0,16.87344398340249,0.39534883720930236,2.41701244813278,5.100000000000003,2.1798755186721976,2.099999999999995,1.7339800622409343,2,
1771,200,0.1701627409746967,30.599999999999966,0.11987629279263903,2.0,0.0,39.0,17.079113924050635,0.23230088495575218,4.189873417721519,4.599999999999986,1.8499999999999954,1.649999999999996,1.0351608194820974,2,
1772,200,0.16999266328673912,23.849999999999962,0.11986703377195873,2.0,0.0,41.0,18.69351230425056,0.45481927710843373,0.8165548098434005,5.900000000000028,2.892841163310962,2.7999999999999887,2.3965602978859875,2,
1773,200,0.16982275559145898,27.79999999999996,0.11986172831468403,2.0,0.0,39.0,17.934673366834172,0.26388888888888884,5.50251256281407,5.199999999999996,2.4670016750418715,2.299999999999992,1.589183576126234,2,
1774,200,0.1696530177189486,27.874999999999957,0.11985538322283787,2.0,1.0,42.0,17.78846153846154,0.3060747663551402,3.9195804195804196,6.200000000000006,2.627272727272726,2.1999999999999975,2.487900165962175,2,
1775,200,0.16948344949947006,26.099999999999973,0.11985363318623728,2.0,0.0,40.0,16.968619246861923,0.4,1.8786610878661087,5.6999999999999895,2.2150627615062732,1.9999999999999964,1.9276894998752592,2,
1776,200,0.16931405076345518,25.849999999999966,0.11984581817279853,2.0,1.0,38.0,16.770712909441233,0.3532608695652174,1.9460500963391136,4.900000000000002,2.1377649325626193,1.6999999999999997,2.0611633501633477,2,
1777,200,0.16914482134150513,25.79999999999996,0.11982989897697098,2.0,0.0,40.0,16.713221601489757,0.3005050505050505,5.43389199255121,6.100000000000014,2.455493482309123,2.3999999999999964,2.3103735504633027,2,
1778,200,0.16897576106439058,21.574999999999967,0.11981622092784566,2.0,0.0,38.0,17.407239819004523,0.45779220779220775,2.1561085972850678,4.49999999999999,2.045248868778275,2.099999999999996,0.8532510250149677,2,
1779,200,0.1688068697630511,27.274999999999952,0.11979952057729068,2.0,1.0,40.0,18.528233151183972,0.32920792079207917,4.395264116575592,5.70000000000001,3.0488160291439037,3.299999999999996,2.276058062375603,2,
1780,200,0.1686381472685955,24.19999999999997,0.11979420233463062,2.0,0.0,41.0,17.91614255765199,0.42816091954022983,0.9958071278825996,6.6000000000000085,2.6209643605870006,2.5999999999999996,2.016047343623645,2,
1781,51,0.1684695934123012,5.125000000000002,0.11979014169820938,1.0,0.0,7.0,3.21875,0,0.13125,1.4,0.623125,0.6000000000000001,0.10365678346810415,4,
1782,200,0.16830120802561438,32.049999999999955,0.11977841915686087,2.0,0.0,38.0,17.714285714285715,0.21460176991150437,3.31055900621118,4.099999999999992,1.9114906832298086,1.8999999999999877,0.7759878476617574,1,
1783,200,0.16813299094014955,22.374999999999975,0.11977616752479493,2.0,0.0,38.0,16.90775681341719,0.40294117647058825,1.5744234800838575,5.199999999999998,2.1341719077568104,1.8999999999999906,1.6321937519777783,2,
1784,200,0.16796494198768974,27.74999999999997,0.11976188533200616,2.0,0.0,43.0,17.078998073217726,0.3530927835051546,2.0616570327552988,7.0000000000000195,2.5678227360308274,2.499999999999998,2.664080487080493,2,
1785,200,0.16779706100018585,19.924999999999986,0.11975190262793,2.0,0.0,43.0,14.274881516587678,0.35526315789473684,3.6113744075829386,7.1000000000000085,2.5523696682464467,1.699999999999999,4.187494202141714,3,
1786,200,0.167629347809757,27.924999999999972,0.11974397539141737,2.0,0.0,37.0,17.538071065989847,0.28431372549019607,3.206429780033841,4.199999999999991,1.8651438240270672,1.899999999999996,0.766706023820428,2,
1787,200,0.1674618022486899,16.67499999999998,0.11974401392770728,2.0,0.0,45.0,15.7317880794702,0.5344827586206896,1.596026490066225,8.500000000000027,2.9884105960264944,1.5499999999999996,6.808119140817775,3,
1788,200,0.167294424149439,22.849999999999973,0.11973998725722208,3.0,0.0,47.0,17.392290249433106,0.4849397590361446,3.36281179138322,9.200000000000022,2.7736961451247164,1.6999999999999962,5.684688811188839,3,
1789,200,0.1671272133446262,31.399999999999963,0.11972852410300247,2.0,0.0,41.0,17.645015105740182,0.20798319327731085,5.540785498489426,5.399999999999988,2.1028700906344358,1.9999999999999973,1.2929705437394254,2,
1790,200,0.1669601696670407,20.699999999999992,0.11972408539262791,2.0,0.0,42.0,14.465909090909092,0.3782051282051282,3.3204545454545453,6.300000000000015,2.2768181818181814,1.5999999999999985,2.7561132030640723,3,
1791,200,0.16679329294963874,24.24999999999997,0.11972258108011145,2.0,0.0,41.0,18.966063348416288,0.46176470588235297,2.6063348416289593,5.600000000000018,2.9723981900452507,3.299999999999997,2.410743692510873,2,
1792,200,0.16662658302554365,28.72499999999996,0.11972146841607141,2.0,0.0,42.0,17.94818652849741,0.31666666666666665,4.1139896373057,6.499999999999995,2.26856649395509,1.9999999999999973,1.7416423457821222,2,
1793,200,0.1664600397280455,24.299999999999955,0.11971219703690406,2.0,0.0,40.0,18.887179487179488,0.30940594059405946,7.3760683760683765,6.900000000000013,2.5904273504273485,2.2999999999999963,2.1675044415353812,2,
1794,200,0.16629366289060088,21.274999999999988,0.11970805770905242,2.0,0.0,46.0,13.733850129198967,0.3938356164383562,1.4289405684754521,8.400000000000015,2.3087855297157622,1.499999999999997,4.68693085305273,3,
1795,200,0.16612745234683307,31.324999999999967,0.11969940137583146,2.0,0.0,38.0,18.14308943089431,0.26388888888888884,3.1170731707317074,3.899999999999994,1.8616260162601568,1.899999999999996,0.7267895215533631,1,
1796,200,0.16596140793053138,25.624999999999986,0.11969432519089301,1.0,1.0,39.0,16.268835616438356,0.23529411764705888,6.070205479452055,6.700000000000012,2.212671232876712,1.6999999999999917,2.759710545219999,2,
1797,200,0.16579552947565152,27.024999999999967,0.11968838755441942,2.0,1.0,47.0,18.12727272727273,0.40463917525773196,2.6343434343434344,9.000000000000014,2.9480808080808054,2.699999999999993,3.5143086391537217,2,
1798,200,0.16562981681631492,29.699999999999953,0.11968571696563222,2.0,0.0,38.0,19.203612479474547,0.2637614678899083,4.328407224958949,4.899999999999995,2.4134646962233113,2.499999999999998,1.1757167817083642,1,
1799,200,0.16546426978680895,28.49999999999996,0.11967814889986728,2.0,1.0,42.0,17.822878228782287,0.3173076923076923,3.715867158671587,6.6000000000000165,3.0522140221402236,2.7499999999999973,4.1225091315108,2,
1800,200,0.16529888822158653,15.874999999999979,0.11967898055946698,2.0,1.0,46.0,17.271428571428572,0.6045454545454545,0.7821428571428571,9.40000000000002,3.578928571428575,2.599999999999998,9.594356943328398,3,
1801,200,0.16513367195526615,26.37499999999996,0.11966907136298097,2.0,0.0,42.0,16.862745098039216,0.3163265306122449,2.64349376114082,6.200000000000007,2.086274509803917,1.7999999999999936,1.7043624809354372,3,
1802,200,0.16496862082263145,25.724999999999973,0.11965630781954766,2.0,0.0,37.0,16.20703125,0.351123595505618,2.119140625,3.99999999999999,1.8734374999999945,1.6999999999999955,0.9087510252037962,2,
1803,200,0.16480373465863135,23.47499999999997,0.11965370990779806,2.0,0.0,41.0,20.002267573696145,0.46176470588235297,4.392290249433106,7.400000000000018,3.57913832199547,3.9000000000000052,2.9112350884409905,2,
1804,200,0.1646390132983796,23.199999999999985,0.11964700043435259,2.0,0.0,40.0,14.815286624203821,0.3475609756097561,2.9278131634819533,5.999999999999995,1.8906581740976611,1.6999999999999957,1.5179662820050472,3,
1805,200,0.1644744565771549,15.774999999999977,0.11964234565895981,2.0,0.0,47.0,17.657794676806084,0.6556603773584906,0.053231939163498096,9.300000000000018,3.4760456273764273,2.7999999999999963,7.614479238954454,3,
1806,200,0.16431006433040046,29.949999999999967,0.11963133051687384,2.0,0.0,39.0,19.216748768472907,0.27293577981651373,4.625615763546798,4.699999999999989,2.4213464696223257,2.3999999999999932,0.8733726272648809,1,
1807,200,0.16414583639372407,28.274999999999984,0.11962604569444592,2.0,0.0,42.0,17.55308219178082,0.2971698113207547,4.174657534246576,6.500000000000017,2.366780821917806,1.9999999999999984,2.272190819662528,2,
1808,200,0.16398177260289773,25.799999999999976,0.11961972589142106,2.0,0.0,41.0,16.67280163599182,0.37637362637362637,2.901840490797546,5.599999999999993,2.1689161554192187,2.0999999999999948,1.6283248578119716,2,
1809,200,0.16381787279385768,25.274999999999977,0.11961838020022614,2.0,0.0,44.0,17.899563318777293,0.44318181818181823,2.7641921397379914,8.300000000000004,2.5705240174672475,2.199999999999994,3.71899605745532,2,
1810,200,0.16365413680270405,26.599999999999973,0.11960837974913392,2.0,1.0,42.0,17.454720616570327,0.37765957446808507,3.5028901734104045,6.100000000000002,2.4522157996146396,2.599999999999994,1.7880123255123215,2,
1811,200,0.1634905644657009,25.37499999999997,0.11959623332716358,2.0,0.0,40.0,16.771484375,0.3467741935483871,2.4921875,5.399999999999992,2.359765624999999,2.700000000000002,1.898075935653437,2,
1812,200,0.1633271556192758,18.224999999999984,0.11958881154699333,3.0,0.0,44.0,14.917127071823204,0.41417910447761197,1.298342541436464,7.400000000000031,2.963812154696137,1.6499999999999992,5.7911379470861055,3,
1813,200,0.16316391010001996,30.02499999999995,0.11958488888951324,2.0,0.0,39.0,18.851612903225806,0.2635135135135135,4.448387096774193,5.700000000000012,2.3512903225806423,2.0999999999999934,1.638889695342607,2,
1814,200,0.16300082774468777,21.049999999999976,0.1195786713277964,2.0,0.0,40.0,18.93212669683258,0.46518987341772156,6.332579185520362,5.900000000000024,2.960180995475117,2.899999999999989,2.225303665484279,2,
1815,200,0.16283790839019696,31.549999999999955,0.11956809553536492,2.0,1.0,38.0,18.123076923076923,0.20299145299145294,5.487692307692308,5.300000000000002,2.20076923076923,1.8999999999999961,1.6304801904856607,1,
1816,200,0.16267515187362808,22.474999999999966,0.11955828013659797,2.0,0.0,41.0,18.99767441860465,0.48750000000000004,1.5255813953488373,6.500000000000002,2.794418604651158,2.6999999999999966,1.9816074721875168,2,
1817,200,0.16251255803222467,28.72499999999997,0.11954788298933604,2.0,0.0,38.0,17.590673575129532,0.2932692307692307,4.0,5.900000000000002,2.054058721934367,1.5999999999999956,1.9857709700513102,2,
1818,200,0.16235012670339277,25.59999999999998,0.11954683758273411,2.0,1.0,37.0,16.57894736842105,0.36111111111111116,2.6003898635477585,3.899999999999991,1.9423001949317682,1.8999999999999928,0.7302407587548585,2,
1819,200,0.16218785772470118,27.549999999999958,0.11954313816924624,2.0,0.0,42.0,17.283760683760683,0.2783018867924528,4.8478632478632475,6.5000000000000115,2.6047863247863243,2.6000000000000076,2.6951644536911554,2,
1820,200,0.16202575093388075,22.774999999999977,0.11953710173236437,3.0,0.0,44.0,15.993775933609959,0.37643678160919536,3.04149377593361,7.200000000000033,2.3989626556016623,1.4999999999999998,3.9297461293113773,3,
1821,200,0.16186380616882481,29.549999999999955,0.1195320554839707,2.0,0.0,41.0,19.746341463414634,0.2629310344827587,7.435772357723577,5.9000000000000306,2.823577235772358,2.699999999999998,1.7972212234020217,1,
1822,200,0.1617020232675885,21.79999999999997,0.11952904793519384,2.0,0.0,41.0,17.522875816993466,0.4625,1.3115468409586057,6.599999999999993,2.2681917211328924,1.9999999999999947,2.1758613062464374,3,
1823,200,0.16154040206838896,30.37499999999996,0.1195224904942451,2.0,0.0,36.0,18.52258064516129,0.24065420560747675,3.9161290322580644,3.799999999999996,2.15387096774193,2.1999999999999993,0.6940352082081342,1,
1824,200,0.16137894240960493,23.049999999999958,0.1195266610573717,2.0,0.0,44.0,20.110344827586207,0.47352941176470587,4.6689655172413795,8.500000000000016,3.5491954022988543,3.599999999999996,3.8972325920602215,2,
1825,200,0.16121764412977677,25.599999999999973,0.11952866300984621,2.0,1.0,45.0,17.584867075664622,0.4222222222222223,3.9754601226993866,7.800000000000017,2.6032719836400795,2.099999999999997,2.7179556707929184,2,
1826,200,0.16105650706760616,15.74999999999998,0.11952360548727373,3.0,0.0,43.0,17.129449838187703,0.5657894736842105,0.9029126213592233,7.800000000000025,3.7779935275080976,3.499999999999997,7.5487857142857635,3,
1827,200,0.16089553106195606,30.87499999999997,0.11950996776805267,2.0,1.0,36.0,17.949096880131364,0.25943396226415094,1.702791461412151,3.2999999999999914,1.6607553366174006,1.5999999999999965,0.5068520276100054,1,
1828,200,0.16073471595185038,28.224999999999977,0.11949902520727504,3.0,0.0,42.0,16.242857142857144,0.27941176470588236,3.0017857142857145,6.599999999999994,2.209999999999997,1.9499999999999957,2.160978319446166,2,
1829,200,0.1605740615764741,28.349999999999966,0.11949638218134935,2.0,0.0,42.0,18.053949903660886,0.3688118811881188,4.371868978805395,6.5000000000000115,2.8117533718689756,2.499999999999995,2.884554648054652,2,
1830,200,0.16041356777517274,29.84999999999996,0.11948710989904272,2.0,0.0,39.0,18.744715447154473,0.26363636363636367,4.829268292682927,5.29999999999999,2.2226016260162553,2.1999999999999944,1.3006795972756853,1,
1831,110,0.16025323438745256,14.5,0.1194815281922904,1.0,1.0,17.0,8.432584269662922,0,2.699438202247191,2.3999999999999977,1.1117977528089868,1.0999999999999983,0.30003171973014553,4,
1832,200,0.1600930612529801,23.974999999999973,0.11947542009343409,2.0,0.0,38.0,17.24400871459695,0.43292682926829273,0.30718954248366015,4.699999999999999,2.1466230936819155,1.9999999999999898,1.4858943421302493,2,
1833,200,0.15993304821158225,23.274999999999963,0.1194698038857091,2.0,0.0,40.0,17.93598233995585,0.44277108433734935,2.1589403973509933,6.300000000000007,2.520088300220749,2.1999999999999944,2.9473150169584104,2,
1834,200,0.15977319510324592,22.449999999999967,0.11946459725163809,2.0,0.0,45.0,19.498866213151928,0.4849397590361446,4.535147392290249,8.10000000000005,3.2839002267573765,2.499999999999995,4.140465034965094,2,
1835,200,0.15961350176811803,30.299999999999965,0.11945543317613676,2.0,0.0,35.0,18.157894736842106,0.2264150943396226,3.9138755980861246,4.399999999999995,2.017384370015943,2.0999999999999917,0.9424912496693174,1,
1836,200,0.15945396804650516,21.574999999999978,0.11945288498154358,4.0,0.0,49.0,15.761780104712042,0.4766666666666667,2.2958115183246073,10.400000000000032,3.1581151832460774,1.5999999999999968,8.937835707873383,3,
1837,200,0.1592945937788737,31.49999999999995,0.11944431256176488,2.0,0.0,39.0,18.495253164556964,0.2282608695652173,4.083860759493671,5.499999999999994,2.272468354430377,2.099999999999996,1.6105751546605953,1,
1838,200,0.15913537880584921,20.499999999999982,0.11944018894279751,2.0,0.0,37.0,17.0622009569378,0.5105633802816901,0.41148325358851673,3.699999999999993,1.3990430622009544,1.0999999999999992,0.829381821511761,2,
1839,200,0.15897632296821687,31.824999999999964,0.11943511289268094,2.0,0.0,39.0,18.553945249597422,0.25,4.808373590982287,5.999999999999994,2.185185185185181,1.8999999999999955,1.6029086712996554,1,
1840,200,0.15881742610692068,17.399999999999974,0.1194334267122175,2.0,1.0,44.0,16.83823529411765,0.4801587301587301,3.041176470588235,10.100000000000025,3.958529411764714,3.499999999999999,10.581695256879458,3,
1841,200,0.15865868806306388,15.699999999999976,0.11943435742870684,4.0,0.0,46.0,18.445993031358885,0.625,0.07665505226480836,9.00000000000003,4.280836236933811,4.800000000000005,9.633373397435975,3,
1842,200,0.1585001086779083,24.899999999999977,0.11942660842449357,2.0,0.0,41.0,17.901075268817205,0.42613636363636365,3.7483870967741937,6.400000000000018,2.633118279569893,1.9999999999999991,3.039261321592445,2,
1843,200,0.1583416877928747,27.099999999999966,0.11942119328119111,4.0,0.0,42.0,15.525167785234899,0.21634615384615374,5.151006711409396,6.800000000000018,2.0080536912751676,1.2999999999999976,2.9328628577059095,3,
1844,200,0.15818342524954201,24.499999999999964,0.1194174010472437,3.0,0.0,43.0,18.343478260869563,0.44318181818181823,3.4717391304347824,7.400000000000026,2.847608695652175,2.499999999999991,4.299949385394094,2,
1845,200,0.1580253208896478,24.69999999999996,0.11941211756515835,3.0,0.0,41.0,19.797385620915033,0.43181818181818177,2.8540305010893245,6.800000000000006,3.7047930283224466,4.199999999999999,3.4685337953294324,2,
1846,200,0.1578673745550876,25.42499999999997,0.11941115217284065,2.0,0.0,39.0,16.996434937611408,0.3125,3.336898395721925,4.399999999999994,1.9878787878787836,1.8999999999999901,0.9617099644128096,3,
1847,200,0.15770958608791516,26.874999999999986,0.11939732801350576,2.0,1.0,38.0,16.37957610789981,0.36413043478260865,2.167630057803468,4.899999999999994,1.6973025048169512,1.4999999999999958,1.0481661716661703,2,
1848,200,0.15755195533034191,18.249999999999968,0.11939940709232327,2.0,0.0,43.0,18.579787234042552,0.5661764705882353,0.8537234042553191,7.700000000000026,3.238031914893619,2.599999999999996,4.741432855879789,3,
1849,200,0.15739448212473714,22.024999999999963,0.11938699367260075,2.0,0.0,37.0,17.94713656387665,0.4294871794871795,2.997797356828194,5.000000000000002,2.5475770925110135,2.799999999999998,1.7572163112825439,2,
1850,200,0.1572371663136276,24.599999999999966,0.1193849645824967,2.0,0.0,41.0,17.25879917184265,0.401685393258427,2.2857142857142856,5.999999999999999,2.4238095238095227,2.1999999999999917,2.038054679194815,2,
1851,200,0.1570800077396975,26.649999999999977,0.11938787585776323,2.0,1.0,39.0,17.189686924493554,0.34183673469387754,4.5488029465930016,4.299999999999988,2.0366482504603995,1.9999999999999987,0.8264865964836084,2,
1852,200,0.1569230062457882,26.549999999999976,0.11938245768832152,2.0,0.0,42.0,16.935849056603775,0.3207070707070707,3.7773584905660376,6.900000000000006,2.5654716981132073,1.9999999999999971,3.2321211894666897,2,
1853,200,0.15676616167489826,20.224999999999987,0.11937950466103545,3.0,0.0,44.0,15.454787234042554,0.5108695652173914,1.2845744680851063,7.6000000000000165,2.52154255319149,1.7499999999999984,4.396189354553505,3,
1854,200,0.156609473870183,25.299999999999983,0.11937077673656443,2.0,0.0,39.0,16.727272727272727,0.3666666666666667,2.8853754940711465,4.600000000000014,2.182015810276678,2.099999999999998,1.6265011033647778,2,
1855,200,0.15645294267495474,17.924999999999976,0.11936224152529328,2.0,0.0,49.0,18.25974025974026,0.5357142857142857,0.2727272727272727,10.200000000000044,4.577272727272739,4.6000000000000005,11.719282333470462,3,
1856,200,0.15629656793268212,26.674999999999955,0.11935185451828027,2.0,0.0,43.0,18.303538175046555,0.36616161616161613,3.184357541899441,6.6000000000000165,2.7504655493482293,2.799999999999996,1.942804472063482,2,
1857,200,0.15614034948699052,28.024999999999967,0.11934553730671041,2.0,0.0,42.0,18.6974358974359,0.3160377358490566,3.921367521367521,6.100000000000014,2.476581196581193,2.2999999999999994,1.543746668848479,2,
1858,200,0.15598428718166135,21.02499999999997,0.11934174027772437,2.0,1.0,42.0,19.589449541284402,0.48750000000000004,5.839449541284404,7.200000000000018,3.2534403669724803,2.699999999999996,3.9747109077040736,2,
1859,200,0.15582838086063242,29.49999999999997,0.11933329341456367,2.0,0.0,39.0,17.795008912655973,0.32352941176470584,3.515151515151515,5.099999999999995,2.230659536541884,2.099999999999994,1.1542151753939969,2,
1860,200,0.1556726303679973,27.849999999999966,0.11933178612188794,2.0,1.0,40.0,17.167832167832167,0.2990196078431373,3.3653846153846154,5.499999999999994,2.254895104895102,2.3999999999999977,1.580313035823985,2,
1861,200,0.15551703554800556,32.87499999999996,0.11932965807960272,2.0,0.0,39.0,18.69435736677116,0.22033898305084754,5.893416927899686,4.899999999999992,2.4490595611285233,2.749999999999996,1.5266721452033292,1,
1862,200,0.15536159624506227,26.824999999999967,0.1193254357583603,2.0,1.0,39.0,16.670194003527335,0.2945544554455446,6.239858906525574,4.399999999999995,2.1186948853615477,1.8999999999999977,1.2640636042402782,2,
1863,200,0.15520631230372822,29.899999999999963,0.11932504266027669,2.0,0.0,38.0,17.273162939297123,0.23181818181818192,5.506389776357827,5.700000000000002,2.0503194888178884,1.6999999999999964,1.7506513301435418,2,
1864,200,0.15505118356871936,23.47499999999997,0.1193281096181413,3.0,0.0,42.0,20.020642201834864,0.47352941176470587,3.720183486238532,6.700000000000006,3.512155963302755,3.849999999999999,2.8336974144506804,2,
1865,200,0.15489620988490704,24.999999999999968,0.11932642369821464,2.0,0.0,42.0,17.850202429149796,0.3790322580645161,4.02834008097166,7.200000000000009,2.8993927125506063,2.799999999999997,3.528091011535237,2,
1866,200,0.1547413910973175,31.999999999999964,0.11932862049928417,1.0,0.0,37.0,18.244961240310076,0.20217391304347831,3.558139534883721,4.599999999999996,2.2378294573643362,2.2999999999999905,1.0001527315731753,1,
1867,200,0.15458672705113194,13.849999999999984,0.11933043015205287,3.0,0.0,43.0,17.87866108786611,0.6847826086956522,0.029288702928870293,6.900000000000007,2.999163179916318,3.1999999999999953,4.293212535014011,3,
1868,200,0.15443221759168632,19.19999999999998,0.11932768677202188,3.0,0.0,47.0,16.41469816272966,0.45547945205479456,1.3595800524934383,9.700000000000044,3.7081364829396417,2.1999999999999993,9.312622623312288,3,
1869,200,0.15427786256447115,32.37499999999996,0.11931967266307146,2.0,0.0,38.0,18.528951486697967,0.2195652173913043,4.059467918622849,5.8,2.358841940532079,2.099999999999995,1.8684670846395002,1,
1870,200,0.1541236618151314,22.799999999999972,0.11931927645357472,2.0,0.0,44.0,18.94273127753304,0.4651162790697675,4.325991189427313,7.600000000000038,3.0735682819383294,2.399999999999988,4.65809048346801,2,
1871,200,0.15396961518946634,21.449999999999964,0.11931255913300101,2.0,0.0,39.0,20.04306220095694,0.5032467532467533,2.3229665071770333,5.700000000000013,3.1875598086124404,3.299999999999992,1.7783243190650455,2,
1872,200,0.15381572253342926,24.849999999999962,0.11930774137803599,2.0,1.0,41.0,18.564853556485357,0.38586956521739135,2.8242677824267783,5.900000000000026,3.202928870292888,3.3999999999999986,2.590253804440604,2,
1873,200,0.15366198369312759,30.574999999999964,0.11930475961610754,2.0,0.0,38.0,17.956586826347305,0.18162393162393164,6.8517964071856285,4.700000000000001,2.1958083832335307,2.0999999999999943,1.3349854220871678,1,
1874,200,0.15350839851482234,20.099999999999984,0.11929999847043693,3.0,0.0,43.0,15.997382198952879,0.5108695652173914,1.162303664921466,7.500000000000005,2.6099476439790545,2.399999999999994,3.1115977604627116,3,
1875,200,0.15335496684492847,25.424999999999965,0.11929712815157709,2.0,0.0,43.0,18.402173913043477,0.4466292134831461,1.5608695652173914,6.9000000000000075,2.851521739130434,3.199999999999994,2.689466916195258,2,
1876,200,0.15320168853001417,22.024999999999974,0.11929552672183874,2.0,0.0,41.0,18.43212669683258,0.4722222222222222,3.7126696832579187,6.600000000000002,2.6520361990950216,2.3999999999999915,3.025633512998888,2,
1877,200,0.1530485634168012,23.29999999999998,0.11929972581288038,1.0,0.0,36.0,16.156989247311827,0.41666666666666663,1.1118279569892473,3.699999999999996,1.5866666666666618,1.5999999999999952,0.5954378792363451,2,
1878,200,0.15289559135216438,26.399999999999967,0.11929326728023515,2.0,0.0,42.0,17.655238095238094,0.33673469387755106,4.1866666666666665,7.300000000000019,2.9550476190476207,2.899999999999997,3.3871344295126886,2,
1879,200,0.15274277218313168,35.09999999999996,0.11928700556498348,2.0,0.0,37.0,17.259414225941423,0.11220472440944884,5.594142259414226,4.499999999999995,1.782984658298463,1.6999999999999948,1.116393263410151,1,
1880,200,0.15259010575688386,14.824999999999985,0.11929331146162725,3.0,1.0,42.0,15.195804195804195,0.6057692307692307,1.1643356643356644,6.100000000000001,2.369930069930067,2.099999999999997,2.423950608227881,3,
1881,200,0.15243759192075454,24.49999999999997,0.11928667083294031,2.0,0.0,41.0,17.098360655737704,0.3792134831460674,3.8913934426229506,5.9,2.415573770491799,2.599999999999997,1.7397647631885,2,
1882,200,0.1522852305222298,31.924999999999965,0.11929354390252114,2.0,1.0,38.0,17.565548780487806,0.2068965517241379,6.051829268292683,3.99999999999999,1.9039634146341406,1.8999999999999948,0.9752304599904685,2,
1883,200,0.15213302140894833,19.24999999999999,0.11929008421757345,2.0,0.0,41.0,13.198966408268733,0.38235294117647056,3.098191214470284,6.600000000000002,1.9583979328165366,1.3999999999999964,2.8025515463917534,3,
1884,200,0.1519809644287009,23.349999999999998,0.11928476169428655,2.0,0.0,40.0,13.026639344262295,0.27380952380952384,2.915983606557377,4.899999999999995,1.506967213114753,1.1,1.1674973440327858,3,
1885,200,0.1518290594294306,23.724999999999966,0.11928858539293906,2.0,0.0,45.0,19.422169811320753,0.5150602409638554,3.0707547169811322,8.10000000000001,2.9337264150943407,3.200000000000003,3.2983384230287958,2,
1886,200,0.15167730625923234,26.149999999999974,0.11929056120057041,2.0,0.0,42.0,18.12775330396476,0.4545454545454546,1.6806167400881058,6.500000000000013,2.584581497797358,1.8999999999999935,3.535153870412169,2,
1887,200,0.15152570476635302,32.64999999999996,0.1192840951085111,2.0,0.0,41.0,17.701780415430267,0.18902439024390238,6.330860534124629,5.6999999999999975,2.062759643916911,1.7999999999999972,1.7980978262065896,1,
1888,200,0.1513742547991911,31.27499999999996,0.11927371673489978,2.0,0.0,40.0,19.310344827586206,0.2767857142857143,5.420361247947455,4.899999999999997,2.47750410509031,2.4999999999999933,1.4981679249352904,1,
1889,200,0.15122295620629655,32.349999999999966,0.11926827800853541,2.0,1.0,40.0,18.4813153961136,0.19262295081967218,6.542600896860987,5.700000000000027,2.514499252615844,2.3999999999999946,1.7407054696577107,1,
1890,200,0.15107180883637084,28.54999999999997,0.11926335941973533,2.0,0.0,40.0,18.286178861788617,0.2780373831775701,4.757723577235772,5.800000000000005,1.9474796747967449,1.6,1.5070829984347904,2,
1891,200,0.15092081253826656,31.72499999999996,0.1192592517830473,2.0,0.0,37.0,18.14471544715447,0.24545454545454537,5.191869918699187,3.9999999999999933,1.862601626016255,1.899999999999995,0.6979853208680542,1,
1892,200,0.15076996716098734,23.34999999999996,0.1192497712257592,2.0,1.0,41.0,20.080357142857142,0.4558823529411765,2.8348214285714284,5.900000000000039,3.7234375000000095,4.200000000000016,2.311627379760162,2,
1893,200,0.15061927255368793,31.52499999999996,0.11924784242357525,2.0,0.0,39.0,18.267741935483873,0.25,4.075806451612904,4.49999999999999,2.0009677419354785,1.9999999999999964,0.7771301174040478,1,
1894,200,0.15046872856567356,16.099999999999977,0.1192531692065524,4.0,0.0,44.0,16.83809523809524,0.5635593220338984,0.9714285714285714,7.600000000000038,3.6288888888888966,3.4999999999999982,7.0407919454971095,3,
1895,200,0.15031833504640033,26.29999999999998,0.11924314477468614,2.0,1.0,42.0,16.529644268774703,0.3575268817204301,2.027667984189723,6.500000000000008,2.20573122529644,1.8999999999999888,2.3811819868377375,2,
1896,200,0.15016809184547464,21.72499999999997,0.11924200588427976,2.0,0.0,41.0,17.734732824427482,0.32692307692307687,6.526717557251908,7.100000000000023,3.0236641221374083,2.6500000000000004,3.81575161613405,2,
1897,200,0.15001799881265335,31.949999999999964,0.11922835347730786,2.0,0.0,38.0,18.037209302325582,0.2108695652173913,5.733333333333333,5.399999999999994,2.113178294573639,1.9999999999999978,1.1635345556987058,1,
1898,200,0.14986805579784332,29.274999999999956,0.1192264434398075,2.0,0.0,38.0,17.91866028708134,0.2407407407407407,4.411483253588517,4.599999999999996,2.1819776714513504,2.2999999999999883,1.0960894670438108,2,
1899,200,0.14971826265110164,29.42499999999997,0.11921838656284749,1.0,0.0,38.0,16.71451612903226,0.22272727272727266,4.535483870967742,5.1,2.090967741935482,1.6999999999999997,1.7180196618617665,2,
1900,200,0.14956861922263504,29.07499999999996,0.11921022037517778,3.0,1.0,40.0,18.808130081300813,0.26388888888888884,4.404878048780488,7.400000000000029,2.749430894308945,2.29999999999999,2.878930052032693,2,
1901,200,0.14941912536280016,23.274999999999963,0.11920430889337824,3.0,1.0,40.0,17.87631027253669,0.39534883720930236,3.0628930817610063,6.60000000000003,2.7794549266247413,2.0999999999999965,3.049444551879364,2,
1902,200,0.14926978092210305,22.924999999999976,0.11919897494606949,2.0,0.0,39.0,17.08686440677966,0.40662650602409633,2.514830508474576,6.200000000000005,2.2514830508474573,1.7999999999999863,2.562085572058925,2,
1903,200,0.14912058575119935,27.92499999999996,0.1191985352646676,2.0,0.0,45.0,18.92063492063492,0.3287037037037037,4.834215167548501,7.900000000000034,3.2552028218694926,3.0999999999999974,3.2552167421490332,2,
1904,200,0.1489715397008938,18.049999999999976,0.11918867595422158,3.0,0.0,44.0,18.10335195530726,0.5833333333333334,1.7960893854748603,8.100000000000016,3.265921787709496,2.4999999999999973,4.6874786014684595,3,
1905,200,0.14882264262214037,28.274999999999952,0.11919076618740225,2.0,0.0,42.0,20.34975369458128,0.2898230088495575,7.789819376026273,6.800000000000008,3.2834154351395735,3.1999999999999975,2.3174487704918185,2,
1906,200,0.14867389436604195,25.199999999999967,0.11918741939464263,2.0,0.0,38.0,17.917148362235068,0.3575268817204301,3.6859344894026975,5.000000000000002,2.7296724470134843,2.999999999999997,1.4131517671517666,2,
1907,200,0.14852529478385032,31.324999999999953,0.11917339836447255,2.0,0.0,37.0,18.87258064516129,0.2364864864864864,4.187096774193549,4.499999999999991,2.3638709677419305,2.399999999999995,1.1586009328848372,1,
1908,200,0.14837684372696583,26.32499999999996,0.11916482840133774,2.0,0.0,41.0,18.826359832635983,0.3967391304347826,3.1297071129707112,6.400000000000017,3.352301255230129,3.5999999999999988,3.3771956775777805,2,
1909,200,0.14822854104693745,33.02499999999997,0.11915707704997106,2.0,0.0,38.0,17.596923076923076,0.2072649572649572,4.441538461538461,4.599999999999989,1.8850769230769184,1.899999999999996,0.8127792255129561,1,
1910,200,0.14808038659546244,21.82499999999997,0.11914744772772387,2.0,0.0,44.0,17.37327188940092,0.44620253164556967,2.8179723502304146,7.400000000000036,3.182718894009221,3.099999999999997,3.78527445515121,3,
1911,200,0.1479323802243864,22.399999999999977,0.11914062729558841,2.0,0.0,40.0,18.406976744186046,0.4871794871794872,1.8232558139534885,5.800000000000005,2.439999999999996,2.099999999999998,1.8905497595984846,2,
1912,200,0.14778452178570287,18.749999999999982,0.11914077119083544,2.0,0.0,47.0,16.24,0.4411764705882353,2.0685714285714285,9.400000000000041,3.7082857142857226,2.05,9.20626364296859,3,
1913,200,0.14763681113155347,25.57499999999999,0.11914155933250409,2.0,0.0,38.0,15.676895306859207,0.276595744680851,2.7490974729241877,4.599999999999994,1.8510830324909713,1.3999999999999995,1.386799374419626,2,
1914,200,0.14748924811422748,24.24999999999998,0.11913690995938428,2.0,0.0,38.0,17.50836820083682,0.4088235294117647,2.6108786610878663,5.1,2.448535564853555,2.700000000000002,1.488069221780174,2,
1915,200,0.14734183258616193,31.299999999999958,0.11912942819065402,2.0,0.0,39.0,18.809006211180126,0.2200854700854702,4.631987577639752,6.900000000000008,2.5683229813664594,2.199999999999993,3.0833207710948085,1,
1916,200,0.14719456439994122,18.249999999999982,0.11912533413423379,2.0,0.0,42.0,15.403409090909092,0.5436507936507936,0.4119318181818182,6.20000000000001,2.456534090909089,1.8999999999999972,2.5736144403283254,3,
1917,200,0.1470474434082972,20.249999999999986,0.11912423223855115,2.0,0.0,46.0,14.802168021680217,0.48571428571428577,1.6991869918699187,8.800000000000013,2.5718157181571812,1.6999999999999997,4.980705640423043,3,
1918,200,0.1469004694641088,26.92499999999997,0.11911964706131628,2.0,0.0,46.0,17.350877192982455,0.3710526315789474,2.2436647173489277,8.50000000000003,2.732943469785576,2.5999999999999988,3.6181292558365983,2,
1919,200,0.14675364242040215,25.32499999999997,0.11911579662022756,2.0,0.0,42.0,17.793939393939393,0.40934065934065933,3.624242424242424,6.50000000000003,2.5905050505050524,1.9999999999999991,3.2811959644769733,2,
1920,200,0.14660696213035015,30.774999999999952,0.11910709196133928,2.0,0.0,39.0,19.334943639291467,0.25,4.462157809983897,5.099999999999998,2.6537842190016048,2.5999999999999956,0.9993320713618897,1,
1921,200,0.14646042844727247,25.59999999999997,0.11910195860515,2.0,0.0,43.0,18.357001972386588,0.38020833333333337,3.757396449704142,7.4000000000000075,3.1717948717948725,3.399999999999999,4.147484905542943,2,
1922,200,0.14631404122463545,27.77499999999997,0.11909745337124869,2.0,1.0,41.0,16.785714285714285,0.27427184466019416,3.8142857142857145,5.800000000000021,2.535714285714285,2.3999999999999906,2.3886606781271724,2,
1923,200,0.14616780031605184,19.499999999999986,0.11909460527635587,3.0,0.0,46.0,15.052023121387283,0.5,1.1184971098265897,8.60000000000002,2.8329479768786134,1.9999999999999944,6.2270589316293075,3,
1924,200,0.14602170557528074,26.14999999999997,0.11909405423529493,2.0,0.0,37.0,17.521415270018622,0.3360215053763441,3.7914338919925514,4.6999999999999895,2.407448789571689,2.4999999999999987,1.014845613937742,2,
1925,200,0.14587575685622736,18.974999999999984,0.11909317485193846,2.0,0.0,47.0,16.34,0.4746376811594203,2.954285714285714,9.000000000000043,3.6448571428571515,2.8499999999999988,7.332647695083294,3,
1926,200,0.14572995401294303,28.699999999999974,0.11909036561206049,2.0,0.0,36.0,18.09547738693467,0.28,3.0016750418760467,3.899999999999998,1.9403685092127245,1.9999999999999933,0.6901478642454717,2,
1927,200,0.14558429689962482,25.54999999999997,0.11908159819929862,2.0,1.0,43.0,18.355203619909503,0.4676470588235294,1.5384615384615385,6.900000000000013,2.6140271493212652,2.2999999999999963,2.9081439167088994,2,
1928,200,0.1454387853706157,23.349999999999973,0.11908400123415896,2.0,0.0,41.0,16.007889546351084,0.3522727272727273,3.6824457593688362,6.6000000000000245,2.246351084812624,1.6,2.7815507609473924,3,
1929,200,0.145293419280404,17.14999999999997,0.11908665482520912,4.0,1.0,46.0,18.894894894894893,0.578125,0.3123123123123123,10.600000000000023,4.644444444444452,3.3999999999999972,11.823776964144077,3,
1930,200,0.14514819848362373,26.074999999999964,0.11908730434553015,2.0,1.0,44.0,18.588571428571427,0.37244897959183676,4.91047619047619,7.700000000000027,3.212190476190477,2.9999999999999956,3.619559762575124,2,
1931,200,0.145003122835054,28.89999999999995,0.11909101446333298,2.0,0.0,39.0,19.7487922705314,0.25900900900900903,6.615136876006441,6.099999999999996,2.9020933977455696,2.7999999999999967,1.8095172181309007,1,
1932,200,0.14485819218961926,26.249999999999975,0.11908617488729821,2.0,0.0,44.0,18.87525562372188,0.4097938144329897,2.903885480572597,7.200000000000034,3.3124744376278135,3.599999999999996,3.5649513215122357,2,
1933,200,0.14471340640238872,20.674999999999983,0.11909120344084614,3.0,1.0,47.0,15.528455284552846,0.4823943661971831,0.7994579945799458,9.400000000000034,3.0742547425474314,1.3000000000000003,8.614820505287952,3,
1934,200,0.14456876532857668,30.44999999999996,0.11909160810006175,2.0,0.0,38.0,18.853658536585368,0.2545454545454545,4.847154471544715,4.800000000000008,2.287967479674796,2.0999999999999996,1.435891535174931,1,
1935,200,0.14442426882354198,33.72499999999996,0.11908834183720443,2.0,0.0,39.0,18.28006329113924,0.232608695652174,4.079113924050633,5.099999999999999,2.1433544303797425,1.9999999999999967,1.1827436076540372,1,
1936,200,0.14427991674278817,26.399999999999977,0.11908009481366011,2.0,0.0,40.0,16.821505376344085,0.43023255813953487,0.6279569892473118,5.899999999999999,1.9479569892473092,1.5999999999999965,1.9073218514133445,2,
1937,200,0.1441357089419631,23.399999999999977,0.11907725239653086,2.0,1.0,41.0,14.823779193205946,0.3597560975609756,2.626326963906582,5.399999999999992,2.0320594479830105,1.9999999999999978,1.0358983050847417,3,
1938,200,0.143991645276859,24.799999999999965,0.11907008645163278,2.0,0.0,42.0,17.55268817204301,0.42816091954022983,2.4387096774193546,6.400000000000016,2.4460215053763434,2.0999999999999983,2.695614917862962,2,
1939,200,0.14384772560341216,23.49999999999997,0.11906497674187418,2.0,0.0,45.0,19.20814479638009,0.4821428571428571,2.1380090497737556,8.200000000000035,3.125791855203622,2.899999999999989,2.9818387309777514,2,
1940,200,0.14370394977770293,25.299999999999965,0.11906476212861057,2.0,0.0,44.0,19.38235294117647,0.47413793103448276,2.828054298642534,7.900000000000013,3.2221719457013576,3.0999999999999988,3.9134650880668387,2,
1941,200,0.14356031765595542,28.674999999999976,0.1190668197573542,2.0,1.0,38.0,16.65,0.29000000000000004,4.746428571428571,4.5999999999999925,2.222857142857139,2.499999999999996,1.389767696963313,2,
1942,200,0.14341682909453757,23.62499999999997,0.11907047187179891,2.0,0.0,41.0,17.727678571428573,0.45731707317073167,3.484375,5.800000000000017,2.3279017857142854,2.0999999999999988,2.2793444542433416,2,
1943,200,0.14327348394996073,22.574999999999967,0.11907691489768964,1.0,0.0,37.0,17.857798165137616,0.4671052631578947,2.481651376146789,4.099999999999992,2.2144495412843983,2.3999999999999937,0.9915624819169295,2,
1944,200,0.14313028207887982,23.699999999999974,0.11907595612373517,2.0,0.0,40.0,18.369266055045873,0.4695121951219512,1.981651376146789,5.499999999999992,2.521330275229353,2.699999999999989,1.279345327336326,2,
1945,200,0.14298722333809288,25.774999999999963,0.1190697946688595,3.0,0.0,46.0,20.21945701357466,0.4859550561797753,2.1289592760180995,8.600000000000037,3.7000000000000037,3.6999999999999966,4.278890680425699,2,
1946,200,0.14284430758454122,16.499999999999986,0.11906994537571984,4.0,0.0,44.0,16.23174603174603,0.5635593220338984,1.380952380952381,8.90000000000002,3.265079365079368,3.1999999999999975,6.552687857776375,3,
1947,200,0.14270153467530902,27.474999999999973,0.11907447215492259,2.0,0.0,42.0,17.260249554367203,0.3137254901960784,2.7468805704099823,6.599999999999994,2.514081996434937,2.5999999999999983,2.312340238942554,2,
1948,200,0.14255890446762343,29.69999999999998,0.11907509876043294,2.0,0.0,39.0,16.481907894736842,0.25462962962962965,3.445723684210526,4.999999999999993,1.689144736842101,1.5999999999999992,0.8260686084352472,2,
1949,200,0.14241641681885414,27.52499999999998,0.11907583099268612,2.0,1.0,40.0,15.890772128060263,0.3125,3.568738229755179,4.899999999999993,1.9414312617702407,1.9999999999999982,1.2107547879131735,2,
1950,200,0.1422740715865136,21.44999999999999,0.11907388198439615,2.0,1.0,42.0,16.029478458049887,0.4487179487179487,4.079365079365079,6.100000000000001,2.2226757369614485,1.9999999999999942,1.864166598107774,3,
1951,200,0.1421318686282564,26.249999999999964,0.11907796114634857,2.0,0.0,42.0,17.922928709055878,0.375,3.4759152215799616,6.200000000000031,2.7331406551059736,2.5999999999999956,2.5983718443718633,2,
1952,200,0.14198980780187978,24.024999999999974,0.11907787460069291,2.0,0.0,40.0,18.38255033557047,0.4512195121951219,2.0738255033557045,6.20000000000001,2.706263982102907,2.799999999999992,2.338674927930815,2,
1953,200,0.14184788896532272,20.549999999999986,0.11907324328331399,2.0,0.0,41.0,14.959287531806616,0.5108695652173914,0.058524173027989825,5.8000000000000025,1.7307888040712447,1.3999999999999986,1.9349678856314079,3,
1954,200,0.1417061119766665,32.32499999999997,0.11907075251144855,2.0,0.0,39.0,17.73972602739726,0.20299145299145294,6.550989345509893,5.2999999999999945,2.01430745814307,1.9999999999999893,1.3366020461116443,1,
1955,200,0.14156447669413402,25.149999999999967,0.11906415317528124,2.0,0.0,44.0,17.299813780260706,0.33333333333333337,4.418994413407821,8.200000000000008,2.919180633147115,2.299999999999996,5.275199744770602,3,
1956,200,0.14142298297609007,32.82499999999995,0.11905914592709353,2.0,0.0,40.0,18.460815047021942,0.22457627118644075,5.133228840125392,4.999999999999992,2.3089341692789915,2.399999999999994,0.9715683355321133,1,
1957,200,0.14128163068104085,26.124999999999964,0.11905844491916896,3.0,0.0,49.0,19.596525096525095,0.37621359223300976,5.656370656370656,12.200000000000024,4.0287644787644865,3.2000000000000064,10.400273140953301,2,
1958,200,0.1411404196676341,28.999999999999975,0.1190505387068779,3.0,0.0,42.0,16.822992700729927,0.2990196078431373,3.153284671532847,7.200000000000015,2.5386861313868634,1.5999999999999992,4.023297802552786,2,
1959,200,0.14099934979465875,29.649999999999974,0.11905051197079909,2.0,0.0,41.0,16.913793103448278,0.2065217391304348,5.7884012539184955,5.800000000000031,2.2948275862068983,1.5999999999999968,2.7614690585515738,2,
1960,200,0.140858420921045,28.39999999999994,0.11904639070582906,2.0,0.0,40.0,19.764510779436154,0.2863636363636364,4.8059701492537314,5.8,3.0260364842454424,3.099999999999994,2.332877439440295,2,
1961,200,0.14071763290586387,29.32499999999996,0.1190438681393999,2.0,0.0,40.0,16.819642857142856,0.27884615384615385,3.544642857142857,6.000000000000008,2.5303571428571403,2.599999999999997,2.300942923925138,2,
1962,200,0.1405769856083274,17.59999999999998,0.11904380185212463,5.0,1.0,46.0,17.38292011019284,0.4818840579710145,3.37465564738292,9.900000000000034,4.248209366391193,2.599999999999999,11.325282466152718,3,
1963,200,0.1404364788877882,24.72499999999997,0.11903953088421423,2.0,0.0,43.0,17.59691629955947,0.46176470588235297,0.973568281938326,6.900000000000003,2.3057268722466926,2.099999999999996,2.1121360405598777,2,
1964,200,0.14029611260373964,26.52499999999996,0.11903530323406684,2.0,0.0,42.0,19.234714003944774,0.3877551020408163,4.6962524654832345,6.700000000000009,3.4463510848126293,3.4999999999999973,3.959543509383487,2,
1965,200,0.14015588661581535,30.924999999999955,0.11903309295878668,2.0,0.0,39.0,19.54679802955665,0.26801801801801806,4.35632183908046,5.400000000000002,2.6193760262725756,2.6999999999999895,1.5951625323554814,1,
1966,200,0.1400158007837894,31.799999999999976,0.11903152761201455,2.0,0.0,38.0,18.206951026856242,0.2236842105263157,4.522906793048973,4.899999999999992,2.1096366508688735,2.0999999999999934,1.030952361937465,1,
1967,200,0.13987585496757585,24.12499999999997,0.11903446259893177,2.0,0.0,40.0,19.252796420581657,0.45833333333333337,3.2595078299776286,6.20000000000001,3.1827740492170036,3.2999999999999954,2.5311477017937305,2,
1968,200,0.13973604902722894,32.44999999999996,0.11903325375535981,2.0,0.0,42.0,18.721958925750396,0.2457983193277311,5.041074249605055,6.800000000000009,2.4186413902053707,2.3999999999999964,2.1793735774467953,1,
1969,200,0.1395963828229427,23.349999999999966,0.11903106902210547,2.0,0.0,44.0,19.281395348837208,0.50625,1.4906976744186047,7.300000000000009,2.964651162790695,2.7999999999999994,2.851463555779105,2,
1970,200,0.13945685621505094,33.97499999999996,0.11902043069231893,2.0,0.0,38.0,18.202416918429,0.180327868852459,4.025679758308157,5.000000000000003,2.317673716012084,2.5999999999999983,1.7759907859338298,1,
1971,200,0.13931746906402698,27.074999999999967,0.11901670517119294,2.0,0.0,42.0,18.823886639676115,0.38020833333333337,3.3299595141700404,6.20000000000001,3.3524291497975733,3.6999999999999984,2.501856577949896,2,
1972,200,0.13917822123048373,24.59999999999997,0.11901666992136942,2.0,0.0,46.0,19.073118279569893,0.4444444444444444,2.587096774193548,8.500000000000027,3.3363440860215086,3.299999999999995,4.673905024419141,2,
1973,200,0.13903911257517326,15.84999999999998,0.11901312429981091,5.0,0.0,49.0,19.619771863117872,0.6590909090909091,0.17110266159695817,10.20000000000004,4.65323193916351,4.600000000000007,8.974862653250126,3,
1974,200,0.138900142958987,18.799999999999972,0.1190143332437288,5.0,0.0,46.0,16.804407713498623,0.48913043478260865,3.1955922865013773,9.300000000000027,3.8597796143250753,2.199999999999999,10.523916732438895,3,
1975,200,0.13876131224295524,30.59999999999995,0.11900889609190687,2.0,0.0,38.0,18.682316118935837,0.2192982456140351,6.291079812206573,6.500000000000014,2.4508607198748042,2.1999999999999935,2.1547111089341837,1,
1976,200,0.13862262028824732,17.424999999999976,0.11900605908489234,3.0,1.0,48.0,18.106451612903225,0.5967741935483871,2.0516129032258066,9.800000000000043,4.263225806451625,4.450000000000004,10.037977918604856,3,
1977,200,0.13848406695617121,25.79999999999997,0.11901095237029748,2.0,0.0,46.0,19.0,0.42934782608695654,3.0125786163522013,8.800000000000022,3.425995807127888,3.600000000000002,3.812716237122483,2,
1978,200,0.13834565210817362,28.749999999999964,0.11900961498340984,2.0,1.0,46.0,18.497175141242938,0.3713592233009708,3.6685499058380415,9.40000000000002,3.1346516007532963,2.5999999999999965,4.482920627039318,2,
1979,200,0.13820737560583965,23.774999999999963,0.11900207617157646,2.0,0.0,39.0,19.090507726269315,0.4285714285714286,3.4172185430463577,5.700000000000011,3.2194260485651265,3.6999999999999966,2.1260347549803216,2,
1980,200,0.13806923731089282,19.674999999999986,0.11900542847358234,3.0,0.0,44.0,14.482142857142858,0.39583333333333337,2.8316326530612246,7.8999999999999995,2.711734693877551,1.8499999999999976,5.525000292848649,3,
1981,200,0.13793123708519478,24.49999999999996,0.11900169526136237,2.0,0.0,48.0,17.40655105973025,0.3479381443298969,3.0944123314065513,10.200000000000037,3.2799614643545314,1.9999999999999978,8.771808286308351,3,
1982,200,0.13779337479074535,30.499999999999957,0.1189922623783152,2.0,0.0,43.0,19.85550082101806,0.2934782608695652,5.436781609195402,6.800000000000025,2.8045977011494236,2.4999999999999964,2.20254637618638,1,
1983,200,0.13765565028968216,19.974999999999966,0.11898701514799867,2.0,0.0,42.0,19.1046511627907,0.5,1.9186046511627908,7.200000000000024,3.1083720930232577,2.6999999999999966,4.293534524253817,3,
1984,200,0.13751806344428075,21.099999999999994,0.1189819983616954,3.0,0.0,42.0,14.209245742092458,0.46232876712328763,0.7907542579075426,6.099999999999995,1.7403892944038895,1.3999999999999995,1.299933578025096,3,
1985,200,0.13738061411695424,31.324999999999957,0.11897734777603926,2.0,1.0,44.0,18.748447204968944,0.2457627118644068,6.158385093167702,7.7000000000000215,2.6717391304347813,2.3,2.757003001916901,2,
1986,200,0.13724330217025332,21.64999999999997,0.11897768394545113,2.0,0.0,44.0,18.45933014354067,0.5197368421052632,0.8755980861244019,7.600000000000031,2.759808612440194,1.999999999999993,5.06702609272967,3,
1987,200,0.13710612746686596,29.29999999999997,0.11897383649632681,2.0,0.0,40.0,17.830570902394108,0.3391089108910891,2.414364640883978,6.1999999999999975,2.552670349907916,2.099999999999994,2.26183755697852,2,
1988,200,0.13696908986961753,30.299999999999937,0.11896751447207204,2.0,0.0,43.0,20.309178743961354,0.2763157894736842,5.956521739130435,7.300000000000024,3.238325281803542,3.0999999999999943,3.1033701379525143,1,
1989,200,0.13683218924147036,31.874999999999957,0.11896349830812,2.0,0.0,44.0,20.31219512195122,0.27941176470588236,5.8845528455284555,7.200000000000022,3.163089430894309,2.999999999999995,2.424188734718059,1,
1990,200,0.13669542544552385,24.02499999999997,0.11896062774542297,2.0,0.0,44.0,18.099118942731277,0.4709302325581395,2.4779735682819384,7.300000000000024,2.567400881057269,2.0999999999999996,3.6934486087863765,2,
1991,200,0.13655879834501417,26.77499999999997,0.11896344439292691,2.0,1.0,41.0,17.956190476190475,0.36578947368421055,3.6266666666666665,5.900000000000003,2.731047619047617,2.5999999999999974,1.7337280498069845,2,
1992,200,0.13642230780331424,24.87499999999997,0.1189723298972934,2.0,0.0,40.0,18.80603448275862,0.4147727272727273,4.256465517241379,7.200000000000017,3.184482758620693,2.799999999999997,4.140554309203681,2,
1993,200,0.13628595368393343,29.27499999999997,0.11897519039817872,2.0,0.0,40.0,18.316412859560067,0.3023809523809524,3.5888324873096447,5.8000000000000025,2.16260575296108,1.7999999999999932,1.7143933806688139,2,
1994,200,0.1361497358505177,35.89999999999998,0.11897367320350688,2.0,0.0,38.0,16.85,0.1598360655737705,4.351470588235294,3.999999999999991,1.5658823529411727,1.2999999999999998,0.7683670596173403,1,
1995,200,0.13601365416684916,35.77499999999996,0.1189698009720542,2.0,0.0,42.0,17.937219730941703,0.20199999999999996,3.3721973094170403,6.200000000000005,2.188041853512703,1.999999999999992,2.1876346858521747,1,
1996,200,0.13587770849684613,28.67499999999995,0.11896862861604121,3.0,0.0,41.0,18.088926174496645,0.27314814814814814,5.001677852348993,6.200000000000036,2.7912751677852388,2.3999999999999946,2.6591595512577118,2,
1997,200,0.13574189870456288,27.699999999999974,0.11896505258955825,2.0,0.0,43.0,17.057657657657657,0.2936893203883495,3.962162162162162,8.200000000000017,2.694234234234233,2.199999999999999,4.027691543516103,2,
1998,200,0.1356062246541897,34.399999999999956,0.11896759382547065,2.0,0.0,42.0,18.617088607594937,0.2457983193277311,3.837025316455696,6.300000000000008,2.345569620253162,2.1999999999999984,1.643054105547251,1,
1999,200,0.13547068621005243,28.524999999999952,0.11896767421818985,2.0,0.0,40.0,19.65845648604269,0.286697247706422,7.116584564860427,7.4000000000000155,2.686371100164204,2.19999999999999,3.1112347929249644,2,
2000,200,0.1353352832366127,29.924999999999955,0.11896621127395805,2.0,0.0,42.0,18.299003322259136,0.26327433628318586,5.318936877076412,6.500000000000007,3.0539867109634558,3.0999999999999943,2.7850167079190964,2,
2001,200,0.13520001559846748,18.499999999999986,0.11896149423631552,3.0,0.0,48.0,17.7027027027027,0.5303030303030303,1.5285285285285286,11.000000000000039,4.347147147147157,3.799999999999998,11.611905887021228,3,
2002,200,0.13506488316034906,29.124999999999957,0.11895610823081171,2.0,0.0,39.0,17.785340314136125,0.31499999999999995,4.1239092495637,4.900000000000002,2.086561954624779,1.8999999999999995,1.5233668161107237,2,
2003,200,0.13492988578712511,21.749999999999975,0.11896031329250487,4.0,0.0,49.0,17.163120567375888,0.44512195121951215,2.224586288416076,11.300000000000018,3.7193853427896,2.599999999999997,10.916470088527273,3,
2004,200,0.1347950233437982,27.274999999999977,0.11895424067308934,2.0,0.0,39.0,16.8046875,0.3413978494623656,2.181640625,4.599999999999999,2.379687500000001,2.499999999999999,1.7000626375680448,2,
2005,200,0.13466029569550586,20.024999999999984,0.11895327973320485,2.0,0.0,43.0,18.012886597938145,0.55,2.4561855670103094,6.700000000000017,2.8981958762886593,2.9999999999999982,2.1400882804248713,3,
2006,200,0.1345257027075204,29.399999999999967,0.11894420938887014,2.0,0.0,38.0,17.33387622149837,0.23611111111111116,4.609120521172638,5.300000000000001,2.347394136807815,2.299999999999989,1.4691420575869734,2,
2007,200,0.1343912442452489,15.524999999999979,0.11894090973000063,5.0,1.0,47.0,18.503649635036496,0.6227272727272727,0.13138686131386862,9.400000000000038,4.205839416058404,5.000000000000009,7.094950915750977,3,
2008,200,0.13425692017423285,23.599999999999998,0.11894095889553831,5.0,0.0,45.0,13.318385650224215,0.33536585365853655,2.3632286995515694,8.100000000000005,1.9118834080717473,1.2999999999999978,2.893303823241083,3,
2009,200,0.13412273036014816,28.324999999999978,0.11894588557667991,2.0,0.0,36.0,17.759136212624586,0.2549019607843137,5.367109634551495,5.499999999999998,2.2755813953488344,2.1999999999999886,1.4177631255811936,2,
2010,200,0.13398867466880493,31.374999999999957,0.11895064421610585,2.0,0.0,42.0,19.403508771929825,0.25,7.130781499202552,6.599999999999997,2.7647527910685783,2.6999999999999926,1.7742166927819938,1,
2011,200,0.13385475296614763,25.24999999999997,0.1189504590523882,2.0,0.0,41.0,19.241071428571427,0.4454022988505747,1.3504464285714286,6.100000000000027,3.2359375000000044,3.5999999999999974,2.2859297070796285,2,
2012,200,0.1337209651182544,31.72499999999996,0.11895672155554593,2.0,0.0,39.0,19.210180623973727,0.2678571428571429,5.249589490968801,5.199999999999997,2.417405582922821,2.299999999999998,1.4658422131147526,1,
2013,200,0.13358731099133747,27.074999999999974,0.11894856446380381,2.0,0.0,40.0,16.558139534883722,0.22663551401869153,7.287375415282392,7.600000000000004,2.3323920265780727,1.5,3.5723327069588464,2,
2014,200,0.1334537904517426,37.69999999999997,0.11894981478064665,2.0,0.0,39.0,17.12784090909091,0.13671875,5.355113636363637,5.099999999999995,1.735795454545451,1.3999999999999986,1.275482622600199,1,
2015,200,0.13332040336594936,32.74999999999996,0.11894742268993286,2.0,0.0,39.0,18.89792663476874,0.241304347826087,5.365231259968102,5.7000000000000055,2.4614035087719257,2.499999999999997,1.5965048025070747,1,
2016,200,0.1331871496005706,24.024999999999974,0.11894555109536392,3.0,0.0,44.0,15.79035639412998,0.38953488372093026,1.4549266247379455,7.400000000000033,2.437316561844867,1.0999999999999956,6.140227752188778,3,
2017,200,0.13305402902235253,27.624999999999968,0.11894799696471683,2.0,0.0,41.0,18.34264432029795,0.355,5.009310986964619,6.200000000000021,2.7739292364990686,2.699999999999997,2.3586581035343825,2,
2018,200,0.13292104149817452,28.39999999999997,0.11894596923424296,2.0,1.0,41.0,16.728119180633147,0.31000000000000005,3.811918063314711,5.400000000000003,2.4588454376163855,2.799999999999991,2.2456325251068043,2,
2019,200,0.13278818689504915,25.674999999999958,0.1189436137370005,2.0,0.0,40.0,17.868525896414344,0.35106382978723405,3.091633466135458,5.600000000000014,2.9852589641434264,3.4000000000000017,2.3281186335083355,2,
2020,200,0.13265546508012172,32.374999999999964,0.11893996804483367,2.0,0.0,39.0,18.522058823529413,0.16463414634146334,6.454411764705882,6.300000000000019,2.5691176470588237,2.2999999999999954,1.844579681184447,1,
2021,200,0.13252287592067044,26.89999999999996,0.11893680007203383,2.0,0.0,44.0,19.567226890756302,0.42021276595744683,1.745798319327731,8.10000000000002,3.715546218487399,3.5999999999999948,4.710745492662497,2,
2022,200,0.13239041928410605,30.09999999999998,0.11893370675266786,2.0,0.0,37.0,16.40296052631579,0.23571428571428577,4.600328947368421,4.399999999999997,1.8549342105263111,1.899999999999989,0.8197476079564333,2,
2023,200,0.13225809503797206,26.69999999999998,0.1189289580734064,2.0,0.0,38.0,16.009541984732824,0.33333333333333337,2.50381679389313,4.699999999999993,1.8786259541984693,1.6999999999999953,0.9658443776745855,2,
2024,200,0.1321259030499441,32.94999999999995,0.11892884672111051,2.0,0.0,40.0,19.727858293075684,0.24159663865546221,4.272141706924316,5.2,2.889533011272139,3.0999999999999988,1.6268028731459399,1,
2025,200,0.13199384318783022,31.57499999999997,0.11892707505583747,2.0,0.0,48.0,19.1123417721519,0.2704918032786885,5.397151898734177,10.000000000000021,3.0699367088607583,2.499999999999995,5.516072033908941,2,
2026,200,0.13186191531957048,26.79999999999998,0.11892890124657794,2.0,0.0,42.0,17.80377358490566,0.3273195876288659,3.728301886792453,7.800000000000008,3.0726415094339674,1.9999999999999922,5.9003479898469315,2,
2027,200,0.13173011931323708,28.024999999999956,0.11892939030208069,2.0,0.0,46.0,17.479500891265598,0.3431372549019608,2.4723707664884134,9.000000000000014,2.4424242424242406,1.6999999999999984,5.40549008642605,3,
2028,200,0.131598455037034,22.299999999999976,0.11893019201286373,2.0,1.0,49.0,17.437352245862883,0.45731707317073167,2.4988179669030735,10.400000000000043,3.7434988179669118,2.299999999999998,9.91551551462049,3,
2029,200,0.13146692235929688,31.399999999999952,0.1189299628479438,2.0,0.0,39.0,19.186708860759495,0.232608695652174,6.341772151898734,7.000000000000013,2.687341772151899,2.29999999999999,2.6890237167113793,1,
2030,200,0.13133552114849303,29.799999999999958,0.11893289785468943,2.0,1.0,39.0,18.57097288676236,0.2545454545454545,4.4688995215311005,5.499999999999996,2.265231259968099,2.0999999999999903,1.8138834679798959,2,
2031,200,0.13120425127322136,30.974999999999973,0.1189387677986941,2.0,0.0,40.0,17.96518987341772,0.24549549549549554,5.409810126582278,6.199999999999995,1.9544303797468305,1.7999999999999912,1.3958382967430507,1,
2032,200,0.13107311260221188,29.424999999999965,0.1189394247031566,2.0,0.0,42.0,18.007797270955166,0.3762626262626263,1.4736842105263157,6.300000000000004,2.7996101364522405,2.899999999999996,3.0310445038910543,2,
2033,200,0.13094210500432593,33.79999999999996,0.1189353994234133,2.0,0.0,42.0,18.421364985163205,0.19140625,6.229970326409496,6.6,2.4945103857566737,2.099999999999996,2.3170224423532018,1,
2034,200,0.13081122834855582,33.37499999999997,0.11893286970728986,2.0,0.0,40.0,16.841538461538462,0.2152173913043478,2.0,4.799999999999996,1.686615384615382,1.3999999999999995,1.3168855074213146,2,
2035,200,0.13068048250402503,25.79999999999997,0.11892766782523373,2.0,0.0,41.0,18.706,0.359375,3.772,8.100000000000023,3.4664000000000046,3.3499999999999943,5.069251317005314,2,
2036,200,0.13054986733998764,24.37499999999997,0.118921481188277,3.0,0.0,47.0,17.43271221532091,0.40555555555555556,2.0144927536231885,9.70000000000003,3.2449275362318866,2.2999999999999936,6.984616011110785,3,
2037,200,0.13041938272582848,22.799999999999976,0.11892435758488101,2.0,0.0,36.0,17.027522935779817,0.4633333333333334,1.018348623853211,4.299999999999991,1.7162844036697207,1.699999999999995,0.9196249769851857,2,
2038,200,0.13028902853106283,33.999999999999964,0.11892325888331715,2.0,0.0,40.0,18.688087774294672,0.2250000000000001,3.717868338557994,5.400000000000004,2.445297805642628,2.4999999999999933,1.380130182806238,1,
2039,200,0.13015880462533663,31.924999999999955,0.11892137716244411,2.0,1.0,41.0,18.899390243902438,0.20798319327731085,5.685975609756097,6.499999999999997,2.7042682926829285,2.600000000000003,2.3202920515412524,1,
2040,200,0.1300287108784259,19.999999999999982,0.1189243850893579,2.0,0.0,44.0,15.568345323741006,0.4342105263157895,3.2685851318944845,7.8000000000000265,2.8685851318944864,2.2999999999999994,4.5410296282664975,3,
2041,200,0.12989874716023692,22.47499999999997,0.11891918659283962,2.0,0.0,46.0,16.49247311827957,0.39534883720930236,4.174193548387096,8.400000000000041,2.9582795698924778,1.9999999999999991,5.004390076957281,3,
2042,200,0.1297689133408058,27.724999999999973,0.1189146044373063,2.0,1.0,43.0,16.80536912751678,0.24532710280373826,4.078859060402684,6.9000000000000306,2.504362416107383,1.9999999999999962,3.0979427107526685,2,
2043,200,0.12963920929029896,33.34999999999996,0.11891835016044902,2.0,0.0,40.0,18.968562874251496,0.19308943089430897,4.591317365269461,5.8,2.8029940119760477,2.899999999999994,2.0523010243757103,1,
2044,200,0.12950963487901218,32.27499999999995,0.11891186727449957,2.0,0.0,41.0,19.592775041050903,0.2807017543859649,3.684729064039409,6.700000000000016,2.646962233169128,2.2999999999999954,2.5123497627265037,1,
2045,200,0.12938018997737108,31.549999999999958,0.11890727919102195,2.0,0.0,39.0,18.371610845295056,0.25,3.864433811802233,5.800000000000017,2.305422647527911,2.09999999999999,2.312671852424668,2,
2046,200,0.12925087445593067,29.949999999999985,0.11890390887149882,2.0,1.0,40.0,16.458477508650518,0.26428571428571423,3.7474048442906573,5.4999999999999964,2.2579584775086476,1.8999999999999972,1.7370093360033265,2,
2047,200,0.12912168818537556,32.24999999999994,0.11889103833138559,2.0,0.0,42.0,20.576354679802957,0.2796610169491526,5.443349753694581,6.500000000000012,3.237110016420359,3.300000000000001,1.6136682484900806,1,
2048,200,0.1289926310365194,20.32499999999999,0.11889256952339092,3.0,0.0,41.0,14.401869158878505,0.32333333333333336,2.619158878504673,7.20000000000002,2.6574766355140227,1.4999999999999996,4.716955831054226,3,
2049,200,0.12886370288030502,34.89999999999997,0.11889347858350985,2.0,1.0,40.0,18.089123867069485,0.18902439024390238,5.564954682779456,5.299999999999992,2.2496978851963707,2.199999999999995,1.2763698906770875,1,
2050,200,0.12873490358780423,32.42499999999996,0.11889569522996615,2.0,1.0,41.0,19.452495974235106,0.2543103448275862,5.695652173913044,5.900000000000005,2.724315619967794,2.699999999999998,1.6936321439684714,1,
2051,200,0.12860623303021773,32.47499999999996,0.11889887482826786,2.0,0.0,41.0,20.03059581320451,0.2628205128205128,5.1046698872785825,6.300000000000006,3.071175523349435,2.8999999999999977,2.0028297375791007,1,
2052,200,0.12847769107887502,30.92499999999996,0.11889889457526695,2.0,0.0,37.0,18.49516129032258,0.24090909090909096,3.9548387096774196,4.399999999999997,2.137419354838704,2.099999999999988,0.8648923644442348,1,
2053,200,0.12834927760523412,29.39999999999996,0.118900879471385,2.0,0.0,43.0,18.820770519262982,0.3060747663551402,3.539363484087102,7.200000000000006,2.549413735343379,2.299999999999996,2.452958800026941,2,
2054,200,0.1282209924808815,25.04999999999996,0.11889486486581712,2.0,0.0,42.0,18.39571150097466,0.3844086021505376,3.6744639376218324,7.500000000000012,3.0323586744639397,2.799999999999995,3.6708577030642133,2,
2055,200,0.12809283557753198,22.999999999999986,0.11889397328175837,6.0,0.0,46.0,13.865707434052759,0.3846153846153846,1.7793764988009593,8.500000000000016,2.257074340527578,1.299999999999995,5.08837849650351,3,
2056,200,0.1279648067670288,32.14999999999997,0.1188901409794305,2.0,0.0,37.0,17.444610778443113,0.17173913043478262,5.676646706586826,4.9999999999999964,2.0017964071856262,1.8999999999999935,1.2238617910775549,2,
2057,200,0.12783690592134303,23.124999999999975,0.11889053725006576,2.0,1.0,45.0,20.610849056603772,0.5119047619047619,3.943396226415094,8.200000000000015,3.646933962264148,3.4999999999999956,3.1278853566958786,2,
2058,200,0.12770913291257383,26.92499999999997,0.11888605997095004,2.0,0.0,42.0,17.32442748091603,0.3273195876288659,2.33206106870229,6.200000000000026,2.7774809160305356,3.1999999999999957,2.602288627879462,2,
2059,200,0.12758148761294813,33.84999999999997,0.11888310380808537,2.0,0.0,37.0,17.419117647058822,0.1549586776859504,5.239705882352941,4.699999999999996,1.9073529411764663,1.6999999999999977,0.9660656705572445,1,
2060,200,0.12745396989482075,32.799999999999955,0.11887913009063922,2.0,0.0,39.0,19.46322378716745,0.2124999999999999,6.74491392801252,5.200000000000013,2.9194053208137722,3.1999999999999957,1.5716460619122323,1,
2061,200,0.12732657963067387,23.999999999999968,0.11887713508119363,2.0,0.0,41.0,19.858139534883723,0.4817073170731707,2.4604651162790696,7.100000000000027,3.3106976744186083,2.899999999999995,3.7432546417233565,2,
2062,200,0.1271993166931172,30.39999999999996,0.11887429936762998,2.0,0.0,43.0,17.664921465968586,0.31542056074766356,3.303664921465969,6.600000000000006,2.1703315881326333,1.9999999999999947,2.3594411076728115,2,
2063,200,0.12707218095488781,26.374999999999968,0.1188749937156875,2.0,0.0,41.0,18.666015625,0.35416666666666663,3.771484375,7.000000000000027,3.461328125000008,3.7999999999999976,4.401880652926111,2,
2064,200,0.12694517228885002,29.974999999999977,0.11887837598372629,2.0,1.0,44.0,17.77094972067039,0.33018867924528306,5.5251396648044695,7.600000000000015,3.03314711359404,2.9999999999999964,3.655375769849646,2,
2065,200,0.1268182905679951,30.449999999999967,0.11887510828912431,2.0,0.0,40.0,19.05804311774461,0.29128440366972475,4.819237147595357,5.199999999999995,2.42404643449419,2.3999999999999915,1.2448149105630217,2,
2066,200,0.1266915356654413,33.174999999999955,0.11887830929032953,2.0,0.0,45.0,18.90311986863711,0.3026315789473685,2.671592775041051,7.800000000000012,2.2331691297208507,2.199999999999993,2.3464923425366706,1,
2067,200,0.12656490745443366,32.07499999999997,0.1188754338992204,2.0,0.0,42.0,18.889415481832543,0.24572649572649574,4.0947867298578196,6.8999999999999995,2.519115323854655,2.499999999999989,1.4559573533522316,1,
2068,200,0.1264384058083441,23.324999999999967,0.11887439531760272,2.0,0.0,42.0,20.222988505747125,0.4821428571428571,3.6022988505747127,6.90000000000003,3.6016091954023017,3.7999999999999967,2.6507010738595724,2,
2069,200,0.12631203060067087,31.174999999999955,0.11886938576798078,2.0,1.0,39.0,19.56774193548387,0.25,5.732258064516129,5.400000000000002,2.780967741935482,2.8999999999999977,1.141156870855547,1,
2070,200,0.12618578170503877,29.77499999999994,0.11886184371787187,2.0,0.0,40.0,20.76518883415435,0.2723214285714286,5.653530377668309,7.60000000000001,3.350410509031196,3.299999999999998,2.2338030629853436,1,
2071,200,0.12605965899519883,31.074999999999953,0.11886201581350138,2.0,0.0,44.0,20.082926829268292,0.2946428571428571,3.856910569105691,8.10000000000001,3.0255284552845527,2.499999999999996,4.293457210541925,2,
2072,200,0.12593366234502845,24.72499999999997,0.11886310412901537,1.0,0.0,47.0,18.309677419354838,0.4602272727272727,3.21505376344086,9.200000000000022,2.878279569892472,1.999999999999997,6.001642000887995,2,
2073,200,0.12580779162853092,29.549999999999965,0.11885643366631227,2.0,0.0,40.0,16.676174496644297,0.2316513761467891,4.620805369127517,6.200000000000005,2.4268456375838925,1.899999999999997,2.3349570260265082,2,
2074,200,0.1256820467198355,33.44999999999995,0.1188446540150086,2.0,0.0,39.0,19.2512077294686,0.24145299145299148,4.193236714975845,5.700000000000014,2.603542673107888,2.59999999999999,1.4246288248107097,1,
2075,200,0.1255564274931972,34.349999999999966,0.11884055374150514,2.0,0.0,39.0,18.043818466353677,0.2200854700854702,4.78716744913928,4.4999999999999885,2.067762128325505,2.399999999999991,0.9941431230407476,1,
2076,200,0.12543093382299692,29.174999999999965,0.11884071291926218,2.0,0.0,44.0,17.58941605839416,0.32692307692307687,3.6094890510948905,7.70000000000002,2.8408759124087597,2.2999999999999967,3.8503492805599837,2,
2077,200,0.12530556558374092,26.59999999999996,0.11883436904640099,3.0,0.0,41.0,16.297709923664122,0.3467741935483871,2.433206106870229,6.300000000000003,2.051526717557251,1.4999999999999913,2.6858662296276155,2,
2078,200,0.12518032265006093,27.974999999999987,0.11883391557458517,2.0,0.0,39.0,16.14917127071823,0.32894736842105265,2.710865561694291,4.999999999999995,1.7670349907918923,1.6999999999999997,0.8374244356414124,2,
2079,200,0.12505520489671398,33.77499999999996,0.11882981201749349,2.0,0.0,38.0,17.71945701357466,0.18644067796610164,4.318250377073906,4.899999999999993,2.032730015082951,1.9999999999999978,1.0292629126778983,1,
2080,200,0.12493021219858241,36.27499999999998,0.11883217219575751,2.0,0.0,38.0,17.41267605633803,0.1279527559055118,6.114084507042254,5.199999999999996,1.8947887323943635,1.6999999999999895,1.0897073987450876,1,
2081,200,0.12480534443067345,34.099999999999966,0.118833496393951,2.0,1.0,41.0,18.327639751552795,0.22131147540983598,5.074534161490683,5.599999999999996,2.279503105590058,2.099999999999995,1.5302357408947866,1,
2082,200,0.12468060146811931,25.77499999999997,0.11882842891518838,2.0,0.0,39.0,18.169734151329244,0.4,2.474437627811861,5.000000000000011,2.8094069529652357,2.999999999999997,1.5195088658414229,2,
2083,200,0.12455598318617699,18.97499999999998,0.1188295898968755,3.0,0.0,47.0,16.72079772079772,0.5588235294117647,0.5356125356125356,9.000000000000036,3.3267806267806326,2.399999999999999,6.12389090909096,3,
2084,200,0.12443148946022826,33.39999999999996,0.11883583802719092,1.0,0.0,37.0,18.546165884194053,0.2108695652173913,3.9843505477308296,4.6999999999999895,2.3691705790297286,2.4999999999999942,1.0592555838557944,1,
2085,200,0.12430712016577938,31.574999999999967,0.11884270521294368,2.0,0.0,38.0,19.088669950738915,0.26869158878504673,2.8998357963875203,5.299999999999997,2.3444991789819336,2.299999999999994,1.1907488136324396,1,
2086,200,0.12418287517846102,17.974999999999987,0.11884838623116037,2.0,0.0,42.0,15.18840579710145,0.5080645161290323,0.4492753623188406,6.900000000000007,2.7385507246376815,2.099999999999997,4.372376663530058,3,
2087,200,0.12405875437402814,31.149999999999945,0.11885379228550133,2.0,0.0,42.0,19.687400318979268,0.2628205128205128,5.3381180223285485,7.700000000000022,3.0948963317384406,2.6999999999999975,3.299216794530055,2,
2088,200,0.12393475762836002,35.24999999999996,0.11885084617430294,2.0,1.0,39.0,17.84985422740525,0.140625,5.3425655976676385,6.1,2.1744897959183667,1.6000000000000048,2.3442959019964187,1,
2089,200,0.12381088481745986,34.59999999999995,0.1188482831963413,2.0,0.0,39.0,19.307317073170733,0.2456896551724137,3.8357723577235774,5.3000000000000025,2.560162601626013,2.799999999999991,1.4744981809721196,1,
2090,200,0.12368713581745483,28.699999999999967,0.11884464092730704,2.0,0.0,40.0,17.068904593639576,0.26941747572815533,3.9929328621908127,6.600000000000015,2.6927561837455847,1.8999999999999988,3.562131791294055,2,
2091,200,0.12356351050459588,37.149999999999956,0.11884366208333638,2.0,0.0,38.0,18.787012987012986,0.0652173913043479,8.032467532467532,6.500000000000017,2.353376623376624,1.9499999999999933,2.237687177748682,1,
2092,200,0.12344000875525778,25.199999999999964,0.11884932845991067,2.0,0.0,49.0,17.904564315352697,0.4184782608695652,2.9522821576763487,11.100000000000033,3.39605809128631,2.099999999999995,9.761458013197215,3,
2093,200,0.12331663044593871,28.49999999999997,0.1188485192716977,2.0,0.0,44.0,17.900952380952383,0.3762626262626263,2.4076190476190478,7.400000000000029,2.6979047619047622,2.0999999999999974,4.100639059007948,2,
2094,200,0.12319337545326038,33.69999999999995,0.1188500680148395,2.0,0.0,43.0,20.09090909090909,0.24590163934426235,5.700159489633174,6.600000000000001,3.1771929824561416,3.200000000000032,1.8925149569605932,1,
2095,200,0.12307024365396771,29.674999999999972,0.11885335135508929,2.0,0.0,41.0,17.71301247771836,0.32920792079207917,2.659536541889483,5.699999999999993,2.32798573975044,2.2999999999999923,1.2040156329435638,2,
2096,200,0.122947234924929,31.149999999999956,0.11885410283358992,2.0,0.0,42.0,20.770114942528735,0.27542372881355937,7.247947454844007,7.200000000000006,3.3533661740558314,2.9999999999999933,3.389164473684245,1,
2097,200,0.12282434914313546,32.349999999999966,0.11886288255914054,2.0,0.0,38.0,17.939837398373985,0.25900900900900903,3.569105691056911,4.099999999999989,1.7396747967479629,1.5999999999999974,0.7111432378696176,1,
2098,200,0.1227015861857013,35.94999999999996,0.11886390309131357,2.0,0.0,40.0,17.918367346938776,0.16599999999999993,5.34402332361516,5.499999999999996,2.2155976676384803,2.0999999999999925,1.4412029239579665,1,
2099,200,0.1225789459298635,36.49999999999996,0.11886684482189552,2.0,0.0,40.0,18.11953352769679,0.15697674418604657,4.418367346938775,5.699999999999995,2.3362973760932917,2.0999999999999948,1.7972140162985126,1,
2100,200,0.1224564282529819,37.52499999999996,0.1188688640039928,2.0,0.0,46.0,18.223988439306357,0.18893129770992356,4.463872832369942,8.400000000000011,2.402312138728321,2.0999999999999925,2.0899123131250534,1,
2101,200,0.12233403303253876,16.59999999999997,0.11886609990414645,3.0,1.0,45.0,18.745664739884393,0.5653846153846154,2.054913294797688,9.100000000000023,4.4855491329479875,4.550000000000001,10.907223322056645,3,
2102,200,0.12221176014613884,23.849999999999966,0.11885942681195928,3.0,0.0,42.0,19.116129032258065,0.42613636363636365,2.7225806451612904,6.500000000000014,3.384086021505382,3.8999999999999986,3.0410511321592617,2,
2103,200,0.1220896094715092,34.19999999999995,0.11886252806489347,2.0,0.0,43.0,17.93380281690141,0.15625,7.919718309859155,7.700000000000023,2.27845070422535,1.5999999999999954,3.7119232730079013,2,
2104,200,0.12196758088649925,25.424999999999972,0.1188582235666525,2.0,0.0,44.0,19.16359918200409,0.4130434782608695,4.955010224948875,7.600000000000042,3.55051124744377,3.999999999999996,4.0743777183004735,2,
2105,200,0.12184567426908036,33.47499999999996,0.11886075214128439,2.0,0.0,39.0,19.33977455716586,0.23728813559322037,4.2898550724637685,5.699999999999993,2.656682769726243,2.8999999999999924,1.5876124364692434,1,
2106,200,0.12172388949734589,32.37499999999998,0.11886067746672477,2.0,1.0,40.0,16.865040650406502,0.25,3.4146341463414633,5.099999999999994,1.9669918699186961,1.7999999999999967,1.550898303650743,2,
2107,200,0.121602226449511,31.37499999999998,0.11886095505445779,2.0,0.0,43.0,16.740863787375414,0.2635135135135135,3.6312292358803986,6.600000000000008,2.2028239202657782,1.7999999999999967,2.188918331250015,2,
2108,200,0.12148068500391276,19.649999999999977,0.11885786301702728,4.0,0.0,47.0,16.485333333333333,0.48611111111111116,2.4506666666666668,9.00000000000004,3.561866666666674,2.0999999999999983,8.793781715781156,3,
2109,200,0.12135926503900965,32.74999999999997,0.11885855357940588,3.0,0.0,45.0,19.1937984496124,0.24193548387096775,5.872868217054264,7.900000000000036,2.807131782945737,2.5999999999999943,3.286747735707578,1,
2110,200,0.12123796643338168,24.77499999999997,0.11885846665101972,2.0,1.0,41.0,17.77979797979798,0.3994252873563219,3.771717171717172,5.6000000000000165,2.739595959595962,3.3000000000000056,2.232219047930005,2,
2111,200,0.1211167890657302,25.87499999999998,0.11886023412413994,2.0,1.0,41.0,17.90909090909091,0.3575268817204301,2.6264822134387353,6.6000000000000165,3.019169960474314,2.799999999999999,3.845517097271893,2,
2112,200,0.12099573281487792,31.924999999999972,0.11886263729194563,2.0,0.0,42.0,19.04858934169279,0.24152542372881358,5.492163009404389,7.100000000000013,2.6615987460815025,2.499999999999992,2.493625513766369,1,
2113,200,0.12087479755976856,23.59999999999998,0.11886435694032278,3.0,0.0,46.0,17.598726114649683,0.4224137931034483,3.7558386411889595,8.600000000000021,3.285562632696393,2.9999999999999982,5.85816191849986,3,
2114,200,0.12075398317946681,26.27499999999997,0.11886860254765853,3.0,0.0,41.0,18.510978043912175,0.3829787234042553,2.6606786427145708,7.400000000000034,3.190019960079843,2.599999999999995,4.033169960159403,2,
2115,200,0.12063328955315826,27.64999999999997,0.1188737452716967,3.0,0.0,40.0,18.322283609576427,0.34090909090909094,5.009208103130755,5.800000000000004,2.8476979742173114,2.899999999999993,1.9728881321901581,2,
2116,200,0.12051271656014938,33.39999999999994,0.11887646075881214,2.0,0.0,40.0,17.774725274725274,0.10384615384615392,6.372252747252747,5.600000000000002,2.225824175824174,1.7999999999999967,1.9249960847800869,2,
2117,200,0.12039226407986708,32.39999999999995,0.11888134635914344,2.0,0.0,42.0,19.40487804878049,0.2844827586206896,4.484552845528455,6.4000000000000075,2.6186991869918685,2.199999999999993,2.7403242522949434,2,
2118,200,0.12027193199185891,25.02499999999997,0.11888904317835218,2.0,0.0,39.0,16.625,0.40476190476190477,1.6398305084745763,4.899999999999995,1.9743644067796575,1.7999999999999936,1.4872096614194026,2,
2119,200,0.12015172017579269,30.29999999999997,0.11888889274885801,2.0,0.0,44.0,17.071428571428573,0.2681818181818182,5.129568106312292,7.40000000000002,2.401162790697674,2.199999999999995,2.606932751660455,2,
2120,200,0.12003162851145673,32.14999999999998,0.11889829851736101,2.0,0.0,48.0,17.906645569620252,0.26249999999999996,6.9905063291139244,9.800000000000017,2.5743670886075924,2.199999999999995,3.556124008882826,2,
2121,200,0.11991165687875927,28.899999999999956,0.11890389024909928,2.0,0.0,42.0,19.408637873754152,0.2809734513274337,4.823920265780731,7.500000000000026,3.2652823920265868,3.7000000000000233,4.461348526364344,2,
2122,200,0.11979180515772868,28.52499999999997,0.11891077500894535,2.0,1.0,45.0,17.92349726775956,0.3567961165048543,3.8816029143897994,8.000000000000018,2.5624772313296895,1.6999999999999957,4.445929197080318,2,
2123,200,0.11967207322851317,36.17499999999996,0.11892135170708118,2.0,0.0,39.0,18.106145251396647,0.12404580152671763,5.414804469273743,5.500000000000021,2.294134078212291,1.7999999999999912,1.8317289405155692,1,
2124,200,0.11955246097138093,36.42499999999996,0.11892536921577004,2.0,0.0,38.0,17.53185595567867,0.11821705426356588,5.700831024930748,4.799999999999997,1.9281163434902995,1.699999999999992,1.1395025159078636,1,
2125,200,0.11943296826671962,32.19999999999996,0.11892003006114718,2.0,0.0,42.0,19.073170731707318,0.2809734513274337,5.616260162601626,6.099999999999998,2.4196747967479664,2.3999999999999972,1.6084464232835536,1,
2126,200,0.11931359499503652,22.774999999999984,0.11892400928748743,2.0,0.0,43.0,16.39569892473118,0.4186746987951807,2.0903225806451613,6.800000000000005,2.542795698924728,2.1999999999999984,2.287146847713483,3,
2127,200,0.11919434103695832,25.34999999999997,0.11893161241177068,2.0,0.0,45.0,19.27391304347826,0.4444444444444444,3.491304347826087,7.900000000000029,3.4215217391304362,3.1999999999999966,5.025147519600777,2,
2128,200,0.11907520627323114,24.774999999999977,0.11893869433283491,2.0,0.0,40.0,18.189247311827955,0.4339080459770115,3.0150537634408603,5.700000000000015,2.7156989247311802,2.599999999999996,1.8050307088944837,2,
2129,200,0.11895619058472015,33.799999999999955,0.11894493957111581,2.0,1.0,41.0,19.218354430379748,0.24152542372881358,3.4936708860759493,5.500000000000031,2.7063291139240513,2.7999999999999963,1.9053444593826685,1,
2130,200,0.11883729385240965,23.724999999999973,0.11894551469852191,2.0,0.0,38.0,17.210407239819006,0.46518987341772156,1.1334841628959276,3.6999999999999913,1.894570135746602,2.0999999999999925,0.8770338293330814,2,
2131,200,0.11871851595740286,32.57499999999997,0.11894909936523883,2.0,0.0,40.0,18.87642276422764,0.2678571428571429,1.6308943089430894,5.099999999999998,2.3016260162601587,2.1999999999999957,1.2471551250052875,1,
2132,200,0.11859985678092198,25.024999999999956,0.11894481414938841,2.0,0.0,42.0,19.79138321995465,0.4593023255813954,1.8934240362811792,6.600000000000005,3.4594104308390032,3.4999999999999964,2.8968027560674714,2,
2133,200,0.11848131620430775,29.924999999999972,0.11894144457013084,2.0,1.0,43.0,17.785714285714285,0.30504587155963303,3.9089285714285715,7.500000000000004,2.975000000000001,2.799999999999999,3.64695805790198,2,
2134,200,0.11836289410901962,33.099999999999966,0.11894084880852845,1.0,0.0,37.0,17.78716744913928,0.21491228070175428,1.6901408450704225,4.29999999999999,1.9137715179968664,1.8999999999999968,1.0821917123824392,1,
2135,200,0.1182445903766354,32.299999999999955,0.11894214795366635,1.0,0.0,39.0,19.569786535303777,0.2772727272727272,3.6600985221674875,5.299999999999996,2.6331691297208515,2.799999999999992,1.5703982959447846,1,
2136,200,0.11812640488885146,32.52499999999996,0.1189402410897206,2.0,1.0,41.0,19.867954911433173,0.25416666666666665,6.128824476650563,6.200000000000027,2.973590982286635,3.0999999999999934,2.345556633129359,1,
2137,200,0.11800833752748224,31.499999999999957,0.11894026176736854,2.0,0.0,40.0,18.16012084592145,0.20258620689655182,3.8519637462235647,6.299999999999999,2.2922960725075505,1.8999999999999981,2.0860330227750374,1,
2138,200,0.1178903881744604,12.924999999999978,0.11893720152471085,4.0,1.0,42.0,19.23265306122449,0.7055555555555556,0.09795918367346938,7.400000000000024,3.975102040816336,4.700000000000002,6.285076636012308,3,
2139,200,0.1177725567118365,25.424999999999965,0.11893406890972887,2.0,0.0,47.0,18.64968152866242,0.4555555555555556,2.3715498938428876,9.000000000000018,3.090658174097664,2.8999999999999964,3.75364514965742,2,
2140,200,0.11765484302177918,37.37499999999996,0.11893238743195582,2.0,0.0,41.0,18.680397727272727,0.1484962406015038,5.920454545454546,6.000000000000026,2.6673295454545474,2.1999999999999966,2.801892840208647,1,
2141,200,0.11753724698657468,31.199999999999953,0.118936827141545,2.0,0.0,41.0,18.548644338118024,0.2544642857142857,4.2663476874003186,6.2,2.559968102073365,2.3999999999999946,2.3771754237805562,2,
2142,200,0.11741976848862698,31.699999999999946,0.11893833967858261,2.0,1.0,41.0,20.571428571428573,0.27155172413793105,6.2430213464696225,5.699999999999995,3.234154351395733,3.4000000000000328,1.9622542062122634,1,
2143,200,0.11730240741045748,33.32499999999996,0.11893280965599706,2.0,0.0,39.0,19.410509031198686,0.258695652173913,2.9195402298850577,4.8999999999999915,2.537602627257794,2.599999999999993,0.9356821613459834,1,
2144,200,0.11718516363470523,35.57499999999996,0.11893563482872146,2.0,0.0,42.0,18.067335243553007,0.1576923076923078,6.83810888252149,6.000000000000013,2.3064469914040084,2.1999999999999935,1.5831278748283586,1,
2145,200,0.11706803704412637,32.87499999999994,0.11893912809254105,2.0,0.0,44.0,19.733333333333334,0.246,5.004651162790697,7.800000000000017,3.247131782945738,2.8999999999999977,4.384362777147488,2,
2146,200,0.11695102752159432,25.149999999999977,0.1189369778451438,2.0,0.0,39.0,18.885480572597135,0.401685393258427,3.5685071574642127,6.100000000000011,3.2388548057259756,3.4999999999999973,2.372160756105739,2,
2147,200,0.11683413495009948,16.47499999999998,0.11894300481653236,4.0,0.0,43.0,16.307692307692307,0.5772727272727273,0.046822742474916385,7.500000000000028,3.2160535117056903,2.6999999999999975,5.790174944071625,3,
2148,200,0.11671735921274938,28.049999999999965,0.11894622345848796,3.0,1.0,48.0,17.883239171374765,0.3688118811881188,2.446327683615819,10.100000000000026,3.00696798493409,2.1000000000000063,6.50010632713863,2,
2149,200,0.11660070019276822,33.02499999999996,0.1189500347461669,2.0,0.0,39.0,18.02660406885759,0.2282608695652173,4.164319248826291,5.399999999999999,2.057433489827853,1.6999999999999948,1.6613533503134805,1,
2150,200,0.11648415777349697,32.974999999999966,0.1189541031283365,2.0,0.0,38.0,18.10223642172524,0.232608695652174,3.7380191693290734,4.199999999999993,1.9726837060702829,1.999999999999997,0.9632339138755935,1,
2151,200,0.11636773183839315,31.89999999999998,0.11895961702566832,2.0,0.0,45.0,16.33910034602076,0.30140186915887845,2.110726643598616,7.899999999999999,1.9994809688581276,1.9999999999999896,1.6530323602218582,2,
2152,200,0.11625142227103091,28.999999999999975,0.11896449264825348,2.0,1.0,40.0,16.764240506329113,0.19545454545454555,7.205696202531645,5.70000000000002,2.3275316455696204,1.8999999999999946,2.0915257258595714,2,
2153,200,0.11613522895510063,35.099999999999966,0.11895802148237536,2.0,0.0,39.0,18.24320241691843,0.18495934959349603,4.237160120845921,5.999999999999996,2.342145015105735,2.1999999999999877,1.591263682477527,1,
2154,200,0.116019151774409,34.34999999999996,0.1189527363186227,2.0,0.0,40.0,18.608695652173914,0.25,2.843800322061192,4.899999999999991,2.218035426731073,2.199999999999999,1.1001928741831704,1,
2155,200,0.11590319061287874,23.699999999999974,0.11895263068168573,2.0,1.0,42.0,17.97608695652174,0.44999999999999996,3.1543478260869566,6.6000000000000245,2.595869565217392,1.999999999999991,3.8958491769810086,2,
2156,200,0.1157873453545488,30.124999999999964,0.11895677934402904,2.0,0.0,41.0,18.881849315068493,0.3004587155963303,3.8664383561643834,6.100000000000027,2.892808219178085,2.2999999999999963,3.20845083637539,2,
2157,200,0.11567161588357389,29.024999999999984,0.11895963754159813,2.0,0.0,45.0,16.334615384615386,0.3560606060606061,2.2826923076923076,7.999999999999998,2.150961538461534,1.949999999999994,2.483815953461362,2,
2158,200,0.11555600208422448,33.72499999999995,0.1189643745898866,2.0,0.0,41.0,19.344605475040257,0.2542016806722689,3.998389694041868,5.599999999999997,2.659581320450884,2.599999999999995,1.6746186598900594,1,
2159,200,0.11544050384088674,25.27499999999996,0.11896561687311788,2.0,0.0,42.0,19.42003853564547,0.37755102040816324,5.599229287090559,7.000000000000023,3.5215799614643615,3.8000000000000123,3.4805491535491817,2,
2160,200,0.11532512103806251,23.92499999999997,0.1189645260573948,3.0,0.0,41.0,18.411504424778762,0.43823529411764706,2.688053097345133,6.59999999999999,2.797787610619469,2.3999999999999977,3.3811178494686933,2,
2161,200,0.11520985356036893,32.924999999999955,0.11896255701703162,2.0,0.0,41.0,18.895934959349592,0.27212389380530977,4.642276422764228,5.800000000000024,2.31333333333333,1.999999999999997,1.8210302889293237,1,
2162,200,0.11509470129253851,25.34999999999997,0.11896195455831193,2.0,0.0,47.0,19.643312101910826,0.44892473118279574,4.481953290870488,9.800000000000033,3.6868365180467126,2.899999999999987,7.301855391273057,2,
2163,200,0.11497966411941893,30.17499999999996,0.1189602520796772,2.0,0.0,41.0,17.07741935483871,0.20614035087719307,5.659677419354839,6.2000000000000055,2.593225806451613,2.3999999999999893,2.632638378351678,2,
2164,200,0.11486474192597308,23.849999999999977,0.11895603168661859,3.0,0.0,47.0,17.29936305732484,0.4204545454545454,3.0849256900212314,10.800000000000018,3.190021231422505,2.399999999999993,7.946411828344787,3,
2165,200,0.11474993459727875,30.699999999999964,0.11896335390487447,2.0,1.0,39.0,19.27093596059113,0.27752293577981646,3.2528735632183907,5.600000000000001,2.636124794745483,2.599999999999999,1.982805435720453,2,
2166,200,0.11463524201852858,33.124999999999964,0.11897154996024245,2.0,0.0,44.0,20.023923444976077,0.26249999999999996,6.481658692185008,7.40000000000004,3.137001594896334,2.799999999999987,3.192418906819185,1,
2167,200,0.11452066407502992,33.94999999999995,0.11897724916117712,2.0,0.0,41.0,19.33492822966507,0.24572649572649574,4.346092503987241,5.600000000000001,2.723604465709726,2.799999999999997,1.453641104169631,1,
2168,200,0.11440620065220493,31.899999999999963,0.11898091056383442,2.0,0.0,43.0,20.2,0.2627118644067796,6.235483870967742,8.200000000000003,3.1603225806451576,2.8499999999999934,2.8480782728363097,1,
2169,200,0.11429185163559014,29.024999999999952,0.11898509820664879,2.0,0.0,43.0,20.257048092868988,0.3035714285714286,7.114427860696518,7.800000000000023,3.143449419568823,2.399999999999991,4.7179592858243335,2,
2170,200,0.1141776169108365,23.374999999999975,0.11898240357282819,2.0,0.0,39.0,18.582589285714285,0.45731707317073167,1.8080357142857142,6.900000000000014,2.7926339285714303,2.5999999999999925,3.3252971305860095,2,
2171,200,0.11406349636370923,37.52499999999995,0.11898710596691445,2.0,1.0,41.0,18.409972299168974,0.12867647058823528,6.127423822714682,5.500000000000018,2.454986149584487,2.1999999999999966,1.9769387645482435,1,
2172,200,0.11394948988008788,32.42499999999997,0.11899736380127651,2.0,0.0,40.0,19.061708860759495,0.23728813559322037,7.417721518987341,5.9000000000000234,2.612341772151899,2.2999999999999954,2.287131887748093,1,
2173,200,0.11383559734596592,30.14999999999996,0.11900565827157134,2.0,0.0,43.0,19.366438356164384,0.2991071428571429,6.073630136986301,7.500000000000035,3.4547945205479524,3.800000000000001,2.5898133732096262,2,
2174,200,0.11372181864745078,27.024999999999967,0.11900231181994506,1.0,0.0,40.0,18.094412331406552,0.34895833333333337,2.7630057803468207,6.800000000000026,3.0822736030828572,3.7999999999999963,3.385825512325536,2,
2175,200,0.11360815367076371,23.14999999999997,0.1190043521596608,3.0,0.0,44.0,17.508196721311474,0.3977272727272727,3.997950819672131,7.500000000000022,3.074590163934431,2.1999999999999993,4.203798222076702,3,
2176,200,0.11349460230223983,35.82499999999996,0.11900689866974473,2.0,0.0,44.0,19.333846153846153,0.21899224806201545,7.447692307692308,8.200000000000017,2.927230769230767,2.899999999999995,3.1011889022222636,1,
2177,200,0.11338116442832771,23.524999999999967,0.11901047793292031,2.0,0.0,41.0,19.287330316742082,0.47023809523809523,2.416289592760181,6.100000000000019,3.140723981900456,3.4999999999999982,2.7717946591729414,2,
2178,200,0.11326783993558948,29.649999999999963,0.11901727066067648,2.0,1.0,41.0,17.574358974358976,0.2833333333333333,3.736752136752137,6.300000000000004,2.608888888888889,2.3999999999999884,2.8479293094581504,2,
2179,200,0.11315462871070062,16.949999999999985,0.11901449773277106,9.0,0.0,46.0,15.911032028469752,0.6045454545454545,0.16370106761565836,8.900000000000018,2.7782918149466216,2.299999999999998,5.440416160081072,3,
2180,200,0.11304153064044985,30.899999999999956,0.11902052884514923,2.0,0.0,44.0,19.764510779436154,0.3021739130434783,4.298507462686567,7.5000000000000115,3.0260364842454397,2.599999999999999,3.3352682559239795,2,
2181,200,0.11292854561173918,32.24999999999997,0.11902369347177788,2.0,0.0,38.0,18.449367088607595,0.24099099099099108,3.6360759493670884,4.299999999999998,2.2449367088607546,2.3999999999999915,1.0863378423375711,2,
2182,200,0.11281567351158354,24.699999999999964,0.11902218614729398,2.0,1.0,42.0,19.016509433962263,0.5,1.2334905660377358,6.700000000000016,2.690330188679245,2.699999999999995,3.124758781810604,2,
2183,200,0.11270291422711082,38.54999999999995,0.11902488887797624,2.0,0.0,43.0,18.76158038147139,0.130281690140845,6.122615803814714,7.000000000000026,2.609400544959129,1.9999999999999922,3.361266642536977,1,
2184,200,0.11259026764556165,29.12499999999997,0.11903068222067109,3.0,0.0,45.0,17.801158301158303,0.37244897959183676,2.66023166023166,7.9000000000000234,2.895945945945947,2.799999999999997,3.1506323721783223,2,
2185,200,0.11247773365428958,30.399999999999974,0.11903623816564939,2.0,0.0,44.0,16.659246575342465,0.27314814814814814,4.765410958904109,8.000000000000021,2.391438356164384,1.699999999999995,3.6614442831801495,2,
2186,200,0.11236531214076052,31.22499999999995,0.11903532706289291,2.0,0.0,42.0,20.12520325203252,0.26724137931034486,6.5528455284552845,7.200000000000006,3.050894308943089,2.6999999999999944,2.1960985024747304,1,
2187,200,0.11225300299255297,28.62499999999998,0.11904141938716141,2.0,0.0,42.0,15.849823321554771,0.28,3.2261484098939928,6.000000000000002,1.8977031802120108,1.4999999999999964,1.5787805715534313,3,
2188,200,0.11214080609735771,31.074999999999967,0.1190416318589469,2.0,0.0,38.0,18.200312989045383,0.2276785714285714,5.359937402190924,6.300000000000005,2.3071987480438154,1.9,2.1550708268025103,2,
2189,200,0.11202872134297796,30.774999999999956,0.11904309447921707,2.0,0.0,43.0,19.66773162939297,0.2628205128205128,5.781150159744409,7.20000000000001,3.222523961661344,3.0999999999999956,3.038941320574183,2,
2190,200,0.11191674861732888,20.07499999999998,0.1190435678613628,4.0,0.0,45.0,15.639896373056995,0.4097222222222222,1.4352331606217616,9.000000000000023,3.39352331606218,1.5,9.269890734588461,3,
2191,200,0.11180488780843774,32.17499999999995,0.11903966965037446,2.0,0.0,40.0,20.271544715447156,0.26754385964912286,5.0634146341463415,5.800000000000027,3.1386991869918726,3.499999999999998,2.079548521511077,1,
2192,200,0.11169313880444368,31.94999999999995,0.11904076107000255,2.0,1.0,40.0,19.89983579638752,0.2765486725663717,3.4679802955665027,5.199999999999998,2.8311986863710996,2.899999999999992,1.454597066436589,1,
2193,200,0.11158150149359779,33.17499999999997,0.11904251129797806,2.0,0.0,40.0,17.914634146341463,0.2041666666666666,4.371951219512195,5.900000000000002,2.459146341463412,2.2999999999999963,2.3221168624443793,2,
2194,200,0.11146997576426268,29.77499999999997,0.11904694149246905,1.0,0.0,40.0,17.401396160558463,0.308252427184466,2.7958115183246073,5.3000000000000025,2.155671902268759,1.999999999999996,1.6555269730269786,2,
2195,200,0.11135856150491262,36.42499999999997,0.11904378697162613,1.0,0.0,40.0,17.69431643625192,0.20867768595041314,2.5376344086021505,5.799999999999989,1.9503840245775679,1.8999999999999897,0.987663473336476,1,
2196,200,0.1112472586041333,25.674999999999972,0.11904652566784237,2.0,0.0,45.0,17.641025641025642,0.38586956521739135,1.9467455621301775,7.800000000000033,2.8392504930966482,2.0999999999999908,4.227844682705205,3,
2197,200,0.1111360669506219,37.12499999999995,0.11904800545615418,2.0,0.0,42.0,18.37851662404092,0.07246376811594213,6.029411764705882,7.300000000000017,1.9957800511508943,1.4999999999999953,2.8388487268671985,2,
2198,200,0.11102498643318673,31.824999999999953,0.11905590702635613,2.0,0.0,42.0,20.388083735909824,0.2585470085470085,6.524959742351046,6.500000000000003,3.2856682769726304,3.0000000000000377,3.0619442485219692,1,
2199,200,0.11091401694074722,30.974999999999955,0.11906178194399085,1.0,1.0,41.0,20.50483870967742,0.26315789473684215,5.193548387096774,7.100000000000004,3.3432258064516147,3.2999999999999963,2.500686422181132,1,
2200,200,0.11080315836233387,24.42499999999996,0.11906759924893778,3.0,0.0,46.0,21.324384787472034,0.4722222222222222,4.657718120805369,9.200000000000044,4.4565995525727145,4.200000000000009,6.691751681614407,2,
2201,200,0.11069241058708815,36.64999999999995,0.11906902527877153,2.0,0.0,41.0,19.636498516320476,0.1774809160305344,4.103857566765579,6.400000000000012,3.2235905044510433,3.600000000000007,2.792639546530201,1,
2202,200,0.11058177350426224,35.39999999999994,0.11906563218994086,2.0,0.0,44.0,20.332326283987914,0.20801526717557262,6.7250755287009065,7.900000000000015,3.595619335347435,3.6999999999999957,3.8113339174841516,1,
2203,200,0.11047124700321906,33.024999999999956,0.11906603433178738,2.0,0.0,40.0,18.48892405063291,0.23275862068965525,5.207278481012659,5.600000000000008,2.268670886075948,2.099999999999997,1.7109847955676165,1,
2204,200,0.11036083097343202,33.724999999999966,0.11906623342358734,2.0,1.0,39.0,18.226878612716764,0.157258064516129,5.98121387283237,6.300000000000018,2.4040462427745672,2.0499999999999945,2.0737740856988474,1,
2205,200,0.11025052530448522,27.04999999999997,0.11905961745845808,2.0,0.0,42.0,18.73745173745174,0.34405940594059403,3.94015444015444,7.2000000000000215,3.55501930501931,3.449999999999998,4.691874531814301,2,
2206,200,0.1101403298860729,29.299999999999955,0.11905502318927688,2.0,0.0,41.0,17.62828947368421,0.25,4.6875,6.1,2.6789473684210527,2.6999999999999975,2.8477223849830913,2,
2207,200,0.11003024460799965,27.574999999999964,0.11905943776853439,2.0,0.0,44.0,19.218487394957982,0.40591397849462363,0.657563025210084,8.600000000000035,3.5743697478991643,2.999999999999993,5.604031689286161,2,
2208,200,0.10992026936018012,31.424999999999958,0.11905997564243043,2.0,0.0,41.0,19.95734597156398,0.2456896551724137,5.756714060031595,6.400000000000019,3.1598736176935254,2.799999999999998,2.8104663977958184,1,
2209,200,0.10981040403263917,25.49999999999997,0.11905992990039482,2.0,1.0,42.0,17.411042944785276,0.3936781609195402,1.8670756646216768,6.900000000000027,2.6032719836400826,1.7999999999999998,4.124587320173996,2,
2210,200,0.10970064851551141,32.54999999999996,0.11905854900556359,2.0,0.0,39.0,19.59742351046699,0.24137931034482762,3.5942028985507246,5.29999999999999,2.8112721417069224,2.8999999999999924,1.1003910901358795,1,
2211,200,0.10959100269904129,27.299999999999983,0.11905718956378211,2.0,0.0,41.0,16.694642857142856,0.275,4.075,6.600000000000005,2.481071428571426,1.9999999999999978,2.3919350508133093,2,
2212,200,0.10948146647358296,33.42499999999994,0.11905758863142621,2.0,1.0,39.0,19.95886075949367,0.22058823529411775,4.813291139240507,5.399999999999997,3.150632911392404,3.399999999999994,1.272059746183869,1,
2213,200,0.10937203972960027,34.52499999999995,0.11906320305000573,2.0,0.0,43.0,19.283382789317507,0.1953125,6.393175074183977,7.700000000000025,3.011721068249259,2.4999999999999956,4.321845424027326,1,
2214,200,0.10926272235766643,25.599999999999966,0.11906114066428808,2.0,0.0,40.0,17.923395445134574,0.38636363636363635,2.1946169772256727,5.900000000000015,2.864803312629402,3.0999999999999965,2.5291654092795315,2,
2215,200,0.10915351424846406,28.54999999999997,0.11905825726133447,2.0,0.0,45.0,17.56530214424951,0.39432989690721654,2.621832358674464,7.900000000000018,2.534113060428849,2.399999999999992,2.74584478356032,2,
2216,200,0.10904441529278498,24.749999999999957,0.11905470143910521,3.0,0.0,43.0,18.238709677419354,0.4454022988505747,0.7376344086021506,7.100000000000005,2.7982795698924705,2.599999999999992,2.6278801613141987,2,
2217,200,0.10893542538153032,31.17499999999996,0.1190526038831073,2.0,0.0,43.0,18.503225806451614,0.2543103448275862,5.219354838709678,8.000000000000032,2.978387096774196,2.299999999999992,4.580028668128735,2,
2218,200,0.10882654440571013,30.274999999999963,0.1190491389310954,2.0,0.0,45.0,17.641025641025642,0.26801801801801806,2.8905982905982905,7.900000000000041,3.027350427350432,2.799999999999994,4.290204661274524,2,
2219,200,0.10871777225644341,24.724999999999955,0.11904572570657113,3.0,0.0,42.0,20.74235807860262,0.4277777777777778,3.076419213973799,8.00000000000002,4.276200873362456,4.900000000000047,4.174846517259991,2,
2220,200,0.10860910882495796,26.699999999999985,0.11904661676632435,2.0,0.0,45.0,15.640316205533598,0.375,2.389328063241107,8.400000000000004,1.9140316205533565,1.399999999999997,3.1107441170152517,3,
2221,200,0.10850055400259043,24.424999999999965,0.11904554685765653,2.0,0.0,41.0,19.334821428571427,0.4476744186046512,1.6517857142857142,6.000000000000014,3.2921875000000025,3.5999999999999988,2.4691700173888913,2,
2222,200,0.10839210768078596,35.44999999999995,0.11904458976546889,2.0,0.0,43.0,20.15701219512195,0.21538461538461529,4.559451219512195,7.900000000000027,3.458841463414637,3.5999999999999943,3.5570947285254766,1,
2223,200,0.10828376975109819,34.649999999999956,0.1190431355022431,2.0,0.0,45.0,19.130769230769232,0.23780487804878048,4.58,7.800000000000018,2.805384615384613,2.499999999999996,3.229594034542103,1,
2224,200,0.10817554010518914,28.824999999999967,0.11903841056076475,2.0,0.0,43.0,17.33138401559454,0.37244897959183676,1.9044834307992202,6.900000000000012,2.5598440545808954,1.9999999999999991,2.9462349525778233,2,
2225,200,0.10806741863482926,34.899999999999956,0.11903471647203898,2.0,0.0,42.0,19.40096618357488,0.2583333333333333,2.966183574879227,6.100000000000007,2.693397745571656,2.4999999999999942,2.0122482626283658,1,
2226,200,0.10795940523189702,36.19999999999997,0.11903036267333869,2.0,0.0,39.0,17.68140243902439,0.1958333333333333,2.7759146341463414,4.599999999999991,1.973475609756092,1.7999999999999945,0.8685057919992526,1,
2227,200,0.10785149978837902,14.924999999999978,0.11903173140135667,4.0,0.0,47.0,19.930612244897958,0.69,0.053061224489795916,9.00000000000004,4.40857142857144,4.800000000000008,6.830938291350191,3,
2228,200,0.10774370219636975,35.07499999999996,0.11903489192847977,2.0,1.0,40.0,19.681818181818183,0.21341463414634143,4.255485893416928,6.6000000000000165,3.04153605015674,2.7999999999999896,2.34534948396117,1,
2229,200,0.10763601234807169,36.69999999999996,0.11903390211859549,2.0,0.0,45.0,18.81305637982196,0.21031746031746024,3.635014836795252,8.300000000000017,2.7295252225519273,2.4999999999999982,3.351494689340168,1,
2230,200,0.10752843013579495,27.899999999999963,0.1190283965400209,2.0,0.0,43.0,18.434285714285714,0.35,2.1752380952380954,7.5000000000000036,3.3424761904761957,3.399999999999998,3.669580515484883,2,
2231,200,0.10742095545195732,33.64999999999996,0.11902889307654577,2.0,0.0,38.0,19.23481116584565,0.2589285714285714,3.5714285714285716,4.499999999999988,2.432183908045971,2.499999999999998,1.021561367558234,1,
2232,200,0.10731358818908403,24.94999999999996,0.11902361893289223,2.0,0.0,44.0,20.594104308390023,0.46590909090909094,2.727891156462585,7.500000000000021,3.941043083900232,4.100000000000007,3.6435269436446105,2,
2233,200,0.10720632823980793,28.599999999999973,0.1190216848156701,2.0,0.0,42.0,17.813356164383563,0.25,5.511986301369863,6.600000000000034,3.139383561643841,3.1999999999999984,3.0967456861796783,2,
2234,200,0.107099175496869,33.94999999999996,0.11902490396621887,2.0,0.0,39.0,18.661927330173775,0.22457627118644075,4.895734597156398,5.3999999999999995,2.3826224328593946,2.499999999999988,1.4328769516431696,1,
2235,200,0.10699212985311449,40.09999999999994,0.11902323270748541,2.0,0.0,41.0,19.079345088161208,0.059523809523809534,6.027707808564232,6.400000000000018,2.270906801007556,1.899999999999991,2.4779106648584084,1,
2236,200,0.1068851912014987,18.749999999999982,0.11902467749723858,7.0,0.0,46.0,15.572815533980583,0.575,0.0,9.200000000000017,2.7993527508090628,1.4999999999999991,5.786403225806471,3,
2237,200,0.10677835943508306,27.874999999999964,0.11902209655655646,2.0,0.0,44.0,19.167676767676767,0.39948453608247425,2.787878787878788,7.900000000000025,3.5008080808080875,3.799999999999997,4.343532225414695,2,
2238,200,0.10667163444703576,23.67499999999996,0.11901846939485995,2.0,0.0,45.0,20.36046511627907,0.5090361445783133,1.0906976744186045,9.50000000000002,3.603720930232561,3.299999999999999,6.252903693367765,2,
2239,200,0.1065650161306318,29.724999999999977,0.11902270587515591,1.0,0.0,40.0,16.505357142857143,0.3088235294117647,2.9285714285714284,5.399999999999993,1.956071428571425,1.899999999999997,1.2343599309946733,2,
2240,200,0.1064585043792528,26.34999999999997,0.11902537310963743,2.0,0.0,46.0,19.337474120082817,0.4149484536082474,4.287784679089027,9.600000000000042,3.671014492753629,2.7999999999999905,6.645275282054863,2,
2241,200,0.1063520990863871,25.62499999999997,0.1190280989522908,2.0,0.0,37.0,15.960662525879917,0.3735294117647059,1.2380952380952381,3.5999999999999877,1.6871635610765998,1.6999999999999917,0.6780575940468374,2,
2242,200,0.10624580014562934,28.174999999999958,0.11902555826052802,2.0,0.0,46.0,18.896421845574388,0.37745098039215685,3.3088512241054615,8.50000000000003,3.2668549905838042,2.3999999999999977,5.310746985388034,2,
2243,200,0.1061396074506806,32.92499999999995,0.11902682104909648,2.0,0.0,44.0,20.147104851330205,0.24593495934959342,7.330203442879499,7.20000000000003,3.3297339593114272,3.1999999999999966,3.182660462382465,1,
2244,200,0.1060335208953481,36.14999999999996,0.11903063640657298,2.0,0.0,42.0,19.315868263473053,0.19488188976377963,4.769461077844311,6.60000000000001,3.0113772455089816,3.3999999999999995,2.281043334834828,1,
2245,200,0.10592754037354536,26.099999999999973,0.11903140023746844,2.0,0.0,42.0,18.263803680981596,0.41666666666666663,3.8997955010224947,6.200000000000018,2.8658486707566455,2.899999999999995,2.3285162261626042,2,
2246,200,0.10582166577929185,28.49999999999998,0.11902870659312223,2.0,0.0,40.0,16.19723865877712,0.3790322580645161,1.3254437869822486,4.799999999999994,1.7220907297830343,1.4,1.1796743798823506,2,
2247,200,0.10571589700671291,30.24999999999995,0.11903219171471068,2.0,0.0,45.0,18.57457627118644,0.2898230088495575,5.845762711864407,8.200000000000012,3.144576271186443,2.699999999999992,4.982891677367682,2,
2248,200,0.10561023395003975,24.599999999999966,0.1190325808229787,3.0,1.0,44.0,18.131147540983605,0.4111111111111111,3.2438524590163933,7.3000000000000105,2.968852459016397,2.8999999999999955,3.405027735436282,2,
2249,200,0.1055046765036094,33.799999999999955,0.11903157249516075,2.0,0.0,46.0,21.047154471544715,0.2782258064516129,5.143089430894309,9.000000000000034,3.6040650406504082,3.3999999999999995,3.9202377427133444,1,
2250,200,0.10539922456186433,32.924999999999955,0.11903437225048996,2.0,0.0,42.0,20.4260162601626,0.25413223140495866,7.1674796747967475,6.900000000000019,3.2313821138211387,2.7999999999999985,2.589054528533376,1,
2251,200,0.10529387801935262,27.574999999999974,0.11903440038862992,2.0,0.0,40.0,16.348399246704332,0.3532608695652174,0.9868173258003766,6.399999999999999,1.8453860640301298,1.4999999999999982,2.0917516669031087,2,
2252,200,0.10518863677072765,28.549999999999955,0.11903332505487346,2.0,0.0,43.0,18.467905405405407,0.2870370370370371,4.97972972972973,6.700000000000019,3.0782094594594636,2.79999999999999,3.2300242536302295,2,
2253,200,0.10508350071074826,24.54999999999998,0.1190306908033639,4.0,1.0,50.0,16.239224137931036,0.3388888888888889,4.650862068965517,10.900000000000032,3.599568965517245,1.9999999999999987,11.249448617013927,3,
2254,200,0.10497846973427834,22.799999999999983,0.11903272726354228,2.0,0.0,45.0,16.29753914988814,0.41463414634146345,3.2885906040268456,8.10000000000004,2.8190156599552627,2.0999999999999996,4.9092602898783335,3,
2255,200,0.1048735437362869,28.54999999999995,0.11903159574962704,2.0,0.0,45.0,19.71404399323181,0.3247663551401869,3.781725888324873,8.600000000000025,3.001184433164128,2.4999999999999956,3.277351465872683,2,
2256,200,0.10476872261184789,17.92499999999998,0.11903360994271285,6.0,0.0,46.0,16.559006211180126,0.5564516129032258,0.5372670807453416,8.400000000000036,3.528571428571435,2.6999999999999984,7.697580895614566,3,
2257,200,0.10466400625614027,28.224999999999962,0.11903107874470846,2.0,0.0,42.0,19.07734806629834,0.337378640776699,4.0220994475138125,6.500000000000009,3.523941068139969,3.699999999999999,3.3582595778163946,2,
2258,200,0.10455939456444763,31.199999999999967,0.11902899592108712,2.0,0.0,42.0,17.018987341772153,0.21491228070175428,3.9936708860759493,6.400000000000019,2.4120253164556966,2.0999999999999996,2.444861512732127,2,
2259,200,0.10445488743215826,30.449999999999967,0.11902986163384138,1.0,0.0,42.0,16.13816925734024,0.264018691588785,3.231433506044905,6.500000000000008,2.1286701208981,1.8999999999999941,2.2540034005488625,2,
2260,200,0.104350484754765,32.29999999999997,0.11903305441331555,2.0,0.0,46.0,17.64041095890411,0.2946428571428571,4.087328767123288,8.700000000000015,2.641095890410956,2.299999999999999,3.708801454310897,2,
2261,200,0.10424618642786522,20.124999999999975,0.11903566626569881,3.0,0.0,47.0,18.824022346368714,0.5760869565217391,0.22625698324022347,9.800000000000043,4.097206703910624,2.999999999999999,9.382411772508526,3,
2262,200,0.10414199234716055,32.599999999999966,0.11903500022679715,2.0,0.0,40.0,20.035772357723577,0.2676991150442478,4.517073170731707,5.100000000000006,2.9972357723577234,3.2999999999999954,1.400630208553662,1,
2263,200,0.10403790240845692,25.049999999999983,0.11903305184231508,1.0,0.0,37.0,15.764826175869121,0.36309523809523814,1.0593047034764826,3.5999999999999983,1.6241308793455984,1.5999999999999939,0.619870190699227,2,
2264,200,0.10393391650766431,25.97499999999998,0.11903387509687294,6.0,0.0,49.0,14.993939393939394,0.2978723404255319,3.2767676767676766,10.20000000000004,2.727474747474753,1.1999999999999984,6.896323788690142,3,
2265,200,0.10383003454079692,32.324999999999974,0.11903584603651071,2.0,0.0,42.0,18.040268456375838,0.2763157894736842,3.8959731543624163,7.300000000000015,2.7620805369127526,2.199999999999999,3.920016102923602,2,
2266,200,0.10372625640397273,32.57499999999997,0.11903753454333688,2.0,0.0,42.0,17.14751552795031,0.19017094017094016,4.043478260869565,7.00000000000001,2.51055900621118,2.099999999999997,3.318561105284114,2,
2267,200,0.10362258199341358,34.22499999999995,0.11903594999976423,2.0,0.0,41.0,20.73008130081301,0.25413223140495866,3.665040650406504,7.700000000000021,3.4138211382113828,3.200000000000005,2.8924182495029584,1,
2268,200,0.10351901120544502,32.099999999999966,0.11904022642221501,2.0,0.0,38.0,18.71451355661882,0.2410714285714286,4.748006379585327,5.600000000000004,2.351355661881976,2.39999999999999,1.4624061883152644,1,
2269,200,0.10341554393649634,24.274999999999984,0.11903788901531445,4.0,1.0,46.0,15.220524017467248,0.3558823529411764,2.4170305676855897,8.70000000000002,2.849563318777295,1.8999999999999966,5.217590185113709,3,
2270,200,0.1033121800831002,27.199999999999974,0.1190424109059477,2.0,0.0,48.0,19.147474747474746,0.42525773195876293,1.9898989898989898,10.200000000000031,3.4886868686868713,2.0999999999999988,8.595543456967542,2,
2271,200,0.10320891954189276,31.92499999999996,0.11904382041557486,2.0,0.0,48.0,18.955696202531644,0.27083333333333337,5.496835443037975,9.800000000000045,2.9759493670886097,1.8999999999999941,6.489501105344521,2,
2272,200,0.10310576220961341,35.57499999999996,0.11904775048412335,2.0,0.0,44.0,19.482926829268294,0.26639344262295084,2.9658536585365853,7.200000000000005,2.6655284552845493,2.599999999999998,1.9757925462159966,1,
2273,200,0.10300270798310492,24.974999999999984,0.11905464115321765,2.0,1.0,42.0,17.30122950819672,0.3904494382022472,3.0655737704918034,6.100000000000004,2.5299180327868815,2.59999999999999,2.030260977647885,2,
2274,200,0.102899756759313,34.52499999999995,0.11905680293339327,2.0,0.0,41.0,20.752845528455286,0.25,4.905691056910569,7.400000000000015,3.42747967479675,3.299999999999998,4.229028406446998,1,
2275,200,0.1027969084352864,27.424999999999972,0.1190569919608656,3.0,0.0,50.0,16.215867158671585,0.28398058252427183,5.6642066420664205,11.100000000000037,3.0245387453874564,1.6999999999999955,8.22169521008438,3,
2276,200,0.10269416290817676,35.39999999999996,0.1190616606967102,2.0,0.0,40.0,18.38975155279503,0.2128099173553719,3.989130434782609,5.299999999999992,2.3167701863354,2.1999999999999935,1.517517450902379,1,
2277,200,0.10259152007523863,25.699999999999964,0.1190652490808689,2.0,0.0,41.0,18.176348547717843,0.38888888888888884,2.5809128630705396,6.200000000000002,3.0064315352697113,2.949999999999994,2.8623983419635697,2,
2278,200,0.10248897983382912,32.69999999999996,0.11906217805060962,2.0,0.0,43.0,17.300632911392405,0.20338983050847448,4.819620253164557,7.200000000000023,2.672151898734178,2.099999999999994,3.524423180437802,2,
2279,200,0.102386542081408,21.02499999999998,0.11906228452789427,5.0,0.0,47.0,17.045801526717558,0.5033333333333333,1.2391857506361323,9.700000000000038,3.4956743002544592,1.8999999999999981,8.625711436859074,3,
2280,200,0.10228420671553744,25.324999999999953,0.11906519312201254,3.0,1.0,43.0,19.968325791855204,0.4683908045977011,0.8936651583710408,7.300000000000034,3.573755656108603,3.950000000000002,4.236074998848327,2,
2281,200,0.10218197363388216,21.299999999999983,0.11906357851965702,4.0,1.0,46.0,17.14213197969543,0.5337837837837838,1.3604060913705585,8.40000000000002,2.707106598984771,2.0999999999999943,4.524699455664011,3,
2282,200,0.10207984273420903,35.89999999999996,0.1190615175066854,2.0,0.0,42.0,19.905750798722046,0.24596774193548376,3.3722044728434506,6.400000000000012,3.05479233226837,2.899999999999997,2.034015770334936,1,
2283,200,0.10197781391438715,34.07499999999997,0.11905806281398126,2.0,0.0,44.0,18.974085365853657,0.22222222222222232,5.152439024390244,7.3000000000000025,2.7490853658536527,2.649999999999995,1.8955218608758286,1,
2284,200,0.10187588707238764,36.274999999999956,0.11905874534815652,2.0,0.0,41.0,18.494550408719345,0.11466165413533824,5.247956403269755,6.000000000000021,2.4491825613079,2.1999999999999984,1.8384427986747363,1,
2285,200,0.10177406210628372,35.27499999999995,0.11905717027602677,3.0,0.0,44.0,17.889664804469273,0.1328125,3.9902234636871508,8.000000000000032,2.405586592178772,1.6999999999999997,3.703746964332772,2,
2286,200,0.1016723389142504,35.72499999999995,0.11905561513037288,2.0,0.0,41.0,20.575757575757574,0.22999999999999998,4.586921850079745,6.4000000000000155,3.4681020733652317,3.5999999999999983,2.542880537636607,1,
2287,200,0.10157071739456447,25.599999999999962,0.11905441322317152,2.0,1.0,44.0,17.98159509202454,0.40384615384615385,2.0593047034764824,7.500000000000041,2.9222903885480616,2.699999999999989,3.849928236868558,2,
2288,200,0.10146919744560434,25.34999999999996,0.11904956859950358,2.0,0.0,43.0,20.95990566037736,0.4941860465116279,2.297169811320755,7.100000000000013,3.856367924528308,4.60000000000001,4.070783979974996,2,
2289,200,0.10136777896585017,25.09999999999997,0.11904962676548744,5.0,0.0,49.0,18.440711462450594,0.375,2.841897233201581,12.100000000000039,3.8005928853754987,1.7999999999999983,13.285446794383674,3,
2290,200,0.1012664618538834,28.24999999999997,0.1190443716864747,2.0,0.0,39.0,17.120857699805068,0.3682795698924731,1.3840155945419104,5.199999999999994,2.267446393762181,2.2999999999999994,1.7621633329280135,2,
2291,200,0.10116524600838693,35.174999999999955,0.11904687694527778,2.0,1.0,39.0,19.110271903323262,0.18801652892561993,4.2009063444108765,5.500000000000002,2.8623867069486395,3.2000000000000144,1.8107797044105685,1,
2292,200,0.10106413132814486,33.57499999999997,0.11904448805382067,2.0,0.0,39.0,18.673846153846153,0.21153846153846145,4.54,5.1,2.5312307692307683,2.5000000000000044,1.4245818569984834,1,
2293,200,0.10096311771204257,34.674999999999955,0.11904435705075866,2.0,0.0,42.0,20.551342812006318,0.22999999999999998,4.200631911532385,7.000000000000002,3.5162717219589257,3.599999999999998,2.7298684263067674,1,
2294,200,0.10086220505906641,33.37499999999995,0.11904786604424633,4.0,0.0,40.0,20.876847290640395,0.2584745762711864,4.908045977011494,6.300000000000018,3.417405582922827,3.3999999999999937,1.8188152502157198,1,
2295,200,0.10076139326830373,29.574999999999967,0.11905284725983455,2.0,0.0,41.0,17.551236749116608,0.2688679245283019,4.381625441696113,5.900000000000004,2.994876325088342,3.399999999999996,2.9172090025128523,2,
2296,200,0.10066068223894266,31.999999999999964,0.11905690677293554,2.0,0.0,40.0,19.788519637462237,0.19214876033057848,5.888217522658611,7.800000000000015,3.2693353474320275,3.399999999999993,2.9976012623133927,1,
2297,200,0.10056007187027226,26.449999999999967,0.11906456485076972,2.0,0.0,41.0,18.060041407867494,0.40384615384615385,1.7577639751552796,5.400000000000002,2.8610766045548663,3.0999999999999988,2.134104883234463,2,
2298,200,0.1004595620616821,35.69999999999996,0.11906540259064419,2.0,0.0,42.0,19.94312796208531,0.22983870967741926,4.647709320695102,6.900000000000002,3.1513428120063165,3.3999999999999915,2.0675270534680354,1,
2299,200,0.1003591527126624,36.07499999999997,0.11906925324264331,2.0,1.0,42.0,17.63962765957447,0.10384615384615392,4.882978723404255,6.100000000000003,1.8188829787234013,1.499999999999993,1.4726247606113518,3,
2300,200,0.1002588437228037,36.04999999999996,0.11906768386686117,2.0,1.0,40.0,19.134441087613293,0.18700787401574792,4.089123867069486,5.900000000000007,2.8768882175226573,2.7999999999999936,1.875829642458641,1,
2301,200,0.10015863499179714,26.724999999999977,0.11907106742925286,2.0,0.0,44.0,17.010245901639344,0.4130434782608695,2.4754098360655736,7.700000000000015,2.244672131147539,1.6999999999999935,2.970475890536367,2,
2302,200,0.10005852641943393,39.92499999999994,0.11907056269233665,2.0,0.0,41.0,19.69625,0.040000000000000036,7.38625,6.300000000000018,2.567749999999999,2.199999999999994,2.037413120958016,0,
2303,200,0.09995851790560545,36.24999999999996,0.11906730381665549,2.0,0.0,43.0,18.14354066985646,0.25416666666666665,1.6076555023923444,6.800000000000003,2.008771929824557,1.699999999999998,1.7318094361124092,1,
2304,200,0.09985860935030318,35.724999999999966,0.1190698876665494,2.0,0.0,44.0,19.125,0.18511450381679384,7.279411764705882,7.900000000000025,2.9308823529411754,2.6999999999999913,3.493347952742127,1,
2305,200,0.09975880065361863,35.37499999999996,0.11907354095259173,3.0,0.0,42.0,20.48,0.20038167938931295,7.183076923076923,6.90000000000003,3.6149230769230813,3.7999999999999954,3.3333390374888734,1,
2306,200,0.09965909171574303,34.89999999999998,0.11907532285400473,2.0,0.0,39.0,17.53443113772455,0.18388429752066116,4.732035928143713,5.099999999999996,1.9425149700598756,1.6999999999999968,1.1127758094047107,1,
2307,200,0.09955948243696745,34.574999999999946,0.11908239399103168,2.0,0.0,41.0,20.339901477832512,0.25826446280991733,3.9195402298850577,6.399999999999999,3.0952380952380953,3.2999999999999923,2.50614171699742,1,
2308,200,0.09945997271768262,34.42499999999997,0.11908013302429485,2.0,0.0,40.0,18.0,0.13492063492063489,4.861731843575419,5.399999999999999,2.2304469273742997,1.9999999999999973,1.405416508178015,1,
2309,200,0.09936056245837875,37.79999999999996,0.11907830645161671,2.0,0.0,42.0,19.45846153846154,0.20348837209302317,4.2153846153846155,7.400000000000016,3.0019999999999993,2.9999999999999964,2.90247979285159,1,
2310,200,0.09926125155964566,32.749999999999964,0.11907440663745465,2.0,0.0,40.0,17.57188498402556,0.2195652173913043,4.6485623003194885,5.60000000000002,2.6896166134185324,2.5999999999999983,2.5571670813397285,2,
2311,200,0.09916203992217239,37.29999999999996,0.11907733957455541,2.0,0.0,40.0,18.697707736389685,0.14694656488549618,4.554441260744985,6.600000000000013,2.684670487106016,2.8999999999999884,2.1502135454830995,1,
2312,200,0.09906292744674731,33.92499999999995,0.11908127190735118,2.0,0.0,43.0,19.81692307692308,0.2224409448818898,5.1753846153846155,6.900000000000033,3.2170769230769287,3.299999999999998,2.652283887062473,1,
2313,200,0.0989639140342579,34.39999999999995,0.119086382645409,2.0,0.0,47.0,21.06341463414634,0.2871900826446281,3.894308943089431,9.000000000000034,3.613821138211388,3.7999999999999967,2.9838656457549178,1,
2314,200,0.09886499958569081,24.899999999999963,0.11908633012092597,2.0,0.0,47.0,20.423076923076923,0.4913793103448276,2.334841628959276,9.60000000000003,3.8466063348416326,3.299999999999997,6.479580473272869,2,
2315,200,0.09876618400213154,24.17499999999997,0.11909173095193175,2.0,0.0,44.0,19.35091743119266,0.5,0.5802752293577982,8.100000000000023,3.0938073394495422,2.399999999999988,4.003721244640873,2,
2316,200,0.0986674671847645,34.374999999999964,0.11908574390863512,2.0,0.0,38.0,18.944178628389153,0.23245614035087714,4.223285486443381,4.599999999999993,2.489154704944173,2.699999999999989,0.7791188111759992,1,
2317,200,0.09856884903487283,35.499999999999964,0.11908048127286339,3.0,0.0,42.0,19.667701863354036,0.2109375,5.712732919254658,6.00000000000001,3.0835403726708077,3.3999999999999995,2.2082126659192056,1,
2318,200,0.09847032945383845,28.224999999999966,0.11907458246775458,2.0,0.0,42.0,17.881422924901187,0.3788659793814433,1.3873517786561265,6.299999999999996,2.8033596837944637,2.8999999999999977,1.6756671939383252,2,
2319,200,0.09837190834314173,34.57499999999996,0.11907899987947429,2.0,0.0,41.0,20.175697865353037,0.26249999999999996,3.3530377668308704,6.000000000000004,2.9967159277504116,2.999999999999991,2.839340056082836,1,
2320,200,0.09827358560436154,30.37499999999995,0.11907423038085996,3.0,0.0,42.0,21.101806239737275,0.28539823008849563,4.717569786535304,6.500000000000021,3.5523809523809575,3.799999999999996,2.6579694779982974,1,
2321,200,0.09817536113917512,39.12499999999996,0.1190795933620428,2.0,1.0,42.0,19.552395209580837,0.17962962962962958,5.49251497005988,6.400000000000016,3.153293413173653,3.5000000000000018,2.5256984064021895,1,
2322,200,0.09807723484935806,33.29999999999995,0.11907240833966348,2.0,0.0,42.0,20.70731707317073,0.27542372881355937,4.661788617886179,7.600000000000007,3.4001626016260174,3.099999999999997,3.6865625660984267,1,
2323,200,0.09797920663678401,33.82499999999995,0.11906761227977194,2.0,0.0,41.0,19.774091627172197,0.2333333333333334,4.551342812006319,6.300000000000016,3.049921011058451,2.8999999999999977,2.120356786327528,1,
2324,200,0.09788127640342477,25.199999999999967,0.11907086004909845,2.0,0.0,43.0,19.62264150943396,0.4970588235294118,0.9976415094339622,6.999999999999999,3.0540094339622614,3.1999999999999984,2.6825460158531476,2,
2325,200,0.09778344405135005,33.34999999999997,0.11906859615910131,1.0,0.0,37.0,17.657004830917874,0.24082568807339455,2.7326892109500807,3.4999999999999947,1.6470209339774502,1.4999999999999916,0.5974363136604103,1,
2326,200,0.09768570948272756,24.49999999999997,0.11907228843727752,2.0,0.0,41.0,18.758196721311474,0.3792134831460674,2.8278688524590163,6.700000000000004,3.411475409836073,3.400000000000027,3.2160293605102983,2,
2327,200,0.0975880725998227,24.074999999999964,0.11907062788923847,2.0,0.0,41.0,20.529816513761467,0.47289156626506024,1.4059633027522935,6.400000000000006,3.817660550458725,4.400000000000026,3.037341697572287,2,
2328,200,0.09749053330499859,20.97499999999998,0.11907137746799651,4.0,1.0,47.0,16.954666666666668,0.5069444444444444,1.6453333333333333,9.400000000000027,3.5602666666666725,2.099999999999999,8.2131730003414,3,
2329,200,0.09739309150071584,32.899999999999956,0.11907229744519451,2.0,0.0,40.0,20.57799671592775,0.27192982456140347,4.068965517241379,6.6,3.238095238095238,3.3999999999999964,2.332413826574641,1,
2330,200,0.09729574708953276,25.52499999999997,0.11906904957858372,2.0,0.0,42.0,20.24056603773585,0.4969879518072289,0.7712264150943396,6.200000000000008,3.4247641509433984,3.8000000000000007,2.0776765957446925,2,
2331,200,0.09719849997410487,28.599999999999973,0.11907163028631287,2.0,0.0,40.0,18.021897810218977,0.29000000000000004,3.795620437956204,6.00000000000002,3.2580291970802997,3.7999999999999976,3.751499119222945,2,
2332,200,0.09710135005718508,30.824999999999957,0.1190687758258934,2.0,0.0,43.0,19.991364421416236,0.3169642857142857,4.3264248704663215,6.8,3.494473229706396,3.299999999999994,3.659704032931658,2,
2333,200,0.09700429724162336,31.624999999999957,0.11906954470379791,2.0,0.0,44.0,21.17241379310345,0.2927350427350427,4.6732348111658455,7.300000000000031,3.5947454844006597,3.5999999999999974,2.059813740293369,1,
2334,200,0.09690734143036704,14.499999999999986,0.11907194981134525,4.0,0.0,34.0,12.6375,0.45999999999999996,0.159375,3.39999999999999,1.3062499999999968,1.1999999999999962,0.5705915096827077,3,
2335,200,0.09681048252646021,33.39999999999995,0.11907875151553193,2.0,0.0,41.0,19.787833827893174,0.17913385826771644,6.998516320474778,5.500000000000001,3.314391691394665,3.6999999999999975,1.6171406526883594,1,
2336,200,0.09671372043304398,37.99999999999996,0.11907917082171104,2.0,0.0,41.0,18.75257731958763,0.07971014492753614,4.969072164948454,6.500000000000004,2.2737113402061837,1.9999999999999873,2.35714787229627,2,
2337,200,0.09661705505335619,28.19999999999998,0.11908469954167836,2.0,0.0,45.0,15.636363636363637,0.37765957446808507,1.3438735177865613,7.800000000000004,1.6555335968379432,1.1999999999999955,2.280422949987306,2,
2338,200,0.09652048629073155,38.22499999999996,0.11908825901643291,2.0,0.0,43.0,18.78191489361702,0.10460992907801425,7.461436170212766,7.8000000000000105,2.5042553191489354,1.8999999999999941,3.5951478241494894,1,
2339,200,0.09642401404860125,35.02499999999995,0.11908918820200512,2.0,0.0,43.0,21.44878048780488,0.25813008130081305,6.260162601626016,6.900000000000019,3.8450406504065096,4.099999999999998,2.6166937053175015,1,
2340,200,0.09632763823049303,26.049999999999958,0.11909433562180065,2.0,0.0,42.0,19.11410788381743,0.3897849462365591,4.0,7.700000000000023,3.569087136929466,3.1999999999999957,4.797923967924007,2,
2341,200,0.09623135874003103,34.37499999999995,0.11909992598709748,2.0,0.0,45.0,21.67487684729064,0.27380952380952384,6.730706075533662,8.000000000000012,3.896223316912975,3.9999999999999942,2.758104831751523,1,
2342,200,0.09613517548093582,35.89999999999997,0.11910181489987767,2.0,0.0,40.0,17.813411078717202,0.16999999999999993,5.346938775510204,4.999999999999995,2.152623906705534,1.8999999999999975,1.2364607571266155,1,
2343,200,0.09603908835702411,29.974999999999973,0.11910349810867757,2.0,0.0,39.0,17.024734982332156,0.29854368932038833,3.579505300353357,5.099999999999996,2.221024734982328,1.999999999999996,1.4276012860732592,2,
2344,200,0.09594309727220877,37.049999999999976,0.11910331973152619,2.0,1.0,41.0,17.309417040358746,0.19672131147540983,4.313901345291479,5.49999999999999,1.8113602391629244,1.7999999999999976,0.8457024309589722,1,
2345,200,0.09584720213049865,38.89999999999995,0.11910613992701716,2.0,0.0,40.0,19.12125,0.03321678321678312,7.9,6.199999999999997,2.2227499999999982,1.9000000000000006,1.6999350936485875,0,
2346,200,0.09575140283599869,37.67499999999996,0.11911135323529576,2.0,0.0,37.0,18.92125,0.01760563380281699,9.15625,4.899999999999994,2.102749999999995,1.9999999999999993,0.9363439005373441,0,
2347,200,0.09565569929290954,29.249999999999954,0.11911966917545055,2.0,0.0,47.0,20.74688057040998,0.3564814814814815,4.140819964349376,9.50000000000004,4.001782531194299,3.099999999999988,6.599019572953793,2,
2348,200,0.09556009140552765,33.34999999999995,0.11912180589953966,2.0,0.0,40.0,19.84018987341772,0.22916666666666674,5.822784810126582,6.300000000000011,3.079430379746834,3.199999999999996,1.8778094401173755,1,
2349,200,0.0954645790782451,25.524999999999984,0.11912314901008855,5.0,1.0,41.0,14.36259541984733,0.20604395604395598,3.9751908396946565,5.900000000000023,2.2095419847328266,1.5999999999999994,2.414001711736334,3,
2350,200,0.09536916221554961,36.349999999999945,0.11912279474163787,2.0,0.0,42.0,21.4170692431562,0.24596774193548376,5.6843800322061195,6.700000000000026,3.9030595813204547,4.000000000000006,2.445906804273431,1,
2351,200,0.09527384072202429,24.574999999999964,0.11912826398537646,2.0,1.0,42.0,20.2,0.47352941176470587,0.903448275862069,6.200000000000025,3.602988505747134,4.200000000000009,2.8733165983173627,2,
2352,200,0.09517861450234763,38.37499999999996,0.11913064357854308,2.0,0.0,37.0,19.11375,0.01760563380281699,7.3025,5.000000000000008,2.2182499999999967,2.099999999999993,1.197918809248142,0,
2353,200,0.09508348346129337,35.24999999999997,0.11913299594957223,2.0,1.0,42.0,17.21282798833819,0.15157480314960625,5.854227405247814,6.900000000000001,2.2645772594752165,1.6999999999999964,2.9462004696182595,2,
2354,200,0.09498844750373053,26.99999999999997,0.1191358331638224,4.0,1.0,44.0,16.124125874125873,0.2450980392156863,4.846153846153846,8.200000000000024,2.5664335664335676,1.9999999999999991,3.7611575173526948,3,
2355,200,0.09489350653462311,35.99999999999996,0.11914471434255705,2.0,0.0,40.0,18.031437125748504,0.189516129032258,4.179640718562874,6.30000000000002,2.24071856287425,1.6999999999999913,2.613287974846673,1,
2356,200,0.09479866045903014,36.024999999999935,0.11915484070422984,2.0,0.0,38.0,19.51572327044025,0.036713286713286664,6.9849056603773585,5.999999999999996,2.5208805031446517,2.4999999999999964,1.6760698011467932,1,
2357,200,0.09470390918210547,27.624999999999964,0.11916053283655179,2.0,0.0,46.0,19.668934240362812,0.46739130434782605,0.3197278911564626,8.500000000000021,3.385941043083901,3.4999999999999947,4.622320444261638,2,
2358,200,0.09460925260909793,35.07499999999996,0.119161019908059,2.0,0.0,40.0,19.097922848664687,0.17460317460317465,6.985163204747774,5.600000000000013,2.9004451038575696,2.799999999999996,2.127497066754735,1,
2359,200,0.09451469064535088,28.099999999999966,0.11916385474359675,3.0,0.0,49.0,16.764406779661016,0.23181818181818192,6.689830508474576,10.900000000000032,2.9920338983050883,1.5999999999999992,8.64340204941704,3,
2360,200,0.09442022319630235,28.049999999999976,0.1191718132371075,2.0,0.0,43.0,17.12475633528265,0.3710526315789474,3.115009746588694,7.20000000000001,2.497855750487326,2.099999999999996,2.955659654669269,2,
2361,200,0.09432585016748485,34.94999999999996,0.11917569955230277,2.0,0.0,42.0,19.531722054380666,0.2027559055118111,5.968277945619335,6.700000000000015,3.1152567975830823,2.999999999999993,3.0343814048370565,1,
2362,200,0.0942315714645254,37.549999999999955,0.1191808422949829,2.0,0.0,42.0,20.39349593495935,0.246,1.9008130081300814,6.500000000000002,3.211869918699187,3.2999999999999923,3.006094695207079,1,
2363,200,0.09413738699314529,34.64999999999996,0.11918457586776963,2.0,0.0,37.0,17.973846153846154,0.19827586206896552,5.295384615384616,4.899999999999995,2.111230769230764,2.0999999999999974,0.9782915699208721,1,
2364,200,0.09404329665916,33.94999999999996,0.11918742650936333,2.0,1.0,38.0,19.1265243902439,0.18801652892561993,5.727134146341464,6.0,2.840548780487807,2.799999999999996,2.0598239975832975,1,
2365,200,0.09394930036847918,26.849999999999966,0.11918837825457228,2.0,0.0,42.0,19.21276595744681,0.40760869565217395,2.2425531914893617,6.599999999999997,3.504468085106386,3.4999999999999964,3.5169108506602704,2,
2366,200,0.09385539802710659,32.674999999999955,0.11919425093997406,2.0,0.0,43.0,18.31040268456376,0.28539823008849563,2.652684563758389,7.200000000000014,2.8093959731543614,2.3999999999999977,3.581096293793911,2,
2367,200,0.09376158954113986,24.82499999999996,0.11919507123886906,4.0,0.0,48.0,20.203125,0.4915730337078652,2.1964285714285716,10.800000000000033,3.7649553571428593,2.899999999999992,8.669328460461541,2,
2368,200,0.09366787481677047,26.22499999999996,0.11919676598296909,2.0,0.0,43.0,19.08609271523179,0.452247191011236,1.1523178807947019,7.100000000000016,3.1876379690949226,2.9999999999999947,3.4266629955947296,2,
2369,200,0.09357425376028367,32.224999999999966,0.11920083965576694,2.0,0.0,45.0,17.806451612903224,0.24572649572649574,5.519354838709678,7.900000000000022,2.8854838709677426,2.2999999999999976,4.260800366286096,2,
2370,200,0.09348072627805847,23.724999999999962,0.11920146449375019,2.0,1.0,46.0,21.351162790697675,0.5059523809523809,3.1325581395348836,10.600000000000026,4.20651162790698,3.0999999999999908,9.401636352819718,2,
2371,200,0.09338729227656732,23.674999999999983,0.11920289399574638,8.0,0.0,50.0,15.646039603960396,0.44375,1.683168316831683,11.000000000000025,3.1405940594059434,1.6999999999999988,9.050041233955252,3,
2372,200,0.09329395166237625,37.89999999999993,0.11920956988407934,2.0,0.0,43.0,19.385,0.06379310344827593,9.41625,6.600000000000019,2.3809999999999976,2.199999999999993,2.0528922076440788,1,
2373,200,0.09320070434214457,35.22499999999995,0.11921378788707145,2.0,0.0,43.0,21.277504105090312,0.2704918032786885,5.187192118226601,7.400000000000022,3.657799671592779,3.7999999999999923,2.7684236410699112,1,
2374,200,0.09310755022262504,36.674999999999955,0.11921743243360337,2.0,0.0,40.0,19.54022988505747,0.2542016806722689,3.064039408866995,5.5,2.615435139573068,2.3999999999999946,1.9271232743744628,1,
2375,200,0.09301448921066349,37.299999999999955,0.11922391476136758,2.0,1.0,45.0,21.09717868338558,0.22744360902255645,6.164576802507837,8.000000000000032,3.890752351097183,3.899999999999998,3.837400397501027,1,
2376,200,0.0929215212131989,23.549999999999972,0.11922567685015407,2.0,1.0,47.0,16.924568965517242,0.4109195402298851,1.9612068965517242,10.30000000000002,3.126293103448278,1.1999999999999997,10.7529793074619,3,
2377,200,0.09282864613726323,36.99999999999995,0.11923296883019402,2.0,0.0,42.0,18.86081081081081,0.1166666666666667,7.216216216216216,7.100000000000011,2.6340540540540562,1.9999999999999987,2.9774133261748377,1,
2378,200,0.09273586388998147,34.89999999999998,0.11923793558739,2.0,0.0,39.0,18.47004608294931,0.2004132231404958,5.714285714285714,5.100000000000003,2.415821812596004,2.0999999999999943,1.5420113732892948,1,
2379,200,0.09264317437857132,34.54999999999997,0.11923907151197871,2.0,0.0,43.0,17.74550898203593,0.19758064516129026,5.471556886227545,7.599999999999999,2.4571856287425113,2.0999999999999988,2.401136382481406,2,
2380,200,0.09255057751034329,36.02499999999995,0.11924979335887817,2.0,1.0,44.0,20.735632183908045,0.27439024390243905,5.702791461412151,8.300000000000018,3.3326765188834138,2.7999999999999967,3.779517148403813,1,
2381,200,0.09245807319270043,33.24999999999996,0.11925711587831778,2.0,0.0,41.0,20.428571428571427,0.26709401709401714,5.55008210180624,7.000000000000001,3.1484400656814446,2.9999999999999973,2.629926660914589,1,
2382,200,0.0923656613331385,32.94999999999996,0.11925815381708293,2.0,0.0,40.0,19.51658767772512,0.23706896551724133,4.917851500789889,6.900000000000006,2.895418641390202,2.999999999999992,2.147551511400397,1,
2383,200,0.09227334183924561,35.72499999999995,0.11926393662580988,2.0,0.0,41.0,20.23667711598746,0.22580645161290325,4.506269592476489,6.500000000000011,3.3744514106583092,3.2999999999999945,3.0664237684962203,1,
2384,200,0.09218111461870225,36.774999999999956,0.1192671130484857,2.0,1.0,39.0,18.43918918918919,0.09926470588235303,7.493243243243243,5.300000000000001,2.381081081081081,2.1999999999999966,1.4723204388612892,1,
2385,200,0.09208897957928115,36.524999999999956,0.11927308820233598,2.0,0.0,43.0,20.715994020926757,0.18939393939393945,8.27204783258595,7.40000000000002,3.855306427503743,4.400000000000029,4.145859281437154,1,
2386,200,0.09199693662884734,32.92499999999997,0.11927335650584554,2.0,1.0,37.0,19.415458937198068,0.2364864864864864,3.7278582930756845,4.599999999999996,2.7020933977455663,2.799999999999995,0.7747963385540888,1,
2387,200,0.09190498567535783,13.624999999999982,0.11927421278901068,4.0,1.0,39.0,15.430656934306569,0.6223404255319149,0.025547445255474453,5.8000000000000025,2.3094890510948893,1.899999999999998,2.8832330336330356,3,
2388,200,0.09181312662686165,40.074999999999946,0.1192771059342871,2.0,0.0,40.0,19.18324607329843,0.073943661971831,6.702879581151833,6.200000000000027,2.6463350785340314,2.399999999999996,2.1787730235825413,1,
2389,200,0.09172135939149971,35.874999999999964,0.11928475998072693,2.0,0.0,42.0,19.306153846153848,0.2142857142857142,6.056923076923077,6.900000000000009,2.910615384615384,2.699999999999996,2.5843395842357104,1,
2390,200,0.09162968387750484,26.77499999999997,0.11928748481841425,2.0,0.0,43.0,18.516569200779728,0.37371134020618557,5.538011695906433,7.9000000000000306,3.27095516569201,2.7999999999999874,5.140248054474741,2,
2391,200,0.09153809999320149,19.12499999999998,0.11928981341254494,4.0,0.0,48.0,18.473053892215567,0.5681818181818182,0.5449101796407185,10.00000000000004,4.447305389221566,3.999999999999999,11.282114831249245,3,
2392,200,0.09144660764700575,30.949999999999967,0.11929298879099509,2.0,0.0,45.0,20.053745928338763,0.2891304347826087,4.8387622149837135,8.900000000000027,3.334364820846907,2.6999999999999984,4.943115558561831,2,
2393,200,0.09135520674742525,32.274999999999956,0.11929754723410496,2.0,0.0,40.0,20.4390243902439,0.2543103448275862,6.79349593495935,6.200000000000017,3.239186991869919,3.299999999999993,2.2011856466009725,1,
2394,200,0.09126389720305915,39.84999999999996,0.1193036512409531,2.0,1.0,41.0,18.813984168865435,0.08566433566433562,7.101583113456464,6.399999999999998,2.476121372031662,2.099999999999998,2.0820587646611504,1,
2395,200,0.09117267892259785,32.14999999999996,0.11930530846560816,2.0,0.0,42.0,19.55877616747182,0.2673913043478261,4.618357487922705,6.500000000000031,2.788083735909823,2.699999999999996,2.3838577429727423,1,
2396,200,0.09108155181482308,20.42499999999998,0.1193081686648054,4.0,0.0,50.0,17.319277108433734,0.5073529411764706,0.35843373493975905,10.800000000000034,4.210240963855428,3.4999999999999987,11.812713136096885,3,
2397,200,0.09099051578860767,40.44999999999996,0.11931551856611565,2.0,0.0,40.0,18.56544502617801,0.07517482517482521,6.488219895287958,5.699999999999993,2.2756544502617793,1.8499999999999956,1.9178660773177862,1,
2398,200,0.09089957075291567,39.17499999999996,0.11931605122995091,2.0,0.0,42.0,19.15119760479042,0.18560606060606055,3.75,6.000000000000017,2.9125748502993996,2.6999999999999966,2.123349625635619,1,
2399,200,0.090808716616802,33.64999999999995,0.11931690881990178,2.0,0.0,46.0,21.6260162601626,0.28658536585365857,6.669918699186992,9.800000000000022,3.9513821138211442,3.7999999999999954,5.229959071872786,1,
2400,200,0.09071795328941251,14.774999999999977,0.11931792506358724,3.0,0.0,46.0,20.424124513618676,0.6813725490196079,0.08560311284046693,9.90000000000002,4.980155642023354,5.499999999999998,11.69421905281014,3,
2401,200,0.09062728067998384,32.09999999999997,0.1193230645051962,2.0,0.0,44.0,16.918685121107266,0.2772727272727272,4.4567474048442905,7.300000000000024,2.5714532871972304,1.999999999999998,3.420873525441298,2,
2402,200,0.09053669869784343,29.649999999999984,0.11932683871460475,1.0,1.0,37.0,16.03392857142857,0.29639175257731953,3.344642857142857,3.699999999999988,1.6732142857142804,1.5999999999999994,0.5963558557265771,2,
2403,200,0.09044620725240926,33.67499999999996,0.11933008730687752,2.0,0.0,42.0,19.848932676518885,0.26694915254237284,5.073891625615763,6.200000000000016,2.800656814449915,2.6999999999999984,1.6951765530629899,1,
2404,200,0.0903558062531899,36.82499999999997,0.11933710592418345,2.0,0.0,39.0,17.732658959537574,0.15476190476190466,6.082369942196531,6.2,2.1075144508670496,1.9999999999999973,1.541883169090114,1,
2405,200,0.09026549560978427,38.07499999999997,0.11934207505951572,2.0,1.0,39.0,17.499259259259258,0.17399999999999993,4.754074074074074,5.799999999999997,1.9441481481481453,1.7999999999999958,1.5591506593155722,1,
2406,200,0.0901752752318818,29.374999999999964,0.11934230177743152,2.0,0.0,42.0,18.826642335766422,0.33571428571428574,5.461678832116788,6.900000000000014,3.2153284671532902,2.699999999999998,3.294338051900943,2,
2407,200,0.0900851450292621,29.82499999999996,0.11934558102213225,2.0,1.0,48.0,19.82363315696649,0.3490990990990991,5.761904761904762,10.200000000000035,3.532451499118167,2.8999999999999884,6.196638132683073,2,
2408,200,0.08999510491179491,36.27499999999996,0.11934952631381432,2.0,0.0,41.0,19.12908011869436,0.17045454545454541,6.12759643916914,6.000000000000004,2.91913946587537,3.0999999999999956,1.9838071872764347,1,
2409,200,0.08990515478944011,39.94999999999996,0.11935232380167016,2.0,0.0,41.0,18.592178770949722,0.1276978417266188,5.06145251396648,7.4,2.585754189944132,1.8999999999999957,3.0675963367176804,1,
2410,200,0.08981529457224763,19.349999999999973,0.11935367374036224,5.0,0.0,49.0,18.716763005780347,0.5833333333333334,1.9710982658959537,10.50000000000004,4.190751445086714,2.199999999999995,12.012500355009907,3,
2411,200,0.0897255241703572,26.024999999999963,0.11935643304545954,2.0,0.0,42.0,19.001996007984033,0.381578947368421,3.856287425149701,6.399999999999999,3.406786427145716,4.100000000000026,3.2077511553785105,2,
2412,200,0.08963584349399842,35.174999999999955,0.11936268049492724,2.0,0.0,43.0,19.45088566827697,0.2668067226890757,2.8711755233494363,7.100000000000019,2.7233494363929145,2.499999999999996,3.062570635826173,1,
2413,200,0.08954625245349057,31.424999999999958,0.11936841969856188,2.0,0.0,46.0,19.123867069486405,0.21341463414634143,7.675226586102719,10.10000000000003,3.3599697885196407,2.3999999999999915,7.554411798933528,2,
2414,200,0.08945675095924267,25.549999999999986,0.1193709193112926,4.0,0.0,46.0,15.950592885375494,0.2983870967741935,5.0355731225296445,9.900000000000041,3.067786561264828,1.899999999999997,6.860510828597721,3,
2415,200,0.08936733892175319,31.449999999999946,0.11937493765952494,2.0,1.0,38.0,20.642276422764226,0.24557522123893816,5.946341463414634,7.300000000000007,3.3611382113821144,3.2999999999999856,2.2589022378273316,1,
2416,200,0.08927801625161007,33.02499999999995,0.11937909065186675,2.0,0.0,41.0,20.940418679549115,0.25,6.405797101449275,6.500000000000016,3.617069243156205,3.799999999999998,1.9832564567990982,1,
2417,200,0.08918878285949061,18.64999999999998,0.1193847604870697,4.0,1.0,46.0,16.357798165137616,0.5119047619047619,0.3149847094801223,9.000000000000028,3.5801223241590265,3.1999999999999997,7.924174397725615,3,
2418,200,0.08909963865616147,37.07499999999996,0.1193927664837115,2.0,0.0,40.0,19.1734693877551,0.15458015267175562,6.39067055393586,6.800000000000002,2.9686588921282815,2.649999999999994,2.6626822851921705,1,
2419,200,0.08901058355247843,36.19999999999995,0.11939999621115355,2.0,0.0,42.0,19.28548644338118,0.24586776859504123,3.1578947368421053,7.199999999999996,2.69393939393939,2.599999999999996,2.213206538328483,1,
2420,200,0.08892161745938634,37.77499999999996,0.11940549160560933,2.0,0.0,42.0,18.871830985915494,0.1477272727272727,5.677464788732395,7.000000000000015,2.770281690140844,2.499999999999991,2.4676710130351505,1,
2421,200,0.08883274028791908,31.599999999999962,0.11941377925840338,2.0,0.0,45.0,21.0311986863711,0.2927350427350427,6.088669950738916,9.300000000000015,3.5100164203612496,3.000000000000005,4.687219370146697,1,
2422,200,0.08874395194919957,32.69999999999996,0.11941822644257752,2.0,0.0,49.0,21.573070607553365,0.3109756097560976,5.58128078817734,10.20000000000002,3.835139573070609,3.1999999999999957,4.786824094046619,1,
2423,200,0.08865525235443938,23.899999999999977,0.11942162387871944,2.0,0.0,48.0,18.767281105990783,0.49096385542168675,2.129032258064516,10.600000000000044,3.421889400921667,2.299999999999997,8.070462318494418,3,
2424,200,0.08856664141493896,28.92499999999997,0.11942854841258654,2.0,0.0,43.0,18.746031746031747,0.3055555555555556,6.248677248677248,7.100000000000021,3.2636684303351036,3.1000000000000076,4.138869257950567,2,
2425,200,0.08847811904208727,27.824999999999974,0.11943916417401113,2.0,1.0,37.0,16.276243093922652,0.32894736842105265,2.3535911602209945,3.49999999999999,1.620073664825042,1.4999999999999956,0.7115515791187293,2,
2426,200,0.08838968514736205,33.449999999999974,0.11944387371780056,2.0,0.0,40.0,19.14959349593496,0.25877192982456143,4.544715447154472,5.199999999999993,2.4655284552845482,2.399999999999994,1.29488017682643,1,
2427,200,0.08830133964232935,38.54999999999994,0.11944975431258727,2.0,1.0,41.0,19.865,0.0431034482758621,8.3175,6.000000000000006,2.668999999999999,2.2999999999999954,2.134942335847416,0,
2428,200,0.08821308243864363,34.274999999999956,0.11944862870606433,2.0,1.0,40.0,20.13136288998358,0.2542372881355932,4.137931034482759,6.300000000000003,2.9701149425287348,3.1999999999999953,2.162002696289915,1,
2429,200,0.08812491344804767,26.14999999999997,0.11945486783775756,2.0,0.0,40.0,18.878980891719745,0.42613636363636365,1.9129511677282378,5.600000000000017,3.1683651804670943,3.6000000000000103,2.2848481788676613,2,
2430,200,0.08803683258237255,36.174999999999955,0.11945498731554363,2.0,0.0,40.0,18.449925261584454,0.18253968253968256,6.083707025411061,5.999999999999993,2.4956651718983522,2.399999999999999,1.7739014657252632,1,
2431,200,0.08794883975353733,27.524999999999956,0.11945312581364625,2.0,0.0,47.0,18.84049079754601,0.4097938144329897,1.2822085889570551,9.100000000000042,3.442535787321067,2.8999999999999972,5.703327032452373,2,
2432,200,0.0878609348735492,31.599999999999966,0.11945460157566548,2.0,0.0,38.0,20.34975369458128,0.25442477876106195,5.745484400656815,6.100000000000005,3.1011494252873555,3.299999999999994,2.0884279551337404,1,
2433,200,0.08777311785450327,27.999999999999964,0.11945384063751786,2.0,1.0,42.0,18.75691699604743,0.3788659793814433,3.0948616600790513,7.500000000000023,3.3286561264822176,3.4999999999999973,4.019372390493516,2,
2434,200,0.08768538860858248,21.999999999999982,0.11945677532830594,4.0,0.0,50.0,17.826558265582655,0.5135135135135135,0.38482384823848237,11.800000000000036,4.271002710027108,1.7999999999999994,15.498270270270359,3,
2435,200,0.08759774704805763,30.349999999999955,0.11945906619983981,2.0,0.0,42.0,19.21473354231975,0.2410714285714286,4.109717868338558,9.100000000000007,3.0434169278996865,2.499999999999993,5.613410892706694,2,
2436,200,0.08751019308528712,26.149999999999974,0.1194586840240833,2.0,0.0,42.0,18.486607142857142,0.44886363636363635,2.7410714285714284,7.600000000000016,2.7832589285714278,2.699999999999995,3.4774825986657016,2,
2437,200,0.08742272663271701,27.54999999999996,0.11946136331240634,2.0,0.0,42.0,18.277456647398843,0.33762886597938147,2.2369942196531793,7.300000000000029,3.325048169556845,3.600000000000019,4.160929462429489,2,
2438,200,0.08733534760288077,32.12499999999995,0.11946671220986146,2.0,0.0,40.0,21.00656814449918,0.2585470085470085,5.045977011494253,6.900000000000006,3.4952380952380957,3.4999999999999956,2.131231018119075,1,
2439,200,0.08724805590839944,35.14999999999997,0.11947176942404966,2.0,0.0,44.0,19.80923076923077,0.23425196850393704,6.452307692307692,7.900000000000021,3.2124615384615405,3.099999999999995,3.1200520947978823,1,
2440,200,0.0871608514619813,36.37499999999997,0.11947527083347083,2.0,0.0,40.0,18.176744186046513,0.21666666666666656,2.621705426356589,5.499999999999994,2.1968992248061965,1.9999999999999964,1.1740397188623688,1,
2441,200,0.08707373417642188,21.524999999999974,0.11947470607550836,6.0,0.0,49.0,16.81377551020408,0.4512987012987013,1.0204081632653061,10.50000000000004,3.9362244897959267,2.3499999999999988,10.041610277034884,3,
2442,200,0.08698670396460385,36.14999999999995,0.11947981245700129,2.0,0.0,41.0,19.601719197707737,0.15458015267175562,6.504297994269341,7.300000000000031,3.2270773638968553,3.099999999999992,3.58083577071574,1,
2443,200,0.08689976073949708,25.19999999999996,0.11948408269487396,2.0,0.0,42.0,19.19047619047619,0.46176470588235297,0.673469387755102,6.700000000000009,3.0988662131519273,2.799999999999998,3.160944672974094,2,
2444,200,0.08681290441415829,20.899999999999963,0.11948620009431948,2.0,0.0,48.0,20.72248803827751,0.5125,2.901913875598086,12.200000000000024,4.588516746411489,3.399999999999996,13.441858942440406,3,
2445,200,0.08672613490173114,35.12499999999994,0.11949253676014707,2.0,0.0,44.0,19.931506849315067,0.21850393700787407,4.222222222222222,8.400000000000038,3.3293759512937617,2.7999999999999923,4.822907739639746,1,
2446,200,0.0866394521154461,35.87499999999995,0.11949559804987439,2.0,0.0,41.0,20.36842105263158,0.2338709677419355,4.23444976076555,6.4000000000000075,3.3437001594896314,3.299999999999996,2.2119077247105308,1,
2447,200,0.08655285596862042,37.04999999999995,0.11950320065964917,2.0,1.0,48.0,19.125,0.102112676056338,7.237113402061856,9.900000000000045,2.515721649484536,1.7999999999999992,4.186460812886665,2,
2448,200,0.08646634637465792,29.97499999999998,0.11950761658687069,2.0,0.0,40.0,16.497237569060772,0.33762886597938147,1.561694290976059,5.19999999999999,1.8709023941068084,1.6,0.9806667842413691,2,
2449,200,0.086379923247049,23.899999999999963,0.11950830486360142,2.0,0.0,45.0,20.607798165137616,0.5,1.7087155963302751,8.50000000000003,3.8479357798165195,2.999999999999992,6.405556958362988,2,
2450,200,0.0862935864993705,25.899999999999974,0.11951105060675295,2.0,0.0,42.0,18.665158371040725,0.4683908045977011,2.1131221719457014,6.300000000000019,2.7674208144796393,2.799999999999998,3.8104513137083416,2,
2451,200,0.08620733604528572,25.199999999999967,0.11951482564117981,2.0,1.0,40.0,17.61228813559322,0.42441860465116277,2.4533898305084745,5.400000000000005,2.47521186440678,2.499999999999997,2.526112988872585,2,
2452,200,0.08612117179854416,32.49999999999996,0.11951834274388835,2.0,0.0,42.0,20.238546603475513,0.2584033613445378,5.183254344391785,7.000000000000007,3.3285939968404445,3.199999999999998,2.582838118436309,2,
2453,200,0.08603509367298158,33.649999999999956,0.11952173816055803,2.0,1.0,39.0,19.915470494417864,0.23290598290598297,4.0797448165869215,5.899999999999994,3.071929824561402,3.199999999999999,1.4775890295272816,1,
2454,200,0.08594910158251981,30.899999999999967,0.11952374780491787,2.0,0.0,41.0,18.099476439790575,0.29761904761904767,2.193717277486911,8.300000000000011,2.929493891797557,2.1999999999999975,3.855180246582702,2,
2455,200,0.08586319544116683,27.199999999999964,0.11952386544729932,2.0,0.0,45.0,18.811475409836067,0.40053763440860213,0.860655737704918,8.600000000000023,3.4360655737704975,3.1999999999999975,6.1324955173992475,2,
2456,200,0.08577737516301644,36.649999999999956,0.11952446442776071,2.0,0.0,43.0,19.08385093167702,0.22222222222222232,4.812111801242236,7.000000000000022,2.733229813664598,2.399999999999997,3.1362635900032703,1,
2457,200,0.08569164066224835,33.64999999999998,0.11952744023108586,2.0,0.0,37.0,17.960127591706538,0.2276785714285714,1.8118022328548644,4.900000000000013,1.8987240829346095,1.5999999999999996,1.5579927657149892,1,
2458,200,0.08560599185312803,35.27499999999995,0.11953062810853027,2.0,0.0,41.0,17.86288088642659,0.12401574803149606,4.8448753462603875,8.300000000000017,2.2763157894736845,1.499999999999995,3.368933055557184,2,
2459,200,0.08552042865000674,27.949999999999974,0.11953370683748409,2.0,0.0,44.0,17.7421875,0.36340206185567014,2.939453125,7.900000000000038,2.9421875000000037,2.2999999999999927,4.5984721316228665,2,
2460,200,0.08543495096732123,29.32499999999997,0.11953466991907535,2.0,0.0,45.0,19.60377358490566,0.33018867924528306,5.80188679245283,8.100000000000032,4.166226415094349,4.500000000000011,5.238821391318635,2,
2461,200,0.08534955871959381,36.52499999999996,0.11953554072895892,2.0,0.0,41.0,19.273413897280967,0.1953125,4.380664652567976,6.800000000000013,2.9602719033232665,2.799999999999998,2.9414948555938283,1,
2462,200,0.08526425182143217,29.374999999999964,0.11954050934342507,2.0,0.0,45.0,18.93286219081272,0.32798165137614677,4.708480565371024,9.10000000000004,3.2514134275618405,2.699999999999994,4.140956158012251,2,
2463,200,0.0851790301875295,35.92499999999994,0.11954336382526483,2.0,0.0,43.0,20.698564593301434,0.2420634920634921,5.240829346092504,6.700000000000026,3.5417862838915504,3.799999999999994,2.2129644797623267,1,
2464,200,0.08509389373266411,38.44999999999996,0.11954793291821536,2.0,0.0,42.0,18.601156069364162,0.15909090909090917,3.871387283236994,6.200000000000001,2.628612716763001,2.799999999999992,1.5680574193454035,1,
2465,200,0.08500884237169956,39.84999999999995,0.11955150207442233,2.0,0.0,38.0,18.91625,0.02857142857142847,5.065,5.3,2.0997499999999976,1.7999999999999956,1.4633022239097282,0,
2466,200,0.08492387601958441,37.19999999999996,0.11955686840302678,2.0,0.0,39.0,18.528378378378378,0.0981481481481481,5.318918918918919,4.6999999999999975,2.43459459459459,2.399999999999995,1.2087783944090456,1,
2467,200,0.08483899459135241,41.84999999999995,0.11955840201494887,2.0,0.0,43.0,19.4525,0.043333333333333224,5.465,7.200000000000034,2.4214999999999995,1.8999999999999972,2.2324912382675848,0,
2468,200,0.08475419800212207,24.424999999999972,0.11955875338118511,2.0,0.0,41.0,17.408482142857142,0.46604938271604934,1.09375,5.600000000000018,2.1203124999999994,1.1999999999999997,2.917481402868928,2,
2469,200,0.08466948616709678,35.72499999999996,0.1195621731831424,2.0,0.0,43.0,20.77504105090312,0.2621951219512195,4.600985221674877,8.10000000000001,3.356321839080458,3.299999999999995,3.112780414150137,1,
2470,200,0.08458485900156469,35.674999999999955,0.11956258035709491,2.0,0.0,40.0,20.96260162601626,0.24583333333333335,4.014634146341463,6.600000000000011,3.5533333333333394,3.599999999999996,2.6148535259528987,1,
2471,200,0.08450031642089868,31.699999999999953,0.11956633069272397,2.0,0.0,44.0,19.430795847750865,0.30309734513274333,3.42560553633218,7.900000000000027,3.667647058823535,3.9000000000000004,3.526455192272604,2,
2472,200,0.08441585834055614,20.14999999999999,0.11956634294825579,4.0,1.0,43.0,13.793956043956044,0.5227272727272727,0.11263736263736264,6.800000000000007,1.6304945054945041,0.9999999999999992,2.541973885807013,3,
2473,200,0.08433148467607897,35.14999999999995,0.11956909591950945,2.0,1.0,43.0,18.51246537396122,0.12596899224806202,5.497229916897507,6.600000000000043,2.7159279778393346,2.2999999999999945,2.333227229738961,2,
2474,200,0.08424719534309347,37.774999999999935,0.11956937722278127,2.0,0.0,48.0,19.676470588235293,0.10172413793103452,7.1841432225063935,10.100000000000042,2.7653452685422004,1.9999999999999993,4.954190782685245,1,
2475,200,0.08416299025731036,34.19999999999998,0.11957183659803394,2.0,1.0,37.0,17.72005988023952,0.17982456140350878,3.7754491017964074,3.7999999999999963,2.0538922155688564,2.0999999999999943,0.7488637743908294,1,
2476,200,0.08407886933452453,34.22499999999995,0.11957467942860799,2.0,0.0,46.0,21.71264367816092,0.28688524590163933,5.655172413793103,9.100000000000032,3.918883415435141,3.300000000000002,4.10850506902505,1,
2477,200,0.08399483249061504,13.57499999999998,0.11957482301976899,4.0,1.0,44.0,20.15918367346939,0.7074468085106383,0.0326530612244898,8.700000000000017,4.531020408163276,4.800000000000001,7.639165000666457,3,
2478,200,0.083910879641545,35.57499999999996,0.11957521515960719,2.0,0.0,41.0,20.666666666666668,0.25,4.429268292682927,6.200000000000011,3.3757723577235765,3.2999999999999923,2.1731911248360865,1,
2479,200,0.08382701070336164,29.32499999999997,0.11957593885525547,2.0,0.0,45.0,18.83844580777096,0.41161616161616166,1.7443762781186094,7.900000000000016,3.290388548057259,2.999999999999997,3.696303445968564,2,
2480,200,0.08374322559219596,34.69999999999996,0.11957765524589126,2.0,0.0,42.0,19.74565560821485,0.24586776859504123,5.153238546603475,7.200000000000006,3.0328593996840434,2.8999999999999986,2.9452783212873936,1,
2481,200,0.08365952422426286,34.74999999999996,0.11957691868894756,2.0,0.0,44.0,20.08450704225352,0.25,4.860719874804382,9.000000000000037,3.2921752738654164,2.5999999999999934,4.485646159874651,1,
2482,200,0.0835759065158609,30.37499999999996,0.11957874890790043,2.0,0.0,43.0,18.872881355932204,0.3004587155963303,3.0033898305084747,7.100000000000003,2.9574576271186412,2.799999999999997,2.6066552618651664,2,
2483,200,0.08349237238337248,37.024999999999956,0.11958350765412307,2.0,0.0,41.0,19.823262839879153,0.1875,4.785498489425982,7.700000000000016,3.2901812688821805,3.0499999999999936,3.6916189648209192,1,
2484,200,0.08340892174326339,40.54999999999997,0.11958878717586091,2.0,1.0,40.0,18.176623376623375,0.0714285714285714,5.711688311688311,5.299999999999996,1.987142857142852,1.799999999999993,1.1013040838321515,1,
2485,200,0.083325554512083,36.07499999999996,0.11959386311537437,3.0,0.0,42.0,19.359447004608295,0.2142857142857142,4.431643625192012,6.600000000000023,2.949462365591398,2.799999999999997,3.0385130250118104,1,
2486,200,0.08324227060646401,25.07499999999997,0.11959840288523757,3.0,0.0,46.0,19.56050955414013,0.45108695652173914,4.356687898089172,9.80000000000004,3.577282377919326,2.3999999999999955,7.520600613054521,2,
2487,200,0.08315906994312262,36.07499999999996,0.11960234954829993,2.0,1.0,41.0,19.996978851963746,0.2056451612903225,3.6963746223564953,6.100000000000031,3.3944108761329352,3.6999999999999957,2.297541980134328,1,
2488,200,0.0830759524388581,38.79999999999996,0.11960189015058507,2.0,0.0,42.0,18.73820395738204,0.1996124031007751,2.7610350076103503,6.6000000000000165,2.6133942161339414,1.8999999999999946,3.286586199866568,1,
2489,200,0.08299291801055293,23.549999999999983,0.11960407233001548,6.0,0.0,49.0,16.925659472422062,0.4722222222222222,0.9328537170263789,10.600000000000032,3.461390887290172,2.199999999999994,8.301986336032442,3,
2490,200,0.08290996657517266,34.69999999999996,0.11960841859625862,2.0,0.0,40.0,20.23481116584565,0.2542372881355932,4.689655172413793,5.499999999999998,3.0321839080459787,3.3999999999999955,1.7598884814495295,1,
2491,200,0.08282709804976592,31.84999999999997,0.11961386000169244,2.0,1.0,37.0,19.99014778325123,0.25,5.822660098522167,5.899999999999995,2.885385878489325,2.699999999999998,1.5062108498705817,1,
2492,200,0.08274431235146412,26.924999999999976,0.11961448953418757,2.0,0.0,44.0,17.459143968871594,0.3913043478260869,1.3988326848249026,7.700000000000025,2.5793774319066176,1.8999999999999895,4.357256571850378,3,
2493,200,0.08266160939748157,37.049999999999955,0.11961842404778167,2.0,0.0,43.0,19.253709198813056,0.18893129770992356,4.905044510385757,7.500000000000024,2.993916913946587,2.8999999999999932,2.728292444004197,1,
2494,200,0.08257898910511527,18.59999999999998,0.11961809313822375,6.0,1.0,47.0,18.13975155279503,0.5546875,0.2391304347826087,10.700000000000035,4.434161490683238,3.8999999999999977,12.011868097952489,3,
2495,200,0.08249645139174498,35.84999999999995,0.11962112961939117,2.0,0.0,49.0,20.66614420062696,0.25769230769230766,4.700626959247649,10.300000000000031,3.6321316614420107,3.6999999999999984,3.796766852642133,1,
2496,200,0.08241399617483297,31.04999999999997,0.11962561252035879,4.0,0.0,50.0,17.45886075949367,0.18644067796610164,6.389240506329114,11.10000000000004,3.1259493670886096,1.8999999999999955,7.851561477431258,3,
2497,200,0.08233162337192401,33.64999999999996,0.11963331096942108,2.0,0.0,39.0,19.85040650406504,0.25,4.767479674796748,6.100000000000007,2.8860162601626005,2.799999999999996,1.491255552265328,1,
2498,200,0.08224933290064523,35.82499999999996,0.11964380403126751,2.0,0.0,44.0,20.975609756097562,0.2579365079365079,5.795121951219512,7.30000000000001,3.561138211382112,3.4999999999999942,2.841277761326629,1,
2499,200,0.08216712467870625,29.899999999999984,0.11965059395566902,2.0,0.0,41.0,16.304428044280442,0.33247422680412375,1.7232472324723247,5.900000000000007,1.941881918819185,1.4999999999999991,1.9284923220419212,2,
2500,200,0.0820849986238988,29.974999999999966,0.11965530012695397,3.0,1.0,51.0,17.45719178082192,0.2635135135135135,6.940068493150685,11.90000000000004,3.3510273972602773,1.9499999999999957,9.817151016698258,3,
2501,200,0.08200295465409681,24.49999999999997,0.11965918475689982,2.0,0.0,49.0,20.3015873015873,0.5,3.854875283446712,11.40000000000002,3.7587301587301587,2.8999999999999946,8.67045022624438,2,
2502,200,0.08192099268725626,43.64999999999997,0.11966324598877527,2.0,0.0,45.0,20.4725,0.04746835443037978,7.4475,8.800000000000013,3.033499999999999,2.5999999999999917,3.6026833791927966,0,
2503,200,0.08183911264141527,30.324999999999953,0.11966957596309406,2.0,0.0,47.0,20.19732441471572,0.3258928571428571,4.337792642140468,9.200000000000028,3.1862876254180605,2.899999999999996,3.9745722491142663,2,
2504,200,0.08175731443469375,39.674999999999955,0.11967667841089454,2.0,1.0,42.0,19.452141057934508,0.06164383561643838,7.709068010075566,7.200000000000006,2.4945843828715373,1.799999999999995,2.8737409725031418,1,
2505,200,0.08167559798529346,30.349999999999948,0.11968468931052817,2.0,0.0,44.0,21.310344827586206,0.2978260869565217,8.604269293924466,8.100000000000014,3.677504105090313,3.199999999999999,3.992952976704089,1,
2506,200,0.08159396321149794,31.149999999999956,0.11969249791110283,2.0,0.0,47.0,20.151465798045603,0.29700854700854706,5.602605863192182,9.800000000000034,3.3929967426710146,2.999999999999999,4.846918208464343,2,
2507,200,0.08151241003167246,38.049999999999955,0.11969942697222877,2.0,1.0,47.0,19.77190332326284,0.21969696969696972,3.5377643504531724,9.80000000000002,3.259365558912386,3.1999999999999966,3.5916349833311814,1,
2508,200,0.08143093836426381,19.49999999999998,0.11970392643276764,3.0,0.0,48.0,16.881159420289855,0.5073529411764706,0.527536231884058,10.60000000000003,3.903768115942035,2.5999999999999983,11.643822758435347,3,
2509,200,0.0813495481278003,25.249999999999954,0.11970819568362272,2.0,0.0,43.0,21.388372093023257,0.48563218390804597,3.6534883720930234,7.6000000000000245,4.220465116279078,4.8500000000000085,4.7784442317157305,2,
2510,200,0.08126823924089167,34.799999999999955,0.11971566337132009,2.0,1.0,41.0,19.768025078369906,0.22916666666666674,3.6003134796238245,5.700000000000002,3.093260188087774,3.0999999999999956,1.1722301820692196,1,
2511,200,0.08118701162222909,26.299999999999986,0.11971757316521028,7.0,1.0,42.0,14.461538461538462,0.25574712643678166,3.325910931174089,8.100000000000007,2.4329959514170025,1.899999999999998,3.456718954248373,3,
2512,200,0.0811058651905849,25.22499999999997,0.1197194800806253,2.0,0.0,41.0,17.73068432671082,0.4441176470588235,1.3509933774834437,6.000000000000011,2.3969094922737275,1.999999999999996,2.6409304705469583,2,
2513,200,0.08102479986481265,23.54999999999996,0.11972120386642295,2.0,0.0,44.0,19.979310344827585,0.49390243902439024,1.4827586206896552,7.70000000000002,3.4705747126436783,3.1999999999999895,4.054649833002183,2,
2514,200,0.08094381556384699,35.12499999999997,0.11972668286490981,2.0,0.0,41.0,19.276461295418642,0.2295081967213115,4.380726698262244,6.000000000000022,2.751342812006316,2.499999999999999,2.0998810046719725,1,
2515,200,0.08086291220670366,36.224999999999945,0.11973404660726836,2.0,1.0,41.0,18.48463687150838,0.13931297709923673,5.920391061452514,6.700000000000021,2.6418994413407835,1.8999999999999952,3.2839212335781633,2,
2516,200,0.08078208971247929,31.524999999999956,0.11974188825587906,2.0,0.0,41.0,18.84390243902439,0.2772727272727272,2.819512195121951,5.9000000000000155,2.2821138211382084,1.8999999999999955,1.8714248699183629,1,
2517,200,0.08070134800035135,35.69999999999996,0.11974450656559818,2.0,0.0,40.0,19.299847792998477,0.19354838709677424,3.502283105022831,6.200000000000007,2.9503805175038025,3.1999999999999886,1.835228612202538,1,
2518,200,0.08062068698957811,26.324999999999967,0.11974578986686368,2.0,0.0,43.0,17.341201716738198,0.4375,1.2081545064377683,6.599999999999992,2.306866952789697,2.1999999999999966,2.1067007437084064,2,
2519,200,0.08054010659949862,34.024999999999956,0.11975070414934763,2.0,0.0,41.0,21.47783251231527,0.2583333333333333,5.599343185550082,6.800000000000008,3.7779967159277565,3.899999999999998,2.140671052631592,1,
2520,200,0.08045960674953244,40.474999999999945,0.11976012645361363,3.0,0.0,42.0,19.395465994962215,0.06338028169014076,6.652392947103275,6.9000000000000155,2.460579345088158,1.9999999999999978,2.2838526572921953,1,
2521,200,0.0803791873591797,41.899999999999956,0.11976236248106738,2.0,0.0,44.0,19.10372340425532,0.10135135135135132,6.035904255319149,7.400000000000009,2.697340425531913,2.1999999999999975,2.543242104816431,1,
2522,200,0.08029884834802099,38.274999999999956,0.11976664545154894,2.0,0.0,43.0,19.400597907324364,0.18984962406015038,3.976083707025411,7.0,3.0660687593423024,3.2999999999999967,3.2707094914648405,1,
2523,200,0.08021858963571736,28.424999999999976,0.1197681328553958,2.0,0.0,43.0,18.63561076604555,0.41315789473684206,2.9565217391304346,7.2,3.148033126293996,2.8999999999999986,3.135967130756838,2,
2524,200,0.08013841114201005,38.37499999999994,0.11977359799088548,2.0,1.0,41.0,20.28125,0.04194630872483218,7.95125,6.800000000000031,2.9187499999999997,2.799999999999992,2.0262516035181473,0,
2525,200,0.08005831278672054,26.099999999999966,0.11977821987006074,2.0,0.0,45.0,20.993288590604028,0.45967741935483875,3.606263982102908,8.500000000000021,4.2579418344519135,4.300000000000001,3.879592809096771,2,
2526,200,0.07997829448975048,37.79999999999996,0.11978610816858981,2.0,0.0,39.0,18.339541547277936,0.1476377952755905,5.505730659025788,5.199999999999992,2.4697707736389654,2.5999999999999934,1.418530366192324,1,
2527,200,0.0798983561710816,37.34999999999995,0.11978857307569647,2.0,0.0,43.0,20.15727002967359,0.18609022556390986,5.881305637982196,7.300000000000016,3.536053412462914,3.6999999999999984,3.5188414286500675,1,
2528,200,0.07981849775077554,35.49999999999995,0.11979333378014267,2.0,0.0,40.0,21.482758620689655,0.2542016806722689,3.839080459770115,6.000000000000017,3.780952380952387,4.1000000000000005,1.701579378774819,1,
2529,200,0.0797387191489739,22.79999999999996,0.11979901844140013,3.0,0.0,41.0,20.169767441860465,0.48456790123456794,2.3093023255813954,6.500000000000033,3.497674418604656,3.6999999999999913,3.217872460099866,2,
2530,200,0.07965902028589801,29.699999999999978,0.11980115336362242,2.0,0.0,42.0,17.985714285714284,0.28773584905660377,3.125,7.400000000000015,3.2300000000000026,3.1999999999999984,3.540039859821,2,
2531,200,0.07957940108184908,29.72499999999997,0.11980387301505266,3.0,0.0,42.0,17.373287671232877,0.26869158878504673,4.171232876712328,7.900000000000015,2.7212328767123335,1.6999999999999975,5.0151803081614865,2,
2532,200,0.07949986145720786,29.224999999999966,0.11980346279287768,2.0,1.0,46.0,18.678966789667896,0.32692307692307687,3.8450184501845017,10.10000000000004,3.6322878228782365,2.90000000000001,7.195273502789724,2,
2533,200,0.07942040133243472,16.199999999999978,0.11980514565803002,4.0,0.0,47.0,17.05703422053232,0.6556603773584906,0.0,9.100000000000028,3.1155893536121733,2.799999999999998,7.205830730973902,3,
2534,200,0.0793410206280695,37.94999999999996,0.1198088006206626,2.0,0.0,41.0,18.46965317919075,0.1576923076923078,3.9985549132947975,6.00000000000001,2.54971098265896,2.0500000000000007,2.477273875826711,1,
2535,200,0.07926171926473155,36.14999999999994,0.11981405795283218,2.0,0.0,42.0,19.94832402234637,0.13129496402877705,7.072625698324022,6.700000000000034,3.399441340782127,3.399999999999994,2.715954706381511,1,
2536,200,0.07918249716311948,39.79999999999997,0.11981923351019505,2.0,0.0,40.0,18.266483516483518,0.12037037037037046,5.729395604395604,5.500000000000005,2.342857142857142,1.9999999999999978,1.9420130834385312,1,
2537,200,0.07910335424401117,28.349999999999973,0.11981973440653423,2.0,0.0,49.0,18.060165975103736,0.4375,2.2614107883817427,10.500000000000021,2.8470954356846465,2.149999999999994,6.270526852700791,2,
2538,200,0.07902429042826366,32.67499999999997,0.11982320974190944,2.0,1.0,39.0,18.649916247906198,0.28738317757009346,1.6800670016750419,4.299999999999992,2.446901172529307,2.4999999999999902,0.7649381046441126,2,
2539,200,0.07894530563681319,38.37499999999995,0.11982935973943948,2.0,0.0,43.0,19.94796954314721,0.07068965517241388,8.211928934010153,6.9000000000000155,2.861928934010151,2.649999999999994,2.0182238949468903,1,
2540,200,0.07886639979067495,35.774999999999956,0.11983409674069788,1.0,0.0,42.0,19.615629984051036,0.25,4.347687400318979,6.20000000000001,2.892025518341308,3.09999999999999,1.8188565047516392,1,
2541,200,0.07878757281094306,29.324999999999967,0.11983396338571586,2.0,1.0,41.0,18.197879858657245,0.30339805825242716,2.303886925795053,8.20000000000001,3.0266784452296847,2.549999999999997,4.088117276146799,2,
2542,200,0.07870882461879052,31.84999999999996,0.11983634899362491,2.0,0.0,47.0,19.145367412140576,0.25,5.68370607028754,11.800000000000027,3.6337060702875403,2.4999999999999964,9.746380784689064,2,
2543,200,0.07863015513546918,18.94999999999999,0.11983969511793202,5.0,0.0,44.0,15.561561561561561,0.532258064516129,0.34234234234234234,8.300000000000018,2.97777777777778,2.3999999999999986,5.491747889762668,3,
2544,200,0.07855156428230954,35.624999999999964,0.11984139995099169,2.0,0.0,44.0,19.86890243902439,0.22599999999999998,5.353658536585366,7.800000000000032,3.2859756097560973,3.099999999999997,3.702128992529103,1,
2545,200,0.07847305198072073,34.02499999999996,0.11984648469472958,2.0,0.0,41.0,19.127496159754223,0.2169421487603307,5.557603686635945,5.7000000000000135,2.8102918586789576,2.599999999999995,2.3964127890514577,1,
2546,200,0.0783946181521904,39.97499999999995,0.11984938953863175,2.0,0.0,39.0,20.22875,0.022108843537415046,7.97125,5.600000000000009,2.887250000000001,2.6000000000000276,1.84674032303177,0,
2547,200,0.07831626271828479,36.374999999999964,0.11985163927535834,2.0,1.0,43.0,19.73145400593472,0.18461538461538463,6.859050445103858,8.200000000000015,3.2805637982195863,2.999999999999993,3.051097793186962,1,
2548,200,0.07823798560064842,25.274999999999963,0.11985492423883086,3.0,0.0,45.0,21.176605504587155,0.48563218390804597,1.6788990825688073,9.200000000000028,4.205733944954131,3.7999999999999905,6.052774191851487,2,
2549,200,0.07815978672100418,26.174999999999955,0.11985417337006962,2.0,0.0,43.0,21.655963302752294,0.4691011235955056,0.6215596330275229,7.90000000000002,4.493348623853219,5.050000000000001,5.159501249375359,2,
2550,200,0.07808166600115313,32.92499999999997,0.11985796062346013,2.0,1.0,43.0,17.850162866449512,0.2809734513274337,2.1612377850162865,7.300000000000003,2.0122149837133527,1.4999999999999984,2.6700696030451314,2,
2551,200,0.07800362336297463,41.57499999999996,0.11986197685715955,2.0,1.0,42.0,19.97875,0.03523489932885915,6.7625,7.300000000000015,2.737249999999999,2.1999999999999886,2.989067107917389,0,
2552,200,0.077925658728426,35.59999999999996,0.11986740082348038,2.0,0.0,45.0,20.486042692939243,0.2875,2.80623973727422,8.100000000000033,3.1829228243021364,3.1000000000000045,2.9170232959448,1,
2553,200,0.07784777201954257,26.849999999999966,0.11987007436524807,2.0,0.0,47.0,20.520642201834864,0.48888888888888893,1.5137614678899083,9.200000000000014,3.812155963302759,4.1999999999999975,3.619618979983719,2,
2554,200,0.07776996315843764,42.64999999999995,0.11987346546103406,2.0,1.0,44.0,20.018617021276597,0.10666666666666669,5.065159574468085,8.300000000000022,3.24627659574468,3.1999999999999993,4.035897528395094,1,
2555,200,0.07769223206730236,37.524999999999956,0.11987973554427328,2.0,1.0,42.0,20.172155688622755,0.18233082706766912,5.473053892215569,7.800000000000016,3.5251497005988024,3.4999999999999956,3.48203996656382,1,
2556,200,0.07761457866840563,34.09999999999995,0.11988485191090151,2.0,1.0,44.0,19.77650429799427,0.17481203007518786,7.222063037249284,9.100000000000032,3.486676217765046,2.599999999999997,4.88265484818448,2,
2557,200,0.07753700288409404,19.224999999999977,0.11988811987723384,4.0,0.0,50.0,18.964630225080384,0.5859375,0.2797427652733119,11.80000000000003,4.872668810289397,4.6,17.25695554177016,3,
2558,200,0.07745950463679176,36.22499999999996,0.11989054757262063,2.0,0.0,43.0,18.386473429951693,0.2586206896551724,2.318840579710145,7.3000000000000025,2.0847020933977416,1.7999999999999945,2.141333523493416,1,
2559,200,0.0773820838490006,30.624999999999964,0.11989066173854881,2.0,1.0,54.0,19.177734375,0.41346153846153844,2.27734375,13.200000000000037,3.719140625000005,2.0999999999999988,12.219602125557508,2,
2560,200,0.07730474044329974,38.69999999999996,0.1198915207513271,2.0,0.0,42.0,19.391176470588235,0.17164179104477606,4.094117647058823,6.4000000000000234,3.09058823529412,3.099999999999998,3.0213885410652055,1,
2561,200,0.07722747434234577,40.29999999999994,0.11989556230271298,2.0,1.0,45.0,19.488636363636363,0.16134751773049638,4.568181818181818,7.90000000000002,3.1522727272727296,2.8999999999999915,3.4573313559920686,1,
2562,200,0.07715028546887258,39.09999999999997,0.11989998906102109,2.0,0.0,42.0,17.655786350148368,0.18307086614173218,3.8560830860534123,6.199999999999996,2.0351632047477715,1.6999999999999933,1.5714821418744127,1,
2563,200,0.07707317374569124,38.92499999999998,0.1199033769444161,2.0,0.0,40.0,17.72159090909091,0.13931297709923673,3.684659090909091,5.099999999999997,2.092045454545451,1.7999999999999978,1.24204150398999,1,
2564,200,0.07699613909569011,36.474999999999966,0.11990096966740645,1.0,0.0,38.0,18.302395209580837,0.17561983471074383,3.5104790419161676,5.4999999999999964,2.4032934131736488,2.399999999999996,1.1355905007137657,1,
2565,200,0.0769191814418345,35.99999999999997,0.11989884252403321,2.0,0.0,40.0,18.654191616766468,0.18199999999999994,4.946107784431137,7.4,2.6143712574850277,2.3999999999999884,2.341205899292515,1,
2566,200,0.07684230070716673,42.02499999999994,0.11990429120057557,2.0,1.0,43.0,19.583123425692694,0.0731292517006803,6.234256926952141,7.2000000000000295,2.573173803526448,2.0999999999999917,2.809927129680321,1,
2567,200,0.07676549681480604,21.77499999999998,0.11990541505718263,9.0,0.0,50.0,18.834666666666667,0.4966666666666667,0.6586666666666666,13.000000000000037,5.017866666666678,3.4,19.742087837069196,3,
2568,200,0.0766887696879486,35.22499999999995,0.11991029539788262,3.0,0.0,39.0,19.822660098522167,0.2543478260869565,3.2167487684729066,5.800000000000015,2.78489326765189,2.6999999999999975,2.4354433779120055,1,
2569,200,0.07661211924986724,36.699999999999946,0.1199133102368997,2.0,1.0,43.0,20.145367412140576,0.2540322580645161,2.5686900958466454,6.800000000000005,3.198562300319486,3.299999999999992,2.498103349282303,1,
2570,200,0.07653554542391151,30.349999999999973,0.11991621927549465,2.0,0.0,42.0,18.11753371868979,0.3391089108910891,2.067437379576108,7.60000000000002,3.2175337186897894,2.7999999999999976,4.47082670032673,2,
2571,200,0.07645904813350755,43.82499999999997,0.1199193294065362,1.0,0.0,40.0,19.22125,0.030000000000000027,5.41875,5.699999999999997,2.282749999999995,2.099999999999998,1.4678547310230183,0,
2572,200,0.07638262730215813,37.92499999999996,0.11992275659639745,2.0,0.0,43.0,19.448275862068964,0.23412698412698418,1.8996865203761755,7.599999999999998,2.9014106583072086,2.6999999999999966,3.125256471674987,1,
2573,200,0.07630628285344238,36.29999999999996,0.11992162984633138,2.0,1.0,40.0,19.736923076923077,0.2016129032258065,3.0938461538461537,6.600000000000005,3.1690769230769247,3.1999999999999913,2.345526237931935,1,
2574,200,0.07623001471101583,29.999999999999968,0.11992589477531075,2.0,0.0,38.0,18.77219430485762,0.28883495145631066,2.0150753768844223,4.9999999999999964,2.346398659966494,2.299999999999998,1.1435622657179423,2,
2575,200,0.07615382279861033,36.149999999999956,0.11992918646619552,2.0,1.0,41.0,19.662903225806453,0.24586776859504123,2.1306451612903228,5.500000000000029,2.8380645161290348,3.0000000000000018,2.279105408702948,1,
2576,200,0.07607770704003398,35.599999999999966,0.11993032059980208,2.0,1.0,41.0,19.14975845410628,0.24586776859504123,2.5893719806763285,5.700000000000006,2.5426731078904967,2.1999999999999886,1.8828054662379503,1,
2577,200,0.07600166735917104,17.674999999999983,0.11993176426662934,4.0,0.0,47.0,15.835616438356164,0.5862068965517241,0.06164383561643835,9.100000000000021,2.8934931506849333,1.6999999999999995,7.1746650950588435,3,
2578,200,0.07592570367998178,36.49999999999996,0.11992881052708966,2.0,0.0,45.0,20.54660347551343,0.25393700787401574,5.721958925750395,8.900000000000004,3.5134281200631907,3.199999999999997,4.411473665295703,1,
2579,200,0.07584981592650249,41.82499999999997,0.11992954938637693,2.0,0.0,40.0,18.2972972972973,0.10251798561151082,4.648648648648648,5.099999999999999,2.295945945945942,2.199999999999992,1.31444542448032,1,
2580,200,0.07577400402284548,29.44999999999996,0.11993324874836248,2.0,0.0,46.0,18.987762237762237,0.3207547169811321,4.164335664335664,8.400000000000043,3.453846153846159,3.0000000000000036,4.45225405965473,2,
2581,200,0.0756982678931988,36.224999999999945,0.11993431447284006,2.0,0.0,44.0,21.080459770114942,0.27439024390243905,3.8374384236453203,7.400000000000029,3.539573070607555,3.5999999999999943,2.482792062122531,1,
2582,200,0.07562260746182634,36.29999999999997,0.11993496496607932,1.0,0.0,39.0,18.771341463414632,0.19308943089430897,4.753048780487805,6.60000000000002,2.6274390243902452,2.449999999999994,2.6060824241579437,1,
2583,200,0.0755470226530676,28.749999999999968,0.1199351643905123,2.0,0.0,44.0,18.353057199211044,0.3788659793814433,2.3570019723865876,7.900000000000011,3.225049309664699,3.599999999999996,4.272387180604425,2,
2584,200,0.07547151339133784,27.77499999999997,0.11993609601247535,2.0,0.0,48.0,18.814893617021276,0.45108695652173914,0.9829787234042553,9.60000000000002,3.219787234042553,2.5500000000000025,4.557990801225915,2,
2585,200,0.07539607960112776,31.52499999999998,0.11994070757187737,1.0,1.0,39.0,17.449511400651467,0.24532710280373826,3.97557003257329,5.499999999999996,2.3112377850162837,1.9999999999999998,1.4499589914985664,2,
2586,200,0.07532072120700357,24.77499999999996,0.11994297117460923,3.0,0.0,41.0,19.70198675496689,0.45833333333333337,1.2958057395143487,7.80000000000002,3.518763796909497,3.300000000000006,3.945870238977062,2,
2587,200,0.07524543813360683,39.274999999999956,0.11994259095787912,2.0,0.0,45.0,19.395251396648046,0.14642857142857135,5.925977653631285,7.800000000000023,3.0675977653631286,3.09999999999999,2.2565243292272705,1,
2588,200,0.07517023030565453,33.19999999999996,0.11994557346762864,2.0,0.0,46.0,20.463414634146343,0.30042016806722693,4.476422764227642,10.000000000000014,3.253821138211381,2.8999999999999986,4.518269702610112,2,
2589,200,0.0750950976479388,39.29999999999996,0.11995236299424061,2.0,1.0,45.0,18.591836734693878,0.18984962406015038,3.052478134110787,7.800000000000009,2.619679300291542,2.4999999999999982,2.5440350407462886,1,
2590,200,0.07502004008532698,36.74999999999996,0.11995642594744937,2.0,0.0,44.0,19.95886075949367,0.25,1.9651898734177216,7.900000000000011,3.150632911392406,2.9000000000000163,2.5273160534070516,1,
2591,200,0.07494505754276144,28.54999999999998,0.1199591126355655,2.0,0.0,36.0,15.947653429602887,0.2606382978723404,1.947653429602888,4.899999999999998,2.0265342960288777,1.999999999999999,1.209426225502171,2,
2592,200,0.07487014994525974,34.599999999999966,0.11995946233853096,2.0,0.0,41.0,19.62889983579639,0.27586206896551724,2.6551724137931036,5.800000000000014,2.6686371100164212,2.8999999999999964,2.143143658326147,1,
2593,200,0.07479531721791423,40.074999999999946,0.11995983318274331,2.0,0.0,50.0,20.092178770949722,0.16958041958041958,5.670391061452514,11.10000000000002,3.485754189944136,3.3,4.477096292828536,1,
2594,200,0.07472055928589216,42.34999999999995,0.11996480477455995,2.0,0.0,41.0,20.06125,0.03187919463087252,7.01625,6.900000000000014,2.7867499999999947,2.6999999999999966,1.9512274862929533,0,
2595,200,0.07464587607443557,34.47499999999995,0.11996485671501222,2.0,0.0,41.0,18.702513966480446,0.13076923076923075,6.650837988826815,7.000000000000026,2.8530726256983243,2.299999999999999,3.2015191503057894,2,
2596,200,0.07457126750886131,41.574999999999946,0.11996261467341314,2.0,0.0,40.0,20.1325,0.016233766233766156,8.0225,5.700000000000006,2.829499999999997,2.799999999999991,1.037181370595895,0,
2597,200,0.07449673351456078,35.499999999999964,0.11996237962359046,2.0,0.0,40.0,19.411490683229815,0.22033898305084754,5.170807453416149,5.999999999999998,2.929813664596274,2.8999999999999986,1.7440532388151502,1,
2598,200,0.07442227401699995,40.19999999999996,0.11996504889364022,2.0,1.0,37.0,19.55375,0.021126760563380254,6.4325,7.0000000000000036,2.4822499999999974,2.1999999999999895,2.0796381869346803,0,
2599,200,0.07434788894171933,28.124999999999964,0.1199646466169173,2.0,0.0,42.0,17.585798816568047,0.38829787234042556,0.49506903353057197,6.00000000000001,2.5552268244575895,2.6999999999999984,1.791710419843762,2,
2600,200,0.07427357821433388,38.97499999999995,0.11996682908105905,2.0,0.0,42.0,19.066153846153846,0.20736434108527124,2.4953846153846153,6.2000000000000135,2.7666153846153825,2.899999999999993,2.1468443948979754,1,
2601,200,0.07419934176053282,34.24999999999996,0.11996778456580104,2.0,0.0,38.0,20.26356589147287,0.2076271186440677,3.986046511627907,6.100000000000004,3.4489922480620208,3.8000000000000123,2.187651529719448,1,
2602,200,0.0741251795060797,25.62499999999997,0.11997156778831035,3.0,0.0,40.0,17.78213507625272,0.43023255813953487,2.008714596949891,5.400000000000007,2.4956427015250546,2.3999999999999946,2.2010807860262065,2,
2603,200,0.07405109137681225,43.44999999999996,0.11997301300736388,2.0,0.0,41.0,18.99,0.04251700680272119,4.805,5.899999999999996,2.143999999999995,1.9999999999999911,1.1823658474466334,0,
2604,200,0.07397707729864236,38.224999999999966,0.11997448922782747,2.0,0.0,42.0,18.429003021148038,0.1996124031007751,3.297583081570997,6.399999999999999,2.4536253776435015,2.099999999999998,2.5499246993106643,1,
2605,200,0.07390313719755595,41.79999999999995,0.11997851354734332,2.0,0.0,41.0,20.04625,0.024834437086092676,6.7625,7.000000000000012,2.7777500000000015,2.299999999999999,2.7217591902487643,0,
2606,200,0.0738292709996129,39.17499999999996,0.1199774704144554,2.0,0.0,42.0,19.339385474860336,0.1376811594202898,5.029329608938547,6.400000000000008,3.0340782122905012,2.9999999999999964,2.234960353454084,1,
2607,200,0.07375547863094695,39.67499999999995,0.11998031863222039,2.0,0.0,40.0,20.77625,0.02450980392156854,9.78625,6.600000000000011,3.215750000000001,3.1999999999999975,2.0874051990706324,0,
2608,200,0.07368176001776583,37.04999999999996,0.11998113683394801,2.0,0.0,40.0,19.13150289017341,0.1507633587786259,5.440751445086705,6.599999999999998,2.9468208092485533,2.9999999999999982,1.8065110062794618,1,
2609,200,0.07360811508635084,40.27499999999995,0.11998095563281778,2.0,1.0,39.0,20.10125,0.02083333333333326,8.29125,5.400000000000007,2.8107499999999987,2.7999999999999976,1.195586305603604,0,
2610,200,0.0735345437630571,35.34999999999996,0.11998383051218024,2.0,0.0,44.0,21.236453201970445,0.27459016393442626,3.7454844006568146,7.800000000000026,3.6331691297208555,3.499999999999999,3.0339161993097643,1,
2611,200,0.0734610459743132,41.32499999999995,0.11998903528170392,2.0,0.0,39.0,19.092071611253196,0.051369863013698724,5.1138107416879794,4.999999999999993,2.414705882352937,2.2999999999999945,1.5531238726916246,1,
2612,200,0.07338762164662144,33.34999999999998,0.11998894704333339,2.0,0.0,43.0,16.155668358714045,0.2681818181818182,1.9593908629441625,6.599999999999998,2.013367174280876,1.8999999999999932,1.528472056802559,2,
2613,200,0.07331427070655744,38.97499999999993,0.11999228775557597,2.0,0.0,40.0,21.09875,0.030000000000000027,9.39,7.900000000000013,3.409250000000005,2.899999999999997,3.6572701519846476,0,
2614,200,0.07324099308077024,30.324999999999974,0.1199948836517324,2.0,0.0,45.0,16.9,0.29854368932038833,1.5553571428571429,8.200000000000024,2.5978571428571424,1.799999999999996,4.787224959263285,2,
2615,200,0.07316778869598221,35.22499999999996,0.11999815946945827,2.0,0.0,45.0,21.12807881773399,0.29065040650406504,3.9211822660098523,9.300000000000031,3.568144499178987,2.9999999999999964,6.226325496117393,1,
2616,200,0.07309465747898901,41.39999999999995,0.12000066192318354,2.0,0.0,39.0,20.33375,0.028523489932885893,9.46875,5.600000000000014,2.95025,2.799999999999997,1.4276771682455838,0,
2617,200,0.07302159935665936,34.174999999999955,0.12000241046538349,2.0,1.0,46.0,20.113300492610836,0.2954545454545454,4.495894909688013,9.800000000000017,2.95927750410509,2.299999999999999,5.463512402933584,1,
2618,200,0.07294861425593517,32.92499999999997,0.12000708573827631,2.0,0.0,38.0,18.930081300813008,0.25,3.604878048780488,5.499999999999993,2.3338211382113774,2.199999999999989,1.2715749397182625,1,
2619,200,0.07287570210383128,32.799999999999976,0.12000894852318401,2.0,1.0,38.0,18.454545454545453,0.2239130434782608,3.3620689655172415,4.499999999999992,2.305172413793098,2.199999999999997,0.8820914006628255,1,
2620,200,0.07280286282743559,39.174999999999955,0.12000897720183103,2.0,1.0,42.0,19.7987012987013,0.07993197278911568,6.835064935064935,6.9,2.9603896103896084,2.7999999999999954,1.9457719611603403,1,
2621,33,0.0727300963539088,3.0000000000000004,0.12000880564759239,1.0,0.0,4.0,2.1875,0,0.08035714285714286,1.5999999999999996,0.6491071428571428,0.6000000000000002,0.16179781551462957,4,
2622,200,0.07265740261048442,34.72499999999995,0.12000828069230922,2.0,0.0,40.0,20.438423645320196,0.2585470085470085,3.6798029556650245,7.300000000000008,3.1543513957307066,2.999999999999993,2.1097117126833584,1,
2623,200,0.07258478152446868,40.299999999999955,0.12000870876312104,2.0,0.0,38.0,20.00375,0.011904761904761862,7.93625,6.700000000000012,2.7522500000000005,2.5999999999999925,1.4413721896440603,0,
2624,200,0.07251223302324053,36.349999999999966,0.12001037183000288,2.0,1.0,40.0,18.301470588235293,0.17399999999999993,4.345588235294118,5.399999999999994,2.436764705882347,2.299999999999998,1.3194747393484831,1,
2625,200,0.07243975703425146,42.199999999999946,0.12001419188460649,2.0,0.0,41.0,20.755,0.030645161290322687,7.9325,6.400000000000005,3.203,3.1999999999999895,1.8912939551468162,0,
2626,200,0.07236735348502546,35.374999999999964,0.12001723286500626,2.0,0.0,40.0,19.413109756097562,0.2012195121951219,4.759146341463414,5.600000000000021,3.0125000000000033,3.399999999999995,2.062958299929138,1,
2627,200,0.07229502230315894,35.424999999999955,0.12001782956669022,3.0,0.0,46.0,18.962603878116344,0.14179104477611948,5.662049861495845,8.80000000000002,2.9860110803324083,2.3999999999999977,3.9001026505756147,2,
2628,200,0.07222276341632078,41.59999999999995,0.12002133515421981,2.0,0.0,41.0,19.984168865435358,0.08561643835616439,7.04353562005277,6.000000000000005,3.1782321899736163,3.099999999999992,1.9973528577371131,1,
2629,200,0.07215057675225206,31.224999999999966,0.12002223169971664,3.0,0.0,48.0,18.763843648208468,0.2760869565217391,4.874592833876221,10.800000000000034,3.099837133550491,2.3999999999999932,5.649640366583163,2,
2630,200,0.0720784622387661,33.72499999999996,0.1200242909902938,3.0,0.0,50.0,17.15701219512195,0.1680327868852458,3.6905487804878048,10.800000000000038,2.707012195121953,1.6999999999999984,7.344541066843324,3,
2631,200,0.07200641980374836,37.949999999999974,0.1200280499000774,2.0,1.0,38.0,17.645953757225435,0.14370078740157477,4.345375722543353,4.699999999999993,2.055491329479763,1.9499999999999955,1.128975093085074,1,
2632,200,0.07193444937515645,35.94999999999995,0.12002972131521895,2.0,1.0,46.0,21.22626582278481,0.24612403100775193,5.329113924050633,10.20000000000003,3.911075949367091,3.4000000000000004,5.530144333200682,1,
2633,200,0.07186255088101991,25.199999999999985,0.12002880344138633,3.0,0.0,47.0,14.919282511210762,0.3392857142857143,0.820627802690583,9.200000000000022,2.9047085201793728,1.8999999999999986,6.743487067340346,3,
2634,200,0.07179072424944025,19.499999999999986,0.12002874538423669,3.0,0.0,44.0,13.929971988795518,0.46212121212121215,1.2352941176470589,7.500000000000013,2.2532212885154066,1.4999999999999964,3.9808962086498116,3,
2635,200,0.07171896940859077,43.874999999999936,0.12003367569823156,2.0,0.0,40.0,20.11375,0.01774193548387104,6.53875,6.099999999999999,2.8182499999999995,2.6999999999999953,1.7713697052651711,0,
2636,200,0.07164728628671672,32.77499999999995,0.12003234420931502,2.0,0.0,42.0,19.849683544303797,0.24572649572649574,4.3924050632911396,8.900000000000023,3.08512658227848,2.199999999999994,5.630678954391755,1,
2637,200,0.07157567481213492,39.174999999999955,0.12003100612150348,2.0,0.0,42.0,19.60888252148997,0.15217391304347827,6.074498567335244,6.800000000000002,3.231375358166189,3.299999999999997,2.2494070233557752,1,
2638,200,0.0715041349132339,41.64999999999995,0.12003690473993067,2.0,1.0,41.0,18.79551451187335,0.08566433566433562,7.319261213720317,5.499999999999996,2.4650395778364067,2.399999999999994,1.253120319268732,1,
2639,200,0.07143266651847373,34.77499999999995,0.1200357206907075,2.0,0.0,42.0,18.672922252010725,0.10769230769230775,6.2841823056300266,7.899999999999999,2.520777479892757,2.0999999999999988,2.953903362892294,2,
2640,200,0.07136126955638605,36.524999999999956,0.12003603086031375,2.0,0.0,43.0,20.382113821138212,0.25826446280991733,1.9869918699186992,7.499999999999997,3.2050406504065014,3.0999999999999974,2.1410371631625753,1,
2641,200,0.07128994395557388,39.14999999999995,0.12003710148164866,2.0,0.0,36.0,19.73,0.012411347517730542,7.9175,7.300000000000002,2.587999999999997,2.399999999999997,2.0002091253267666,0,
2642,200,0.0712186896447116,26.699999999999967,0.12003560229112914,2.0,0.0,52.0,20.713043478260868,0.47631578947368425,2.717391304347826,12.200000000000035,4.269347826086962,3.7999999999999927,8.188120879588329,2,
2643,200,0.07114750655254487,30.224999999999973,0.12003704394828793,2.0,0.0,48.0,18.524590163934427,0.4065656565656566,0.639344262295082,10.400000000000025,3.2639344262295102,2.1999999999999984,8.754801610796916,2,
2644,200,0.07107639460789066,36.74999999999996,0.12003775330972381,2.0,0.0,40.0,20.23720930232558,0.20599999999999996,4.017054263565892,6.200000000000024,3.4331782945736466,3.599999999999995,2.569044910870547,1,
2645,200,0.07100535373963698,40.19999999999997,0.12003655806536229,1.0,0.0,36.0,19.4525,0.01642335766423364,6.3375,4.6999999999999975,2.421499999999996,2.4999999999999902,0.977889277951998,0,
2646,200,0.07093438387674295,40.37499999999995,0.1200385377846758,2.0,0.0,42.0,20.27,0.03523489932885915,7.355,7.600000000000015,2.9119999999999995,2.299999999999999,3.093710833923205,0,
2647,200,0.07086348494823869,33.32499999999996,0.1200428873804632,2.0,0.0,39.0,19.154351395730707,0.2678571428571429,2.5057471264367814,4.899999999999994,2.383908045977006,2.3999999999999924,0.8909092968075899,1,
2648,200,0.0707926568832253,34.87499999999995,0.120048773207597,3.0,0.0,48.0,21.45528455284553,0.2987804878048781,5.131707317073171,9.60000000000003,3.8489430894309,3.2999999999999967,5.353504907145009,1,
2649,200,0.07072189961087469,37.24999999999997,0.1200525877216557,2.0,0.0,38.0,18.130681818181817,0.1339999999999999,4.776988636363637,5.800000000000003,2.3374999999999964,2.2999999999999954,1.2005279904764814,1,
2650,200,0.0706512130604296,27.524999999999974,0.12005228177529434,2.0,1.0,47.0,18.90308370044053,0.4697802197802198,2.3237885462555066,9.300000000000031,3.089427312775332,2.5999999999999917,5.486787084879837,2,
2651,200,0.0705805971612034,44.84999999999995,0.12005519429652634,2.0,0.0,40.0,20.67125,0.025974025974025983,4.485,6.500000000000028,3.1527499999999993,3.099999999999989,2.3882711691737186,0,
2652,200,0.0705100518425803,39.87499999999996,0.12005702387116568,2.0,0.0,40.0,18.70744680851064,0.09074074074074079,4.555851063829787,4.999999999999997,2.459574468085101,2.4000000000000004,0.8603353828361647,1,
2653,200,0.07043957703401492,35.77499999999995,0.12006364229370958,2.0,0.0,42.0,21.33816425120773,0.23818897637795278,6.210950080515298,7.40000000000002,3.855716586151375,4.000000000000004,2.874680894098147,1,
2654,200,0.07036917266503243,37.549999999999955,0.12006744621093707,2.0,0.0,44.0,19.94658753709199,0.19656488549618323,4.44213649851632,7.4000000000000306,3.4096439169139514,3.5000000000000098,2.6814114137912237,1,
2655,200,0.07029883866522844,43.09999999999995,0.12007177620495865,2.0,1.0,43.0,20.0690537084399,0.07051282051282048,6.549872122762149,7.3,3.0008951406649604,2.2999999999999985,3.675133085754773,1,
2656,200,0.07022857496426901,40.12499999999994,0.12007646680214944,3.0,0.0,43.0,20.18882978723404,0.1037414965986394,6.1875,7.700000000000016,3.348404255319147,3.1999999999999935,2.976864419817414,1,
2657,200,0.0701583814918904,45.24999999999996,0.12008013825241981,2.0,0.0,43.0,20.1875,0.04113924050632911,5.94,6.600000000000017,2.8624999999999976,2.5999999999999965,1.9318967685887072,0,
2658,200,0.07008825817789911,37.37499999999995,0.12008217605874245,2.0,0.0,44.0,20.52073732718894,0.21923076923076934,4.548387096774194,8.100000000000026,3.6462365591397896,3.4999999999999947,3.8702676262388187,1,
2659,200,0.07001820495217183,46.69999999999996,0.12008360077164373,2.0,0.0,43.0,19.3125,0.0370967741935484,5.20375,7.600000000000027,2.3375000000000012,1.9999999999999922,2.344097412652221,0,
2660,200,0.06994822174465536,37.049999999999955,0.12008452831007309,2.0,1.0,44.0,20.361764705882354,0.17962962962962958,5.6838235294117645,9.500000000000021,3.6729411764705917,3.2999999999999963,4.872807769913033,1,
2661,200,0.06987830848536646,41.19999999999996,0.1200910070479847,2.0,1.0,39.0,19.63875,0.03368794326241131,7.0325,6.3999999999999995,2.533249999999998,2.3999999999999995,1.2887964512444618,0,
2662,200,0.06980846510439187,40.47499999999995,0.12009196733047152,2.0,0.0,40.0,19.00644329896907,0.06468531468531458,5.981958762886598,5.199999999999999,2.4260309278350456,2.3999999999999906,1.1557160626063825,1,
2663,200,0.06973869153188816,40.77499999999995,0.12009793530244839,2.0,1.0,42.0,19.96891891891892,0.10517241379310338,7.052702702702702,6.999999999999998,3.298918918918919,2.9999999999999973,2.958896126545169,1,
2664,200,0.06966898769808184,44.72499999999995,0.12010489059709206,2.0,0.0,43.0,20.6725,0.034810126582278444,7.9425,7.200000000000005,3.1534999999999997,3.1999999999999904,2.138291091079839,0,
2665,200,0.06959935353326901,16.349999999999984,0.12010760943518166,3.0,0.0,42.0,15.94516129032258,0.5714285714285714,0.15161290322580645,6.700000000000025,2.9780645161290367,2.549999999999997,4.745568216110497,3,
2666,200,0.06952978896781553,24.349999999999977,0.1201075524341392,2.0,0.0,43.0,17.836644591611478,0.4537037037037037,0.8830022075055187,8.000000000000012,3.010154525386316,1.8999999999999986,5.709990936025927,3,
2667,200,0.06946029393215677,22.549999999999976,0.12011160134618198,4.0,0.0,50.0,16.992592592592594,0.43125,1.4148148148148147,11.000000000000043,4.0424691358024765,2.199999999999999,12.080393479003165,3,
2668,200,0.06939086835679777,37.074999999999974,0.12011352826342153,2.0,0.0,40.0,17.40701219512195,0.19999999999999996,2.176829268292683,4.899999999999992,1.8088414634146304,1.7999999999999987,0.9102288217319023,1,
2669,200,0.0693215121723129,36.14999999999996,0.12011375221456062,2.0,0.0,41.0,19.63005780346821,0.171875,5.238439306358382,7.200000000000027,3.245953757225434,2.9999999999999982,2.5839919141800705,1,
2670,200,0.069252225309346,30.349999999999973,0.12011566804097003,3.0,0.0,43.0,18.35129740518962,0.39,1.9580838323353293,7.200000000000015,3.016367265469063,2.399999999999996,4.396915298804799,2,
2671,200,0.06918300769861012,35.749999999999964,0.12011728109054401,2.0,0.0,42.0,19.033232628398792,0.20669291338582685,5.474320241691843,6.200000000000011,2.8161631419939575,2.699999999999997,2.1976138580650555,1,
2672,200,0.06911385927088774,22.274999999999984,0.12011606621725311,5.0,0.0,46.0,15.700460829493087,0.4104938271604939,2.7857142857142856,8.800000000000027,2.975345622119819,2.299999999999997,4.270129117889125,3,
2673,200,0.06904477995703041,36.42499999999995,0.12011573562909766,2.0,0.0,44.0,22.165845648604268,0.2618110236220472,5.3957307060755335,7.600000000000004,4.190804597701156,4.7,3.338775021570342,1,
2674,200,0.06897576968795878,26.374999999999964,0.1201186700038093,2.0,0.0,43.0,21.235849056603772,0.4913793103448276,2.1910377358490565,7.700000000000021,4.021933962264155,4.000000000000002,4.056687692949551,2,
2675,200,0.06890682839466256,34.39999999999997,0.12012441895231862,2.0,0.0,39.0,18.323943661971832,0.2282608695652173,4.222222222222222,4.899999999999999,2.515649452269166,2.4999999999999973,1.3559399490595618,2,
2676,200,0.06883795600820049,38.47499999999995,0.12012901338005744,2.0,0.0,46.0,22.302134646962234,0.26515151515151514,4.348111658456486,8.400000000000018,4.272577996715933,4.299999999999998,3.948174935289067,1,
2677,200,0.06876915245970018,40.64999999999996,0.12013214061660268,2.0,0.0,41.0,18.0387811634349,0.12226277372262784,3.8698060941828256,5.399999999999996,2.2322714681440394,2.1999999999999895,1.2916618612154964,1,
2678,200,0.06870041768035805,38.17499999999997,0.12013264428218465,2.0,1.0,40.0,18.392215568862277,0.18307086614173218,3.9266467065868262,5.8,2.457185628742513,1.9999999999999976,2.0206564878995534,1,
2679,200,0.0686317516014393,40.02499999999995,0.12013748976900798,2.0,0.0,43.0,19.50923482849604,0.09859154929577474,6.897097625329815,7.000000000000025,2.8932717678100257,2.5999999999999974,2.7258565727344237,1,
2680,200,0.06856315415427791,21.72499999999996,0.12013680542737608,2.0,0.0,43.0,19.309302325581395,0.5097402597402597,0.6558139534883721,8.600000000000009,2.9813953488372076,2.399999999999995,5.388287659749395,3,
2681,200,0.06849462527027637,23.19999999999999,0.1201376636200506,5.0,0.0,54.0,17.038567493112946,0.5032467532467533,0.859504132231405,13.20000000000004,4.036639118457308,1.6999999999999984,14.60540753445459,3,
2682,200,0.06842616488090583,45.69999999999996,0.12013664910697094,2.0,1.0,42.0,19.056701030927837,0.06907894736842102,4.282216494845361,6.300000000000015,2.456185567010308,1.999999999999994,2.556589695686478,1,
2683,200,0.06835777291770583,32.59999999999999,0.12013813669571707,2.0,0.0,42.0,16.825657894736842,0.24537037037037046,4.833881578947368,6.400000000000001,2.339473684210521,2.1999999999999957,1.3358138628967475,2,
2684,200,0.06828944931228448,34.62499999999997,0.1201390383860263,1.0,0.0,38.0,18.471544715447155,0.25450450450450446,2.6715447154471543,4.79999999999999,2.0586991869918636,1.9999999999999956,0.6359544608485945,1,
2685,200,0.06822119399631812,36.824999999999974,0.12014089111633454,2.0,1.0,37.0,18.13941018766756,0.0859375,3.9222520107238608,4.999999999999997,2.162064343163534,2.0999999999999885,1.16801338688086,1,
2686,200,0.06815300690155146,39.12499999999996,0.12014399448934666,2.0,0.0,45.0,19.736176935229068,0.24224806201550386,2.1105845181674567,8.200000000000003,3.0271721958925712,2.6999999999999913,3.970077267100592,1,
2687,200,0.06808488795979734,42.07499999999993,0.12015100412516805,2.0,0.0,44.0,20.6425,0.044117647058823595,6.8575,8.400000000000029,3.1355,2.5999999999999988,3.636895432649143,0,
2688,200,0.06801683710293688,34.19999999999997,0.12015773250854697,2.0,0.0,39.0,19.70279146141215,0.25877192982456143,3.3711001642036127,5.999999999999998,2.712972085385876,2.3999999999999977,1.8933179465056074,1,
2689,200,0.0679488542629192,33.62499999999995,0.12016430021437915,2.0,0.0,42.0,20.880131362889983,0.2666666666666667,4.653530377668309,8.300000000000018,3.4193760262725776,2.8999999999999884,3.5915554357204784,1,
2690,200,0.06788093937176144,43.27499999999998,0.12017030941520672,2.0,0.0,39.0,19.00375,0.030405405405405483,7.19625,4.599999999999988,2.1522499999999942,2.099999999999997,0.701571033704737,0,
2691,200,0.06781309236154871,44.02499999999994,0.12017514446432088,3.0,1.0,42.0,21.75625,0.03164556962025311,7.66,7.600000000000014,3.803750000000007,3.900000000000011,3.1482908567044925,0,
2692,200,0.06774531316443397,24.574999999999967,0.1201773631886724,2.0,0.0,45.0,19.457471264367815,0.4941860465116279,3.117241379310345,9.700000000000014,3.142298850574711,2.3999999999999946,5.767850484082378,2,
2693,200,0.06767760171263805,32.84999999999996,0.12018052905654533,2.0,0.0,42.0,20.697560975609758,0.26724137931034486,5.351219512195122,7.2000000000000215,3.3943089430894364,3.2000000000000304,3.1887727907272088,1,
2694,200,0.0676099579384495,42.44999999999996,0.12018294373567091,2.0,1.0,42.0,20.28125,0.031045751633986818,7.74,6.999999999999999,2.9187499999999975,2.8999999999999977,1.9220014406272534,0,
2695,200,0.06754238177422452,33.52499999999996,0.12018367839952995,2.0,0.0,38.0,19.976076555023923,0.22435897435897445,4.67304625199362,5.899999999999997,3.1082934609250406,3.299999999999993,1.512758033007064,1,
2696,200,0.0674748731523869,27.974999999999966,0.12018584839543797,2.0,0.0,45.0,18.17557251908397,0.351010101010101,2.864503816793893,8.500000000000023,3.260687022900766,2.6999999999999984,4.337134407721039,2,
2697,200,0.0674074320054281,33.94999999999997,0.12018571376735065,2.0,0.0,45.0,17.311290322580646,0.24152542372881358,3.3693548387096772,9.30000000000002,2.640645161290323,1.5999999999999983,5.600846412191528,2,
2698,200,0.06734005826590692,35.24999999999996,0.12018647788325659,2.0,0.0,39.0,19.519747235387047,0.22457627118644075,4.1295418641390205,5.700000000000008,2.89731437598736,2.999999999999996,1.4486061973405733,1,
2699,200,0.06727275186644961,43.47499999999996,0.12018494888881118,2.0,0.0,38.0,20.2475,0.020547945205479534,7.67875,7.100000000000004,2.898499999999999,2.8999999999999897,1.5095501086720533,0,
2700,200,0.06720551273974976,41.349999999999966,0.12018780700127987,2.0,0.0,40.0,18.624675324675323,0.07269503546099298,4.0636363636363635,5.599999999999999,2.255974025974021,2.099999999999997,1.1137129426765768,1,
2701,200,0.06713834081856826,40.699999999999974,0.12018412496097258,2.0,0.0,39.0,18.42162162162162,0.09420289855072461,5.555405405405406,4.899999999999993,2.3705405405405338,2.3999999999999986,1.1165125575466681,1,
2702,200,0.06707123603573319,28.69999999999996,0.12018478138756751,3.0,1.0,48.0,20.047619047619047,0.3846153846153846,4.55047619047619,10.900000000000029,4.087619047619052,3.099999999999995,8.980888819551348,2,
2703,200,0.06700419832413973,40.59999999999996,0.12018880618811333,2.0,0.0,40.0,19.70125,0.03819444444444442,7.195,5.700000000000005,2.570749999999996,2.4999999999999947,1.1668462606972831,0,
2704,200,0.06693722761675015,33.64999999999998,0.12019033691158153,2.0,0.0,40.0,16.289137380191693,0.20132743362831862,3.0910543130990416,5.0,2.0809904153354597,1.8999999999999961,1.2455363827751194,2,
2705,200,0.0668703238465938,43.024999999999956,0.1201966727004723,2.0,0.0,44.0,20.26875,0.044871794871794934,6.43125,7.499999999999996,2.9112499999999955,2.8999999999999893,1.7348761482439838,0,
2706,200,0.06680348694676687,32.52499999999996,0.12019616937045724,2.0,0.0,41.0,18.51559934318555,0.2543859649122807,3.909688013136289,6.000000000000025,2.9169129720853904,2.999999999999998,3.071462791199332,2,
2707,200,0.06673671685043246,34.924999999999955,0.12019887656147452,2.0,0.0,39.0,19.56260162601626,0.24152542372881358,4.590243902439024,5.599999999999999,2.7133333333333307,2.899999999999992,1.4538748466517186,1,
2708,200,0.06667001349082043,36.824999999999974,0.12020136336040074,2.0,0.0,42.0,18.015492957746478,0.12698412698412698,4.983098591549296,7.00000000000002,2.540422535211268,2.099999999999992,2.530807658813073,2,
2709,200,0.06660337680122747,40.07499999999996,0.12020700233445425,2.0,0.0,42.0,19.147757255936675,0.08687943262411357,5.369393139841689,6.0000000000000275,2.6763852242744064,2.4999999999999947,1.6349992777119426,1,
2710,200,0.06653680671501686,41.49999999999996,0.12020672257333562,2.0,0.0,40.0,20.85125,0.040000000000000036,5.495,6.700000000000014,3.2607500000000016,3.0999999999999983,1.990662547910249,0,
2711,200,0.0664703031656185,26.24999999999996,0.12020362730342979,2.0,0.0,47.0,20.544086021505375,0.4565217391304348,2.533333333333333,9.600000000000039,4.128602150537639,2.9999999999999947,8.082595641556967,2,
2712,200,0.06640386608652883,35.64999999999994,0.12020598850940106,2.0,1.0,44.0,21.436392914653783,0.25,5.880837359098229,7.300000000000035,3.914653784219007,4.100000000000002,2.496909293641761,1,
2713,200,0.06633749541131082,31.94999999999997,0.12020322493272304,3.0,1.0,47.0,18.55971479500891,0.3584905660377359,4.03921568627451,9.300000000000022,2.689483065953652,2.0999999999999983,3.7442328418912307,2,
2714,200,0.06627119107359372,32.89999999999996,0.12020239865957233,2.0,0.0,40.0,20.17560975609756,0.26327433628318586,4.878048780487805,5.799999999999995,3.0811382113821146,3.2999999999999963,1.9487875967680595,1,
2715,200,0.06620495300707324,37.72499999999996,0.12020353196501976,2.0,0.0,42.0,19.864433811802233,0.23412698412698418,3.4322169059011163,7.900000000000009,3.041307814992024,2.8999999999999964,3.2512046458151143,1,
2716,200,0.06613878114551125,40.89999999999995,0.12020531083209685,2.0,0.0,40.0,19.72125,0.03819444444444442,6.20875,7.00000000000001,2.5827499999999977,2.099999999999997,2.463706287041093,0,
2717,200,0.06607267542273594,32.37499999999997,0.12020372906027872,2.0,0.0,43.0,19.07035175879397,0.29504504504504503,2.591289782244556,7.400000000000026,3.0107202680067005,2.99999999999999,3.0488383537967936,2,
2718,200,0.06600663577264156,39.39999999999996,0.12020321446102365,2.0,0.0,43.0,18.11675824175824,0.13636363636363646,2.8049450549450547,7.200000000000022,2.2530219780219762,1.6999999999999964,2.7638422364491086,1,
2719,200,0.06594066212918846,31.299999999999944,0.12020300818124566,2.0,0.0,43.0,20.499178981937604,0.28539823008849563,4.684729064039409,7.800000000000022,3.1908045977011548,2.5999999999999983,3.915656708369316,1,
2720,200,0.06587475442640295,37.899999999999956,0.12019707049191855,2.0,0.0,44.0,17.983383685800604,0.19573643410852704,3.134441087613293,7.600000000000014,2.83882175226586,2.299999999999998,3.4465823070762234,2,
2721,200,0.06580891259837739,30.149999999999956,0.12019655757115347,2.0,1.0,40.0,18.441176470588236,0.2833333333333333,3.58477508650519,7.200000000000027,3.1735294117647093,3.0000000000000027,3.4938599389972205,2,
2722,200,0.0657431365792699,36.44999999999996,0.12019358052958223,2.0,1.0,41.0,19.17527386541471,0.22540983606557385,4.05320813771518,6.000000000000008,2.746635367762125,2.5999999999999974,1.9389253526645809,1,
2723,200,0.06567742630330448,33.79999999999997,0.12019282349081148,2.0,0.0,44.0,18.558631921824105,0.2585470085470085,3.0977198697068404,7.400000000000018,3.1760586319218262,2.699999999999994,4.185480258358893,2,
2724,200,0.0656117817047708,31.824999999999957,0.12019198984755201,2.0,0.0,45.0,19.753694581280786,0.3035714285714286,4.364532019704433,7.9000000000000234,2.7435139573070595,2.1999999999999993,3.415537748058688,1,
2725,200,0.06554620271802433,38.82499999999996,0.12018915074958295,1.0,0.0,42.0,18.748837209302327,0.2224409448818898,1.9007751937984496,6.699999999999999,2.5401550387596883,1.999999999999996,2.8034640789954417,1,
2726,200,0.06548068927748603,43.12499999999996,0.12018399345433008,2.0,0.0,39.0,19.42,0.03082191780821919,5.275,6.2999999999999945,2.4019999999999966,2.2999999999999954,1.53589839984125,0,
2727,200,0.06541524131764247,35.37499999999997,0.12018220139222427,2.0,0.0,41.0,19.051829268292682,0.20901639344262302,3.711890243902439,6.300000000000014,2.7957317073170724,2.599999999999992,2.334011595617375,1,
2728,200,0.06534985877304565,31.224999999999966,0.12018237663288675,2.0,0.0,42.0,18.480541455160743,0.2967289719626168,3.035532994923858,6.500000000000028,2.7331641285956003,2.299999999999997,3.141988662391224,2,
2729,200,0.06528454157831308,27.32499999999996,0.12017776191105226,2.0,0.0,41.0,18.965587044534413,0.3804347826086957,1.7793522267206479,6.80000000000002,3.539473684210534,3.8500000000000068,3.7167364107607836,2,
2730,200,0.06521928966812753,36.14999999999994,0.12017379860720205,2.0,0.0,44.0,21.679549114331724,0.258,5.537842190016103,7.500000000000045,4.060547504025776,4.500000000000025,3.199852764236107,1,
2731,200,0.06515410297723707,30.274999999999967,0.12017140112330443,2.0,0.0,43.0,19.411167512690355,0.31018518518518523,5.33502538071066,7.2,2.989001692047377,2.8999999999999977,2.690225148877698,2,
2732,200,0.065088981440455,42.49999999999995,0.12016826056786523,1.0,0.0,38.0,19.63125,0.011904761904761862,5.25875,6.300000000000006,2.5287499999999996,2.199999999999989,2.120976751526197,0,
2733,200,0.06502392499265983,37.32499999999998,0.1201658595177198,2.0,0.0,38.0,18.260479041916167,0.1721311475409837,2.154191616766467,5.900000000000015,2.3781437125748512,2.0999999999999988,1.969017733285839,1,
2734,200,0.06495893356879505,44.074999999999946,0.12016642687144741,2.0,1.0,42.0,20.775,0.03343949044585992,7.0075,7.600000000000011,3.215,2.899999999999989,2.867879481061711,0,
2735,200,0.06489400710386926,37.82499999999996,0.12016273275048538,2.0,0.0,42.0,18.641304347826086,0.221774193548387,1.7717391304347827,6.200000000000006,2.467701863354032,2.199999999999997,1.6860726970233977,1,
2736,200,0.06482914553295596,29.82499999999996,0.12016041639855218,2.0,0.0,42.0,18.25,0.28846153846153844,3.1607142857142856,7.600000000000027,3.3885714285714337,3.3999999999999986,4.249811510878578,2,
2737,200,0.06476434879119362,34.82499999999998,0.12016183894488211,2.0,0.0,40.0,16.76332288401254,0.19736842105263164,2.4341692789968654,5.4,2.2496865203761724,1.8999999999999975,1.488804499770296,2,
2738,200,0.06469961681378547,36.57499999999996,0.12016451116170863,2.0,0.0,43.0,20.914614121510674,0.266,4.55008210180624,7.300000000000008,3.4400656814449917,3.299999999999994,3.172787532355488,1,
2739,200,0.06463494953599953,46.07499999999994,0.12016824161514963,2.0,0.0,45.0,21.2175,0.043749999999999956,7.06875,8.10000000000004,3.4805,3.299999999999998,2.4429235670680987,0,
2740,200,0.06457034689316847,36.62499999999996,0.12016627359328835,2.0,0.0,40.0,20.444976076555022,0.2333333333333334,2.274322169059011,5.700000000000003,3.3896331738437033,3.600000000000004,1.5698008282289804,1,
2741,200,0.06450580882068972,43.09999999999994,0.12016122073969386,2.0,1.0,39.0,20.7875,0.013157894736842035,6.375,5.600000000000015,3.2224999999999984,3.399999999999988,0.9244951945237454,0,
2742,200,0.06444133525402518,38.84999999999995,0.12016079945193628,2.0,0.0,41.0,19.2229381443299,0.07374100719424459,5.219072164948454,5.500000000000011,2.574484536082469,2.4999999999999964,1.3090418566031516,2,
2743,200,0.06437692612870125,26.799999999999965,0.12015843002456801,4.0,0.0,44.0,20.11699779249448,0.4587912087912088,1.5849889624724063,9.400000000000032,3.7677704194260566,2.1999999999999984,10.427400588671082,2,
2744,200,0.06431258138030878,35.024999999999956,0.12015710735647421,2.0,0.0,41.0,20.10789049919485,0.24583333333333335,4.114331723027375,5.500000000000004,3.1175523349436385,3.299999999999996,1.6566849393216505,1,
2745,200,0.06424830094450308,44.97499999999996,0.12015792452013628,2.0,0.0,41.0,19.7675,0.026315789473684292,5.5925,6.7,2.6104999999999956,2.4999999999999947,1.7666925104570472,0,
2746,200,0.06418408475700368,44.67499999999995,0.1201584809625621,2.0,0.0,41.0,22.02625,0.006172839506172867,9.54875,7.800000000000033,3.965750000000005,4.1,2.861931409267852,0,
2747,200,0.0641199327535944,38.099999999999966,0.12015830447142808,2.0,0.0,41.0,19.507552870090635,0.1875,4.95619335347432,5.699999999999997,3.1007552870090636,3.400000000000008,1.958780334198159,1,
2748,200,0.06405584487012317,29.324999999999974,0.12015819314124566,2.0,0.0,40.0,16.991694352159467,0.22196261682243001,3.686046511627907,5.800000000000002,2.6044850498338876,2.499999999999991,1.87840699442335,2,
2749,200,0.06399182104250219,42.74999999999995,0.1201586740210486,2.0,0.0,39.0,19.85375,0.022108843537415046,5.35125,6.300000000000017,2.6622499999999993,2.3999999999999924,2.1395782805910812,0,
2750,200,0.06392786120670757,34.82499999999996,0.12015910450765158,2.0,0.0,45.0,19.36876006441224,0.2838983050847458,2.215780998389694,8.400000000000007,2.841223832528178,2.799999999999999,2.602977232652219,2,
2751,200,0.0638639652987795,40.99999999999996,0.1201565674552007,2.0,0.0,48.0,19.475130890052355,0.11301369863013688,5.482984293193717,9.900000000000027,2.8214659685863857,2.0999999999999965,4.951563402119285,1,
2752,200,0.063800133254822,45.224999999999966,0.12015611844864443,2.0,0.0,40.0,19.385,0.027027027027026973,3.68625,5.499999999999993,2.3809999999999936,2.2999999999999936,0.8591903424849067,0,
2753,200,0.06373636501100312,33.999999999999964,0.1201522425027356,2.0,1.0,43.0,17.93076923076923,0.19117647058823528,3.3676923076923075,6.600000000000027,2.938307692307693,2.6999999999999975,2.3080918298031605,2,
2754,200,0.06367266050355457,30.574999999999964,0.12015317995014532,2.0,0.0,41.0,20.822553897180764,0.2954545454545454,3.5787728026533996,7.800000000000005,3.4827529021558887,3.199999999999996,3.506080339266487,2,
2755,200,0.0636090196687718,27.074999999999967,0.1201512175102443,2.0,0.0,48.0,18.840425531914892,0.43817204301075274,2.597872340425532,9.600000000000032,3.281063829787237,2.999999999999994,4.8033014635648295,2,
2756,200,0.063545442443014,39.57499999999996,0.1201516567910675,2.0,1.0,43.0,20.279329608938546,0.13194444444444442,6.550279329608938,6.900000000000026,3.598044692737434,3.5999999999999988,3.2727120578166855,1,
2757,200,0.06348192876270395,43.69999999999994,0.1201499094836767,2.0,1.0,41.0,21.80375,0.014150943396226356,9.0075,7.200000000000008,3.8322500000000086,4.000000000000012,2.3333635833806157,0,
2758,200,0.06341847856432796,32.49999999999996,0.12015142453938436,2.0,0.0,39.0,20.05582922824302,0.2633928571428571,4.026272577996716,6.100000000000001,2.9247947454844003,2.9999999999999982,1.7972389991371935,1,
2759,200,0.06335509178443581,43.99999999999993,0.12015115870182574,2.0,0.0,41.0,21.41,0.030645161290322687,6.75375,6.400000000000003,3.5960000000000036,3.699999999999995,2.018437153808066,0,
2760,200,0.0632917683596407,44.29999999999997,0.12014867318895296,2.0,1.0,41.0,19.33375,0.036666666666666625,4.91,5.399999999999989,2.350249999999994,2.3999999999999915,1.0132265206664364,0,
2761,200,0.06322850822661927,27.124999999999975,0.1201446407538894,2.0,1.0,42.0,16.904661016949152,0.4297752808988764,0.6207627118644068,6.3,2.050635593220336,1.6999999999999988,2.2767471036838476,2,
2762,200,0.06316531132211131,44.52499999999996,0.12014276033537835,2.0,1.0,40.0,19.98375,0.016447368421052655,5.225,5.3000000000000105,2.740249999999993,2.8999999999999897,1.2287318573935264,0,
2763,200,0.06310217758291994,38.27499999999998,0.1201412307130644,1.0,0.0,37.0,17.841961852861036,0.1015625,4.209809264305177,4.099999999999991,2.05762942779291,1.9999999999999936,0.8133424840604713,1,
2764,200,0.0630391069459114,46.09999999999995,0.12014099250151027,2.0,0.0,44.0,20.435,0.04245283018867929,6.345,7.3000000000000345,3.011,2.999999999999994,2.469532858645107,0,
2765,200,0.06297609934801507,37.67499999999995,0.1201417485992671,2.0,0.0,43.0,18.798591549295775,0.15909090909090917,4.538028169014084,7.2000000000000295,2.7973239436619712,2.2499999999999947,2.697899599086711,2,
2766,200,0.06291315472622334,38.349999999999945,0.12013758843528233,3.0,0.0,44.0,21.25281803542673,0.2578125,1.9774557165861513,8.400000000000007,3.804508856682773,3.700000000000022,4.061342858624638,1,
2767,200,0.06285027301759159,44.24999999999995,0.12013796384486729,2.0,0.0,40.0,20.8875,0.023026315789473673,7.03,5.900000000000003,3.282500000000003,3.3999999999999897,1.2553957115558043,0,
2768,200,0.06278745415923806,30.599999999999966,0.12013513848942528,3.0,0.0,46.0,19.824110671936758,0.37264150943396224,3.774703557312253,9.300000000000011,4.139723320158108,3.699999999999997,7.071354814771455,2,
2769,200,0.06272469808834395,45.324999999999946,0.12013498232136409,2.0,0.0,47.0,20.90989847715736,0.08030303030303032,7.676395939086294,9.100000000000033,3.4390862944162435,2.7999999999999954,4.59672839535999,1,
2770,200,0.06266200474215315,39.049999999999955,0.12013444629667402,2.0,0.0,45.0,20.365558912386707,0.20895522388059695,3.826283987915408,8.00000000000002,3.6155589123867133,3.8999999999999972,2.9488129873152733,1,
2771,200,0.06259937405797232,44.74999999999996,0.12013005965108696,2.0,1.0,41.0,19.7625,0.03289473684210531,6.19375,5.999999999999992,2.6074999999999937,2.4999999999999893,1.4059959468686662,0,
2772,200,0.06253680597317074,44.94999999999995,0.120127969948119,2.0,1.0,40.0,21.15875,0.009615384615384581,5.3175,6.400000000000012,3.4452499999999993,3.4999999999999947,1.849305327039581,0,
2773,200,0.06247430042518036,35.04999999999996,0.12012699298368205,2.0,0.0,44.0,17.89425981873112,0.19715447154471555,3.814199395770393,7.600000000000031,2.7418429003021174,2.5999999999999988,2.4794481828574746,2,
2774,200,0.06241185735149562,28.54999999999996,0.1201270395649479,2.0,0.0,46.0,19.222903885480573,0.4097938144329897,1.5623721881390593,8.80000000000004,3.636400817995916,3.6999999999999926,4.697590331214494,2,
2775,200,0.06234947668967343,43.29999999999994,0.1201277479355985,2.0,0.0,45.0,20.797680412371133,0.08227848101265822,6.475515463917525,8.700000000000008,3.500773195876288,2.9999999999999973,4.443769668285822,1,
2776,200,0.0622871583773331,44.699999999999946,0.12012568222638335,2.0,1.0,45.0,20.78125,0.04874213836477992,5.575,7.900000000000036,3.218749999999999,2.9999999999999902,3.197003432817885,0,
2777,200,0.06222490235215636,46.549999999999955,0.12012812854511326,2.0,0.0,40.0,20.32375,0.012820512820512775,5.9175,6.100000000000018,2.9442499999999985,2.699999999999995,1.6406445010070434,0,
2778,200,0.062162708551887165,38.44999999999994,0.12012633959126218,2.0,0.0,47.0,22.991869918699187,0.26515151515151514,4.990243902439024,9.800000000000042,4.7708943089431015,4.900000000000009,4.943214708744073,1,
2779,200,0.0621005769143317,37.49999999999996,0.12012518968793587,2.0,0.0,41.0,20.479430379746834,0.22199999999999998,4.012658227848101,6.700000000000002,3.4629746835443047,3.3,2.554774762595054,1,
2780,200,0.06203850737735829,42.449999999999946,0.12012931140959396,2.0,0.0,42.0,19.68848167539267,0.08557046979865768,6.972513089005235,6.699999999999999,2.9494764397905735,3.0999999999999917,1.8147017877487428,1,
2781,200,0.061976499878897466,42.59999999999995,0.12012658105099416,2.0,0.0,42.0,19.91688654353562,0.08793103448275863,4.935356200527704,6.299999999999997,3.137862796833773,3.1999999999999966,2.0066305870722707,1,
2782,200,0.061914554356941674,36.87499999999996,0.12012583296801767,2.0,0.0,43.0,20.790769230769232,0.21153846153846145,4.478461538461539,8.500000000000037,3.8013846153846216,3.6000000000000014,4.445193219392278,1,
2783,200,0.06185267074954541,46.17499999999995,0.12012813458481758,2.0,0.0,42.0,21.79875,0.015432098765432167,8.0975,7.50000000000003,3.8292500000000036,4.000000000000002,2.296498025778185,0,
2784,200,0.061790848994825016,34.39999999999997,0.12012703956245432,2.0,0.0,38.0,19.073170731707318,0.25450450450450446,1.6536585365853658,4.499999999999991,2.4196747967479615,2.699999999999989,1.253323533144376,1,
2785,200,0.06172908903095879,44.849999999999966,0.12012989757114376,2.0,1.0,39.0,19.4125,0.01821192052980125,5.11,4.799999999999993,2.397499999999994,2.4999999999999893,1.0968454638210325,0,
2786,200,0.061667390796186744,45.07499999999994,0.1201292608052058,2.0,1.0,42.0,21.64875,0.02187500000000009,6.97875,7.300000000000023,3.739250000000004,3.8000000000000065,2.169762827754432,0,
2787,200,0.061605754228810636,27.449999999999957,0.12012776360943417,2.0,0.0,47.0,20.616071428571427,0.4697802197802198,1.0959821428571428,9.800000000000027,4.060937500000008,4.199999999999999,5.765846599203837,2,
2788,200,0.06154417926719386,45.82499999999996,0.1201270964002413,2.0,1.0,41.0,19.68125,0.024834437086092676,5.48625,5.3999999999999915,2.5587499999999954,2.5999999999999917,0.8829498171090876,0,
2789,200,0.0614826658497615,48.349999999999945,0.12012257923950007,2.0,0.0,43.0,20.84375,0.029503105590062084,5.24375,7.500000000000013,3.2562500000000005,3.2999999999999945,2.4302397347495948,0,
2790,200,0.06142121391500013,45.424999999999955,0.12012475319955346,2.0,0.0,42.0,20.37,0.02564102564102555,5.7225,6.100000000000008,2.971999999999996,3.099999999999992,1.3117680496375774,0,
2791,200,0.06135982340145778,36.94999999999996,0.12012595939217582,2.0,0.0,41.0,20.559349593495934,0.24593495934959342,2.273170731707317,6.30000000000002,3.311382113821139,3.500000000000016,2.069144210838033,1,
2792,200,0.061298494247743925,27.649999999999963,0.12012630978616487,2.0,0.0,45.0,21.95047169811321,0.49444444444444446,2.108490566037736,8.60000000000004,4.450707547169823,5.100000000000013,5.427624030037597,2,
2793,200,0.061237226392529445,22.29999999999997,0.12012612995848211,4.0,1.0,47.0,17.91,0.5131578947368421,1.2175,9.900000000000027,3.462250000000001,2.349999999999997,8.213451271570491,3,
2794,200,0.06117601977454647,35.14999999999998,0.12012515183598338,2.0,1.0,39.0,18.519354838709678,0.2456521739130435,2.720967741935484,4.799999999999992,2.151935483870963,2.0999999999999917,1.0604344964476968,1,
2795,200,0.06111487433258836,45.69999999999994,0.12012574336321281,2.0,0.0,43.0,21.4875,0.02777777777777768,6.95,7.600000000000005,3.6425000000000005,3.499999999999994,2.345297414527225,0,
2796,200,0.06105379000550965,33.09999999999995,0.12012703773230754,2.0,0.0,45.0,18.987364620938628,0.33108108108108103,3.732851985559567,8.400000000000025,3.4864620938628175,2.6999999999999975,5.6161707638923115,2,
2797,200,0.06099276673222606,45.52499999999996,0.12012589965295838,2.0,1.0,42.0,20.835,0.02358490566037741,5.96375,6.300000000000004,3.2510000000000017,3.399999999999997,2.472802863754486,0,
2798,200,0.06093180445171429,46.09999999999995,0.12012911710579857,2.0,1.0,43.0,20.5275,0.036163522012578664,6.78625,7.100000000000014,3.0665000000000004,3.0999999999999943,2.6456818838779568,0,
2799,200,0.06087090310301205,46.47499999999996,0.12012765471340875,2.0,1.0,41.0,20.375,0.023885350318471277,5.4175,5.8999999999999915,2.974999999999998,2.8000000000000185,1.3089270451985104,0,
2800,200,0.06081006262521795,27.649999999999963,0.12012735512050907,2.0,1.0,46.0,19.7247311827957,0.44354838709677424,1.6989247311827957,9.000000000000027,3.727311827956994,4.000000000000013,4.5986946869912995,2,
2801,200,0.060749282957491574,33.674999999999955,0.12012805427150948,2.0,1.0,40.0,19.227642276422763,0.26315789473684215,4.095934959349593,7.2000000000000055,2.512357723577233,1.999999999999997,2.796602648166176,1,
2802,200,0.06068856403905322,47.97499999999995,0.1201274618081803,2.0,0.0,42.0,20.2575,0.015432098765432167,5.41625,6.599999999999994,2.9045,2.8999999999999932,2.0265829165358142,0,
2803,200,0.06062790580918396,46.42499999999995,0.12013057633846938,2.0,0.0,42.0,21.47625,0.015625,6.75375,6.700000000000023,3.635750000000003,3.749999999999998,2.0030750673048074,0,
2804,200,0.060567308207225536,31.52499999999997,0.12012755707825844,4.0,1.0,51.0,16.80821917808219,0.23198198198198194,2.6164383561643834,11.400000000000034,3.1589041095890416,1.7999999999999936,9.281626013399652,3,
2805,200,0.06050677117258039,42.79999999999997,0.12012564793177108,2.0,1.0,38.0,19.66875,0.018965517241379404,6.79,5.900000000000006,2.551249999999999,2.299999999999989,1.8146762729316885,0,
2806,200,0.06044629464471146,35.79999999999996,0.12012321910316313,2.0,0.0,44.0,19.382911392405063,0.25416666666666665,3.2531645569620253,7.300000000000025,2.805063291139239,2.6999999999999957,2.217321686532836,1,
2807,200,0.06038587856314221,28.974999999999973,0.12011981254833144,2.0,0.0,42.0,17.717622080679405,0.4184782608695652,0.505307855626327,6.500000000000011,2.5760084925690014,2.199999999999999,2.565784168770288,2,
2808,200,0.06032552286745654,39.049999999999955,0.12012073563853351,2.0,0.0,42.0,19.911490683229815,0.21153846153846145,3.9906832298136647,6.200000000000016,3.229813664596271,3.149999999999995,2.0093954935079066,1,
2809,200,0.060265227497298776,33.199999999999946,0.12011915344497352,2.0,1.0,44.0,21.036124794745483,0.2974137931034483,3.909688013136289,7.400000000000024,3.6952380952381,3.6999999999999975,3.484863567730835,2,
2810,200,0.06020499239237354,20.499999999999982,0.12011845575254423,4.0,0.0,43.0,16.304461942257216,0.4818840579710145,0.7690288713910761,8.200000000000026,3.309711286089245,1.8999999999999981,7.383657343620891,3,
2811,200,0.06014481749244571,36.074999999999974,0.12011989724553984,2.0,0.0,39.0,16.323076923076922,0.16880341880341887,3.0476923076923077,4.999999999999994,1.9847692307692273,1.749999999999997,1.5084639016897048,2,
2812,200,0.06008470273734036,27.14999999999997,0.1201200670826662,2.0,0.0,42.0,19.652859960552266,0.3891752577319587,5.660749506903353,7.10000000000002,3.6972386587771258,3.8000000000000034,3.21700686253154,2,
2813,200,0.060024648066942785,33.94999999999996,0.12012402913709957,2.0,0.0,44.0,18.329268292682926,0.19628099173553726,4.5,7.600000000000014,3.103048780487806,2.9000000000000004,2.6129845817793234,2,
2814,200,0.05996465342119827,42.47499999999995,0.12012214218019227,2.0,0.0,47.0,20.57125,0.06493506493506485,7.52625,9.00000000000003,3.0927499999999988,2.9999999999999942,1.94850048203202,0,
2815,200,0.05990471874011218,47.599999999999966,0.12012398087217283,2.0,0.0,42.0,20.7,0.018750000000000044,7.12,6.300000000000011,3.169999999999998,3.300000000000006,1.8679029185983151,0,
2816,200,0.059844843963749825,44.54999999999997,0.12012584246253448,2.0,0.0,37.0,19.67625,0.0,5.5925,5.5000000000000115,2.5557499999999975,2.3999999999999986,1.6574445272570757,0,
2817,200,0.059785029032236384,42.37499999999998,0.12012441773821836,1.0,0.0,38.0,18.735294117647058,0.050000000000000044,4.552429667519181,4.599999999999992,2.2006393861892515,2.199999999999989,0.7337475941215612,1,
2818,200,0.05972527388575699,35.024999999999984,0.12012528478965419,2.0,0.0,42.0,16.602941176470587,0.14830508474576276,3.411764705882353,6.299999999999998,1.9894117647058775,1.7999999999999943,1.6070090116976874,3,
2819,200,0.05966557846455646,31.09999999999998,0.12012536954730255,3.0,0.0,47.0,15.86749116607774,0.3119047619047619,2.9487632508833923,9.000000000000005,1.908303886925793,1.3999999999999992,2.6627485445833523,2,
2820,200,0.05960594270893937,39.12499999999995,0.12012440168905378,2.0,1.0,42.0,20.071045576407506,0.10507246376811596,6.957104557640751,6.9000000000000385,3.3210455764075113,3.299999999999997,1.8116380870237312,1,
2821,200,0.05954636655926992,37.92499999999997,0.12012569395538031,2.0,0.0,40.0,17.816176470588236,0.16666666666666674,3.901470588235294,4.8999999999999915,2.1455882352941122,2.0999999999999943,1.1163358917298634,1,
2822,200,0.05948684995597202,49.94999999999996,0.12012820543048185,2.0,0.0,46.0,20.735,0.029761904761904656,5.8175,8.400000000000018,3.1910000000000007,3.299999999999994,2.8132733957396914,0,
2823,200,0.05942739283952904,45.37499999999995,0.12013124531877319,2.0,0.0,43.0,21.45125,0.02499999999999991,7.71875,7.1,3.6207500000000006,3.6999999999999966,2.297023026598492,0,
2824,200,0.05936799515048385,43.07499999999995,0.12013067172923672,2.0,0.0,39.0,20.685,0.025167785234899265,6.465,5.800000000000011,3.161,3.2999999999999945,1.639131561143072,0,
2825,200,0.05930865682943872,37.47499999999997,0.12012689245656887,2.0,0.0,40.0,18.107142857142858,0.21721311475409832,2.998447204968944,6.199999999999998,2.147204968944097,1.7999999999999994,1.7536454844659883,1,
2826,200,0.0592493778170554,44.699999999999946,0.12012309352468671,2.0,0.0,41.0,20.42125,0.0370967741935484,4.81,7.400000000000014,3.00275,2.8999999999999995,2.5360964001506345,0,
2827,200,0.05919015805405483,30.899999999999963,0.12012178988276806,3.0,0.0,45.0,18.007067137809187,0.29128440366972475,3.418727915194346,8.200000000000022,3.255653710247354,2.800000000000005,5.045805340949909,2,
2828,200,0.05913099748121725,45.84999999999995,0.12011817679287212,2.0,0.0,41.0,19.8475,0.01729559748427678,5.09625,5.699999999999999,2.6584999999999988,2.399999999999996,1.941430783485609,0,
2829,200,0.05907189603938205,46.37499999999994,0.12011476241443284,2.0,0.0,44.0,21.6,0.03703703703703698,6.3125,7.600000000000013,3.7100000000000044,3.8999999999999955,2.237203495630477,0,
2830,200,0.05901285366944784,27.324999999999964,0.12011396895683889,3.0,0.0,44.0,21.563348416289593,0.4697802197802198,1.98868778280543,8.10000000000003,4.506334841628967,4.8999999999999995,5.651617757712611,2,
2831,200,0.05895387031237222,38.19999999999995,0.12011250724623414,2.0,1.0,41.0,18.867952522255194,0.18700787401574792,2.844213649851632,8.000000000000016,2.7624629080118686,2.3999999999999932,3.2911353035056026,1,
2832,200,0.05889494590917182,34.07499999999998,0.12011195349823775,2.0,0.0,36.0,16.80745341614907,0.20833333333333326,1.2158385093167703,4.1999999999999895,1.3673913043478219,1.1999999999999984,0.5228199211544692,1,
2833,200,0.05883608040092221,47.174999999999955,0.1201084088489594,2.0,0.0,42.0,20.41875,0.013975155279503104,6.12875,6.299999999999995,3.0012499999999958,2.7999999999999945,1.8938013965646832,0,
2834,200,0.058777273728757934,44.37499999999996,0.12010695801072292,2.0,0.0,41.0,20.72375,0.025974025974025983,6.44,6.800000000000014,3.1842499999999987,3.0999999999999908,1.4389541858659212,0,
2835,200,0.058718525833872284,47.42499999999994,0.12010385914628657,2.0,0.0,41.0,21.13625,0.019230769230769162,6.12,6.2000000000000215,3.4317500000000005,3.700000000000001,1.5570943704599602,0,
2836,200,0.05865983665751736,45.64999999999994,0.12010398921840111,2.0,0.0,44.0,21.4075,0.034810126582278444,6.1625,7.500000000000014,3.5945000000000036,3.600000000000004,2.518373684958898,0,
2837,200,0.058601206141003954,40.24999999999995,0.12010030638976005,2.0,0.0,41.0,20.225761772853186,0.11428571428571432,4.986149584487535,6.300000000000013,3.54445983379502,4.050000000000017,2.691227931852778,1,
2838,200,0.0585426342257016,48.72499999999996,0.12010004860487186,2.0,0.0,43.0,20.39375,0.021604938271605034,4.345,6.700000000000008,2.986249999999998,2.8000000000000016,1.970714016740654,0,
2839,200,0.05848412085303835,47.17499999999994,0.12010136527484659,2.0,0.0,43.0,21.96125,0.01807228915662651,6.87875,7.700000000000001,3.9267500000000037,4.1999999999999975,2.9226890042015894,0,
2840,200,0.05842566596450083,48.274999999999935,0.12010255766726699,2.0,0.0,42.0,21.88875,0.00454545454545463,6.0375,6.8000000000000265,3.8832500000000043,3.8999999999999986,2.7354737116777,0,
2841,200,0.058367269501634116,43.99999999999998,0.12010076652234156,2.0,0.0,38.0,19.82,0.018707482993197244,5.4675,4.999999999999991,2.641999999999994,2.5999999999999934,0.8047372574019633,0,
2842,200,0.05830893140604179,47.19999999999995,0.12010229303455817,2.0,0.0,41.0,20.36,0.01751592356687892,4.66875,5.9999999999999964,2.9659999999999944,3.0499999999999936,1.3499461092907958,0,
2843,200,0.05825065161938573,34.39999999999998,0.12010429894334562,2.0,0.0,40.0,16.556451612903224,0.2053571428571428,2.9080645161290324,5.399999999999998,2.2748387096774154,1.8999999999999986,1.6792099875389903,2,
2844,200,0.05819243008338615,46.07499999999996,0.12010169555868212,2.0,0.0,42.0,19.9875,0.0370967741935484,5.5,6.3000000000000185,2.7424999999999966,2.6999999999999886,2.1079970437453888,0,
2845,200,0.058134266739821465,37.099999999999966,0.120096722509722,2.0,0.0,39.0,19.291056910569107,0.24152542372881358,2.6796747967479675,5.199999999999999,2.5504065040650348,2.3999999999999955,1.017819598967805,1,
2846,200,0.0580761615305284,38.52499999999996,0.12009869027224535,2.0,0.0,43.0,19.967359050445104,0.1828358208955223,4.862017804154303,8.000000000000018,3.422106824925821,3.2999999999999936,4.117814121402257,1,
2847,200,0.058018114397401704,29.649999999999963,0.12009377394845326,2.0,0.0,49.0,19.72,0.39622641509433965,3.916190476190476,11.100000000000023,3.6739047619047676,3.300000000000022,7.133192537660034,2,
2848,200,0.057960125282394234,44.82499999999994,0.1200931404630621,2.0,0.0,42.0,20.8825,0.030645161290322687,5.36375,6.900000000000007,3.2795000000000023,3.499999999999996,2.3549334295834905,0,
2849,200,0.057902194127516855,27.924999999999965,0.12009049573784689,2.0,0.0,47.0,20.827740492170022,0.46578947368421053,1.279642058165548,9.700000000000028,4.158612975391506,4.400000000000007,6.120979940743156,2,
2850,200,0.057844320874838456,45.099999999999966,0.12008899420344957,2.0,0.0,40.0,19.81875,0.020000000000000018,5.42125,5.500000000000004,2.6412500000000003,2.599999999999996,1.6518510185172204,0,
2851,200,0.057786505466485755,46.02499999999996,0.12008791486324588,2.0,0.0,40.0,20.43375,0.025974025974025983,4.855,6.10000000000001,3.010249999999999,2.7,1.9388479669499523,0,
2852,200,0.05772874784464333,45.64999999999995,0.12008459837123117,2.0,0.0,42.0,21.09625,0.03387096774193554,7.01375,6.1000000000000085,3.4077500000000036,3.6000000000000068,2.0306931104579973,0,
2853,200,0.057671047951553533,48.099999999999945,0.12008576742502715,2.0,1.0,45.0,21.64625,0.024096385542168752,7.5825,8.200000000000035,3.737750000000003,3.9999999999999942,2.971779580905621,0,
2854,200,0.05761340572951652,36.949999999999946,0.12008529434963772,2.0,1.0,44.0,22.633870967741935,0.25,5.008064516129032,7.800000000000034,4.620645161290336,5.200000000000027,3.424969784000515,1,
2855,200,0.05755582112089005,47.14999999999995,0.12008868821598484,2.0,0.0,44.0,20.8,0.029503105590062084,4.96875,7.300000000000023,3.229999999999999,3.1999999999999957,2.171953393677189,0,
2856,200,0.057498294068089484,35.474999999999966,0.12008788216108239,2.0,0.0,43.0,20.479474548440066,0.2801724137931034,2.865353037766831,6.600000000000011,3.1789819376026274,3.3999999999999964,2.0680038826574694,1,
2857,200,0.05744082451358776,49.674999999999955,0.12009209207933254,2.0,0.0,44.0,21.7575,0.022189349112426093,7.73375,8.200000000000008,3.804499999999999,3.4999999999999956,3.093234583179052,0,
2858,200,0.05738341239991535,35.074999999999974,0.1200949533026821,2.0,1.0,43.0,19.56422764227642,0.28361344537815125,3.261788617886179,6.900000000000009,2.714308943089428,2.2999999999999985,2.546728816785827,1,
2859,200,0.05732605766966013,34.07499999999996,0.12009126136912994,2.0,0.0,45.0,19.816614420062695,0.2584745762711864,3.768025078369906,8.90000000000001,3.1224137931034486,2.7000000000000037,3.83472647852931,1,
2860,200,0.05726876026546736,44.97499999999995,0.12009234497906701,2.0,0.0,40.0,20.14875,0.014705882352941124,5.98875,5.600000000000008,2.839249999999998,2.8999999999999964,1.240061375095904,0,
2861,200,0.0572115201300396,31.92499999999996,0.1200905790297884,2.0,0.0,44.0,20.43979057591623,0.3303571428571429,3.1239092495636998,8.000000000000016,3.6792321116928464,3.4999999999999964,4.208848529519283,2,
2862,200,0.05715433720613676,46.799999999999955,0.12009079999902843,2.0,0.0,42.0,21.06,0.029874213836478036,6.86375,6.100000000000015,3.3860000000000006,3.299999999999997,1.7062566660260436,0,
2863,200,0.05709721143657589,48.87499999999996,0.12008845486013374,2.0,0.0,45.0,21.4075,0.027108433734939652,5.5425,7.800000000000042,3.5945000000000036,4.000000000000011,2.485673633865077,0,
2864,200,0.057040142764231215,36.92499999999997,0.12008791551470656,2.0,0.0,43.0,17.95433789954338,0.22131147540983598,2.9878234398782344,7.300000000000006,2.1430745814307426,1.8999999999999937,2.006200978575137,1,
2865,200,0.056983131132034036,30.07499999999998,0.12008843388991966,2.0,0.0,44.0,18.159922928709054,0.37745098039215685,2.4470134874759153,7.40000000000001,2.875337186897881,2.2999999999999976,3.110463023463034,2,
2866,200,0.056926176482972754,41.724999999999966,0.12008724714983648,2.0,0.0,39.0,19.028378378378378,0.09306569343065685,4.924324324324324,5.099999999999997,2.7345945945945913,2.799999999999997,1.1046700961835219,1,
2867,200,0.056869278760092706,27.474999999999984,0.12008873721582597,2.0,0.0,43.0,17.358811040339702,0.4368131868131868,2.3927813163481955,6.700000000000008,2.2562632696390628,1.7999999999999972,2.1745724846736394,2,
2868,200,0.056812437906496156,47.199999999999946,0.12008514060527675,2.0,0.0,45.0,20.56,0.04141104294478537,5.7275,7.9000000000000075,3.0859999999999963,2.5999999999999917,3.128408888138895,0,
2869,200,0.056755653865342225,43.99999999999998,0.1200828279296494,1.0,1.0,38.0,18.9925,0.022727272727272707,4.61125,4.699999999999996,2.145499999999994,1.9999999999999962,0.9042811629393149,0,
2870,200,0.0566989265798469,41.299999999999955,0.12008349259752935,2.0,0.0,43.0,19.685714285714287,0.08443708609271527,6.267532467532468,6.999999999999996,2.8925974025974024,2.299999999999996,3.160898584750537,1,
2871,200,0.056642255993282896,45.24999999999997,0.12008840457738143,2.0,1.0,38.0,19.50875,0.022108843537415046,4.8325,5.599999999999991,2.4552499999999955,2.2999999999999963,1.5332998332809868,0,
2872,200,0.056585642048979604,36.049999999999976,0.12008998676263637,2.0,0.0,40.0,18.793929712460063,0.23728813559322037,2.070287539936102,5.299999999999998,2.387699680511179,2.199999999999997,1.3594208612440226,1,
2873,200,0.05652908469032304,35.999999999999964,0.12008910930863267,2.0,0.0,41.0,19.37874251497006,0.189516129032258,5.359281437125748,6.7,3.0491017964071863,3.0999999999999948,2.2663665476678823,1,
2874,200,0.05647258386075591,33.82499999999997,0.12008863498790527,2.0,0.0,49.0,19.307426597582037,0.326271186440678,2.5008635578583767,10.700000000000017,3.491364421416237,2.2999999999999985,7.840190609712479,2,
2875,200,0.05641613950377735,35.549999999999955,0.12008922848812746,2.0,0.0,41.0,20.776683087027916,0.2583333333333333,3.2627257799671594,7.700000000000005,3.357307060755337,3.299999999999995,3.9822274590164084,1,
2876,200,0.05635975156294299,47.924999999999955,0.12009112323790154,2.0,0.0,41.0,20.44875,0.011006289308176154,6.57625,5.4000000000000234,3.019249999999999,3.2999999999999945,1.7768822138784621,0,
2877,200,0.05630341998186487,44.37499999999995,0.12009329031983743,2.0,0.0,39.0,20.61125,0.006493506493506551,7.25375,6.199999999999993,3.1167499999999984,3.0999999999999988,1.377821590346237,0,
2878,200,0.05624714470421144,47.099999999999945,0.1200982953739944,2.0,0.0,45.0,21.99375,0.03915662650602414,8.1075,8.000000000000036,3.9462500000000036,3.9999999999999956,3.390616235337899,0,
2879,200,0.056190925673707405,32.54999999999998,0.12009860239916689,2.0,1.0,39.0,16.0,0.1681818181818182,3.830769230769231,4.499999999999987,1.8075384615384567,1.5999999999999959,0.8299297513130193,3,
2880,200,0.056134762834133725,41.27499999999995,0.12009808084872041,2.0,0.0,40.0,20.05,0.03125,7.8725,8.400000000000011,2.78,2.3999999999999915,3.3137551777424856,0,
2881,200,0.05607865612932754,35.599999999999945,0.12009822462922455,2.0,0.0,42.0,19.066481994459835,0.12777777777777777,6.484764542936288,7.400000000000029,3.0483379501385044,2.2999999999999963,4.057352666401966,2,
2882,200,0.05602260550318217,41.49999999999997,0.12009894154337925,2.0,0.0,41.0,18.077464788732396,0.13518518518518507,3.5309859154929577,5.799999999999994,2.29366197183098,1.9999999999999991,1.4832162928313617,1,
2883,200,0.05596661089964698,44.82499999999993,0.12009984455222811,2.0,0.0,43.0,21.22625,0.04299363057324834,6.21875,6.900000000000036,3.4857500000000035,3.799999999999992,2.7699512655488716,0,
2884,200,0.055910672262727355,44.34999999999998,0.12010362957925853,2.0,0.0,38.0,19.31625,0.011904761904761862,4.7375,6.099999999999993,2.3397499999999956,2.2999999999999976,1.4335721774565244,0,
2885,200,0.05585478953648462,45.324999999999946,0.12010271786228056,2.0,0.0,40.0,21.0525,0.004777070063694211,6.445,6.000000000000001,3.381500000000003,3.699999999999991,1.9429607858762394,0,
2886,200,0.05579896266503611,29.59999999999996,0.1201055005552145,2.0,0.0,41.0,20.0,0.30504587155963303,5.213675213675214,7.500000000000015,3.4232478632478665,3.2000000000000215,3.6186837860582766,2,
2887,200,0.055743191592554905,38.374999999999964,0.12010657502590913,2.0,0.0,43.0,20.194847020933977,0.24606299212598426,3.244766505636071,6.700000000000001,3.1697262479871178,2.899999999999996,3.472812312000841,1,
2888,200,0.05568747626326995,39.82499999999997,0.12011040119941753,2.0,0.0,37.0,18.5979381443299,0.05147058823529416,5.376288659793815,5.299999999999996,2.1809278350515426,2.0999999999999988,1.1512361024619127,1,
2889,200,0.055631816621465865,46.57499999999996,0.12011291924442616,2.0,0.0,44.0,20.57125,0.03301886792452824,7.135,7.400000000000018,3.092749999999999,3.199999999999997,2.3773511521111828,0,
2890,200,0.05557621261148306,38.82499999999996,0.120114845791505,2.0,0.0,42.0,19.288519637462237,0.19841269841269837,4.090634441087613,6.500000000000003,2.969335347432023,2.9999999999999964,2.6664222588837756,1,
2891,200,0.055520664177717505,44.574999999999946,0.12011473831564184,2.0,0.0,41.0,22.42125,0.02070063694267521,8.3275,8.000000000000007,4.2027500000000115,4.200000000000013,3.164147381480298,0,
2892,200,0.05546517126462075,43.94999999999995,0.1201186579401155,2.0,1.0,43.0,21.71,0.02914110429447847,8.38625,7.8000000000000265,3.7760000000000042,3.7999999999999963,3.48432944426478,0,
2893,200,0.055409733816699856,44.924999999999955,0.12012373706934629,2.0,1.0,42.0,21.56625,0.018750000000000044,7.23375,7.400000000000001,3.6897500000000045,3.499999999999991,2.732799207498784,0,
2894,200,0.05535435177851743,37.14999999999998,0.1201289661904098,2.0,0.0,37.0,17.808383233532933,0.1743697478991597,2.561377245508982,6.099999999999995,2.106886227544906,1.9999999999999933,1.1968115493822575,1,
2895,200,0.05529902509469138,47.24999999999996,0.12013261701660632,2.0,1.0,41.0,21.0725,0.009374999999999911,7.80125,6.900000000000016,3.3934999999999986,3.0999999999999983,2.0958110247047386,0,
2896,200,0.055243753709895045,44.04999999999996,0.12013635933501807,2.0,0.0,49.0,19.773657289002557,0.09740259740259738,5.820971867007673,11.000000000000002,2.823657289002555,2.4999999999999902,3.6920678535394442,1,
2897,200,0.055188537568857,33.17499999999997,0.12014140013329203,2.0,0.0,41.0,20.170771756978652,0.2804347826086957,5.983579638752053,6.199999999999999,2.993760262725776,2.9999999999999973,1.8278806082830064,1,
2898,200,0.05513337661636114,43.42499999999994,0.12014591757904676,2.0,0.0,40.0,21.35,0.017973856209150263,8.51375,6.700000000000018,3.5600000000000045,3.5999999999999974,1.961353064614175,0,
2899,200,0.05507827079724649,39.14999999999998,0.12014732042023694,2.0,0.0,46.0,18.056923076923077,0.23412698412698418,2.913846153846154,8.700000000000003,2.1610769230769193,1.6999999999999977,2.5682910728782784,1,
2900,200,0.05502322005640723,31.94999999999996,0.12015113497716969,3.0,0.0,44.0,18.748571428571427,0.3595238095238096,1.3885714285714286,8.100000000000014,3.3961904761904758,2.6999999999999975,4.788993338751362,2,
2901,200,0.054968224338792594,30.849999999999977,0.12015342498337496,2.0,0.0,43.0,17.666044776119403,0.32352941176470584,1.919776119402985,6.800000000000018,2.997388059701493,2.3999999999999977,3.344034668198211,2,
2902,200,0.05491328358940689,48.02499999999995,0.12015766690754168,2.0,0.0,42.0,21.42125,0.009036144578313143,8.1125,6.599999999999999,3.60275,3.4999999999999964,2.0974957148370694,0,
2903,21,0.05485839775330936,1.4,0.1201582401863013,1.0,0.0,2.0,1.1923076923076923,0,0.0,1.1,0.4782051282051283,0.5000000000000001,0.09556633240177541,4,
2904,200,0.054803566775614154,44.22499999999994,0.12015961246585144,2.0,0.0,47.0,22.3225,0.05792682926829262,10.125,9.100000000000032,4.143500000000008,4.200000000000001,3.53866327916141,0,
2905,200,0.054748790601490266,29.174999999999958,0.12016142195192747,3.0,1.0,45.0,19.28491620111732,0.37376237623762376,3.191806331471136,8.100000000000039,3.339292364990692,2.6999999999999953,4.422028241691213,2,
2906,200,0.05469406917616156,43.949999999999946,0.12016496967793716,2.0,0.0,43.0,22.165,0.055031446540880546,7.71375,7.400000000000032,4.049000000000008,4.299999999999999,3.032453738208986,0,
2907,200,0.054639402444906594,30.399999999999945,0.12016483764699369,3.0,0.0,47.0,21.448940269749517,0.3901869158878505,2.2832369942196533,9.500000000000009,4.738921001926791,4.399999999999999,8.229344223344278,2,
2908,200,0.054584790353058625,46.07499999999996,0.12016932457073938,2.0,1.0,42.0,20.19,0.0370967741935484,6.3275,6.499999999999996,2.8639999999999946,2.899999999999994,1.508556357119306,0,
2909,200,0.054530232846005534,35.99999999999996,0.12017402971675764,2.0,0.0,42.0,20.382113821138212,0.262396694214876,3.1609756097560977,6.299999999999995,3.2050406504065014,3.0999999999999903,1.5109867168661966,1,
2910,200,0.05447572986918986,38.69999999999996,0.1201756774193967,2.0,0.0,42.0,19.687203791469194,0.22637795275590555,2.154818325434439,6.799999999999997,2.9977883096366504,2.899999999999995,3.019339136684908,1,
2911,200,0.05442128136810859,34.69999999999995,0.1201782743358962,2.0,1.0,46.0,22.279146141215108,0.30833333333333335,4.696223316912972,9.800000000000024,4.2587848932676575,3.7999999999999967,6.095411345987959,2,
2912,200,0.05436688728831322,33.79999999999995,0.1201817987327388,2.0,0.0,45.0,20.23051409618574,0.3055555555555556,4.88391376451078,8.400000000000025,3.3056384742951925,2.999999999999996,4.098055763349575,2,
2913,200,0.05431254757540965,42.77499999999998,0.12018628909079432,2.0,0.0,38.0,19.029187817258883,0.04432624113475181,6.248730964467005,4.499999999999987,2.3106598984771503,2.2999999999999976,0.8384410163251671,1,
2914,200,0.05425826217505821,43.27499999999996,0.120190088294238,2.0,0.0,37.0,20.29625,0.01736111111111116,5.82,5.8999999999999995,2.927750000000002,2.9999999999999982,1.8245327883324929,0,
2915,200,0.054204031032973464,39.59999999999996,0.12019088523607775,2.0,0.0,44.0,18.421613394216134,0.21484375,3.1522070015220702,7.300000000000002,2.423439878234396,2.299999999999999,2.2097448847208803,1,
2916,200,0.05414985409492427,37.77499999999995,0.1201941565183157,2.0,0.0,49.0,21.78489326765189,0.2965116279069767,5.359605911330049,10.900000000000023,3.9622331691297235,3.599999999999994,5.005089624676469,1,
2917,200,0.054095731306733646,42.99999999999996,0.12019744130290357,2.0,1.0,41.0,20.68,0.030000000000000027,7.46375,6.300000000000002,3.1579999999999995,3.0999999999999988,1.326738073028241,0,
2918,200,0.054041662614278875,37.42499999999996,0.12020065173339739,2.0,0.0,42.0,19.003105590062113,0.2142857142857142,6.003105590062112,6.400000000000018,2.68478260869565,2.4999999999999956,2.037009367427399,1,
2919,200,0.05398764796349122,34.199999999999974,0.12020593805866653,2.0,1.0,38.0,18.78743961352657,0.24122807017543857,2.4331723027375203,4.399999999999991,2.3252818035426674,2.199999999999998,1.1512961829685657,1,
2920,200,0.05393368730035602,39.49999999999996,0.12020866975887211,2.0,0.0,46.0,21.07974481658692,0.2462121212121211,4.578947368421052,8.800000000000031,3.770494417862843,3.9999999999999925,3.8052794509676495,1,
2921,200,0.0538797805709126,46.04999999999997,0.1202130381438455,2.0,0.0,39.0,18.92875,0.01490066225165565,6.385,4.5,2.1072499999999956,1.9999999999999967,1.0115990181234653,0,
2922,200,0.05382592772125425,47.94999999999995,0.12021569134454405,2.0,1.0,46.0,22.15375,0.03571428571428581,8.38875,9.200000000000019,4.0422500000000054,4.199999999999999,3.7043207255011583,0,
2923,200,0.05377212869752812,46.22499999999995,0.12021872639602238,2.0,1.0,42.0,21.90125,0.025316455696202445,6.7375,7.400000000000014,3.8907500000000037,4.200000000000022,3.166619385342808,0,
2924,200,0.053718383445935165,38.47499999999997,0.12022124224357901,2.0,0.0,44.0,18.55389221556886,0.20669291338582685,5.068862275449102,7.300000000000023,2.554191616766464,2.399999999999997,2.301769025801011,1,
2925,200,0.05366469191273011,30.19999999999997,0.12022381556283152,2.0,0.0,38.0,18.678756476683937,0.2990196078431373,3.5941278065630398,5.80000000000001,2.706908462867012,2.599999999999997,2.2504253072425837,2,
2926,200,0.053611054044221465,49.774999999999956,0.12022553539621969,2.0,0.0,45.0,20.53,0.033132530120481896,4.70375,7.800000000000002,3.067999999999999,2.7999999999999963,3.2291310455172635,0,
2927,200,0.053557469786771325,47.69999999999995,0.12022837407970148,2.0,0.0,44.0,20.7875,0.03750000000000009,5.55625,8.100000000000003,3.2224999999999984,2.7999999999999985,2.6260978532779062,0,
2928,200,0.05350393908679544,48.52499999999997,0.12023154549025823,2.0,0.0,42.0,18.7375,0.024193548387096753,6.88,6.09999999999999,1.9924999999999937,1.7999999999999985,0.8635950993673371,0,
2929,200,0.05345046189076308,41.449999999999974,0.12023266341006508,2.0,0.0,42.0,18.261971830985914,0.1455223880597014,3.8901408450704227,5.999999999999994,2.404366197183093,2.399999999999994,1.1468423662812224,1,
2930,200,0.053397038145197084,46.82499999999993,0.12023425321026521,2.0,0.0,44.0,22.48375,0.031818181818181746,8.855,7.900000000000024,4.2402500000000085,4.400000000000002,2.625834040365709,0,
2931,200,0.05334366779667368,32.02499999999996,0.12023662456353681,2.0,1.0,41.0,18.832512315270936,0.28181818181818186,3.2019704433497536,6.499999999999996,2.543513957307057,2.399999999999991,2.077274698015533,2,
2932,200,0.053290350791822524,30.299999999999947,0.1202389160339076,2.0,0.0,48.0,21.069808027923212,0.35,4.99825479930192,11.300000000000033,4.057242582897035,3.4999999999999973,6.95014759630619,2,
2933,200,0.05323708707732657,16.24999999999998,0.120240040884487,2.0,0.0,46.0,18.78745644599303,0.6517857142857143,0.4181184668989547,9.000000000000018,4.310104529616737,4.900000000000001,9.79921547202804,3,
2934,200,0.05318387659992216,46.774999999999956,0.12024464114856943,2.0,0.0,41.0,21.2125,0.010869565217391353,6.99875,6.90000000000002,3.4774999999999987,3.399999999999994,1.8480466375728826,0,
2935,200,0.05313071930639878,38.64999999999998,0.1202484497175059,2.0,0.0,38.0,17.353693181818183,0.1370967741935485,4.407670454545454,4.299999999999991,1.8713068181818127,1.8999999999999975,0.6784394338347283,1,
2936,200,0.053077615143599134,40.39999999999994,0.12025543566380115,2.0,0.0,46.0,20.002915451895042,0.1785714285714286,6.717201166180758,9.100000000000014,3.4663265306122466,3.1999999999999953,4.259152115938358,1,
2937,200,0.05302456405841903,26.099999999999973,0.12025937813857471,4.0,1.0,39.0,16.662768031189085,0.3362068965517241,1.9103313840155944,7.000000000000012,2.4838206627680295,2.0999999999999974,2.7535303684338657,3,
2938,200,0.052971565997807425,47.999999999999964,0.12026348312771404,2.0,0.0,40.0,20.5125,0.004716981132075526,6.42375,5.899999999999998,3.057499999999997,2.9999999999999973,1.7202464378850604,0,
2939,200,0.052918620908766235,25.049999999999976,0.12026596527400409,2.0,1.0,46.0,17.59748427672956,0.42613636363636365,2.958071278825996,8.500000000000037,2.9316561844863758,1.799999999999999,6.015187845012529,3,
2940,200,0.05286572873835037,47.82499999999996,0.12027017025288046,2.0,0.0,45.0,22.0925,0.0314371257485031,11.05125,7.9000000000000306,4.005500000000004,4.1000000000000085,3.082524566444658,0,
2941,200,0.05281288943366762,18.69999999999998,0.12027135804858911,3.0,1.0,45.0,16.134375,0.49590163934426235,0.671875,8.300000000000031,3.4268750000000043,1.8999999999999992,6.764593794861322,3,
2942,200,0.052760102941878724,34.099999999999966,0.12027182731129081,2.0,0.0,47.0,19.457242582897035,0.30982905982905984,3.636998254799302,9.100000000000032,3.9179755671902283,3.1999999999999975,6.520935832460255,2,
2943,200,0.05270736921019717,48.87499999999995,0.1202728601961684,2.0,0.0,43.0,21.26625,0.021604938271605034,7.87375,6.800000000000001,3.5097500000000013,3.6999999999999957,1.4146571479017978,0,
2944,200,0.05265468818588921,36.52499999999998,0.12027463324131377,2.0,0.0,38.0,18.018633540372672,0.21153846153846145,2.672360248447205,5.2000000000000055,2.0940993788819844,1.5999999999999992,1.678136930811244,1,
2945,200,0.05260205981627384,41.099999999999945,0.1202775205576209,3.0,1.0,45.0,21.174324324324324,0.12162162162162171,7.901351351351352,9.000000000000036,4.022162162162164,3.599999999999997,3.866840224324766,1,
2946,200,0.05254948404872264,36.774999999999956,0.12028362847026483,2.0,0.0,47.0,21.415458937198068,0.26538461538461533,5.776167471819646,9.100000000000033,3.9020933977455763,3.6999999999999957,4.700023908308301,1,
2947,200,0.05249696083065988,36.79999999999996,0.1202857603876823,2.0,0.0,40.0,19.866153846153846,0.20199999999999996,4.976923076923077,6.3000000000000025,3.2466153846153847,3.3000000000000025,1.8449236802927373,1,
2948,200,0.05244449010956234,34.02499999999996,0.12029204256405764,2.0,0.0,40.0,20.60262725779967,0.2585470085470085,6.658456486042693,6.099999999999997,3.2528735632183903,3.2999999999999963,1.3773723037100998,1,
2949,200,0.052392071832959276,45.57499999999997,0.12029315429732174,2.0,0.0,39.0,19.85125,0.02181208053691286,6.1125,5.400000000000007,2.6607499999999957,2.5999999999999925,1.054961085876699,0,
2950,200,0.05233970594843238,37.52499999999997,0.12029225484652625,2.0,1.0,41.0,18.296923076923076,0.20999999999999996,3.5584615384615383,5.90000000000001,2.30507692307692,2.0999999999999925,2.0654714212341307,1,
2951,200,0.05228739240361583,24.674999999999965,0.1202930798443528,2.0,0.0,43.0,20.665116279069768,0.49096385542168675,2.1953488372093024,7.400000000000032,3.794883720930238,3.9000000000000057,3.393247989442909,2,
2952,200,0.05223513114619603,38.52499999999997,0.12029429640447203,2.0,0.0,43.0,19.694581280788178,0.2621951219512195,3.502463054187192,6.699999999999992,2.7080459770114884,2.599999999999996,1.484553386540116,1,
2953,200,0.052182922123911735,47.77499999999995,0.12029274474104099,2.0,0.0,42.0,20.82625,0.03525641025641035,5.02,6.600000000000015,3.2457500000000006,3.2999999999999945,2.101010220328483,0,
2954,200,0.05213076528455389,29.54999999999996,0.12029376972765773,2.0,0.0,45.0,19.003861003861005,0.37745098039215685,3.555984555984556,9.300000000000026,3.4646718146718167,2.5999999999999943,6.7021552755448095,2,
2955,200,0.05207866057596569,42.14999999999996,0.12029302438171216,2.0,1.0,43.0,18.82934131736527,0.18333333333333335,3.157185628742515,6.900000000000004,2.7194610778443096,2.399999999999994,2.5658845016953404,1,
2956,200,0.052026607946042414,22.574999999999985,0.12029324864942706,2.0,0.0,41.0,16.17016317016317,0.45666666666666667,1.393939393939394,5.500000000000026,2.2177156177156196,1.4999999999999951,2.5780218430776065,3,
2957,200,0.05197460734273142,24.49999999999997,0.12029308289759319,3.0,0.0,44.0,17.366876310272538,0.41860465116279066,1.8155136268343814,8.500000000000032,2.9329140461215992,1.6,5.778124450617128,3,
2958,200,0.05192265871403207,34.899999999999956,0.120293595399996,2.0,1.0,43.0,19.559451219512194,0.2052845528455285,4.585365853658536,9.300000000000022,3.6929878048780544,3.1999999999999975,4.697217841913892,2,
2959,200,0.051870762007995785,49.29999999999996,0.1202954319730161,2.0,0.0,43.0,21.07375,0.013636363636363669,7.16375,6.800000000000014,3.394249999999999,3.400000000000002,2.154020303156731,0,
2960,200,0.05181891717272583,36.02499999999996,0.12029742443092103,2.0,0.0,43.0,20.548440065681444,0.27066115702479343,2.8013136288998357,7.700000000000017,3.220361247947455,3.299999999999995,3.352172454702344,1,
2961,200,0.051767124156377374,22.199999999999974,0.12029884362908705,3.0,0.0,48.0,17.575221238938052,0.33720930232558144,3.484513274336283,12.300000000000026,4.478318584070803,2.299999999999997,16.12221944856424,3,
2962,200,0.05171538290715736,45.19999999999996,0.120303040613213,2.0,0.0,46.0,19.7025,0.0702614379084967,6.1925,8.80000000000002,2.571499999999996,2.0999999999999908,3.367993012489096,0,
2963,200,0.05166369337332458,31.649999999999963,0.12030467016831588,2.0,0.0,48.0,19.923351158645275,0.3581081081081081,3.72192513368984,9.700000000000049,3.507664884135479,3.2999999999999976,5.532454372140376,2,
2964,200,0.05161205550318949,35.52499999999995,0.12030911544549802,2.0,0.0,43.0,20.29665071770335,0.25,2.8708133971291865,6.600000000000035,3.300637958532699,3.5000000000000013,2.180324118353324,1,
2965,200,0.0515604692451142,36.82499999999996,0.1203120179166349,2.0,0.0,43.0,21.110569105691056,0.25396825396825395,4.788617886178862,6.700000000000005,3.642113821138215,3.899999999999996,3.143844494267966,1,
2966,200,0.051508934547512424,49.22499999999997,0.12031320174736605,2.0,1.0,44.0,20.33375,0.02300613496932513,7.43625,8.199999999999996,2.9502499999999943,2.799999999999999,2.6404290631704117,0,
2967,200,0.051457451358849514,30.62499999999995,0.12031592700771448,3.0,0.0,43.0,19.19295302013423,0.25,6.498322147651007,8.200000000000026,3.9187919463087324,3.6999999999999966,5.377212336190801,2,
2968,200,0.051406019627642255,40.424999999999955,0.12031757704410498,2.0,1.0,40.0,20.7,0.02586206896551735,6.83125,7.200000000000004,3.17,2.899999999999996,2.2595535305524024,0,
2969,200,0.051354639302458906,45.39999999999995,0.12031766240815767,2.0,0.0,41.0,21.72,0.01729559748427678,9.11625,7.100000000000013,3.7820000000000036,3.9999999999999996,2.7030802235628615,0,
2970,200,0.05130331033191911,47.799999999999976,0.1203194953708595,2.0,0.0,40.0,18.8925,0.0212418300653594,5.6,5.19999999999999,2.0854999999999944,1.9999999999999907,0.6935908337356768,0,
2971,200,0.05125203266469395,30.02499999999995,0.12032460166559081,2.0,1.0,43.0,19.86629001883239,0.36057692307692313,4.210922787193974,6.900000000000037,3.8487758945386177,4.900000000000003,4.7320444743935814,2,
2972,200,0.05120080624950572,46.52499999999995,0.12032850813462231,2.0,0.0,44.0,21.6775,0.030864197530864113,8.29625,7.400000000000028,3.7565000000000013,3.700000000000002,2.5297617027526793,0,
2973,200,0.05114963103512801,44.77499999999995,0.12033116935064508,2.0,0.0,40.0,21.43125,0.022727272727272707,8.035,7.200000000000003,3.6087500000000063,3.7999999999999976,2.129376764651204,0,
2974,200,0.05109850697038558,46.574999999999974,0.12033409912709964,2.0,0.0,42.0,19.70125,0.03387096774193554,5.16375,6.199999999999995,2.5707499999999937,2.699999999999987,1.1771962768691786,0,
2975,200,0.051047434004154395,45.54999999999997,0.12033764280201964,2.0,0.0,47.0,19.575447570332482,0.09193548387096784,6.4335038363171355,9.200000000000005,2.7047314578005075,2.2999999999999936,2.8948033189266806,1,
2976,200,0.050996412085361466,34.89999999999996,0.12034128231941303,2.0,0.0,42.0,20.80623973727422,0.2891304347826087,3.9523809523809526,7.000000000000008,3.37504105090312,3.499999999999994,2.647068917169991,1,
2977,200,0.05094544116298488,46.87499999999995,0.1203456489614384,2.0,0.0,46.0,21.7875,0.034848484848484906,8.98625,9.000000000000025,3.822500000000006,3.999999999999997,3.5737993340614835,0,
2978,200,0.05089452118605367,25.799999999999976,0.12034794946282237,2.0,1.0,41.0,19.27039627039627,0.4821428571428571,1.3146853146853146,5.8,2.932400932400929,2.9999999999999947,2.040523038469895,2,
2979,200,0.05084365210364792,22.674999999999983,0.12035055368938934,4.0,0.0,48.0,15.644444444444444,0.4358974358974359,1.7234567901234568,9.80000000000003,3.146172839506176,2.599999999999997,6.459808686533713,3,
2980,200,0.0507928338648985,27.824999999999974,0.12035453778027898,2.0,0.0,39.0,16.719489981785063,0.32894736842105265,3.918032786885246,4.699999999999991,1.9635701275045498,1.9999999999999996,1.0057800265427994,2,
2981,200,0.05074206641898719,21.399999999999988,0.12035944094666029,5.0,0.0,43.0,14.31129476584022,0.5,0.2865013774104683,7.500000000000004,2.177134986225894,1.399999999999996,3.891104517029933,3,
2982,200,0.050691349715146494,24.399999999999974,0.1203597990624346,3.0,0.0,44.0,19.275229357798164,0.4969879518072289,2.988532110091743,7.5000000000000355,3.048394495412847,2.7499999999999956,3.7787099608091004,2,
2983,200,0.05064068370265976,47.849999999999966,0.12036248921664132,2.0,1.0,42.0,19.2925,0.02070063694267521,6.20375,5.999999999999991,2.3254999999999946,2.199999999999996,0.9009511577361801,0,
2984,200,0.05059006833086096,35.024999999999956,0.12036682275589367,2.0,0.0,46.0,20.21256038647343,0.28688524590163933,3.9404186795491145,8.600000000000023,3.18035426731079,2.2999999999999963,4.77827377865369,1,
2985,200,0.050539503549134696,28.049999999999983,0.12037008024229172,2.0,1.0,39.0,16.236842105263158,0.37777777777777777,2.2732793522267207,4.199999999999988,1.8585020242914931,1.6999999999999964,0.7650624295695234,2,
2986,200,0.05048898930691617,25.449999999999974,0.12037419030262364,2.0,0.0,43.0,18.180616740088105,0.4651162790697675,1.9361233480176212,7.300000000000009,2.616299559471363,2.3999999999999924,2.9314225553695783,2,
2987,200,0.05043852555369119,37.94999999999996,0.12037592537868891,2.0,0.0,39.0,18.686520376175547,0.20901639344262302,4.3573667711598745,5.999999999999999,2.444357366771159,2.149999999999997,2.2713765621813935,1,
2988,200,0.05038811223899596,30.549999999999955,0.12037870536506115,2.0,0.0,42.0,20.675302245250432,0.3085585585585585,5.782383419689119,9.000000000000012,4.029188255613129,3.799999999999995,5.774726583939884,2,
2989,200,0.05033774931241717,45.27499999999998,0.12038072612251219,2.0,0.0,38.0,19.1725,0.016891891891891886,5.33125,5.199999999999997,2.2534999999999945,2.1999999999999904,0.9792392800613717,0,
2990,200,0.050287436723591865,43.74999999999995,0.1203857686450537,2.0,0.0,42.0,20.857682619647356,0.0532258064516129,7.937027707808564,6.100000000000007,3.3379093198992438,3.3999999999999972,1.6430113334443786,1,
2991,200,0.050237174422207494,47.19999999999995,0.12039137386765253,2.0,1.0,41.0,21.1175,0.012499999999999956,8.43,6.499999999999996,3.4205,3.3999999999999924,1.815982587472799,0,
2992,200,0.050186962358001734,43.99999999999994,0.12039857751072516,2.0,0.0,46.0,21.2375,0.05967741935483861,9.2625,9.000000000000009,3.4924999999999993,3.1999999999999957,3.5935993649990214,0,
2993,200,0.050136800480762515,43.199999999999946,0.12040172100098895,2.0,0.0,48.0,21.42258883248731,0.09615384615384626,7.748730964467005,10.600000000000014,3.746700507614219,3.550000000000014,4.494501427667298,1,
2994,200,0.05008668874032793,45.24999999999996,0.12040520778838917,2.0,1.0,42.0,20.365,0.023885350318471277,8.94875,6.6999999999999975,2.9689999999999994,3.199999999999994,2.1634423803787217,0,
2995,200,0.05003662708658628,28.29999999999997,0.12040799683441332,2.0,0.0,44.0,17.45224171539961,0.38265306122448983,2.091617933723197,8.300000000000015,2.556335282651073,1.5999999999999956,5.377061192850221,2,
2996,200,0.049986615469475894,41.62499999999997,0.12041302041712595,2.0,0.0,40.0,18.51462765957447,0.08941605839416056,6.503989361702128,6.099999999999992,2.343882978723399,2.299999999999992,0.8983950217770704,1,
2997,200,0.049936653838985136,48.34999999999996,0.1204176382799804,3.0,0.0,43.0,21.8525,0.019938650306748462,9.445,7.60000000000001,3.861500000000002,3.999999999999997,2.8620722219878636,0,
2998,200,0.04988674214515236,44.69999999999997,0.120426134092405,2.0,1.0,40.0,21.25125,0.009740259740259827,8.32875,7.600000000000002,3.5007500000000022,3.5000000000000013,1.6315019867218605,0,
2999,200,0.0498368803380659,45.39999999999997,0.12043054212804047,2.0,0.0,40.0,20.44625,0.016233766233766156,9.10875,6.200000000000012,3.017749999999997,3.0999999999999974,1.4839872562300933,0,
3000,200,0.049787068367863944,35.57499999999995,0.12043351205813575,2.0,0.0,45.0,21.045528455284554,0.266,6.278048780487805,7.800000000000009,3.60308943089431,3.6999999999999975,2.534875206227009,1,
3001,200,0.0497373061847345,17.499999999999982,0.12043269220561968,3.0,1.0,50.0,18.722602739726028,0.6209677419354839,0.3458904109589041,10.90000000000004,4.399657534246585,5.000000000000002,10.516047875397378,3,
3002,200,0.04968759373891536,45.84999999999996,0.12043719279339644,2.0,0.0,41.0,21.27,0.020440251572326984,7.03625,6.400000000000002,3.512000000000001,3.599999999999996,1.1908078606372838,0,
3003,200,0.04963793098069413,45.79999999999994,0.12044137608843294,2.0,0.0,44.0,20.90625,0.034810126582278444,6.79125,7.700000000000002,3.2937499999999993,2.9999999999999893,2.5119148623669925,0,
3004,200,0.049588317860408,44.699999999999974,0.12044585232560598,2.0,0.0,37.0,18.735,0.019230769230769162,5.1025,3.6999999999999873,1.9909999999999939,1.9999999999999918,0.5967199323748911,0,
3005,200,0.04953875432844388,36.97499999999994,0.12045348712004572,3.0,0.0,46.0,19.722074468085108,0.125,7.019946808510638,9.50000000000003,3.068351063829787,2.099999999999998,5.913742844865601,1,
3006,200,0.04948924033523819,28.574999999999967,0.12045662722312407,2.0,0.0,46.0,17.486940298507463,0.3459595959595959,2.889925373134328,9.400000000000011,2.748880597014922,2.399999999999997,4.753000365478004,3,
3007,200,0.049439775831276976,37.47499999999995,0.12046166719329773,2.0,0.0,49.0,22.098522167487683,0.2887596899224806,6.285714285714286,10.300000000000026,4.1504105090312065,4.299999999999998,5.011478861087171,1,
3008,200,0.049390360767095715,33.52499999999998,0.12046905796965957,2.0,1.0,47.0,19.392307692307693,0.226923076923077,7.904615384615385,9.10000000000005,3.6601538461538494,2.6999999999999984,5.845518427262605,2,
3009,200,0.04934099509327934,27.82499999999997,0.12047256368285626,2.0,0.0,42.0,18.09426229508197,0.3790322580645161,3.1721311475409837,6.300000000000016,3.0131147540983614,3.2999999999999976,2.2736900097840422,2,
3010,200,0.04929167876046215,46.799999999999955,0.12047880053297871,2.0,0.0,43.0,21.15375,0.024691358024691468,6.9475,7.600000000000013,3.442250000000001,3.399999999999995,3.2175699649530842,0,
3011,200,0.04924241171932785,28.04999999999996,0.1204805297670994,3.0,0.0,50.0,21.785067873303166,0.48404255319148937,2.0565610859728505,11.000000000000046,4.671945701357476,5.0,7.998756161606928,2,
3012,200,0.04919319392060936,26.82499999999998,0.12048393087964776,2.0,0.0,43.0,17.67505241090147,0.4375,2.819706498951782,7.000000000000018,2.476310272536685,1.9999999999999938,2.9483616082416355,2,
3013,200,0.04914402531508891,35.29999999999997,0.12048935321427157,2.0,0.0,41.0,18.548387096774192,0.2630434782608696,3.0451612903225804,5.999999999999995,2.1693548387096735,1.899999999999997,1.5534197539535692,1,
3014,200,0.04909490585359783,43.724999999999966,0.12049840200464325,2.0,0.0,41.0,20.24125,0.02450980392156854,8.19,6.000000000000004,2.894749999999996,2.8999999999999986,1.3719745812102875,0,
3015,200,0.04904583548701673,35.89999999999996,0.1205002716117943,3.0,0.0,45.0,20.478048780487804,0.2661290322580645,5.879674796747968,7.800000000000014,3.2626016260162634,2.999999999999993,3.117438872202733,1,
3016,200,0.0489968141662752,46.22499999999995,0.12050565186398313,2.0,0.0,44.0,21.51125,0.01969696969696977,9.585,8.00000000000003,3.656750000000005,3.750000000000001,3.0524842070066036,0,
3017,200,0.048947841842351916,36.84999999999995,0.12050963182145462,2.0,0.0,46.0,20.47826086956522,0.23818897637795278,7.71583850931677,8.80000000000003,3.5698757763975193,3.7500000000000084,3.32372787442586,1,
3018,200,0.04889891846627454,47.524999999999956,0.12051164680874554,2.0,0.0,41.0,21.57625,0.012499999999999956,7.74375,7.400000000000026,3.695750000000003,3.599999999999999,2.222735410524097,0,
3019,200,0.04885004398911972,46.074999999999946,0.120515389713829,2.0,0.0,43.0,21.5175,0.034375000000000044,7.7625,8.300000000000015,3.660500000000003,3.599999999999998,2.9105942978036055,0,
3020,200,0.04880121836201296,36.77499999999998,0.12051476821201543,2.0,0.0,47.0,19.125,0.27419354838709675,4.917721518987341,9.10000000000001,2.6503164556961973,2.1999999999999984,2.610386182067637,1,
3021,200,0.04875244153612863,47.09999999999995,0.12051666471248718,2.0,0.0,47.0,21.50125,0.05246913580246915,8.275,9.500000000000018,3.65075,3.5000000000000067,3.7023302223909886,0,
3022,200,0.048703713462689875,34.37499999999996,0.12051911152241268,4.0,0.0,51.0,21.111658456486044,0.326271186440678,3.1527093596059115,11.900000000000036,3.558292282430214,2.599999999999993,8.488858067299454,1,
3023,200,0.04865503409296867,39.024999999999956,0.12051864394615784,2.0,0.0,44.0,20.50156739811912,0.2232824427480915,4.509404388714733,8.00000000000002,3.5333855799373044,3.5000000000000098,3.527028864272339,1,
3024,200,0.048606403378285604,45.974999999999945,0.12052369961157514,3.0,1.0,40.0,21.16,0.004716981132075526,8.58625,7.400000000000009,3.4460000000000006,3.3999999999999915,2.6655381649034045,0,
3025,200,0.048557821270009974,25.74999999999995,0.12052476441822627,3.0,0.0,48.0,22.123853211009173,0.5028089887640449,2.282110091743119,10.700000000000035,4.75756880733946,4.300000000000013,8.377807885530979,2,
3026,200,0.04850928771955963,43.99999999999997,0.12052670507485576,2.0,0.0,39.0,19.54,0.022108843537415046,7.5025,5.099999999999997,2.473999999999994,2.399999999999997,0.9895255461336679,0,
3027,200,0.048460802678401076,27.574999999999967,0.1205307689058302,2.0,0.0,43.0,19.42557251908397,0.3578431372549019,4.761450381679389,7.200000000000017,3.7908396946564964,4.250000000000009,4.1369158881908765,2,
3028,200,0.04841236609804924,42.89999999999998,0.12053084690697981,2.0,0.0,36.0,19.13875,0.010714285714285676,5.835,5.700000000000001,2.2332499999999986,1.9999999999999938,1.2203963443692933,0,
3029,200,0.04836397793006753,37.749999999999964,0.12053262341573295,2.0,1.0,44.0,20.3739837398374,0.258,3.388617886178862,8.100000000000028,3.2001626016260163,3.0999999999999925,3.0079916663141595,1,
3030,200,0.04831563812606777,44.84999999999995,0.1205323675986584,2.0,1.0,45.0,21.385,0.03571428571428581,8.27625,8.700000000000028,3.581000000000002,3.500000000000011,2.5504429850671793,0,
3031,200,0.04826734663771017,29.97499999999997,0.12053381912707155,2.0,0.0,43.0,18.4541910331384,0.38636363636363635,3.442495126705653,7.400000000000001,2.963352826510717,2.6999999999999984,2.601317941391052,2,
3032,200,0.04821910341670324,35.174999999999976,0.12053574036122018,2.0,0.0,41.0,17.827639751552795,0.22033898305084754,4.406832298136646,6.0000000000000115,2.4714285714285675,2.399999999999994,1.932821874208833,2,
3033,200,0.048170908414803745,36.399999999999956,0.1205388694625196,2.0,1.0,43.0,20.9869918699187,0.258,5.094308943089431,7.300000000000017,3.5679674796748015,3.9000000000000035,2.7822495663945337,1,
3034,200,0.048122761583816655,33.424999999999955,0.12054201039593637,2.0,0.0,51.0,20.280918727915193,0.33119658119658124,2.1307420494699647,11.600000000000046,4.441872791519443,3.699999999999994,10.32610575767516,2,
3035,200,0.04807466287559518,49.72499999999995,0.12054781917532761,2.0,0.0,47.0,21.915,0.042397660818713545,7.9925,9.500000000000016,3.8990000000000014,3.8999999999999924,3.750504860163858,0,
3036,200,0.048026612242040585,44.54999999999997,0.12054815835924282,2.0,0.0,39.0,19.5075,0.027397260273972712,6.68125,4.899999999999997,2.4544999999999946,2.5999999999999885,0.8811811268455091,0,
3037,200,0.04797860963510223,22.949999999999978,0.12054854877841985,2.0,0.0,49.0,16.023364485981308,0.39457831325301207,2.383177570093458,10.500000000000037,3.478971962616829,1.4999999999999991,10.243492245459525,3,
3038,200,0.0479306550067775,30.099999999999966,0.1205498369357968,2.0,0.0,46.0,17.91864406779661,0.25934579439252337,4.091525423728814,8.600000000000035,3.3123728813559334,2.6999999999999966,5.101064955659208,3,
3039,200,0.04788274830911178,39.42499999999997,0.12055180103049876,2.0,1.0,41.0,18.345481049562682,0.16860465116279078,3.801749271137026,6.600000000000006,2.4718658892128236,2.199999999999995,1.7306844526609924,1,
3040,200,0.04783488949419837,44.574999999999946,0.12055154720980929,2.0,0.0,42.0,20.9125,0.045454545454545414,7.51875,7.200000000000019,3.2974999999999994,2.8999999999999972,3.343548974295294,0,
3041,200,0.04778707851417843,40.099999999999966,0.12055310752303988,2.0,0.0,38.0,17.782548476454295,0.11434108527131781,3.386426592797784,4.799999999999993,2.078531855955673,1.9999999999999973,0.8705795700224214,1,
3042,200,0.047739315321240976,44.42499999999996,0.12055595477576089,2.0,0.0,41.0,21.2625,0.026315789473684292,7.14375,7.700000000000018,3.507500000000002,3.300000000000011,2.556197744058993,0,
3043,200,0.047691599867622836,49.24999999999996,0.1205587368826373,2.0,0.0,43.0,21.14125,0.015243902439024293,5.9975,7.100000000000008,3.4347500000000006,3.499999999999994,2.5563464317913094,0,
3044,200,0.047643932105608536,37.29999999999997,0.12056285830779277,2.0,0.0,40.0,17.933234421364986,0.17460317460317465,4.313056379821958,4.899999999999996,2.2016320474777404,1.9999999999999922,1.537048197677614,1,
3045,200,0.04759631198753032,17.24999999999998,0.12056280891715777,4.0,0.0,46.0,18.604026845637584,0.6379310344827587,0.25838926174496646,9.30000000000002,4.231543624161079,3.6999999999999966,9.08219452045544,3,
3046,200,0.04754873946576803,35.274999999999956,0.12056305624553453,2.0,0.0,49.0,22.660098522167488,0.2890625,5.865353037766831,11.500000000000032,4.487356321839085,3.800000000000006,6.197574417601427,1,
3047,200,0.04750121449274919,31.949999999999967,0.12056637327064343,2.0,0.0,43.0,17.73929236499069,0.34615384615384615,1.2923649906890131,7.000000000000004,2.7504655493482275,2.6999999999999917,2.554650169228208,2,
3048,200,0.0474537370209488,49.99999999999994,0.12056970839671313,2.0,0.0,44.0,23.13125,0.013157894736842035,8.77625,8.400000000000023,4.628750000000012,4.800000000000001,3.524078943873381,0,
3049,200,0.04740630700288939,29.42499999999998,0.12056818855976967,2.0,0.0,41.0,17.40081799591002,0.40591397849462363,0.31901840490797545,6.700000000000006,2.3480572597136993,1.9999999999999973,2.348722816995651,2,
3050,200,0.04735892439114091,35.39999999999997,0.12056666863327047,2.0,0.0,51.0,19.335570469798657,0.282520325203252,4.864093959731544,11.800000000000042,4.004362416107385,2.799999999999999,9.137020114578563,2,
3051,200,0.047311589138320786,47.57499999999996,0.12056746732352605,2.0,0.0,41.0,20.65625,0.013975155279503104,5.78,6.100000000000001,3.1437499999999994,3.3999999999999946,1.6211384705288603,0,
3052,200,0.047264301197093746,45.89999999999995,0.12056893018186045,2.0,0.0,42.0,21.69625,0.018987341772152,7.36125,6.700000000000011,3.7677500000000053,3.8999999999999986,1.5556123681443348,0,
3053,200,0.04721706052017184,40.74999999999996,0.12057148447890284,2.0,0.0,43.0,19.994505494505493,0.11986301369863006,9.070054945054945,6.900000000000028,3.3796703296703297,3.4999999999999964,2.979207710436012,1,
3054,200,0.04716986706031437,48.92499999999994,0.12057629568307981,3.0,0.0,48.0,22.945,0.03409090909090917,10.23125,9.900000000000029,4.517000000000008,4.800000000000007,4.477867996668781,0,
3055,200,0.04712272077032791,39.89999999999996,0.12058040136072329,2.0,0.0,41.0,18.929362880886426,0.12593984962406024,6.098337950138504,5.800000000000034,2.766620498614958,2.6999999999999957,1.4084314470259096,1,
3056,200,0.04707562160306615,46.19999999999995,0.12058515506786183,2.0,0.0,45.0,22.74375,0.031065088757396442,9.59,8.60000000000003,4.396250000000008,4.450000000000016,3.2636410369391515,0,
3057,200,0.04702856951142992,47.29999999999996,0.12059079319188179,2.0,0.0,40.0,20.3425,0.01948051948051943,6.275,6.199999999999998,2.9554999999999976,2.999999999999993,1.6669723546443058,0,
3058,200,0.04698156444836709,35.999999999999964,0.12059333387621039,2.0,1.0,41.0,20.579638752052546,0.2583333333333333,4.032840722495895,6.000000000000007,3.239080459770115,3.199999999999992,2.2911554141501425,1,
3059,200,0.04693460636687265,28.474999999999966,0.12059604954646612,2.0,0.0,42.0,19.707635009310987,0.35396039603960394,3.797020484171322,8.600000000000014,3.719180633147119,3.6999999999999975,5.362723325750465,2,
3060,200,0.046887695219988486,29.099999999999973,0.1205981848263382,2.0,0.0,44.0,17.68916155419223,0.40957446808510634,1.278118609406953,7.800000000000022,2.6658486707566458,1.9999999999999964,3.9300771160923595,2,
3061,200,0.04684083096080345,49.44999999999996,0.12060168545627777,2.0,0.0,43.0,20.87625,0.016666666666666607,7.55625,7.20000000000001,3.275749999999999,3.2999999999999963,2.5712159550249356,0,
3062,200,0.04679401354245326,45.44999999999996,0.12060646180750609,2.0,0.0,43.0,21.1325,0.023885350318471277,9.43125,7.399999999999999,3.4295,3.2999999999999976,2.3591334361460023,0,
3063,200,0.046747242918120525,27.299999999999972,0.12060837769792795,2.0,0.0,43.0,19.64516129032258,0.42741935483870963,2.5978494623655912,7.3000000000000265,3.6795698924731273,4.100000000000011,3.919794287405685,2,
3064,200,0.04670051904103461,27.799999999999972,0.12061152752124257,3.0,0.0,41.0,17.645702306079663,0.41666666666666663,2.10272536687631,6.000000000000014,2.525366876310272,2.5999999999999877,2.0806025632010194,2,
3065,200,0.04665384186447163,41.19999999999995,0.12061597084063551,3.0,1.0,43.0,19.34393063583815,0.1564748201438848,6.423410404624278,7.600000000000031,3.074277456647399,2.299999999999997,4.379145183486748,1,
3066,200,0.04660721134175438,25.124999999999982,0.12061810967666893,2.0,0.0,38.0,16.154525386313466,0.42901234567901236,1.0640176600441502,3.699999999999992,1.4578366445916078,1.2999999999999985,0.6488876651982326,2,
3067,200,0.046560627426252374,36.74999999999996,0.12062061480729781,2.0,0.0,46.0,21.009756097560974,0.27419354838709675,3.534959349593496,9.000000000000023,3.5816260162601643,3.6,3.933770358306205,1,
3068,200,0.04651409007138167,47.54999999999996,0.12062115539244095,2.0,0.0,40.0,21.0575,0.006329113924050667,8.405,6.200000000000012,3.384499999999999,3.5500000000000007,1.7045624133787785,0,
3069,200,0.04646759923060492,49.424999999999955,0.12062542215124739,2.0,0.0,45.0,22.4225,0.02777777777777768,9.0775,8.400000000000018,4.203500000000002,4.199999999999998,3.816493713271449,0,
3070,200,0.04642115485743125,27.39999999999997,0.12062835317322951,2.0,0.0,46.0,20.145124716553287,0.47527472527472525,2.3356009070294785,8.700000000000017,3.664852607709754,3.4999999999999947,5.489518510900892,2,
3071,200,0.04637475690541633,38.12499999999997,0.12062999195792014,2.0,0.0,45.0,17.330745341614907,0.20999999999999996,4.299689440993789,7.900000000000013,2.6037267080745328,1.7999999999999938,4.033877825599489,2,
3072,200,0.046328405328162174,46.474999999999966,0.12063257895309615,2.0,0.0,42.0,20.74875,0.02070063694267521,7.8875,6.400000000000005,3.1992499999999984,3.2000000000000064,1.685652071331362,0,
3073,200,0.04628210007931721,45.39999999999997,0.12063509774832352,2.0,0.0,43.0,20.1375,0.054487179487179516,8.705,7.100000000000005,2.8324999999999934,2.599999999999995,2.03749693358896,0,
3074,200,0.046235841112576184,42.049999999999955,0.12063982821929137,2.0,0.0,43.0,20.049046321525886,0.11486486486486491,6.73841961852861,7.200000000000016,3.3818801089918256,3.1999999999999984,3.3375933958849706,1,
3075,200,0.0461896283816801,45.574999999999974,0.12064243432407903,2.0,0.0,41.0,19.80375,0.022435897435897356,7.38625,5.800000000000009,2.6322499999999946,2.5999999999999908,1.4816622525972691,0,
3076,200,0.04614346184041627,39.12499999999995,0.12065005902379933,2.0,0.0,46.0,21.244766505636072,0.25769230769230766,6.151368760064412,8.5,3.7996779388083763,3.5999999999999965,4.576533502748698,1,
3077,200,0.04609734144261812,35.29999999999995,0.12065683828320145,2.0,1.0,46.0,20.77742946708464,0.26574803149606296,5.448275862068965,8.800000000000033,3.6989028213166204,2.9999999999999973,5.475733251769527,2,
3078,200,0.046051267142165266,29.74999999999997,0.12065980458388503,2.0,0.0,44.0,16.666015625,0.3571428571428571,2.591796875,7.300000000000004,2.3175781249999976,1.7999999999999978,2.77227970992931,2,
3079,200,0.04600523889298336,37.14999999999998,0.12066124313504678,2.0,0.0,41.0,19.126822157434404,0.16796875,4.3425655976676385,6.70000000000003,2.940670553935862,2.4999999999999987,2.7243429488201434,1,
3080,200,0.045959256649044204,38.649999999999956,0.12066314602880944,2.0,0.0,43.0,19.867069486404834,0.2007575757575757,6.1299093655589125,7.90000000000002,3.3164652567975854,3.399999999999996,3.049932229379608,1,
3081,200,0.04591332036436553,48.19999999999995,0.12066409456274177,2.0,1.0,43.0,22.01,0.013473053892215647,7.58,7.100000000000012,3.956000000000003,3.9999999999999964,2.646068134481476,0,
3082,200,0.04586742999301104,39.62499999999997,0.12067079042777046,2.0,1.0,39.0,18.55167597765363,0.11940298507462677,6.501396648044692,5.399999999999995,2.561452513966476,2.59999999999999,1.2250807268045742,1,
3083,200,0.045821585489090357,37.299999999999955,0.1206723456021116,2.0,0.0,47.0,20.071537290715373,0.2267441860465116,6.070015220700152,9.900000000000007,3.4133942161339443,3.1999999999999886,5.424977759656032,1,
3084,200,0.04577578680675899,45.74999999999997,0.12067552292154415,2.0,0.0,41.0,20.095,0.02922077922077926,7.02625,5.799999999999999,2.8069999999999955,2.5999999999999943,1.3596031243798827,0,
3085,200,0.04573003390021825,48.34999999999995,0.12067623291091992,2.0,0.0,42.0,21.38875,0.0185185185185186,6.955,6.800000000000002,3.583250000000001,3.5999999999999934,2.196522869566993,0,
3086,200,0.04568432672371522,39.474999999999966,0.12067826413702451,2.0,0.0,42.0,19.31974921630094,0.2224409448818898,5.2962382445141065,6.700000000000011,2.824294670846392,2.4999999999999964,2.5095570001203855,1,
3087,200,0.0456386652315427,42.74999999999996,0.12068294036917754,2.0,0.0,44.0,20.3125,0.06418918918918926,6.60375,8.400000000000029,2.937499999999999,2.3999999999999977,3.4087990762485894,1,
3088,200,0.045593049378039235,40.79999999999997,0.1206838256833761,2.0,1.0,46.0,19.757188498402556,0.25,2.5686900958466454,8.400000000000016,2.965654952076675,2.599999999999995,2.947725703349288,1,
3089,200,0.04554747911758895,34.69999999999996,0.12068669244589947,2.0,1.0,45.0,18.80923076923077,0.20238095238095233,3.0753846153846154,8.500000000000012,3.4653846153846164,2.599999999999996,5.435383870731087,2,
3090,200,0.04550195440462157,43.07499999999996,0.12068966877482964,4.0,0.0,48.0,19.536931818181817,0.176056338028169,5.049715909090909,9.800000000000018,3.1812499999999995,2.399999999999995,5.4007388799774265,1,
3091,200,0.04545647519361237,35.32499999999996,0.12069132428829074,2.0,0.0,42.0,22.06896551724138,0.2668067226890757,4.288998357963875,8.40000000000003,4.1326765188834225,4.100000000000009,3.518958153580704,1,
3092,200,0.04541104143908218,38.39999999999996,0.12069458452867923,2.0,0.0,44.0,19.672256097560975,0.21456692913385833,2.769817073170732,7.600000000000023,3.1679878048780474,3.0999999999999925,2.5011761534618473,1,
3093,200,0.0453656530955972,47.49999999999996,0.12069913790158307,2.0,0.0,44.0,20.775,0.03881987577639756,6.2775,7.800000000000003,3.2149999999999985,3.3000000000000007,2.398678747935546,0,
3094,200,0.04532031011776911,50.62499999999993,0.12070250695743523,3.0,0.0,48.0,24.2025,0.03409090909090917,9.74875,10.000000000000036,5.271500000000011,5.600000000000007,4.586294916085849,0,
3095,200,0.045275012460254886,46.549999999999976,0.12070774204518486,2.0,0.0,43.0,20.49125,0.02358490566037741,7.7625,7.1,3.044749999999999,3.0999999999999943,1.9587004979695304,0,
3096,200,0.04522976007775692,41.549999999999955,0.1207106428594697,2.0,0.0,43.0,20.151470588235295,0.16726618705035978,4.194117647058824,6.80000000000003,3.546764705882357,4.000000000000003,2.6766423802819856,1,
3097,200,0.0451845529250228,35.749999999999964,0.1207140592790252,2.0,0.0,42.0,20.8876582278481,0.22999999999999998,5.3924050632911396,7.000000000000016,3.707911392405069,3.899999999999996,3.085198298545676,1,
3098,200,0.04513939095684536,38.14999999999995,0.12071579130567747,2.0,0.0,44.0,21.15348101265823,0.2421875,2.893987341772152,7.700000000000016,3.867405063291146,4.099999999999995,3.876162464354855,1,
3099,200,0.04509427412806263,46.27499999999996,0.12072120820324342,2.0,1.0,43.0,20.22,0.03797468354430378,7.0425,6.70000000000001,2.881999999999996,2.699999999999995,1.8701289220764403,0,
3100,200,0.0450492023935578,32.574999999999974,0.12072036346751279,4.0,1.0,46.0,18.152249134948097,0.3136363636363636,3.9965397923875434,8.700000000000014,2.9005190311418656,2.299999999999997,3.8510320189893066,2,
3101,200,0.045004175708259125,38.29999999999997,0.12072124920043256,2.0,0.0,43.0,20.727858293075684,0.246,1.434782608695652,7.600000000000011,3.4895330112721417,3.2999999999999963,2.7435207447360344,1,
3102,200,0.0449591940271399,43.94999999999997,0.12072449216616078,2.0,0.0,39.0,20.23375,0.016891891891891886,6.37,6.3,2.8902499999999973,2.899999999999995,1.2940569594640021,0,
3103,200,0.04491425730521843,45.199999999999974,0.12072947975788392,2.0,0.0,39.0,19.25125,0.02181208053691286,5.26625,4.399999999999992,2.300749999999994,2.2999999999999976,0.6500504532038289,0,
3104,200,0.04486936549755803,36.599999999999966,0.12073204000123752,2.0,0.0,44.0,20.51916932907348,0.25806451612903225,4.840255591054313,7.600000000000028,3.422843450479234,2.899999999999998,3.374902124401946,1,
3105,200,0.04482451855926687,39.27499999999997,0.12073297640247865,2.0,0.0,43.0,18.44108761329305,0.20703125,3.607250755287009,6.800000000000007,2.4608761329305087,2.099999999999997,2.05459183603617,1,
3106,200,0.044779716445498004,35.974999999999966,0.12073319386152367,2.0,0.0,41.0,17.06797583081571,0.16666666666666674,4.0105740181268885,5.500000000000002,2.3548338368580004,2.099999999999996,1.4165584162211349,2,
3107,200,0.04473495911144929,26.449999999999967,0.12073611317504421,3.0,0.0,46.0,20.969767441860466,0.4915730337078652,1.4813953488372094,8.700000000000022,3.9776744186046566,4.3,3.320124175901459,2,
3108,200,0.04469024651236344,49.57499999999994,0.12073677203455743,2.0,1.0,44.0,22.6775,0.02678571428571419,6.8875,8.00000000000003,4.3565000000000085,4.300000000000014,3.3915130492391654,0,
3109,200,0.04464557860352782,34.62499999999996,0.12074176122569054,3.0,0.0,45.0,20.229032258064517,0.2801724137931034,2.829032258064516,9.400000000000011,3.177741935483869,2.7000000000000033,4.191805805946442,1,
3110,200,0.044600955340274535,47.049999999999976,0.12074224528866337,2.0,0.0,38.0,18.84625,0.005033557046979942,4.19,4.1999999999999975,2.0577499999999938,1.9999999999999942,0.6401159376811505,0,
3111,200,0.04455637667798028,46.04999999999996,0.12074389892582482,2.0,0.0,41.0,20.16875,0.031045751633986818,3.9625,6.100000000000003,2.8512500000000003,2.7999999999999967,2.515177367464643,0,
3112,200,0.04451184257206644,38.42499999999997,0.12074582584276251,2.0,0.0,43.0,19.04420731707317,0.21031746031746024,3.3536585365853657,9.3,2.791158536585363,2.399999999999994,3.624503421752823,1,
3113,200,0.04446735297799888,33.07499999999995,0.12074705575468592,2.0,0.0,49.0,20.238095238095237,0.30982905982905984,2.7208538587848934,11.100000000000025,3.5454844006568145,2.7999999999999936,7.707327976704094,2,
3114,200,0.044422907851287996,47.39999999999995,0.12074738019492856,2.0,0.0,46.0,20.42,0.050000000000000044,6.03,8.800000000000008,3.0019999999999962,2.999999999999996,2.3784497163276836,0,
3115,200,0.04437850714748865,46.79999999999994,0.12074885641453191,3.0,1.0,47.0,22.39,0.050000000000000044,6.99125,10.200000000000026,4.184000000000003,3.999999999999993,5.137002026565704,0,
3116,200,0.04433415082220017,39.22499999999995,0.12074975726889912,2.0,1.0,52.0,22.043478260869566,0.28787878787878785,3.1191626409017714,12.300000000000024,4.278904991948476,4.100000000000024,7.387190903433281,1,
3117,200,0.044289838831066214,46.97499999999996,0.12075410949269416,2.0,0.0,45.0,20.3825,0.034375000000000044,6.13875,8.200000000000015,2.9794999999999976,2.8999999999999915,1.9715328305200528,0,
3118,200,0.04424557112977477,45.34999999999994,0.1207570322573169,2.0,0.0,46.0,22.8475,0.05061349693251538,9.33625,9.300000000000008,4.458500000000009,4.499999999999998,4.304534475835139,0,
3119,200,0.04420134767405813,35.92499999999995,0.12075735796120798,3.0,0.0,46.0,20.987480438184665,0.266260162601626,2.583724569640063,9.900000000000027,3.8339593114241066,2.7999999999999923,8.397224137931099,2,
3120,200,0.04415716841969286,47.84999999999995,0.12075943251995375,2.0,0.0,45.0,20.975,0.028787878787878807,6.2675,8.400000000000015,3.334999999999999,3.2999999999999945,2.9833796615307326,0,
3121,200,0.044113033322499696,47.32499999999995,0.1207637376055421,2.0,0.0,47.0,21.34625,0.05246913580246915,8.17875,9.600000000000033,3.557749999999999,3.2999999999999945,3.7005707196417785,0,
3122,200,0.04406894233834353,42.549999999999955,0.12076490854776734,2.0,0.0,43.0,19.6525,0.05821917808219168,6.4725,6.700000000000009,2.5414999999999983,2.299999999999992,1.8482806379385022,1,
3123,200,0.04402489542313335,31.69999999999997,0.12076456712961603,2.0,0.0,41.0,17.291519434628974,0.2783018867924528,2.3445229681978796,7.200000000000005,2.800883392226148,2.299999999999997,3.3247269123316396,2,
3124,200,0.04398089253282229,47.52499999999996,0.12076594147744886,2.0,0.0,41.0,20.44625,0.009374999999999911,5.7825,6.1000000000000005,3.0177499999999986,3.0999999999999925,1.7463376661526064,0,
3125,200,0.04393693362340742,41.39999999999995,0.12076714964589437,2.0,0.0,42.0,20.428954423592494,0.10273972602739723,7.13941018766756,8.00000000000001,3.5357908847185016,3.699999999999995,3.4752534073655004,1,
3126,200,0.04389301865092984,49.74999999999995,0.12077007914186857,2.0,0.0,43.0,22.0875,0.01646706586826352,7.975,7.000000000000014,4.0025000000000075,4.199999999999996,1.6572463394474173,0,
3127,200,0.04384914757147454,39.649999999999984,0.12077211346930217,2.0,0.0,39.0,17.610795454545453,0.13888888888888884,4.548295454545454,4.599999999999987,2.0255681818181763,1.9999999999999911,0.6167906943897962,1,
3128,200,0.04380532034117049,38.79999999999996,0.12077479978633601,2.0,0.0,46.0,20.609717868338556,0.2384615384615385,3.927899686520376,8.500000000000023,3.598275862068969,3.900000000000003,3.1961020580135457,1,
3129,200,0.04376153691619043,41.974999999999966,0.12077683787451332,2.0,0.0,44.0,19.285100286532952,0.1564748201438848,5.196275071633238,7.200000000000034,3.0371060171919773,2.849999999999994,1.7017355188699705,1,
3130,200,0.04371779725275094,40.74999999999994,0.12078010952852516,2.0,0.0,49.0,21.126598465473144,0.1100000000000001,6.10997442455243,11.100000000000017,3.6446291560102297,3.099999999999996,6.350282049898399,2,
3131,200,0.04367410130711232,33.12499999999998,0.12078054483946828,6.0,0.0,47.0,15.884364820846905,0.1919642857142858,2.8094462540716614,9.000000000000036,2.333713355048862,1.3999999999999995,4.383679597872685,3,
3132,200,0.043630449035578674,36.54999999999996,0.12078099018103436,2.0,0.0,46.0,21.175697865353037,0.2871900826446281,2.781609195402299,9.600000000000021,3.596715927750411,3.299999999999998,4.698852459016426,1,
3133,200,0.04358684039449769,40.42499999999997,0.12078035315782219,2.0,0.0,47.0,19.09691629955947,0.19485294117647056,2.2540381791483113,9.100000000000026,2.9160058737151258,2.6999999999999966,4.219503277557376,1,
3134,200,0.04354327534026074,48.74999999999996,0.1207808131130221,2.0,0.0,44.0,21.29125,0.02777777777777768,6.24875,7.500000000000028,3.52475,3.699999999999993,2.5061413533458805,0,
3135,200,0.04349975382930273,30.499999999999968,0.1207849878443755,2.0,0.0,44.0,17.558,0.3712121212121212,3.552,7.600000000000005,2.7775999999999987,2.199999999999998,3.611792687170753,2,
3136,200,0.04345627581810221,46.52499999999995,0.12078916280632168,2.0,1.0,41.0,20.81125,0.01602564102564097,7.87125,6.800000000000002,3.2367499999999993,3.4000000000000004,1.8283022942223404,0,
3137,200,0.043412841263181116,35.524999999999956,0.12078598842472753,2.0,0.0,44.0,21.114832535885167,0.2621951219512195,3.5598086124401913,8.40000000000003,3.7915470494417876,3.3999999999999955,4.017753759589785,1,
3138,200,0.04336945012110491,44.94999999999996,0.1207877275225831,2.0,0.0,46.0,19.150837988826815,0.14189189189189189,4.053072625698324,8.400000000000018,2.9209497206703867,2.4999999999999987,2.4199289580712215,1,
3139,200,0.04332610234848241,49.44999999999997,0.12079090478442887,2.0,0.0,42.0,20.82625,0.017080745341614856,5.0975,6.599999999999998,3.2457499999999997,3.399999999999997,2.28671051048518,0,
3140,200,0.043282797901965896,38.54999999999995,0.12078951082759608,2.0,0.0,46.0,21.625615763546797,0.26937984496124034,4.64367816091954,9.00000000000001,3.8666666666666716,3.9000000000000017,2.9589789689387533,1,
3141,200,0.043239536738250886,35.199999999999974,0.12078899027358013,2.0,0.0,37.0,18.430379746835442,0.2152173913043478,3.0443037974683542,4.899999999999997,2.2335443037974643,2.199999999999998,1.1476118300648663,1,
3142,200,0.04319631881407622,43.52499999999995,0.12078950381206008,2.0,0.0,42.0,21.265,0.040322580645161255,6.2325,7.500000000000001,3.509000000000002,3.699999999999993,2.4993229051920505,0,
3143,200,0.043153144086223956,41.024999999999956,0.12078921857699366,2.0,0.0,45.0,20.041543026706233,0.19117647058823528,3.6305637982195846,8.000000000000028,3.4666172106824917,3.3000000000000043,2.8722005173078116,1,
3144,200,0.043110012511519386,32.99999999999997,0.12078826293925995,2.0,0.0,44.0,17.40943396226415,0.339622641509434,0.6886792452830188,7.400000000000022,2.768113207547173,1.499999999999998,4.973133012221504,2,
3145,200,0.04306692404683092,46.974999999999966,0.12078681653339493,2.0,1.0,43.0,20.79,0.030254777070063632,6.5325,7.799999999999999,3.223999999999996,3.1999999999999913,2.119027310980174,0,
3146,200,0.04302387864907009,38.22499999999996,0.12078890353789926,2.0,0.0,42.0,19.365231259968102,0.23412698412698418,3.138755980861244,6.800000000000008,2.7417862838915457,2.3999999999999995,2.7508286868399185,1,
3147,200,0.042980876275191475,23.724999999999966,0.12078890451334903,2.0,0.0,48.0,17.294784580498867,0.44047619047619047,1.3514739229024944,10.200000000000035,3.594104308390026,2.5999999999999965,8.301595228301167,3,
3148,200,0.042937916882192735,50.12499999999996,0.12078989494146203,2.0,0.0,42.0,19.76375,0.0185185185185186,5.19375,7.000000000000013,2.608249999999999,2.299999999999996,2.4048356950557777,0,
3149,200,0.04289500042711446,47.949999999999946,0.12079082826817711,2.0,1.0,49.0,22.25625,0.05059523809523814,7.84875,10.700000000000015,4.103750000000007,4.30000000000002,4.217042526628974,0,
3150,200,0.04285212686704019,25.02499999999998,0.12079143100952403,4.0,0.0,47.0,14.88723404255319,0.31818181818181823,2.521276595744681,9.00000000000003,2.7627659574468098,1.7999999999999983,5.026444891104113,3,
3151,200,0.04280929615909633,27.499999999999964,0.12079108593470678,2.0,0.0,43.0,18.151639344262296,0.3913043478260869,2.209016393442623,8.70000000000002,3.040163934426231,1.8999999999999941,6.353249602129855,2,
3152,200,0.04276650826045222,36.49999999999997,0.12079798699377335,2.0,0.0,41.0,19.70886075949367,0.23739495798319332,2.7278481012658227,6.100000000000013,3.000632911392404,3.2000000000000064,1.6549404516014385,1,
3153,200,0.04272376312831993,47.04999999999997,0.12080122216785966,2.0,1.0,39.0,19.74625,0.01490066225165565,6.49375,5.600000000000003,2.5977499999999982,2.4999999999999973,1.4022971285892674,0,
3154,200,0.04268106071995433,45.399999999999956,0.12080201881554323,2.0,0.0,42.0,20.72375,0.03618421052631571,5.61875,7.800000000000006,3.184249999999998,2.9999999999999956,1.8492048268825496,0,
3155,200,0.04263840099265299,45.57499999999997,0.12080207176054944,2.0,0.0,40.0,20.96125,0.021523178807947074,6.01875,7.500000000000009,3.32675,3.3000000000000034,2.1149377420902304,0,
3156,200,0.042595783903756214,38.57499999999997,0.1208025126577418,2.0,0.0,45.0,21.032840722495894,0.2775590551181102,0.9441707717569786,7.800000000000018,3.5110016420361267,3.3999999999999932,3.517934426229533,1,
3157,200,0.04255320941064689,41.09999999999995,0.1208019824292006,2.0,0.0,46.0,21.378594249201278,0.25,2.086261980830671,8.900000000000004,3.938498402555914,3.7999999999999936,4.734775961722517,1,
3158,200,0.042510677470750526,46.94999999999996,0.12080416085725415,2.0,0.0,43.0,20.76375,0.030254777070063632,5.39875,6.600000000000017,3.208249999999997,3.2999999999999967,1.5072342925535833,0,
3159,200,0.042468188041535154,49.07499999999995,0.12080582606905091,2.0,0.0,48.0,21.76875,0.04585798816568043,8.1225,9.700000000000031,3.811250000000002,3.6000000000000076,3.5557289933265803,0,
3160,200,0.042425741080511385,48.94999999999996,0.1208076590510531,2.0,1.0,43.0,20.4,0.0185185185185186,5.5875,7.500000000000021,2.989999999999998,2.599999999999998,2.8517544558663492,0,
3161,200,0.04238333654523223,36.02499999999995,0.12080902531263363,2.0,0.0,43.0,21.288998357963877,0.266260162601626,2.9277504105090313,6.700000000000017,3.664696223316915,3.799999999999996,3.0633431837791423,1,
3162,200,0.042340974393293145,35.099999999999966,0.12081172552423533,2.0,1.0,43.0,19.808130081300813,0.26694915254237284,3.186991869918699,7.100000000000014,2.860650406504065,2.999999999999988,2.518783472228104,1,
3163,200,0.04229865458233197,36.274999999999956,0.12081124634698506,2.0,0.0,47.0,20.719806763285025,0.28658536585365857,5.001610305958132,9.700000000000015,3.4847020933977433,3.400000000000003,3.842529561248845,1,
3164,200,0.042256377070028925,40.34999999999996,0.12080981616113194,2.0,0.0,40.0,18.585227272727273,0.13721804511278202,4.0852272727272725,5.8000000000000025,2.6102272727272724,2.3999999999999986,1.7251261563915614,1,
3165,200,0.042214141814106466,29.37499999999997,0.12081013327668122,2.0,0.0,47.0,19.27463312368973,0.41836734693877553,2.0356394129979036,10.700000000000015,3.6096436058700245,2.7999999999999963,8.52342454555047,2,
3166,200,0.04217194877232933,35.69999999999996,0.12080899702235026,3.0,1.0,46.0,19.33226837060703,0.25813008130081305,4.787539936102236,8.70000000000001,3.504313099041537,2.5999999999999988,5.443078354067024,2,
3167,200,0.04212979790250448,37.87499999999998,0.12080984363493538,2.0,0.0,39.0,18.826470588235296,0.16199999999999992,4.430882352941176,5.099999999999999,2.751764705882349,2.899999999999988,0.9639695587576946,1,
3168,200,0.042087689162481054,46.77499999999995,0.12081032393323468,3.0,0.0,43.0,21.86375,0.027439024390243816,6.84625,7.500000000000026,3.868250000000003,3.79999999999999,2.6823961287439744,0,
3169,200,0.042045622510150295,48.72499999999995,0.12081028712989647,2.0,1.0,44.0,23.15,0.017857142857142794,7.8025,7.900000000000036,4.640000000000012,5.000000000000023,2.5403539693031005,0,
3170,200,0.04200359790344555,45.44999999999998,0.12081270733705782,1.0,0.0,39.0,19.41625,0.016666666666666607,6.18125,5.0999999999999925,2.3997499999999965,2.499999999999991,1.3644520694563556,0,
3171,200,0.041961615300342196,15.74999999999998,0.1208135061563709,5.0,0.0,47.0,18.33984375,0.6826923076923077,0.03125,9.10000000000003,3.705859375000006,3.549999999999997,7.478712596322616,3,
3172,200,0.04191967465885765,45.97499999999996,0.12081779450498116,2.0,0.0,42.0,21.77375,0.015625,6.66375,8.500000000000004,3.814250000000002,3.900000000000019,2.626251041017264,0,
3173,200,0.04187777593705126,46.499999999999964,0.12082018337045702,3.0,0.0,40.0,19.99875,0.016233766233766156,6.385,5.099999999999995,2.7492499999999946,2.799999999999992,0.8955258367591156,0,
3174,200,0.0418359190930243,50.07499999999996,0.12082175824941233,2.0,0.0,48.0,21.42875,0.038235294117647145,5.6375,10.000000000000009,3.607249999999999,3.3999999999999924,4.489504452350717,0,
3175,200,0.041794104084919896,35.549999999999955,0.12082282187366208,2.0,0.0,48.0,20.81937602627258,0.3015873015873016,5.814449917898194,9.70000000000003,3.8942528735632225,2.9999999999999942,7.442039581535854,2,
3176,200,0.04175233087092308,47.22499999999997,0.12082367525097759,2.0,0.0,39.0,19.83375,0.016447368421052655,5.33375,5.099999999999996,2.6502499999999953,2.7999999999999883,1.064376600588437,0,
3177,200,0.04171059940926062,48.12499999999996,0.1208252367198753,2.0,0.0,49.0,20.66875,0.04518072289156616,5.0875,10.600000000000005,3.1512500000000006,2.699999999999992,4.846631010360966,0,
3178,200,0.04166890965820104,51.14999999999996,0.1208288449307169,2.0,0.0,44.0,20.41875,0.017857142857142794,7.5275,7.199999999999998,3.0012499999999944,2.8999999999999977,1.5563008692201055,0,
3179,200,0.04162726157605457,43.17499999999994,0.12082893959449933,2.0,1.0,42.0,20.80478589420655,0.0587248322147651,6.337531486146096,8.100000000000012,3.30617128463476,3.199999999999994,3.173883826246974,1,
3180,200,0.04158565512117316,47.899999999999956,0.1208310636612133,2.0,0.0,41.0,20.9225,0.015625,5.1975,6.400000000000006,3.3035000000000014,3.4499999999999997,1.8810406891260838,0,
3181,200,0.04154409025195034,36.94999999999996,0.12083114436430159,2.0,0.0,46.0,20.063076923076924,0.24596774193548376,4.009230769230769,8.700000000000026,3.364769230769232,2.9999999999999956,4.4944771230228,1,
3182,200,0.04150256692682124,39.17499999999995,0.12083408005775656,3.0,0.0,45.0,22.89694041867955,0.24248120300751874,3.2640901771336552,9.600000000000009,4.7909822866344705,5.100000000000015,7.049953065034796,1,
3183,200,0.0414610851042625,43.39999999999995,0.12083663788453772,2.0,0.0,48.0,21.66375,0.0676100628930818,7.6575,11.000000000000014,3.7482500000000027,3.5000000000000178,5.157129995515639,0,
3184,200,0.04141964474279235,36.09999999999995,0.1208355070315166,2.0,0.0,44.0,21.57487922705314,0.27066115702479343,5.078904991948471,8.20000000000004,3.9977455716586214,3.7000000000000024,3.5080555440307446,1,
3185,200,0.04137824580097038,27.599999999999973,0.12083720545690103,2.0,0.0,42.0,18.15546218487395,0.40053763440860213,1.5756302521008403,6.100000000000006,2.928991596638652,3.099999999999995,2.0495466843208643,2,
3186,200,0.041336888237397666,44.54999999999994,0.12083759333286215,2.0,1.0,52.0,21.75625,0.08850931677018625,7.95,12.300000000000027,3.803750000000001,3.399999999999997,6.029195358117778,0,
3187,200,0.04129557201071661,47.174999999999955,0.12083556121895406,2.0,0.0,44.0,21.79625,0.04141104294478537,8.14,7.900000000000016,3.8277500000000035,3.799999999999997,2.5404839070061263,0,
3188,200,0.04125429707961103,39.49999999999994,0.12083729331704217,2.0,0.0,45.0,21.484992101105846,0.23863636363636354,6.448657187993681,8.000000000000021,4.076461295418648,4.199999999999995,3.404841472667035,1,
3189,200,0.04121306340280596,25.349999999999966,0.12083829198355643,2.0,0.0,42.0,20.3868778280543,0.46264367816091956,1.8936651583710407,6.000000000000034,3.8248868778280665,4.400000000000009,2.635683727215519,2,
3190,200,0.04117187093906774,34.39999999999995,0.12083688108206281,2.0,0.0,51.0,22.56290322580645,0.29400000000000004,6.062903225806451,11.400000000000043,4.578064516129043,4.3,7.283892621989174,1,
3191,200,0.04113071964720386,50.449999999999946,0.12083960729278066,2.0,1.0,44.0,21.8075,0.014705882352941124,8.18375,7.400000000000026,3.8345000000000007,3.7499999999999973,3.296964901507677,0,
3192,200,0.04108960948606308,48.04999999999997,0.12084030394586813,2.0,1.0,40.0,19.7875,0.026315789473684292,5.055,5.500000000000002,2.622499999999999,2.4999999999999982,1.5117461121033176,0,
3193,200,0.041048540414535206,34.64999999999996,0.12084194504570474,2.0,0.0,45.0,18.622033898305084,0.2931034482758621,3.230508474576271,8.300000000000024,3.173050847457627,2.5999999999999983,4.446862789034183,2,
3194,200,0.04100751239155117,43.47499999999994,0.12084690851574528,2.0,0.0,46.0,21.33375,0.055031446540880546,8.7325,9.400000000000023,3.5502500000000006,2.599999999999995,5.384383350599032,0,
3195,200,0.040966525376082925,44.24999999999997,0.12085156240427052,2.0,1.0,40.0,19.39875,0.023026315789473673,9.51625,5.499999999999995,2.3892499999999943,2.2999999999999976,0.9186858729466733,0,
3196,200,0.04092557932714349,35.099999999999966,0.12085397286441703,2.0,1.0,40.0,21.29392446633826,0.2584745762711864,6.369458128078818,6.500000000000007,3.667651888341545,3.899999999999995,1.8958552631579064,1,
3197,200,0.04088467420378679,34.399999999999956,0.12085848499811075,2.0,0.0,43.0,18.045161290322582,0.22916666666666674,6.145161290322581,8.000000000000012,3.121612903225808,1.9999999999999984,5.749451065169301,2,
3198,200,0.0408438099651077,40.42499999999997,0.12086022659436577,2.0,0.0,47.0,19.45508982035928,0.2095588235294117,5.681137724550898,9.20000000000001,3.0949101796407152,3.0999999999999934,3.3801912496666477,1,
3199,200,0.04080298657024196,27.449999999999967,0.12086149581883827,2.0,1.0,43.0,19.94701986754967,0.44780219780219777,3.094922737306843,7.90000000000002,3.704194260485657,3.7999999999999945,4.644133074733958,2,
3200,200,0.04076220397836621,30.649999999999977,0.12086090845105373,2.0,0.0,44.0,17.429097605893187,0.365,1.6316758747697975,7.300000000000021,2.180294659300183,1.6999999999999975,2.318864499674422,2,
3201,200,0.04072146214869783,48.24999999999996,0.12086337682296519,2.0,0.0,43.0,21.015,0.015060240963855387,10.0325,6.699999999999999,3.358999999999999,3.299999999999998,1.5738214590960344,0,
3202,200,0.040680761040495,33.37499999999997,0.12086639685601873,2.0,0.0,39.0,19.891056910569105,0.25877192982456143,5.341463414634147,6.100000000000012,2.910406504065043,2.999999999999991,2.1574909048606314,1,
3203,200,0.0406401006130566,47.12499999999994,0.12086999003319059,3.0,0.0,44.0,22.38875,0.008720930232558155,11.79125,9.30000000000001,4.183250000000001,3.6999999999999975,5.461877971684359,0,
3204,200,0.04059948082572218,40.54999999999998,0.12087331332401827,2.0,0.0,40.0,18.51608579088472,0.09671532846715336,6.325737265415549,5.099999999999998,2.38806970509383,2.399999999999995,1.0641089099125822,1,
3205,200,0.040558901637871986,45.39999999999996,0.12087926667491225,2.0,0.0,45.0,20.98375,0.04754601226993871,11.44125,7.800000000000005,3.34025,3.199999999999994,2.924784507475802,0,
3206,200,0.040518363008926805,47.57499999999996,0.12088691575299206,2.0,0.0,43.0,22.165,0.008928571428571397,11.35125,9.400000000000025,4.049,3.6999999999999975,4.168405513133651,0,
3207,200,0.040477864898348016,47.19999999999996,0.12089191650409906,2.0,0.0,46.0,21.0875,0.028106508875739733,10.63125,8.500000000000016,3.4024999999999985,3.399999999999996,2.452547582105605,0,
3208,200,0.04043740726563748,45.974999999999966,0.12090025301328468,2.0,0.0,41.0,20.115,0.011006289308176154,10.91125,5.900000000000001,2.8189999999999933,2.699999999999996,1.2739409905327959,0,
3209,200,0.0403969900703376,29.92499999999997,0.1209008979003294,3.0,0.0,45.0,21.256696428571427,0.4552631578947368,1.609375,9.500000000000025,4.429241071428575,3.9999999999999982,7.322641265950226,2,
3210,200,0.04035661327203115,33.12499999999996,0.12090096388016912,2.0,0.0,42.0,20.600985221674875,0.2760869565217391,6.014778325123153,9.000000000000007,3.251888341543513,2.5999999999999974,4.724085526315825,1,
3211,200,0.040316276830341335,47.824999999999974,0.12090806406598935,2.0,1.0,44.0,20.29625,0.03703703703703698,5.28625,7.699999999999997,2.9277499999999987,2.9999999999999902,1.742332659894783,0,
3212,200,0.0402759807049317,42.774999999999984,0.12091660286835654,2.0,0.0,39.0,19.02125,0.016891891891891886,9.735,4.499999999999991,2.1627499999999937,2.0999999999999863,0.8760138062715702,0,
3213,200,0.04023572485550614,43.69999999999997,0.12092306511381798,2.0,0.0,42.0,20.73625,0.03387096774193554,8.4575,8.000000000000004,3.19175,2.900000000000012,2.8249863515411846,0,
3214,200,0.040195509241808786,36.12499999999996,0.12092790386533024,3.0,0.0,45.0,19.372307692307693,0.2337398373983739,5.0830769230769235,8.80000000000002,2.9503076923076916,2.399999999999995,4.128078906695659,1,
3215,200,0.040155333823624025,35.62499999999996,0.12093057165499166,2.0,0.0,41.0,21.126436781609197,0.2583333333333333,3.6551724137931036,7.400000000000008,3.5671592775041048,3.4999999999999947,3.3482244391717124,1,
3216,200,0.040115198560776416,46.22499999999995,0.12093624278838627,2.0,1.0,41.0,21.9075,0.0092592592592593,10.19875,7.000000000000016,3.894500000000003,4.100000000000003,2.585873790427817,0,
3217,200,0.04007510341313073,46.12499999999997,0.12093975272226305,2.0,0.0,38.0,19.37,0.013513513513513598,5.4125,5.000000000000008,2.3719999999999977,2.2999999999999963,1.0155175867462318,0,
3218,200,0.040035048340591795,48.199999999999974,0.12094058959583535,2.0,1.0,41.0,19.68375,0.024193548387096753,4.84625,5.700000000000001,2.5602499999999955,2.2999999999999936,1.4745222414410022,0,
3219,200,0.03999503330310454,25.999999999999957,0.1209373139000342,2.0,0.0,45.0,21.82075471698113,0.5028735632183908,1.599056603773585,9.70000000000003,4.372877358490572,2.8999999999999977,7.8051332498957775,2,
3220,200,0.039955058260653896,32.04999999999998,0.12093509536673698,2.0,0.0,43.0,16.90188679245283,0.3221153846153846,2.526415094339623,6.800000000000008,2.5450943396226378,2.149999999999996,2.504409378459874,2,
3221,200,0.03991512317326487,38.39999999999996,0.12093950620916394,2.0,0.0,45.0,19.206703910614525,0.1635338345864661,7.534916201117318,8.400000000000023,2.9544692737430154,2.2999999999999927,3.78567176756301,2,
3222,200,0.039875228001002336,30.724999999999966,0.12093948814939437,2.0,0.0,52.0,20.466666666666665,0.3794642857142857,3.6594594594594594,12.500000000000039,3.8953153153153184,2.8999999999999932,10.402642456432039,2,
3223,200,0.03983537270397113,25.34999999999997,0.12094030651758615,2.0,0.0,43.0,20.065116279069766,0.4911764705882353,1.5558139534883721,7.100000000000026,3.4265116279069794,3.4499999999999953,3.3938736283052036,2,
3224,200,0.039795557242315927,35.099999999999966,0.1209432573391571,2.0,0.0,40.0,21.058536585365854,0.25,4.694308943089431,6.30000000000002,3.610894308943093,3.8000000000000336,2.2573019163247365,1,
3225,200,0.039755781576221304,44.24999999999996,0.12094706612656698,2.0,0.0,43.0,21.935,0.03930817610062887,11.3625,8.300000000000006,3.911000000000005,3.8000000000000234,2.680583188411243,0,
3226,200,0.03971604566591157,27.899999999999967,0.12095480523810975,2.0,0.0,44.0,20.209302325581394,0.4833333333333333,1.0116279069767442,8.30000000000003,3.513023255813956,3.799999999999993,4.105154922417133,2,
3227,200,0.0396763494716508,39.64999999999996,0.12095900814985729,2.0,0.0,48.0,19.32845744680851,0.12857142857142856,6.223404255319149,11.300000000000022,2.8321808510638293,1.799999999999995,6.642167627757981,1,
3228,200,0.0396366929537428,46.97499999999998,0.12096220622333553,1.0,0.0,38.0,18.02375,0.013513513513513598,7.07375,3.9999999999999862,1.5642499999999941,1.499999999999997,0.4175725899571691,0,
3229,200,0.03959707607253108,38.09999999999996,0.12096484025010884,2.0,1.0,43.0,20.987460815047022,0.22286821705426352,2.9341692789968654,7.200000000000024,3.824921630094049,3.6999999999999975,2.972473989234582,1,
3230,200,0.039557498788398725,38.94999999999997,0.12096754033317247,2.0,0.0,43.0,19.21470588235294,0.17537313432835822,5.804411764705883,6.70000000000001,2.984705882352942,2.999999999999994,2.3737712235536907,1,
3231,200,0.039517961061768456,19.499999999999982,0.12096983017386087,3.0,0.0,47.0,15.68944099378882,0.503968253968254,0.6273291925465838,9.100000000000028,3.178260869565221,1.9999999999999984,7.920224916331551,3,
3232,200,0.039478462853102525,43.79999999999997,0.1209748980234765,2.0,0.0,43.0,20.5725,0.04276315789473695,8.94625,6.900000000000014,3.0935000000000006,3.0999999999999934,1.9327607699387106,0,
3233,200,0.03943900412290276,42.449999999999974,0.12098055000677757,2.0,0.0,40.0,20.55875,0.023333333333333428,10.42,6.300000000000007,3.085249999999996,3.099999999999987,1.4252846645072965,0,
3234,200,0.03939958483171039,30.89999999999997,0.12098355941872738,2.0,0.0,44.0,18.517690875232773,0.35185185185185186,2.484171322160149,8.100000000000017,3.1180633147113617,1.9999999999999982,5.977962603340203,2,
3235,200,0.03936020494010615,41.024999999999956,0.1209885581123954,2.0,0.0,46.0,19.497275204359674,0.13275862068965516,8.544959128065395,8.400000000000004,3.0508174386920985,2.7999999999999963,2.721441712837941,1,
3236,200,0.039320864408710104,36.04999999999996,0.1209932850312579,2.0,0.0,41.0,20.93562874251497,0.18023255813953498,7.7859281437125745,7.700000000000015,3.983233532934142,4.500000000000029,3.963769684664427,1,
3237,200,0.03928156319818176,39.92499999999998,0.12099844215735239,2.0,0.0,41.0,18.712041884816752,0.08214285714285707,8.895287958115183,8.000000000000007,2.363612565445024,1.8999999999999955,3.0049376472301543,1,
3238,200,0.03924230126921989,50.02499999999996,0.1210095748013619,2.0,0.0,46.0,20.7175,0.029069767441860517,9.89375,8.800000000000011,3.1804999999999977,2.899999999999995,3.171474705429235,0,
3239,200,0.03920307858256256,45.77499999999996,0.1210169575338581,2.0,0.0,47.0,21.57375,0.04754601226993871,10.1,9.800000000000004,3.69425,3.599999999999996,3.114321803627827,0,
3240,200,0.039163895098987066,40.39999999999998,0.12102444334229351,2.0,0.0,45.0,18.543193717277486,0.11267605633802824,8.409685863874346,7.800000000000016,2.262303664921464,1.6999999999999995,2.8476676346379604,2,
3241,200,0.03912475077930995,39.69999999999997,0.12102999092373898,2.0,0.0,44.0,19.34,0.21564885496183206,4.590769230769231,7.500000000000026,2.9309230769230776,2.599999999999996,3.1096511234346242,1,
3242,200,0.03908564558438687,42.37499999999996,0.12103508565542276,2.0,0.0,40.0,21.00375,0.03571428571428581,9.33125,7.000000000000006,3.3522500000000006,3.2000000000000046,2.6208240325375676,0,
3243,200,0.039046579475112635,32.524999999999984,0.12104080360649516,2.0,1.0,40.0,15.758928571428571,0.27941176470588236,2.4982142857142855,4.799999999999995,1.893928571428567,1.5999999999999952,1.2250384726992058,2,
3244,200,0.03900755241242111,46.374999999999964,0.12104451485387568,2.0,0.0,42.0,21.39875,0.010736196319018454,10.1325,6.300000000000017,3.589250000000003,3.5999999999999983,1.926387447480403,0,
3245,200,0.03896856435728526,44.77499999999998,0.12105221611443015,2.0,0.0,39.0,18.8625,0.016891891891891886,7.76375,4.99999999999999,2.0674999999999946,1.7999999999999976,1.2678457310089497,0,
3246,200,0.038929615270717026,45.824999999999974,0.12105752105642113,2.0,0.0,40.0,20.24125,0.004777070063694211,8.3925,5.30000000000001,2.89475,2.8999999999999964,1.2698244216006649,0,
3247,200,0.0388907051137673,47.84999999999997,0.12106102834991106,2.0,0.0,42.0,19.7175,0.019230769230769162,7.785,6.599999999999998,2.580499999999994,2.2999999999999936,1.6227222855035701,0,
3248,200,0.03885183384752591,46.17499999999996,0.12107126154484245,2.0,0.0,43.0,21.02375,0.02499999999999991,8.91375,7.3000000000000185,3.3642499999999984,3.4999999999999982,1.9769750265234871,0,
3249,200,0.03881300143312163,36.47499999999997,0.12107302563406275,2.0,0.0,44.0,20.15927750410509,0.2830578512396694,3.354679802955665,7.500000000000031,2.9868637110016425,2.799999999999992,2.3294232096635192,1,
3250,200,0.03877420783172201,44.124999999999964,0.12107786269028041,2.0,0.0,42.0,21.21125,0.028481012658227778,9.6,6.700000000000042,3.4767500000000044,3.4999999999999964,2.172162831504446,0,
3251,200,0.03873545300453345,45.649999999999956,0.12108381037283929,2.0,0.0,42.0,22.26625,0.013975155279503104,12.07125,7.500000000000004,4.109750000000006,4.299999999999996,2.4924088318888176,0,
3252,200,0.038696736912801115,34.524999999999984,0.12108862577313106,2.0,0.0,45.0,19.894909688013136,0.30042016806722693,4.824302134646962,8.300000000000004,2.828243021346466,2.399999999999999,3.398423317515103,1,
3253,200,0.03865805951780893,34.59999999999995,0.12109728219900552,2.0,0.0,40.0,20.00805152979066,0.2457627118644068,4.188405797101449,6.000000000000004,3.057648953301125,3.199999999999991,1.7166488434809684,1,
3254,200,0.03861942078087949,15.62499999999998,0.1211007148829884,3.0,0.0,43.0,17.62181818181818,0.6225490196078431,0.20363636363636364,8.200000000000026,3.6800000000000055,2.799999999999996,8.285491378398435,3,
3255,200,0.03858082066337404,14.174999999999981,0.12110374568802415,5.0,0.0,46.0,19.253218884120173,0.7393617021276596,0.0,8.400000000000023,3.6364806866952826,3.499999999999996,6.939698275862097,3,
3256,200,0.03854225912669246,33.74999999999997,0.12110918359141015,2.0,0.0,44.0,19.304568527918782,0.3070175438596491,4.018612521150592,7.300000000000022,3.0824027072758025,2.999999999999999,2.4331998396701913,2,
3257,200,0.038503736132273224,47.399999999999956,0.12111413676234253,2.0,0.0,45.0,22.355,0.033132530120481896,9.03125,8.800000000000026,4.163000000000006,4.250000000000007,2.757335308336438,0,
3258,200,0.03846525164159334,46.04999999999994,0.12111599382600358,2.0,0.0,44.0,22.05375,0.027439024390243816,9.98125,8.200000000000028,3.9822500000000036,3.9999999999999996,3.3781902159222335,0,
3259,200,0.0384268056161683,36.29999999999996,0.12111692819927686,2.0,1.0,45.0,21.580645161290324,0.266,4.875806451612903,9.700000000000012,3.9887096774193584,3.3000000000000034,5.179208582748682,1,
3260,200,0.038388398017552054,47.12499999999996,0.12112211848261686,2.0,0.0,43.0,20.87875,0.029503105590062084,8.77875,6.800000000000002,3.277249999999999,3.099999999999997,1.8058352591176015,0,
3261,200,0.03835002880733705,26.074999999999967,0.1211207367792348,2.0,0.0,43.0,21.114832535885167,0.5029411764705882,1.5239234449760766,7.300000000000014,3.8306220095693813,3.899999999999994,4.61363415234402,2,
3262,200,0.03831169794715405,26.799999999999976,0.12112030022866184,5.0,0.0,56.0,17.17488789237668,0.3682795698924731,1.7062780269058295,14.700000000000044,4.290358744394627,1.599999999999998,19.138366488198592,3,
3263,200,0.03827340539867218,49.12499999999994,0.1211230039954581,2.0,1.0,51.0,22.0775,0.06137724550898205,7.65625,11.900000000000036,3.9965000000000024,3.699999999999998,4.711245111320523,0,
3264,200,0.03823515112359889,30.874999999999957,0.12112762160011388,2.0,0.0,45.0,19.600346020761247,0.2946428571428571,5.6211072664359865,7.800000000000035,4.030968858131497,4.500000000000006,4.812913467611392,2,
3265,200,0.038196935083679925,47.24999999999996,0.12113054654520741,2.0,0.0,50.0,21.57375,0.06818181818181812,6.1475,10.80000000000003,3.694250000000003,3.4999999999999956,4.774074396991269,0,
3266,200,0.038158757240699226,47.09999999999995,0.12113577400043524,2.0,0.0,46.0,21.66125,0.031818181818181746,7.3525,10.000000000000027,3.7467500000000022,3.5499999999999945,4.5880216062837995,0,
3267,200,0.03812061755647895,34.974999999999945,0.12114392646983581,3.0,0.0,45.0,22.919540229885058,0.29032258064516125,5.055829228243021,8.700000000000017,4.643021346469629,4.399999999999996,5.842302847282174,1,
3268,200,0.03808251599287939,39.849999999999966,0.12114946911633429,2.0,0.0,46.0,20.66320474777448,0.18617021276595747,7.201780415430267,10.200000000000015,3.839614243323447,3.5999999999999917,6.691991436904997,1,
3269,200,0.03804445251179901,39.59999999999996,0.1211526094189743,2.0,0.0,42.0,19.561128526645767,0.21511627906976738,3.316614420062696,7.800000000000006,2.9691222570532902,2.4999999999999973,3.7586639495090335,1,
3270,200,0.038006427075174314,42.37499999999996,0.12115546667736571,2.0,0.0,44.0,21.26375,0.046052631578947345,8.4525,11.50000000000002,3.50825,2.6999999999999966,6.073391427174143,0,
3271,200,0.03796843964497986,28.499999999999957,0.12115602125738043,2.0,0.0,48.0,23.606976744186046,0.484375,1.4348837209302325,10.40000000000003,5.560000000000011,6.300000000000007,8.084257675812266,2,
3272,200,0.0379304901832282,27.549999999999965,0.1211560088615064,3.0,0.0,46.0,21.090697674418603,0.4915730337078652,0.33488372093023255,9.10000000000003,4.05023255813954,3.999999999999996,4.786572344901841,2,
3273,200,0.0378925786519699,40.97499999999995,0.12115989419156423,2.0,0.0,41.0,19.681198910081743,0.10869565217391308,6.600817438692098,5.600000000000026,3.1611716621253407,3.299999999999997,1.6826235487373773,1,
3274,200,0.03785470501329341,36.449999999999974,0.12116089989776091,2.0,0.0,42.0,19.592476489028215,0.23360655737704916,4.65987460815047,7.699999999999996,2.9879310344827554,2.799999999999992,2.5621020137921584,1,
3275,200,0.03781686922932508,39.12499999999997,0.12116386491717981,2.0,1.0,43.0,19.595576619273302,0.23412698412698418,2.546603475513428,7.100000000000015,2.9428120063191145,2.899999999999994,2.4378730583396617,1,
3276,200,0.037779071262229125,40.274999999999935,0.12116483123349253,3.0,0.0,45.0,20.8686327077748,0.11986301369863006,6.558981233243967,10.40000000000003,3.7995978552278835,2.999999999999999,6.837505422136023,1,
3277,200,0.03774131107420759,27.374999999999964,0.12116411289460231,2.0,0.0,47.0,22.294811320754718,0.5,2.7264150943396226,9.700000000000033,4.657311320754726,4.6000000000000085,5.31898556528999,2,
3278,200,0.037703588627500284,29.824999999999964,0.12116561681391692,2.0,0.0,48.0,17.224913494809687,0.2827102803738317,3.6920415224913494,9.900000000000023,2.96695501730104,1.699999999999997,8.047392324661889,3,
3279,200,0.03766590388438474,46.19999999999996,0.12116873690478025,2.0,0.0,43.0,21.25125,0.03703703703703698,7.48625,7.300000000000003,3.500749999999999,3.099999999999996,3.128804326256779,0,
3280,200,0.0376282568071762,49.199999999999946,0.12117523084282306,2.0,0.0,43.0,21.11375,0.008928571428571397,6.17375,7.399999999999999,3.418250000000003,3.099999999999994,3.8733229895671886,0,
3281,200,0.037590647358227626,47.44999999999995,0.12117998635922364,2.0,0.0,46.0,22.51,0.03915662650602414,11.03375,8.60000000000002,4.256000000000005,4.1999999999999975,2.989268670732323,0,
3282,200,0.03755307549992954,47.37499999999995,0.12118213572633105,3.0,1.0,43.0,22.1275,0.021341463414634054,7.10375,8.000000000000021,4.026500000000006,4.100000000000008,2.4296515463305615,0,
3283,200,0.03751554119471008,42.77499999999996,0.121183001152054,2.0,0.0,45.0,19.836734693877553,0.176056338028169,4.537900874635569,8.000000000000018,3.366618075801749,2.799999999999997,4.033981682763322,1,
3284,200,0.03747804440503493,30.94999999999996,0.12118610305071208,2.0,0.0,51.0,21.040983606557376,0.4150485436893204,2.1885245901639343,11.700000000000042,4.7737704918032895,5.300000000000029,9.034267981842909,2,
3285,200,0.03744058509340732,32.324999999999974,0.1211872333280369,2.0,0.0,46.0,17.606060606060606,0.3443396226415094,1.3868092691622103,8.700000000000014,2.3975044563279835,1.8999999999999977,3.5976522623284266,2,
3286,200,0.037403163222367926,25.82499999999997,0.12118845696065715,2.0,0.0,40.0,18.869565217391305,0.4,2.7370600414078674,8.200000000000024,3.3467908902691565,2.9999999999999907,3.8947631254072586,2,
3287,200,0.03736577875449487,41.449999999999946,0.12119137632991311,2.0,0.0,43.0,21.872200263504613,0.1037414965986394,8.831357048748353,8.600000000000025,4.302898550724647,4.399999999999999,3.93459658380783,1,
3288,200,0.03732843165240367,25.949999999999967,0.12119073906062264,2.0,0.0,41.0,19.943438914027148,0.47023809523809523,0.18778280542986425,9.300000000000026,3.534389140271499,2.7999999999999954,6.876273398750073,2,
3289,200,0.037291121878747245,48.14999999999996,0.12119209639388753,2.0,0.0,44.0,21.42875,0.024691358024691468,7.175,7.799999999999995,3.607249999999999,3.7000000000000024,2.830801860627915,0,
3290,200,0.03725384939621581,36.64999999999996,0.12119394085348861,2.0,0.0,47.0,21.408866995073893,0.28125,4.776683087027915,9.300000000000034,3.736617405582923,3.5999999999999925,4.195271462467674,1,
3291,200,0.03721661416753687,35.924999999999955,0.12119735580909068,2.0,0.0,45.0,21.79349593495935,0.278,5.263414634146342,8.800000000000027,4.051869918699193,3.39999999999999,5.361730191632525,1,
3292,200,0.03717941615547519,39.924999999999955,0.12119687395649278,2.0,0.0,46.0,20.85518292682927,0.2065217391304348,4.164634146341464,8.600000000000016,3.8777439024390303,3.6999999999999935,4.83872322725322,1,
3293,200,0.03714225532283277,50.599999999999945,0.12119696851457394,2.0,0.0,44.0,22.41875,0.008720930232558155,7.715,7.70000000000004,4.201250000000009,4.400000000000016,3.018653154145579,0,
3294,200,0.03710513163244877,26.474999999999977,0.12119652240437223,2.0,0.0,41.0,20.011160714285715,0.4454022988505747,0.9040178571428571,6.300000000000028,3.6979910714285773,4.199999999999996,3.092980124861136,2,
3295,200,0.0370680450471995,51.74999999999995,0.12119878948613463,2.0,0.0,48.0,22.13625,0.04885057471264376,9.42625,9.800000000000008,4.031749999999999,3.650000000000005,3.5559974937460925,0,
3296,200,0.037030995529998355,48.824999999999974,0.12120029912545674,2.0,0.0,41.0,20.48375,0.010869565217391353,6.8175,5.9000000000000155,3.0402499999999946,2.899999999999995,1.668832545050854,0,
3297,200,0.036993983043795836,48.724999999999966,0.12120383693986339,2.0,0.0,42.0,21.34375,0.016871165644171793,7.52125,6.4999999999999964,3.556250000000001,3.4999999999999982,2.030189109670492,0,
3298,200,0.03695700755157944,37.87499999999995,0.1212040623821473,2.0,0.0,49.0,22.620689655172413,0.2846153846153846,4.305418719211823,10.300000000000026,4.463711001642044,4.600000000000008,4.926266177739471,1,
3299,200,0.03692006901637368,25.099999999999962,0.12120698128954457,2.0,0.0,43.0,19.625,0.4568965517241379,2.6517857142857144,7.0000000000000355,3.466294642857148,3.599999999999999,2.888632805688028,2,
3300,200,0.036883167401239994,48.54999999999996,0.12121257861444906,2.0,0.0,40.0,20.71,0.0,7.5625,7.199999999999998,3.175999999999999,2.9999999999999987,2.501077907934234,0,
3301,200,0.036846302669276805,43.69999999999996,0.12121514567135058,4.0,1.0,57.0,20.45250659630607,0.1655844155844155,5.175461741424802,15.500000000000032,3.459234828496041,2.7,9.146784199469908,1,
3302,200,0.03680947478361935,38.77499999999996,0.12121608185794053,2.0,0.0,47.0,21.545886075949365,0.25370370370370365,4.493670886075949,9.000000000000032,4.102848101265831,4.100000000000027,3.4768360359819424,1,
3303,200,0.036772683707439746,47.22499999999996,0.12122285553183008,3.0,0.0,42.0,21.745,0.009146341463414531,8.73375,7.6000000000000085,3.7970000000000037,3.950000000000004,2.946845604446277,0,
3304,200,0.0367359294039469,39.349999999999966,0.12122502882630486,2.0,1.0,39.0,19.3757225433526,0.14312977099236646,6.969653179190751,6.000000000000006,3.093352601156068,3.099999999999997,1.6632829849038353,1,
3305,200,0.03669921183638653,38.899999999999956,0.12122516705861425,2.0,0.0,44.0,21.782608695652176,0.24609375,5.098228663446055,8.100000000000009,4.12238325281804,4.2000000000000055,3.6040010890986682,1,
3306,200,0.03666253096804106,33.82499999999996,0.12122982363057888,2.0,0.0,42.0,20.59742351046699,0.26709401709401714,4.06280193236715,7.600000000000018,3.7088566827697296,3.8999999999999955,3.6677410538326165,2,
3307,200,0.036625886762229616,37.22499999999996,0.1212348763788991,2.0,0.0,42.0,20.162754303599375,0.22983870967741926,4.272300469483568,6.499999999999996,3.3391236306729253,3.2999999999999963,1.8911187304075316,1,
3308,200,0.03658927918230796,35.97499999999997,0.12123446660268708,2.0,0.0,41.0,21.385878489326764,0.2627118644067796,2.3267651888341545,7.300000000000008,3.7228243021346517,3.999999999999996,2.774412640207087,1,
3309,200,0.036552708191668566,15.399999999999984,0.12123583453098839,3.0,0.0,39.0,13.613013698630137,0.57,0.660958904109589,4.799999999999995,1.5229452054794506,1.0,1.5924716465524271,3,
3310,200,0.0365161737537404,42.99999999999996,0.12124067896440402,2.0,1.0,47.0,20.736702127659573,0.11601307189542487,8.199468085106384,9.200000000000024,3.677127659574471,3.399999999999997,4.059005310316683,1,
3311,200,0.036479675831989036,37.92499999999997,0.12124533588398957,2.0,0.0,43.0,21.338211382113823,0.25813008130081305,2.5723577235772357,7.0000000000000115,3.7786991869918714,3.799999999999996,1.9088033546258372,1,
3312,200,0.036443214389916524,40.54999999999997,0.12124952232907452,2.0,0.0,43.0,18.124641833810887,0.16666666666666674,5.077363896848137,7.000000000000012,2.340830945558737,2.09999999999999,1.9702136686350482,1,
3313,200,0.036406789391061456,51.54999999999994,0.12125096149120718,2.0,0.0,47.0,23.435,0.018156424581005526,8.0175,9.00000000000003,4.811000000000012,5.500000000000011,4.559336123962732,0,
3314,200,0.03637040079899881,48.44999999999996,0.12125425870873235,2.0,0.0,42.0,20.875,0.009146341463414531,7.8975,6.600000000000012,3.274999999999999,2.999999999999994,2.6514291428580465,0,
3315,200,0.036334048577339996,47.94999999999995,0.12125460205073199,2.0,0.0,46.0,21.7875,0.048136645962732816,7.5975,9.300000000000022,3.822500000000005,4.000000000000001,2.8261981659346516,0,
3316,200,0.03629773268973277,38.24999999999996,0.12125596810235771,2.0,1.0,40.0,19.321958456973295,0.166030534351145,6.571216617210682,6.200000000000018,3.034866468842732,3.0999999999999988,2.439041923944768,1,
3317,200,0.03626145309986128,35.599999999999966,0.12125726389663916,2.0,0.0,44.0,20.73821138211382,0.27542372881355937,3.1577235772357723,7.300000000000023,3.4186991869918706,3.300000000000001,2.0690379246161106,1,
3318,200,0.03622520977144591,49.074999999999946,0.12126098027694587,3.0,1.0,49.0,21.7125,0.04518072289156616,8.25875,10.200000000000031,3.7775000000000016,3.1999999999999993,4.493150770548104,0,
3319,200,0.03618900266824332,36.52499999999995,0.12126194285336724,2.0,0.0,47.0,22.57560975609756,0.2782258064516129,2.232520325203252,9.900000000000016,4.521138211382119,4.100000000000005,5.742592749270306,1,
3320,200,0.03615283175404641,29.449999999999978,0.12126649636748438,2.0,0.0,40.0,17.302144249512672,0.37765957446808507,1.9688109161793372,6.000000000000001,2.272124756335279,1.799999999999999,1.9830316755836586,2,
3321,200,0.03611669699268428,49.24999999999997,0.12126686893788491,2.0,0.0,41.0,20.44375,0.009374999999999911,5.59,6.999999999999999,3.0162500000000008,2.8999999999999964,2.500439844437261,0,
3322,200,0.03608059834802215,32.04999999999998,0.1212670686237529,2.0,1.0,41.0,17.312274368231048,0.2833333333333333,2.5938628158844765,6.999999999999998,2.845306859205775,2.7999999999999963,3.3320556180049863,2,
3323,200,0.03604453578396138,47.774999999999956,0.12126947189081791,2.0,0.0,41.0,21.0525,0.014331210191082855,6.28875,6.1000000000000085,3.3815000000000035,3.5000000000000178,1.5036100993907873,0,
3324,200,0.036008509264439374,36.624999999999964,0.12126914101648587,2.0,0.0,44.0,20.673234811165845,0.2784552845528455,3.3711001642036127,7.300000000000033,3.2952380952380946,3.099999999999993,2.9504122088007105,1,
3325,200,0.035972518753429654,36.72499999999995,0.12127037759230899,2.0,0.0,49.0,21.29824561403509,0.27380952380952384,3.8054226475279105,10.300000000000043,3.9015948963317433,3.4999999999999987,6.519663163142845,1,
3326,200,0.03593656421494168,32.29999999999997,0.12127362164383523,2.0,0.0,42.0,17.743016759776538,0.3317307692307693,1.271880819366853,6.70000000000001,2.911359404096835,2.2999999999999963,4.246608222826403,2,
3327,200,0.03590064561302092,41.024999999999956,0.12127330668114383,2.0,0.0,43.0,20.468406593406595,0.125,7.483516483516484,8.900000000000025,3.664010989010993,3.299999999999999,4.414702131955213,1,
3328,200,0.03586476291174875,37.674999999999955,0.12127902398115664,2.0,1.0,48.0,21.196747967479673,0.28629032258064513,2.3560975609756096,10.700000000000015,3.6938211382113835,3.599999999999996,4.788332205254044,1,
3329,200,0.035828916075242495,44.949999999999974,0.12127965327970083,2.0,0.0,43.0,18.646112600536192,0.1095890410958904,2.918230563002681,7.000000000000005,2.466085790884714,2.1999999999999957,2.0367757382999545,1,
3330,200,0.0357931050676553,31.624999999999968,0.1212781812604829,2.0,0.0,46.0,19.879684418145956,0.3820754716981132,1.467455621301775,8.70000000000001,4.0854043392505,3.6999999999999984,7.092635072048844,2,
3331,200,0.03575732985317615,37.62499999999995,0.12127513422248888,2.0,1.0,51.0,20.079608938547487,0.17028985507246386,5.078212290502793,14.000000000000027,3.704469273743017,2.2999999999999963,12.812882113702267,2,
3332,200,0.035721590396029845,27.749999999999975,0.12127503901404876,2.0,1.0,43.0,19.682978723404254,0.40957446808510634,2.629787234042553,8.90000000000001,3.786595744680855,3.899999999999996,4.719309775055591,2,
3333,200,0.03568588666047689,47.94999999999995,0.12127408823606317,2.0,1.0,44.0,21.79375,0.02300613496932513,6.86,7.4000000000000234,3.8262500000000044,3.900000000000025,2.8411653768209213,0,
3334,200,0.035650218610813585,36.324999999999946,0.12127291104401153,2.0,0.0,48.0,21.71884984025559,0.27734375,4.6916932907348246,10.100000000000039,4.142651757188506,3.8999999999999986,6.940131444976142,1,
3335,200,0.03561458621137186,45.84999999999994,0.12127600120022752,2.0,0.0,45.0,22.70375,0.046875,5.7325,8.300000000000034,4.372250000000009,4.299999999999999,3.9113360489625992,0,
3336,200,0.03557898942651932,36.77499999999995,0.12127724945574433,2.0,0.0,45.0,20.877742946708462,0.246,3.4655172413793105,8.600000000000033,3.7590909090909146,2.9999999999999956,5.637948447707045,1,
3337,200,0.03554342822065915,44.499999999999964,0.12127707919741097,2.0,1.0,43.0,18.859375,0.14642857142857135,1.7926136363636365,7.000000000000009,2.774715909090906,2.499999999999994,2.3778882398636063,1,
3338,200,0.035507902558230185,38.599999999999966,0.12127531114885125,5.0,0.0,55.0,18.847058823529412,0.2425925925925927,3.2191176470588236,14.100000000000025,2.8647058823529408,1.9999999999999991,7.7564181583438065,2,
3339,200,0.03547241240370673,43.44999999999994,0.12127547296058616,2.0,0.0,42.0,21.89002557544757,0.06907894736842102,5.259590792838875,8.000000000000023,4.09347826086957,4.099999999999996,3.3461394093108856,1,
3340,200,0.03543695772159864,50.474999999999945,0.12127709611117725,2.0,0.0,47.0,21.8075,0.04532163742690054,5.40125,9.100000000000025,3.834500000000002,3.5999999999999943,4.150016234400386,0,
3341,200,0.03540153847645121,48.49999999999997,0.12128018707852978,2.0,0.0,40.0,20.46875,0.011146496815286566,4.92,5.900000000000002,3.0312499999999996,3.000000000000001,1.5874259178529977,0,
3342,200,0.03536615463284522,51.27499999999994,0.1212816954771181,2.0,0.0,46.0,22.8675,0.02777777777777768,7.31875,8.400000000000036,4.470500000000012,4.700000000000017,2.7809340952095547,0,
3343,200,0.035330806155396806,48.399999999999956,0.1212832132037689,2.0,0.0,40.0,20.67875,0.014516129032257963,4.3575,6.0,3.1572499999999994,3.299999999999997,1.7553751802737214,0,
3344,200,0.03529549300875749,24.924999999999972,0.12128621327458358,2.0,0.0,39.0,18.93212669683258,0.4512195121951219,1.9343891402714932,5.6,2.960180995475114,2.949999999999999,2.339602893075972,2,
3345,200,0.03526021515761412,40.12499999999996,0.12128963187106336,2.0,0.0,42.0,19.3730407523511,0.2224409448818898,1.4200626959247649,6.800000000000009,2.8562695924764894,2.8999999999999977,2.9356340484911967,1,
3346,200,0.035224972566688856,36.874999999999964,0.12129106791211443,2.0,0.0,45.0,20.500821018062396,0.29621848739495793,0.6486042692939245,8.10000000000003,3.1917898193760257,2.6999999999999917,3.555475841242479,1,
3347,200,0.03518976520073909,43.82499999999996,0.12129016871213691,2.0,0.0,42.0,18.842329545454547,0.1420863309352518,2.7982954545454546,6.0,2.764488636363637,2.399999999999994,1.898458682646826,1,
3348,200,0.03515459302455746,39.47499999999995,0.12129181415115486,2.0,1.0,50.0,22.53008130081301,0.2800751879699248,3.6504065040650406,11.500000000000032,4.493821138211389,4.600000000000003,5.269829413257787,1,
3349,200,0.03511945600297177,29.599999999999973,0.12129086488927025,2.0,0.0,49.0,18.440573770491802,0.4097938144329897,2.5635245901639343,10.200000000000044,3.220901639344267,2.199999999999993,6.245327051393552,2,
3350,200,0.035084354100845025,47.974999999999966,0.12129168539973381,2.0,0.0,42.0,20.955,0.025316455696202445,4.125,6.500000000000014,3.322999999999999,3.2999999999999945,1.9024239725374716,0,
3351,200,0.035049287283075305,48.47499999999996,0.12129249427066413,2.0,1.0,43.0,21.24,0.024390243902439046,6.71375,7.400000000000018,3.494,3.399999999999995,2.2259174779960715,0,
3352,200,0.035014255514595784,47.17499999999997,0.12129517706120735,2.0,0.0,43.0,20.3775,0.02672955974842761,5.35625,7.300000000000005,2.9764999999999997,2.599999999999989,2.7587520605501012,0,
3353,200,0.034979258760374686,28.47499999999999,0.12129559686185992,4.0,0.0,44.0,14.14092664092664,0.25,1.4613899613899615,7.4,2.0619691119691077,1.899999999999998,1.8566879842577784,3,
3354,200,0.03494429698541527,48.87499999999995,0.12129875689550801,2.0,0.0,45.0,21.7275,0.03658536585365857,7.64625,8.600000000000028,3.786500000000006,3.8999999999999977,3.552823301286427,0,
3355,200,0.03490937015475576,47.97499999999995,0.12130065949208321,2.0,0.0,46.0,22.4275,0.043209876543209846,7.405,10.000000000000018,4.206500000000005,4.200000000000026,4.0077140120531665,0,
3356,200,0.034874478233469314,35.52499999999995,0.12129997916063974,2.0,0.0,45.0,21.71661237785016,0.28688524590163933,3.4283387622149837,8.800000000000038,4.332084690553754,4.0,5.299945543044388,2,
3357,200,0.034839621186663984,31.12499999999999,0.12129994027080565,2.0,0.0,41.0,16.020522388059703,0.326530612244898,0.996268656716418,5.599999999999997,1.9294776119402954,1.6999999999999984,1.3692104631128226,2,
3358,200,0.03480479897948277,38.59999999999996,0.12130439398338178,2.0,0.0,45.0,21.04858934169279,0.23484848484848486,4.003134796238244,7.800000000000024,3.8615987460815084,4.000000000000002,3.617076549652022,1,
3359,200,0.03477001157710343,39.39999999999996,0.12130568907426655,2.0,1.0,43.0,20.68633540372671,0.21538461538461529,2.482919254658385,7.800000000000022,3.6947204968944156,3.9999999999999973,2.927712105320286,1,
3360,200,0.03473525894473856,42.12499999999994,0.12130918393138548,2.0,0.0,46.0,22.565217391304348,0.2427007299270072,1.4718196457326893,8.400000000000029,4.591948470209345,4.900000000000001,4.714568976247312,1,
3361,200,0.03470054104763552,47.57499999999997,0.12131165477614561,2.0,0.0,43.0,19.76875,0.040322580645161255,6.5025,8.100000000000012,2.6112499999999943,2.2999999999999967,2.2868770107453353,0,
3362,200,0.03466585785107644,35.09999999999995,0.1213112997661441,2.0,1.0,44.0,20.717703349282296,0.27459016393442626,2.574162679425837,8.200000000000026,3.5532695374800665,3.2999999999999954,4.779343572576902,2,
3363,200,0.034631209320378095,37.67499999999996,0.12131292626081716,2.0,0.0,43.0,20.334943639291467,0.2620967741935484,3.0177133655394526,6.900000000000036,3.253784219001612,2.999999999999995,3.1610768073851574,1,
3364,200,0.034596595420891954,40.22499999999995,0.1213134256476996,2.0,0.0,44.0,20.014577259475217,0.17279411764705888,3.986880466472303,7.500000000000026,3.473323615160356,3.799999999999995,4.105288347730033,1,
3365,200,0.0345620161180041,40.12499999999996,0.12131856690343126,2.0,0.0,43.0,19.799687010954617,0.21946564885496178,3.244131455399061,6.9000000000000075,3.121283255086071,2.799999999999994,2.8896323471786896,1,
3366,200,0.034527471377135265,24.624999999999975,0.12131948930729591,4.0,0.0,56.0,18.275689223057643,0.4911764705882353,2.3909774436090228,14.600000000000046,4.56265664160402,1.9,20.3658261306534,3,
3367,200,0.03449296116374068,49.22499999999994,0.12132429422689889,3.0,0.0,45.0,23.30625,0.01878612716762995,10.32625,9.20000000000002,4.73375000000001,5.099999999999996,5.2008190637798215,0,
3368,200,0.034458485443310136,45.97499999999995,0.1213282879767767,2.0,0.0,42.0,21.22875,0.030645161290322687,7.89375,7.300000000000015,3.487250000000003,3.399999999999995,3.4475428242856867,0,
3369,200,0.034424044181367894,31.724999999999966,0.12132997325157246,2.0,0.0,44.0,20.604938271604937,0.3387850467289719,2.121693121693122,8.200000000000038,3.8499118165784916,3.7000000000000175,4.198209699895525,2,
3370,200,0.03438963734347271,43.824999999999946,0.12133324075461585,2.0,0.0,46.0,22.44125,0.06645569620253156,9.92875,8.70000000000002,4.214750000000008,4.150000000000009,3.8474884492007204,0,
3371,200,0.03435526489521774,43.47499999999995,0.12133679729289051,2.0,0.0,44.0,21.2025,0.04807692307692313,7.3725,8.000000000000037,3.4715000000000042,3.400000000000012,3.734143584599383,0,
3372,200,0.03432092680223053,38.49999999999994,0.12133809761657358,2.0,0.0,51.0,23.64039408866995,0.2954545454545454,4.681444991789819,11.900000000000034,5.075533661740568,5.500000000000003,6.1772341458154,1,
3373,200,0.034286623030172964,48.27499999999996,0.12134328094288648,2.0,0.0,42.0,21.03875,0.020440251572326984,7.16625,7.000000000000019,3.3732500000000005,3.29999999999999,2.4801883127942568,0,
3374,200,0.0342523535447413,46.44999999999996,0.12134905679231137,2.0,0.0,41.0,20.365,0.022435897435897356,7.59125,6.3000000000000185,2.968999999999998,2.6999999999999904,2.698493216395662,0,
3375,200,0.03421811831166603,47.04999999999996,0.12135167001179764,2.0,0.0,42.0,21.32625,0.02187500000000009,7.835,6.700000000000003,3.545749999999999,3.6000000000000094,2.0467101354845947,0,
3376,200,0.034183917296711934,26.24999999999998,0.12135069519347247,2.0,0.0,44.0,18.808962264150942,0.5090361445783133,0.4669811320754717,7.300000000000012,2.5658018867924506,2.2999999999999936,3.013446307884861,2,
3377,200,0.03414975046567796,50.54999999999997,0.12135331483048929,2.0,0.0,45.0,19.79,0.034375000000000044,4.01,7.900000000000003,2.623999999999995,2.5999999999999925,1.8710769235576907,0,
3378,200,0.03411561778439732,37.27499999999996,0.12135355132972828,2.0,0.0,43.0,20.59186991869919,0.2622950819672131,4.336585365853659,6.800000000000005,3.3308943089430905,3.599999999999991,2.4852960150598697,1,
3379,200,0.034081519218737304,36.52499999999996,0.12135565366155476,2.0,0.0,43.0,20.76260162601626,0.2668067226890757,1.759349593495935,7.200000000000009,3.433333333333337,3.499999999999994,2.9369616946571555,1,
3380,200,0.034047454734599344,39.04999999999996,0.12135665560722339,2.0,0.0,40.0,19.063076923076924,0.20199999999999996,3.3661538461538463,5.800000000000024,2.7647692307692315,2.599999999999996,2.498226244322487,1,
3381,200,0.03401342429791895,26.799999999999972,0.12135531602468458,2.0,0.0,40.0,17.793478260869566,0.42441860465116277,0.14130434782608695,5.00000000000001,2.5332608695652157,2.399999999999995,2.236969503636597,2,
3382,200,0.033979427874665694,18.049999999999976,0.12135580678449248,9.0,1.0,48.0,18.32013201320132,0.610655737704918,0.08250825082508251,10.90000000000003,4.275577557755782,3.5999999999999965,10.254960787730978,3,
3383,200,0.03394546543084315,34.17499999999995,0.12135541483074286,2.0,0.0,52.0,22.031772575250837,0.34243697478991597,1.540133779264214,12.900000000000034,4.286956521739134,3.5999999999999974,8.254501779906821,2,
3384,200,0.033911536932488856,15.174999999999978,0.12135515621692469,5.0,0.0,49.0,21.57510729613734,0.74,0.0,10.90000000000003,5.029613733905587,5.3999999999999995,12.326002431476637,3,
3385,200,0.033877642345674315,40.14999999999996,0.12135909451138527,2.0,0.0,43.0,19.19335347432024,0.19696969696969702,2.382175226586103,7.300000000000023,2.9122356495468282,2.2999999999999945,3.800750200231404,1,
3386,200,0.03384378163650495,49.12499999999993,0.12136050734137083,2.0,0.0,43.0,22.97375,0.008928571428571397,5.73,8.400000000000027,4.5342500000000125,4.700000000000009,3.9423830974736185,0,
3387,200,0.033809954771120046,50.32499999999996,0.12136396532556538,2.0,0.0,41.0,20.77875,0.006172839506172867,6.505,6.700000000000003,3.217249999999999,2.8999999999999937,2.6323065504789915,0,
3388,200,0.03377616171569273,44.09999999999996,0.121363662694269,2.0,0.0,43.0,19.782432432432433,0.11111111111111116,4.297297297297297,7.300000000000012,3.1870270270270282,3.199999999999998,2.331862987331989,1,
3389,200,0.03374240243642994,41.77499999999995,0.1213663279171301,2.0,0.0,44.0,20.692307692307693,0.20620437956204385,3.3476923076923075,8.900000000000011,3.742307692307692,2.7999999999999945,4.993868032823766,1,
3390,200,0.033708676899572396,41.92499999999996,0.12136905482088978,2.0,0.0,45.0,19.826153846153847,0.21296296296296302,3.3415384615384616,7.900000000000011,3.2226153846153847,2.8999999999999932,4.117175212249042,1,
3391,200,0.03367498507139457,48.049999999999955,0.1213708827762591,2.0,1.0,40.0,20.5025,0.009615384615384581,4.05,6.5000000000000036,3.051499999999999,2.8499999999999974,2.3030513485177337,0,
3392,200,0.03364132691820462,29.949999999999967,0.12136985445082292,2.0,0.0,55.0,21.91701244813278,0.4471153846153846,1.6493775933609958,14.20000000000004,5.206016597510382,4.500000000000011,13.616640668379882,2,
3393,200,0.03360770240634438,50.024999999999935,0.1213704727153948,2.0,0.0,45.0,23.265,0.023255813953488413,7.54625,9.700000000000006,4.709000000000009,4.599999999999996,3.963175192461266,0,
3394,200,0.033574111502189356,35.52499999999997,0.12137081527763824,2.0,0.0,40.0,19.84390243902439,0.2542372881355932,4.287804878048781,5.8000000000000025,2.8821138211382107,2.8999999999999977,1.776790473370284,1,
3395,200,0.033540554172148636,49.82499999999996,0.12137277663916404,2.0,0.0,46.0,21.5925,0.028106508875739733,7.16375,9.200000000000026,3.7055000000000016,3.7999999999999976,3.3685750133984804,0,
3396,200,0.03350703038266488,38.32499999999996,0.12137404943825014,2.0,1.0,44.0,20.183739837398374,0.27419354838709675,1.9528455284552846,7.300000000000013,3.0860162601626002,2.7999999999999954,3.613537586192325,1,
3397,200,0.03347354010021429,50.47499999999995,0.12137696797300479,3.0,0.0,45.0,22.44375,0.014367816091954033,7.35375,8.400000000000023,4.216250000000007,4.200000000000009,3.573541521158649,0,
3398,200,0.0334400832913066,31.19999999999996,0.12137988304266731,2.0,0.0,52.0,20.635220125786162,0.45192307692307687,1.2389937106918238,12.100000000000035,4.252410901467509,3.3999999999999924,8.795991965824042,2,
3399,200,0.03340665992248499,50.17499999999997,0.12138539443434092,2.0,0.0,43.0,20.09125,0.021341463414634054,6.27,6.700000000000005,2.8047499999999967,2.6999999999999913,2.304931038954747,0,
3400,200,0.03337326996032608,43.874999999999936,0.12138680415670083,2.0,1.0,52.0,22.135,0.09876543209876543,6.83,12.000000000000043,4.031000000000003,3.4999999999999964,5.932798269997348,1,
3401,200,0.033339913371439905,49.89999999999996,0.12138880163462462,2.0,1.0,47.0,21.81375,0.03402366863905315,6.93875,9.000000000000025,3.83825,3.2999999999999945,4.038893248270721,0,
3402,200,0.03330659012246989,38.27499999999996,0.1213896325659155,2.0,0.0,42.0,20.766457680250785,0.2224409448818898,3.664576802507837,7.500000000000007,3.692319749216306,3.4999999999999964,3.7557966357362917,1,
3403,200,0.03327330018009277,40.224999999999966,0.12139231817570306,2.0,0.0,43.0,20.533536585365855,0.1977611940298507,4.673780487804878,7.000000000000011,3.684756097560976,3.5999999999999996,3.2643483797506705,1,
3404,200,0.03324004351101861,47.77499999999994,0.12139697044677089,2.0,0.0,46.0,22.575,0.029069767441860517,9.03625,9.300000000000034,4.295000000000005,4.100000000000006,4.086631385361578,0,
3405,200,0.03320682008199072,48.22499999999998,0.12139698720388611,2.0,0.0,41.0,19.83625,0.014331210191082855,5.7575,5.899999999999995,2.6517499999999945,2.449999999999993,1.4794242491003868,0,
3406,200,0.03317362985978568,49.54999999999994,0.12139858746459617,2.0,0.0,45.0,22.915,0.032738095238095344,7.84625,8.900000000000034,4.49900000000001,4.600000000000024,3.153803927818665,0,
3407,200,0.033140472811213274,38.174999999999955,0.12140410360566004,2.0,0.0,43.0,20.247154471544714,0.25806451612903225,2.567479674796748,7.300000000000018,3.124065040650403,2.9999999999999933,3.1122746309065605,1,
3408,200,0.03310734890311644,36.22499999999996,0.1214054083020642,2.0,0.0,44.0,20.313628899835795,0.28846153846153844,2.4417077175697863,7.5000000000000036,3.079474548440066,2.5999999999999988,2.9406211173425514,1,
3409,200,0.03307425810237125,48.474999999999966,0.12140701497409764,2.0,0.0,45.0,21.1725,0.02777777777777768,6.29,8.90000000000002,3.4535,3.3999999999999964,3.0394924992070442,0,
3410,200,0.03304120037588693,40.57499999999996,0.12141011347839548,2.0,0.0,46.0,21.381180223285487,0.2425373134328359,3.0318979266347688,9.00000000000003,3.9513556618819807,3.899999999999996,4.846593425042251,1,
3411,200,0.03300817569060575,49.67499999999994,0.12141370181354462,2.0,0.0,42.0,21.39875,0.012195121951219523,5.98125,8.500000000000018,3.58925,3.5999999999999917,3.005339133342414,0,
3412,200,0.032975184013503,36.82499999999995,0.12141761810624636,2.0,0.0,44.0,22.288998357963877,0.2827868852459017,3.3957307060755335,7.600000000000034,4.264696223316922,4.600000000000001,2.509844154443507,1,
3413,200,0.032942225311587005,46.62499999999998,0.12141864840245167,2.0,0.0,38.0,19.31875,0.017123287671232834,6.19,5.29999999999999,2.3412499999999947,2.299999999999998,0.921199876874804,0,
3414,200,0.03290929955189908,48.57499999999997,0.12142066757820988,2.0,0.0,44.0,19.845,0.03846153846153855,4.975,7.400000000000002,2.6569999999999947,2.499999999999992,1.4986533416458478,0,
3415,200,0.03287640670151345,52.89999999999996,0.12142178766450917,2.0,0.0,44.0,21.04125,0.014880952380952328,4.465,7.200000000000016,3.374749999999998,3.3999999999999924,1.7239651311955215,0,
3416,200,0.03284354672753726,40.09999999999995,0.12142337494074999,2.0,0.0,44.0,21.220095693779903,0.23120300751879697,2.926634768740032,8.000000000000012,3.8547049441786334,3.899999999999994,4.268995899554369,1,
3417,200,0.032810719597110516,45.449999999999974,0.12142393710863687,2.0,0.0,41.0,20.41,0.02960526315789469,7.79875,6.500000000000017,2.995999999999999,2.8999999999999924,1.875186929979586,0,
3418,200,0.032777925277406125,37.49999999999996,0.1214252867460705,2.0,0.0,47.0,21.252032520325205,0.28200000000000003,3.759349593495935,9.100000000000014,3.7269918699186997,3.5999999999999988,4.2754453445577365,1,
3419,200,0.03274516373562974,51.024999999999956,0.12142672555460358,2.0,0.0,42.0,20.7725,0.010606060606060508,5.2275,7.300000000000004,3.2134999999999962,2.8999999999999964,2.789022107847049,0,
3420,200,0.03271243493901982,38.19999999999996,0.12142812747989536,2.0,0.0,47.0,19.70077519379845,0.2540322580645161,1.3364341085271318,9.000000000000027,3.111317829457366,3.099999999999997,3.4365778416630017,1,
3421,200,0.03267973885484755,52.049999999999955,0.12142830757490351,2.0,0.0,45.0,22.17375,0.023255813953488413,6.86625,8.100000000000017,4.054250000000003,3.9999999999999947,3.4259622905661007,0,
3422,200,0.03264707545041687,46.92499999999997,0.12143034308081677,2.0,0.0,41.0,20.24375,0.026315789473684292,4.705,6.699999999999999,2.8962499999999953,3.099999999999987,1.2372878707622976,0,
3423,200,0.03261444469306436,46.27499999999996,0.12143194320246334,2.0,0.0,47.0,20.11764705882353,0.09076433121019112,6.217391304347826,9.000000000000014,3.0300511508951375,2.4999999999999947,3.5272229008557403,1,
3424,200,0.03258184655015926,50.09999999999996,0.12143405459337664,2.0,1.0,45.0,21.20625,0.027439024390243816,6.03,7.800000000000009,3.47375,3.2500000000000027,2.1882143565849383,0,
3425,200,0.03254928098910342,15.974999999999982,0.12143501425202527,8.0,0.0,45.0,16.55893536121673,0.6617647058823529,0.0,8.900000000000004,2.789353612167299,1.4999999999999978,7.748363694193851,3,
3426,200,0.03251674797733129,33.87499999999996,0.12143570913761675,3.0,0.0,50.0,19.547967479674796,0.3065217391304348,2.3073170731707315,11.100000000000033,3.1933333333333347,2.2999999999999945,7.035860336731717,3,
3427,200,0.032484247482309846,27.974999999999966,0.12143886443543,2.0,0.0,43.0,18.89937106918239,0.40760869565217395,0.7148846960167715,8.700000000000022,3.387002096436059,3.099999999999995,5.45826175239973,2,
3428,200,0.03245177947153859,38.69999999999997,0.1214410770846727,2.0,0.0,45.0,21.13821138211382,0.2618110236220472,3.6178861788617884,8.000000000000046,3.658699186991875,3.599999999999997,2.926757265535801,1,
3429,200,0.0324193439125495,34.749999999999964,0.12144106015362488,3.0,0.0,43.0,20.495894909688012,0.27564102564102566,3.3431855500821017,9.100000000000014,3.188834154351397,2.3999999999999924,5.700448986195044,1,
3430,200,0.03238694077290704,32.62499999999997,0.1214405529747524,2.0,1.0,43.0,18.239622641509435,0.3547619047619047,2.6660377358490566,7.200000000000016,2.967358490566036,2.599999999999996,2.4360941477185833,2,
3431,200,0.03235457002020804,28.599999999999966,0.121441904657858,2.0,0.0,46.0,21.225165562913908,0.4521276595744681,1.4569536423841059,9.200000000000033,4.490949227373077,5.100000000000001,5.972728646056729,2,
3432,200,0.03232223162208177,29.94999999999996,0.12144114654478891,2.0,1.0,50.0,19.26553672316384,0.3956310679611651,1.8305084745762712,11.00000000000004,3.4883239171374796,2.2999999999999905,8.27480827067676,2,
3433,200,0.0322899255461898,36.49999999999996,0.12144169641033306,2.0,0.0,43.0,21.43739837398374,0.275,1.7967479674796747,8.000000000000028,3.838211382113825,3.6999999999999957,3.5663379373070256,1,
3434,200,0.032257651760226075,25.524999999999963,0.1214447067603379,2.0,0.0,49.0,20.214128035320087,0.4722222222222222,1.4922737306843268,10.400000000000036,3.8935982339955872,2.8999999999999972,7.465492086078572,2,
3435,200,0.0322254102319168,27.12499999999996,0.12144828688807463,2.0,0.0,45.0,19.452538631346577,0.4691011235955056,1.2516556291390728,8.00000000000002,3.36909492273731,3.4000000000000137,4.826044111340707,2,
3436,200,0.03219320092902044,39.89999999999996,0.12144846517626226,2.0,0.0,41.0,19.51981707317073,0.19488188976377963,2.6326219512195124,6.300000000000018,3.076524390243906,3.4000000000000163,2.9821387523673555,1,
3437,200,0.032161023819327686,49.099999999999966,0.12144982471265156,2.0,1.0,43.0,20.0875,0.02777777777777768,6.905,6.900000000000013,2.802499999999998,2.3999999999999915,2.768298075465748,0,
3438,200,0.03212887887066144,40.999999999999964,0.12145133645514042,2.0,0.0,44.0,19.935294117647057,0.17910447761194037,6.8088235294117645,7.500000000000022,3.4170588235294117,3.5999999999999934,2.8673034327496554,1,
3439,200,0.032096766050876746,40.19999999999995,0.1214535501092864,2.0,0.0,45.0,20.164804469273744,0.15714285714285725,5.4804469273743015,7.800000000000038,3.5293296089385535,3.199999999999996,4.916886795213188,1,
3440,200,0.03206468532786077,38.87499999999998,0.12145556165462452,2.0,0.0,38.0,18.07871720116618,0.1499999999999999,4.604956268221574,5.500000000000001,2.3118075801749254,2.099999999999997,1.2790323951593259,1,
3441,200,0.03203263666953279,48.49999999999996,0.12145431092466394,2.0,1.0,45.0,21.3175,0.037878787878787845,7.72375,8.900000000000013,3.5405,3.0999999999999948,3.4144150850235873,0,
3442,200,0.03200062004384415,45.67499999999997,0.12145544173656439,2.0,0.0,44.0,19.84125,0.05666666666666664,5.715,7.300000000000007,2.654749999999995,2.499999999999994,1.4881047626636927,0,
3443,200,0.03196863541877823,30.04999999999997,0.12145679998699026,2.0,0.0,50.0,20.997925311203318,0.41666666666666663,2.0145228215767634,11.000000000000046,4.699377593361004,5.249999999999999,8.709933368629093,2,
3444,200,0.03193668276235039,51.499999999999964,0.12145776919411902,2.0,0.0,43.0,21.755,0.015060240963855387,7.82375,7.400000000000024,3.803000000000001,3.8999999999999955,2.6615451586643273,0,
3445,200,0.03190476204260796,38.97499999999998,0.12145829250067516,2.0,0.0,43.0,17.751552795031056,0.22983870967741926,3.4658385093167703,7.199999999999994,1.9338509316770132,1.699999999999993,1.5814355672899507,1,
3446,200,0.031872873227630244,14.14999999999998,0.1214566499525859,7.0,0.0,39.0,14.20979020979021,0.576530612244898,1.5174825174825175,4.199999999999986,1.8202797202797154,2.0999999999999908,1.0200907145913494,3,
3447,200,0.03184101628552841,39.37499999999996,0.12145831591137846,2.0,0.0,48.0,21.183908045977013,0.2846153846153846,2.5451559934318553,9.700000000000014,3.601642036124795,3.3999999999999955,4.088612597066447,1,
3448,200,0.03180919118444552,37.349999999999966,0.12146373588883012,2.0,0.0,44.0,21.099838969404185,0.25813008130081305,3.6972624798711755,8.300000000000031,3.712721417069244,3.400000000000004,4.3694952287107425,1,
3449,200,0.03177739789255645,45.874999999999936,0.12146513415905699,2.0,0.0,50.0,22.2925,0.08641975308641969,8.2975,11.800000000000036,4.125500000000001,3.4999999999999956,6.725910259234829,0,
3450,200,0.03174563637806794,49.12499999999996,0.12147182008871876,2.0,0.0,45.0,20.89375,0.03527607361963181,6.555,7.900000000000009,3.2862499999999994,3.399999999999996,2.2419144404913163,0,
3451,200,0.03171390660921845,45.499999999999964,0.12147414504395299,2.0,1.0,41.0,20.175,0.03333333333333344,7.375,7.1000000000000005,2.8550000000000004,2.5999999999999934,2.2470285109820556,0,
3452,200,0.0316822085542782,48.624999999999964,0.12147570648406962,2.0,0.0,44.0,21.33125,0.024096385542168752,6.6575,8.400000000000002,3.54875,3.399999999999997,3.632979114029876,0,
3453,200,0.03165054218154915,50.27499999999996,0.12147793465897952,2.0,0.0,44.0,21.8175,0.013313609467455523,6.58375,7.900000000000016,3.8405000000000022,3.7999999999999963,3.4654151647112132,0,
3454,200,0.031618907459364916,15.524999999999974,0.1214800469227951,7.0,0.0,43.0,19.082142857142856,0.625,0.06785714285714285,10.400000000000013,4.59250000000001,4.65,10.994762560747006,3,
3455,200,0.031587304356090785,47.72499999999995,0.12148031450009539,2.0,0.0,41.0,20.79,0.015822784810126667,7.64,6.200000000000008,3.2240000000000046,3.1999999999999975,2.2318274872304684,0,
3456,200,0.03155573284012364,26.649999999999974,0.12148074658474506,2.0,0.0,44.0,19.727906976744187,0.4883720930232558,1.527906976744186,7.200000000000027,3.2325581395348864,3.5000000000000027,3.3179811680971913,2,
3457,200,0.031524192879891964,34.67499999999997,0.12148186906542649,2.0,0.0,47.0,18.441935483870967,0.23750000000000004,3.6241935483870966,9.00000000000004,3.4061290322580664,2.2999999999999963,6.969238629653093,2,
3458,200,0.031492684443855785,49.199999999999974,0.12148316225061623,2.0,0.0,43.0,21.05,0.030864197530864113,7.605,7.399999999999996,3.3799999999999986,3.299999999999996,1.5994024990664113,0,
3459,200,0.03146120750050669,46.324999999999974,0.12148250588592036,2.0,1.0,42.0,19.90625,0.0370967741935484,7.56125,6.000000000000016,2.6937499999999965,2.499999999999998,1.5879134186147201,0,
3460,200,0.03142976201836771,46.34999999999994,0.12148453965912837,2.0,0.0,46.0,22.7625,0.05745341614906829,8.44125,10.30000000000003,4.407500000000003,3.599999999999997,5.35955212430024,0,
3461,200,0.03139834796599337,35.24999999999997,0.12148356597098889,2.0,0.0,48.0,17.11013986013986,0.2931034482758621,1.7062937062937062,9.700000000000035,2.7237762237762273,1.4999999999999996,5.436619139747514,2,
3462,200,0.0313669653119696,28.474999999999966,0.12148362088376861,3.0,0.0,48.0,20.39832285115304,0.44270833333333337,3.092243186582809,10.500000000000027,4.176939203354301,3.699999999999996,7.847259502127252,2,
3463,200,0.03133561402491377,45.24999999999997,0.12148263602819723,2.0,1.0,41.0,21.16125,0.0212418300653594,5.76,6.300000000000012,3.44675,3.499999999999993,1.678617060339163,0,
3464,200,0.03130429407347458,43.94999999999996,0.12148636613878869,2.0,0.0,45.0,21.18875,0.05519480519480524,7.8925,9.100000000000023,3.463250000000001,2.899999999999998,3.791955362430288,0,
3465,200,0.03127300542633206,50.849999999999966,0.12148712785989738,2.0,0.0,44.0,21.02,0.014880952380952328,5.7825,7.600000000000013,3.361999999999999,3.3999999999999924,3.096410838141942,0,
3466,200,0.031241748052197565,35.49999999999994,0.12148458989906655,2.0,0.0,48.0,22.86294416243655,0.32258064516129037,2.302876480541455,10.000000000000039,5.060067681895103,4.499999999999998,7.994299702244687,2,
3467,200,0.031210521919813744,38.64999999999995,0.12148310741526044,2.0,0.0,44.0,23.071544715447153,0.25387596899224807,1.8780487804878048,7.800000000000027,4.818699186991882,5.400000000000003,3.4847815051398445,1,
3468,200,0.031179326997954438,45.849999999999966,0.12148511229135205,2.0,0.0,44.0,19.018005540166204,0.13356164383561642,3.595567867036011,7.300000000000007,2.81980609418282,2.6999999999999957,2.4215098708379137,1,
3469,200,0.03114816325542473,41.424999999999976,0.12148748373134097,2.0,0.0,46.0,19.019633507853403,0.10915492957746475,7.3311518324607325,8.400000000000006,2.585863874345544,2.1999999999999957,2.3630764697316256,2,
3470,200,0.03111703066106086,31.27499999999997,0.12148554867872732,2.0,0.0,43.0,18.718095238095238,0.34708737864077666,1.0761904761904761,8.20000000000003,3.512761904761909,3.4999999999999964,5.6665815023365536,2,
3471,200,0.03108592918373026,49.74999999999994,0.12148506534431859,2.0,1.0,47.0,21.94,0.042397660818713545,7.73125,9.000000000000032,3.9140000000000006,3.799999999999995,4.503761037126643,0,
3472,200,0.03105485879233143,28.274999999999967,0.12148239075211678,2.0,0.0,46.0,23.221698113207548,0.5,0.8632075471698113,8.500000000000036,5.213443396226428,6.000000000000029,5.14067334167714,2,
3473,200,0.031023819455793984,33.57499999999996,0.12148293108457643,4.0,0.0,44.0,17.645209580838323,0.13559322033898313,4.197604790419161,8.200000000000017,2.8658682634730552,2.399999999999996,3.9013287974847004,3,
3474,200,0.03099281114307856,48.849999999999945,0.1214839151670926,2.0,0.0,44.0,21.42875,0.025757575757575868,6.9125,8.000000000000012,3.6072500000000014,3.6,3.5682030128172224,0,
3475,200,0.030961833823176882,47.02499999999997,0.12148315189061046,2.0,0.0,40.0,20.11375,0.023026315789473673,4.74,5.90000000000002,2.818249999999999,2.6999999999999904,1.7641696940151548,0,
3476,200,0.030930887465111603,49.324999999999946,0.12148370375586609,2.0,1.0,45.0,21.9375,0.028787878787878807,5.845,8.400000000000013,3.9125000000000005,3.700000000000001,3.314598929060844,0,
3477,200,0.030899972037936367,46.549999999999955,0.12148370928513849,2.0,0.0,41.0,21.54875,0.022435897435897356,6.9225,6.200000000000004,3.6792500000000063,3.9999999999999964,1.873272364488084,0,
3478,200,0.03086908751073573,48.049999999999955,0.12148478690080804,2.0,0.0,43.0,21.11125,0.0185185185185186,8.48,7.300000000000015,3.416750000000002,3.549999999999997,2.962424066287618,0,
3479,200,0.030838233852625192,46.09999999999995,0.12148561917664047,2.0,0.0,46.0,21.606493506493507,0.09375,8.236363636363636,8.700000000000019,4.045064935064936,3.5499999999999963,3.982508336158461,1,
3480,200,0.030807411032751076,37.97499999999996,0.12148674556080993,2.0,0.0,49.0,22.816260162601626,0.28816793893129766,5.222764227642276,10.400000000000036,4.665528455284558,4.1000000000000005,6.8631550615508825,1,
3481,200,0.03077661902029056,28.37499999999997,0.12148678340462078,2.0,0.0,47.0,19.922902494331066,0.4862637362637363,1.1700680272108843,9.000000000000021,3.508390022675738,3.5999999999999956,4.060834841628974,2,
3482,200,0.030745857784451616,21.849999999999973,0.12148839839218464,3.0,0.0,45.0,16.307881773399014,0.45666666666666667,2.0049261083743843,10.000000000000023,3.2862068965517275,1.7999999999999974,10.007850759850806,3,
3483,200,0.03071512729447303,51.62499999999994,0.1214881298332132,2.0,0.0,49.0,22.9875,0.042613636363636465,7.1,10.500000000000025,4.542500000000006,4.70000000000001,5.293402020940697,0,
3484,200,0.0306844275196243,37.44999999999996,0.12148998723284449,2.0,0.0,43.0,20.552845528455286,0.2621951219512195,3.6682926829268294,7.000000000000006,3.307479674796747,3.100000000000001,2.7950733956597236,1,
3485,200,0.030653758429205646,41.39999999999997,0.12148942377772738,2.0,0.0,40.0,18.031518624641834,0.14097744360902253,4.239255014326647,5.299999999999993,2.284957020057301,2.1999999999999904,1.1749766934932628,1,
3486,200,0.03062311999254796,45.82499999999996,0.1214923651402225,2.0,0.0,41.0,20.96375,0.030645161290322687,7.30625,6.000000000000017,3.3282499999999993,3.599999999999996,1.9522549878984345,0,
3487,200,0.030592512179012835,47.549999999999955,0.12149214702758798,2.0,0.0,44.0,21.98875,0.02329192546583858,7.79875,8.300000000000027,3.9432500000000053,3.9999999999999964,2.5274833866928126,0,
3488,200,0.030561934957992438,36.674999999999955,0.12149135833058822,3.0,1.0,45.0,21.17241379310345,0.25,4.24294670846395,8.900000000000029,3.935893416927906,3.9000000000000083,4.91920964124189,1,
3489,200,0.030531388298909546,47.64999999999997,0.12149209276642242,2.0,0.0,42.0,20.755,0.020186335403726607,6.59,6.300000000000004,3.2029999999999994,3.3999999999999955,1.915293992646869,0,
3490,200,0.030500872171217483,52.54999999999995,0.12149274209803461,2.0,0.0,45.0,23.53125,0.01571428571428579,7.36375,8.600000000000033,4.868750000000009,5.100000000000011,4.387630293172374,0,
3491,200,0.030470386544400145,41.67499999999996,0.12149198849788874,2.0,0.0,44.0,20.282131661442005,0.2201492537313432,3.2210031347962382,7.400000000000012,3.4017241379310343,3.1999999999999953,3.9351007387426002,1,
3492,200,0.03043993138797189,53.849999999999945,0.1214910072767611,2.0,0.0,50.0,23.8725,0.03532608695652173,6.11,10.90000000000004,5.07350000000001,4.6000000000000085,5.717656683838616,0,
3493,200,0.030409506671477564,22.999999999999982,0.12148854413519827,8.0,0.0,51.0,16.63049095607235,0.4807692307692307,1.2041343669250646,11.50000000000004,3.7025839793281734,2.199999999999997,9.502434031301823,3,
3494,200,0.03037911236449243,40.37499999999998,0.12148850646741552,2.0,0.0,38.0,18.149584487534625,0.10877862595419852,4.382271468144045,4.69999999999999,2.2987534626038726,2.1999999999999886,1.0969673095036654,1,
3495,200,0.030348748436622202,35.02499999999996,0.12148703934164023,2.0,0.0,40.0,20.53008130081301,0.2673913043478261,2.682926829268293,6.600000000000033,3.293821138211387,3.299999999999998,2.725432442150712,1,
3496,200,0.03031841485750294,52.874999999999936,0.12148876512974122,2.0,0.0,47.0,21.4875,0.036127167630057855,5.605,9.600000000000017,3.6425000000000027,3.3999999999999977,4.780551219611303,0,
3497,200,0.030288111596801063,18.774999999999984,0.12148783940681175,5.0,0.0,49.0,18.90268456375839,0.6188524590163934,0.34563758389261745,10.900000000000036,4.624161073825512,4.149999999999998,12.932179318266352,3,
3498,200,0.030257838624213294,31.049999999999965,0.12148749450455879,2.0,0.0,46.0,19.09957627118644,0.41666666666666663,0.09322033898305085,8.400000000000018,3.4591101694915287,2.9999999999999956,6.689311437587279,2,
3499,200,0.030227595909466682,49.24999999999996,0.12148768960727505,2.0,0.0,43.0,20.725,0.013636363636363669,6.57375,7.400000000000012,3.1849999999999987,2.999999999999995,2.182678410435024,0,
3500,200,0.0301973834223185,50.14999999999995,0.12148775185299637,2.0,0.0,45.0,22.60875,0.031818181818181746,5.6875,8.700000000000026,4.315250000000007,4.200000000000015,4.263724099568936,0,
3501,200,0.03016720113255626,49.349999999999966,0.12148991708012444,2.0,0.0,41.0,20.83625,0.015625,5.6025,6.800000000000025,3.25175,3.0999999999999934,2.51112586113417,0,
3502,200,0.030137049009997648,50.24999999999996,0.12149287394315256,2.0,0.0,42.0,20.575,0.015243902439024293,4.58,6.400000000000016,3.094999999999999,2.9999999999999933,2.3943287411386622,0,
3503,200,0.03010692702449057,49.94999999999996,0.12149202438954788,2.0,0.0,46.0,22.21,0.03402366863905315,6.415,8.700000000000019,4.076000000000002,4.099999999999996,2.89197851871645,0,
3504,200,0.03007683514591303,45.799999999999976,0.12149183789579729,2.0,1.0,37.0,20.8125,0.005102040816326481,8.15,6.2,3.2375000000000003,3.299999999999997,0.9294452022581305,0,
3505,200,0.03004677334417314,49.57499999999995,0.12149314239817147,2.0,0.0,44.0,22.34,0.030120481927710774,6.0825,8.000000000000036,4.154000000000007,4.200000000000001,3.4530393953740828,0,
3506,200,0.030016741589209084,39.09999999999996,0.12149238339478902,2.0,0.0,43.0,20.33649289099526,0.23062015503875966,3.292259083728278,7.500000000000007,3.387361769352291,2.8999999999999972,3.7847470350996484,1,
3507,200,0.029986739850989135,49.97499999999995,0.12149211750275317,2.0,1.0,41.0,21.1925,0.010869565217391353,6.94125,6.400000000000008,3.465499999999999,3.3999999999999977,1.6574623397849129,0,
3508,200,0.029956768099511533,38.79999999999997,0.12149315054070928,2.0,1.0,43.0,21.16773162939297,0.23818897637795278,3.2060702875399363,6.900000000000015,3.811980830670932,4.1,3.3571333971292106,1,
3509,200,0.02992682630480453,47.524999999999956,0.121496980402828,2.0,0.0,43.0,21.3925,0.02672955974842761,6.7225,7.000000000000031,3.585500000000005,3.8999999999999915,2.5942438035059614,0,
3510,200,0.029896914436926308,33.949999999999974,0.12149828391175882,2.0,0.0,48.0,18.70754716981132,0.3392857142857143,4.362264150943396,9.800000000000018,3.6284905660377382,3.0999999999999956,5.834397737265029,2,
3511,200,0.02986703246596503,47.474999999999966,0.1214992319474723,2.0,0.0,42.0,21.51875,0.023885350318471277,5.76625,8.100000000000025,3.661250000000003,3.600000000000005,2.4192522175816076,0,
3512,200,0.029837180362038706,40.87499999999997,0.12149808839305543,2.0,0.0,44.0,20.311912225705328,0.2236842105263157,6.161442006269592,7.400000000000013,3.419592476489028,3.199999999999997,3.0713948403485714,1,
3513,200,0.029807358095295233,42.12499999999995,0.12150130468714433,2.0,0.0,48.0,20.555837563451778,0.09313725490196068,8.66751269035533,9.600000000000014,3.2266497461928925,2.8999999999999972,3.0689647842072594,1,
3514,200,0.02977756563591232,49.674999999999955,0.12149966544366317,2.0,0.0,46.0,21.995,0.03742514970059885,8.9975,9.100000000000026,3.9470000000000023,3.699999999999995,3.533196520619587,0,
3515,200,0.029747802954097544,46.12499999999995,0.12150145958624103,2.0,0.0,42.0,21.705,0.016871165644171793,7.5475,7.700000000000018,3.7729999999999992,3.6999999999999966,2.9846756635557385,0,
3516,200,0.0297180700200882,45.424999999999955,0.12150413863018067,2.0,0.0,42.0,22.8025,0.018750000000000044,9.12375,9.300000000000015,4.431500000000011,4.4999999999999964,3.812713707365194,0,
3517,200,0.02968836680415135,28.87499999999997,0.1215074958911284,2.0,0.0,46.0,18.84375,0.46739130434782605,0.5848214285714286,8.60000000000001,2.9814732142857134,2.349999999999996,5.451893743491637,2,
3518,200,0.029658693276583766,39.64999999999996,0.12150798764734569,2.0,1.0,44.0,20.119868637110017,0.26190476190476186,1.702791461412151,7.300000000000009,2.9632183908045957,2.6999999999999926,3.0492300474547034,1,
3519,200,0.029629049407711945,39.99999999999997,0.1215074343639109,2.0,0.0,41.0,19.655786350148368,0.17692307692307696,5.692878338278931,6.6000000000000165,3.2351632047477765,3.4000000000000155,2.578131242089056,1,
3520,200,0.029599435167892,49.649999999999956,0.121509414294589,3.0,0.0,43.0,21.28375,0.0260736196319018,5.76875,7.6000000000000325,3.52025,3.299999999999997,2.4458937592090177,0,
3521,200,0.02956985052750969,41.32499999999996,0.12150938117625817,2.0,0.0,46.0,20.755134281200633,0.2425373134328359,2.3996840442338074,8.500000000000016,3.638546603475514,3.499999999999993,4.409709998802078,1,
3522,200,0.029540295456980357,35.87499999999997,0.12150853411542059,1.0,0.0,42.0,20.183908045977013,0.2713675213675214,2.9770114942528734,7.100000000000007,3.001642036124796,2.5999999999999948,3.493931190681652,1,
3523,200,0.029510769926748955,48.69999999999996,0.12150823003750097,2.0,1.0,46.0,21.0925,0.0457317073170731,6.78875,8.700000000000015,3.405499999999999,3.1999999999999966,3.019824468475744,0,
3524,200,0.02948127390728994,33.92499999999996,0.12150800618273642,4.0,0.0,46.0,20.410122164048865,0.3377192982456141,2.2460732984293195,10.90000000000003,3.6614310645724264,2.7999999999999923,7.264555505470195,2,
3525,200,0.02945180736910729,26.049999999999986,0.12150626282810942,9.0,0.0,42.0,15.630107526881721,0.38414634146341464,1.0688172043010753,7.700000000000019,2.3776344086021517,1.5,4.884339573775364,3,
3526,200,0.02942237028273445,49.99999999999994,0.12150656265049824,2.0,0.0,43.0,21.925,0.02108433734939763,6.26,8.300000000000008,3.905000000000003,3.8000000000000043,3.0952798363747607,0,
3527,200,0.029392962618734357,25.599999999999973,0.12150575398267743,3.0,1.0,45.0,17.077868852459016,0.3679775280898876,3.3360655737704916,8.700000000000038,3.266393442622955,2.1999999999999984,6.146191489987169,3,
3528,200,0.029363584347699333,48.22499999999995,0.12150862164105058,2.0,0.0,41.0,21.99875,0.009374999999999911,7.54125,7.999999999999998,3.949250000000006,4.10000000000002,2.9980791219986473,0,
3529,200,0.029334235440251103,27.02499999999997,0.12150752926068539,2.0,0.0,44.0,21.55275229357798,0.4772727272727273,0.42201834862385323,7.500000000000026,4.431422018348637,5.000000000000002,3.6317152476393777,2,
3530,200,0.029304915867040746,50.72499999999996,0.12150693951810138,2.0,0.0,44.0,20.245,0.030487804878048808,5.33,7.200000000000008,2.8969999999999985,2.4999999999999973,2.1368443388192846,0,
3531,200,0.02927562559874871,19.774999999999984,0.12150546880331851,6.0,0.0,49.0,16.194805194805195,0.5674603174603174,0.961038961038961,10.600000000000017,3.2448051948051964,2.049999999999997,8.085934874503256,3,
3532,200,0.029246364606084714,28.024999999999967,0.12150349067272534,2.0,0.0,45.0,21.45124716553288,0.47282608695652173,1.183673469387755,10.700000000000019,4.425396825396828,3.8999999999999932,8.543888728918178,2,
3533,200,0.029217132859787758,38.04999999999997,0.12150651090329218,2.0,0.0,42.0,20.03448275862069,0.262396694214876,2.3464696223316914,6.400000000000011,2.9119868637109967,2.699999999999993,1.9707154874892163,1,
3534,200,0.029187930330626086,49.37499999999995,0.12150706012910971,2.0,0.0,43.0,21.7525,0.010479041916167775,7.795,8.00000000000002,3.8015000000000043,3.7999999999999976,2.621201845627901,0,
3535,200,0.02915875698939719,33.04999999999997,0.12150567813621085,5.0,0.0,51.0,17.546979865771814,0.20575221238938046,3.0721476510067114,12.10000000000003,3.53523489932886,2.499999999999996,8.531030840476944,3,
3536,200,0.02912961280692771,48.84999999999995,0.1215058350514474,2.0,0.0,48.0,21.3525,0.051204819277108404,4.995,10.200000000000033,3.5615000000000006,3.29999999999999,4.056074087615793,0,
3537,200,0.02910049775407347,43.09999999999994,0.12150725198754572,2.0,0.0,51.0,21.925207756232687,0.16999999999999993,5.799168975069252,12.200000000000019,4.564127423822722,4.4500000000000135,7.911872380261821,1,
3538,200,0.02907141180171939,37.949999999999974,0.12150640372603275,2.0,0.0,40.0,18.974550898203592,0.18145161290322576,2.7709580838323356,6.00000000000001,2.8065868263473064,2.6999999999999975,2.1949016523128746,1,
3539,200,0.029042354920779553,37.17499999999996,0.12150629324225745,2.0,0.0,47.0,20.593301435406698,0.2701612903225806,1.4880382775119618,9.400000000000025,3.478628389154707,3.200000000000007,4.254641796056266,1,
3540,200,0.029013327082197053,41.54999999999995,0.12150714006491073,3.0,1.0,49.0,20.570876288659793,0.10273972602739723,5.44201030927835,11.400000000000023,3.3646907216494797,2.4999999999999973,7.2416003321294,1,
3541,200,0.028984328256944056,50.27499999999996,0.12150580012510134,2.0,0.0,41.0,21.135,0.004601226993865115,6.81125,6.3,3.431000000000001,3.4999999999999907,1.5731914581116597,0,
3542,200,0.028955358416021718,23.674999999999976,0.12150462601484605,8.0,0.0,46.0,17.095693779904305,0.42307692307692313,0.3014354066985646,12.300000000000024,3.889473684210531,1.6999999999999968,14.892462469165563,3,
3543,200,0.02892641753046022,51.07499999999995,0.1215055822045856,2.0,0.0,43.0,21.72125,0.014880952380952328,4.98375,7.400000000000008,3.782750000000001,3.60000000000001,2.284006006259401,0,
3544,200,0.028897505571318663,38.57499999999996,0.1215060849321555,2.0,0.0,44.0,20.893175074183976,0.1936090225563909,4.781899109792285,8.600000000000025,3.9775964391691483,3.900000000000006,5.848190479335242,1,
3545,200,0.028868622509685086,20.924999999999983,0.12150333357962026,5.0,0.0,52.0,17.631901840490798,0.5253623188405797,0.7730061349693251,12.700000000000035,4.356748466257676,3.1499999999999977,14.30682220653972,3,
3546,200,0.028839768316676413,49.27499999999997,0.12150415059716164,2.0,1.0,41.0,20.67625,0.011006289308176154,5.535,6.600000000000011,3.1557499999999967,2.9999999999999947,1.6334444897570213,0,
3547,200,0.02881094296343847,38.67499999999996,0.1215048695889008,2.0,0.0,44.0,19.781874039938558,0.23062015503875966,6.039938556067589,7.400000000000027,3.202918586789554,2.9999999999999956,2.624406276545553,1,
3548,200,0.02878214642114589,47.79999999999997,0.12150632077142638,2.0,0.0,44.0,20.2325,0.028481012658227778,5.75875,7.499999999999997,2.8894999999999973,2.9999999999999964,1.639492311706736,0,
3549,200,0.028753378661002135,51.199999999999946,0.12150743470854258,2.0,0.0,45.0,23.35625,0.014534883720930258,6.79375,9.200000000000017,4.763750000000007,4.700000000000021,4.997493746084013,0,
3550,200,0.028724639654239423,48.77499999999998,0.12150857584272534,2.0,0.0,40.0,19.30625,0.009740259740259827,4.1725,5.500000000000005,2.3337499999999944,2.0999999999999974,1.615513461739781,0,
3551,200,0.02869592937211877,48.12499999999996,0.12150967948643618,2.0,0.0,40.0,20.60125,0.0,6.34625,7.099999999999998,3.110749999999998,2.999999999999993,2.0666376666213595,0,
3552,200,0.02866724778592988,33.64999999999997,0.12151091660776818,2.0,0.0,46.0,18.093023255813954,0.2760869565217391,5.835548172757475,8.600000000000021,3.0141196013289036,2.3999999999999977,4.309862363170297,2,
3553,200,0.028638594866991166,47.92499999999996,0.12151295430102908,2.0,0.0,44.0,21.73875,0.036163522012578664,7.485,7.40000000000003,3.793250000000009,4.000000000000004,1.9172074331366304,0,
3554,200,0.028609970586649693,34.44999999999997,0.12151358091431516,3.0,0.0,57.0,18.61694915254237,0.3130252100840336,3.993220338983051,15.00000000000004,3.597118644067798,1.6999999999999917,15.164560685322376,2,
3555,200,0.028581374916281203,42.79999999999997,0.12151409529444668,2.0,0.0,45.0,19.004261363636363,0.16134751773049638,5.53125,9.100000000000007,2.8616477272727256,2.299999999999998,4.3562651655014575,1,
3556,200,0.02855280782729001,47.49999999999997,0.12151528639118606,2.0,0.0,42.0,20.895,0.03758169934640532,6.47125,7.700000000000019,3.287000000000001,3.2999999999999927,2.144284350444308,0,
3557,200,0.028524269291109027,49.52499999999995,0.12151869653716638,2.0,0.0,46.0,22.1575,0.04518072289156616,4.9175,9.100000000000012,4.044500000000006,4.300000000000008,4.22972635894746,0,
3558,200,0.028495759279199697,52.299999999999926,0.12152023731778411,2.0,0.0,51.0,23.6175,0.05459770114942519,6.23875,12.000000000000014,4.920500000000007,4.400000000000013,6.330989642171346,0,
3559,200,0.028467277763052034,48.82499999999997,0.12152283280019921,2.0,0.0,39.0,20.55,0.004901960784313708,5.2875,6.000000000000006,3.0799999999999965,3.1000000000000005,1.2259019154717452,0,
3560,200,0.028438824714184505,38.04999999999995,0.12152362635330646,3.0,0.0,46.0,21.398373983739837,0.28629032258064513,3.1219512195121952,10.20000000000002,3.814796747967483,3.4999999999999956,7.265149858285073,1,
3561,200,0.02841040010414406,44.94999999999994,0.12152579445115125,3.0,0.0,46.0,20.455,0.04245283018867929,5.81125,9.700000000000017,3.023000000000001,2.1999999999999935,5.537379652155753,0,
3562,200,0.028382003904506077,40.74999999999998,0.12152814196181921,2.0,0.0,38.0,17.973463687150836,0.1171875,4.103351955307263,4.299999999999992,2.214525139664798,2.299999999999992,0.6122203821283297,1,
3563,200,0.028353636086874374,52.049999999999955,0.12152984370391101,2.0,0.0,45.0,22.49,0.013157894736842035,7.42375,8.100000000000016,4.244000000000009,4.300000000000005,3.0648687888575052,0,
3564,200,0.02832529662288112,48.074999999999946,0.12153365960506612,2.0,0.0,43.0,21.82375,0.01646706586826352,7.925,9.200000000000037,3.8442500000000006,3.399999999999995,4.596399119373664,0,
3565,200,0.028296985484186854,41.449999999999946,0.12153503787723241,3.0,0.0,46.0,21.503021148036254,0.19405594405594395,5.867069486404834,9.400000000000034,4.298036253776441,4.050000000000001,6.49268467494066,1,
3566,200,0.028268702642480412,46.699999999999974,0.12153830697732157,2.0,0.0,44.0,21.1725,0.03571428571428581,7.12,7.4000000000000075,3.453500000000001,3.500000000000018,2.1910911735799683,0,
3567,200,0.028240448069478983,30.999999999999957,0.12153856547746517,2.0,0.0,51.0,20.115768463073852,0.4214285714285714,1.345309381237525,11.700000000000035,4.075049900199605,3.299999999999997,10.536325657370572,2,
3568,200,0.02821222173692798,47.49999999999996,0.12154297947755205,2.0,0.0,44.0,22.5,0.027439024390243816,8.42875,9.100000000000028,4.250000000000005,4.0500000000000025,4.639157248683232,0,
3569,200,0.02818402361660106,46.29999999999994,0.12154508578948951,2.0,1.0,51.0,23.145,0.07647058823529407,9.85625,11.700000000000038,4.637000000000011,4.400000000000027,7.231392299050532,0,
3570,200,0.028155853680300096,46.42499999999997,0.121549553139357,2.0,1.0,42.0,20.9375,0.018750000000000044,9.21875,6.600000000000014,3.312499999999999,3.199999999999998,1.945546789916868,0,
3571,200,0.02812771189985517,32.39999999999996,0.12155012782539126,2.0,0.0,44.0,20.65996649916248,0.3136363636363636,2.4137353433835846,8.200000000000019,3.4790619765494157,2.699999999999997,5.495841675832244,2,
3572,200,0.028099598247124487,33.974999999999966,0.1215510309318874,2.0,0.0,43.0,18.783595113438047,0.32272727272727275,0.9040139616055847,7.499999999999999,2.841535776614309,2.0999999999999988,3.744568906703063,2,
3573,200,0.028071512693994393,36.374999999999964,0.1215523844329456,2.0,0.0,41.0,19.622764227642275,0.2629310344827587,1.4520325203252034,6.299999999999995,2.7494308943089387,2.8999999999999924,1.4836092897330624,1,
3574,200,0.02804345521237932,35.94999999999997,0.12155327642878533,2.0,0.0,43.0,20.014492753623188,0.27521008403361347,3.3510466988727856,7.800000000000027,3.061513687600648,2.5999999999999983,4.9590952702002165,1,
3575,200,0.028015425774221808,32.199999999999974,0.12155208468856955,2.0,0.0,50.0,19.9727463312369,0.4296116504854369,0.8176100628930818,10.900000000000036,4.009643605870026,3.5999999999999956,9.230429749305634,2,
3576,200,0.027987424351492405,38.94999999999996,0.12155341945638011,2.0,0.0,43.0,19.308527131782945,0.23046875,2.2418604651162792,7.4000000000000306,2.875968992248062,2.2999999999999963,3.6257723112128386,1,
3577,200,0.027959450916189687,33.64999999999998,0.12155516272738635,3.0,0.0,47.0,17.422033898305084,0.2723214285714286,3.91864406779661,9.60000000000003,2.880169491525425,2.099999999999997,5.3488255065369685,2,
3578,200,0.027931505440340204,30.649999999999974,0.12155520020473087,2.0,1.0,49.0,18.41299790356394,0.4285714285714286,0.2830188679245283,10.20000000000003,3.09266247379455,2.5999999999999965,5.998442125804327,2,
3579,200,0.027903587895998498,42.04999999999995,0.12156069695744268,2.0,1.0,48.0,20.69375,0.07580645161290334,7.01875,9.70000000000004,3.16625,2.599999999999995,4.271717612058808,0,
3580,200,0.027875698255247015,46.67499999999997,0.12156204974169083,3.0,0.0,43.0,20.68625,0.03662420382165599,7.3975,8.400000000000013,3.1617499999999974,2.8999999999999924,3.430342297409849,0,
3581,200,0.02784783649019611,36.999999999999964,0.12156374559194147,2.0,1.0,43.0,20.320197044334975,0.27542372881355937,1.2397372742200328,7.800000000000006,3.0834154351395693,2.999999999999991,2.447564063848148,1,
3582,200,0.027820002572984004,39.999999999999964,0.12156913794699029,3.0,0.0,42.0,21.198863636363637,0.1400709219858156,7.7883522727272725,8.500000000000014,4.178409090909096,4.5000000000000115,4.820679922924081,1,
3583,200,0.0277921964757768,38.299999999999976,0.12157152040305655,2.0,1.0,42.0,17.644699140401148,0.1379999999999999,3.7607449856733526,6.700000000000022,2.4242120343839515,1.999999999999997,2.491295681676855,2,
3584,200,0.02776441817076839,50.149999999999956,0.12157688904022931,2.0,0.0,46.0,22.7,0.023255813953488413,7.585,8.600000000000017,4.370000000000008,4.599999999999998,2.0204531569580766,0,
3585,200,0.027736667630180466,14.049999999999985,0.12157848979931575,5.0,0.0,46.0,18.779735682819382,0.75,0.0,8.700000000000008,3.155066079295153,2.4999999999999964,6.134311442322626,3,
3586,200,0.02770894482626248,37.499999999999964,0.12158031865290053,2.0,0.0,43.0,20.834146341463416,0.26639344262295084,2.2260162601626017,7.5,3.476260162601625,3.099999999999986,3.248940945048452,1,
3587,200,0.02768124973129162,50.02499999999995,0.12158316910593805,2.0,0.0,44.0,22.84625,0.014534883720930258,8.1675,8.70000000000002,4.457750000000007,4.500000000000009,3.118269809796607,0,
3588,200,0.027653582317572808,41.27499999999996,0.12158860705684689,2.0,0.0,48.0,18.417582417582416,0.15287769784172656,6.163461538461538,9.700000000000024,2.4335164835164815,1.799999999999997,3.936686271069093,1,
3589,200,0.027625942557438617,40.39999999999996,0.12158941578405046,2.0,0.0,41.0,18.976525821596244,0.22199999999999998,1.1408450704225352,6.00000000000003,2.6273865414710493,2.3999999999999946,2.569256269592487,1,
3590,200,0.027598330423249287,38.32499999999997,0.1215901320482731,2.0,0.0,42.0,20.95402298850575,0.2622950819672131,2.2216748768472905,6.5,3.463711001642035,3.299999999999998,1.7080637402933587,1,
3591,200,0.02757074588739267,46.149999999999956,0.12159427343198048,2.0,1.0,52.0,22.4925,0.08928571428571419,11.075,12.300000000000042,4.245500000000007,3.900000000000004,8.03484230444116,0,
3592,200,0.02754318892228425,18.249999999999986,0.12159400018545583,4.0,0.0,48.0,17.421232876712327,0.6059322033898306,0.4075342465753425,9.700000000000028,3.793493150684936,2.1999999999999975,10.237372248220254,3,
3593,200,0.027515659500367044,48.34999999999995,0.12159762230718923,3.0,0.0,53.0,22.6625,0.09375,8.17875,12.90000000000003,4.3475000000000055,3.7000000000000117,10.050059453217958,0,
3594,200,0.027488157594111634,35.224999999999945,0.12160217141539784,2.0,0.0,50.0,21.945812807881772,0.30691056910569103,3.70935960591133,12.200000000000031,4.058784893267655,3.0999999999999934,9.264155522001783,1,
3595,200,0.027460683176016094,31.549999999999958,0.12160397411203946,3.0,1.0,47.0,21.249589490968802,0.31756756756756754,4.288998357963875,9.900000000000022,3.6410509031198726,3.2999999999999963,6.3679214840379945,2,
3596,200,0.027433236218606032,43.94999999999999,0.12160909263640671,2.0,0.0,38.0,19.9525,0.01551724137931032,7.065,6.100000000000002,2.721499999999995,2.5999999999999943,1.0878394497491428,0,
3597,200,0.027405816694434475,38.84999999999996,0.12161073735365503,2.0,0.0,44.0,20.41945773524721,0.25,2.068580542264753,7.700000000000022,3.3743221690590137,3.499999999999996,3.075664262021547,1,
3598,200,0.027378424576081896,39.27499999999996,0.12161198355165598,2.0,0.0,47.0,22.387147335423197,0.23880597014925375,4.5141065830721,9.100000000000042,4.6647335423197624,5.000000000000003,4.794614451053128,1,
3599,200,0.027351059836156166,40.599999999999966,0.12161454409313179,2.0,0.0,42.0,19.400302114803626,0.19656488549618323,4.342900302114804,6.700000000000007,3.036404833836855,2.8999999999999946,2.430205913157771,1,
3600,200,0.02732372244729256,50.599999999999945,0.12161829460307037,3.0,0.0,48.0,23.2225,0.0431034482758621,9.07875,11.40000000000003,4.683500000000008,4.399999999999998,6.989688671388605,0,
3601,200,0.027296412382153676,50.749999999999964,0.12162356939134772,3.0,0.0,45.0,21.255,0.02678571428571419,6.89875,8.800000000000017,3.5030000000000006,3.299999999999994,4.2363976193713,0,
3602,200,0.027269129613429453,32.39999999999997,0.1216241222273799,3.0,1.0,50.0,21.7882096069869,0.4441747572815534,1.462882096069869,11.100000000000032,4.90371179039302,5.200000000000001,9.263895014850148,2,
3603,200,0.027241874113837102,16.42499999999998,0.12162644488015639,6.0,0.0,49.0,19.922448979591838,0.7115384615384616,0.8816326530612245,10.600000000000021,4.388979591836741,4.200000000000004,12.483719178995132,3,
3604,200,0.027214645856121145,18.09999999999998,0.12162943753561688,7.0,0.0,47.0,16.84931506849315,0.603448275862069,0.8904109589041096,10.00000000000002,3.4503424657534274,2.0499999999999976,10.174331538885605,3,
3605,200,0.027187444813053317,41.474999999999966,0.12163503823007732,2.0,0.0,42.0,19.088921282798832,0.16481481481481475,3.9854227405247813,6.100000000000017,2.91793002915452,2.6999999999999966,3.1173381995133953,1,
3606,200,0.027160270957432564,28.39999999999996,0.12163476212217561,4.0,0.0,46.0,19.046846846846847,0.3589108910891089,2.675675675675676,9.00000000000003,3.185045045045046,2.4999999999999982,5.5172176843363285,3,
3607,200,0.027133124262085022,37.17499999999997,0.12163560468937258,2.0,0.0,45.0,21.149425287356323,0.2786885245901639,3.0886699507389164,8.200000000000026,3.58095238095238,3.400000000000013,3.394851596203643,1,
3608,200,0.027106004699864013,45.07499999999994,0.12163825485488658,2.0,0.0,45.0,21.31125,0.04677419354838719,5.76125,10.400000000000007,3.536750000000001,3.1999999999999953,4.493806459072607,0,
3609,200,0.027078912243649965,47.24999999999997,0.12163897800014341,2.0,0.0,50.0,21.6175,0.07407407407407418,5.83875,10.800000000000031,3.7205,3.7999999999999954,2.3444334131772235,0,
3610,200,0.027051846866350416,36.24999999999998,0.1216406926239578,2.0,0.0,37.0,18.783739837398375,0.2410714285714286,2.694308943089431,5.299999999999997,2.246016260162598,2.299999999999996,1.0221941494987083,1,
3611,200,0.027024808540899975,47.84999999999995,0.12164384607151288,2.0,0.0,47.0,21.4025,0.07012195121951215,6.17875,9.200000000000038,3.5915000000000052,3.099999999999996,6.213587458730436,0,
3612,200,0.02699779724026034,25.849999999999977,0.12164261429625842,2.0,0.0,49.0,16.65909090909091,0.41470588235294115,1.375,11.10000000000003,3.5027272727272765,1.9999999999999991,10.450591996859547,3,
3613,200,0.026970812937420194,39.72499999999995,0.12164456592517656,3.0,0.0,47.0,22.794745484400657,0.27290076335877866,2.4269293924466337,10.100000000000023,4.568144499178993,4.5000000000000195,4.712298425366725,1,
3614,200,0.026943855605395233,50.04999999999995,0.12164627155608879,2.0,0.0,49.0,22.84625,0.05409356725146197,6.65625,10.200000000000037,4.457750000000006,4.500000000000001,4.054271272298895,0,
3615,200,0.026916925217228112,41.649999999999956,0.12164646118707231,2.0,1.0,47.0,22.998357963875204,0.2723880597014925,1.1855500821018063,9.000000000000034,4.690311986863717,4.700000000000026,4.056288179465087,1,
3616,200,0.026890021745988462,40.84999999999997,0.12164610973162145,2.0,0.0,43.0,18.963414634146343,0.21875,2.067073170731707,6.699999999999995,2.742682926829264,2.4999999999999973,2.1220245622596354,1,
3617,200,0.026863145164772798,45.84999999999994,0.12164859573762504,2.0,0.0,48.0,22.8325,0.054878048780487854,7.96,11.80000000000003,4.449500000000012,4.100000000000001,5.517508371106854,0,
3618,200,0.02683629544670454,49.02499999999995,0.12165101994811725,2.0,0.0,49.0,22.24375,0.06736526946107779,6.0925,10.400000000000016,4.09625,3.4999999999999947,5.889995140617426,0,
3619,200,0.02680947256493395,50.49999999999997,0.12165384785763234,2.0,1.0,43.0,19.57125,0.026397515527950333,2.845,7.599999999999995,2.4927499999999974,2.1999999999999975,2.214150897110774,0,
3620,200,0.026782676492638175,39.37499999999994,0.1216554340523473,2.0,0.0,45.0,20.697802197802197,0.13848920863309355,4.4945054945054945,11.400000000000018,3.801648351648355,2.900000000000013,7.6427040112607845,1,
3621,200,0.026755907203021123,49.29999999999997,0.12165898493339394,2.0,0.0,43.0,20.23,0.02777777777777768,5.2675,7.400000000000014,2.8879999999999995,2.399999999999993,3.0443607568136897,0,
3622,200,0.0267291646693135,47.99999999999996,0.12166307731516054,2.0,0.0,43.0,21.92,0.02300613496932513,7.37625,7.100000000000034,3.9020000000000064,4.200000000000008,3.0017006901573535,0,
3623,200,0.026702448864772767,26.82499999999998,0.12166411136136027,4.0,1.0,52.0,15.920454545454545,0.3522727272727273,2.1136363636363638,12.000000000000036,3.566818181818187,1.8999999999999997,12.31350802431838,3,
3624,200,0.026675759762683132,51.64999999999995,0.12166533581255312,2.0,0.0,46.0,22.3,0.032352941176470695,6.055,9.000000000000025,4.130000000000007,4.200000000000008,3.6745057414152456,0,
3625,200,0.026649097336355485,16.79999999999998,0.12166583914817244,6.0,0.0,48.0,18.098859315589355,0.6574074074074074,0.7908745247148289,10.000000000000025,3.7406844106463923,3.299999999999997,9.539205123756693,3,
3626,200,0.026622461559127397,30.274999999999967,0.12166613355085851,2.0,1.0,46.0,19.337579617834393,0.42525773195876293,0.2526539278131635,8.600000000000012,3.577282377919323,2.7999999999999967,5.459954381536267,2,
3627,200,0.02659585240436307,36.64999999999995,0.12166719116385123,2.0,1.0,43.0,21.286833855799372,0.23399999999999999,5.139498432601881,7.200000000000019,4.00454545454546,4.0,3.307056428927687,1,
3628,200,0.02656926984545338,32.67499999999996,0.1216690877139367,4.0,0.0,51.0,17.42671009771987,0.22844827586206895,3.553745928338762,11.700000000000031,3.177035830618895,1.6499999999999957,10.78788888446804,3,
3629,200,0.026542713855815747,48.87499999999994,0.12167104213892885,2.0,0.0,51.0,23.9975,0.05701754385964919,8.41625,12.100000000000035,5.148500000000014,5.20000000000001,5.208105887665488,0,
3630,200,0.02651618440889418,36.42499999999998,0.1216710013714841,1.0,0.0,37.0,18.100313479623825,0.21875,3.816614420062696,4.399999999999999,2.0926332288401213,1.9999999999999987,0.8492738359337952,1,
3631,200,0.026489681478159225,51.32499999999997,0.12167576577277386,2.0,1.0,41.0,20.25125,0.004601226993865115,5.7,6.200000000000016,2.9007499999999973,2.699999999999996,2.054802648129141,0,
3632,200,0.026463205037107963,41.17499999999995,0.12167872769839133,2.0,0.0,46.0,22.495894909688012,0.2612781954887218,2.574712643678161,8.500000000000027,4.388834154351405,4.700000000000004,4.050198231233855,1,
3633,200,0.026436755059263944,40.49999999999996,0.12168374342165611,2.0,0.0,45.0,21.014492753623188,0.24248120300751874,3.861513687600644,8.100000000000026,3.6615136876006438,3.1999999999999975,5.008950471942769,1,
3634,200,0.026410331518177187,49.49999999999995,0.12168793404865295,2.0,0.0,47.0,21.70625,0.03614457831325302,7.90625,10.000000000000009,3.7737500000000006,3.499999999999993,3.812566894635786,0,
3635,200,0.02638393438742414,47.099999999999966,0.12169193806177694,2.0,0.0,41.0,21.8275,0.018987341772152,8.33375,7.200000000000004,3.8465000000000074,3.900000000000007,2.3082413566271454,0,
3636,200,0.02635756364060769,47.32499999999995,0.12169601815645405,2.0,0.0,44.0,22.21375,0.0260736196319018,8.2175,7.400000000000008,4.078250000000008,4.400000000000018,2.9687315761431066,0,
3637,200,0.026331219251357077,48.54999999999997,0.12169936798176155,2.0,0.0,42.0,20.4025,0.018750000000000044,9.13,6.9000000000000075,2.991499999999997,2.699999999999995,2.132381081845445,0,
3638,200,0.026304901193327908,49.999999999999964,0.12170244840687938,2.0,0.0,43.0,20.505,0.010479041916167775,7.175,6.999999999999997,3.0529999999999964,2.899999999999994,1.8161438377247456,0,
3639,200,0.026278609440202112,37.274999999999956,0.12170461892242176,2.0,0.0,47.0,21.252032520325205,0.278,3.7528455284552846,9.100000000000035,3.7269918699187015,3.6999999999999993,4.130859596429658,1,
3640,200,0.02625234396568796,36.77499999999996,0.12170776220324153,2.0,0.0,43.0,21.51888341543514,0.26652892561983466,6.642036124794745,6.900000000000023,3.802627257799678,3.899999999999994,2.8430221095772352,1,
3641,200,0.02622610474351996,50.17499999999997,0.12171083150797132,2.0,0.0,43.0,21.3375,0.021341463414634054,8.33125,7.600000000000007,3.5525000000000007,3.400000000000002,2.9190483110130048,0,
3642,200,0.02619989174745889,40.42499999999997,0.1217117112707887,2.0,0.0,40.0,18.021116138763198,0.18307086614173218,2.473604826546003,5.599999999999995,2.2137254901960746,2.1999999999999944,1.742485258253553,1,
3643,200,0.02617370495129174,38.499999999999964,0.12171373660093115,2.0,0.0,43.0,20.44878048780488,0.25806451612903225,2.1642276422764226,6.699999999999992,3.2450406504065006,3.199999999999992,1.723227928423368,1,
3644,200,0.026147544328831734,39.624999999999964,0.12171650587614773,2.0,0.0,41.0,19.806590257879655,0.14925373134328357,6.6275071633237825,6.400000000000024,3.3500000000000014,3.3999999999999932,2.4424477066028074,1,
3645,200,0.026121409853918233,39.27499999999994,0.1217203189839775,2.0,0.0,47.0,21.798648648648648,0.1400709219858156,6.012162162162162,11.700000000000014,4.396756756756761,3.5000000000000004,7.744841462457053,1,
3646,200,0.026095301500416765,51.27499999999995,0.12172306609053939,2.0,0.0,44.0,21.0225,0.02844311377245501,7.09875,7.700000000000009,3.363499999999998,3.2999999999999945,2.7041219751905925,0,
3647,200,0.02606921924221896,34.849999999999966,0.12172700246154086,2.0,0.0,42.0,17.985507246376812,0.2543859649122807,2.925925925925926,6.50000000000001,2.5639291465378418,2.0999999999999983,3.043827559381819,2,
3648,200,0.02604316305324258,40.849999999999966,0.12173126826326652,2.0,1.0,46.0,18.882102272727273,0.16428571428571437,7.1960227272727275,8.50000000000001,2.7883522727272703,2.149999999999996,3.162825257508358,1,
3649,200,0.026017132907431427,52.27499999999996,0.12173614478951494,2.0,0.0,47.0,20.7125,0.050000000000000044,6.6425,9.20000000000001,3.1774999999999984,2.699999999999995,4.200050312578621,0,
3650,200,0.025991128778755347,25.54999999999997,0.1217375750170567,3.0,0.0,50.0,22.30188679245283,0.5316091954022989,1.625,11.900000000000041,4.661556603773596,4.100000000000003,12.547106049228287,2,
3651,200,0.0259651506412102,35.87499999999997,0.1217403299580938,2.0,0.0,42.0,21.274220032840724,0.26652892561983466,4.412151067323481,6.699999999999998,3.6558292282430247,3.800000000000013,2.49574040120795,1,
3652,200,0.02593919846881787,48.424999999999955,0.12174545789553656,2.0,0.0,47.0,23.41125,0.03654970760233911,9.8025,9.300000000000034,4.796750000000009,5.100000000000012,4.753696865151389,0,
3653,200,0.02591327223562617,52.72499999999995,0.12175391144538192,3.0,0.0,47.0,22.62375,0.03248587570621475,10.71625,9.600000000000035,4.324250000000007,4.600000000000003,5.2953702115159915,0,
3654,200,0.025887371915708866,46.574999999999974,0.12176128968328197,2.0,0.0,44.0,20.08875,0.04166666666666674,8.47125,7.9000000000000234,2.8032499999999976,2.299999999999989,3.0727942387410137,0,
3655,200,0.025861497483165623,42.04999999999996,0.12176610161530171,2.0,0.0,45.0,20.095988538681947,0.16034482758620694,7.461318051575931,8.300000000000034,3.5236389684813787,3.5999999999999917,4.0582604171156875,1,
3656,200,0.025835648912122026,40.29999999999996,0.12177280038627317,2.0,0.0,43.0,19.37242268041237,0.07867132867132876,7.947164948453608,7.800000000000011,2.645618556701027,2.1999999999999895,3.28173883007433,1,
3657,200,0.0258098261767295,47.62499999999997,0.12177888820888474,2.0,0.0,46.0,21.3075,0.05624999999999991,7.675,8.700000000000024,3.5345,2.999999999999996,3.3653650083828444,0,
3658,200,0.0257840292511653,39.57499999999995,0.12178212754402337,3.0,0.0,47.0,20.416909620991255,0.19444444444444442,5.975218658892128,10.500000000000032,3.7147230320699705,2.899999999999996,7.653604160690239,1,
3659,200,0.025758258109632486,40.84999999999995,0.1217849645354587,2.0,1.0,50.0,21.375959079283888,0.1166666666666667,7.493606138107417,12.100000000000037,3.7850383631713544,2.8999999999999906,8.71711776989588,2,
3660,200,0.02573251272635994,33.69999999999997,0.12178598534929597,2.0,0.0,47.0,20.599647266313934,0.35,3.17636684303351,9.000000000000043,3.8467372134038866,3.8000000000000185,3.783912058926033,2,
3661,200,0.025706793075602266,46.62499999999994,0.12179142719864818,2.0,0.0,59.0,22.85625,0.11094674556213024,8.61625,16.900000000000006,4.463750000000002,3.5000000000000195,12.839805999696893,0,
3662,200,0.025681099131639813,54.04999999999994,0.12179594673268318,2.0,0.0,47.0,23.04125,0.01388888888888884,7.6125,10.20000000000001,4.5747500000000105,4.6,6.1441720377688425,0,
3663,200,0.025655430868778615,42.549999999999955,0.1218005774980549,2.0,0.0,48.0,21.630710659898476,0.09210526315789469,6.774111675126903,10.800000000000022,3.8715736040609188,2.8499999999999925,7.40603127823332,1,
3664,200,0.02562978826135044,45.449999999999974,0.12180319515449017,2.0,0.0,41.0,20.47375,0.03187919463087252,5.6625,6.399999999999998,3.0342499999999983,2.9999999999999973,1.579579405592823,0,
3665,200,0.025604171283712656,40.624999999999964,0.12180768317056978,2.0,1.0,45.0,21.889430894308944,0.2537878787878788,3.0764227642276425,8.200000000000019,4.109430894308947,4.099999999999997,3.9485393840687206,1,
3666,200,0.025578579910248294,32.97499999999997,0.12180978171481227,3.0,0.0,50.0,18.709386281588447,0.32964601769911506,2.312274368231047,11.400000000000038,3.644584837545132,2.5999999999999988,8.47632500855292,2,
3667,200,0.025553014115365962,43.949999999999974,0.12181362801304482,2.0,0.0,39.0,18.81948051948052,0.06560283687943258,4.885714285714286,5.499999999999999,2.3728571428571366,2.199999999999993,1.304369361392075,1,
3668,200,0.025527473873499885,47.24999999999996,0.12182004300154203,3.0,0.0,43.0,21.46,0.03930817610062887,6.86375,7.900000000000018,3.626000000000003,3.499999999999993,3.251829080982957,0,
3669,200,0.02550195915910981,41.524999999999956,0.12182300773617052,3.0,0.0,45.0,22.44122383252818,0.23888888888888893,3.5072463768115942,8.10000000000001,4.517552334943645,4.999999999999997,6.262236334405185,1,
3670,200,0.025476469946681016,16.17499999999999,0.1218221426841333,6.0,0.0,51.0,22.540772532188843,0.7403846153846154,0.0,12.400000000000032,5.60901287553649,5.500000000000007,15.143502431476655,3,
3671,200,0.025451006210724283,48.54999999999995,0.12182838247149821,2.0,0.0,46.0,22.82375,0.038235294117647145,9.1925,11.500000000000014,4.444250000000002,3.7000000000000015,6.790902548285268,0,
3672,200,0.025425567925775893,52.22499999999995,0.12183363356292767,2.0,0.0,46.0,22.075,0.03488372093023262,4.3675,8.700000000000033,3.9950000000000037,3.9999999999999987,3.50628047856328,0,
3673,200,0.025400155066397548,49.87499999999998,0.1218381749380567,2.0,0.0,42.0,20.05,0.02215189873417711,3.7875,6.599999999999993,2.7799999999999936,2.7999999999999927,1.1533018020340624,0,
3674,200,0.025374767607176385,45.724999999999945,0.12184336338761623,2.0,0.0,50.0,22.19920844327177,0.1312500000000001,6.100263852242744,12.00000000000002,4.507255936675468,3.7999999999999963,8.894408741948283,1,
3675,200,0.02534940552272493,34.42499999999996,0.12184481445849263,3.0,0.0,48.0,19.076677316293928,0.25416666666666665,3.977635782747604,11.800000000000027,3.5924920127795548,2.199999999999999,10.747526966507255,2,
3676,200,0.025324068787681127,47.39999999999996,0.12185132091684464,2.0,0.0,49.0,22.26875,0.06402439024390238,9.10625,10.600000000000025,4.111250000000003,3.6999999999999957,5.31193173739337,0,
3677,200,0.02529875737670822,35.27499999999997,0.12185499458768945,2.0,0.0,42.0,20.804878048780488,0.27586206896551724,2.6016260162601625,6.300000000000029,3.458699186991874,3.7999999999999985,2.1783325225263446,1,
3678,200,0.025273471264494796,27.42499999999997,0.12185859786680042,2.0,0.0,44.0,20.967441860465115,0.4803370786516854,0.05581395348837209,7.700000000000025,3.976279069767445,3.6999999999999957,4.52704319655598,2,
3679,200,0.025248210425754734,39.32499999999995,0.12186215402056785,2.0,0.0,48.0,22.757723577235772,0.2727272727272727,4.092682926829268,10.300000000000031,4.630406504065048,4.699999999999997,6.781841342696441,1,
3680,200,0.025222974835227212,48.34999999999995,0.12186830767672548,2.0,0.0,47.0,22.50375,0.03529411764705892,9.31625,9.100000000000033,4.25225,3.9999999999999947,4.206476510119572,0,
3681,200,0.025197764467676628,48.749999999999964,0.12187353818866245,2.0,0.0,44.0,20.96875,0.03301886792452824,7.17625,7.300000000000002,3.33125,3.399999999999997,1.6886760760563715,0,
3682,200,0.025172579297892607,50.79999999999996,0.12187767404430778,2.0,0.0,44.0,21.29125,0.01969696969696977,6.025,7.400000000000019,3.524750000000001,3.5999999999999943,2.655691587018115,0,
3683,200,0.025147419300689974,48.64999999999996,0.12188309713790252,2.0,0.0,43.0,22.3175,0.027439024390243816,8.515,7.60000000000003,4.140500000000006,4.100000000000007,2.5489137326777294,0,
3684,200,0.02512228445090875,28.349999999999977,0.12188630911314077,4.0,0.0,50.0,17.565217391304348,0.3582474226804123,1.6521739130434783,11.300000000000043,3.6737154150197697,2.2999999999999994,9.327744761458487,3,
3685,200,0.025097174723414068,49.12499999999997,0.12189367806211532,2.0,0.0,42.0,20.32875,0.02499999999999991,6.89625,7.000000000000005,2.9472499999999955,2.899999999999996,2.0021705658915137,0,
3686,200,0.025072090093096203,27.649999999999974,0.12190104497623987,2.0,0.0,48.0,21.435406698564595,0.5166666666666667,1.4138755980861244,10.40000000000002,4.022966507177035,3.5499999999999945,7.271188795979955,2,
3687,200,0.025047030534870507,50.999999999999964,0.12190982930425459,2.0,1.0,45.0,21.6375,0.02011494252873569,6.475,8.30000000000001,3.732500000000003,3.5999999999999934,3.931399892812353,0,
3688,200,0.025021996023677443,41.24999999999994,0.12191372111519708,2.0,0.0,47.0,23.162640901771336,0.2574074074074074,4.695652173913044,10.100000000000025,4.950402576489539,5.200000000000006,6.640166009750073,1,
3689,200,0.024996986534482492,40.39999999999996,0.12192148846199485,2.0,0.0,41.0,18.249244712990937,0.1879844961240309,2.459214501510574,6.400000000000008,2.3457703927492424,1.9999999999999971,2.478620696736745,1,
3690,200,0.024972002042276155,19.224999999999984,0.12192090751204998,5.0,0.0,53.0,19.58703071672355,0.625,1.0136518771331058,12.70000000000004,5.058361774744038,4.7,16.616207250023397,3,
3691,200,0.024947042522073932,47.224999999999966,0.12192655234863664,2.0,0.0,48.0,21.97875,0.05059523809523814,9.42625,9.700000000000037,3.9372500000000006,3.199999999999986,4.693519771124676,0,
3692,200,0.02492210794891632,30.149999999999963,0.1219346017757611,2.0,0.0,45.0,18.087044534412957,0.384020618556701,1.2489878542510122,8.300000000000018,3.056072874493926,2.899999999999996,3.3822745507816596,2,
3693,200,0.024897198297868735,39.42499999999997,0.12194100517862208,2.0,0.0,44.0,21.0,0.25,3.3528455284552847,7.60000000000001,3.575772357723577,3.3999999999999932,3.753618067600171,1,
3694,200,0.024872313544021522,51.59999999999996,0.12194854062513283,2.0,0.0,46.0,20.745,0.0235294117647058,7.12375,8.400000000000015,3.1969999999999996,2.9999999999999964,3.0828958170247236,0,
3695,200,0.024847453662489916,32.42499999999997,0.12195085907570996,2.0,0.0,52.0,21.100840336134453,0.430952380952381,1.9978991596638656,12.400000000000045,4.696218487394966,4.100000000000005,10.763772702195823,2,
3696,200,0.02482261862841405,29.399999999999963,0.12195063221177105,2.0,0.0,48.0,20.91850220264317,0.46134020618556704,0.6255506607929515,9.700000000000035,4.2986784140969245,5.0000000000000115,7.774573417752274,2,
3697,200,0.024797808416958885,41.89999999999996,0.1219566012323488,2.0,0.0,44.0,20.711026615969583,0.08445945945945943,7.2078580481622305,7.300000000000043,3.3122940430925296,3.5999999999999983,3.1184723703656427,2,
3698,200,0.0247730230033142,50.474999999999966,0.12196198967515942,2.0,0.0,44.0,20.9125,0.022727272727272707,6.2325,8.299999999999997,3.2974999999999954,2.9999999999999947,2.724048006325014,0,
3699,200,0.024748262362694576,51.77499999999996,0.12196827363177888,2.0,1.0,48.0,21.29125,0.038235294117647145,5.9575,9.599999999999998,3.52475,3.399999999999997,2.643391567799329,0,
3700,200,0.024723526470339388,39.22499999999997,0.12197167091488435,2.0,0.0,41.0,19.117824773413897,0.19140625,2.5075528700906347,5.699999999999997,2.866918429003019,2.7999999999999963,1.9120670723776592,1,
3701,200,0.024698815301512727,55.09999999999995,0.12197708636109246,2.0,0.0,47.0,23.9025,0.019444444444444375,7.655,9.200000000000038,5.091500000000009,5.200000000000006,5.248785951228092,0,
3702,200,0.02467412883150343,45.74999999999998,0.12198118515692341,2.0,0.0,41.0,21.05875,0.030000000000000027,4.63875,6.600000000000006,3.385250000000005,3.4000000000000004,2.004285569196208,0,
3703,200,0.024649467035625004,50.49999999999997,0.12198801654231647,2.0,1.0,46.0,21.52375,0.03402366863905315,5.14375,9.300000000000038,3.6642500000000044,3.7000000000000037,4.5559290561391785,0,
3704,200,0.024624829889215685,51.849999999999966,0.12199520865670235,2.0,0.0,44.0,21.385,0.019230769230769162,6.30375,7.400000000000025,3.580999999999999,3.599999999999995,2.7392932801457617,0,
3705,200,0.024600217367638302,43.77499999999995,0.12200062086050996,2.0,0.0,48.0,21.455405405405404,0.13410596026490063,6.206756756756757,10.200000000000028,4.190810810810812,3.3999999999999977,5.444601177138788,1,
3706,200,0.024575629446280337,28.574999999999967,0.12200142178239406,3.0,0.0,49.0,21.5,0.5082417582417582,0.06046511627906977,10.300000000000034,4.287441860465122,3.999999999999995,8.021281023694062,2,
3707,200,0.02455106610055386,49.44999999999996,0.12200694049491999,2.0,1.0,44.0,22.27625,0.028787878787878807,6.52625,8.100000000000017,4.115750000000007,4.299999999999999,3.2325069882921866,0,
3708,200,0.024526527305895537,38.599999999999966,0.12200853108362433,2.0,0.0,46.0,21.66991869918699,0.28174603174603174,2.252032520325203,9.400000000000015,3.9777235772357784,3.9000000000000044,3.726456702906228,1,
3709,200,0.024502013037766564,44.52499999999997,0.12201443333842824,2.0,1.0,43.0,19.88875,0.05612244897959173,5.42,7.100000000000018,2.6832500000000006,2.399999999999994,1.9761725252695848,0,
3710,200,0.02447752327165267,50.199999999999946,0.12201878368546432,2.0,0.0,43.0,22.15625,0.02108433734939763,4.615,7.10000000000003,4.043750000000008,4.399999999999997,2.5317898934217333,0,
3711,200,0.02445305798306408,28.34999999999997,0.12201969811261085,2.0,0.0,45.0,21.53301886792453,0.4971910112359551,0.4716981132075472,8.200000000000017,4.200235849056609,4.1,4.90915460992911,2,
3712,200,0.024428617147535518,39.224999999999966,0.12202210616999135,2.0,0.0,48.0,22.003189792663477,0.26515151515151514,3.810207336523126,9.600000000000037,4.324561403508779,4.300000000000008,4.4628530656682095,1,
3713,200,0.02440420074062614,49.69999999999997,0.12202594381355336,2.0,0.0,42.0,20.68125,0.021604938271605034,4.12125,7.800000000000012,3.158749999999999,3.0999999999999917,2.3502521097689293,0,
3714,200,0.024379808737919537,38.52499999999997,0.1220298955707673,2.0,0.0,46.0,19.92476489028213,0.25,2.8181818181818183,9.100000000000016,3.1873040752351107,2.7999999999999874,5.159459639399298,1,
3715,200,0.024355441115023704,53.24999999999994,0.12203401996517166,2.0,0.0,45.0,23.12125,0.01857142857142846,6.98875,8.200000000000014,4.622750000000012,4.999999999999999,3.485687883887348,0,
3716,200,0.024331097847571002,30.099999999999973,0.12203439409052003,2.0,0.0,50.0,20.105809128630707,0.4232673267326733,2.9439834024896268,11.000000000000046,4.149170124481335,4.25,8.059463462507013,2,
3717,200,0.02430677891121819,31.774999999999977,0.12203588647419894,2.0,0.0,42.0,17.753731343283583,0.33999999999999997,0.8246268656716418,7.000000000000023,2.835074626865673,2.649999999999995,3.4059458048347757,2,
3718,200,0.02428248428164631,50.899999999999956,0.12204134009319013,3.0,1.0,47.0,22.5275,0.030346820809248554,7.08,9.40000000000003,4.2665,3.899999999999996,3.9979339967718985,0,
3719,200,0.02425821393456074,51.999999999999964,0.12204303565728974,2.0,0.0,46.0,21.3375,0.02941176470588225,6.61625,8.400000000000015,3.5525,3.299999999999998,2.8894982648410497,0,
3720,200,0.024233967845691113,48.67499999999996,0.12204494408484837,2.0,0.0,46.0,22.2375,0.05303030303030298,5.0875,8.900000000000022,4.092500000000008,4.1999999999999975,3.55294930148331,0,
3721,200,0.024209745990791363,39.74999999999995,0.12204694743137792,3.0,0.0,44.0,22.051529790660226,0.24242424242424243,2.8776167471819645,8.600000000000007,4.283735909822872,4.4999999999999964,4.573064567990902,1,
3722,200,0.02418554834563962,46.22499999999995,0.12204699381842671,2.0,0.0,46.0,21.447721179624665,0.11513157894736836,4.315013404825737,8.800000000000026,4.147050938337808,3.7999999999999985,5.05426982201741,1,
3723,200,0.02416137488603824,49.19999999999997,0.12204972036793187,3.0,0.0,46.0,22.2625,0.04268292682926833,6.4625,8.700000000000028,4.107500000000002,3.9999999999999987,3.1987987481230644,0,
3724,200,0.024137225587813747,31.099999999999973,0.12205327079386497,2.0,1.0,46.0,20.0,0.43000000000000005,1.4838709677419355,8.50000000000002,3.8873118279569896,3.3999999999999972,6.415202012727565,2,
3725,200,0.024113100426816865,20.749999999999986,0.12205250492746997,3.0,1.0,49.0,17.08383233532934,0.585820895522388,0.8053892215568862,10.30000000000002,3.475449101796409,2.299999999999998,10.249549011698292,3,
3726,200,0.024088999378922418,44.44999999999995,0.12205430591504429,3.0,0.0,51.0,24.46829268292683,0.2533783783783784,3.419512195121951,12.100000000000025,5.656747967479685,5.200000000000013,9.394251660391786,1,
3727,200,0.024064922420029358,48.87499999999997,0.1220580291745581,2.0,0.0,43.0,21.77625,0.024390243902439046,6.1525,8.500000000000016,3.815750000000002,3.599999999999995,3.9705081414189864,0,
3728,200,0.024040869526060712,29.32499999999996,0.12206223112110351,2.0,0.0,45.0,20.76304347826087,0.43617021276595747,0.7652173913043478,8.20000000000002,4.3150000000000075,4.950000000000003,6.348131087576074,2,
3729,200,0.024016840672963606,39.02499999999995,0.12206358463251946,2.0,0.0,43.0,21.908227848101266,0.23062015503875966,3.3702531645569622,8.800000000000011,4.32025316455697,4.8000000000000025,4.919032504387612,1,
3730,200,0.023992835836709175,41.424999999999955,0.12206414527532136,2.0,0.0,46.0,22.09250398724083,0.24264705882352944,2.3301435406698565,8.500000000000027,4.378149920255191,5.000000000000005,6.095630583423249,1,
3731,200,0.02396885499329258,53.22499999999996,0.12206744232975578,2.0,0.0,47.0,22.28875,0.030346820809248554,5.08125,9.200000000000008,4.123250000000003,3.999999999999996,3.442064815726299,0,
3732,200,0.023944898118732967,50.02499999999997,0.12207215228859356,2.0,0.0,44.0,20.5175,0.04874213836477992,4.69,7.4999999999999964,3.060499999999998,2.999999999999994,1.4012919395186623,0,
3733,200,0.023920965189073478,41.87499999999996,0.12207365649824309,2.0,0.0,50.0,22.584518167456554,0.2571428571428571,4.22432859399684,11.100000000000033,4.736176935229072,3.8999999999999995,9.665334624446006,1,
3734,200,0.023897056180381168,35.824999999999974,0.12207540532453837,1.0,0.0,43.0,18.15806451612903,0.22478991596638664,3.225806451612903,6.900000000000008,3.218387096774198,2.6999999999999957,3.392025577589989,2,
3735,200,0.023873171068747034,29.87499999999998,0.12207642753916434,1.0,0.0,44.0,17.947474747474747,0.4148936170212766,0.6282828282828283,7.200000000000019,2.68262626262626,2.29999999999999,2.60948658090637,2,
3736,200,0.023849309830285947,50.54999999999996,0.12207952555578186,2.0,0.0,49.0,20.6225,0.06288343558282206,5.27125,10.300000000000011,3.123499999999995,2.699999999999996,3.141252658207284,0,
3737,200,0.023825472441136687,50.67499999999997,0.12208358393888881,2.0,0.0,43.0,20.91625,0.015060240963855387,5.475,6.600000000000021,3.299749999999999,3.4999999999999973,2.130353266176988,0,
3738,200,0.023801658877461853,50.37499999999996,0.12208607109662509,2.0,0.0,43.0,20.495,0.021341463414634054,5.76125,6.900000000000001,3.0469999999999997,2.9999999999999987,1.7048436638182254,0,
3739,200,0.02377786911544788,39.549999999999955,0.12208731550817971,2.0,0.0,46.0,22.977235772357723,0.2732558139534884,2.4422764227642277,9.100000000000025,4.76211382113822,4.400000000000002,5.874141143872449,1,
3740,200,0.023754103131304997,40.19999999999996,0.1220885662602269,2.0,0.0,46.0,22.789819376026273,0.26908396946564883,2.8275862068965516,9.00000000000003,4.5651888341543625,4.8999999999999995,3.9113110440034853,1,
3741,200,0.02373036090126723,23.87499999999998,0.12208798009418173,2.0,0.0,53.0,17.850129198966407,0.525,0.7235142118863049,12.600000000000037,4.017312661498714,1.5999999999999996,15.253884808503905,3,
3742,200,0.023706642401592346,50.47499999999996,0.12208985951553697,2.0,1.0,47.0,22.4625,0.039017341040462394,5.23,9.300000000000013,4.2275000000000045,3.7999999999999936,4.726251134767429,0,
3743,200,0.023682947608561836,42.84999999999996,0.12209237928513574,2.0,0.0,46.0,22.20032840722496,0.2574074074074074,0.8111658456486043,8.600000000000014,4.211494252873567,4.299999999999999,6.016567191544471,1,
3744,200,0.0236592764984809,52.84999999999996,0.12209416630717179,2.0,0.0,51.0,22.475,0.06638418079096042,4.79875,12.100000000000035,4.235000000000001,3.5999999999999943,5.853034145365897,0,
3745,200,0.023635629047678443,35.224999999999966,0.12209643891144852,2.0,0.0,50.0,20.844444444444445,0.3382352941176471,3.1982905982905985,11.000000000000036,3.929914529914533,3.199999999999994,6.437500000000045,2,
3746,200,0.023612005232507005,39.67499999999997,0.12210148766811149,2.0,0.0,44.0,20.293478260869566,0.226923076923077,3.849378881987578,8.800000000000006,3.4590062111801263,3.399999999999996,3.7566204926037265,1,
3747,200,0.023588405029342768,50.24999999999996,0.12210572574778913,2.0,0.0,48.0,23.24625,0.055882352941176494,7.14,9.60000000000004,4.697750000000012,4.599999999999996,4.553202051878245,0,
3748,200,0.02356482841458551,49.77499999999996,0.12211232034934141,2.0,1.0,47.0,22.31625,0.03402366863905315,8.03375,9.100000000000037,4.139750000000008,4.400000000000005,3.169374889648296,0,
3749,200,0.023541275364658647,53.77499999999995,0.12211547259284453,2.0,1.0,51.0,23.59375,0.047222222222222276,6.07125,12.000000000000037,4.906250000000008,4.65,6.139670530735251,0,
3750,200,0.023517745856009107,46.849999999999966,0.12211998903067182,2.0,0.0,40.0,21.36875,0.009615384615384581,6.99875,6.600000000000023,3.571250000000006,3.8000000000000034,1.8617763465255528,0,
3751,200,0.023494239865107385,49.04999999999996,0.12212405557656889,2.0,0.0,47.0,21.635,0.03915662650602414,7.29625,9.100000000000042,3.7310000000000008,3.7999999999999945,2.7232432550676116,0,
3752,200,0.023470757368447476,47.59999999999997,0.12212777140982897,2.0,0.0,41.0,20.99125,0.02741935483870961,4.50125,8.2,3.3447499999999986,2.9999999999999996,2.576851463830423,0,
3753,200,0.0234472983425469,52.99999999999995,0.12212930199744126,2.0,1.0,46.0,22.08,0.01878612716762995,6.08,8.500000000000036,3.9980000000000016,3.8000000000000025,3.9626021915659506,0,
3754,200,0.023423862763946618,46.999999999999964,0.1221334322010994,2.0,0.0,41.0,20.175,0.02922077922077926,5.58125,7.500000000000005,2.854999999999998,2.499999999999996,2.6428791294986542,0,
3755,200,0.023400450609211056,21.57499999999999,0.12213492348757385,5.0,0.0,44.0,15.013736263736265,0.5559701492537313,0.019230769230769232,7.599999999999997,1.902472527472524,1.3999999999999995,3.016143024265059,3,
3756,200,0.023377061854928043,48.999999999999964,0.12214102499329282,2.0,0.0,43.0,20.96375,0.016666666666666607,7.2625,6.900000000000025,3.3282500000000024,3.1999999999999886,2.6992561550877534,0,
3757,200,0.02335369647770884,41.87499999999995,0.12214828447830511,2.0,0.0,46.0,21.363929146537842,0.2427007299270072,4.072463768115942,9.000000000000023,3.871175523349439,3.6999999999999944,6.279877865366691,1,
3758,200,0.023330354454188063,40.39999999999995,0.12214992488360447,2.0,0.0,46.0,21.71518987341772,0.23880597014925375,3.9272151898734178,9.300000000000031,4.204430379746841,4.299999999999998,5.394107800502267,1,
3759,200,0.023307035761023685,50.42499999999996,0.12215411828401848,2.0,0.0,46.0,22.63875,0.04166666666666674,7.2125,8.800000000000026,4.333250000000008,4.5,2.9302490160141113,0,
3760,200,0.023283740374897,27.349999999999987,0.12215639745714423,4.0,0.0,52.0,16.550884955752213,0.33333333333333337,2.1106194690265485,13.100000000000039,3.911504424778768,1.4999999999999991,15.23157936985762,3,
3761,200,0.023260468272512637,17.624999999999982,0.12215569093734113,5.0,0.0,50.0,18.53053435114504,0.6428571428571429,0.7175572519083969,10.900000000000025,3.990839694656492,3.099999999999999,10.836028145623052,3,
3762,200,0.023237219430598487,49.99999999999996,0.1221610956109869,2.0,1.0,45.0,21.9525,0.03915662650602414,7.19125,8.100000000000009,3.921500000000003,3.999999999999999,2.4198415310024086,0,
3763,200,0.023213993825905707,48.39999999999995,0.12216623340286514,2.0,0.0,51.0,22.2675,0.06360946745562135,7.85625,11.500000000000036,4.110500000000002,3.399999999999995,8.279402686566737,0,
3764,200,0.023190791435208673,20.624999999999982,0.12216685433942719,7.0,0.0,51.0,16.563467492260063,0.5410447761194029,1.4489164086687307,11.500000000000023,3.6569659442724483,2.7999999999999963,10.226450425580897,3,
3765,200,0.02316761223530502,16.84999999999998,0.12216573841322033,5.0,0.0,48.0,18.460714285714285,0.5921052631578947,1.0107142857142857,10.500000000000028,4.303214285714293,3.5499999999999967,11.03445184249806,3,
3766,200,0.023144456203015532,39.124999999999964,0.12216943557085938,2.0,0.0,48.0,21.944715447154472,0.3003875968992248,3.8113821138211383,10.600000000000017,4.142601626016262,3.5000000000000004,6.29686841659972,1,
3767,200,0.023121323315184173,31.29999999999997,0.12217121048173338,2.0,1.0,50.0,21.106753812636164,0.446078431372549,2.026143790849673,11.000000000000023,4.507407407407412,4.199999999999997,9.526482722612538,2,
3768,200,0.02309821354867805,35.024999999999956,0.12217360704702784,2.0,1.0,43.0,20.502415458937197,0.2668067226890757,4.210950080515298,8.200000000000026,3.3542673107890493,2.8999999999999986,4.405681620163917,1,
3769,200,0.023075126880387407,46.67499999999997,0.12217582038410629,2.0,1.0,41.0,20.625,0.03205128205128216,5.675,7.5000000000000036,3.125,2.6999999999999984,2.3914787366855386,0,
3770,200,0.02305206328722557,41.199999999999974,0.12217974397038885,2.0,0.0,39.0,19.604859335038363,0.05714285714285716,6.474424552429667,6.800000000000019,2.72237851662404,2.599999999999995,2.0428145629845655,1,
3771,200,0.02302902274612894,37.999999999999964,0.12218343850473588,2.0,0.0,42.0,21.236453201970445,0.25813008130081305,2.967159277504105,6.700000000000004,3.6331691297208555,3.7999999999999945,2.75588589301123,1,
3772,200,0.023006005234056964,49.549999999999955,0.12218727644090482,2.0,1.0,48.0,22.22875,0.04585798816568043,7.56375,10.500000000000014,4.0872500000000045,3.9999999999999964,3.5237429433483767,0,
3773,200,0.02298301072799215,47.84999999999997,0.122190583948634,3.0,0.0,41.0,20.48875,0.015822784810126667,7.3375,6.400000000000004,3.0432499999999982,3.200000000000001,1.9681325127070541,0,
3774,200,0.022960039204939983,50.19999999999996,0.12219762025560024,2.0,0.0,40.0,20.60375,0.004716981132075526,5.29125,6.000000000000018,3.1122500000000013,3.3000000000000043,2.2671534799273214,0,
3775,200,0.02293709064192893,45.27499999999997,0.12220319791441248,3.0,0.0,45.0,20.54125,0.050000000000000044,6.84125,7.9000000000000234,3.0747499999999968,2.9499999999999935,1.8852153831490464,0,
3776,200,0.022914165016010422,45.82499999999997,0.1222072506860106,2.0,0.0,44.0,21.4725,0.050000000000000044,7.34875,8.20000000000004,3.633500000000005,3.5000000000000124,2.7640320688001396,0,
3777,200,0.02289126230425885,41.47499999999998,0.12221019888714216,2.0,0.0,43.0,18.44942196531792,0.1654411764705883,5.13728323699422,6.799999999999998,2.5375722543352563,2.399999999999996,2.012898887573269,1,
3778,200,0.022868382483771488,36.69999999999996,0.12221531019080853,2.0,0.0,50.0,20.508064516129032,0.2947154471544715,2.4548387096774196,11.30000000000004,3.3451612903225825,2.499999999999993,6.149105486746899,1,
3779,200,0.022845525531668517,29.64999999999997,0.12221595414541124,2.0,0.0,54.0,20.94273127753304,0.485,3.1674008810572687,13.500000000000027,4.313215859030842,4.099999999999998,11.397942313756936,2,
3780,200,0.02282269142509297,38.424999999999955,0.12222353638229572,2.0,1.0,52.0,22.401626016260163,0.2958015267175572,3.305691056910569,12.000000000000039,4.4167479674796795,3.800000000000024,7.22938089597704,1,
3781,200,0.02279988014121076,47.22499999999996,0.12222902350117282,2.0,0.0,45.0,21.72,0.03220858895705514,9.03625,8.300000000000033,3.7820000000000045,3.6999999999999984,3.967882199815971,0,
3782,200,0.022777091657210594,48.59999999999998,0.12223376102108124,2.0,0.0,43.0,20.28625,0.02499999999999991,7.99375,7.1000000000000005,2.9217500000000003,2.699999999999995,3.021381658408849,0,
3783,200,0.02275432595030398,44.92499999999996,0.12224129727414704,2.0,0.0,48.0,21.24875,0.0693548387096774,9.705,9.900000000000015,3.4992500000000013,3.1500000000000092,3.916455556961821,0,
3784,200,0.022731582997725205,52.349999999999945,0.12224692180766741,2.0,0.0,48.0,22.42,0.051169590643274754,6.88,10.100000000000023,4.202000000000003,3.9999999999999964,5.4608045325071055,0,
3785,200,0.022708862776731332,51.19999999999996,0.1222511940831506,2.0,0.0,43.0,21.59625,0.019461077844311392,6.8425,7.400000000000025,3.7077500000000017,3.5999999999999965,3.005994634366633,0,
3786,200,0.022686165264602126,29.64999999999997,0.12225573572337223,2.0,1.0,45.0,19.78494623655914,0.4375,3.131182795698925,8.600000000000016,3.726021505376347,3.599999999999993,6.215287109664079,2,
3787,200,0.022663490438640077,40.67499999999996,0.12226044592938293,2.0,0.0,46.0,22.07224958949097,0.2732558139534884,3.2988505747126435,8.600000000000033,4.13464696223318,4.700000000000006,3.2338986194995982,1,
3788,200,0.022640838276170343,48.874999999999964,0.12226543699264338,2.0,0.0,47.0,21.8825,0.032738095238095344,7.9875,10.200000000000022,3.879500000000003,3.9999999999999942,3.8042356941182978,0,
3789,200,0.022618208754540785,38.77499999999996,0.12226606553669248,2.0,0.0,46.0,20.99367088607595,0.25,5.4335443037974684,8.60000000000003,3.7715189873417727,3.4999999999999956,4.794137543406387,1,
3790,200,0.022595601851121864,39.27499999999997,0.12227087820965,2.0,1.0,40.0,20.355384615384615,0.19488188976377963,5.94,6.500000000000006,3.540153846153851,3.9000000000000234,2.493670493894674,1,
3791,200,0.022573017543306678,48.474999999999966,0.12227866369928952,2.0,1.0,46.0,20.76375,0.043209876543209846,8.505,8.900000000000015,3.2082499999999965,2.899999999999993,3.5635875056054838,0,
3792,200,0.022550455808510905,30.32499999999997,0.12228311664258747,2.0,1.0,46.0,21.655480984340045,0.46134020618556704,1.487695749440716,9.400000000000007,4.624384787472042,4.800000000000005,8.428239509929586,2,
3793,200,0.02252791662417283,51.349999999999945,0.12228869959955596,2.0,0.0,49.0,23.98625,0.030898876404494402,8.0675,11.800000000000031,5.141750000000009,5.199999999999999,7.338268403544429,0,
3794,200,0.02250539996775326,52.849999999999945,0.12229456503675246,2.0,0.0,46.0,23.6025,0.034482758620689724,7.99625,9.000000000000016,4.911500000000011,5.299999999999999,3.7034235365993085,0,
3795,200,0.02248290581673553,40.174999999999955,0.12229665887577353,2.0,1.0,46.0,22.305958132045088,0.24629629629629624,5.107890499194847,8.40000000000004,4.436392914653791,4.80000000000001,4.621972565086651,1,
3796,200,0.02246043414862548,30.199999999999964,0.12229712555234003,2.0,1.0,45.0,19.154150197628457,0.365,3.4071146245059287,8.600000000000032,3.7804347826086993,2.9999999999999973,6.591599468822664,2,
3797,200,0.02243798494095146,43.024999999999956,0.12229793943811819,2.0,0.0,45.0,20.69311377245509,0.18928571428571428,5.485029940119761,8.000000000000023,3.8377245508982103,4.049999999999998,4.445922151032135,1,
3798,200,0.022415558171264255,41.12499999999998,0.12230294274470735,2.0,0.0,44.0,18.351470588235294,0.18511450381679384,2.760294117647059,7.500000000000004,2.46676470588235,2.2999999999999945,2.1981942867523534,1,
3799,200,0.022393153817137086,49.39999999999996,0.1223078310647091,2.0,0.0,44.0,21.8675,0.022455089820359264,6.52,9.100000000000014,3.8705000000000007,3.1999999999999926,5.253687958887471,0,
3800,200,0.02237077185616559,53.84999999999996,0.12231211876032291,2.0,0.0,52.0,23.045,0.057909604519774005,5.20875,12.300000000000018,4.57700000000001,4.550000000000014,4.5367280886376635,0,
3801,200,0.022348412265967826,47.94999999999993,0.12231387431422172,2.0,0.0,46.0,22.91375,0.04289940828402372,6.46375,9.600000000000025,4.498250000000004,3.699999999999995,5.257555152429974,0,
3802,200,0.022326075024184187,38.349999999999945,0.12231666257491389,2.0,1.0,48.0,20.9597423510467,0.2692307692307693,2.368760064412238,9.60000000000004,3.6286634460547518,2.9999999999999916,5.801866559485578,1,
3803,200,0.022303760108477434,39.749999999999964,0.1223225544297661,2.0,1.0,53.0,21.960443037974684,0.27941176470588236,4.629746835443038,13.600000000000023,4.351582278481021,4.200000000000025,7.1637496088107415,1,
3804,200,0.02228146749653264,42.84999999999997,0.12232805093982499,2.0,0.0,49.0,22.987220447284344,0.2464788732394365,5.0111821086261985,10.30000000000003,4.903674121405756,5.149999999999998,7.296123330143585,1,
3805,200,0.02225919716605721,41.77499999999997,0.12233277787422371,2.0,0.0,42.0,19.415472779369626,0.15298507462686572,4.793696275071634,7.200000000000001,3.115329512893983,3.000000000000008,2.4373201519695127,1,
3806,200,0.0222369490947808,44.97499999999999,0.12233670234817219,2.0,0.0,37.0,19.64,0.01760563380281699,5.28375,5.2,2.533999999999995,2.4999999999999947,1.145645790071548,0,
3807,200,0.022214723260455337,23.574999999999978,0.12233991027036392,4.0,1.0,50.0,18.827338129496404,0.46341463414634143,1.2446043165467626,12.70000000000003,4.544844124700244,3.199999999999999,15.452106643356721,3,
3808,200,0.022192519640854974,52.52499999999994,0.12234770268013132,2.0,0.0,53.0,22.9575,0.07000000000000006,3.66875,13.500000000000018,4.5245000000000095,4.299999999999999,8.44536294587964,0,
3809,200,0.022170338213776113,27.274999999999988,0.12234957041099065,2.0,1.0,41.0,17.032258064516128,0.43023255813953487,1.7849462365591398,5.399999999999999,2.1118279569892433,1.7999999999999972,1.341393184845342,2,
3810,200,0.022148178957037315,39.64999999999995,0.12235452413372772,2.0,0.0,52.0,23.8440065681445,0.29104477611940294,4.208538587848933,12.500000000000027,5.197701149425298,5.300000000000001,9.010265314926698,1,
3811,200,0.022126041848479317,47.97499999999995,0.12235795384580198,2.0,1.0,44.0,22.105,0.04447852760736204,6.77125,8.30000000000001,4.0130000000000035,4.000000000000008,3.6337866777917065,0,
3812,200,0.022103926865965004,48.52499999999994,0.12236407225366422,2.0,0.0,47.0,23.15875,0.03947368421052633,8.88125,9.800000000000022,4.645250000000011,4.700000000000024,5.342960785876255,0,
3813,200,0.022081833987379406,40.724999999999966,0.12236737393639012,2.0,0.0,45.0,20.329376854599406,0.19074074074074066,5.464391691394659,8.500000000000021,3.639317507418403,3.9999999999999956,3.7261329591106924,1,
3814,200,0.022059763190629637,47.524999999999956,0.12237185027743082,2.0,0.0,44.0,21.67375,0.043209876543209846,5.0925,8.600000000000037,3.7542499999999994,3.1999999999999953,3.7774128397075986,0,
3815,200,0.022037714453644896,43.39999999999997,0.12237675946537793,2.0,0.0,40.0,20.51875,0.03187919463087252,6.6375,9.000000000000005,3.061249999999998,2.3999999999999986,4.299355155242462,0,
3816,200,0.02201568775437644,39.324999999999946,0.1223799757757291,2.0,0.0,54.0,21.0945558739255,0.215034965034965,4.830945558739255,13.500000000000037,4.277507163323786,3.399999999999996,9.895803781996488,2,
3817,200,0.021993683070797576,38.39999999999997,0.12238503187902969,2.0,0.0,45.0,21.97444089456869,0.25,3.036741214057508,8.700000000000019,4.296006389776363,4.3500000000000085,6.556374583732098,1,
3818,200,0.021971700380903618,39.54999999999995,0.12238676130014663,2.0,0.0,45.0,22.40394088669951,0.265625,1.9458128078817734,8.80000000000003,4.3336617405583,4.499999999999997,5.012427200172602,1,
3819,200,0.021949739662711874,39.049999999999955,0.12238871022257533,2.0,0.0,43.0,20.649546827794563,0.19736842105263164,5.114803625377643,8.70000000000003,3.7859516616314255,3.399999999999996,5.775994071782142,1,
3820,200,0.02192780089426161,37.849999999999966,0.12239339381027652,2.0,0.0,47.0,19.17891373801917,0.2579365079365079,2.6629392971246006,9.10000000000005,3.5043130990415405,2.649999999999995,6.379694162679484,2,
3821,200,0.02190588405361408,29.77499999999997,0.12239501443431385,2.0,0.0,46.0,19.739754098360656,0.4,2.456967213114754,9.30000000000004,3.9709016393442673,3.099999999999996,7.27172480400437,2,
3822,200,0.021883989118852424,28.54999999999996,0.12239561124717552,2.0,0.0,47.0,19.86411889596603,0.4458762886597938,2.4501061571125264,9.00000000000001,3.7594479830148653,3.699999999999994,4.415933826181057,2,
3823,200,0.021862116068081715,43.54999999999997,0.1224004344922229,2.0,1.0,45.0,20.53693931398417,0.1182432432432432,4.8153034300791555,8.200000000000038,3.5098944591029033,2.699999999999992,5.187233027535759,1,
3824,200,0.021840264879428885,26.649999999999963,0.12240352276903374,2.0,0.0,45.0,20.953488372093023,0.4913793103448276,0.6093023255813953,8.000000000000032,3.967906976744195,4.500000000000014,5.227602961616917,2,
3825,200,0.021818435531042762,48.52499999999995,0.1224104793652768,2.0,0.0,43.0,22.745,0.02914110429447847,8.5475,7.600000000000014,4.397000000000009,4.400000000000004,3.0357957434308758,0,
3826,200,0.02179662800109399,36.39999999999996,0.12241317442541445,2.0,0.0,49.0,19.652705061082024,0.3078512396694215,2.349040139616056,10.40000000000003,4.158813263525312,3.900000000000001,10.237950890572902,2,
3827,200,0.021774842267775037,29.074999999999964,0.12241343886621459,2.0,0.0,50.0,21.936651583710407,0.48684210526315785,1.8552036199095023,11.000000000000043,4.75475113122173,5.200000000000001,8.299261989220135,2,
3828,200,0.021753078309300157,51.52499999999994,0.12241870475407245,2.0,0.0,47.0,22.51375,0.03654970760233911,7.20625,11.200000000000003,4.258250000000004,3.9000000000000163,5.611915706118316,0,
3829,200,0.021731336103905406,42.899999999999935,0.12242602933585689,2.0,0.0,46.0,22.335064935064935,0.09493670886075956,8.911688311688312,9.60000000000003,4.4822077922078,4.000000000000005,5.716121649724545,1,
3830,200,0.02170961562984857,48.87499999999997,0.12243014217449719,2.0,0.0,43.0,21.28125,0.019938650306748462,6.6825,6.900000000000032,3.518750000000003,3.800000000000027,2.17610183765914,0,
3831,200,0.021687916865409173,29.074999999999967,0.12243095245156485,2.0,0.0,48.0,19.184322033898304,0.4447368421052632,2.0677966101694913,10.400000000000016,3.464194915254241,2.8999999999999995,8.506489229429565,2,
3832,200,0.02166623978888844,40.89999999999997,0.12243345435355417,2.0,0.0,43.0,20.406153846153845,0.20454545454545459,4.684615384615385,7.2000000000000135,3.570615384615389,3.7999999999999976,3.118174693904623,1,
3833,200,0.021644584378609312,50.82499999999996,0.12243812225054944,2.0,0.0,48.0,21.31125,0.0535714285714286,4.57875,10.20000000000003,3.536749999999999,3.1999999999999913,5.411207892512361,0,
3834,200,0.021622950612916365,50.34999999999996,0.1224451532404005,2.0,0.0,46.0,22.2775,0.02941176470588225,6.965,8.800000000000013,4.116500000000002,3.799999999999993,3.933883896693615,0,
3835,200,0.021601338470175833,28.324999999999974,0.1224467011379924,3.0,0.0,50.0,21.367441860465117,0.5137362637362637,1.0093023255813953,10.900000000000034,4.207906976744193,4.300000000000014,5.502990497514901,2,
3836,200,0.021579747928775563,37.92499999999997,0.1224506548713418,1.0,0.0,41.0,20.878489326765187,0.2583333333333333,2.0016420361247946,6.200000000000014,3.418390804597704,3.8000000000000034,2.0704062769629106,1,
3837,200,0.021558178967125027,41.799999999999955,0.12245377541895414,2.0,0.0,44.0,21.787974683544302,0.22388059701492535,3.5205696202531644,7.9000000000000306,4.248101265822792,4.40000000000001,3.520226727053806,1,
3838,200,0.02153663156365526,51.59999999999996,0.12246127594127354,2.0,0.0,50.0,22.53,0.047687861271676235,4.78125,10.800000000000024,4.268000000000006,4.200000000000001,3.37973128083016,0,
3839,200,0.021515105696818845,54.42499999999996,0.12246502529287638,2.0,0.0,50.0,22.23375,0.050561797752809,4.9925,10.800000000000017,4.0902500000000055,4.099999999999994,3.880511000798455,0,
3840,200,0.021493601345089923,42.774999999999956,0.12246897986656663,2.0,0.0,45.0,20.661676646706585,0.1960431654676258,4.12125748502994,8.800000000000006,3.8188622754491037,3.399999999999995,5.188368416688541,1,
3841,200,0.021472118486964127,50.87499999999994,0.1224722527135442,2.0,0.0,49.0,23.45875,0.030898876404494402,7.67375,10.299999999999999,4.825250000000009,4.900000000000004,5.409920890501437,0,
3842,200,0.021450657100958614,37.47499999999996,0.12247551010380389,2.0,0.0,45.0,21.563218390804597,0.27892561983471076,2.3694581280788176,8.100000000000021,3.8292282430213516,3.7999999999999985,2.8673964624676596,1,
3843,200,0.021429217165611993,41.52499999999996,0.12247720228704544,2.0,0.0,46.0,20.55735294117647,0.20255474452554734,2.152941176470588,8.800000000000006,3.7902941176470644,3.800000000000001,4.3610328742060736,1,
3844,200,0.021407798659484324,43.17499999999997,0.1224792158234202,2.0,0.0,44.0,19.429190751445088,0.17086330935251803,3.3916184971098264,7.900000000000013,3.12543352601156,2.499999999999999,3.9118179521074046,1,
3845,200,0.02138640156115709,50.69999999999997,0.12248252600905161,2.0,1.0,46.0,21.245,0.037878787878787845,5.4375,8.500000000000007,3.4970000000000017,3.6000000000000076,1.763193754990253,0,
3846,200,0.021365025849233204,38.549999999999955,0.12248415624602428,2.0,0.0,47.0,21.68130081300813,0.2854330708661418,2.635772357723577,9.10000000000003,3.9845528455284622,3.999999999999996,4.2043741275011985,1,
3847,200,0.02134367150233695,50.69999999999995,0.12249089481847583,2.0,1.0,50.0,23.49,0.045454545454545414,8.2325,11.600000000000014,4.844000000000008,4.900000000000001,5.45227251917584,0,
3848,200,0.02132233849911398,28.62499999999997,0.12249149283252012,2.0,0.0,56.0,20.800904977375566,0.5131578947368421,3.4004524886877827,14.600000000000032,4.0814479638009065,2.999999999999993,12.785648869028499,2,
3849,200,0.02130102681823127,28.349999999999973,0.12249222989095157,2.0,0.0,47.0,20.31447963800905,0.4862637362637363,0.2579185520361991,9.000000000000027,3.7570135746606343,3.5999999999999925,5.612751032693015,2,
3850,200,0.02127973643837717,38.97499999999997,0.12249954201087151,2.0,0.0,40.0,19.237609329446062,0.15697674418604657,4.909620991253644,6.3999999999999995,3.00714285714286,2.7000000000000135,2.085478192500996,1,
3851,200,0.021258467338261276,39.82499999999997,0.12250129070844049,2.0,0.0,44.0,19.95230769230769,0.21212121212121215,4.28,7.600000000000033,3.298307692307694,3.4999999999999964,3.303651109233417,1,
3852,200,0.021237219496614494,41.82499999999996,0.12250538791136895,2.0,0.0,48.0,22.30940988835726,0.24637681159420288,4.043062200956938,10.000000000000009,4.508293460925046,4.199999999999997,7.241321249058868,1,
3853,200,0.021215992892188968,43.14999999999996,0.12250823381806107,2.0,0.0,46.0,21.435064935064936,0.10666666666666669,5.836363636363636,10.100000000000028,3.942207792207797,3.2500000000000018,7.093723973223154,1,
3854,200,0.02119478750375811,35.49999999999997,0.1225113155936332,2.0,0.0,50.0,19.2226148409894,0.30932203389830504,1.5848056537102473,11.00000000000004,3.9849823321554836,3.3000000000000016,11.815482730096365,2,
3855,200,0.02117360331011653,43.47499999999994,0.12251694756128173,2.0,0.0,50.0,22.846649484536083,0.11601307189542487,6.212628865979381,13.000000000000014,4.730154639175268,4.350000000000015,8.313795225640408,1,
3856,200,0.021152440290080017,34.42499999999998,0.12251989973992504,1.0,0.0,40.0,19.640132669983416,0.29128440366972475,1.1475953565505805,5.0000000000000036,2.7733001658374756,2.8999999999999972,1.2409654903082445,2,
3857,200,0.02113129842248555,35.94999999999998,0.12252321383706931,2.0,0.0,37.0,19.65845648604269,0.2545454545454545,1.110016420361248,5.599999999999997,2.686371100164202,2.799999999999988,1.3782251941328754,1,
3858,200,0.021110177686191275,48.82499999999997,0.1225275524758633,2.0,0.0,44.0,22.4175,0.028787878787878807,5.14375,8.400000000000018,4.200500000000009,4.199999999999999,3.631705424539768,0,
3859,200,0.021089078060076445,39.82499999999996,0.12253111216391499,2.0,0.0,43.0,21.096618357487923,0.24224806201550386,2.1706924315619966,7.400000000000025,3.7107890499194887,3.999999999999996,2.6164926356187292,1,
3860,200,0.021067999523041434,32.22499999999998,0.12253455903128019,2.0,0.0,42.0,17.779661016949152,0.25934579439252337,2.6627118644067798,8.700000000000019,3.0337288135593248,2.049999999999998,6.440423241664055,2,
3861,200,0.02104694205400769,36.82499999999996,0.12253858231935288,2.0,0.0,46.0,21.295934959349594,0.2777777777777778,3.4065040650406506,10.500000000000012,3.753333333333332,2.4999999999999925,9.36134290790646,1,
3862,200,0.021025905631917766,47.97499999999994,0.12254256832191207,2.0,0.0,48.0,22.7775,0.07530120481927716,7.01875,9.900000000000041,4.41650000000001,4.099999999999998,5.89468696044843,0,
3863,200,0.021004890235735225,39.37499999999997,0.1225474752525682,2.0,0.0,44.0,21.17241379310345,0.27419354838709675,3.0295566502463056,8.000000000000004,3.5947454844006574,3.399999999999994,3.6403106125970814,1,
3864,200,0.02098389584444467,41.549999999999955,0.12255159662319366,2.0,0.0,43.0,20.605431309904155,0.2272727272727273,4.330670926517572,7.400000000000005,3.474600638977636,3.4999999999999982,3.466088956937807,1,
3865,200,0.0209629224370517,41.69999999999996,0.12255312412457547,2.0,0.0,44.0,20.784688995215312,0.23496240601503748,2.601275917065391,7.600000000000026,3.5934609250398775,3.599999999999993,4.445407144746775,1,
3866,200,0.02094196999258292,39.474999999999966,0.1225580152665049,2.0,0.0,47.0,20.20086705202312,0.18609022556390986,5.622832369942197,9.200000000000042,3.5884393063583873,3.3999999999999977,4.621581203809896,1,
3867,200,0.020921038490085878,49.52499999999996,0.12256538553510246,2.0,1.0,48.0,22.0175,0.056358381502890076,8.235,9.700000000000006,3.960500000000003,3.4499999999999935,4.480196750307458,0,
3868,200,0.020900127908629072,46.27499999999995,0.12256909385164783,2.0,1.0,49.0,21.77012987012987,0.1049382716049383,5.979220779220779,11.400000000000029,4.143246753246757,3.7999999999999994,7.806519508381746,1,
3869,200,0.020879238227301908,29.524999999999974,0.12256933326387895,2.0,0.0,46.0,22.272093023255813,0.48655913978494625,0.7790697674418605,9.100000000000026,4.750697674418616,5.100000000000006,5.980903952968972,2,
3870,200,0.020858369425214716,52.69999999999997,0.1225742865459137,2.0,0.0,49.0,22.69625,0.05397727272727271,5.74375,10.40000000000003,4.367750000000006,4.3999999999999995,4.766217384714697,0,
3871,200,0.020837521481498693,29.17499999999997,0.12257852395538382,2.0,0.0,46.0,20.49440715883669,0.47043010752688175,0.05592841163310962,8.400000000000027,3.9277404921700265,3.900000000000006,4.000234825432441,2,
3872,200,0.020816694375305884,35.02499999999996,0.12258029634032089,2.0,0.0,43.0,20.80483870967742,0.2710084033613446,3.306451612903226,8.10000000000002,3.848387096774198,3.6999999999999957,4.4400250781089765,2,
3873,200,0.020795888085809178,32.49999999999995,0.12258378521896067,1.0,0.0,44.0,18.891304347826086,0.19999999999999996,5.579192546583851,10.000000000000012,3.556832298136648,2.4000000000000017,6.953898658179354,2,
3874,200,0.020775102592202298,46.999999999999936,0.1225883625429865,2.0,1.0,48.0,22.3525,0.07317073170731714,5.9025,10.400000000000027,4.161500000000006,3.4000000000000092,6.2448775076211565,0,
3875,200,0.020754337873699742,27.749999999999975,0.12258906418649228,2.0,1.0,43.0,20.65324384787472,0.4587912087912088,2.1387024608501117,6.800000000000042,4.023042505592856,4.400000000000009,2.6484084721332803,2,
3876,200,0.02073359390953679,39.32499999999995,0.12259277986194464,2.0,0.0,44.0,22.561576354679804,0.2578125,4.372742200328407,8.20000000000002,4.428243021346481,5.000000000000039,3.611691544434887,1,
3877,200,0.020712870678969465,49.874999999999964,0.12259778259478638,2.0,0.0,43.0,21.31,0.027439024390243816,9.47875,7.2000000000000295,3.5360000000000027,3.550000000000005,2.639108123606469,0,
3878,200,0.020692168161274557,38.94999999999998,0.12260118638850198,2.0,0.0,40.0,18.404615384615386,0.20199999999999996,4.187692307692307,5.3000000000000105,2.3696923076923073,1.7499999999999962,2.215717457319432,1,
3879,200,0.02067148633574953,53.12499999999996,0.12260523200099867,2.0,0.0,46.0,21.72875,0.032738095238095344,3.91625,8.500000000000023,3.7872500000000042,4.000000000000002,2.7455417274089666,0,
3880,200,0.020650825181712566,53.27499999999995,0.12261049578371483,2.0,1.0,49.0,21.74125,0.039017341040462394,5.98,10.30000000000002,3.7947499999999987,3.6999999999999993,3.092627269730126,0,
3881,200,0.020630184678502493,51.34999999999996,0.12261494282073108,2.0,1.0,45.0,22.49125,0.02777777777777768,7.6125,8.500000000000007,4.244750000000002,4.199999999999996,3.843603443130403,0,
3882,200,0.020609564805478826,39.699999999999974,0.12261852164745747,1.0,0.0,38.0,18.71764705882353,0.15799999999999992,2.7338235294117648,5.299999999999997,2.6864705882352906,2.8999999999999946,1.3305257148047445,1,
3883,200,0.020588965542021685,40.999999999999964,0.12262240163779259,2.0,0.0,44.0,20.786729857819907,0.2272727272727273,4.597156398104265,7.200000000000027,3.6575039494470842,4.099999999999998,3.77945154334547,1,
3884,200,0.0205683868675318,46.02499999999994,0.12262716676166549,2.0,0.0,57.0,21.9775,0.11111111111111116,7.06125,15.100000000000037,3.9365000000000014,3.1999999999999913,9.262732223019155,0,
3885,200,0.02054782876143049,42.77499999999996,0.12263425519806817,2.0,0.0,41.0,19.867847411444142,0.10664335664335667,6.497275204359673,7.60000000000001,3.2731607629427812,2.7999999999999963,3.5835778600662844,1,
3886,200,0.02052729120315966,40.89999999999996,0.12264149494057358,2.0,1.0,44.0,20.02373417721519,0.2347328244274809,3.8971518987341773,7.200000000000017,3.1895569620253155,3.099999999999996,3.1471140119622625,1,
3887,200,0.020506774172181743,49.44999999999995,0.1226451889875205,2.0,0.0,48.0,22.22125,0.054878048780487854,6.02625,9.600000000000037,4.082750000000002,3.650000000000004,5.106860416969438,0,
3888,200,0.020486277647979705,49.59999999999995,0.12264915210918159,2.0,0.0,53.0,22.27,0.07440476190476186,5.65,13.100000000000025,4.112000000000001,3.700000000000009,6.997466933542111,0,
3889,200,0.020465801610057018,38.24999999999997,0.12265346820721167,2.0,0.0,41.0,19.391373801916934,0.24152542372881358,2.8354632587859423,5.699999999999997,2.7461661341852985,2.799999999999992,1.5696458564593263,1,
3890,200,0.020445346037937653,48.72499999999998,0.12265701115958906,2.0,0.0,43.0,21.11875,0.04166666666666674,5.29375,6.8000000000000265,3.4212500000000015,3.499999999999994,1.7682512003925153,0,
3891,200,0.020424910911166032,41.49999999999996,0.12266252365257499,2.0,1.0,51.0,22.83570300157978,0.26798561151079137,3.306477093206951,11.700000000000017,4.8868878357030106,5.1000000000000005,7.766498322884676,1,
3892,200,0.02040449620930702,37.67499999999996,0.12266697452429118,2.0,0.0,49.0,22.059113300492612,0.312015503875969,4.5073891625615765,10.400000000000013,4.309031198686378,3.6999999999999966,8.73250355910273,2,
3893,200,0.020384101911945913,48.97499999999995,0.122672462298971,2.0,0.0,46.0,21.62625,0.05722891566265065,6.63125,8.600000000000014,3.7257500000000037,3.899999999999999,4.4866439478811895,0,
3894,200,0.020363727998688425,53.17499999999995,0.1226769356442286,2.0,0.0,48.0,22.67875,0.03813559322033888,7.98125,10.000000000000021,4.357250000000007,4.699999999999998,4.518979498405495,0,
3895,200,0.020343374449160633,32.749999999999964,0.12268094826832054,2.0,0.0,50.0,18.87062937062937,0.30982905982905984,4.561188811188811,11.400000000000041,3.729720279720284,3.099999999999996,7.604070015862742,2,
3896,200,0.020323041243008984,38.34999999999996,0.12268497374598583,2.0,0.0,44.0,22.417077175697866,0.2658730158730159,3.1970443349753697,7.900000000000015,4.341543513957318,4.500000000000002,3.0114349654875148,1,
3897,200,0.02030272835990026,48.92499999999996,0.1226889665492108,2.0,0.0,44.0,20.835,0.05246913580246915,7.25,8.000000000000021,3.2509999999999994,2.6999999999999975,3.456804401256897,0,
3898,200,0.0202824357795216,29.84999999999997,0.12269095859804385,2.0,0.0,47.0,21.011185682326623,0.45833333333333337,1.1588366890380313,9.00000000000003,4.237807606263986,3.699999999999996,6.046632166880238,2,
3899,200,0.02026216348158041,22.349999999999984,0.12269250485076197,8.0,1.0,49.0,15.842857142857143,0.4642857142857143,1.5685714285714285,11.200000000000022,3.459714285714288,1.8999999999999992,9.541854953918033,3,
3900,200,0.02024191144580439,30.54999999999997,0.12269381905908083,2.0,0.0,49.0,21.34013605442177,0.4671717171717171,1.380952380952381,10.200000000000038,4.38866213151928,3.999999999999997,6.367523241464463,2,
3901,200,0.020221679651941493,39.42499999999997,0.12269738602052843,2.0,1.0,43.0,20.46153846153846,0.21456692913385833,4.927692307692308,7.600000000000015,3.603846153846158,3.699999999999992,2.8539150388521857,1,
3902,200,0.020201468079759942,39.14999999999997,0.12270131413763337,2.0,0.0,44.0,20.389162561576356,0.274,3.9195402298850577,7.800000000000013,3.1247947454843987,2.699999999999997,3.805257549611742,1,
3903,200,0.020181276709048155,42.674999999999955,0.12270491619299084,2.0,1.0,49.0,21.996865203761754,0.24285714285714288,5.219435736677116,10.300000000000024,4.43056426332289,4.700000000000001,5.447966357362774,1,
3904,200,0.02016110551961476,49.77499999999997,0.1227096070092089,2.0,0.0,44.0,21.14,0.03527607361963181,5.92125,7.200000000000007,3.4339999999999993,3.5999999999999943,2.4419478155434704,0,
3905,200,0.02014095449128855,48.449999999999974,0.12271368546212386,2.0,0.0,39.0,20.6425,0.011437908496731986,5.4775,5.900000000000002,3.1354999999999986,3.3999999999999932,1.6999424061600128,0,
3906,200,0.020120823603918526,50.64999999999996,0.12272027695573193,2.0,1.0,42.0,19.86625,0.013803680981595123,4.83875,5.99999999999999,2.669749999999994,2.5999999999999956,1.199586811854392,0,
3907,200,0.020100712837373778,39.02499999999996,0.1227227099238438,2.0,0.0,46.0,21.761980830670925,0.24618320610687028,4.992012779552716,8.800000000000022,4.168530351437707,4.500000000000002,3.8722623540670136,1,
3908,200,0.020080622171543543,49.39999999999996,0.1227273468119473,2.0,0.0,45.0,21.3975,0.04216867469879526,6.6025,8.90000000000003,3.5885000000000016,3.299999999999999,3.3816730338641405,0,
3909,200,0.020060551586337145,35.34999999999997,0.12272694294334364,2.0,0.0,40.0,21.469622331691298,0.26754385964912286,2.9950738916256157,6.60000000000001,3.7730706075533744,4.000000000000013,1.8714637618636887,1,
3910,200,0.020040501061684014,47.22499999999997,0.12273255339056616,2.0,0.0,43.0,20.6025,0.039808917197452276,6.0,7.700000000000015,3.111499999999998,2.6999999999999984,2.516771682455771,0,
3911,200,0.020020470577533613,23.249999999999982,0.12273233814705987,10.0,0.0,55.0,16.16231884057971,0.51,1.6434782608695653,14.200000000000022,3.5837681159420316,1.6999999999999993,14.379683425191608,3,
3912,200,0.02000046011385546,37.29999999999996,0.12273773277219516,2.0,0.0,45.0,21.413235294117648,0.19696969696969702,5.602941176470588,9.100000000000016,4.303823529411776,4.400000000000004,4.905819519505907,1,
3913,200,0.019980469650639078,54.39999999999995,0.12274323157944958,2.0,0.0,48.0,23.625,0.023480662983425438,6.94125,9.600000000000039,4.9250000000000105,5.100000000000006,3.901981096845507,0,
3914,200,0.01996049916789402,49.399999999999956,0.12274720519309021,2.0,1.0,43.0,21.7375,0.025757575757575868,6.285,7.300000000000038,3.7925000000000035,3.9000000000000035,3.0147484605445025,0,
3915,200,0.019940548645649796,33.37499999999998,0.12274986869240917,2.0,0.0,44.0,17.809963099630995,0.3247663551401869,1.466789667896679,7.600000000000025,3.0444649446494467,3.099999999999996,3.624658823609524,2,
3916,200,0.019920618063955876,36.12499999999997,0.12275120414527517,2.0,0.0,40.0,20.34609250398724,0.23750000000000004,4.67304625199362,7.000000000000004,3.330303030303033,3.3999999999999964,2.2601720050467144,1,
3917,200,0.019900707402881673,40.19999999999996,0.12275095807408612,2.0,0.0,47.0,22.89430894308943,0.2765151515151515,3.354471544715447,9.80000000000003,4.712357723577246,4.800000000000007,5.205454545454582,1,
3918,200,0.01988081664251654,29.49999999999997,0.12275032117892878,2.0,0.0,45.0,19.068281938325992,0.4414893617021277,1.7665198237885462,8.000000000000004,3.220264317180618,2.8999999999999946,4.004674865972894,2,
3919,200,0.019860945762969703,41.349999999999966,0.12275072114598323,2.0,0.0,54.0,22.875806451612902,0.29379562043795615,3.0370967741935484,14.500000000000027,4.76580645161291,4.550000000000011,9.755017468828012,1,
3920,200,0.019841094744370288,39.87499999999997,0.12275167893928793,2.0,1.0,44.0,20.570048309178745,0.25,2.7987117552334944,7.800000000000009,3.394847020933978,3.1999999999999926,3.155376153925956,1,
3921,200,0.01982126356686726,50.29999999999997,0.12275821257875368,2.0,0.0,47.0,22.34125,0.031609195402298784,7.71,9.800000000000026,4.154750000000006,4.0,5.357960809313799,0,
3922,200,0.019801452210629462,44.27499999999996,0.12276266686392216,2.0,0.0,47.0,20.90077319587629,0.09935897435897445,7.126288659793815,10.400000000000022,3.5626288659793826,3.0999999999999894,5.043096309212469,1,
3923,200,0.019781660655845523,39.19999999999996,0.1227644645990351,2.0,0.0,43.0,22.30377668308703,0.2579365079365079,1.4532019704433496,8.100000000000032,4.273563218390811,4.700000000000004,3.3836944564279876,1,
3924,200,0.019761888882723885,47.44999999999996,0.12277068791585669,2.0,0.0,43.0,22.10875,0.03703703703703698,7.78875,7.900000000000009,4.015250000000002,3.799999999999999,2.576671463549178,0,
3925,200,0.019742136871492774,49.22499999999998,0.12277426113890016,2.0,0.0,47.0,21.41,0.04819277108433728,5.67,10.100000000000017,3.596,3.0999999999999983,4.053940334281792,0,
3926,200,0.019722404602400184,47.999999999999964,0.12278145756646394,2.0,0.0,45.0,22.185,0.03614457831325302,8.8025,8.200000000000024,4.0610000000000035,3.7000000000000197,4.13693546396169,0,
3927,200,0.01970269205571384,29.29999999999996,0.12278381362642748,2.0,0.0,47.0,21.54585152838428,0.44072164948453607,2.2882096069868996,10.400000000000032,4.758296943231449,4.65,10.053701796789781,2,
3928,200,0.019682999211721196,40.32499999999996,0.12278573011369769,2.0,1.0,46.0,23.122754491017965,0.19999999999999996,5.440119760479042,8.90000000000003,5.295508982035943,5.700000000000019,5.677687165385969,1,
3929,200,0.019663326050729395,39.87499999999996,0.12278822459366309,2.0,0.0,41.0,20.695121951219512,0.1923076923076923,3.6219512195121952,6.599999999999999,3.781707317073176,4.199999999999996,2.679854531934445,1,
3930,200,0.019643672553065292,49.62499999999996,0.12279361972033796,2.0,1.0,52.0,21.73625,0.07335329341317376,6.3125,13.000000000000025,3.791750000000002,3.3999999999999955,5.624890726391786,0,
3931,200,0.019624038699075377,50.42499999999996,0.12279783863697508,2.0,1.0,46.0,23.02125,0.04117647058823537,7.1575,9.30000000000003,4.562750000000005,4.099999999999997,4.6206196572182545,0,
3932,200,0.0196044244691258,40.024999999999956,0.12280020369643949,2.0,1.0,47.0,21.244514106583072,0.25,4.725705329153605,9.400000000000025,3.979153605015678,4.200000000000022,4.251033551737802,1,
3933,200,0.019584829843602315,38.07499999999996,0.12280306811198363,2.0,0.0,46.0,20.955271565495206,0.2698412698412699,4.746006389776358,8.900000000000022,3.684504792332273,3.850000000000006,3.5536507559808808,1,
3934,200,0.019565254802910312,51.87499999999997,0.12281019285386506,2.0,0.0,46.0,22.5575,0.027456647398844014,8.24375,9.40000000000002,4.284500000000008,4.399999999999997,4.324916507682076,0,
3935,200,0.019545699327474745,50.124999999999964,0.12281606317289248,2.0,0.0,47.0,20.79,0.04940119760479034,6.64625,9.30000000000004,3.223999999999999,2.4999999999999982,3.922780129343984,0,
3936,200,0.019526163397740135,51.44999999999996,0.1228229655064103,2.0,0.0,47.0,22.6125,0.050578034682081,6.3275,9.500000000000025,4.317500000000005,4.299999999999998,5.107251730080859,0,
3937,200,0.01950664699417054,27.62499999999997,0.12282569357986561,2.0,0.0,46.0,21.452153110047846,0.514367816091954,0.8636363636363636,8.800000000000017,4.033014354066991,3.899999999999997,4.869177154696322,2,
3938,200,0.01948715009724957,48.974999999999966,0.12283084308713146,2.0,0.0,41.0,20.385,0.02070063694267521,6.14125,6.6000000000000085,2.9809999999999963,2.8999999999999955,1.7206416885026412,0,
3939,200,0.019467672687480328,50.19999999999996,0.12283772578183767,2.0,0.0,46.0,22.32125,0.04761904761904767,8.3625,8.700000000000014,4.142750000000004,3.7999999999999927,4.123878881060784,0,
3940,200,0.01944821474538539,38.17499999999995,0.12284116276993254,2.0,1.0,50.0,23.11128526645768,0.2649253731343284,6.88871473354232,11.400000000000041,5.09921630094045,5.0,8.708594448252457,1,
3941,200,0.019428776251506814,39.14999999999995,0.12284934884182444,2.0,1.0,46.0,22.123993558776167,0.26136363636363635,4.674718196457327,8.900000000000018,4.327214170692436,4.299999999999997,4.234616585416477,1,
3942,200,0.019409357186406115,35.349999999999966,0.1228523133779997,2.0,0.0,51.0,21.79349593495935,0.30200000000000005,4.76260162601626,12.500000000000021,4.051869918699186,3.099999999999998,9.130325521384192,1,
3943,200,0.01938995753066422,29.07499999999997,0.12285410807728282,2.0,0.0,44.0,20.079185520361992,0.4697802197802198,0.3597285067873303,7.600000000000022,3.6158371040724013,3.849999999999996,4.652171189017396,2,
3944,200,0.01937057726488147,45.99999999999997,0.1228611633554941,2.0,0.0,38.0,19.5575,0.02586206896551735,5.88625,5.800000000000006,2.484499999999997,2.299999999999995,1.3843119129873747,0,
3945,200,0.01935121636967759,49.17499999999997,0.1228672310214323,2.0,0.0,44.0,21.4775,0.0260736196319018,7.64125,8.800000000000017,3.6365,3.1999999999999975,4.202174315897397,0,
3946,200,0.019331874825691705,54.649999999999956,0.12287322380909471,2.0,0.0,49.0,24.03875,0.02717391304347827,8.69375,10.700000000000028,5.173250000000007,5.600000000000003,5.636643244755112,0,
3947,200,0.019312552613582255,26.399999999999956,0.12287477139697822,2.0,0.0,50.0,23.002392344497608,0.5340909090909091,1.6650717703349283,12.50000000000003,4.963157894736848,3.6999999999999926,12.29239722303312,2,
3948,200,0.019293249714027027,39.84999999999996,0.12287804268747046,1.0,1.0,45.0,21.701612903225808,0.25390625,2.640322580645161,8.000000000000039,4.061290322580652,4.300000000000003,4.114738071639139,1,
3949,200,0.01927396610772311,26.224999999999977,0.12287922823130823,2.0,0.0,46.0,19.66507177033493,0.5271084337349398,0.8851674641148325,8.900000000000013,2.9607655502392314,2.599999999999997,3.7225011017439122,2,
3950,200,0.01925470177538692,50.69999999999996,0.12288382361970182,2.0,0.0,42.0,21.25625,0.017080745341614856,6.4175,6.2000000000000135,3.50375,3.699999999999995,1.480738251153522,0,
3951,200,0.01923545669775411,54.59999999999996,0.1228873516294631,2.0,0.0,47.0,23.99125,0.01388888888888884,7.3625,9.300000000000024,5.144750000000013,5.200000000000017,5.616156212744124,0,
3952,200,0.019216230855579598,49.89999999999995,0.12289132410140585,2.0,0.0,49.0,22.375,0.0625,7.715,10.200000000000044,4.175000000000005,3.999999999999998,4.647182261222327,0,
3953,200,0.019197024229637535,50.77499999999996,0.12289538871740234,2.0,1.0,43.0,20.80625,0.024390243902439046,5.0375,7.500000000000002,3.2337499999999966,2.999999999999994,2.116364244319135,0,
3954,200,0.01917783680072131,44.774999999999956,0.12290105608179527,2.0,0.0,45.0,22.31486146095718,0.07258064516129026,6.534005037783375,9.700000000000031,4.212216624685145,3.6999999999999966,6.787682679419819,1,
3955,200,0.019158668549643484,43.39999999999995,0.12290470154200413,2.0,0.0,46.0,22.36261980830671,0.23550724637681153,2.373801916932907,8.600000000000016,4.528913738019176,4.899999999999999,4.3725457607655835,1,
3956,200,0.019139519457235805,49.72499999999995,0.12290987831048128,2.0,1.0,49.0,22.75625,0.07440476190476186,4.40875,10.500000000000025,4.403750000000004,4.200000000000001,5.510944548350892,0,
3957,200,0.019120389504349168,51.32499999999996,0.12291466940676593,2.0,0.0,43.0,21.61,0.01969696969696977,5.00125,6.700000000000017,3.716000000000002,3.7999999999999967,1.855896899838919,0,
3958,200,0.019101278671853638,44.099999999999966,0.1229173155106796,2.0,0.0,44.0,19.013119533527696,0.17086330935251803,4.1209912536443145,7.500000000000011,2.8724489795918333,2.499999999999995,2.112816859507646,1,
3959,200,0.01908218694063837,55.12499999999995,0.12291885711575634,2.0,0.0,45.0,22.1175,0.01724137931034475,3.9225,8.300000000000004,4.0205,3.7499999999999947,4.486436760057456,0,
3960,200,0.019063114291611637,41.12499999999996,0.12292011806404934,2.0,0.0,43.0,21.327014218009477,0.22709923664122145,2.240126382306477,7.300000000000006,3.9816745655608243,4.199999999999995,3.603148684263089,1,
3961,200,0.019044060705700774,57.22499999999994,0.12292454994871126,2.0,0.0,47.0,23.6375,0.012295081967213184,5.5225,9.30000000000002,4.932500000000008,5.10000000000002,5.279751999612539,0,
3962,200,0.01902502616385221,25.62499999999997,0.12292813782811737,2.0,1.0,41.0,19.755656108597286,0.47023809523809523,0.6787330316742082,6.599999999999996,3.421719457013575,3.299999999999997,2.710130372690845,2,
3963,200,0.019006010647031397,41.499999999999964,0.12292981780268172,1.0,1.0,48.0,20.868878357030017,0.24632352941176472,4.900473933649289,9.80000000000003,3.7067930489731467,3.8999999999999977,5.242447190831798,1,
3964,200,0.018987014136222814,40.34999999999996,0.1229340685754286,2.0,0.0,45.0,21.37639553429027,0.24612403100775193,1.1100478468899522,9.100000000000032,3.948484848484854,4.099999999999998,4.207261197370866,1,
3965,200,0.01896803661242994,42.17499999999996,0.12293537494349893,2.0,0.0,46.0,22.420221169036335,0.23888888888888893,1.8246445497630333,9.000000000000021,4.637598736176943,4.500000000000001,4.763590324641654,1,
3966,200,0.01894907805667527,33.974999999999994,0.12293714088717406,1.0,0.0,41.0,16.113636363636363,0.264018691588785,1.1503496503496504,5.499999999999994,2.1258741258741214,1.8999999999999997,1.310138729701722,2,
3967,200,0.018930138450000234,45.34999999999996,0.12293863436760717,2.0,0.0,47.0,20.74507042253521,0.15202702702702697,3.876056338028169,10.500000000000021,3.8942253521126755,2.9999999999999964,6.787346314910398,1,
3968,200,0.018911217773465227,52.62499999999996,0.12293996176473918,2.0,0.0,44.0,22.58375,0.014705882352941124,5.06875,8.300000000000011,4.300250000000003,4.1,3.382105222039434,0,
3969,57,0.01889231600814957,5.7,0.12294029566166641,2.0,0.0,8.0,3.879194630872483,0,0.0,1.4,0.6651006711409395,0.6999999999999998,0.11637117117117107,4,
3970,200,0.018873433135151486,51.974999999999945,0.12294276043701707,2.0,0.0,44.0,22.8625,0.016081871345029253,5.00875,8.000000000000018,4.467500000000007,4.599999999999998,3.7075995431243145,0,
3971,200,0.01885456913558812,46.89999999999997,0.12294577934545067,2.0,0.0,40.0,21.74,0.0212418300653594,5.7625,7.100000000000011,3.794000000000009,4.099999999999998,2.146417353777132,0,
3972,200,0.018835723990595455,37.524999999999956,0.1229485293210999,2.0,0.0,48.0,21.8260162601626,0.2732558139534884,3.6682926829268294,10.70000000000002,4.071382113821139,3.0999999999999943,7.262940056686047,1,
3973,200,0.018816897681328357,40.799999999999976,0.12295080950648772,2.0,0.0,42.0,20.508527131782945,0.21850393700787407,1.924031007751938,6.500000000000011,3.5959689922480664,3.899999999999996,2.4420671403573015,1,
3974,200,0.018798090188960496,43.49999999999996,0.1229512600099647,2.0,0.0,46.0,21.885668276972623,0.2427007299270072,0.8051529790660226,9.200000000000019,4.184219001610312,4.499999999999998,5.803405300280089,1,
3975,200,0.0187793014946844,39.42499999999997,0.12295324968800991,2.0,0.0,43.0,21.752052545155994,0.262,1.9770114942528736,7.500000000000014,3.942528735632187,4.099999999999994,3.315917817083709,1,
3976,200,0.018760531579711363,51.424999999999955,0.12295679463840306,2.0,0.0,45.0,21.32125,0.03353658536585358,4.95125,7.90000000000002,3.542750000000004,3.799999999999994,2.7440267250417754,0,
3977,200,0.01874178042527147,52.84999999999996,0.12296002130589727,2.0,0.0,44.0,22.625,0.008720930232558155,5.22125,7.400000000000029,4.3250000000000055,4.900000000000004,3.2859301342658624,0,
3978,200,0.018723048012613555,52.17499999999997,0.12296359477113517,2.0,0.0,41.0,19.64875,0.006172839506172867,3.5825,5.700000000000002,2.539249999999995,2.099999999999998,1.9951625549414904,0,
3979,200,0.018704334323005223,27.449999999999967,0.12296660376964998,3.0,0.0,45.0,21.931603773584907,0.5,0.2759433962264151,8.500000000000032,4.439386792452841,4.70000000000001,6.184308552357162,2,
3980,200,0.018685639337732773,28.074999999999967,0.1229698667797168,1.0,0.0,43.0,19.928571428571427,0.46111111111111114,0.07589285714285714,7.10000000000001,3.600223214285716,3.199999999999995,4.379999451926497,2,
3981,200,0.018666963038101215,52.349999999999945,0.1229731176030234,2.0,1.0,51.0,22.5525,0.07203389830508478,5.20375,11.500000000000014,4.281500000000005,3.8999999999999946,4.980765532446183,0,
3982,200,0.018648305405434242,51.77499999999997,0.12297551304747237,2.0,0.0,44.0,21.2225,0.02844311377245501,5.22875,7.900000000000013,3.4835000000000007,3.500000000000005,2.654981898409226,0,
3983,200,0.01862966642107424,52.24999999999994,0.12297770084170558,2.0,0.0,47.0,23.65625,0.04022988505747116,6.22,9.800000000000034,4.943750000000009,4.7000000000000135,4.347692730769927,0,
3984,200,0.01861104606638221,55.12499999999994,0.12298056290646557,2.0,0.0,46.0,22.8975,0.0196629213483146,4.88625,8.400000000000032,4.4885000000000055,4.5,3.6942735223024066,0,
3985,200,0.018592444322737798,41.924999999999955,0.12298544502428402,2.0,0.0,48.0,23.014492753623188,0.2572992700729927,2.1674718196457325,10.400000000000029,4.861513687600655,4.900000000000012,6.244122756975464,1,
3986,200,0.01857386117153925,40.749999999999964,0.12298862211557057,2.0,0.0,43.0,19.583081570996978,0.19999999999999996,1.7598187311178248,7.800000000000008,3.146072507552868,3.099999999999997,2.989168132748274,1,
3987,200,0.01855529659420343,38.549999999999976,0.12298844642367424,1.0,0.0,41.0,18.348837209302324,0.22131147540983598,4.209302325581396,5.900000000000013,2.3001550387596867,1.8999999999999928,1.9673690460165796,1,
3988,200,0.018536750572165746,30.549999999999972,0.12299074590181798,3.0,0.0,46.0,20.120535714285715,0.453125,1.0334821428571428,8.50000000000002,3.7636160714285753,3.699999999999996,5.546538666586972,2,
3989,200,0.018518223086880184,54.02499999999995,0.12299401198186143,3.0,0.0,47.0,23.3275,0.0196629213483146,5.75125,9.100000000000028,4.746500000000009,4.6999999999999975,4.622144972101552,0,
3990,200,0.018499714119819242,48.524999999999956,0.12299743295824701,2.0,1.0,42.0,21.5825,0.039808917197452276,5.53125,7.200000000000014,3.699500000000003,3.5999999999999956,2.9990044359444545,0,
3991,200,0.01848122365247397,54.49999999999995,0.12299925148273078,2.0,0.0,47.0,24.71875,0.015027322404371546,5.58875,9.900000000000038,5.581250000000011,6.0000000000000275,4.6713557364933855,0,
3992,200,0.018462751666353888,50.949999999999946,0.123002778828991,2.0,1.0,46.0,24.5475,0.04166666666666674,5.60875,9.600000000000025,5.478500000000012,6.000000000000029,5.085945696790185,0,
3993,122,0.018444298142987012,9.1,0.12300320536402234,16.0,0.0,19.0,8.2,0,0.0,4.299999999999998,1.29135135135135,0.8999999999999988,1.2651513557737244,4,
3994,200,0.01842586306391981,51.39999999999996,0.12300756005917034,2.0,0.0,47.0,20.9975,0.054878048780487854,3.51625,9.100000000000009,3.348499999999998,3.2999999999999954,2.374601460314784,0,
3995,200,0.018407446410717215,45.52499999999996,0.12301057021592142,2.0,0.0,46.0,19.760115606936417,0.17307692307692313,1.69364161849711,8.400000000000016,3.323988439306358,2.899999999999997,3.2251827349367233,1,
3996,200,0.018389048164962566,51.674999999999955,0.1230130017400584,2.0,0.0,42.0,21.42375,0.013803680981595123,3.845,6.900000000000005,3.604249999999999,3.600000000000004,2.0202350941173406,0,
3997,200,0.01837066830825761,49.249999999999964,0.1230143736091528,2.0,1.0,46.0,20.52,0.054487179487179516,3.25125,9.0,3.061999999999996,2.799999999999996,1.8791589361858383,0,
3998,200,0.01835230682222249,49.974999999999966,0.12301975513037838,2.0,1.0,44.0,21.01625,0.03658536585365857,7.11,7.8000000000000025,3.35975,3.399999999999997,2.32913357677122,0,
3999,200,0.018333963688495727,50.27499999999998,0.12302307614108195,2.0,0.0,47.0,20.15125,0.06366459627329202,3.5375,9.20000000000001,2.8407499999999932,2.6999999999999966,2.5479434186615926,0,
4000,200,0.01831563888873418,26.774999999999977,0.123023827973437,2.0,0.0,42.0,21.306976744186045,0.4794117647058823,1.3534883720930233,7.80000000000003,4.18000000000001,4.800000000000008,3.6309219628013483,2,
4001,200,0.01829733240461304,40.69999999999995,0.12302582623782105,2.0,0.0,46.0,22.31869918699187,0.2614503816793893,2.4520325203252034,9.400000000000027,4.366991869918705,4.4999999999999964,5.4256402555099985,1,
4002,200,0.018279044217825845,33.374999999999986,0.12302732418882203,2.0,0.0,35.0,18.896551724137932,0.25485436893203883,1.6978653530377668,4.4999999999999964,2.2292282430213404,2.1999999999999975,0.5818073770491786,1,
4003,200,0.01826077431008438,54.19999999999996,0.12303161201130383,2.0,0.0,45.0,21.56625,0.021929824561403466,5.27125,8.400000000000022,3.6897500000000036,3.8999999999999995,3.433750302734871,0,
4004,38,0.01824252266311874,4.65,0.12303260587114266,2.0,0.0,5.0,3.1,0,0.35714285714285715,1.899999999999999,0.8471428571428568,0.8499999999999992,0.19793050665850287,4,
4005,50,0.018224289258677303,3.8500000000000014,0.12303345088176285,2.0,0.0,7.0,3.604651162790698,0,0.37209302325581395,2.1999999999999993,0.956589147286821,0.9,0.2654182692307691,4,
4006,200,0.01820607407852663,55.59999999999998,0.12303682911370079,2.0,0.0,46.0,22.105,0.00966850828729271,5.46875,10.000000000000028,4.013000000000005,3.599999999999997,7.299192404988169,0,
4007,200,0.018187877104451564,26.974999999999962,0.12304074686892294,2.0,1.0,53.0,23.650943396226417,0.5357142857142857,2.419811320754717,12.800000000000036,5.47099056603775,4.900000000000009,9.602254317897424,2,
4008,200,0.0181696983182551,48.82499999999996,0.12304456775520704,2.0,0.0,48.0,20.49875,0.05555555555555558,6.94875,10.900000000000011,3.0492499999999954,2.399999999999995,4.377631277548887,0,
4009,200,0.018151537701758473,30.49999999999997,0.1230463382432575,2.0,0.0,51.0,23.14622641509434,0.5051020408163265,1.179245283018868,11.600000000000037,5.1681603773584985,4.950000000000005,8.00061093032964,2,
4010,200,0.018133395236801075,52.97499999999994,0.12305312512095362,2.0,1.0,48.0,23.8725,0.0377094972067038,8.50125,10.500000000000036,5.073500000000009,5.3999999999999995,5.649406577197819,0,
4011,200,0.01811527090524041,51.42499999999997,0.12305644002062828,2.0,0.0,40.0,20.8125,0.004716981132075526,4.605,5.399999999999992,3.2374999999999994,3.249999999999994,1.2333456771026265,0,
4012,200,0.018097164688952158,48.79999999999996,0.12306150318080081,2.0,0.0,46.0,20.17,0.06730769230769229,4.84125,9.300000000000011,2.8519999999999968,2.5999999999999943,3.3833012864082703,0,
4013,200,0.01807907656983012,50.42499999999997,0.12306566436311463,2.0,1.0,40.0,21.535,0.004716981132075526,4.15,7.5000000000000195,3.671000000000002,3.6000000000000023,2.3999627499418135,0,
4014,200,0.018061006529786143,50.99999999999996,0.12306853257691953,2.0,0.0,41.0,21.47375,0.0,3.56875,6.6000000000000005,3.634250000000005,3.900000000000006,2.3217805652821486,0,
4015,200,0.018042954550750216,17.64999999999998,0.12307069724185996,6.0,0.0,41.0,15.165109034267912,0.48684210526315785,0.42679127725856697,7.900000000000013,2.8461059190031173,1.4999999999999978,6.130644021739154,3,
4016,200,0.01802492061467033,38.77499999999996,0.12307380542258937,2.0,0.0,41.0,21.41871921182266,0.25,2.2889983579638753,7.200000000000015,3.7425287356321895,4.200000000000004,4.405444564279582,1,
4017,200,0.018006904703512558,53.499999999999936,0.12307809272624254,2.0,0.0,46.0,23.695,0.034482758620689724,4.9075,9.100000000000037,4.967000000000011,5.5,4.697168339325567,0,
4018,200,0.017988906799261007,47.99999999999997,0.12308330340142956,2.0,0.0,38.0,18.6075,0.004966887417218624,6.01625,4.699999999999995,1.9144999999999952,1.7999999999999912,0.9322412066268833,0,
4019,200,0.017970926883917736,49.574999999999974,0.12308936220726491,2.0,1.0,42.0,20.0325,0.025316455696202445,5.03875,6.600000000000014,2.7694999999999963,2.699999999999994,1.7008724076131414,0,
4020,200,0.01795296493950285,51.37499999999996,0.12309503811047073,2.0,1.0,45.0,21.59875,0.032738095238095344,7.03125,8.100000000000021,3.7092500000000013,3.599999999999995,3.100169281514519,0,
4021,200,0.017935020948054412,45.82499999999997,0.1231019574312205,2.0,0.0,41.0,22.10125,0.030000000000000027,6.00875,7.4999999999999964,4.010750000000009,4.0000000000000195,2.5685384508413494,0,
4022,200,0.017917094891628405,52.22499999999995,0.12310763435240116,2.0,0.0,43.0,22.02625,0.014880952380952328,5.21125,7.400000000000029,3.965750000000005,4.100000000000019,2.4126807073136245,0,
4023,200,0.017899186752298794,36.54999999999997,0.12310971839926191,2.0,1.0,41.0,21.032840722495894,0.2627118644067796,2.574712643678161,6.500000000000003,3.511001642036128,3.7000000000000095,2.0631521786022518,1,
4024,200,0.017881296512157415,53.34999999999995,0.12311498579572255,2.0,1.0,43.0,21.48625,0.011904761904761862,7.44625,7.200000000000018,3.641749999999999,3.3999999999999977,2.6858611341580367,0,
4025,200,0.017863424153314034,48.09999999999997,0.12312312570219663,2.0,0.0,39.0,19.95375,0.011589403973509826,6.2625,4.799999999999994,2.7222499999999954,2.999999999999994,1.0498565779009004,0,
4026,200,0.017845569657896316,39.149999999999956,0.12312700652334627,2.0,0.0,45.0,21.87380191693291,0.24615384615384617,2.7763578274760383,9.400000000000022,4.2356230031948945,4.099999999999996,5.5470039425837685,1,
4027,200,0.017827733008049722,33.77499999999998,0.12313111370167937,2.0,0.0,46.0,19.158379373848987,0.3581081081081081,2.758747697974217,8.50000000000003,3.3493554327808472,2.499999999999994,5.285095778163692,2,
4028,200,0.017809914185937626,39.04999999999997,0.12313555563896555,2.0,0.0,48.0,21.811802232854866,0.2614503816793893,5.360446570972886,11.000000000000012,4.209728867623612,4.300000000000013,5.778181610060871,1,
4029,200,0.017792113173741214,50.34999999999995,0.12314056726995927,2.0,0.0,48.0,21.6375,0.059523809523809534,4.9675,9.600000000000042,3.7325000000000057,2.999999999999998,6.1632533800834555,0,
4030,200,0.01777432995365944,50.724999999999945,0.12314539530611662,2.0,1.0,45.0,22.92875,0.03698224852071008,6.88125,8.600000000000032,4.507250000000008,4.900000000000016,4.088553825865384,0,
4031,200,0.017756564507909123,47.49999999999998,0.12315075096308455,2.0,0.0,39.0,20.2625,0.016666666666666607,4.73875,6.099999999999997,2.9074999999999975,2.7999999999999927,1.52224612850958,0,
4032,200,0.017738816818724773,50.17499999999995,0.12315542434790645,2.0,1.0,49.0,22.9625,0.059523809523809534,7.835,10.400000000000025,4.527500000000007,4.4999999999999964,4.046150072109516,0,
4033,200,0.017721086868358722,50.42499999999997,0.12316009696596286,2.0,0.0,42.0,21.3325,0.020440251572326984,5.145,6.600000000000011,3.549499999999999,3.499999999999991,2.528003700005792,0,
4034,200,0.017703374639081032,28.099999999999966,0.12316490065075802,2.0,0.0,45.0,21.193396226415093,0.49444444444444446,0.8042452830188679,8.500000000000005,3.996462264150946,3.799999999999995,5.671504881101402,2,
4035,200,0.017685680113179437,41.399999999999956,0.12316752415208634,2.0,0.0,50.0,22.879310344827587,0.2536496350364964,3.311912225705329,10.800000000000045,4.960031347962393,5.199999999999997,6.035078775461117,1,
4036,200,0.01766800327295943,39.72499999999995,0.12317012153913899,2.0,0.0,46.0,22.401898734177216,0.24629629629629624,5.0,10.20000000000003,4.616455696202536,3.5999999999999943,8.723295353547549,1,
4037,200,0.01765034410074419,37.899999999999956,0.12317238358183166,2.0,0.0,46.0,21.11867088607595,0.25,3.5,10.700000000000022,3.8465189873417733,3.199999999999992,7.083233464272259,1,
4038,200,0.0176327025788745,39.39999999999997,0.12317720981568117,2.0,0.0,45.0,19.947284345047922,0.2620967741935484,2.4185303514377,8.000000000000012,3.0797124600638957,2.9999999999999956,3.240826717703355,1,
4039,200,0.017615078689708876,41.82499999999995,0.12318341267075437,2.0,1.0,46.0,22.410179640718564,0.19055944055944063,6.022455089820359,11.300000000000006,4.867964071856293,3.900000000000002,8.31932168444929,1,
4040,200,0.017597472415623393,49.02499999999995,0.123191551381493,2.0,0.0,45.0,22.07375,0.03658536585365857,8.2725,7.800000000000033,3.994250000000008,4.100000000000014,2.499020842220085,0,
4041,200,0.017579883739011794,53.299999999999955,0.1231988313893688,2.0,0.0,45.0,22.33625,0.010000000000000009,8.69125,8.300000000000017,4.151750000000003,4.199999999999999,4.690929267077008,0,
4042,200,0.017562312642285412,46.54999999999998,0.12320509355359002,2.0,0.0,38.0,19.7325,0.011744966442952975,7.4275,5.499999999999992,2.589499999999995,2.599999999999989,1.1653415708462023,0,
4043,200,0.01754475910787312,52.99999999999996,0.12321217977106616,2.0,0.0,44.0,21.1675,0.019230769230769162,5.94375,7.500000000000016,3.450500000000003,3.299999999999995,3.1518546747729435,0,
4044,200,0.0175272231182214,38.07499999999996,0.1232205238166719,2.0,0.0,44.0,20.786991869918698,0.2579365079365079,3.9121951219512194,7.400000000000004,3.4479674796747948,3.299999999999995,2.7109908414061588,1,
4045,200,0.017509704655794274,52.94999999999996,0.12322930004149682,2.0,0.0,45.0,21.08875,0.01900584795321647,7.7425,8.700000000000017,3.4032500000000008,3.4999999999999947,3.336944651476033,0,
4046,200,0.017492203703073247,47.69999999999996,0.12323744833258202,2.0,1.0,48.0,22.7,0.05792682926829262,8.8875,10.400000000000034,4.370000000000009,4.299999999999997,4.251256642588535,0,
4047,200,0.017474720242557397,53.099999999999966,0.12324329198697997,2.0,0.0,47.0,21.30125,0.04117647058823537,7.9025,9.100000000000003,3.530749999999995,3.399999999999994,2.1471577924340526,0,
4048,200,0.01745725425676323,33.49999999999997,0.1232477007685574,2.0,0.0,47.0,19.134438305709025,0.3646788990825688,1.1952117863720073,9.500000000000023,3.334990791896869,2.599999999999993,6.650289912090327,2,
4049,200,0.017439805728224775,50.699999999999946,0.12325587844016189,2.0,0.0,49.0,22.83,0.051724137931034475,8.5025,10.400000000000023,4.448000000000006,4.600000000000014,6.036055431336641,0,
4050,200,0.017422374639493515,39.59999999999997,0.12325948992801215,2.0,0.0,47.0,20.26475279106858,0.2578125,4.749601275917065,9.000000000000023,3.2814992025518324,3.1999999999999966,2.668787316090445,1,
4051,200,0.01740496097313833,51.54999999999997,0.12326559803014149,1.0,0.0,48.0,21.4375,0.047687861271676235,8.19125,9.700000000000015,3.6124999999999994,3.1999999999999904,4.4426006915635945,0,
4052,200,0.017387564711745573,50.69999999999996,0.12327426017666676,2.0,1.0,44.0,22.5025,0.028106508875739733,8.81875,8.600000000000017,4.251500000000004,4.099999999999996,3.5791033423489993,0,
4053,200,0.017370185837918987,50.699999999999974,0.12328210065594136,2.0,0.0,41.0,20.995,0.004601226993865115,7.84,6.800000000000005,3.346999999999999,3.0999999999999925,2.620595094679845,0,
4054,200,0.017352824334279676,52.24999999999996,0.1232890044286617,2.0,1.0,43.0,22.21125,0.010355029585798814,7.62125,7.200000000000032,4.076750000000008,4.400000000000004,1.9768625263477222,0,
4055,200,0.01733548018346616,42.724999999999966,0.12329423919712842,2.0,1.0,44.0,19.309006211180126,0.21641791044776126,2.4130434782608696,7.399999999999999,2.8683229813664575,2.3999999999999937,3.555682158486749,1,
4056,200,0.017318153368134255,29.799999999999976,0.1232980490524091,2.0,0.0,45.0,19.63478260869565,0.44791666666666663,0.658695652173913,8.500000000000023,3.544130434782609,3.099999999999997,5.194229226036061,2,
4057,200,0.01730084387095716,42.42499999999996,0.12330165091355753,2.0,0.0,47.0,20.855384615384615,0.2281021897810218,2.976923076923077,9.000000000000016,3.840153846153848,3.599999999999994,3.9032122916267413,1,
4058,200,0.017283551674625395,37.07499999999997,0.12330500575872189,2.0,0.0,47.0,21.821138211382113,0.282258064516129,5.213008130081301,9.800000000000026,4.06845528455285,3.2999999999999905,5.886174965100097,1,
4059,200,0.01726627676184673,51.84999999999996,0.12331041436461507,2.0,1.0,47.0,22.22125,0.030701754385964897,8.2825,9.400000000000016,4.0827500000000025,3.9000000000000017,2.89360695876089,0,
4060,200,0.017249019115346265,33.19999999999995,0.12331356310735422,2.0,0.0,48.0,19.801038062283737,0.30508474576271183,3.698961937716263,10.800000000000024,4.151384083044989,3.3000000000000016,10.607443329951014,2,
4061,200,0.017231778717866367,52.12499999999994,0.12331942975611035,2.0,0.0,44.0,22.7975,0.008720930232558155,6.085,8.300000000000018,4.428500000000007,4.900000000000002,4.351844549757139,0,
4062,200,0.017214555552166607,39.074999999999974,0.12332598264871143,2.0,0.0,43.0,19.08,0.21456692913385833,4.929230769230769,7.500000000000006,2.7749230769230744,2.5999999999999917,2.7744700224142593,1,
4063,200,0.017197349601023853,43.64999999999998,0.12333146423200388,2.0,0.0,41.0,18.718836565096954,0.12142857142857144,5.21606648199446,5.999999999999999,2.640304709141271,2.299999999999991,1.8484206275669863,1,
4064,200,0.017180160847232114,48.974999999999966,0.12333881938633726,2.0,0.0,51.0,21.9025,0.06325301204819267,8.395,11.80000000000003,3.8915000000000015,3.5999999999999908,4.423034660991686,0,
4065,200,0.017162989273602654,40.89999999999996,0.12334407861276525,2.0,0.0,50.0,24.15927750410509,0.27898550724637683,3.6600985221674875,10.800000000000033,5.3868637110016495,5.600000000000006,6.933967644521193,1,
4066,200,0.017145834862963918,41.77499999999996,0.12334917043784827,2.0,1.0,48.0,20.696485623003195,0.25,5.5495207667731625,10.00000000000002,3.5292332268370603,3.499999999999993,4.786266258373219,1,
4067,33,0.017128697598161453,3.2000000000000006,0.12335058371401604,3.0,0.0,4.0,1.8703703703703705,0,0.7592592592592593,1.1,0.4925925925925927,0.5000000000000001,0.08698962531081193,4,
4068,200,0.017111577462058016,51.19999999999997,0.12335904624225216,2.0,0.0,47.0,21.31,0.03402366863905315,7.65375,9.100000000000028,3.536,3.4999999999999947,2.275957556183694,0,
4069,200,0.01709447443753348,22.449999999999974,0.12336044551336019,13.0,1.0,51.0,17.593175853018373,0.48376623376623373,3.5538057742782154,13.500000000000032,4.309711286089246,2.099999999999999,15.297517635712408,3,
4070,200,0.017077388507484793,53.82499999999996,0.12337043187396585,2.0,0.0,46.0,22.08875,0.0196629213483146,9.05,8.500000000000014,4.00325,3.750000000000001,3.8655454774148312,0,
4071,200,0.017060319654826052,51.27499999999996,0.12337935586165857,2.0,0.0,45.0,21.7625,0.023255813953488413,9.07375,8.100000000000009,3.807499999999999,3.499999999999993,3.1365486508572755,0,
4072,200,0.017043267862488373,45.92499999999998,0.12338822312707429,2.0,1.0,37.0,19.7375,0.01041666666666674,8.8075,5.999999999999999,2.5924999999999954,2.699999999999986,0.8532450831954432,0,
4073,200,0.017026233113419977,29.64999999999997,0.12338936071350315,2.0,0.0,47.0,21.112385321100916,0.47395833333333337,1.5389908256880733,9.400000000000025,4.167201834862389,3.999999999999995,6.780267287408962,2,
4074,200,0.017009215390586124,40.474999999999966,0.12339389991148411,2.0,0.0,48.0,21.711323763955342,0.2612781954887218,6.28548644338118,9.800000000000024,4.1494417862839,4.499999999999999,4.037342494047771,1,
4075,200,0.016992214676969066,41.29999999999996,0.12339976776943985,2.0,0.0,44.0,20.184451219512194,0.19890510948905105,7.708841463414634,7.400000000000006,3.4753048780487807,2.799999999999999,4.138790012432188,1,
4076,200,0.016975230955568105,48.199999999999974,0.12340728847614546,2.0,0.0,45.0,22.54,0.023809523809523725,10.71125,8.600000000000037,4.2740000000000045,4.700000000000004,4.344580788407518,0,
4077,200,0.016958264209399526,53.549999999999955,0.12341587896480538,2.0,0.0,46.0,22.09875,0.021186440677966045,8.44625,9.400000000000016,4.009250000000003,3.9499999999999957,4.937522152378389,0,
4078,200,0.016941314421496552,51.049999999999976,0.12342332152908125,2.0,0.0,44.0,21.16,0.019461077844311392,7.3225,7.299999999999996,3.446,3.5,1.7013366583385348,0,
4079,200,0.01692438157490943,48.19999999999996,0.12343091090089106,2.0,0.0,42.0,23.055,0.02187500000000009,9.73625,7.800000000000019,4.583000000000011,4.900000000000015,3.293016145337754,0,
4080,200,0.01690746565270528,40.72499999999995,0.12344168586672741,2.0,0.0,45.0,22.702439024390245,0.2537878787878788,3.5040650406504064,8.300000000000015,4.597235772357729,5.100000000000001,5.032119484749816,1,
4081,200,0.016890566637968184,40.724999999999966,0.12344935672872656,2.0,0.0,44.0,21.57471264367816,0.25384615384615383,2.548440065681445,7.400000000000027,3.836124794745487,3.7999999999999954,3.6592631578947574,1,
4082,200,0.016873684513799156,41.69999999999996,0.12345456250646897,2.0,1.0,46.0,21.879674796747967,0.25751879699248126,2.2178861788617885,9.100000000000035,4.103577235772362,4.0999999999999925,5.11622837260463,1,
4083,200,0.01685681926331603,51.99999999999995,0.12346274178800815,2.0,0.0,44.0,23.03,0.013157894736842035,7.45875,7.600000000000032,4.568000000000011,4.9000000000000075,2.6462301347346195,0,
4084,200,0.01683997086965357,38.99999999999996,0.1234665526228731,1.0,0.0,45.0,22.621138211382114,0.26574803149606296,4.7560975609756095,8.10000000000003,4.548455284552856,4.900000000000001,4.1641021193790255,1,
4085,200,0.016823139315963402,48.99999999999996,0.12347356647972496,2.0,0.0,43.0,23.675,0.014880952380952328,9.58375,8.80000000000003,4.955000000000011,5.400000000000039,3.405780321531782,0,
4086,200,0.016806324585413937,49.44999999999996,0.12348175673387679,2.0,0.0,45.0,22.175,0.044642857142857206,9.03375,8.900000000000025,4.055000000000006,3.950000000000004,4.482632004112536,0,
4087,200,0.01678952666119047,39.77499999999997,0.12349013977446423,2.0,0.0,44.0,20.495894909688012,0.266,2.19376026272578,7.400000000000013,3.1888341543513965,3.099999999999998,2.9197518334771444,1,
4088,200,0.016772745526495048,53.14999999999995,0.12349619572673917,2.0,1.0,44.0,22.4,0.01011560693641611,6.47625,8.400000000000032,4.190000000000008,4.150000000000011,2.7356542744598276,0,
4089,200,0.016755981164546553,50.849999999999966,0.12350573897464719,2.0,1.0,45.0,22.51125,0.014367816091954033,11.36625,8.300000000000026,4.256750000000008,4.20000000000002,3.0344841788815593,0,
4090,200,0.016739233558580632,52.19999999999995,0.12351231505077112,2.0,0.0,47.0,23.0325,0.03248587570621475,11.02,9.200000000000024,4.56950000000001,4.899999999999999,4.235426367853732,0,
4091,200,0.01672250269184965,46.64999999999998,0.12352037673960956,2.0,1.0,44.0,20.88,0.04354838709677411,9.1075,8.800000000000004,3.277999999999997,3.0999999999999965,2.3412196581557208,0,
4092,200,0.016705788547622755,32.34999999999998,0.12352463238245205,1.0,0.0,40.0,17.220338983050848,0.27314814814814814,7.069491525423729,5.599999999999996,2.3320338983050797,2.0999999999999934,1.4054693923280426,2,
4093,200,0.016689091109185813,51.349999999999945,0.12353306764328309,2.0,1.0,50.0,23.80625,0.03888888888888897,10.5975,11.000000000000034,5.033750000000008,5.500000000000014,6.698271403549106,0,
4094,200,0.016672410359841357,35.07499999999998,0.12354083476862422,2.0,0.0,37.0,18.0926517571885,0.23198198198198194,5.207667731629393,4.499999999999998,1.9669329073482384,1.8999999999999921,0.9795640191387535,1,
4095,200,0.016655746282908664,49.349999999999966,0.12354818456595104,2.0,0.0,43.0,21.56625,0.016666666666666607,8.93,6.800000000000035,3.6897500000000027,3.899999999999997,2.451248767576215,0,
4096,200,0.016639098861723624,33.074999999999974,0.12355222324582235,2.0,0.0,45.0,18.34493670886076,0.2630434782608696,6.5205696202531644,7.900000000000006,2.4784810126582246,1.9999999999999991,3.1615068736652674,2,
4097,200,0.01662246807963884,49.19999999999995,0.12355687420790125,2.0,0.0,46.0,20.960732984293195,0.09259259259259256,6.980366492146596,8.800000000000018,3.7128272251308916,3.199999999999998,4.41075924926548,1,
4098,200,0.01660585392002353,53.89999999999995,0.12356225392782272,2.0,1.0,46.0,23.22625,0.01857142857142846,4.80125,9.900000000000022,4.685750000000008,4.6999999999999975,5.162605004070363,0,
4099,200,0.01658925636626351,50.774999999999956,0.12356911797628786,2.0,0.0,49.0,21.83875,0.04940119760479034,8.45375,10.300000000000026,3.8532500000000045,4.000000000000014,4.6967717762059245,0,
4100,200,0.016572675401761255,50.52499999999996,0.12357705008808045,2.0,0.0,47.0,22.70125,0.03197674418604657,9.66,9.300000000000027,4.370750000000004,4.600000000000007,4.203451005392224,0,
4101,200,0.016556111009935766,38.79999999999997,0.1235825801975374,2.0,1.0,46.0,21.57471264367816,0.2692307692307693,8.267651888341543,8.400000000000006,3.8361247947454844,3.6999999999999975,2.3526586496980246,1,
4102,200,0.016539563174222668,46.79999999999997,0.12359040437098243,2.0,0.0,38.0,19.61625,0.005033557046979942,8.455,4.7,2.519749999999996,2.6499999999999946,1.3409620327531735,0,
4103,200,0.016523031878074135,40.874999999999964,0.12359558298303397,3.0,0.0,45.0,21.09054054054054,0.12328767123287676,8.274324324324324,9.700000000000015,3.971891891891897,3.6000000000000156,5.3535710620363,1,
4104,200,0.016506517104958845,49.049999999999976,0.12360273279738762,2.0,0.0,45.0,21.085,0.027439024390243816,8.635,8.300000000000002,3.401,3.4999999999999947,2.1978524341444308,0,
4105,200,0.016490018838362035,44.174999999999976,0.12361147177900611,2.0,0.0,46.0,20.15945945945946,0.1241721854304636,8.489189189189188,8.500000000000014,3.4132432432432465,2.9999999999999925,4.214183663593267,1,
4106,200,0.01647353706178545,47.19999999999998,0.12362296361421807,2.0,0.0,41.0,19.82375,0.02215189873417711,8.3875,6.800000000000003,2.6442499999999955,2.4999999999999947,1.754794679366685,0,
4107,200,0.016457071758747287,43.89999999999996,0.12362918933240144,2.0,0.0,56.0,22.41920731707317,0.24328859060402674,6.266768292682927,14.500000000000028,4.816158536585371,4.499999999999998,10.886715419382623,1,
4108,200,0.01644062291278227,54.52499999999996,0.12363894436633699,2.0,0.0,47.0,22.77125,0.015193370165745845,8.4675,9.200000000000017,4.412750000000008,4.499999999999998,4.255894087334542,0,
4109,200,0.016424190507441518,42.54999999999995,0.1236476171865238,2.0,0.0,50.0,21.620111731843576,0.15999999999999992,10.495810055865922,11.000000000000037,4.402513966480455,4.199999999999999,6.838582438482074,1,
4110,200,0.016407774526292645,46.02499999999998,0.12365850648344935,2.0,0.0,41.0,20.56125,0.02564102564102555,9.905,5.900000000000006,3.0867499999999994,3.100000000000006,1.4164766507447752,0,
4111,200,0.016391374952919677,51.69999999999995,0.12366669489666218,2.0,0.0,48.0,22.965,0.04651162790697683,10.45125,10.100000000000009,4.529000000000009,4.699999999999996,4.210315578618119,0,
4112,200,0.01637499177092302,50.27499999999995,0.12367695449034165,2.0,0.0,48.0,22.3175,0.050000000000000044,10.46875,9.900000000000032,4.140500000000009,4.3000000000000185,3.8228657232277308,0,
4113,200,0.01635862496391949,46.57499999999995,0.12368404769119185,2.0,0.0,50.0,23.104225352112675,0.1568322981366459,6.763380281690141,11.000000000000043,5.309718309859166,5.4,10.34763030674537,1,
4114,200,0.016342274515542307,40.77499999999997,0.12369083506214099,2.0,0.0,44.0,19.317384370015947,0.2421875,3.6251993620414673,7.2000000000000215,2.7130781499202525,2.399999999999991,2.9441745690970955,1,
4115,200,0.016325940409440985,49.74999999999997,0.1236996047378025,2.0,0.0,41.0,20.50625,0.014331210191082855,8.27625,6.1000000000000005,3.0537499999999937,2.999999999999993,1.7754137115839266,0,
4116,200,0.01630962262928145,37.27499999999996,0.12370439032489071,2.0,1.0,50.0,22.505691056910567,0.2890625,8.801626016260162,11.100000000000023,4.479186991869923,4.100000000000005,6.263973624095796,1,
4117,200,0.016293321158745884,40.349999999999966,0.12371003135519537,3.0,0.0,49.0,22.45846645367412,0.25375939849624063,6.282747603833866,10.500000000000034,4.5864217252396235,4.800000000000002,6.089240114832578,1,
4118,200,0.016277035981532836,50.39999999999997,0.12371901979437888,2.0,0.0,47.0,21.2225,0.044642857142857206,9.4825,9.000000000000016,3.4835000000000007,3.249999999999998,4.043534068021996,0,
4119,200,0.016260767081357142,40.774999999999956,0.12372489731880201,2.0,0.0,50.0,23.253658536585366,0.2720588235294118,3.107317073170732,11.700000000000031,4.927967479674807,5.2,6.85608147552778,1,
4120,200,0.01624451444194987,28.624999999999968,0.12372839636314334,2.0,0.0,49.0,22.087155963302752,0.47959183673469385,2.458715596330275,10.800000000000027,4.7520642201834935,5.25,8.596118940529784,2,
4121,200,0.016228278047058394,48.82499999999997,0.12373949214039631,2.0,1.0,46.0,22.07,0.03571428571428581,8.08125,9.000000000000025,3.992000000000001,3.499999999999994,4.431142923660845,0,
4122,200,0.016212057880446332,27.924999999999976,0.12374286012328703,2.0,0.0,43.0,19.6784140969163,0.45329670329670335,1.449339207048458,6.700000000000024,3.514977973568283,3.699999999999992,2.490448536011458,2,
4123,200,0.016195853925893487,18.649999999999984,0.12374383961408647,6.0,1.0,49.0,17.917857142857144,0.6293103448275862,0.8428571428571429,10.70000000000002,3.9303571428571464,2.649999999999997,12.281270807025647,3,
4124,38,0.01617966616719593,1.9250000000000005,0.12374549225168446,2.0,1.0,5.0,2.24468085106383,0,0.9574468085106383,1.5,0.731914893617021,0.7999999999999993,0.1670854555744198,4,
4125,200,0.016163494588165874,47.149999999999956,0.12375561042175885,3.0,0.0,55.0,22.65125,0.08431952662721898,9.15375,14.100000000000042,4.340750000000006,3.6999999999999926,9.518004309381794,0,
4126,200,0.016147339172631756,45.849999999999966,0.12376404211627635,2.0,0.0,45.0,21.02375,0.05769230769230771,9.44375,9.200000000000006,3.3642500000000006,3.150000000000006,4.007678199497203,0,
4127,200,0.01613119990443817,38.64999999999997,0.12377047495054727,2.0,1.0,48.0,20.806153846153848,0.23120300751879697,4.144615384615385,10.700000000000033,3.810615384615388,3.1999999999999984,7.515612794349858,1,
4128,200,0.016115076767445814,47.89999999999998,0.12378141495456693,2.0,0.0,41.0,19.96625,0.020967741935483897,6.55875,6.200000000000003,2.729750000000001,2.699999999999993,1.832017800027819,0,
4129,200,0.016098969745531575,39.04999999999997,0.12378810219859923,3.0,1.0,44.0,19.369905956112852,0.23062015503875966,5.998432601880878,7.199999999999998,2.8543887147335414,2.6999999999999904,2.3301980626125585,1,
4130,200,0.016082878822588433,41.27499999999995,0.12379443871974086,2.0,0.0,50.0,24.33008130081301,0.2605633802816901,5.31219512195122,10.800000000000043,5.5738211382113985,6.000000000000013,6.35209568932702,1,
4131,200,0.01606680398252544,51.14999999999997,0.12380214848396127,1.0,0.0,41.0,20.7875,0.0092592592592593,8.63625,6.399999999999999,3.2225,3.399999999999995,2.1186470603860434,0,
4132,200,0.016050745209267785,31.574999999999957,0.12380549843424463,2.0,0.0,45.0,20.223385689354277,0.3371559633027523,7.144851657940663,9.60000000000001,3.549389179755671,2.8999999999999924,6.420320228551974,2,
4133,200,0.01603470248675666,48.09999999999998,0.12381477778759756,2.0,0.0,42.0,20.67,0.02564102564102555,8.04875,6.699999999999998,3.151999999999999,3.2999999999999927,1.6656486025759523,0,
4134,200,0.016018675798949358,39.824999999999974,0.12382135755220644,2.0,0.0,52.0,19.123943661971833,0.1888489208633093,6.436619718309859,12.100000000000025,2.9215492957746463,2.199999999999992,5.926350201051808,1,
4135,200,0.016002665129819207,37.79999999999997,0.12382508507280106,2.0,1.0,46.0,22.27093596059113,0.2692307692307693,4.369458128078818,10.20000000000001,4.253858784893271,3.9000000000000026,5.311727674719614,1,
4136,200,0.0159866704633555,52.37499999999996,0.12383386656944767,2.0,0.0,47.0,22.95125,0.02528089887640439,10.32125,10.800000000000024,4.520750000000004,3.7999999999999954,6.818180090906433,0,
4137,200,0.015970691783563595,53.47499999999995,0.12384234930007153,2.0,0.0,48.0,22.88875,0.03693181818181812,7.47,9.60000000000002,4.483250000000004,4.599999999999998,4.5851266017603445,0,
4138,200,0.015954729074464814,48.24999999999997,0.12384809427190498,2.0,0.0,44.0,21.4175,0.03750000000000009,6.96875,7.800000000000029,3.6005000000000016,3.6999999999999966,2.523503692974538,0,
4139,200,0.015938782320096424,50.89999999999995,0.12385731293698071,2.0,0.0,46.0,22.6175,0.024853801169590684,7.24125,8.600000000000035,4.3205000000000044,3.8999999999999986,4.359536561775916,0,
4140,200,0.015922851504511698,15.749999999999975,0.12385794214374743,8.0,0.0,41.0,14.212698412698412,0.5089285714285714,3.4285714285714284,5.6000000000000085,2.1926984126984164,1.6999999999999997,2.596322059179239,3,
4141,200,0.015906936611779787,51.54999999999995,0.12386683851381614,2.0,1.0,46.0,23.1025,0.028735632183908066,8.2325,9.000000000000021,4.6115000000000075,4.599999999999998,4.158074246991046,0,
4142,200,0.015891037625985815,31.674999999999976,0.12386937076785248,2.0,0.0,46.0,19.05078125,0.3642857142857143,3.482421875,8.500000000000028,3.7273437500000037,3.8999999999999986,4.8192707033947455,2,
4143,200,0.015875154531230805,32.79999999999998,0.12387195923793391,2.0,0.0,42.0,18.774869109947645,0.3142201834862385,3.6649214659685865,6.600000000000014,2.979755671902272,2.699999999999996,3.8978568382836953,2,
4144,200,0.015859287311631637,23.499999999999975,0.12387327501193471,6.0,0.0,51.0,18.260651629072683,0.48124999999999996,1.4160401002506267,12.500000000000043,4.419799498746875,2.2999999999999967,14.55365929648252,3,
4145,200,0.0158434359513211,41.024999999999956,0.12387700746422549,3.0,0.0,46.0,23.610837438423644,0.2574074074074074,3.6699507389162562,9.20000000000003,5.057799671592786,5.900000000000011,5.3338821182053895,1,
4146,200,0.015827600434447853,50.299999999999955,0.12388208424193606,2.0,0.0,49.0,22.2825,0.0535714285714286,6.29125,10.800000000000022,4.119500000000004,4.100000000000019,4.468076731369914,0,
4147,200,0.015811780745176342,40.44999999999996,0.12388653029312528,2.0,0.0,45.0,21.793880837359097,0.24624060150375948,3.3526570048309177,9.400000000000016,4.129146537842196,4.199999999999997,6.3199881236386615,1,
4148,200,0.01579597686768691,45.99999999999998,0.12389251103343349,1.0,0.0,40.0,19.65875,0.030405405405405483,5.53375,6.3999999999999915,2.545249999999994,2.399999999999995,1.077104120475185,0,
4149,200,0.015780188786175646,36.72499999999998,0.12389539138557029,2.0,0.0,44.0,18.423076923076923,0.22933884297520657,4.055384615384615,8.700000000000017,2.3807692307692303,1.4999999999999996,4.826918525250972,1,
4150,200,0.015764416484854486,33.724999999999966,0.12389676391722047,2.0,0.0,48.0,19.975238095238094,0.375,3.921904761904762,10.000000000000021,4.044190476190484,3.999999999999998,7.986380939250626,2,
4151,200,0.015748659947951136,31.72499999999997,0.12390119920560375,3.0,0.0,50.0,18.2719836400818,0.42156862745098034,1.7607361963190185,10.800000000000027,3.065848670756648,1.7999999999999976,7.860236701237906,2,
4152,200,0.015732919159709032,54.94999999999996,0.12390541172196959,2.0,0.0,45.0,21.845,0.009887005649717562,4.93375,8.100000000000017,3.857,3.6999999999999966,3.570306578604046,0,
4153,200,0.015717194104387402,51.174999999999955,0.12391177943250901,2.0,0.0,44.0,22.2025,0.02844311377245501,6.61,8.400000000000023,4.071500000000006,4.20000000000002,2.872392238112893,0,
4154,200,0.015701484766261195,51.39999999999997,0.1239168864573531,2.0,0.0,42.0,21.68125,0.015432098765432167,4.81375,6.40000000000004,3.758750000000009,4.300000000000008,2.1530018015653383,0,
4155,200,0.015685791129621054,54.77499999999995,0.1239240567236545,2.0,0.0,45.0,22.67125,0.0128571428571429,4.985,8.100000000000026,4.352750000000005,4.599999999999995,4.014273709802702,0,
4156,200,0.01567011317877336,27.174999999999958,0.1239262427686546,2.0,0.0,45.0,22.667464114832537,0.5028089887640449,0.5789473684210527,8.200000000000033,4.762200956937809,5.600000000000005,6.325593081620671,2,
4157,200,0.01565445089804014,48.17499999999996,0.12393227158966921,2.0,0.0,45.0,20.043193717277486,0.09640522875817004,4.1662303664921465,8.400000000000013,3.1623036649214655,3.0999999999999917,3.8436379273422063,1,
4158,200,0.015638804271759118,45.67499999999997,0.12393676518016022,2.0,0.0,44.0,19.802023121387283,0.15689655172413786,3.7283236994219653,7.500000000000003,3.349132947976879,2.699999999999994,3.8777963634693133,1,
4159,200,0.01562317328428369,16.924999999999983,0.12393915328805227,6.0,0.0,51.0,20.502092050209207,0.7311320754716981,0.0,11.500000000000025,4.558158995815904,3.2999999999999967,13.920752450980446,3,
4160,200,0.01560755791998283,53.27499999999995,0.12394412395348905,2.0,0.0,53.0,23.27625,0.05965909090909083,4.32375,12.600000000000037,4.715750000000011,4.600000000000023,6.239711687049553,0,
4161,200,0.015591958163241193,54.37499999999995,0.1239486397791047,2.0,0.0,48.0,22.46375,0.03248587570621475,5.57625,11.10000000000002,4.228250000000004,4.399999999999995,6.152411550643083,0,
4162,200,0.015576373998459032,50.94999999999996,0.12395325337932414,2.0,1.0,42.0,21.94375,0.009146341463414531,5.50375,8.900000000000007,3.9162500000000064,4.099999999999999,3.8778919967062726,0,
4163,200,0.015560805410052154,42.77499999999995,0.12395921612635714,2.0,1.0,46.0,23.236453201970445,0.25735294117647056,2.0082101806239736,8.700000000000035,4.8331691297208605,5.100000000000001,4.8386501294219535,1,
4164,200,0.015545252382451996,37.54999999999997,0.12396236556685954,2.0,1.0,40.0,19.82439024390244,0.24583333333333335,2.8715447154471545,6.300000000000002,2.8704065040650386,2.899999999999994,1.9606253437116627,1,
4165,200,0.015529714900105502,46.04999999999998,0.12396652198917796,1.0,0.0,37.0,19.2775,0.019230769230769162,5.37625,4.499999999999993,2.3164999999999942,2.2999999999999923,0.8303790474672591,0,
4166,200,0.015514192947475202,52.22499999999996,0.123971551078683,2.0,0.0,42.0,21.32375,0.010606060606060508,6.25,6.700000000000003,3.5442499999999995,3.8000000000000034,2.6106960167125406,0,
4167,200,0.015498686509039157,38.14999999999998,0.12397422446729717,2.0,0.0,43.0,19.824534161490682,0.22560975609756095,4.717391304347826,7.300000000000033,3.1776397515527974,2.899999999999991,3.136184599804724,1,
4168,200,0.015483195569290899,48.67499999999998,0.12397825849561478,2.0,0.0,40.0,19.81625,0.023026315789473673,5.2075,5.6,2.6397499999999945,2.399999999999996,1.3054719772999648,0,
4169,200,0.015467720112739499,36.14999999999996,0.12398092728122047,2.0,0.0,50.0,21.60262725779967,0.3109756097560976,1.6847290640394088,11.700000000000019,3.8528735632183904,3.100000000000009,8.266257873166547,1,
4170,200,0.015452260123909515,44.12499999999997,0.12398677412794397,2.0,1.0,43.0,18.717451523545705,0.130281690140845,4.401662049861496,7.60000000000002,2.639473684210525,2.0999999999999948,2.9236690434946273,1,
4171,200,0.01543681558734093,57.074999999999946,0.12398914683462608,2.0,0.0,47.0,23.39125,0.015193370165745845,5.165,9.50000000000003,4.784750000000007,5.100000000000001,6.109476983557831,0,
4172,200,0.015421386487589232,53.474999999999945,0.12399123258757555,2.0,0.0,47.0,23.4525,0.026836158192090398,4.7575,11.700000000000019,4.821500000000011,4.6000000000000085,6.669348170856553,0,
4173,200,0.015405972809225293,53.99999999999996,0.12399687797333266,2.0,0.0,53.0,23.57,0.06388888888888888,6.3225,13.200000000000037,4.892000000000012,4.900000000000029,5.786395041242298,0,
4174,200,0.015390574536835447,53.974999999999945,0.12400137773381953,2.0,0.0,46.0,23.325,0.016853932584269593,5.1125,8.500000000000027,4.74500000000001,5.200000000000002,4.158031496924251,0,
4175,200,0.015375191655021433,40.82499999999997,0.1240041402659231,2.0,0.0,49.0,20.771159874608152,0.25,4.532915360501567,11.100000000000026,3.6951410658307204,3.399999999999997,5.7350845242394835,1,
4176,200,0.015359824148400343,52.599999999999945,0.1240088883074137,2.0,0.0,44.0,23.7625,0.008720930232558155,5.70875,8.600000000000017,5.007500000000012,5.500000000000011,4.590800923126485,0,
4177,200,0.015344472001604681,42.44999999999996,0.12401042666412013,2.0,0.0,47.0,22.798373983739836,0.25,3.7626016260162602,9.300000000000033,4.6547967479674845,4.599999999999994,6.439469626464782,1,
4178,200,0.015329135199282314,27.099999999999973,0.12401505906198496,2.0,1.0,45.0,20.35374149659864,0.4666666666666667,0.6848072562358276,8.200000000000024,3.796825396825401,4.199999999999997,4.40164520773347,2,
4179,200,0.015313813726096408,42.69999999999996,0.12401796969029616,2.0,0.0,47.0,22.499194847020934,0.25,1.895330112721417,9.600000000000026,4.552334943639299,4.600000000000006,4.661926926667393,1,
4180,200,0.015298507566725518,29.17499999999996,0.12401694875086508,2.0,0.0,46.0,21.95364238410596,0.453125,1.9955849889624724,9.900000000000032,4.908167770419437,5.300000000000007,7.133897411407021,2,
4181,200,0.015283216705863457,48.24999999999998,0.1240215011312297,1.0,1.0,38.0,19.235,0.0,5.12,5.099999999999994,2.290999999999994,2.299999999999991,1.0411706268291017,0,
4182,200,0.015267941128219376,52.02499999999996,0.12402628174981395,1.0,0.0,43.0,21.62875,0.009036144578313143,4.82875,7.000000000000019,3.7272499999999993,3.600000000000006,1.7814602210316015,0,
4183,200,0.015252680818517708,30.82499999999998,0.12402989715172712,2.0,0.0,45.0,17.63030303030303,0.40816326530612246,0.8767676767676768,7.899999999999996,2.5783838383838362,2.1999999999999935,3.095605981454878,2,
4184,200,0.015237435761498117,49.04999999999995,0.12403188445011248,2.0,0.0,45.0,22.04875,0.05188679245283012,3.43625,11.600000000000016,3.979250000000001,3.4999999999999956,5.949528733638671,0,
4185,200,0.015222205941915557,52.19999999999996,0.12403498905521985,2.0,0.0,42.0,22.38125,0.009146341463414531,6.12625,7.600000000000031,4.178750000000006,4.3999999999999995,3.5799540311782057,0,
4186,200,0.015206991344540219,28.724999999999973,0.12403579484187993,2.0,0.0,50.0,22.066985645933013,0.5131578947368421,1.222488038277512,10.800000000000022,4.401913875598092,4.600000000000001,7.845974256394448,2,
4187,200,0.015191791954157482,41.974999999999966,0.1240366891048586,2.0,0.0,43.0,19.78757225433526,0.15875912408759119,5.690751445086705,6.900000000000022,3.3404624277456643,3.299999999999997,2.2856219002094673,1,
4188,200,0.015176607755567978,48.64999999999998,0.12404068284955626,2.0,0.0,41.0,21.025,0.022435897435897356,4.1975,6.500000000000011,3.3650000000000015,3.4999999999999964,2.4742788660607364,0,
4189,200,0.01516143873358748,15.974999999999984,0.12404273345826372,4.0,0.0,49.0,18.97071129707113,0.7205882352941176,0.0,10.300000000000022,3.654393305439334,2.199999999999999,11.715321778711525,3,
4190,200,0.01514628487304698,38.624999999999964,0.12404364738144692,2.0,0.0,56.0,21.73524720893142,0.29887218045112784,5.783094098883573,14.70000000000003,4.163795853269538,3.499999999999997,10.335828788587989,1,
4191,200,0.015131146158792626,51.77499999999996,0.12404827068562208,2.0,0.0,41.0,21.59625,0.0092592592592593,2.88625,7.1000000000000165,3.7077500000000043,3.800000000000012,1.8973429020982937,0,
4192,200,0.015116022575685681,54.799999999999955,0.12405081653742975,2.0,1.0,51.0,24.59875,0.069672131147541,6.2675,11.900000000000025,5.509250000000008,4.499999999999999,11.948683107317427,0,
4193,200,0.015100914108602571,30.099999999999966,0.12405159393130745,2.0,0.0,48.0,22.28054298642534,0.46649484536082475,0.8438914027149321,10.000000000000028,4.9692307692307764,5.199999999999998,9.136023095468492,2,
4194,200,0.01508582074243484,43.54999999999997,0.12405378962599574,2.0,0.0,46.0,19.678474114441418,0.1338028169014085,4.077656675749319,8.700000000000037,3.159536784741144,2.799999999999997,3.4702356544255126,1,
4195,200,0.015070742462089098,17.549999999999986,0.12405524372682979,7.0,0.0,51.0,19.888446215139442,0.6954545454545454,0.14342629482071714,12.20000000000003,4.524302788844629,4.000000000000005,17.369525714285793,3,
4196,200,0.015055679252487086,38.374999999999964,0.1240605945629411,2.0,0.0,41.0,21.43349753694581,0.25,2.1510673234811164,8.000000000000005,3.751395730706074,3.499999999999998,2.787070427092328,1,
4197,200,0.015040631098565566,55.37499999999996,0.12406732199418316,2.0,0.0,50.0,21.72625,0.04494382022471921,5.73125,11.100000000000009,3.7857499999999993,3.4999999999999956,4.336103712662064,0,
4198,200,0.0150255979852764,53.67499999999995,0.12407277365347844,2.0,0.0,46.0,23.51125,0.008426966292134797,5.1075,9.300000000000006,4.856750000000007,5.300000000000004,4.730086828260706,0,
4199,200,0.015010579897586484,42.524999999999935,0.12407760010310276,2.0,0.0,52.0,22.67496542185339,0.16721854304635753,4.385892116182573,13.500000000000023,5.010096818810519,4.099999999999997,10.954676963927739,1,
4200,200,0.014995576820477703,37.52499999999998,0.12408036354206693,1.0,0.0,40.0,19.0311986863711,0.2673913043478261,1.0591133004926108,4.999999999999995,2.3100164203612423,2.399999999999997,0.9555836928386501,1,
4201,200,0.014980588738946993,34.37499999999996,0.12408428303209541,2.0,0.0,46.0,21.51170568561873,0.31779661016949157,3.5535117056856187,9.600000000000017,3.9749163879598712,3.7999999999999963,6.047180364817987,2,
4202,200,0.014965615638006283,16.624999999999986,0.12408382718786726,6.0,0.0,52.0,22.206008583690988,0.7405660377358491,0.030042918454935622,12.500000000000034,5.4081545064377785,5.1000000000000005,14.313630636604858,3,
4203,200,0.014950657502682445,47.99999999999996,0.12408863449520237,2.0,0.0,48.0,22.29125,0.0625,6.37375,10.500000000000016,4.124750000000004,3.900000000000008,4.596244619132245,0,
4204,200,0.014935714318017369,29.924999999999986,0.12409126867316261,2.0,0.0,41.0,18.14426877470356,0.35,1.982213438735178,6.600000000000024,3.1745059288537565,3.199999999999993,2.8582742593786175,2,
4205,200,0.014920786069067842,55.049999999999955,0.12409655343780022,2.0,0.0,48.0,22.40375,0.03651685393258419,4.3525,10.40000000000003,4.1922500000000005,3.699999999999992,6.298949779609067,0,
4206,200,0.014905872740905627,51.02499999999996,0.12410036237630141,2.0,0.0,46.0,22.1675,0.04878048780487809,3.7575,8.800000000000034,4.050500000000001,3.800000000000007,4.125206195634707,0,
4207,200,0.01489097431861741,53.39999999999996,0.12410688342211794,2.0,0.0,46.0,20.6125,0.034431137724550975,3.93,9.000000000000009,3.1174999999999984,2.5999999999999943,2.9694483897631128,0,
4208,200,0.014876090787304737,56.39999999999995,0.1241102053366305,2.0,0.0,49.0,23.92125,0.027472527472527375,6.66875,10.50000000000003,5.102750000000013,5.100000000000001,4.464199412811624,0,
4209,200,0.014861222132084092,53.04999999999997,0.12411500193058997,2.0,0.0,43.0,20.22,0.015060240963855387,2.4675,7.500000000000002,2.8819999999999952,2.4999999999999964,2.5476799807499697,0,
4210,200,0.014846368338086832,32.049999999999976,0.12411972524057222,2.0,0.0,44.0,18.40655105973025,0.38235294117647056,0.8959537572254336,7.300000000000021,2.9134874759152236,2.7999999999999967,3.2334331749331913,2,
4211,200,0.014831529390459133,51.174999999999955,0.12412575479648744,2.0,0.0,50.0,22.425,0.05769230769230771,6.34125,10.800000000000026,4.205000000000007,4.4500000000000135,3.565380570907169,0,
4212,200,0.014816705274362072,40.224999999999966,0.12412702164782713,2.0,0.0,48.0,21.686371100164205,0.2887596899224806,2.32183908045977,10.100000000000028,3.9031198686371114,3.6999999999999966,4.41663600086284,1,
4213,200,0.01480189597497151,39.79999999999996,0.12413027913017417,2.0,0.0,44.0,22.524193548387096,0.24615384615384617,3.882258064516129,8.100000000000028,4.55483870967743,5.200000000000007,3.537163208020866,1,
4214,200,0.014787101477478155,50.549999999999955,0.12413467770559783,2.0,1.0,48.0,21.955,0.055882352941176494,5.8325,10.900000000000022,3.923000000000001,3.2000000000000006,6.955631868174833,0,
4215,200,0.014772321767087523,50.32499999999996,0.1241395617246785,2.0,0.0,46.0,21.0975,0.05312500000000009,4.4825,8.800000000000018,3.4084999999999988,3.399999999999996,1.6939303967662538,0,
4216,200,0.014757556829019875,41.82499999999996,0.1241429545797159,2.0,0.0,45.0,21.073365231259967,0.24242424242424243,1.977671451355662,8.900000000000016,3.7666666666666684,3.3999999999999946,5.525808845973852,1,
4217,200,0.014742806648510288,31.324999999999974,0.12414429269792368,2.0,1.0,47.0,20.69462365591398,0.4411764705882353,1.8301075268817204,9.800000000000013,4.218924731182796,3.399999999999994,7.9340441394110135,2,
4218,200,0.014728071210808588,50.02499999999997,0.12414961561592883,2.0,0.0,42.0,21.22375,0.025316455696202445,3.8525,6.199999999999994,3.4842500000000016,3.6000000000000116,1.5394543428974174,0,
4219,200,0.014713350501179315,50.774999999999956,0.1241547960723086,2.0,0.0,47.0,22.17625,0.044642857142857206,5.09375,10.000000000000021,4.055750000000003,3.6999999999999975,4.63134917398312,0,
4220,200,0.014698644504901784,52.64999999999996,0.12416081336442839,2.0,0.0,48.0,21.7475,0.044117647058823595,7.1,9.600000000000009,3.7984999999999993,3.699999999999995,2.545001726565205,0,
4221,200,0.014683953207269966,26.824999999999967,0.12416538935762697,2.0,0.0,43.0,22.480861244019138,0.5,1.638755980861244,7.600000000000018,4.6502392344497725,5.150000000000008,4.328027105761734,2,
4222,200,0.014669276593592582,52.19999999999995,0.12416895756955092,2.0,0.0,44.0,22.71625,0.011627906976744207,6.12125,8.600000000000017,4.3797500000000085,4.6,3.815095898587372,0,
4223,200,0.014654614649193026,22.099999999999977,0.12416913435567827,3.0,0.0,46.0,15.987623762376238,0.35526315789473684,0.9504950495049505,9.000000000000023,3.675247524752483,1.7999999999999978,10.257915510216652,3,
4224,200,0.014639967359409327,50.69999999999996,0.12417462126232312,2.0,0.0,45.0,21.4225,0.03353658536585358,5.45,8.100000000000009,3.6034999999999995,3.6999999999999957,2.103941037407878,0,
4225,200,0.014625334709594222,51.82499999999996,0.12417966896816966,1.0,0.0,44.0,21.49,0.022189349112426093,4.66625,9.000000000000005,3.644,3.5999999999999925,3.0150687110448717,0,
4226,200,0.01461071668511503,49.549999999999955,0.12418607371340552,2.0,1.0,42.0,22.6,0.006024096385542244,7.09,8.200000000000012,4.310000000000008,4.600000000000012,3.676755744930874,0,
4227,200,0.014596113271353742,53.049999999999955,0.12419406558537091,2.0,0.0,48.0,23.49875,0.03857142857142848,6.14125,9.700000000000042,4.849250000000011,5.1000000000000325,3.71478024184416,0,
4228,200,0.014581524453706954,31.349999999999973,0.12419787638399933,2.0,0.0,42.0,18.7027027027027,0.32692307692307687,3.7711711711711713,7.900000000000006,3.2228828828828853,2.6999999999999917,4.125994273173544,2,
4229,200,0.014566950217585823,49.574999999999974,0.12420367342892313,2.0,0.0,44.0,22.00875,0.02300613496932513,6.8275,7.500000000000019,3.9552500000000035,4.000000000000011,2.5299013904709455,0,
4230,200,0.014552390548416123,54.224999999999966,0.1242092940910307,2.0,0.0,48.0,22.2475,0.021186440677966045,5.935,10.200000000000031,4.098500000000004,3.949999999999995,4.613654958835908,0,
4231,200,0.014537845431638196,55.22499999999995,0.12421611604509553,2.0,0.0,49.0,23.24625,0.02499999999999991,6.1225,10.200000000000044,4.69775000000001,5.200000000000005,5.186503041411048,0,
4232,200,0.0145233148527069,46.749999999999986,0.12422128492042346,2.0,0.0,39.0,20.2775,0.010000000000000009,4.8175,5.3999999999999995,2.9165,2.9999999999999947,1.3208798138747142,0,
4233,200,0.01450879879709168,33.07499999999996,0.12422428166590518,2.0,0.0,45.0,21.066666666666666,0.31896551724137934,3.9008547008547008,9.200000000000019,4.06324786324787,3.0999999999999988,6.651745640282449,2,
4234,200,0.014494297250276454,25.59999999999998,0.12422617840391191,2.0,0.0,48.0,15.480851063829787,0.300561797752809,2.5808510638297872,9.800000000000042,3.187872340425537,1.7999999999999987,7.663440803263096,3,
4235,200,0.014479810197759686,52.724999999999966,0.12423029007599166,2.0,1.0,44.0,22.215,0.008720930232558155,5.42625,8.600000000000001,4.079000000000003,3.799999999999997,3.826314978617174,0,
4236,200,0.014465337625054335,47.99999999999997,0.12423598080504625,1.0,1.0,41.0,20.425,0.01948051948051943,5.85,5.8000000000000105,3.005,3.1000000000000023,1.2109768921513957,0,
4237,200,0.0144508795176878,42.69999999999998,0.1242421979889113,2.0,1.0,42.0,19.07605633802817,0.13848920863309355,5.57887323943662,6.700000000000008,2.8928169014084477,2.299999999999998,3.0885038256374298,1,
4238,200,0.014436435861201989,51.37499999999996,0.12425083753749164,2.0,0.0,45.0,22.79375,0.030701754385964897,7.38625,9.40000000000002,4.426250000000007,4.500000000000007,4.02541722721445,0,
4239,200,0.014422006641153255,49.074999999999974,0.12425613729711521,2.0,0.0,41.0,20.02,0.012499999999999956,6.67625,6.000000000000005,2.7619999999999956,2.699999999999994,1.3010580329031767,0,
4240,200,0.01440759184311235,50.12499999999996,0.12426147593583281,3.0,0.0,50.0,20.87875,0.06707317073170738,6.625,12.000000000000016,3.277250000000001,3.099999999999993,4.712539800843454,0,
4241,200,0.014393191452664503,50.34999999999995,0.12426751783805237,2.0,1.0,43.0,21.87375,0.013473053892215647,5.71625,7.600000000000008,3.8742500000000035,3.850000000000011,2.425790727798034,0,
4242,200,0.014378805455409293,39.57499999999997,0.12427111575929298,2.0,0.0,44.0,20.719435736677116,0.226923076923077,5.4858934169279,8.300000000000006,3.6641065830720994,3.1999999999999904,4.227233019607281,1,
4243,200,0.01436443383696074,54.72499999999995,0.12427600148198469,2.0,0.0,47.0,22.7225,0.021428571428571352,6.05,9.300000000000027,4.383500000000007,4.599999999999998,4.271984424975693,0,
4244,200,0.01435007658294723,45.07499999999995,0.12428354083482504,2.0,1.0,48.0,21.73625,0.07903225806451619,6.0275,12.40000000000002,3.791749999999999,3.299999999999997,7.072392988114081,1,
4245,200,0.01433573367901149,47.92499999999997,0.12429145484402152,2.0,0.0,40.0,20.28375,0.030000000000000027,6.0475,6.50000000000001,2.920249999999996,2.699999999999995,1.4608422200659739,0,
4246,200,0.01432140511081062,51.724999999999966,0.12429826397232929,1.0,0.0,44.0,22.5925,0.019461077844311392,7.15,8.500000000000012,4.305500000000006,4.199999999999997,4.649277014495361,0,
4247,200,0.014307090864016068,50.47499999999998,0.12430631126655811,2.0,1.0,44.0,21.3625,0.03220858895705514,6.71375,7.200000000000014,3.567500000000001,3.699999999999996,1.9978968717138696,0,
4248,200,0.014292790924313561,53.19999999999997,0.12431381756147096,2.0,0.0,46.0,23.44,0.028735632183908066,8.28,10.100000000000017,4.81400000000001,4.999999999999998,4.997411808455985,0,
4249,200,0.01427850527740318,52.04999999999997,0.12432058733555816,2.0,0.0,46.0,23.01,0.01857142857142846,8.64,8.500000000000037,4.55600000000001,4.500000000000002,3.4245693508896426,0,
4250,200,0.014264233908999256,27.64999999999998,0.12432377478625724,2.0,0.0,43.0,20.967441860465115,0.4829545454545454,1.8069767441860465,8.30000000000002,3.9679069767441884,3.799999999999998,6.052816726969892,2,
4251,200,0.014249976804830427,50.07499999999997,0.12433012628037116,2.0,0.0,43.0,21.38625,0.03930817610062887,5.54375,6.800000000000005,3.581750000000001,3.599999999999995,1.8873198864373306,0,
4252,200,0.014235733950639606,40.04999999999997,0.12433491825453574,2.0,0.0,46.0,21.963258785942493,0.26136363636363635,4.461661341853035,9.60000000000002,4.289297124600645,4.200000000000001,5.874996287081377,1,
4253,200,0.014221505332183906,44.249999999999964,0.12433868299985743,2.0,0.0,46.0,20.93353474320242,0.1975524475524475,3.903323262839879,9.300000000000013,3.9563444108761385,3.499999999999998,6.49912110404505,1,
4254,200,0.014207290935234726,42.49999999999996,0.12434554720612223,2.0,0.0,45.0,21.129573170731707,0.20323741007194251,5.079268292682927,8.90000000000001,4.042378048780493,3.7999999999999963,5.242057745709769,1,
4255,200,0.014193090745577676,56.74999999999996,0.12435172253352064,2.0,0.0,48.0,22.4175,0.013586956521739024,5.58,9.800000000000024,4.200500000000007,4.6000000000000005,5.460058281341106,0,
4256,200,0.014178904749012544,50.62499999999995,0.12435968843152095,2.0,0.0,54.0,22.495,0.07163742690058483,5.935,13.400000000000034,4.247000000000002,3.7000000000000037,6.074200490938307,0,
4257,200,0.014164732931353353,30.524999999999963,0.12436070602758906,2.0,0.0,45.0,19.505112474437627,0.3886138613861386,2.1002044989775053,8.800000000000022,3.8597137014314984,3.9999999999999987,7.007915523586525,2,
4258,200,0.014150575278428262,34.624999999999964,0.12436531115724014,2.0,0.0,48.0,19.644642857142856,0.3305084745762712,3.432142857142857,9.600000000000046,3.9360714285714344,2.6999999999999966,9.02444191467454,2,
4259,200,0.014136431776079627,43.64999999999996,0.1243693208458585,2.0,1.0,47.0,21.14331723027375,0.24637681159420288,2.238325281803543,9.20000000000001,3.738808373590983,3.4999999999999964,4.714045586557429,1,
4260,200,0.014122302410163962,30.349999999999966,0.12437054548738093,2.0,0.0,51.0,20.042884990253413,0.4023809523809524,3.239766081871345,11.700000000000044,4.186744639376222,3.599999999999993,9.286253343871671,2,
4261,200,0.014108187166551869,38.12499999999997,0.1243741579931439,1.0,0.0,41.0,19.92270531400966,0.24586776859504123,3.1481481481481484,6.000000000000012,3.0064412238325264,3.099999999999997,1.5788675967223347,1,
4262,200,0.01409408603112812,39.94999999999997,0.12438027652651709,2.0,0.0,46.0,20.59011164274322,0.25387596899224807,3.2169059011164274,8.60000000000003,3.476714513556619,3.199999999999998,4.42278642070778,1,
4263,200,0.014079998989791587,49.02499999999996,0.12438725268220681,2.0,1.0,45.0,21.75625,0.027439024390243816,8.67375,8.300000000000018,3.8037500000000013,3.7999999999999967,3.383791224673808,0,
4264,200,0.014065926028455206,41.074999999999974,0.12439152794449243,2.0,0.0,44.0,20.778325123152708,0.2538167938931297,2.9261083743842367,7.899999999999995,3.3582922824302113,3.2999999999999954,3.0035887618636767,1,
4265,200,0.014051867133046037,44.42499999999996,0.12439935380384914,2.0,0.0,44.0,20.09220779220779,0.09931506849315075,5.031168831168831,7.500000000000004,3.136493506493506,2.699999999999997,3.1584787459584374,1,
4266,200,0.014037822289505161,32.24999999999996,0.12440069939049747,2.0,1.0,50.0,22.854586129753915,0.4587378640776699,2.592841163310962,10.800000000000036,5.38948545861299,5.200000000000016,9.40877322229348,2,
4267,200,0.014023791483787743,50.54999999999996,0.12440798496730064,2.0,0.0,44.0,21.6075,0.023809523809523725,6.83,8.400000000000018,3.7145000000000006,3.399999999999989,4.192946301478621,0,
4268,200,0.01400977470186299,27.97499999999997,0.12440906193896427,2.0,0.0,47.0,23.12735849056604,0.5,0.8160377358490566,10.300000000000034,5.156839622641522,5.600000000000004,7.091266249478574,2,
4269,200,0.013995771929714095,36.749999999999964,0.12441636350923246,2.0,1.0,50.0,20.660179640718564,0.2314814814814814,5.711077844311378,11.60000000000004,4.125149700598808,2.899999999999997,10.478163429496087,2,
4270,200,0.013981783153338296,27.74999999999997,0.12441751393396039,2.0,0.0,46.0,22.75235849056604,0.5,1.5306603773584906,8.900000000000032,4.931839622641519,5.200000000000006,5.558003003754741,2,
4271,200,0.013967808358746827,49.999999999999964,0.12442605060962475,2.0,0.0,44.0,23.3975,0.023809523809523725,7.51125,9.800000000000027,4.788500000000011,5.199999999999992,4.315274492616439,0,
4272,200,0.013953847531964868,39.04999999999997,0.1244288897540484,2.0,0.0,44.0,22.01951219512195,0.2578740157480315,2.5821138211382113,8.900000000000011,4.187479674796755,4.299999999999999,4.043610030035132,1,
4273,200,0.013939900659031617,18.94999999999998,0.12442998358900001,6.0,0.0,49.0,17.338509316770185,0.5115384615384615,0.6180124223602484,10.400000000000034,4.167701863354044,2.8999999999999986,12.749514578089046,3,
4274,200,0.013925967726000174,39.42499999999996,0.12443301832124398,2.0,1.0,43.0,22.60919540229885,0.25393700787401574,3.2545155993431854,7.400000000000029,4.456814449917909,5.100000000000006,3.3578320750647435,1,
4275,200,0.01391204871893762,31.849999999999973,0.12443529200844089,2.0,0.0,59.0,23.60323886639676,0.43534482758620685,4.771255060728745,16.50000000000004,6.278340080971669,5.000000000000002,25.10528149650677,2,
4276,200,0.013898143623924953,37.199999999999974,0.12444058606059041,2.0,0.0,49.0,21.169329073482427,0.28174603174603174,4.5495207667731625,10.70000000000004,3.8129392971246014,2.9999999999999925,6.059416727272781,1,
4277,200,0.013884252427057056,52.024999999999956,0.12444968138258004,2.0,0.0,48.0,23.75375,0.03333333333333344,12.525,9.800000000000034,5.002250000000011,5.200000000000012,4.948302669222963,0,
4278,200,0.013870375114442744,23.24999999999997,0.12445211485558856,5.0,0.0,51.0,17.755725190839694,0.5284810126582279,1.0305343511450382,11.600000000000026,3.460559796437661,1.899999999999999,10.042504402776386,3,
4279,200,0.013856511672204716,39.42499999999997,0.12445739866758772,2.0,0.0,43.0,22.04433497536946,0.25393700787401574,2.4926108374384235,8.00000000000002,4.117898193760268,4.400000000000005,4.061973037100977,1,
4280,200,0.013842662086479501,28.074999999999967,0.12446146036461143,2.0,0.0,47.0,22.59090909090909,0.5140449438202247,1.5023923444976077,9.200000000000035,4.716267942583742,5.200000000000007,3.9822940311235864,2,
4281,200,0.013828826343417538,34.97499999999997,0.12446929044909158,2.0,0.0,42.0,19.438423645320196,0.286036036036036,1.438423645320197,7.200000000000015,2.5543513957307047,1.9,3.107941005176904,1,
4282,200,0.01381500442918306,27.899999999999977,0.1244710238847618,2.0,0.0,52.0,22.861244019138756,0.532608695652174,0.8397129186602871,12.10000000000003,4.878468899521538,4.9,6.925174132770198,2,
4283,200,0.013801196329954161,26.27499999999998,0.12447290006808163,8.0,1.0,59.0,19.087855297157624,0.5116279069767442,0.6072351421188631,16.70000000000004,5.138242894056857,2.2999999999999994,26.60083395651956,3,
4284,200,0.013787402031922757,30.424999999999976,0.1244767357651029,5.0,0.0,50.0,17.740331491712706,0.3317307692307693,2.8213627992633517,10.800000000000047,3.2565377532228412,2.0999999999999996,7.941342386585703,3,
4285,200,0.013773621521294518,29.699999999999967,0.12447781073210365,2.0,0.0,51.0,24.086124401913874,0.515625,0.5980861244019139,11.90000000000003,5.613397129186614,6.000000000000005,8.992694951437478,2,
4286,200,0.01375985478428895,32.32499999999997,0.12448034556866815,2.0,0.0,49.0,21.543478260869566,0.4375,0.7521739130434782,10.50000000000004,4.783260869565226,4.9000000000000075,8.392737725603688,2,
4287,200,0.013746101807139326,32.724999999999966,0.12448298699082583,2.0,0.0,50.0,22.337474120082817,0.4136363636363637,3.2318840579710146,11.300000000000026,5.4710144927536355,5.8000000000000105,10.919082421727726,2,
4288,200,0.01373236257609264,38.92499999999996,0.12448961218554219,2.0,1.0,44.0,21.72520325203252,0.2462121212121211,4.317073170731708,9.600000000000025,4.010894308943093,3.299999999999995,6.038645247260933,1,
4289,200,0.013718637077409689,32.124999999999964,0.12449101121779171,2.0,0.0,50.0,21.29090909090909,0.4076576576576577,2.802020202020202,12.300000000000027,4.846262626262631,3.899999999999997,14.423514594488775,2,
4290,200,0.013704925297364945,30.07499999999999,0.12449483593329672,2.0,0.0,44.0,17.642998027613412,0.38131313131313127,1.2485207100591715,7.300000000000044,2.743392504930973,1.899999999999995,4.289139693753739,2,
4291,200,0.013691227222246641,28.449999999999978,0.12449607998205812,2.0,0.0,43.0,19.319910514541387,0.45329670329670335,0.8120805369127517,7.100000000000007,3.2539149888143193,2.4999999999999996,3.6525700672645973,2,
4292,200,0.013677542838356711,28.474999999999966,0.12449684429366975,2.0,0.0,45.0,22.354066985645932,0.5028089887640449,0.26555023923444976,8.00000000000002,4.574162679425846,5.100000000000004,5.219553693560706,2,
4293,200,0.01366387213201075,31.32499999999998,0.12449896749685993,2.0,1.0,43.0,18.27810650887574,0.38636363636363635,1.7652859960552267,6.600000000000015,2.9706114398422088,2.699999999999999,3.3053621891631204,2,
4294,200,0.013650215089538058,27.599999999999962,0.1245031719298697,2.0,1.0,47.0,21.535377358490567,0.5055555555555555,0.3231132075471698,9.100000000000037,4.201650943396231,3.9000000000000017,5.441230371297501,2,
4295,200,0.013636571697281604,35.299999999999955,0.12450813070329883,2.0,0.0,53.0,22.618090452261306,0.3412698412698413,3.596314907872697,12.90000000000004,4.653936348408711,3.399999999999994,12.410358521694313,2,
4296,200,0.013622941941597973,33.04999999999996,0.12451145545548878,2.0,0.0,51.0,21.65848670756646,0.4288990825688074,2.6134969325153374,12.000000000000028,4.902658486707573,4.899999999999997,9.959073435931813,2,
4297,200,0.013609325808857431,36.099999999999966,0.12451706487458086,2.0,0.0,53.0,19.15268456375839,0.28600000000000003,4.703020134228188,12.70000000000004,3.9127516778523543,2.599999999999996,11.665138690652213,2,
4298,200,0.013595723285443818,18.299999999999983,0.12452125726551211,7.0,0.0,51.0,20.213740458015266,0.6798245614035088,0.05725190839694656,11.900000000000023,4.945801526717563,4.099999999999997,15.32652244220102,3,
4299,200,0.013582134357754625,29.64999999999997,0.12452496972514995,2.0,0.0,47.0,23.293023255813953,0.48684210526315785,1.1255813953488372,9.200000000000038,5.363255813953498,6.7000000000000055,8.824883639176038,2,
4300,200,0.013568559012200934,40.52499999999996,0.12453003736825217,2.0,0.0,50.0,22.28369905956113,0.26102941176470584,3.804075235109718,11.000000000000044,4.6026645768025185,4.200000000000012,6.751153686465611,1,
4301,200,0.013554997235207374,37.924999999999976,0.12453532828518805,2.0,0.0,46.0,19.848780487804877,0.2833333333333333,1.3398373983739837,8.799999999999995,2.885040650406502,2.800000000000003,1.9050820677693603,1,
4302,200,0.013541449013212178,53.14999999999996,0.12454226767185682,2.0,0.0,51.0,24.50875,0.05585106382978733,10.9125,12.000000000000044,5.455250000000009,4.950000000000005,9.844062818848233,0,
4303,200,0.013527914332667135,31.37499999999997,0.12454344734497655,2.0,0.0,51.0,21.66521739130435,0.4471153846153846,1.4869565217391305,11.500000000000046,4.856304347826097,4.800000000000001,9.732027986899825,2,
4304,200,0.013514393180037542,29.724999999999984,0.12454485493573535,2.0,0.0,41.0,16.939203354297693,0.4184782608695652,0.09224318658280922,5.499999999999998,2.034800838574419,1.8999999999999955,1.5211855244189676,2,
4305,200,0.013500885541802265,30.449999999999974,0.12454560595957631,2.0,0.0,47.0,22.272935779816514,0.47631578947368425,1.1376146788990826,9.70000000000004,4.863532110091755,5.500000000000012,6.564278018885354,2,
4306,200,0.013487391404453644,39.82499999999997,0.12454907506574517,2.0,0.0,45.0,21.24878048780488,0.2578125,1.7235772357723578,8.000000000000023,3.7250406504065063,3.6999999999999966,3.0296899192013402,1,
4307,200,0.013473910754497552,37.22499999999997,0.12455480522685908,2.0,0.0,45.0,20.04341085271318,0.25,2.5534883720930233,7.900000000000051,3.455503875968999,3.399999999999996,4.75218655654486,2,
4308,200,0.013460443578453348,32.099999999999966,0.12455715155404726,2.0,0.0,49.0,21.22020202020202,0.4182242990654206,2.804040404040404,10.300000000000043,4.646262626262637,5.400000000000005,8.258479332636869,2,
4309,200,0.013446989862853833,42.49999999999995,0.12456063084297533,2.0,0.0,46.0,23.109717868338556,0.22163120567375882,3.6191222570532915,8.90000000000003,5.09827586206898,5.100000000000015,4.9947898624961455,1,
4310,200,0.013433549594245302,41.324999999999946,0.1245643585179921,2.0,0.0,46.0,22.96810207336523,0.23897058823529416,3.751196172248804,10.400000000000018,4.903508771929836,4.600000000000025,6.316463085814329,1,
4311,200,0.013420122759187495,38.574999999999974,0.12456977303986566,2.0,0.0,45.0,19.182266009852217,0.29166666666666663,0.9113300492610837,8.100000000000012,2.400656814449915,1.9999999999999942,2.76151768766178,1,
4312,200,0.013406709344253556,40.17499999999996,0.12457573131776856,2.0,0.0,49.0,22.54679802955665,0.28846153846153844,1.7602627257799672,11.000000000000032,4.419376026272581,3.800000000000013,6.6540924288179975,1,
4313,200,0.013393309336030088,38.42499999999997,0.12458027689769843,2.0,0.0,43.0,20.843800322061192,0.25,1.7439613526570048,7.500000000000005,3.559098228663443,3.3999999999999955,2.7932779276008746,1,
4314,200,0.01337992272111706,30.699999999999974,0.12458204673439642,2.0,0.0,48.0,20.70814479638009,0.4642857142857143,1.9434389140271493,9.700000000000026,4.02579185520362,3.299999999999998,6.9208181692541855,2,
4315,200,0.01336654948612787,27.74999999999997,0.1245830854827128,2.0,1.0,50.0,23.87799043062201,0.5277777777777778,1.4282296650717703,11.200000000000035,5.488516746411493,5.550000000000014,7.350388672355722,2,
4316,200,0.013353189617689292,31.824999999999978,0.12458825926861654,2.0,0.0,42.0,18.53072625698324,0.3589108910891089,2.9404096834264433,6.400000000000009,2.8867783985102387,3.1999999999999957,2.131471314431562,2,
4317,200,0.013339843102441431,48.074999999999974,0.124596640498009,2.0,0.0,42.0,21.07875,0.024193548387096753,6.75,6.100000000000021,3.3972500000000045,3.6,1.644345006789081,0,
4318,200,0.013326509927037785,42.549999999999976,0.124601654157872,1.0,0.0,44.0,20.65024630541872,0.2538167938931297,1.341543513957307,7.300000000000009,3.281444991789817,3.0999999999999956,3.173539473684216,1,
4319,200,0.013313190078145189,35.17499999999997,0.12460493711392945,2.0,0.0,45.0,21.521150592216582,0.31779661016949157,3.0592216582064298,8.500000000000043,4.085448392554996,3.500000000000003,5.463627920293219,2,
4320,200,0.013299883542443767,51.12499999999997,0.12461188127021985,2.0,0.0,42.0,20.54625,0.010736196319018454,5.3525,6.3,3.07775,2.799999999999992,2.5302088909514002,0,
4321,200,0.01328659030662701,18.024999999999984,0.12461026084295965,7.0,0.0,51.0,18.334600760456272,0.6798245614035088,0.8060836501901141,11.500000000000021,3.841064638783273,3.2999999999999963,12.043278683784447,3,
4322,200,0.013273310357401653,47.674999999999955,0.12461763369052681,2.0,0.0,50.0,23.62875,0.08430232558139528,10.51125,11.700000000000028,4.927250000000007,4.899999999999997,8.442220628469787,0,
4323,200,0.01326004368148776,45.69999999999995,0.12462261977933176,2.0,0.0,51.0,24.82758620689655,0.2601351351351351,4.137931034482759,11.700000000000037,5.787848932676531,6.100000000000007,7.932484577221808,1,
4324,200,0.013246790265618666,53.27499999999996,0.12463151872425965,2.0,0.0,49.0,22.68375,0.045454545454545414,6.5125,10.400000000000029,4.360250000000008,4.400000000000004,3.3712752051175405,0,
4325,200,0.013233550096540928,39.17499999999996,0.12463640572776302,2.0,0.0,43.0,23.420361247947454,0.2578740157480315,3.8752052545155995,8.600000000000032,4.943513957307074,5.200000000000006,4.04181201466786,1,
4326,200,0.013220323161014392,44.19999999999996,0.12464120758619959,2.0,0.0,47.0,21.265040650406505,0.2536496350364964,1.754471544715447,9.000000000000014,3.734796747967479,3.499999999999992,5.092916472778048,1,
4327,200,0.013207109445812128,22.924999999999976,0.12464224295741333,5.0,0.0,49.0,18.553805774278214,0.49,0.28608923884514437,12.000000000000034,4.681364829396333,2.399999999999998,15.870286993662264,3,
4328,200,0.0131939089377204,19.374999999999982,0.12464139914575319,3.0,0.0,55.0,21.702797202797203,0.65,0.6258741258741258,13.800000000000043,6.200699300699313,5.750000000000006,23.52874870102098,3,
4329,200,0.01318072162353872,44.79999999999994,0.12464876329842893,2.0,0.0,49.0,22.11366538952746,0.09935897435897445,4.049808429118774,11.700000000000017,4.216985951468719,3.999999999999998,7.817897920037616,1,
4330,200,0.013167547490079751,41.04999999999997,0.12465303365183772,2.0,0.0,43.0,20.717219589257503,0.2234848484848484,3.0268562401263823,7.000000000000025,3.6157977883096386,3.799999999999996,3.4001380625324615,1,
4331,200,0.01315438652416937,35.924999999999976,0.12465738920046467,2.0,1.0,38.0,20.489326765188835,0.2544642857142857,2.5270935960591134,6.000000000000004,3.184893267651888,3.199999999999998,1.3519593399482368,1,
4332,200,0.01314123871264662,28.99999999999998,0.12465914918093111,2.0,1.0,44.0,17.971014492753625,0.42553191489361697,2.12008281573499,7.200000000000004,2.6759834368529978,2.099999999999997,2.0851878364939442,2,
4333,200,0.013128104042363666,35.624999999999964,0.1246609786926558,2.0,0.0,53.0,21.38121546961326,0.384453781512605,1.9392265193370166,12.900000000000036,4.551565377532236,4.699999999999999,11.723568618406851,2,
4334,200,0.013114982500185848,29.549999999999976,0.12466447674796939,2.0,0.0,46.0,20.957589285714285,0.46354166666666663,2.1450892857142856,8.900000000000027,4.217633928571434,3.849999999999996,8.669442061155085,2,
4335,200,0.013101874072991637,43.52499999999995,0.12467014254390044,2.0,0.0,47.0,23.57767722473605,0.19295302013422821,5.14027149321267,11.200000000000035,5.547662141779799,6.100000000000008,8.789060532158913,1,
4336,200,0.013088778747672577,49.19999999999997,0.12467630626998877,2.0,0.0,47.0,22.3725,0.05909090909090908,5.2575,9.200000000000042,4.173500000000006,3.999999999999999,4.27690443266322,0,
4337,200,0.013075696511133368,31.249999999999975,0.12467810041387699,2.0,1.0,53.0,22.326963906581742,0.45192307692307687,2.7940552016985136,12.600000000000044,5.3416135881104125,4.700000000000001,12.640278579156233,2,
4338,200,0.013062627350291747,35.64999999999997,0.12468190005259108,2.0,0.0,49.0,20.18032786885246,0.36016949152542377,3.092896174863388,10.300000000000015,3.9165755919854304,2.699999999999995,7.9500430656934755,2,
4339,200,0.013049571252078566,41.39999999999997,0.1246838063306162,1.0,0.0,45.0,20.16614420062696,0.23091603053435117,0.43260188087774293,7.900000000000009,3.332131661442007,3.599999999999997,2.6099300810970907,1,
4340,200,0.013036528203437736,38.924999999999955,0.12469063780180678,2.0,0.0,47.0,23.869918699186993,0.2574626865671642,3.665040650406504,12.800000000000027,5.297723577235785,4.60000000000001,8.19487827319265,1,
4341,200,0.013023498191326184,49.54999999999998,0.12469993526339787,2.0,0.0,43.0,20.1125,0.02499999999999991,6.12125,7.1,2.8174999999999955,2.799999999999997,1.501996096868899,0,
4342,200,0.013010481202713909,44.07499999999996,0.12470818338665313,2.0,0.0,51.0,22.23984771573604,0.10350318471337583,7.232233502538071,13.00000000000002,4.237055837563457,3.699999999999993,7.199577545765104,1,
4343,200,0.012997477224583932,36.974999999999966,0.12471286408203562,2.0,0.0,47.0,19.83931623931624,0.32377049180327866,2.7025641025641027,9.700000000000019,3.3268376068376075,2.1999999999999993,7.538600916358901,2,
4344,200,0.012984486243932251,39.724999999999966,0.1247193391966922,2.0,0.0,46.0,21.15270935960591,0.27362204724409445,2.315270935960591,8.800000000000018,3.5829228243021336,3.199999999999996,2.7265465918895706,1,
4345,200,0.012971508247767908,50.249999999999964,0.12472554244088205,2.0,0.0,42.0,22.4475,0.006024096385542244,5.5725,8.500000000000012,4.218500000000011,4.600000000000025,4.29721446439763,0,
4346,200,0.012958543223112882,27.39999999999998,0.12472802503252718,4.0,0.0,51.0,15.96420581655481,0.4375,0.28859060402684567,11.500000000000025,2.7451901565995533,1.399999999999999,7.631732062780303,3,
4347,200,0.012945591157002159,31.574999999999978,0.12472992195662407,2.0,0.0,48.0,20.532908704883226,0.44499999999999995,1.575371549893843,10.600000000000032,4.16072186836519,4.800000000000007,6.978679769203081,2,
4348,200,0.012932652036483683,42.62499999999995,0.12473555098697844,2.0,0.0,44.0,20.79381443298969,0.08673469387755106,6.319587628865979,9.000000000000021,3.498453608247427,2.7500000000000036,5.209851621206507,1,
4349,200,0.01291972584861831,41.09999999999996,0.12474074585949771,2.0,0.0,46.0,23.13738019169329,0.23897058823529416,5.904153354632588,8.800000000000017,4.993769968051129,5.600000000000001,5.076923023923487,1,
4350,200,0.012906812580479862,43.82499999999995,0.1247451804643884,2.0,0.0,50.0,23.278048780487804,0.2678571428571429,1.2341463414634146,10.900000000000029,4.9426016260162715,4.9,5.239434726511313,1,
4351,200,0.012893912219155082,20.699999999999985,0.12474464260735493,5.0,0.0,57.0,20.557894736842105,0.6082089552238806,0.17192982456140352,15.000000000000039,5.64140350877194,4.6,21.07679084999519,3,
4352,200,0.012881024751743584,42.57499999999995,0.12475076793406044,2.0,0.0,47.0,23.738916256157637,0.25359712230215825,3.4433497536945814,9.600000000000016,5.134646962233179,6.000000000000014,6.197125000000047,1,
4353,200,0.012868150165357922,49.67499999999997,0.12475638099712186,2.0,0.0,44.0,21.07375,0.03963414634146334,5.6275,7.8000000000000105,3.39425,3.1999999999999975,2.7832712863614066,0,
4354,200,0.012855288447123487,43.04999999999996,0.12475958264420542,2.0,0.0,47.0,20.934959349593495,0.26102941176470584,1.1983739837398375,9.400000000000011,3.5367479674796747,2.6999999999999997,7.018505541689601,1,
4355,200,0.01284243958417857,29.449999999999974,0.12476018628558236,2.0,0.0,46.0,20.883259911894275,0.4552631578947368,0.9273127753303965,9.10000000000003,4.277533039647587,4.6,5.563575091575137,2,
4356,200,0.01282960356367432,51.19999999999996,0.12476619155879398,2.0,0.0,44.0,22.3475,0.014880952380952328,5.585,7.800000000000008,4.158500000000008,4.2,2.861232220675361,0,
4357,200,0.01281678037277469,46.97499999999996,0.12477005247531571,2.0,0.0,48.0,22.586436170212767,0.11874999999999991,5.273936170212766,10.000000000000005,4.7869680851063885,4.500000000000007,7.1219172312083625,1,
4358,200,0.012803969998656512,29.174999999999976,0.12477187466614408,2.0,0.0,46.0,23.380382775119617,0.5027472527472527,0.6818181818181818,8.900000000000025,5.189952153110058,5.450000000000007,6.532376618991256,2,
4359,200,0.01279117242850939,55.14999999999995,0.1247765595495796,2.0,0.0,46.0,23.96125,0.009776536312849249,5.0825,9.10000000000003,5.126750000000009,5.600000000000016,5.1662425097539675,0,
4360,200,0.01277838764953576,54.24999999999996,0.12478171589265669,2.0,1.0,50.0,21.90125,0.055714285714285605,4.72625,10.900000000000018,3.89075,3.4999999999999973,4.639471686674536,0,
4361,200,0.012765615648950858,51.12499999999997,0.1247874657991873,2.0,0.0,42.0,20.8825,0.0185185185185186,3.13625,6.9000000000000075,3.2795,3.199999999999998,2.5467837293495896,0,
4362,200,0.012752856413982657,51.09999999999995,0.12479354050157832,2.0,1.0,42.0,21.5975,0.009146341463414531,4.54125,8.400000000000016,3.7085000000000012,3.699999999999995,2.9096822963786066,0,
4363,200,0.012740109931871932,43.59999999999996,0.12479693948503008,2.0,1.0,49.0,24.13170731707317,0.2645985401459854,1.6292682926829267,10.30000000000003,5.454796747967492,6.300000000000013,7.128967384407181,1,
4364,200,0.012727376189872212,42.69999999999997,0.12479921410707026,2.0,1.0,51.0,24.513957307060757,0.275,3.48440065681445,11.500000000000036,5.599671592775055,6.20000000000004,5.35219823123387,1,
4365,200,0.012714655175249731,50.54999999999997,0.12480468887941981,2.0,0.0,48.0,20.35625,0.06562500000000004,2.5575,9.900000000000025,2.9637499999999943,2.299999999999992,4.418792841863838,0,
4366,200,0.012701946875283497,53.424999999999955,0.12480877068701662,2.0,0.0,43.0,22.6675,0.00588235294117645,3.96,8.70000000000001,4.350500000000005,4.7,3.496405213133169,0,
4367,200,0.012689251277265185,52.14999999999996,0.1248135240631457,2.0,0.0,45.0,20.4525,0.02914110429447847,2.45625,7.800000000000012,3.0214999999999983,2.8999999999999924,2.659091904831108,0,
4368,200,0.012676568368499208,43.89999999999996,0.12481729914640394,2.0,0.0,44.0,19.332369942196532,0.1619718309859155,4.088150289017341,7.900000000000011,3.0673410404624244,2.4999999999999964,3.3812814938719504,1,
4369,200,0.012663898136302665,18.224999999999987,0.12481867355127502,8.0,0.0,52.0,19.55893536121673,0.6637931034482759,0.0,12.70000000000002,4.616730038022817,3.4999999999999956,15.858580557483284,3,
4370,200,0.012651240568005305,42.19999999999996,0.12482261753969406,2.0,0.0,47.0,23.866995073891626,0.26111111111111107,5.174055829228243,9.200000000000033,5.211494252873575,5.500000000000021,4.503525345125153,1,
4371,200,0.012638595650949566,51.624999999999964,0.12482536967812854,1.0,0.0,47.0,21.22375,0.05722891566265065,4.01625,9.500000000000002,3.4842499999999994,3.3999999999999977,2.859606405635019,0,
4372,200,0.012625963372490544,46.749999999999964,0.1248295042992694,2.0,0.0,43.0,21.49492385786802,0.06372549019607843,4.559644670050761,7.300000000000004,3.7901015228426447,3.8499999999999996,2.8626223663041714,1,
4373,200,0.012613343719995933,55.77499999999995,0.12483529901936466,2.0,1.0,47.0,23.64875,0.022222222222222143,4.50625,9.700000000000014,4.939250000000008,5.000000000000013,5.184167537761815,0,
4374,200,0.012600736680846106,32.97499999999997,0.12483757410878513,1.0,0.0,47.0,19.97,0.3808411214953271,2.012,9.000000000000027,4.203200000000007,4.199999999999996,6.618776235104986,2,
4375,200,0.012588142242433998,30.499999999999964,0.12483838445533017,2.0,1.0,48.0,22.690322580645162,0.4393203883495146,1.5483870967741935,11.800000000000042,5.4692473118279645,6.200000000000007,9.892196795915428,2,
4376,200,0.012575560392165182,53.39999999999996,0.12484453926454134,2.0,0.0,44.0,21.655,0.013157894736842035,4.435,8.200000000000017,3.743,3.499999999999995,2.6343051161017543,0,
4377,200,0.012562991117457817,31.074999999999985,0.12484587756217874,2.0,1.0,47.0,20.30674846625767,0.395,0.8629856850715747,10.200000000000038,4.349284253578742,4.400000000000018,8.81554248912686,2,
4378,200,0.012550434405742605,42.57499999999996,0.12484736365715761,2.0,0.0,48.0,20.223101265822784,0.24264705882352944,1.4588607594936709,10.100000000000016,3.309177215189873,3.099999999999997,4.328660793194194,1,
4379,200,0.012537890244462845,51.27499999999996,0.12485147350407913,2.0,0.0,42.0,21.92875,0.009146341463414531,4.71375,6.700000000000004,3.9072500000000088,4.300000000000001,1.7317501433596145,0,
4380,200,0.012525358621074385,53.87499999999996,0.12485705222131775,2.0,0.0,46.0,22.63,0.012711864406779627,5.33125,8.50000000000002,4.328000000000004,4.299999999999998,4.167472511675822,0,
4381,200,0.012512839523045579,54.324999999999946,0.12486248101105767,2.0,1.0,50.0,23.70625,0.042134831460674205,6.83375,11.30000000000002,4.973750000000007,5.000000000000012,6.013370333391189,0,
4382,200,0.01250033293785735,40.29999999999997,0.1248651472339324,2.0,0.0,43.0,20.932676518883415,0.2578740157480315,1.2348111658456487,7.500000000000004,3.4509031198686393,3.5999999999999965,4.23032668248492,1,
4383,200,0.01248783885300309,50.09999999999997,0.12487020143718913,2.0,0.0,41.0,19.81375,0.02564102564102555,4.2075,5.900000000000002,2.638249999999995,2.4999999999999925,1.6997895934212406,0,
4384,200,0.012475357255988723,42.69999999999995,0.12487306916386932,2.0,0.0,46.0,22.48111658456486,0.26111111111111107,1.8308702791461413,9.200000000000024,4.37996715927751,4.1999999999999975,4.722435720448698,1,
4385,200,0.012462888134332661,55.699999999999946,0.12487887774178716,2.0,0.0,50.0,25.53,0.03191489361702127,7.235,12.100000000000023,6.068000000000012,6.300000000000006,7.968238450372638,0,
4386,200,0.012450431475565764,31.32499999999998,0.12487947793676099,3.0,1.0,52.0,18.78584729981378,0.3833333333333333,1.3482309124767224,12.800000000000031,3.4644320297951605,1.799999999999991,13.595001803251472,2,
4387,200,0.012437987267231379,50.17499999999997,0.12488366345831423,2.0,0.0,42.0,20.7625,0.018750000000000044,3.24875,6.500000000000003,3.2075000000000005,3.100000000000004,1.5112961114001782,0,
4388,200,0.012425555496885309,55.424999999999955,0.12488843864374424,2.0,0.0,45.0,22.725,0.0128571428571429,2.8875,8.000000000000023,4.3850000000000025,4.199999999999996,4.128931451455416,0,
4389,200,0.012413136152095758,33.54999999999996,0.12488923857134683,2.0,0.0,49.0,20.883809523809525,0.3794642857142857,1.5142857142857142,10.200000000000033,4.589333333333341,4.3999999999999995,6.33267110266165,2,
4390,200,0.012400729220443406,28.89999999999998,0.12489136988582436,2.0,0.0,42.0,18.665236051502145,0.42391304347826086,0.11802575107296137,6.200000000000044,3.101287553648075,2.749999999999991,3.0280380373466325,2,
4391,200,0.012388334689521299,54.54999999999996,0.12489576080801401,2.0,0.0,47.0,22.87,0.02556818181818188,5.41,9.000000000000021,4.472000000000007,4.699999999999996,3.051020767219978,0,
4392,200,0.012375952546934911,52.42499999999996,0.12489781511248671,2.0,1.0,45.0,22.1425,0.025449101796407136,4.39875,7.800000000000027,4.035500000000013,4.400000000000015,2.147693105770498,0,
4393,200,0.012363582780302113,29.34999999999997,0.12489802934682584,2.0,0.0,49.0,20.288793103448278,0.453125,1.3168103448275863,10.500000000000025,4.0508620689655235,4.150000000000014,7.578827562182157,2,
4394,200,0.012351225377253115,51.49999999999996,0.12490226957880184,2.0,1.0,44.0,22.48875,0.016272189349112454,4.82125,7.900000000000036,4.243250000000008,4.400000000000022,2.27998299997346,0,
4395,200,0.012338880325430523,54.97499999999995,0.1249082731097394,2.0,0.0,46.0,20.91875,0.024853801169590684,4.515,8.600000000000009,3.3012499999999947,3.0999999999999925,2.649052576644654,0,
4396,200,0.012326547612489296,46.29999999999996,0.12491276754672681,2.0,1.0,47.0,20.100299401197606,0.19405594405594395,1.9296407185628743,9.10000000000002,3.482035928143712,2.799999999999998,4.289836606360514,1,
4397,200,0.012314227226096697,54.049999999999955,0.12491806389751153,2.0,0.0,50.0,22.07375,0.04428571428571426,3.6525,11.300000000000017,3.994250000000005,3.9999999999999987,3.6330226140978583,0,
4398,200,0.012301919153932363,47.24999999999998,0.12492216379406382,2.0,1.0,44.0,20.56926952141058,0.07258064516129026,3.332493702770781,8.700000000000038,3.164861460957179,2.4999999999999973,3.6819071434803337,1,
4399,200,0.012289623383688195,40.499999999999964,0.12492745745435518,2.0,0.0,42.0,20.809076682316118,0.21511627906976738,2.0625978090766823,7.20000000000002,3.7269170579029787,4.3999999999999995,3.5470149882445385,1,
4400,200,0.012277339903068436,31.099999999999977,0.12492671219871553,2.0,0.0,55.0,23.88914027149321,0.49257425742574257,0.8710407239819005,14.10000000000003,5.934389140271506,6.100000000000005,12.387885321171433,2,
4401,200,0.012265068699789616,54.24999999999996,0.12493048810707362,2.0,0.0,45.0,22.375,0.014534883720930258,3.13625,8.10000000000002,4.175000000000004,4.499999999999995,3.458880404500659,0,
4402,32,0.012252809761580503,3.55,0.12493063004860983,2.0,0.0,4.0,2.1238938053097347,0,0.0,1.4,0.6061946902654868,0.6000000000000002,0.10005795739348365,4,
4403,200,0.012240563076182176,50.54999999999997,0.1249357681005924,2.0,1.0,44.0,21.59,0.037878787878787845,4.07625,7.799999999999996,3.7040000000000006,3.3999999999999946,2.9647886324822617,0,
4404,200,0.012228328631347955,40.94999999999995,0.12493729474680529,2.0,0.0,53.0,23.16614420062696,0.29014598540145986,3.2335423197492164,13.200000000000035,5.132131661442016,4.399999999999999,11.840548369582638,1,
4405,200,0.012216106414843372,49.049999999999955,0.12494337852384205,2.0,1.0,43.0,23.95125,0.013636363636363669,6.77875,9.500000000000025,5.12075000000001,5.300000000000031,4.498126465822638,0,
4406,200,0.012203896414446235,16.000000000000004,0.12494228126440228,6.0,0.0,52.0,23.334801762114537,0.75,0.030837004405286344,13.500000000000025,5.888105726872255,4.8999999999999995,18.404576929048368,3,
4407,200,0.012191698617946518,55.74999999999996,0.12494692510329532,2.0,1.0,46.0,22.095,0.016853932584269593,4.045,8.600000000000028,4.007000000000002,3.999999999999995,4.115707430792882,0,
4408,200,0.012179513013146433,50.74999999999997,0.12495069848881969,1.0,0.0,45.0,20.4175,0.034375000000000044,2.36875,7.800000000000023,3.0005,2.9999999999999947,2.1309530796141956,0,
4409,200,0.01216733958786039,45.849999999999966,0.1249535732975958,2.0,0.0,46.0,20.279411764705884,0.17465753424657526,2.763235294117647,9.200000000000003,3.6235294117647108,2.649999999999996,5.83563545768918,1,
4410,200,0.012155178329914935,41.07499999999997,0.12495458918455565,2.0,0.0,45.0,21.65528455284553,0.25384615384615383,2.7219512195121953,8.200000000000024,3.9689430894309012,4.200000000000017,3.919940141291962,1,
4411,200,0.012143029227148825,48.39999999999996,0.12495943787342467,2.0,0.0,42.0,21.9425,0.03525641025641035,5.97875,8.600000000000021,3.9155000000000064,3.7999999999999976,2.9888644201006853,0,
4412,200,0.012130892267412964,40.074999999999974,0.124963847051245,2.0,0.0,44.0,20.201288244766506,0.2540322580645161,1.6489533011272142,7.200000000000019,3.1735909822866346,3.399999999999997,1.5995965667461904,1,
4413,200,0.01211876743857037,28.999999999999982,0.12497070943356364,2.0,0.0,42.0,17.93842887473461,0.43131868131868134,0.27388535031847133,6.500000000000014,2.60403397027601,1.5999999999999992,3.8313173458348513,2,
4414,200,0.012106654728496237,42.399999999999956,0.1249731690329237,2.0,0.0,50.0,22.19968051118211,0.2607142857142857,2.7843450479233227,10.900000000000022,4.431150159744413,4.499999999999999,6.579829205741659,1,
4415,200,0.012094554125077829,58.12499999999996,0.1249771750746985,2.0,0.0,47.0,22.1225,0.012295081967213184,3.5175,9.00000000000002,4.023500000000003,3.9000000000000004,5.343256098837681,0,
4416,200,0.012082465616214554,52.12499999999996,0.12498283534821729,2.0,0.0,45.0,22.12,0.01900584795321647,5.01375,9.700000000000006,4.022000000000001,3.799999999999995,4.063972349956821,0,
4417,200,0.012070389189817914,55.324999999999946,0.124986203361456,2.0,0.0,47.0,25.005,0.012295081967213184,7.49875,10.300000000000022,5.753000000000008,6.30000000000003,6.098200528438378,0,
4418,200,0.012058324833811458,53.124999999999936,0.12499043756236267,2.0,0.0,49.0,24.93625,0.04395604395604402,6.91625,11.000000000000028,5.711750000000013,5.750000000000009,7.15957312433305,0,
4419,200,0.012046272536130841,50.999999999999964,0.12499303009343779,2.0,0.0,43.0,21.69125,0.018292682926829285,3.885,6.900000000000035,3.764750000000005,4.200000000000026,3.3585626852542223,0,
4420,200,0.012034232284723775,48.89999999999998,0.12499609178908665,2.0,1.0,40.0,21.575,0.011146496815286566,4.2325,6.10000000000002,3.6950000000000043,3.8999999999999972,1.5223773787146637,0,
4421,200,0.012022204067549985,44.02499999999996,0.12499905289904659,2.0,0.0,47.0,22.178861788617887,0.2536231884057971,1.5203252032520325,9.800000000000002,4.283089430894312,3.499999999999997,6.780870172173129,1,
4422,200,0.012010187872581275,52.09999999999995,0.12500258284682245,2.0,1.0,43.0,22.63875,0.013313609467455523,3.575,7.900000000000018,4.33325000000001,4.950000000000015,4.099650843204471,0,
4423,200,0.01199818368780143,55.09999999999996,0.12500737872250486,1.0,0.0,50.0,21.69625,0.044797687861271696,2.7325,11.000000000000012,3.76775,3.6999999999999957,3.8929160201812953,0,
4424,200,0.01198619150120627,47.49999999999997,0.12500928134255618,2.0,0.0,47.0,20.91053391053391,0.16999999999999993,1.72005772005772,9.100000000000033,4.014430014430019,3.5999999999999943,7.176112633472744,1,
4425,200,0.011974211300803622,40.39999999999997,0.12501154871537162,2.0,0.0,44.0,20.71405750798722,0.24612403100775193,2.4536741214057507,7.2000000000000295,3.5397763578274817,4.100000000000003,3.148090411483279,1,
4426,200,0.011962243074613261,51.52499999999997,0.12501536837726052,2.0,0.0,42.0,22.21375,0.0185185185185186,4.91625,8.100000000000009,4.078250000000007,4.500000000000003,3.2414320022375254,0,
4427,200,0.011950286810666972,31.14999999999997,0.1250165948674409,1.0,1.0,45.0,19.49056603773585,0.41161616161616166,0.519916142557652,7.900000000000032,3.7153039832285164,3.899999999999997,5.201025544108887,2,
4428,200,0.011938342497008501,42.42499999999997,0.1250227211031132,2.0,0.0,50.0,22.779967159277504,0.28358208955223885,1.9720853858784892,11.300000000000022,4.559277504105095,4.800000000000017,5.119931837791232,1,
4429,200,0.011926410121693511,50.974999999999966,0.12502718841145327,2.0,0.0,47.0,21.76,0.06707317073170738,2.955,9.600000000000017,3.8060000000000036,3.399999999999994,4.271920674876087,0,
4430,200,0.011914489672789647,56.24999999999995,0.12503060998432503,2.0,0.0,47.0,23.37375,0.034916201117318524,3.5575,9.300000000000031,4.774250000000013,5.200000000000012,4.918194622179139,0,
4431,200,0.011902581138376438,53.174999999999955,0.12503547391792075,2.0,1.0,45.0,21.65625,0.01900584795321647,3.65375,8.300000000000013,3.743750000000001,3.1999999999999984,3.587491542955549,0,
4432,200,0.011890684506545358,50.82499999999996,0.12503845313798814,2.0,0.0,42.0,20.3475,0.015625,2.66375,6.300000000000011,2.9584999999999995,2.999999999999994,1.7969805577821234,0,
4433,200,0.011878799765399788,51.52499999999996,0.12504079203595692,1.0,1.0,48.0,20.83625,0.05745341614906829,3.15,9.800000000000006,3.2517499999999973,3.0999999999999917,2.3273755740243347,0,
4434,200,0.01186692690305496,36.44999999999997,0.12504307273115642,2.0,0.0,49.0,19.589285714285715,0.31779661016949157,2.5017857142857145,11.600000000000016,4.160000000000004,2.7999999999999985,10.878148973689381,2,
4435,200,0.011855065907638027,16.774999999999988,0.125041248727052,4.0,0.0,51.0,20.242677824267783,0.7311320754716981,0.0,11.800000000000022,4.40251046025105,3.699999999999999,14.82042051820733,3,
4436,200,0.011843216767287999,52.999999999999964,0.1250456585137153,2.0,0.0,46.0,21.36125,0.031065088757396442,3.48625,8.500000000000016,3.56675,3.2999999999999936,3.524099943906179,0,
4437,200,0.011831379470155714,52.924999999999955,0.12504753317847866,2.0,0.0,44.0,22.66125,0.01764705882352935,2.68,8.100000000000035,4.346750000000005,4.400000000000002,3.3094196084681653,0,
4438,200,0.011819554004403897,30.174999999999983,0.1250488728784528,1.0,1.0,43.0,18.53191489361702,0.40957446808510634,0.08297872340425531,7.100000000000011,3.09595744680851,3.099999999999996,3.1251680179629697,2,
4439,200,0.011807740358207058,42.57499999999995,0.1250517699233548,2.0,0.0,49.0,21.948275862068964,0.25,2.040752351097179,10.600000000000037,4.401410658307214,3.9999999999999933,9.052292976417789,1,
4440,200,0.011795938519751562,30.549999999999976,0.1250545399443099,2.0,0.0,47.0,17.636554621848738,0.4184210526315789,0.7836134453781513,9.00000000000001,2.625210084033611,2.0999999999999974,3.3329505903122634,2,
4441,200,0.011784148477235577,42.099999999999966,0.12505713836993218,2.0,0.0,47.0,21.598373983739837,0.2612781954887218,1.6926829268292682,9.100000000000025,3.9347967479674817,3.799999999999993,4.643094145268438,1,
4442,200,0.011772370218869043,33.674999999999976,0.12505936968869968,1.0,0.0,44.0,17.892335766423358,0.3055555555555556,1.1094890510948905,7.7000000000000135,3.1802919708029207,2.3999999999999977,4.823094807577703,2,
4443,200,0.011760603732873708,39.724999999999966,0.1250665388792355,2.0,1.0,44.0,21.589490968801314,0.2578125,2.431855500821018,7.700000000000028,3.8449917898193804,4.099999999999997,3.6092826790336723,1,
4444,200,0.011748849007483096,51.799999999999976,0.12506948575635352,1.0,0.0,41.0,20.6575,0.006172839506172867,3.12625,6.500000000000015,3.1445000000000003,3.2000000000000073,1.9648728201137877,0,
4445,200,0.011737106030942461,30.299999999999972,0.12507063339591493,2.0,0.0,49.0,23.129186602870814,0.5078947368421053,0.01674641148325359,10.400000000000027,5.039234449760772,5.199999999999998,7.451134882070525,2,
4446,200,0.011725374791508845,50.074999999999974,0.1250757473578163,2.0,0.0,41.0,20.4825,0.014331210191082855,2.32,6.9000000000000306,3.0395,2.7999999999999936,2.120693063582932,0,
4447,200,0.011713655277450987,44.674999999999955,0.12507881557078127,2.0,0.0,47.0,21.447004608294932,0.22163120567375882,2.6052227342549923,10.000000000000025,4.201996927803382,3.7999999999999967,7.289552383199655,1,
4448,200,0.011701947477049383,51.599999999999966,0.1250826213747596,2.0,0.0,44.0,24.06,0.014705882352941124,4.855,9.300000000000026,5.186000000000008,5.800000000000019,5.291562268066088,0,
4449,200,0.011690251378596242,50.974999999999966,0.12508708095895346,2.0,1.0,47.0,22.445,0.06137724550898205,4.24,11.400000000000018,4.217000000000003,3.5999999999999948,7.450422641285416,0,
4450,200,0.011678566970395442,45.999999999999986,0.1250927723523713,1.0,1.0,40.0,19.81625,0.027397260273972712,4.82375,5.600000000000003,2.6397499999999954,2.499999999999999,0.896421338158344,0,
4451,200,0.011666894240762588,45.27499999999996,0.12509471287152912,2.0,0.0,44.0,19.918367346938776,0.16549295774647876,1.6384839650145773,8.400000000000038,3.4155976676384876,2.9999999999999973,4.817303392513773,1,
4452,200,0.011655233178024955,48.57499999999996,0.12509927302554055,2.0,0.0,41.0,22.04,0.022435897435897356,2.96875,8.000000000000021,3.974000000000004,3.7999999999999976,2.8348284294194457,0,
4453,200,0.011643583770521462,49.799999999999955,0.12510396977257776,2.0,0.0,50.0,22.45375,0.054216867469879526,3.71875,11.90000000000003,4.222250000000003,3.80000000000003,7.981817409089752,0,
4454,200,0.01163194600660272,55.424999999999955,0.12510776106225374,2.0,0.0,45.0,22.67375,0.010000000000000009,2.98375,8.300000000000031,4.354250000000007,4.900000000000007,4.533714021428192,0,
4455,200,0.011620319874630945,42.924999999999955,0.1251110459118913,2.0,0.0,46.0,23.220032840722496,0.2574074074074074,1.9638752052545156,8.600000000000039,4.823316912972097,5.500000000000025,5.0169411130285075,1,
4456,200,0.011608705362980011,52.574999999999974,0.12511397570007188,2.0,0.0,48.0,21.365,0.0553892215568863,2.22625,9.600000000000003,3.569000000000001,3.399999999999989,2.328442638191635,0,
4457,200,0.011597102460035418,31.299999999999972,0.12511516109826024,2.0,1.0,49.0,22.30470347648262,0.42307692307692313,1.6094069529652353,10.500000000000023,5.370143149284265,5.900000000000004,10.822221311475484,2,
4458,200,0.011585511154194242,51.47499999999996,0.12511907388208915,2.0,0.0,41.0,21.92125,0.010869565217391353,3.11625,7.000000000000001,3.902750000000004,4.199999999999996,2.2588959670249613,0,
4459,200,0.011573931433865184,33.22499999999998,0.12512139022733296,2.0,0.0,46.0,18.265895953757227,0.3808411214953271,1.115606936416185,8.500000000000005,2.938921001926783,2.2999999999999967,4.776614642114662,2,
4460,200,0.011562363287468536,42.04999999999997,0.12512477603882738,2.0,0.0,48.0,21.75609756097561,0.26879699248120303,1.9268292682926829,9.700000000000022,4.029430894308948,4.099999999999999,5.649213799230118,1,
4461,200,0.011550806703436129,53.72499999999996,0.12513175592956263,2.0,0.0,47.0,23.11625,0.03125,5.16875,9.400000000000043,4.619750000000009,4.800000000000022,4.784817413777249,0,
4462,200,0.011539261670211397,28.749999999999982,0.12513437827770543,2.0,0.0,45.0,21.76179245283019,0.49444444444444446,0.5754716981132075,8.300000000000022,4.337500000000008,4.500000000000002,4.418170212765996,2,
4463,200,0.011527728176249287,32.99999999999997,0.12513695139660796,2.0,0.0,48.0,19.187624750499,0.3846153846153846,0.5109780439121756,10.300000000000017,3.7612774451097826,2.9999999999999964,6.822200398406401,2,
4464,200,0.011516206210016314,41.74999999999997,0.12514191409680447,2.0,0.0,48.0,22.571428571428573,0.28409090909090906,1.5714285714285714,10.500000000000016,4.434154351395733,3.899999999999996,7.3575396893874485,1,
4465,200,0.011504695759990522,48.324999999999974,0.12514789889473768,2.0,0.0,38.0,20.595,0.006666666666666599,3.30125,5.900000000000001,3.1069999999999993,3.200000000000003,1.9909541108658035,0,
4466,200,0.011493196814661438,46.79999999999995,0.12515221669494755,2.0,0.0,51.0,22.0625,0.078125,5.42,13.300000000000033,3.9875000000000016,3.0999999999999917,8.91215767524642,0,
4467,200,0.011481709362530125,32.42499999999996,0.125153584323855,2.0,0.0,44.0,20.369114877589453,0.3595238095238096,0.5235404896421846,7.8000000000000345,4.257815442561212,4.099999999999994,5.3544353099730895,2,
4468,200,0.011470233392109144,52.92499999999997,0.12516131275229556,2.0,0.0,44.0,21.595,0.02083333333333326,4.67375,7.6000000000000165,3.707,3.399999999999996,2.8116053931334384,0,
4469,200,0.011458768891922499,25.399999999999963,0.12516111176028022,2.0,0.0,46.0,19.970982142857142,0.4825581395348837,0.9508928571428571,10.300000000000015,3.6578125000000035,3.1500000000000017,7.3964936747333425,2,
4470,200,0.01144731585050571,45.02499999999997,0.12516449898869936,3.0,0.0,49.0,24.241545893719806,0.24652777777777768,1.2383252818035426,10.900000000000029,5.597745571658621,5.200000000000002,9.434512135670635,1,
4471,200,0.011435874256405718,38.42499999999997,0.1251674324527197,2.0,0.0,41.0,19.500821018062396,0.2583333333333333,1.2742200328407225,5.900000000000002,2.591789819376024,2.5999999999999894,1.9672942191544502,1,
4472,200,0.011424444098180933,39.34999999999995,0.12517139249841747,1.0,0.0,46.0,21.83385579937304,0.2425373134328359,3.3746081504702192,9.700000000000019,4.332758620689661,4.100000000000013,6.279490889168995,1,
4473,200,0.011413025364401209,47.59999999999996,0.12517425765561396,2.0,0.0,51.0,21.954810495626823,0.19078947368421062,3.555393586005831,11.500000000000043,4.63746355685132,4.499999999999997,7.248684771406462,1,
4474,200,0.011401618043647792,41.94999999999997,0.1251762555015182,2.0,0.0,44.0,21.83252032520325,0.24618320610687028,1.8,9.30000000000001,4.075284552845531,3.5999999999999934,5.867242057616672,1,
4475,200,0.011390222124513367,41.349999999999966,0.12517988122308152,2.0,0.0,44.0,20.85645933014354,0.2385496183206106,1.555023923444976,7.300000000000021,3.6365231259968156,3.999999999999995,3.4322473596386125,1,
4476,200,0.011378837595602027,37.52499999999996,0.12518159444063762,2.0,0.0,48.0,21.94959349593496,0.30200000000000005,1.8959349593495936,9.70000000000003,4.1455284552845555,3.700000000000001,5.14382693853381,1,
4477,200,0.01136746444552922,42.77499999999997,0.12518258202909546,2.0,0.0,45.0,20.96940418679549,0.24626865671641784,1.4251207729468598,8.400000000000006,3.6344605475040264,3.299999999999995,4.038404263043266,1,
4478,200,0.011356102662921816,48.69999999999996,0.12518712684275277,2.0,0.0,47.0,21.731843575418996,0.139240506329114,2.3589385474860336,9.60000000000001,4.469553072625701,3.799999999999996,6.434029669075732,1,
4479,200,0.011344752236418012,36.82499999999999,0.12519012053954076,2.0,0.0,41.0,20.4,0.2630434782608696,1.1161290322580646,6.000000000000028,3.2803225806451617,3.399999999999998,1.8239723828626164,1,
4480,200,0.011333413154667387,42.29999999999996,0.12519490543749995,2.0,0.0,45.0,22.74718196457327,0.23888888888888893,2.0595813204508855,8.800000000000017,4.701127214170702,5.700000000000002,5.8939753656260105,1,
4481,200,0.011322085406330874,44.44999999999998,0.12519983971458587,2.0,0.0,39.0,18.75507614213198,0.050724637681159424,2.9086294416243654,4.59999999999999,2.1461928934010106,2.0999999999999925,0.9228677028326262,1,
4482,200,0.0113107689800807,34.19999999999997,0.12520043128901417,2.0,0.0,48.0,21.35928143712575,0.38636363636363635,0.37924151696606784,9.90000000000003,5.011576846307393,4.899999999999999,10.75052756972118,2,
4483,200,0.011299463864600458,42.49999999999996,0.12520203380665423,2.0,1.0,45.0,21.979430379746834,0.22445255474452552,3.161392405063291,8.800000000000027,4.3629746835443095,4.399999999999995,5.955226313957925,1,
4484,200,0.011288170048585013,43.34999999999996,0.12520422773289083,2.0,0.0,48.0,22.559349593495934,0.2609489051094891,1.7626016260162602,10.200000000000024,4.51138211382115,4.700000000000003,5.166518253733281,1,
4485,200,0.011276887520740558,41.77499999999997,0.12520648782017732,2.0,0.0,45.0,22.278048780487804,0.25769230769230766,1.8780487804878048,8.200000000000019,4.342601626016266,4.6999999999999975,5.091531896442355,1,
4486,200,0.011265616269784572,39.64999999999996,0.12520885865129672,2.0,0.0,46.0,22.767479674796746,0.26953125,2.6308943089430894,8.900000000000032,4.636260162601638,4.900000000000001,4.056760967046021,1,
4487,200,0.011254356284445785,42.724999999999966,0.125213451468643,2.0,0.0,46.0,21.638709677419357,0.24632352941176472,1.5129032258064516,8.700000000000012,4.023548387096775,3.5499999999999936,4.505618484959661,1,
4488,200,0.011243107553464221,50.449999999999974,0.12521936394538208,2.0,1.0,42.0,20.47875,0.0092592592592593,4.27625,6.699999999999994,3.037249999999995,2.999999999999988,1.7149651171329952,0,
4489,200,0.011231870065591157,28.74999999999997,0.12522018091294518,2.0,0.0,49.0,21.23820754716981,0.5108695652173914,0.12028301886792453,10.300000000000018,4.0233490566037755,3.2999999999999945,7.086640467250756,2,
4490,200,0.011220643809589084,42.874999999999964,0.1252238247741584,2.0,1.0,54.0,23.273162939297123,0.2816901408450704,4.753993610223642,13.400000000000032,5.075239616613426,4.200000000000017,9.99399709090914,1,
4491,200,0.011209428774231766,54.39999999999995,0.12522933719015017,2.0,0.0,47.0,24.32625,0.02499999999999991,6.98125,9.800000000000038,5.345750000000013,5.9000000000000306,5.468365481821112,0,
4492,200,0.011198224948304147,50.99999999999997,0.12523519030189825,2.0,0.0,45.0,21.27625,0.033950617283950546,7.6875,7.8000000000000105,3.5157500000000024,3.7000000000000046,2.0608551575861913,0,
4493,200,0.011187032320602409,42.77499999999996,0.1252382709500678,2.0,0.0,45.0,20.032558139534885,0.22388059701492535,1.716279069767442,8.600000000000014,3.3103875968992256,3.299999999999995,4.460352431590501,1,
4494,200,0.011175850879933932,49.699999999999974,0.12524357061823482,2.0,1.0,39.0,20.62375,0.004901960784313708,3.71125,5.399999999999999,3.124249999999999,3.299999999999997,1.456564213381584,0,
4495,200,0.011164680615117259,39.099999999999966,0.12524668660778265,2.0,0.0,47.0,20.25846153846154,0.23120300751879697,4.183076923076923,10.500000000000043,4.113384615384624,3.899999999999998,8.710010698250258,2,
4496,200,0.011153521514982131,45.17499999999996,0.12525073400248332,2.0,0.0,49.0,21.641304347826086,0.22619047619047628,2.3260869565217392,10.400000000000034,4.267701863354042,4.199999999999996,9.058450721545126,1,
4497,200,0.011142373568369456,43.199999999999974,0.1252519422106142,2.0,0.0,49.0,19.51552795031056,0.23897058823529416,2.420807453416149,10.200000000000037,2.9922360248447215,2.0999999999999996,3.9711604759666113,1,
4498,200,0.01113123676413127,46.47499999999995,0.1252570934283606,2.0,0.0,47.0,22.151832460732983,0.10093167701863348,7.316753926701571,9.70000000000004,4.427486910994771,4.199999999999995,6.44111414351679,1,
4499,200,0.011120111091130784,53.19999999999997,0.12526407567623438,2.0,0.0,45.0,22.14,0.026162790697674465,5.86875,8.100000000000021,4.0340000000000025,4.1999999999999975,2.948948607732223,0,
4500,200,0.011108996538242306,40.14999999999997,0.12526862884622048,2.0,0.0,44.0,18.487915407854985,0.20736434108527124,4.705438066465256,7.2000000000000295,2.4889728096676746,2.149999999999997,3.131290379994675,1,
4501,200,0.011097893094351293,51.67499999999997,0.12527438565485616,2.0,0.0,45.0,21.99,0.029761904761904656,8.2825,8.000000000000036,3.9440000000000057,4.100000000000021,3.3359192123737933,0,
4502,200,0.011086800748354308,48.57499999999994,0.1252815235461645,2.0,0.0,52.0,22.34300791556728,0.14937106918238996,4.172823218997362,12.500000000000034,4.593535620052774,3.6999999999999984,9.648457854056092,1,
4503,200,0.011075719489158987,23.624999999999968,0.12528402672317457,2.0,0.0,49.0,20.37799043062201,0.5401234567901234,0.5550239234449761,10.300000000000031,3.862200956937804,3.6000000000000028,6.924591725187903,3,
4504,200,0.011064649305684076,38.22499999999997,0.1252893560281077,2.0,0.0,42.0,20.866995073891626,0.2622950819672131,2.0147783251231526,6.700000000000012,3.411494252873566,3.699999999999995,2.267854292493542,1,
4505,200,0.011053590186859403,57.649999999999956,0.1252959535049349,2.0,0.0,51.0,22.9575,0.026315789473684292,6.63125,11.500000000000021,4.524499999999999,3.899999999999995,6.519959937437429,0,
4506,200,0.01104254212162583,29.524999999999963,0.1253016514094576,2.0,0.0,43.0,19.46868686868687,0.3928571428571429,0.8747474747474747,7.200000000000011,3.752929292929299,3.7999999999999985,4.087558606503878,2,
4507,200,0.011031505098935307,53.82499999999997,0.12530778709782742,2.0,0.0,45.0,22.1975,0.014534883720930258,4.85125,7.900000000000027,4.068500000000005,4.200000000000015,2.5873617927528225,0,
4508,200,0.011020479107750792,47.87499999999997,0.12531579066227394,2.0,1.0,40.0,21.0125,0.03333333333333344,6.33375,6.3000000000000025,3.357500000000001,3.4500000000000064,1.4839960687438616,0,
4509,200,0.011009464137046305,41.224999999999966,0.12531954110238008,2.0,0.0,44.0,21.370731707317074,0.25,2.4504065040650405,7.500000000000027,3.7982113821138284,4.20000000000001,3.1644767122128927,1,
4510,200,0.010998460175806881,40.499999999999964,0.1253243859203321,2.0,0.0,46.0,22.652032520325204,0.2614503816793893,2.3138211382113822,8.900000000000023,4.5669918699187075,4.6999999999999975,4.7477197639494415,1,
4511,200,0.01098746721302854,48.94999999999997,0.12532941437715384,2.0,1.0,46.0,21.58125,0.04819277108433728,5.695,8.900000000000023,3.698750000000003,3.3999999999999946,4.58900560782129,0,
4512,200,0.010976485237718327,27.37499999999997,0.12533762143311888,3.0,0.0,50.0,21.98820754716981,0.5252808988764045,1.4952830188679245,10.900000000000029,4.473349056603779,4.500000000000027,6.953974634960404,2,
4513,200,0.010965514238894277,35.09999999999997,0.12534101944058743,2.0,0.0,54.0,24.03440366972477,0.4839449541284404,0.7224770642201835,13.200000000000026,5.903899082568815,6.050000000000004,15.299583629238091,2,
4514,200,0.01095455420558537,43.89999999999995,0.12534851085237828,2.0,0.0,48.0,22.690747782002536,0.09782608695652173,9.387832699619771,10.800000000000018,4.496324461343479,3.799999999999997,7.4675143288569545,1,
4515,200,0.01094360512683159,53.799999999999955,0.125355246950757,2.0,0.0,45.0,22.80375,0.009887005649717562,8.02875,8.800000000000027,4.432250000000005,4.700000000000004,4.194566491510172,0,
4516,200,0.01093266699168384,49.49999999999997,0.12536247687675914,2.0,0.0,45.0,20.91125,0.045031055900621064,5.5525,7.80000000000002,3.2967499999999985,3.1999999999999944,2.7430937235839545,0,
4517,200,0.010921739789203994,52.64999999999994,0.1253681154492216,2.0,1.0,47.0,23.845,0.021186440677966045,6.45125,9.400000000000023,5.05700000000001,5.200000000000001,4.748858420091322,0,
4518,200,0.010910823508464855,54.024999999999956,0.12537522678595905,2.0,0.0,48.0,22.29375,0.026836158192090398,6.99375,9.800000000000011,4.126250000000006,4.199999999999999,4.337567714949577,0,
4519,200,0.010899918138550124,39.624999999999964,0.12537902550294072,2.0,0.0,48.0,18.738709677419354,0.2578125,4.84516129032258,9.600000000000017,3.444838709677418,2.8499999999999974,5.83868209854866,2,
4520,200,0.01088902366855444,32.79999999999997,0.12538058142269357,2.0,0.0,55.0,24.43807339449541,0.4976190476190476,2.5894495412844036,13.800000000000034,6.146100917431202,7.100000000000008,13.521317393934691,2,
4521,200,0.010878140087583343,40.44999999999997,0.1253838002973697,2.0,1.0,45.0,21.348387096774193,0.25387596899224807,3.575806451612903,8.300000000000017,3.849354838709683,4.099999999999995,4.387091641757675,1,
4522,200,0.01086726738475323,40.22499999999997,0.12539045988479416,2.0,0.0,46.0,21.366174055829227,0.28100775193798455,2.399014778325123,8.700000000000035,3.7110016420361247,3.699999999999992,4.085160914581559,1,
4523,200,0.010856405549191416,50.32499999999997,0.12539747329247106,2.0,0.0,43.0,21.9125,0.01969696969696977,8.32375,6.700000000000026,3.897500000000007,4.1,1.9219967531199416,0,
4524,200,0.010845554570036048,53.34999999999997,0.1254051292580942,2.0,0.0,44.0,21.90875,0.01900584795321647,3.6275,8.800000000000011,3.8952500000000074,3.9999999999999982,5.483286005134424,0,
4525,200,0.010834714436436152,55.599999999999966,0.12541186834571805,2.0,0.0,47.0,22.79,0.022471910112359605,6.17,10.300000000000033,4.424000000000004,4.399999999999995,5.20363213067524,0,
4526,200,0.010823885137551606,54.27499999999996,0.12541753463315428,2.0,0.0,48.0,22.8075,0.02900552486187835,6.07875,10.100000000000021,4.434500000000008,4.400000000000003,4.092866145103381,0,
4527,200,0.01081306666255309,51.32499999999996,0.1254240381858498,2.0,0.0,46.0,22.26375,0.03915662650602414,5.005,8.600000000000035,4.108250000000008,4.2000000000000295,3.039936687401095,0,
4528,200,0.010802259000622138,39.94999999999997,0.12542588816865521,2.0,0.0,44.0,21.908943089430895,0.25387596899224807,2.9495934959349595,8.500000000000036,4.121138211382119,4.3000000000000105,3.936474152882975,1,
4529,200,0.010791462140951094,30.17499999999997,0.12542770923594274,2.0,0.0,46.0,21.004524886877828,0.4605263157894737,0.20135746606334842,8.500000000000016,4.203619909502271,4.200000000000003,6.25938545169765,2,
4530,200,0.010780676072743084,29.02499999999998,0.12542919571969652,2.0,0.0,48.0,19.779904306220097,0.5137362637362637,0.65311004784689,9.70000000000002,3.029665071770336,1.9999999999999967,6.403654241284794,2,
4531,200,0.010769900785212052,43.374999999999964,0.12543218372147566,2.0,0.0,45.0,21.596273291925467,0.21402877697841727,5.798136645962733,9.000000000000023,4.240683229813669,4.299999999999998,4.814226047958366,1,
4532,200,0.010759136267582695,44.349999999999966,0.12543775297826354,1.0,0.0,47.0,20.364928909952607,0.23571428571428577,1.1421800947867298,9.100000000000016,3.4044233807266977,2.8999999999999937,6.086314738649542,1,
4533,200,0.0107483825090905,53.49999999999994,0.12544462656763541,2.0,0.0,51.0,23.9425,0.050000000000000044,5.67875,12.60000000000003,5.115500000000011,4.900000000000004,6.855720462063265,0,
4534,200,0.01073763949898172,50.47499999999996,0.1254516583582255,2.0,1.0,44.0,22.44875,0.018292682926829285,5.69625,7.800000000000011,4.219250000000007,4.600000000000018,3.183884412319417,0,
4535,200,0.010726907226513326,57.59999999999995,0.12545783154024248,2.0,1.0,47.0,23.73375,0.009459459459459474,7.44375,9.500000000000032,4.990250000000011,5.200000000000006,5.130162953379656,0,
4536,200,0.01071618568095305,46.59999999999998,0.12546517840984528,2.0,0.0,38.0,19.8425,0.01551724137931032,5.715,5.399999999999997,2.655499999999997,2.6999999999999917,1.0599214061271967,0,
4537,200,0.01070547485157936,44.174999999999955,0.1254717686800644,2.0,0.0,50.0,22.796747967479675,0.256993006993007,2.5447154471544717,10.800000000000027,4.653821138211388,4.700000000000001,6.280355662253096,1,
4538,200,0.010694774727681404,39.49999999999997,0.12547765257764598,2.0,0.0,46.0,22.308943089430894,0.27362204724409445,2.4715447154471546,10.100000000000007,4.361138211382119,4.400000000000026,4.3481435339904575,1,
4539,200,0.010684085298559074,47.27499999999995,0.12548456797359822,2.0,0.0,50.0,22.645780051150894,0.10029940119760483,5.786445012787723,11.600000000000035,4.5469309462915675,4.099999999999996,6.730020767820716,1,
4540,200,0.010673406553522925,39.274999999999956,0.12548841764319613,2.0,0.0,55.0,21.88607594936709,0.28985507246376807,4.655063291139241,13.800000000000045,4.85379746835444,3.9999999999999973,14.085748692489013,2,
4541,200,0.010662738481894219,31.89999999999997,0.12548969841014498,2.0,0.0,48.0,21.00214592274678,0.4331683168316832,0.9785407725321889,11.400000000000022,4.52660944206009,4.149999999999995,9.849680642858832,2,
4542,200,0.010652081073004893,50.67499999999997,0.12549578146458745,2.0,0.0,43.0,21.4125,0.015060240963855387,6.165,7.500000000000011,3.5975000000000015,3.600000000000001,2.9298483278880263,0,
4543,200,0.010641434316197518,53.04999999999995,0.12550308258394105,2.0,0.0,50.0,24.785,0.0494505494505495,8.79625,12.300000000000026,5.621000000000012,5.60000000000001,7.618170903392092,0,
4544,200,0.010630798200825346,44.74999999999995,0.1255087594132285,2.0,0.0,49.0,24.226016260162602,0.2534722222222222,3.204878048780488,10.200000000000037,5.511382113821148,5.600000000000011,6.70161174330561,1,
4545,200,0.01062017271625227,44.899999999999984,0.12551639212777588,2.0,0.0,37.0,19.975,0.012068965517241459,8.54,5.599999999999996,2.7349999999999954,2.799999999999992,1.0605266570729,0,
4546,200,0.010609557851852787,44.87499999999996,0.12552162899940478,2.0,0.0,48.0,21.673239436619717,0.15522875816993453,7.153521126760563,10.300000000000022,4.451126760563385,3.8999999999999977,8.63383980130892,1,
4547,200,0.010598953597012047,39.62499999999997,0.12552530534731482,2.0,0.0,42.0,19.90506329113924,0.2303149606299213,3.6091772151898733,6.799999999999998,3.1183544303797466,2.7999999999999927,3.2263800532267837,1,
4548,200,0.01058835994112578,27.724999999999984,0.12552780469354988,2.0,0.0,49.0,17.86480686695279,0.45108695652173914,1.0600858369098713,10.300000000000006,2.6519313304721006,1.9999999999999944,5.2100309916879635,2,
4549,200,0.010577776873600335,43.34999999999996,0.12553380004516163,2.0,1.0,48.0,23.085385878489326,0.26449275362318836,3.980295566502463,9.700000000000024,4.74252873563219,5.000000000000002,6.106007441760182,1,
4550,200,0.010567204383852655,52.02499999999996,0.12554221246462793,2.0,0.0,43.0,22.565,0.010355029585798814,6.265,8.10000000000002,4.289000000000011,4.600000000000003,3.464484413256927,0,
4551,200,0.010556642461310231,50.54999999999997,0.125549603301643,2.0,0.0,43.0,21.56375,0.024691358024691468,7.37375,6.800000000000028,3.6882500000000067,4.100000000000022,2.122115253305101,0,
4552,200,0.010546091095411146,33.37499999999997,0.125552468119721,2.0,0.0,43.0,19.286486486486485,0.33333333333333337,2.009009009009009,7.300000000000025,3.4574774774774837,3.4999999999999973,3.775249136430958,2,
4553,200,0.010535550275604046,34.549999999999976,0.125557006054116,2.0,0.0,40.0,19.033816425120772,0.2681818181818182,2.2737520128824475,5.500000000000004,2.4731078904991914,2.399999999999992,1.5542405870760343,2,
4554,200,0.01052501999134809,53.77499999999996,0.12556547802727464,2.0,0.0,46.0,22.8975,0.030346820809248554,6.945,9.200000000000028,4.48850000000001,4.500000000000012,3.775873649802606,0,
4555,200,0.010514500232113012,56.29999999999995,0.1255725925557695,2.0,1.0,48.0,23.98875,0.009358288770053402,9.53625,9.700000000000033,5.143250000000009,4.900000000000002,6.413089457952328,0,
4556,200,0.010503990987379034,53.174999999999955,0.125580154044365,2.0,0.0,46.0,23.26375,0.030346820809248554,6.43625,9.500000000000028,4.708250000000009,4.700000000000026,4.859439530374304,0,
4557,200,0.010493492246636918,16.474999999999977,0.1255794092425442,3.0,0.0,50.0,21.49795918367347,0.6851851851851852,0.02857142857142857,12.50000000000003,5.334285714285724,5.200000000000003,19.366983873117515,3,
4558,200,0.010483003999387931,16.94999999999998,0.12558327216051843,4.0,0.0,45.0,15.742160278745645,0.6045454545454545,0.11149825783972125,8.300000000000013,2.7212543554006974,2.199999999999998,5.715889423076934,3,
4559,200,0.010472526235143808,41.92499999999996,0.12558599533548967,2.0,0.0,46.0,21.351046698872786,0.25,2.7230273752012883,8.600000000000021,3.8634460547504053,3.899999999999995,4.975214552432343,1,
4560,200,0.010462058943426795,35.399999999999984,0.12559201988169855,2.0,0.0,42.0,16.34032258064516,0.2192982456140351,4.290322580645161,6.299999999999996,2.1277419354838663,2.0499999999999954,1.354814554668454,2,
4561,200,0.010451602113769604,52.24999999999997,0.1255999975457457,2.0,0.0,47.0,22.8575,0.027142857142857135,9.2175,9.300000000000018,4.4645000000000055,4.399999999999997,3.5767453386646157,0,
4562,200,0.01044115573571539,55.549999999999955,0.12560692872709447,2.0,0.0,47.0,22.51375,0.031609195402298784,4.575,10.000000000000027,4.258250000000006,4.099999999999996,5.126364947445267,0,
4563,200,0.01043071979881779,49.124999999999964,0.1256154256318764,2.0,1.0,40.0,21.5175,0.006329113924050667,7.67375,6.400000000000005,3.6605000000000034,3.800000000000002,1.7795925306133389,0,
4564,200,0.01042029429264085,54.849999999999945,0.1256222937551591,2.0,0.0,45.0,22.85375,0.014204545454545414,6.04625,8.500000000000016,4.462250000000005,4.300000000000001,3.958181122158033,0,
4565,200,0.01040987920675907,55.324999999999946,0.12562869151203668,2.0,0.0,46.0,25.18125,0.005494505494505475,8.1525,9.300000000000027,5.858750000000015,6.6,5.570307141104959,0,
4566,200,0.010399474530757374,53.09999999999995,0.12563721213368545,2.0,0.0,43.0,21.815,0.010355029585798814,7.67375,7.400000000000019,3.839,3.7000000000000037,2.8703334848960864,0,
4567,200,0.010389080254231065,37.97499999999997,0.12564105039311654,2.0,1.0,42.0,20.545155993431855,0.26652892561983466,2.8998357963875203,6.400000000000005,3.218390804597701,2.999999999999996,2.392049180327881,1,
4568,200,0.010378696366785877,41.79999999999996,0.12564467435250673,2.0,0.0,48.0,22.82758620689655,0.2720588235294118,3.0952380952380953,10.900000000000018,4.587848932676524,4.2,6.659771786022472,1,
4569,200,0.01036832285803793,40.04999999999996,0.1256500117360646,2.0,1.0,47.0,21.840510366826155,0.2730769230769231,1.8883572567783093,9.800000000000027,4.226953748006385,3.9000000000000026,6.383101534360356,1,
4570,200,0.010357959717613696,40.94999999999997,0.1256545715772459,2.0,0.0,43.0,21.830940988835724,0.23091603053435117,5.59170653907496,7.100000000000031,4.221212121212132,4.700000000000003,3.8953334791722134,1,
4571,200,0.010347606935150052,52.84999999999998,0.12566069923316203,2.0,0.0,43.0,21.325,0.008928571428571397,5.95125,8.000000000000012,3.5449999999999995,3.1999999999999966,3.1627799418436684,0,
4572,200,0.010337264500294195,54.27499999999997,0.1256690064495355,2.0,0.0,44.0,21.31375,0.008720930232558155,4.94375,7.500000000000017,3.5382500000000006,3.599999999999997,3.443542318034889,0,
4573,200,0.010326932402703702,40.57499999999997,0.12567607721712054,2.0,0.0,45.0,22.338259441707716,0.2615384615384615,2.8160919540229883,8.000000000000021,4.294252873563224,4.8999999999999995,4.16919003451254,1,
4574,200,0.01031661063204648,34.24999999999997,0.12567775318856086,2.0,1.0,52.0,22.259958071278827,0.4346846846846847,1.8322851153039832,12.200000000000038,5.293920335429778,5.000000000000009,13.502726785274858,2,
4575,200,0.01030629917800074,42.224999999999966,0.12568092941587655,2.0,0.0,47.0,22.56140350877193,0.2463503649635037,1.5598086124401913,9.400000000000032,4.659489633173852,5.300000000000013,5.75374834659454,1,
4576,200,0.010295998030255039,39.12499999999998,0.12568745726884184,2.0,0.0,42.0,21.92775041050903,0.25806451612903225,2.4105090311986865,7.500000000000015,4.0479474548440155,4.500000000000002,3.9963325064711217,1,
4577,200,0.010285707178508234,49.19999999999995,0.12569619803458676,2.0,0.0,48.0,22.45118733509235,0.10542168674698793,7.579155672823219,10.100000000000023,4.658443271767817,4.399999999999996,6.339220746898129,1,
4578,200,0.010275426612469454,39.724999999999966,0.12570080960831032,2.0,0.0,42.0,19.61084529505582,0.2379032258064515,1.6889952153110048,6.000000000000002,2.8891547049441755,3.1999999999999944,2.0333484768319696,1,
4579,200,0.010265156321858154,43.87499999999996,0.12570664803207124,2.0,0.0,49.0,23.257799671592775,0.275,1.7701149425287357,11.000000000000023,4.845977011494263,4.700000000000019,6.586409620362423,1,
4580,200,0.010254896296404022,41.74999999999997,0.1257112333523897,2.0,0.0,47.0,20.1739837398374,0.2652671755725191,2.419512195121951,9.200000000000008,3.080162601626014,2.499999999999995,3.8545109776217314,1,
4581,200,0.010244646525847041,56.074999999999974,0.12571591570290835,2.0,0.0,50.0,22.765,0.0377094972067038,5.5075,10.900000000000018,4.409000000000006,4.450000000000006,4.960526750823081,0,
4582,200,0.010234406999937449,20.774999999999974,0.12571577450131885,5.0,0.0,52.0,18.952095808383234,0.5785714285714286,0.15269461077844312,12.100000000000023,4.829940119760489,3.6999999999999984,17.559440634664615,3,
4583,200,0.010224177708435698,51.574999999999974,0.12572256436399334,2.0,0.0,44.0,20.4775,0.03963414634146334,5.26125,7.400000000000005,3.0364999999999958,2.899999999999996,1.9751208361263088,0,
4584,200,0.01021395864111251,50.699999999999974,0.12572868133294285,1.0,0.0,44.0,21.37625,0.022727272727272707,7.02375,7.400000000000022,3.575750000000002,3.6000000000000107,2.290265516039881,0,
4585,200,0.010203749787748823,54.87499999999996,0.12573504892006787,2.0,1.0,46.0,23.4225,0.019886363636363535,5.215,9.300000000000027,4.803500000000007,4.800000000000001,3.934243897256122,0,
4586,200,0.010193551138135765,52.49999999999996,0.12574212200054763,2.0,0.0,52.0,22.51125,0.06355932203389836,6.9875,13.100000000000021,4.256750000000001,3.6000000000000005,7.06799048123516,0,
4587,200,0.010183362682074704,31.749999999999982,0.12574432921292356,2.0,0.0,55.0,19.606625258799173,0.4423076923076923,1.10351966873706,13.900000000000022,3.861076604554867,2.6999999999999984,9.507883903158358,2,
4588,200,0.010173184409377162,53.42499999999995,0.12575179475572165,2.0,0.0,49.0,23.5375,0.032122905027933024,6.8025,11.500000000000021,4.872500000000009,4.900000000000017,6.801054376647506,0,
4589,200,0.01016301630986488,53.77499999999996,0.12575742812570795,2.0,1.0,47.0,21.64875,0.04705882352941182,5.60875,9.100000000000028,3.7392500000000006,3.4999999999999947,3.9840156625244916,0,
4590,200,0.010152858373369763,38.199999999999974,0.12576209060694535,1.0,0.0,40.0,19.978056426332287,0.22107438016528924,2.8448275862068964,5.699999999999997,3.2192789968652065,3.40000000000001,1.6327828018170114,1,
4591,200,0.010142710589733856,54.074999999999974,0.12576774425968656,2.0,0.0,46.0,22.24,0.026836158192090398,7.055,8.600000000000023,4.094000000000002,4.199999999999994,4.806521510189885,0,
4592,200,0.010132572948809385,28.39999999999998,0.12576973715217357,2.0,0.0,43.0,18.677852348993287,0.4602272727272727,0.07158836689038031,6.600000000000008,2.8686800894854554,2.9999999999999964,2.1341527866752052,2,
4593,200,0.010122445440458715,51.34999999999997,0.12577477554326252,2.0,0.0,42.0,21.46125,0.015432098765432167,5.00875,6.900000000000036,3.6267500000000052,3.6000000000000143,1.7912372363081963,0,
4594,200,0.010112328054554321,42.84999999999997,0.1257788697417736,2.0,0.0,49.0,21.70209339774557,0.26449275362318836,2.111111111111111,10.500000000000014,4.074074074074074,3.399999999999993,6.927510061196999,1,
4595,200,0.010102220780978834,47.47499999999997,0.12578461901645785,2.0,0.0,46.0,20.741620111731844,0.1370967741935485,3.4650837988826817,8.600000000000037,3.8754189944134136,3.4000000000000004,6.93681153992455,1,
4596,200,0.01009212360962496,51.44999999999996,0.1257939020275615,2.0,0.0,43.0,20.75875,0.01969696969696977,6.78375,6.800000000000007,3.2052500000000013,3.199999999999995,2.6892766394947554,0,
4597,200,0.010082036530395536,51.67499999999997,0.12580285098572033,2.0,0.0,41.0,22.72,0.0092592592592593,6.91,7.300000000000018,4.382000000000009,4.700000000000027,2.4779298717654483,0,
4598,200,0.01007195953320349,42.04999999999998,0.12580936993629396,2.0,0.0,48.0,18.99251497005988,0.21323529411764697,2.751497005988024,9.700000000000015,2.8173652694610753,2.649999999999996,4.164049096527975,1,
4599,200,0.010061892607971811,49.824999999999974,0.1258166778463116,2.0,1.0,43.0,20.81125,0.03930817610062887,6.055,6.700000000000006,3.236749999999995,3.299999999999993,1.5467518542997725,0,
4600,200,0.010051835744633576,40.92499999999998,0.12582371083488758,2.0,0.0,38.0,17.414084507042254,0.12209302325581395,6.22112676056338,4.399999999999998,1.8956338028168953,1.8999999999999913,0.6146159583732556,1,
4601,200,0.010041788933131934,47.64999999999995,0.12582921578342826,2.0,0.0,50.0,23.61549295774648,0.16823899371069184,5.449295774647887,12.200000000000022,5.6164788732394495,5.050000000000008,11.321483299907431,1,
4602,200,0.010031752163420051,38.34999999999997,0.12583597192354465,2.0,1.0,44.0,19.597444089456868,0.2540322580645161,1.988817891373802,7.300000000000041,2.8698083067092677,2.3999999999999986,2.8284407272727523,1,
4603,200,0.010021725425461177,46.474999999999966,0.12584001389734592,2.0,0.0,49.0,22.819905213270143,0.23310810810810811,3.9004739336492893,11.100000000000028,4.877409162717226,5.0,8.125023359821158,1,
4604,200,0.010011708709228555,55.99999999999996,0.12584718225426472,2.0,0.0,47.0,21.79625,0.016853932584269593,4.14125,9.200000000000035,3.8277500000000058,3.900000000000005,4.492736957401529,0,
