{
    "min_berries": {
        "baseline_mean": 87.20314500769487,
        "maximin_mean": 85.77600725235543,
        "baseline_stdev": 50.928067473955984,
        "maximin_stdev": 49.17956814305365,
        "cohens_d": 0.028507717905230878
    },
    "total_berries": {
        "baseline_mean": 294.07734958439636,
        "maximin_mean": 366.7839699759915,
        "baseline_stdev": 151.47421283897611,
        "maximin_stdev": 205.93179163592865,
        "cohens_d": -0.40221511268463
    },
    "gini_berries": {
        "baseline_mean": -0.11669245166528623,
        "maximin_mean": 0.029132933413023414,
        "baseline_stdev": 0.13470003678276424,
        "maximin_stdev": 0.022813337219340344,
        "cohens_d": -1.5095217959087854
    }
}