{
    "min_well_being": {
        "baseline_mean": 34.15604493924327,
        "maximin_mean": 27.024384929500826,
        "baseline_stdev": 15.683717948641087,
        "maximin_stdev": 8.08824862849099,
        "cohens_d": 0.5715407218061642
    },
    "total_well_being": {
        "baseline_mean": 260.1348582860516,
        "maximin_mean": 253.06776749802432,
        "baseline_stdev": 117.30122200693745,
        "maximin_stdev": 94.64518734761889,
        "cohens_d": 0.06630975523121965
    },
    "gini_well_being": {
        "baseline_mean": 0.07872747863157425,
        "maximin_mean": 0.18226080854134635,
        "baseline_stdev": 0.1370657594712365,
        "maximin_stdev": 0.01943225669903002,
        "cohens_d": -1.0576571356089264
    }
}