{"ethical_agent_0_reward": [0, 0, 0, 0], "_timestamp": 1726008851.4954336, "_runtime": 5.846571683883667, "_step": 0, "_wandb": {"runtime": 5}}